
zephyr.elf:     file format elf32-littlearm


Disassembly of section rom_start:

08000000 <_vector_table>:
 8000000:	00 12 00 20 49 0d 00 08 ef 3c 00 08 35 0d 00 08     ... I....<..5...
 8000010:	35 0d 00 08 35 0d 00 08 35 0d 00 08 00 00 00 00     5...5...5.......
	...
 800002c:	89 0d 00 08 35 0d 00 08 00 00 00 00 71 0f 00 08     ....5.......q...
 800003c:	bd 1b 00 08                                         ....

08000040 <_irq_vector_table>:
 8000040:	09 10 00 08 09 10 00 08 09 10 00 08 09 10 00 08     ................
 8000050:	09 10 00 08 09 10 00 08 09 10 00 08 09 10 00 08     ................
 8000060:	09 10 00 08 09 10 00 08 09 10 00 08 09 10 00 08     ................
 8000070:	09 10 00 08 09 10 00 08 09 10 00 08 09 10 00 08     ................
 8000080:	09 10 00 08 09 10 00 08 09 10 00 08 09 10 00 08     ................
 8000090:	09 10 00 08 09 10 00 08 09 10 00 08 09 10 00 08     ................
 80000a0:	09 10 00 08 09 10 00 08 09 10 00 08 09 10 00 08     ................
 80000b0:	09 10 00 08 09 10 00 08 09 10 00 08 09 10 00 08     ................
 80000c0:	09 10 00 08 09 10 00 08 09 10 00 08 09 10 00 08     ................
 80000d0:	09 10 00 08 09 10 00 08 09 10 00 08 09 10 00 08     ................
 80000e0:	09 10 00 08 09 10 00 08 09 10 00 08 09 10 00 08     ................
 80000f0:	09 10 00 08 09 10 00 08 09 10 00 08 09 10 00 08     ................
 8000100:	09 10 00 08 09 10 00 08 09 10 00 08 09 10 00 08     ................
 8000110:	09 10 00 08 09 10 00 08 09 10 00 08 09 10 00 08     ................
 8000120:	09 10 00 08 09 10 00 08 09 10 00 08 09 10 00 08     ................
 8000130:	09 10 00 08 09 10 00 08 09 10 00 08 09 10 00 08     ................
 8000140:	09 10 00 08 09 10 00 08 09 10 00 08 09 10 00 08     ................
 8000150:	09 10 00 08 09 10 00 08 09 10 00 08 09 10 00 08     ................
 8000160:	09 10 00 08 09 10 00 08                             ........

Disassembly of section text:

08000168 <__aeabi_memcpy>:
 8000168:	4684      	mov	ip, r0
 800016a:	ea41 0300 	orr.w	r3, r1, r0
 800016e:	f013 0303 	ands.w	r3, r3, #3
 8000172:	d16d      	bne.n	8000250 <__aeabi_memcpy+0xe8>
 8000174:	3a40      	subs	r2, #64	@ 0x40
 8000176:	d341      	bcc.n	80001fc <__aeabi_memcpy+0x94>
 8000178:	f851 3b04 	ldr.w	r3, [r1], #4
 800017c:	f840 3b04 	str.w	r3, [r0], #4
 8000180:	f851 3b04 	ldr.w	r3, [r1], #4
 8000184:	f840 3b04 	str.w	r3, [r0], #4
 8000188:	f851 3b04 	ldr.w	r3, [r1], #4
 800018c:	f840 3b04 	str.w	r3, [r0], #4
 8000190:	f851 3b04 	ldr.w	r3, [r1], #4
 8000194:	f840 3b04 	str.w	r3, [r0], #4
 8000198:	f851 3b04 	ldr.w	r3, [r1], #4
 800019c:	f840 3b04 	str.w	r3, [r0], #4
 80001a0:	f851 3b04 	ldr.w	r3, [r1], #4
 80001a4:	f840 3b04 	str.w	r3, [r0], #4
 80001a8:	f851 3b04 	ldr.w	r3, [r1], #4
 80001ac:	f840 3b04 	str.w	r3, [r0], #4
 80001b0:	f851 3b04 	ldr.w	r3, [r1], #4
 80001b4:	f840 3b04 	str.w	r3, [r0], #4
 80001b8:	f851 3b04 	ldr.w	r3, [r1], #4
 80001bc:	f840 3b04 	str.w	r3, [r0], #4
 80001c0:	f851 3b04 	ldr.w	r3, [r1], #4
 80001c4:	f840 3b04 	str.w	r3, [r0], #4
 80001c8:	f851 3b04 	ldr.w	r3, [r1], #4
 80001cc:	f840 3b04 	str.w	r3, [r0], #4
 80001d0:	f851 3b04 	ldr.w	r3, [r1], #4
 80001d4:	f840 3b04 	str.w	r3, [r0], #4
 80001d8:	f851 3b04 	ldr.w	r3, [r1], #4
 80001dc:	f840 3b04 	str.w	r3, [r0], #4
 80001e0:	f851 3b04 	ldr.w	r3, [r1], #4
 80001e4:	f840 3b04 	str.w	r3, [r0], #4
 80001e8:	f851 3b04 	ldr.w	r3, [r1], #4
 80001ec:	f840 3b04 	str.w	r3, [r0], #4
 80001f0:	f851 3b04 	ldr.w	r3, [r1], #4
 80001f4:	f840 3b04 	str.w	r3, [r0], #4
 80001f8:	3a40      	subs	r2, #64	@ 0x40
 80001fa:	d2bd      	bcs.n	8000178 <__aeabi_memcpy+0x10>
 80001fc:	3230      	adds	r2, #48	@ 0x30
 80001fe:	d311      	bcc.n	8000224 <__aeabi_memcpy+0xbc>
 8000200:	f851 3b04 	ldr.w	r3, [r1], #4
 8000204:	f840 3b04 	str.w	r3, [r0], #4
 8000208:	f851 3b04 	ldr.w	r3, [r1], #4
 800020c:	f840 3b04 	str.w	r3, [r0], #4
 8000210:	f851 3b04 	ldr.w	r3, [r1], #4
 8000214:	f840 3b04 	str.w	r3, [r0], #4
 8000218:	f851 3b04 	ldr.w	r3, [r1], #4
 800021c:	f840 3b04 	str.w	r3, [r0], #4
 8000220:	3a10      	subs	r2, #16
 8000222:	d2ed      	bcs.n	8000200 <__aeabi_memcpy+0x98>
 8000224:	320c      	adds	r2, #12
 8000226:	d305      	bcc.n	8000234 <__aeabi_memcpy+0xcc>
 8000228:	f851 3b04 	ldr.w	r3, [r1], #4
 800022c:	f840 3b04 	str.w	r3, [r0], #4
 8000230:	3a04      	subs	r2, #4
 8000232:	d2f9      	bcs.n	8000228 <__aeabi_memcpy+0xc0>
 8000234:	3204      	adds	r2, #4
 8000236:	d008      	beq.n	800024a <__aeabi_memcpy+0xe2>
 8000238:	07d2      	lsls	r2, r2, #31
 800023a:	bf1c      	itt	ne
 800023c:	f811 3b01 	ldrbne.w	r3, [r1], #1
 8000240:	f800 3b01 	strbne.w	r3, [r0], #1
 8000244:	d301      	bcc.n	800024a <__aeabi_memcpy+0xe2>
 8000246:	880b      	ldrh	r3, [r1, #0]
 8000248:	8003      	strh	r3, [r0, #0]
 800024a:	4660      	mov	r0, ip
 800024c:	4770      	bx	lr
 800024e:	bf00      	nop
 8000250:	2a08      	cmp	r2, #8
 8000252:	d313      	bcc.n	800027c <__aeabi_memcpy+0x114>
 8000254:	078b      	lsls	r3, r1, #30
 8000256:	d08d      	beq.n	8000174 <__aeabi_memcpy+0xc>
 8000258:	f010 0303 	ands.w	r3, r0, #3
 800025c:	d08a      	beq.n	8000174 <__aeabi_memcpy+0xc>
 800025e:	f1c3 0304 	rsb	r3, r3, #4
 8000262:	1ad2      	subs	r2, r2, r3
 8000264:	07db      	lsls	r3, r3, #31
 8000266:	bf1c      	itt	ne
 8000268:	f811 3b01 	ldrbne.w	r3, [r1], #1
 800026c:	f800 3b01 	strbne.w	r3, [r0], #1
 8000270:	d380      	bcc.n	8000174 <__aeabi_memcpy+0xc>
 8000272:	f831 3b02 	ldrh.w	r3, [r1], #2
 8000276:	f820 3b02 	strh.w	r3, [r0], #2
 800027a:	e77b      	b.n	8000174 <__aeabi_memcpy+0xc>
 800027c:	3a04      	subs	r2, #4
 800027e:	d3d9      	bcc.n	8000234 <__aeabi_memcpy+0xcc>
 8000280:	3a01      	subs	r2, #1
 8000282:	f811 3b01 	ldrb.w	r3, [r1], #1
 8000286:	f800 3b01 	strb.w	r3, [r0], #1
 800028a:	d2f9      	bcs.n	8000280 <__aeabi_memcpy+0x118>
 800028c:	780b      	ldrb	r3, [r1, #0]
 800028e:	7003      	strb	r3, [r0, #0]
 8000290:	784b      	ldrb	r3, [r1, #1]
 8000292:	7043      	strb	r3, [r0, #1]
 8000294:	788b      	ldrb	r3, [r1, #2]
 8000296:	7083      	strb	r3, [r0, #2]
 8000298:	4660      	mov	r0, ip
 800029a:	4770      	bx	lr

0800029c <__aeabi_uldivmod>:
 800029c:	b953      	cbnz	r3, 80002b4 <__aeabi_uldivmod+0x18>
 800029e:	b94a      	cbnz	r2, 80002b4 <__aeabi_uldivmod+0x18>
 80002a0:	2900      	cmp	r1, #0
 80002a2:	bf08      	it	eq
 80002a4:	2800      	cmpeq	r0, #0
 80002a6:	bf1c      	itt	ne
 80002a8:	f04f 31ff 	movne.w	r1, #4294967295
 80002ac:	f04f 30ff 	movne.w	r0, #4294967295
 80002b0:	f000 b80c 	b.w	80002cc <__aeabi_idiv0>
 80002b4:	f1ad 0c08 	sub.w	ip, sp, #8
 80002b8:	e96d ce04 	strd	ip, lr, [sp, #-16]!
 80002bc:	f000 f808 	bl	80002d0 <__udivmoddi4>
 80002c0:	f8dd e004 	ldr.w	lr, [sp, #4]
 80002c4:	e9dd 2302 	ldrd	r2, r3, [sp, #8]
 80002c8:	b004      	add	sp, #16
 80002ca:	4770      	bx	lr

080002cc <__aeabi_idiv0>:
 80002cc:	4770      	bx	lr
 80002ce:	bf00      	nop

080002d0 <__udivmoddi4>:
 80002d0:	e92d 47f0 	stmdb	sp!, {r4, r5, r6, r7, r8, r9, sl, lr}
 80002d4:	468c      	mov	ip, r1
 80002d6:	468e      	mov	lr, r1
 80002d8:	9e08      	ldr	r6, [sp, #32]
 80002da:	4615      	mov	r5, r2
 80002dc:	4604      	mov	r4, r0
 80002de:	4619      	mov	r1, r3
 80002e0:	2b00      	cmp	r3, #0
 80002e2:	f040 80d0 	bne.w	8000486 <__udivmoddi4+0x1b6>
 80002e6:	4572      	cmp	r2, lr
 80002e8:	d947      	bls.n	800037a <__udivmoddi4+0xaa>
 80002ea:	fab2 f782 	clz	r7, r2
 80002ee:	b14f      	cbz	r7, 8000304 <__udivmoddi4+0x34>
 80002f0:	f1c7 0320 	rsb	r3, r7, #32
 80002f4:	fa0e fc07 	lsl.w	ip, lr, r7
 80002f8:	fa20 f303 	lsr.w	r3, r0, r3
 80002fc:	40bd      	lsls	r5, r7
 80002fe:	ea43 0c0c 	orr.w	ip, r3, ip
 8000302:	40bc      	lsls	r4, r7
 8000304:	ea4f 4e15 	mov.w	lr, r5, lsr #16
 8000308:	b2a8      	uxth	r0, r5
 800030a:	fbbc f8fe 	udiv	r8, ip, lr
 800030e:	0c23      	lsrs	r3, r4, #16
 8000310:	fb0e cc18 	mls	ip, lr, r8, ip
 8000314:	fb08 f900 	mul.w	r9, r8, r0
 8000318:	ea43 430c 	orr.w	r3, r3, ip, lsl #16
 800031c:	4599      	cmp	r9, r3
 800031e:	d928      	bls.n	8000372 <__udivmoddi4+0xa2>
 8000320:	18eb      	adds	r3, r5, r3
 8000322:	f108 32ff 	add.w	r2, r8, #4294967295
 8000326:	d204      	bcs.n	8000332 <__udivmoddi4+0x62>
 8000328:	4599      	cmp	r9, r3
 800032a:	d902      	bls.n	8000332 <__udivmoddi4+0x62>
 800032c:	f1a8 0202 	sub.w	r2, r8, #2
 8000330:	442b      	add	r3, r5
 8000332:	eba3 0309 	sub.w	r3, r3, r9
 8000336:	b2a4      	uxth	r4, r4
 8000338:	fbb3 fcfe 	udiv	ip, r3, lr
 800033c:	fb0e 331c 	mls	r3, lr, ip, r3
 8000340:	fb0c f000 	mul.w	r0, ip, r0
 8000344:	ea44 4403 	orr.w	r4, r4, r3, lsl #16
 8000348:	42a0      	cmp	r0, r4
 800034a:	d914      	bls.n	8000376 <__udivmoddi4+0xa6>
 800034c:	192c      	adds	r4, r5, r4
 800034e:	f10c 33ff 	add.w	r3, ip, #4294967295
 8000352:	d204      	bcs.n	800035e <__udivmoddi4+0x8e>
 8000354:	42a0      	cmp	r0, r4
 8000356:	d902      	bls.n	800035e <__udivmoddi4+0x8e>
 8000358:	f1ac 0302 	sub.w	r3, ip, #2
 800035c:	442c      	add	r4, r5
 800035e:	1a24      	subs	r4, r4, r0
 8000360:	ea43 4002 	orr.w	r0, r3, r2, lsl #16
 8000364:	b11e      	cbz	r6, 800036e <__udivmoddi4+0x9e>
 8000366:	40fc      	lsrs	r4, r7
 8000368:	2300      	movs	r3, #0
 800036a:	6034      	str	r4, [r6, #0]
 800036c:	6073      	str	r3, [r6, #4]
 800036e:	e8bd 87f0 	ldmia.w	sp!, {r4, r5, r6, r7, r8, r9, sl, pc}
 8000372:	4642      	mov	r2, r8
 8000374:	e7dd      	b.n	8000332 <__udivmoddi4+0x62>
 8000376:	4663      	mov	r3, ip
 8000378:	e7f1      	b.n	800035e <__udivmoddi4+0x8e>
 800037a:	2a00      	cmp	r2, #0
 800037c:	d079      	beq.n	8000472 <__udivmoddi4+0x1a2>
 800037e:	fab2 f382 	clz	r3, r2
 8000382:	2b00      	cmp	r3, #0
 8000384:	d03f      	beq.n	8000406 <__udivmoddi4+0x136>
 8000386:	4619      	mov	r1, r3
 8000388:	f1c1 0320 	rsb	r3, r1, #32
 800038c:	fa02 f501 	lsl.w	r5, r2, r1
 8000390:	fa2e f203 	lsr.w	r2, lr, r3
 8000394:	fa0e fe01 	lsl.w	lr, lr, r1
 8000398:	fa20 f303 	lsr.w	r3, r0, r3
 800039c:	ea43 030e 	orr.w	r3, r3, lr
 80003a0:	ea4f 4e15 	mov.w	lr, r5, lsr #16
 80003a4:	fa00 f401 	lsl.w	r4, r0, r1
 80003a8:	fbb2 fcfe 	udiv	ip, r2, lr
 80003ac:	b2af      	uxth	r7, r5
 80003ae:	fb0e 201c 	mls	r0, lr, ip, r2
 80003b2:	0c1a      	lsrs	r2, r3, #16
 80003b4:	fb0c f807 	mul.w	r8, ip, r7
 80003b8:	ea42 4200 	orr.w	r2, r2, r0, lsl #16
 80003bc:	4590      	cmp	r8, r2
 80003be:	d95a      	bls.n	8000476 <__udivmoddi4+0x1a6>
 80003c0:	18aa      	adds	r2, r5, r2
 80003c2:	f10c 30ff 	add.w	r0, ip, #4294967295
 80003c6:	d204      	bcs.n	80003d2 <__udivmoddi4+0x102>
 80003c8:	4590      	cmp	r8, r2
 80003ca:	d902      	bls.n	80003d2 <__udivmoddi4+0x102>
 80003cc:	f1ac 0002 	sub.w	r0, ip, #2
 80003d0:	442a      	add	r2, r5
 80003d2:	eba2 0208 	sub.w	r2, r2, r8
 80003d6:	b29b      	uxth	r3, r3
 80003d8:	fbb2 fcfe 	udiv	ip, r2, lr
 80003dc:	fb0e 221c 	mls	r2, lr, ip, r2
 80003e0:	fb0c f707 	mul.w	r7, ip, r7
 80003e4:	ea43 4302 	orr.w	r3, r3, r2, lsl #16
 80003e8:	429f      	cmp	r7, r3
 80003ea:	d946      	bls.n	800047a <__udivmoddi4+0x1aa>
 80003ec:	18eb      	adds	r3, r5, r3
 80003ee:	f10c 32ff 	add.w	r2, ip, #4294967295
 80003f2:	d204      	bcs.n	80003fe <__udivmoddi4+0x12e>
 80003f4:	429f      	cmp	r7, r3
 80003f6:	d902      	bls.n	80003fe <__udivmoddi4+0x12e>
 80003f8:	f1ac 0202 	sub.w	r2, ip, #2
 80003fc:	442b      	add	r3, r5
 80003fe:	1bdb      	subs	r3, r3, r7
 8000400:	ea42 4200 	orr.w	r2, r2, r0, lsl #16
 8000404:	e002      	b.n	800040c <__udivmoddi4+0x13c>
 8000406:	ebae 0302 	sub.w	r3, lr, r2
 800040a:	2201      	movs	r2, #1
 800040c:	ea4f 4e15 	mov.w	lr, r5, lsr #16
 8000410:	b2af      	uxth	r7, r5
 8000412:	fbb3 fcfe 	udiv	ip, r3, lr
 8000416:	0c20      	lsrs	r0, r4, #16
 8000418:	fb0e 331c 	mls	r3, lr, ip, r3
 800041c:	fb0c f807 	mul.w	r8, ip, r7
 8000420:	ea40 4303 	orr.w	r3, r0, r3, lsl #16
 8000424:	4598      	cmp	r8, r3
 8000426:	d92a      	bls.n	800047e <__udivmoddi4+0x1ae>
 8000428:	18eb      	adds	r3, r5, r3
 800042a:	f10c 30ff 	add.w	r0, ip, #4294967295
 800042e:	d204      	bcs.n	800043a <__udivmoddi4+0x16a>
 8000430:	4598      	cmp	r8, r3
 8000432:	d902      	bls.n	800043a <__udivmoddi4+0x16a>
 8000434:	f1ac 0002 	sub.w	r0, ip, #2
 8000438:	442b      	add	r3, r5
 800043a:	eba3 0308 	sub.w	r3, r3, r8
 800043e:	b2a4      	uxth	r4, r4
 8000440:	fbb3 fcfe 	udiv	ip, r3, lr
 8000444:	fb0e 331c 	mls	r3, lr, ip, r3
 8000448:	fb0c f707 	mul.w	r7, ip, r7
 800044c:	ea44 4403 	orr.w	r4, r4, r3, lsl #16
 8000450:	42a7      	cmp	r7, r4
 8000452:	d916      	bls.n	8000482 <__udivmoddi4+0x1b2>
 8000454:	192c      	adds	r4, r5, r4
 8000456:	f10c 33ff 	add.w	r3, ip, #4294967295
 800045a:	d204      	bcs.n	8000466 <__udivmoddi4+0x196>
 800045c:	42a7      	cmp	r7, r4
 800045e:	d902      	bls.n	8000466 <__udivmoddi4+0x196>
 8000460:	f1ac 0302 	sub.w	r3, ip, #2
 8000464:	442c      	add	r4, r5
 8000466:	1be4      	subs	r4, r4, r7
 8000468:	ea43 4000 	orr.w	r0, r3, r0, lsl #16
 800046c:	460f      	mov	r7, r1
 800046e:	4611      	mov	r1, r2
 8000470:	e778      	b.n	8000364 <__udivmoddi4+0x94>
 8000472:	211f      	movs	r1, #31
 8000474:	e788      	b.n	8000388 <__udivmoddi4+0xb8>
 8000476:	4660      	mov	r0, ip
 8000478:	e7ab      	b.n	80003d2 <__udivmoddi4+0x102>
 800047a:	4662      	mov	r2, ip
 800047c:	e7bf      	b.n	80003fe <__udivmoddi4+0x12e>
 800047e:	4660      	mov	r0, ip
 8000480:	e7db      	b.n	800043a <__udivmoddi4+0x16a>
 8000482:	4663      	mov	r3, ip
 8000484:	e7ef      	b.n	8000466 <__udivmoddi4+0x196>
 8000486:	4573      	cmp	r3, lr
 8000488:	d906      	bls.n	8000498 <__udivmoddi4+0x1c8>
 800048a:	b916      	cbnz	r6, 8000492 <__udivmoddi4+0x1c2>
 800048c:	2100      	movs	r1, #0
 800048e:	4608      	mov	r0, r1
 8000490:	e76d      	b.n	800036e <__udivmoddi4+0x9e>
 8000492:	e9c6 0e00 	strd	r0, lr, [r6]
 8000496:	e7f9      	b.n	800048c <__udivmoddi4+0x1bc>
 8000498:	fab3 f783 	clz	r7, r3
 800049c:	b987      	cbnz	r7, 80004c0 <__udivmoddi4+0x1f0>
 800049e:	4573      	cmp	r3, lr
 80004a0:	d301      	bcc.n	80004a6 <__udivmoddi4+0x1d6>
 80004a2:	4282      	cmp	r2, r0
 80004a4:	d807      	bhi.n	80004b6 <__udivmoddi4+0x1e6>
 80004a6:	1a84      	subs	r4, r0, r2
 80004a8:	eb6e 0303 	sbc.w	r3, lr, r3
 80004ac:	2001      	movs	r0, #1
 80004ae:	469c      	mov	ip, r3
 80004b0:	b91e      	cbnz	r6, 80004ba <__udivmoddi4+0x1ea>
 80004b2:	2100      	movs	r1, #0
 80004b4:	e75b      	b.n	800036e <__udivmoddi4+0x9e>
 80004b6:	4638      	mov	r0, r7
 80004b8:	e7fa      	b.n	80004b0 <__udivmoddi4+0x1e0>
 80004ba:	e9c6 4c00 	strd	r4, ip, [r6]
 80004be:	e7f8      	b.n	80004b2 <__udivmoddi4+0x1e2>
 80004c0:	f1c7 0c20 	rsb	ip, r7, #32
 80004c4:	40bb      	lsls	r3, r7
 80004c6:	fa22 f50c 	lsr.w	r5, r2, ip
 80004ca:	431d      	orrs	r5, r3
 80004cc:	fa20 f10c 	lsr.w	r1, r0, ip
 80004d0:	fa2e f30c 	lsr.w	r3, lr, ip
 80004d4:	fa0e fe07 	lsl.w	lr, lr, r7
 80004d8:	ea41 010e 	orr.w	r1, r1, lr
 80004dc:	ea4f 4915 	mov.w	r9, r5, lsr #16
 80004e0:	fa00 f407 	lsl.w	r4, r0, r7
 80004e4:	fbb3 f8f9 	udiv	r8, r3, r9
 80004e8:	fa1f fe85 	uxth.w	lr, r5
 80004ec:	fb09 3018 	mls	r0, r9, r8, r3
 80004f0:	0c0b      	lsrs	r3, r1, #16
 80004f2:	fb08 fa0e 	mul.w	sl, r8, lr
 80004f6:	ea43 4300 	orr.w	r3, r3, r0, lsl #16
 80004fa:	459a      	cmp	sl, r3
 80004fc:	fa02 f207 	lsl.w	r2, r2, r7
 8000500:	d940      	bls.n	8000584 <__udivmoddi4+0x2b4>
 8000502:	18eb      	adds	r3, r5, r3
 8000504:	f108 30ff 	add.w	r0, r8, #4294967295
 8000508:	d204      	bcs.n	8000514 <__udivmoddi4+0x244>
 800050a:	459a      	cmp	sl, r3
 800050c:	d902      	bls.n	8000514 <__udivmoddi4+0x244>
 800050e:	f1a8 0002 	sub.w	r0, r8, #2
 8000512:	442b      	add	r3, r5
 8000514:	eba3 030a 	sub.w	r3, r3, sl
 8000518:	b289      	uxth	r1, r1
 800051a:	fbb3 f8f9 	udiv	r8, r3, r9
 800051e:	fb09 3318 	mls	r3, r9, r8, r3
 8000522:	fb08 fe0e 	mul.w	lr, r8, lr
 8000526:	ea41 4103 	orr.w	r1, r1, r3, lsl #16
 800052a:	458e      	cmp	lr, r1
 800052c:	d92c      	bls.n	8000588 <__udivmoddi4+0x2b8>
 800052e:	1869      	adds	r1, r5, r1
 8000530:	f108 33ff 	add.w	r3, r8, #4294967295
 8000534:	d204      	bcs.n	8000540 <__udivmoddi4+0x270>
 8000536:	458e      	cmp	lr, r1
 8000538:	d902      	bls.n	8000540 <__udivmoddi4+0x270>
 800053a:	f1a8 0302 	sub.w	r3, r8, #2
 800053e:	4429      	add	r1, r5
 8000540:	ea43 4000 	orr.w	r0, r3, r0, lsl #16
 8000544:	fba0 9802 	umull	r9, r8, r0, r2
 8000548:	eba1 010e 	sub.w	r1, r1, lr
 800054c:	4541      	cmp	r1, r8
 800054e:	46ce      	mov	lr, r9
 8000550:	4643      	mov	r3, r8
 8000552:	d302      	bcc.n	800055a <__udivmoddi4+0x28a>
 8000554:	d106      	bne.n	8000564 <__udivmoddi4+0x294>
 8000556:	454c      	cmp	r4, r9
 8000558:	d204      	bcs.n	8000564 <__udivmoddi4+0x294>
 800055a:	ebb9 0e02 	subs.w	lr, r9, r2
 800055e:	eb68 0305 	sbc.w	r3, r8, r5
 8000562:	3801      	subs	r0, #1
 8000564:	2e00      	cmp	r6, #0
 8000566:	d0a4      	beq.n	80004b2 <__udivmoddi4+0x1e2>
 8000568:	ebb4 020e 	subs.w	r2, r4, lr
 800056c:	eb61 0103 	sbc.w	r1, r1, r3
 8000570:	fa01 fc0c 	lsl.w	ip, r1, ip
 8000574:	fa22 f307 	lsr.w	r3, r2, r7
 8000578:	ea4c 0303 	orr.w	r3, ip, r3
 800057c:	40f9      	lsrs	r1, r7
 800057e:	e9c6 3100 	strd	r3, r1, [r6]
 8000582:	e796      	b.n	80004b2 <__udivmoddi4+0x1e2>
 8000584:	4640      	mov	r0, r8
 8000586:	e7c5      	b.n	8000514 <__udivmoddi4+0x244>
 8000588:	4643      	mov	r3, r8
 800058a:	e7d9      	b.n	8000540 <__udivmoddi4+0x270>

0800058c <main>:
static const struct gpio_dt_spec led = GPIO_DT_SPEC_GET(LED0_NODE, gpios);



int main(void)
{
 800058c:	b510      	push	{r4, lr}
		union { uintptr_t x; const struct device * val; } parm0 = { .val = dev };
		return (bool) arch_syscall_invoke1(parm0.x, K_SYSCALL_DEVICE_IS_READY);
	}
#endif
	compiler_barrier();
	return z_impl_device_is_ready(dev);
 800058e:	4813      	ldr	r0, [pc, #76]	@ (80005dc <main+0x50>)
 8000590:	f004 fa26 	bl	80049e0 <z_impl_device_is_ready>
	int ret;
	bool led_state = true;

	if (!gpio_is_ready_dt(&led)) {
 8000594:	b908      	cbnz	r0, 800059a <main+0xe>
		led_state = !led_state;
		printf("LED state: %s\n", led_state ? "ON" : "OFF");
		k_msleep(SLEEP_TIME_MS);
	}
	return 0;
}
 8000596:	2000      	movs	r0, #0
 8000598:	bd10      	pop	{r4, pc}
 800059a:	4604      	mov	r4, r0
		union { uintptr_t x; gpio_flags_t val; } parm2 = { .val = flags };
		return (int) arch_syscall_invoke3(parm0.x, parm1.x, parm2.x, K_SYSCALL_GPIO_PIN_CONFIGURE);
	}
#endif
	compiler_barrier();
	return z_impl_gpio_pin_configure(port, pin, flags);
 800059c:	f44f 12d0 	mov.w	r2, #1703936	@ 0x1a0000
 80005a0:	2105      	movs	r1, #5
 80005a2:	480e      	ldr	r0, [pc, #56]	@ (80005dc <main+0x50>)
 80005a4:	f003 f9f3 	bl	800398e <z_impl_gpio_pin_configure>
	if (ret < 0) {
 80005a8:	2800      	cmp	r0, #0
 80005aa:	da08      	bge.n	80005be <main+0x32>
 80005ac:	e7f3      	b.n	8000596 <main+0xa>
		printf("LED state: %s\n", led_state ? "ON" : "OFF");
 80005ae:	490c      	ldr	r1, [pc, #48]	@ (80005e0 <main+0x54>)
 80005b0:	480c      	ldr	r0, [pc, #48]	@ (80005e4 <main+0x58>)
 80005b2:	f002 fc81 	bl	8002eb8 <printf>
		k_msleep(SLEEP_TIME_MS);
 80005b6:	f44f 707a 	mov.w	r0, #1000	@ 0x3e8
 80005ba:	f003 fa10 	bl	80039de <k_msleep>
				    gpio_port_pins_t pins);

static inline int z_impl_gpio_port_toggle_bits(const struct device *port,
					       gpio_port_pins_t pins)
{
	const struct gpio_driver_api *api =
 80005be:	4807      	ldr	r0, [pc, #28]	@ (80005dc <main+0x50>)
 80005c0:	6883      	ldr	r3, [r0, #8]
		(const struct gpio_driver_api *)port->api;
	int ret;

	SYS_PORT_TRACING_FUNC_ENTER(gpio_port, toggle_bits, port, pins);

	ret = api->port_toggle_bits(port, pins);
 80005c2:	695b      	ldr	r3, [r3, #20]
 80005c4:	2120      	movs	r1, #32
 80005c6:	4798      	blx	r3
		if (ret < 0) {
 80005c8:	2800      	cmp	r0, #0
 80005ca:	dbe4      	blt.n	8000596 <main+0xa>
		led_state = !led_state;
 80005cc:	f084 0301 	eor.w	r3, r4, #1
		printf("LED state: %s\n", led_state ? "ON" : "OFF");
 80005d0:	f013 04ff 	ands.w	r4, r3, #255	@ 0xff
 80005d4:	d0eb      	beq.n	80005ae <main+0x22>
 80005d6:	4904      	ldr	r1, [pc, #16]	@ (80005e8 <main+0x5c>)
 80005d8:	e7ea      	b.n	80005b0 <main+0x24>
 80005da:	bf00      	nop
 80005dc:	08004e5c 	.word	0x08004e5c
 80005e0:	080051d0 	.word	0x080051d0
 80005e4:	080051d4 	.word	0x080051d4
 80005e8:	080051cc 	.word	0x080051cc

080005ec <char_out>:

	return c;
}

static int char_out(int c, void *ctx_p)
{
 80005ec:	b508      	push	{r3, lr}
	ARG_UNUSED(ctx_p);
	return _char_out(c);
 80005ee:	4b02      	ldr	r3, [pc, #8]	@ (80005f8 <char_out+0xc>)
 80005f0:	681b      	ldr	r3, [r3, #0]
 80005f2:	4798      	blx	r3
}
 80005f4:	bd08      	pop	{r3, pc}
 80005f6:	bf00      	nop
 80005f8:	20000000 	.word	0x20000000

080005fc <__printk_hook_install>:
	_char_out = fn;
 80005fc:	4b01      	ldr	r3, [pc, #4]	@ (8000604 <__printk_hook_install+0x8>)
 80005fe:	6018      	str	r0, [r3, #0]
}
 8000600:	4770      	bx	lr
 8000602:	bf00      	nop
 8000604:	20000000 	.word	0x20000000

08000608 <vprintk>:

void vprintk(const char *fmt, va_list ap)
{
 8000608:	b500      	push	{lr}
 800060a:	b085      	sub	sp, #20
 800060c:	4684      	mov	ip, r0
 800060e:	460a      	mov	r2, r1
#ifdef CONFIG_PRINTK_SYNC
		k_spinlock_key_t key = k_spin_lock(&lock);
#endif

#ifdef CONFIG_PICOLIBC
		FILE console = FDEV_SETUP_STREAM((int(*)(char, FILE *))char_out,
 8000610:	4668      	mov	r0, sp
 8000612:	2300      	movs	r3, #0
 8000614:	9300      	str	r3, [sp, #0]
 8000616:	9301      	str	r3, [sp, #4]
 8000618:	9302      	str	r3, [sp, #8]
 800061a:	9303      	str	r3, [sp, #12]
 800061c:	2302      	movs	r3, #2
 800061e:	f88d 3002 	strb.w	r3, [sp, #2]
 8000622:	4b04      	ldr	r3, [pc, #16]	@ (8000634 <vprintk+0x2c>)
 8000624:	9301      	str	r3, [sp, #4]
						 NULL, NULL, _FDEV_SETUP_WRITE);
		(void) vfprintf(&console, fmt, ap);
 8000626:	4661      	mov	r1, ip
 8000628:	f002 fcd6 	bl	8002fd8 <__l_vfprintf>

#ifdef CONFIG_PRINTK_SYNC
		k_spin_unlock(&lock, key);
#endif
	}
}
 800062c:	b005      	add	sp, #20
 800062e:	f85d fb04 	ldr.w	pc, [sp], #4
 8000632:	bf00      	nop
 8000634:	080005ed 	.word	0x080005ed

08000638 <z_thread_entry>:
 * This routine does not return, and is marked as such so the compiler won't
 * generate preamble code that is only used by functions that actually return.
 */
FUNC_NORETURN void z_thread_entry(k_thread_entry_t entry,
				 void *p1, void *p2, void *p3)
{
 8000638:	b580      	push	{r7, lr}
 800063a:	4605      	mov	r5, r0
 800063c:	460e      	mov	r6, r1
 800063e:	4617      	mov	r7, r2
 8000640:	4698      	mov	r8, r3
	if (z_syscall_trap()) {
		return (k_tid_t) arch_syscall_invoke0(K_SYSCALL_K_SCHED_CURRENT_THREAD_QUERY);
	}
#endif
	compiler_barrier();
	return z_impl_k_sched_current_thread_query();
 8000642:	f002 f8f7 	bl	8002834 <z_impl_k_sched_current_thread_query>
 8000646:	4603      	mov	r3, r0
 * otherwise lead to reading invalid memory and cause faults during
 * unwinding or debugging.
 */
	ARCH_CFI_UNDEFINED_RETURN_ADDRESS();
#ifdef CONFIG_CURRENT_THREAD_USE_TLS
	z_tls_current = k_sched_current_thread_query();
 8000648:	f000 fcee 	bl	8001028 <__aeabi_read_tp>
 800064c:	4604      	mov	r4, r0
 800064e:	f8df 9018 	ldr.w	r9, [pc, #24]	@ 8000668 <z_thread_entry+0x30>
 8000652:	f849 3000 	str.w	r3, [r9, r0]

	sys_rand_get((uint8_t *)&stack_guard, sizeof(stack_guard));
	__stack_chk_guard = stack_guard;
	__stack_chk_guard <<= 8;
#endif	/* CONFIG_STACK_CANARIES */
	entry(p1, p2, p3);
 8000656:	4642      	mov	r2, r8
 8000658:	4639      	mov	r1, r7
 800065a:	4630      	mov	r0, r6
 800065c:	47a8      	blx	r5
#ifdef CONFIG_CURRENT_THREAD_USE_TLS

	/* Thread-local cache of current thread ID, set in z_thread_entry() */
	extern Z_THREAD_LOCAL k_tid_t z_tls_current;

	return z_tls_current;
 800065e:	f854 0009 	ldr.w	r0, [r4, r9]
		(void) arch_syscall_invoke1(parm0.x, K_SYSCALL_K_THREAD_ABORT);
		return;
	}
#endif
	compiler_barrier();
	z_impl_k_thread_abort(thread);
 8000662:	f000 fc6b 	bl	8000f3c <z_impl_k_thread_abort>
	/*
	 * Compiler can't tell that k_thread_abort() won't return and issues a
	 * warning unless we tell it that control never gets this far.
	 */

	CODE_UNREACHABLE; /* LCOV_EXCL_LINE */
 8000666:	bf00      	nop
 8000668:	00000008 	.word	0x00000008

0800066c <st_stm32_common_config>:
  * @rmtoll DBGMCU_CR    DBG_STOP      LL_DBGMCU_DisableDBGStopMode
  * @retval None
  */
__STATIC_INLINE void LL_DBGMCU_DisableDBGStopMode(void)
{
  CLEAR_BIT(DBGMCU->CR, DBGMCU_CR_DBG_STOP);
 800066c:	4a03      	ldr	r2, [pc, #12]	@ (800067c <st_stm32_common_config+0x10>)
 800066e:	6853      	ldr	r3, [r2, #4]
 8000670:	f023 0302 	bic.w	r3, r3, #2
 8000674:	6053      	str	r3, [r2, #4]
#elif defined(LL_APB2_GRP1_PERIPH_DBGMCU)
	LL_APB2_GRP1_DisableClock(LL_APB2_GRP1_PERIPH_DBGMCU);
#endif /* LL_APB1_GRP1_PERIPH_DBGMCU */

	return 0;
}
 8000676:	2000      	movs	r0, #0
 8000678:	4770      	bx	lr
 800067a:	bf00      	nop
 800067c:	e0042000 	.word	0xe0042000

08000680 <stm32_gpioport_pm_action>:
	return 0;
}

static int stm32_gpioport_pm_action(const struct device *dev,
				    enum pm_device_action action)
{
 8000680:	b508      	push	{r3, lr}
 8000682:	460b      	mov	r3, r1
	const struct device *const clk = DEVICE_DT_GET(STM32_CLOCK_CONTROL_NODE);
	const struct gpio_stm32_config *cfg = dev->config;
 8000684:	6841      	ldr	r1, [r0, #4]
	clock_control_subsys_t subsys = (void *)&cfg->pclken;
 8000686:	310c      	adds	r1, #12

	switch (action) {
 8000688:	2b01      	cmp	r3, #1
 800068a:	d014      	beq.n	80006b6 <stm32_gpioport_pm_action+0x36>
 800068c:	d80a      	bhi.n	80006a4 <stm32_gpioport_pm_action+0x24>
 800068e:	b933      	cbnz	r3, 800069e <stm32_gpioport_pm_action+0x1e>
 * @return 0 on success, negative errno on failure.
 */
static inline int clock_control_off(const struct device *dev,
				    clock_control_subsys_t sys)
{
	const struct clock_control_driver_api *api =
 8000690:	4b0f      	ldr	r3, [pc, #60]	@ (80006d0 <stm32_gpioport_pm_action+0x50>)
 8000692:	689b      	ldr	r3, [r3, #8]
		(const struct clock_control_driver_api *)dev->api;

	if (api->off == NULL) {
 8000694:	685b      	ldr	r3, [r3, #4]
 8000696:	b1c3      	cbz	r3, 80006ca <stm32_gpioport_pm_action+0x4a>
		return -ENOSYS;
	}

	return api->off(dev, sys);
 8000698:	480d      	ldr	r0, [pc, #52]	@ (80006d0 <stm32_gpioport_pm_action+0x50>)
 800069a:	4798      	blx	r3
 800069c:	e007      	b.n	80006ae <stm32_gpioport_pm_action+0x2e>
 800069e:	f06f 0085 	mvn.w	r0, #133	@ 0x85
 80006a2:	e004      	b.n	80006ae <stm32_gpioport_pm_action+0x2e>
 80006a4:	3b02      	subs	r3, #2
 80006a6:	b2db      	uxtb	r3, r3
 80006a8:	2b01      	cmp	r3, #1
 80006aa:	d801      	bhi.n	80006b0 <stm32_gpioport_pm_action+0x30>
		break;
	default:
		return -ENOTSUP;
	}

	return 0;
 80006ac:	2000      	movs	r0, #0
}
 80006ae:	bd08      	pop	{r3, pc}
	switch (action) {
 80006b0:	f06f 0085 	mvn.w	r0, #133	@ 0x85
 80006b4:	e7fb      	b.n	80006ae <stm32_gpioport_pm_action+0x2e>
	const struct clock_control_driver_api *api =
 80006b6:	4b06      	ldr	r3, [pc, #24]	@ (80006d0 <stm32_gpioport_pm_action+0x50>)
 80006b8:	689b      	ldr	r3, [r3, #8]
	if (api->on == NULL) {
 80006ba:	681b      	ldr	r3, [r3, #0]
 80006bc:	b113      	cbz	r3, 80006c4 <stm32_gpioport_pm_action+0x44>
	return api->on(dev, sys);
 80006be:	4804      	ldr	r0, [pc, #16]	@ (80006d0 <stm32_gpioport_pm_action+0x50>)
 80006c0:	4798      	blx	r3
 80006c2:	e7f4      	b.n	80006ae <stm32_gpioport_pm_action+0x2e>
		return -ENOSYS;
 80006c4:	f06f 0057 	mvn.w	r0, #87	@ 0x57
 80006c8:	e7f1      	b.n	80006ae <stm32_gpioport_pm_action+0x2e>
		return -ENOSYS;
 80006ca:	f06f 0057 	mvn.w	r0, #87	@ 0x57
 80006ce:	e7ee      	b.n	80006ae <stm32_gpioport_pm_action+0x2e>
 80006d0:	08004d60 	.word	0x08004d60

080006d4 <stm32_gpioport_init>:

__maybe_unused static int stm32_gpioport_init(const struct device *dev)
{
 80006d4:	b508      	push	{r3, lr}
	LL_PWR_EnableVddIO2();
#endif
	z_stm32_hsem_unlock(CFG_HW_RCC_SEMID);
#endif

	return pm_device_driver_init(dev, stm32_gpioport_pm_action);
 80006d6:	4902      	ldr	r1, [pc, #8]	@ (80006e0 <stm32_gpioport_init+0xc>)
 80006d8:	f003 fa1a 	bl	8003b10 <pm_device_driver_init>
}
 80006dc:	bd08      	pop	{r3, pc}
 80006de:	bf00      	nop
 80006e0:	08000681 	.word	0x08000681

080006e4 <stm32_gpioport_get>:
{
 80006e4:	b510      	push	{r4, lr}
	if (port_index >= ARRAY_SIZE(gpio_ports)) {
 80006e6:	2819      	cmp	r0, #25
 80006e8:	d808      	bhi.n	80006fc <stm32_gpioport_get+0x18>
	dev = gpio_ports[port_index];
 80006ea:	4b06      	ldr	r3, [pc, #24]	@ (8000704 <stm32_gpioport_get+0x20>)
 80006ec:	f853 4020 	ldr.w	r4, [r3, r0, lsl #2]
 80006f0:	4620      	mov	r0, r4
 80006f2:	f004 f975 	bl	80049e0 <z_impl_device_is_ready>
	return device_is_ready(dev) ? dev : NULL;
 80006f6:	b118      	cbz	r0, 8000700 <stm32_gpioport_get+0x1c>
}
 80006f8:	4620      	mov	r0, r4
 80006fa:	bd10      	pop	{r4, pc}
		return NULL;
 80006fc:	2400      	movs	r4, #0
 80006fe:	e7fb      	b.n	80006f8 <stm32_gpioport_get+0x14>
	return device_is_ready(dev) ? dev : NULL;
 8000700:	2400      	movs	r4, #0
 8000702:	e7f9      	b.n	80006f8 <stm32_gpioport_get+0x14>
 8000704:	080057f4 	.word	0x080057f4

08000708 <soc_early_init_hook>:
  * @rmtoll FLASH_ACR    PRFTEN        LL_FLASH_EnablePrefetch
  * @retval None
  */
__STATIC_INLINE void LL_FLASH_EnablePrefetch(void)
{
  SET_BIT(FLASH->ACR, FLASH_ACR_PRFTEN);
 8000708:	4b08      	ldr	r3, [pc, #32]	@ (800072c <soc_early_init_hook+0x24>)
 800070a:	681a      	ldr	r2, [r3, #0]
 800070c:	f442 7280 	orr.w	r2, r2, #256	@ 0x100
 8000710:	601a      	str	r2, [r3, #0]
  * @rmtoll FLASH_ACR    ICEN          LL_FLASH_EnableInstCache
  * @retval None
  */
__STATIC_INLINE void LL_FLASH_EnableInstCache(void)
{
  SET_BIT(FLASH->ACR, FLASH_ACR_ICEN);
 8000712:	681a      	ldr	r2, [r3, #0]
 8000714:	f442 7200 	orr.w	r2, r2, #512	@ 0x200
 8000718:	601a      	str	r2, [r3, #0]
  * @rmtoll FLASH_ACR    DCEN          LL_FLASH_EnableDataCache
  * @retval None
  */
__STATIC_INLINE void LL_FLASH_EnableDataCache(void)
{
  SET_BIT(FLASH->ACR, FLASH_ACR_DCEN);
 800071a:	681a      	ldr	r2, [r3, #0]
 800071c:	f442 6280 	orr.w	r2, r2, #1024	@ 0x400
 8000720:	601a      	str	r2, [r3, #0]
	LL_FLASH_EnableInstCache();
	LL_FLASH_EnableDataCache();

	/* Update CMSIS SystemCoreClock variable (HCLK) */
	/* At reset, system core clock is set to 16 MHz from HSI */
	SystemCoreClock = 16000000;
 8000722:	4b03      	ldr	r3, [pc, #12]	@ (8000730 <soc_early_init_hook+0x28>)
 8000724:	4a03      	ldr	r2, [pc, #12]	@ (8000734 <soc_early_init_hook+0x2c>)
 8000726:	601a      	str	r2, [r3, #0]
#if CONFIG_PM
	stm32_power_init();
#endif
}
 8000728:	4770      	bx	lr
 800072a:	bf00      	nop
 800072c:	40023c00 	.word	0x40023c00
 8000730:	2000003c 	.word	0x2000003c
 8000734:	00f42400 	.word	0x00f42400

08000738 <mem_attr_get_regions>:
	DT_MEMORY_ATTR_FOREACH_STATUS_OKAY_NODE(_BUILD_MEM_ATTR_REGION)
};

size_t mem_attr_get_regions(const struct mem_attr_region_t **region)
{
	*region = mem_attr_region;
 8000738:	4b01      	ldr	r3, [pc, #4]	@ (8000740 <mem_attr_get_regions+0x8>)
 800073a:	6003      	str	r3, [r0, #0]

	return ARRAY_SIZE(mem_attr_region);
}
 800073c:	2000      	movs	r0, #0
 800073e:	4770      	bx	lr
 8000740:	0800585c 	.word	0x0800585c

08000744 <arch_bss_zero>:
 *
 * This routine clears the BSS region, so all bytes are 0.
 */
__boot_func
void arch_bss_zero(void)
{
 8000744:	b508      	push	{r3, lr}
	if (IS_ENABLED(CONFIG_SKIP_BSS_CLEAR)) {
		return;
	}

	arch_early_memset(__bss_start, 0, __bss_end - __bss_start);
 8000746:	4803      	ldr	r0, [pc, #12]	@ (8000754 <arch_bss_zero+0x10>)
 8000748:	4a03      	ldr	r2, [pc, #12]	@ (8000758 <arch_bss_zero+0x14>)
 800074a:	1a12      	subs	r2, r2, r0
 800074c:	2100      	movs	r1, #0
 800074e:	f003 fac0 	bl	8003cd2 <arch_early_memset>
#endif /* CONFIG_COVERAGE_GCOV */
#ifdef CONFIG_NOCACHE_MEMORY
	arch_early_memset(&_nocache_ram_start, 0,
			(uintptr_t) &_nocache_ram_end - (uintptr_t) &_nocache_ram_start);
#endif
}
 8000752:	bd08      	pop	{r3, pc}
 8000754:	20000068 	.word	0x20000068
 8000758:	20000408 	.word	0x20000408

0800075c <arch_data_copy>:
 * @brief Copy the data section from ROM to RAM
 *
 * This routine copies the data section from ROM to RAM.
 */
void arch_data_copy(void)
{
 800075c:	b508      	push	{r3, lr}
	arch_early_memcpy(&__data_region_start, &__data_region_load_start,
		       __data_region_end - __data_region_start);
 800075e:	4806      	ldr	r0, [pc, #24]	@ (8000778 <arch_data_copy+0x1c>)
	arch_early_memcpy(&__data_region_start, &__data_region_load_start,
 8000760:	4a06      	ldr	r2, [pc, #24]	@ (800077c <arch_data_copy+0x20>)
 8000762:	1a12      	subs	r2, r2, r0
 8000764:	4906      	ldr	r1, [pc, #24]	@ (8000780 <arch_data_copy+0x24>)
 8000766:	f003 fab8 	bl	8003cda <arch_early_memcpy>
#ifdef CONFIG_ARCH_HAS_RAMFUNC_SUPPORT
	arch_early_memcpy(&__ramfunc_region_start, &__ramfunc_load_start,
		       __ramfunc_end - __ramfunc_region_start);
 800076a:	4806      	ldr	r0, [pc, #24]	@ (8000784 <arch_data_copy+0x28>)
	arch_early_memcpy(&__ramfunc_region_start, &__ramfunc_load_start,
 800076c:	4a06      	ldr	r2, [pc, #24]	@ (8000788 <arch_data_copy+0x2c>)
 800076e:	1a12      	subs	r2, r2, r0
 8000770:	4906      	ldr	r1, [pc, #24]	@ (800078c <arch_data_copy+0x30>)
 8000772:	f003 fab2 	bl	8003cda <arch_early_memcpy>
#else
	arch_early_memcpy(&_app_smem_start, &_app_smem_rom_start,
		       _app_smem_end - _app_smem_start);
#endif /* CONFIG_REQUIRES_STACK_CANARIES */
#endif /* CONFIG_USERSPACE */
}
 8000776:	bd08      	pop	{r3, pc}
 8000778:	20000000 	.word	0x20000000
 800077c:	20000068 	.word	0x20000068
 8000780:	08005974 	.word	0x08005974
 8000784:	20000000 	.word	0x20000000
 8000788:	20000000 	.word	0x20000000
 800078c:	08005974 	.word	0x08005974

08000790 <esf_dump>:

extern void z_arm_unwind_stack(const struct arch_esf *esf);

#ifdef CONFIG_EXCEPTION_DEBUG
static void esf_dump(const struct arch_esf *esf)
{
 8000790:	b510      	push	{r4, lr}
 8000792:	4604      	mov	r4, r0
	EXCEPTION_DUMP("r0/a1:  0x%08x  r1/a2:  0x%08x  r2/a3:  0x%08x",
 8000794:	6883      	ldr	r3, [r0, #8]
 8000796:	6842      	ldr	r2, [r0, #4]
 8000798:	6801      	ldr	r1, [r0, #0]
 800079a:	4809      	ldr	r0, [pc, #36]	@ (80007c0 <esf_dump+0x30>)
 800079c:	f003 f9a9 	bl	8003af2 <printk>
		esf->basic.a1, esf->basic.a2, esf->basic.a3);
	EXCEPTION_DUMP("r3/a4:  0x%08x r12/ip:  0x%08x r14/lr:  0x%08x",
 80007a0:	6963      	ldr	r3, [r4, #20]
 80007a2:	6922      	ldr	r2, [r4, #16]
 80007a4:	68e1      	ldr	r1, [r4, #12]
 80007a6:	4807      	ldr	r0, [pc, #28]	@ (80007c4 <esf_dump+0x34>)
 80007a8:	f003 f9a3 	bl	8003af2 <printk>
		esf->basic.a4, esf->basic.ip, esf->basic.lr);
	EXCEPTION_DUMP(" xpsr:  0x%08x", esf->basic.xpsr);
 80007ac:	69e1      	ldr	r1, [r4, #28]
 80007ae:	4806      	ldr	r0, [pc, #24]	@ (80007c8 <esf_dump+0x38>)
 80007b0:	f003 f99f 	bl	8003af2 <printk>
	}

	EXCEPTION_DUMP("EXC_RETURN: 0x%0x", esf->extra_info.exc_return);

#endif /* CONFIG_EXTRA_EXCEPTION_INFO */
	EXCEPTION_DUMP("Faulting instruction address (r15/pc): 0x%08x",
 80007b4:	69a1      	ldr	r1, [r4, #24]
 80007b6:	4805      	ldr	r0, [pc, #20]	@ (80007cc <esf_dump+0x3c>)
 80007b8:	f003 f99b 	bl	8003af2 <printk>
		esf->basic.pc);
}
 80007bc:	bd10      	pop	{r4, pc}
 80007be:	bf00      	nop
 80007c0:	08005264 	.word	0x08005264
 80007c4:	08005294 	.word	0x08005294
 80007c8:	080052c4 	.word	0x080052c4
 80007cc:	080052d4 	.word	0x080052d4

080007d0 <z_arm_fatal_error>:
#endif /* CONFIG_EXCEPTION_DEBUG */

void z_arm_fatal_error(unsigned int reason, const struct arch_esf *esf)
{
 80007d0:	b538      	push	{r3, r4, r5, lr}
 80007d2:	4604      	mov	r4, r0
#ifdef CONFIG_EXCEPTION_DEBUG
	if (esf != NULL) {
 80007d4:	460d      	mov	r5, r1
 80007d6:	b111      	cbz	r1, 80007de <z_arm_fatal_error+0xe>
		esf_dump(esf);
 80007d8:	4608      	mov	r0, r1
 80007da:	f7ff ffd9 	bl	8000790 <esf_dump>
	}
#endif /* CONFIG_EXCEPTION_DEBUG */

	/* LOG the IRQn that was unhandled */
#if defined(CONFIG_CPU_CORTEX_M)
	if (reason == K_ERR_SPURIOUS_IRQ) {
 80007de:	2c01      	cmp	r4, #1
 80007e0:	d004      	beq.n	80007ec <z_arm_fatal_error+0x1c>

#ifdef CONFIG_EXCEPTION_STACK_TRACE
	z_arm_unwind_stack(esf);
#endif /* CONFIG_EXCEPTION_STACK_TRACE */

	z_fatal_error(reason, esf);
 80007e2:	4629      	mov	r1, r5
 80007e4:	4620      	mov	r0, r4
 80007e6:	f001 fb89 	bl	8001efc <z_fatal_error>
}
 80007ea:	bd38      	pop	{r3, r4, r5, pc}
 */
__STATIC_FORCEINLINE uint32_t __get_IPSR(void)
{
  uint32_t result;

  __ASM volatile ("MRS %0, ipsr" : "=r" (result) );
 80007ec:	f3ef 8105 	mrs	r1, IPSR
		EXCEPTION_DUMP("Unhandled IRQn: %d", irqn);
 80007f0:	3910      	subs	r1, #16
 80007f2:	4802      	ldr	r0, [pc, #8]	@ (80007fc <z_arm_fatal_error+0x2c>)
 80007f4:	f003 f97d 	bl	8003af2 <printk>
 80007f8:	e7f3      	b.n	80007e2 <z_arm_fatal_error+0x12>
 80007fa:	bf00      	nop
 80007fc:	08005304 	.word	0x08005304

08000800 <z_SysNmiOnReset>:
_ASM_FILE_PROLOGUE

GTEXT(z_SysNmiOnReset)

SECTION_FUNC(TEXT, z_SysNmiOnReset)
    wfi
 8000800:	bf30      	wfi
    b z_SysNmiOnReset
 8000802:	f7ff bffd 	b.w	8000800 <z_SysNmiOnReset>
 8000806:	bf00      	nop

08000808 <z_tls_copy>:
 * of TLS bss size after the data section.
 *
 * @param dest Pointer to destination
 */
static inline void z_tls_copy(char *dest)
{
 8000808:	b538      	push	{r3, r4, r5, lr}
 800080a:	4604      	mov	r4, r0
	/* Copy initialized data (tdata) */
	memcpy(dest, __tdata_start, (size_t)(uintptr_t)__tdata_size);
 800080c:	4d05      	ldr	r5, [pc, #20]	@ (8000824 <z_tls_copy+0x1c>)
 800080e:	462a      	mov	r2, r5
 8000810:	4905      	ldr	r1, [pc, #20]	@ (8000828 <z_tls_copy+0x20>)
 8000812:	f7ff fca9 	bl	8000168 <__aeabi_memcpy>

	/* Clear BSS data (tbss) */
	dest += (size_t)(uintptr_t)__tdata_size;
	memset(dest, 0, (size_t)(uintptr_t)__tbss_size);
 8000816:	4a05      	ldr	r2, [pc, #20]	@ (800082c <z_tls_copy+0x24>)
 8000818:	2100      	movs	r1, #0
 800081a:	1960      	adds	r0, r4, r5
 800081c:	f002 fab6 	bl	8002d8c <memset>
}
 8000820:	bd38      	pop	{r3, r4, r5, pc}
 8000822:	bf00      	nop
 8000824:	00000000 	.word	0x00000000
 8000828:	080051c4 	.word	0x080051c4
 800082c:	00000004 	.word	0x00000004

08000830 <arch_tls_stack_setup>:
 */
K_APP_DMEM(z_libc_partition) uintptr_t z_arm_tls_ptr;
#endif

size_t arch_tls_stack_setup(struct k_thread *new_thread, char *stack_ptr)
{
 8000830:	b570      	push	{r4, r5, r6, lr}
 8000832:	4606      	mov	r6, r0
	return (size_t)(uintptr_t)__tdata_size +
 8000834:	4d06      	ldr	r5, [pc, #24]	@ (8000850 <arch_tls_stack_setup+0x20>)
 8000836:	4b07      	ldr	r3, [pc, #28]	@ (8000854 <arch_tls_stack_setup+0x24>)
 8000838:	441d      	add	r5, r3

	/*
	 * Since we are populating things backwards,
	 * setup the TLS data/bss area first.
	 */
	stack_ptr -= z_tls_data_size();
 800083a:	1b4c      	subs	r4, r1, r5
	z_tls_copy(stack_ptr);
 800083c:	4620      	mov	r0, r4
 800083e:	f7ff ffe3 	bl	8000808 <z_tls_copy>

#ifndef __IAR_SYSTEMS_ICC__
	/* Skip two pointers due to toolchain */
	stack_ptr -= sizeof(uintptr_t) * 2;
 8000842:	3c08      	subs	r4, #8

	/*
	 * Set thread TLS pointer which is used in
	 * context switch to point to TLS area.
	 */
	new_thread->tls = POINTER_TO_UINT(stack_ptr);
 8000844:	f8c6 40a4 	str.w	r4, [r6, #164]	@ 0xa4

	return (z_tls_data_size() + (sizeof(uintptr_t) * 2));
}
 8000848:	f105 0008 	add.w	r0, r5, #8
 800084c:	bd70      	pop	{r4, r5, r6, pc}
 800084e:	bf00      	nop
 8000850:	00000000 	.word	0x00000000
 8000854:	00000004 	.word	0x00000004

08000858 <z_arm_is_synchronous_svc>:
#error Unknown ARM architecture
#endif /* CONFIG_ARMV6_M_ARMV8_M_BASELINE */

static inline bool z_arm_is_synchronous_svc(struct arch_esf *esf)
{
	uint16_t *ret_addr = (uint16_t *)esf->basic.pc;
 8000858:	6981      	ldr	r1, [r0, #24]
	/* Note: ARMv6-M does not support CCR.BFHFNMIGN so this access
	 * could generate a fault if the pc was invalid.
	 */
	uint16_t fault_insn = *(ret_addr - 1);
#else
	SCB->CCR |= SCB_CCR_BFHFNMIGN_Msk;
 800085a:	4b10      	ldr	r3, [pc, #64]	@ (800089c <z_arm_is_synchronous_svc+0x44>)
 800085c:	695a      	ldr	r2, [r3, #20]
 800085e:	f442 7280 	orr.w	r2, r2, #256	@ 0x100
 8000862:	615a      	str	r2, [r3, #20]
  \details Acts as a special kind of Data Memory Barrier.
           It completes when all explicit memory accesses before this instruction complete.
 */
__STATIC_FORCEINLINE void __DSB(void)
{
  __ASM volatile ("dsb 0xF":::"memory");
 8000864:	f3bf 8f4f 	dsb	sy
  __ASM volatile ("isb 0xF":::"memory");
 8000868:	f3bf 8f6f 	isb	sy
	barrier_dsync_fence_full();
	barrier_isync_fence_full();

	uint16_t fault_insn = *(ret_addr - 1);
 800086c:	f831 1c02 	ldrh.w	r1, [r1, #-2]

	SCB->CCR &= ~SCB_CCR_BFHFNMIGN_Msk;
 8000870:	695a      	ldr	r2, [r3, #20]
 8000872:	f422 7280 	bic.w	r2, r2, #256	@ 0x100
 8000876:	615a      	str	r2, [r3, #20]
  __ASM volatile ("dsb 0xF":::"memory");
 8000878:	f3bf 8f4f 	dsb	sy
  __ASM volatile ("isb 0xF":::"memory");
 800087c:	f3bf 8f6f 	isb	sy
	barrier_dsync_fence_full();
	barrier_isync_fence_full();
#endif /* ARMV6_M_ARMV8_M_BASELINE && !ARMV8_M_BASELINE */

	if (((fault_insn & 0xff00) == _SVC_OPCODE) &&
 8000880:	f401 437f 	and.w	r3, r1, #65280	@ 0xff00
 8000884:	f5b3 4f5f 	cmp.w	r3, #57088	@ 0xdf00
 8000888:	d001      	beq.n	800088e <z_arm_is_synchronous_svc+0x36>
	    ((fault_insn & 0x00ff) == _SVC_CALL_RUNTIME_EXCEPT)) {
		return true;
	}
#undef _SVC_OPCODE
	return false;
 800088a:	2000      	movs	r0, #0
 800088c:	4770      	bx	lr
	if (((fault_insn & 0xff00) == _SVC_OPCODE) &&
 800088e:	b2c9      	uxtb	r1, r1
 8000890:	2902      	cmp	r1, #2
 8000892:	d001      	beq.n	8000898 <z_arm_is_synchronous_svc+0x40>
	return false;
 8000894:	2000      	movs	r0, #0
 8000896:	4770      	bx	lr
		return true;
 8000898:	2001      	movs	r0, #1
}
 800089a:	4770      	bx	lr
 800089c:	e000ed00 	.word	0xe000ed00

080008a0 <get_esf>:
				       bool *nested_exc)
{
	bool alternative_state_exc = false;
	struct arch_esf *ptr_esf = NULL;

	*nested_exc = false;
 80008a0:	f04f 0c00 	mov.w	ip, #0
 80008a4:	f883 c000 	strb.w	ip, [r3]

	if ((exc_return & EXC_RETURN_INDICATOR_PREFIX) != EXC_RETURN_INDICATOR_PREFIX) {
 80008a8:	f002 4c7f 	and.w	ip, r2, #4278190080	@ 0xff000000
 80008ac:	f1bc 4f7f 	cmp.w	ip, #4278190080	@ 0xff000000
 80008b0:	d112      	bne.n	80008d8 <get_esf+0x38>
	}
#else
	/* The processor has a single execution state.
	 * We verify that the Thread mode is using PSP.
	 */
	if ((exc_return & EXC_RETURN_MODE_THREAD) && (!(exc_return & EXC_RETURN_SPSEL_PROCESS))) {
 80008b2:	f002 0c0c 	and.w	ip, r2, #12
 80008b6:	f1bc 0f08 	cmp.w	ip, #8
 80008ba:	d004      	beq.n	80008c6 <get_esf+0x26>
		return NULL;
	}
#endif /* CONFIG_ARM_SECURE_FIRMWARE */

	if (!alternative_state_exc) {
		if (exc_return & EXC_RETURN_MODE_THREAD) {
 80008bc:	f012 0f08 	tst.w	r2, #8
 80008c0:	d007      	beq.n	80008d2 <get_esf+0x32>
			/* Returning to thread mode */
			ptr_esf = (struct arch_esf *)psp;
 80008c2:	4608      	mov	r0, r1
 80008c4:	4770      	bx	lr
{
 80008c6:	b508      	push	{r3, lr}
		PR_EXC("SPSEL in thread mode does not indicate PSP");
 80008c8:	4804      	ldr	r0, [pc, #16]	@ (80008dc <get_esf+0x3c>)
 80008ca:	f003 f912 	bl	8003af2 <printk>
		return NULL;
 80008ce:	2000      	movs	r0, #0
			*nested_exc = true;
		}
	}

	return ptr_esf;
}
 80008d0:	bd08      	pop	{r3, pc}
			*nested_exc = true;
 80008d2:	2201      	movs	r2, #1
 80008d4:	701a      	strb	r2, [r3, #0]
 80008d6:	4770      	bx	lr
		return NULL;
 80008d8:	2000      	movs	r0, #0
}
 80008da:	4770      	bx	lr
 80008dc:	08005318 	.word	0x08005318

080008e0 <bus_fault>:
{
 80008e0:	b5f8      	push	{r3, r4, r5, r6, r7, lr}
 80008e2:	4605      	mov	r5, r0
 80008e4:	460f      	mov	r7, r1
 80008e6:	4614      	mov	r4, r2
	PR_FAULT_INFO("***** BUS FAULT *****");
 80008e8:	482f      	ldr	r0, [pc, #188]	@ (80009a8 <bus_fault+0xc8>)
 80008ea:	f003 f902 	bl	8003af2 <printk>
	if (SCB->CFSR & SCB_CFSR_STKERR_Msk) {
 80008ee:	4b2f      	ldr	r3, [pc, #188]	@ (80009ac <bus_fault+0xcc>)
 80008f0:	6a9b      	ldr	r3, [r3, #40]	@ 0x28
 80008f2:	f413 5f80 	tst.w	r3, #4096	@ 0x1000
 80008f6:	d125      	bne.n	8000944 <bus_fault+0x64>
	uint32_t reason = K_ERR_ARM_BUS_GENERIC;
 80008f8:	2616      	movs	r6, #22
	if (SCB->CFSR & SCB_CFSR_UNSTKERR_Msk) {
 80008fa:	4b2c      	ldr	r3, [pc, #176]	@ (80009ac <bus_fault+0xcc>)
 80008fc:	6a9b      	ldr	r3, [r3, #40]	@ 0x28
 80008fe:	f413 6f00 	tst.w	r3, #2048	@ 0x800
 8000902:	d124      	bne.n	800094e <bus_fault+0x6e>
	if (SCB->CFSR & SCB_CFSR_PRECISERR_Msk) {
 8000904:	4b29      	ldr	r3, [pc, #164]	@ (80009ac <bus_fault+0xcc>)
 8000906:	6a9b      	ldr	r3, [r3, #40]	@ 0x28
 8000908:	f413 7f00 	tst.w	r3, #512	@ 0x200
 800090c:	d124      	bne.n	8000958 <bus_fault+0x78>
	if (SCB->CFSR & SCB_CFSR_IMPRECISERR_Msk) {
 800090e:	4b27      	ldr	r3, [pc, #156]	@ (80009ac <bus_fault+0xcc>)
 8000910:	6a9b      	ldr	r3, [r3, #40]	@ 0x28
 8000912:	f413 6f80 	tst.w	r3, #1024	@ 0x400
 8000916:	d137      	bne.n	8000988 <bus_fault+0xa8>
	if ((SCB->CFSR & SCB_CFSR_IBUSERR_Msk) != 0) {
 8000918:	4b24      	ldr	r3, [pc, #144]	@ (80009ac <bus_fault+0xcc>)
 800091a:	6a9b      	ldr	r3, [r3, #40]	@ 0x28
 800091c:	f413 7f80 	tst.w	r3, #256	@ 0x100
 8000920:	d137      	bne.n	8000992 <bus_fault+0xb2>
	} else if (SCB->CFSR & SCB_CFSR_LSPERR_Msk) {
 8000922:	4b22      	ldr	r3, [pc, #136]	@ (80009ac <bus_fault+0xcc>)
 8000924:	6a9b      	ldr	r3, [r3, #40]	@ 0x28
 8000926:	f413 5f00 	tst.w	r3, #8192	@ 0x2000
 800092a:	d137      	bne.n	800099c <bus_fault+0xbc>
	SCB->CFSR |= SCB_CFSR_BUSFAULTSR_Msk;
 800092c:	4a1f      	ldr	r2, [pc, #124]	@ (80009ac <bus_fault+0xcc>)
 800092e:	6a93      	ldr	r3, [r2, #40]	@ 0x28
 8000930:	f443 437f 	orr.w	r3, r3, #65280	@ 0xff00
 8000934:	6293      	str	r3, [r2, #40]	@ 0x28
	*recoverable = memory_fault_recoverable(esf, true);
 8000936:	2101      	movs	r1, #1
 8000938:	4628      	mov	r0, r5
 800093a:	f003 f9de 	bl	8003cfa <memory_fault_recoverable>
 800093e:	7020      	strb	r0, [r4, #0]
}
 8000940:	4630      	mov	r0, r6
 8000942:	bdf8      	pop	{r3, r4, r5, r6, r7, pc}
		PR_FAULT_INFO("  Stacking error");
 8000944:	481a      	ldr	r0, [pc, #104]	@ (80009b0 <bus_fault+0xd0>)
 8000946:	f003 f8d4 	bl	8003af2 <printk>
		reason = K_ERR_ARM_BUS_STACKING;
 800094a:	2617      	movs	r6, #23
 800094c:	e7d5      	b.n	80008fa <bus_fault+0x1a>
		PR_FAULT_INFO("  Unstacking error");
 800094e:	4819      	ldr	r0, [pc, #100]	@ (80009b4 <bus_fault+0xd4>)
 8000950:	f003 f8cf 	bl	8003af2 <printk>
		reason = K_ERR_ARM_BUS_UNSTACKING;
 8000954:	2618      	movs	r6, #24
 8000956:	e7d5      	b.n	8000904 <bus_fault+0x24>
		PR_FAULT_INFO("  Precise data bus error");
 8000958:	4817      	ldr	r0, [pc, #92]	@ (80009b8 <bus_fault+0xd8>)
 800095a:	f003 f8ca 	bl	8003af2 <printk>
		STORE_xFAR(bfar, SCB->BFAR);
 800095e:	4b13      	ldr	r3, [pc, #76]	@ (80009ac <bus_fault+0xcc>)
 8000960:	6b99      	ldr	r1, [r3, #56]	@ 0x38
		if ((SCB->CFSR & SCB_CFSR_BFARVALID_Msk) != 0) {
 8000962:	6a9b      	ldr	r3, [r3, #40]	@ 0x28
 8000964:	f413 4f00 	tst.w	r3, #32768	@ 0x8000
 8000968:	d101      	bne.n	800096e <bus_fault+0x8e>
		reason = K_ERR_ARM_BUS_PRECISE_DATA_BUS;
 800096a:	2619      	movs	r6, #25
 800096c:	e7cf      	b.n	800090e <bus_fault+0x2e>
			PR_EXC("  BFAR Address: 0x%x", bfar);
 800096e:	4813      	ldr	r0, [pc, #76]	@ (80009bc <bus_fault+0xdc>)
 8000970:	f003 f8bf 	bl	8003af2 <printk>
			if (from_hard_fault != 0) {
 8000974:	b137      	cbz	r7, 8000984 <bus_fault+0xa4>
				SCB->CFSR &= ~SCB_CFSR_BFARVALID_Msk;
 8000976:	4a0d      	ldr	r2, [pc, #52]	@ (80009ac <bus_fault+0xcc>)
 8000978:	6a93      	ldr	r3, [r2, #40]	@ 0x28
 800097a:	f423 4300 	bic.w	r3, r3, #32768	@ 0x8000
 800097e:	6293      	str	r3, [r2, #40]	@ 0x28
		reason = K_ERR_ARM_BUS_PRECISE_DATA_BUS;
 8000980:	2619      	movs	r6, #25
 8000982:	e7c4      	b.n	800090e <bus_fault+0x2e>
 8000984:	2619      	movs	r6, #25
 8000986:	e7c2      	b.n	800090e <bus_fault+0x2e>
		PR_FAULT_INFO("  Imprecise data bus error");
 8000988:	480d      	ldr	r0, [pc, #52]	@ (80009c0 <bus_fault+0xe0>)
 800098a:	f003 f8b2 	bl	8003af2 <printk>
		reason = K_ERR_ARM_BUS_IMPRECISE_DATA_BUS;
 800098e:	261a      	movs	r6, #26
 8000990:	e7c2      	b.n	8000918 <bus_fault+0x38>
		PR_FAULT_INFO("  Instruction bus error");
 8000992:	480c      	ldr	r0, [pc, #48]	@ (80009c4 <bus_fault+0xe4>)
 8000994:	f003 f8ad 	bl	8003af2 <printk>
		reason = K_ERR_ARM_BUS_INSTRUCTION_BUS;
 8000998:	261b      	movs	r6, #27
 800099a:	e7c7      	b.n	800092c <bus_fault+0x4c>
		PR_FAULT_INFO("  Floating-point lazy state preservation error");
 800099c:	480a      	ldr	r0, [pc, #40]	@ (80009c8 <bus_fault+0xe8>)
 800099e:	f003 f8a8 	bl	8003af2 <printk>
		reason = K_ERR_ARM_BUS_FP_LAZY_STATE_PRESERVATION;
 80009a2:	261c      	movs	r6, #28
 80009a4:	e7c2      	b.n	800092c <bus_fault+0x4c>
 80009a6:	bf00      	nop
 80009a8:	08005344 	.word	0x08005344
 80009ac:	e000ed00 	.word	0xe000ed00
 80009b0:	0800535c 	.word	0x0800535c
 80009b4:	08005370 	.word	0x08005370
 80009b8:	08005384 	.word	0x08005384
 80009bc:	080053a0 	.word	0x080053a0
 80009c0:	080053b8 	.word	0x080053b8
 80009c4:	080053d4 	.word	0x080053d4
 80009c8:	080053f0 	.word	0x080053f0

080009cc <usage_fault>:
{
 80009cc:	b508      	push	{r3, lr}
	PR_FAULT_INFO("***** USAGE FAULT *****");
 80009ce:	4824      	ldr	r0, [pc, #144]	@ (8000a60 <usage_fault+0x94>)
 80009d0:	f003 f88f 	bl	8003af2 <printk>
	if ((SCB->CFSR & SCB_CFSR_DIVBYZERO_Msk) != 0) {
 80009d4:	4b23      	ldr	r3, [pc, #140]	@ (8000a64 <usage_fault+0x98>)
 80009d6:	6a9b      	ldr	r3, [r3, #40]	@ 0x28
 80009d8:	f013 7f00 	tst.w	r3, #33554432	@ 0x2000000
 80009dc:	d121      	bne.n	8000a22 <usage_fault+0x56>
	uint32_t reason = K_ERR_ARM_USAGE_GENERIC;
 80009de:	201d      	movs	r0, #29
	if ((SCB->CFSR & SCB_CFSR_UNALIGNED_Msk) != 0) {
 80009e0:	4b20      	ldr	r3, [pc, #128]	@ (8000a64 <usage_fault+0x98>)
 80009e2:	6a9b      	ldr	r3, [r3, #40]	@ 0x28
 80009e4:	f013 7f80 	tst.w	r3, #16777216	@ 0x1000000
 80009e8:	d120      	bne.n	8000a2c <usage_fault+0x60>
	if ((SCB->CFSR & SCB_CFSR_NOCP_Msk) != 0) {
 80009ea:	4b1e      	ldr	r3, [pc, #120]	@ (8000a64 <usage_fault+0x98>)
 80009ec:	6a9b      	ldr	r3, [r3, #40]	@ 0x28
 80009ee:	f413 2f00 	tst.w	r3, #524288	@ 0x80000
 80009f2:	d120      	bne.n	8000a36 <usage_fault+0x6a>
	if ((SCB->CFSR & SCB_CFSR_INVPC_Msk) != 0) {
 80009f4:	4b1b      	ldr	r3, [pc, #108]	@ (8000a64 <usage_fault+0x98>)
 80009f6:	6a9b      	ldr	r3, [r3, #40]	@ 0x28
 80009f8:	f413 2f80 	tst.w	r3, #262144	@ 0x40000
 80009fc:	d120      	bne.n	8000a40 <usage_fault+0x74>
	if ((SCB->CFSR & SCB_CFSR_INVSTATE_Msk) != 0) {
 80009fe:	4b19      	ldr	r3, [pc, #100]	@ (8000a64 <usage_fault+0x98>)
 8000a00:	6a9b      	ldr	r3, [r3, #40]	@ 0x28
 8000a02:	f413 3f00 	tst.w	r3, #131072	@ 0x20000
 8000a06:	d120      	bne.n	8000a4a <usage_fault+0x7e>
	if ((SCB->CFSR & SCB_CFSR_UNDEFINSTR_Msk) != 0) {
 8000a08:	4b16      	ldr	r3, [pc, #88]	@ (8000a64 <usage_fault+0x98>)
 8000a0a:	6a9b      	ldr	r3, [r3, #40]	@ 0x28
 8000a0c:	f413 3f80 	tst.w	r3, #65536	@ 0x10000
 8000a10:	d120      	bne.n	8000a54 <usage_fault+0x88>
	SCB->CFSR |= SCB_CFSR_USGFAULTSR_Msk;
 8000a12:	4a14      	ldr	r2, [pc, #80]	@ (8000a64 <usage_fault+0x98>)
 8000a14:	6a93      	ldr	r3, [r2, #40]	@ 0x28
 8000a16:	ea6f 4303 	mvn.w	r3, r3, lsl #16
 8000a1a:	ea6f 4313 	mvn.w	r3, r3, lsr #16
 8000a1e:	6293      	str	r3, [r2, #40]	@ 0x28
}
 8000a20:	bd08      	pop	{r3, pc}
		PR_FAULT_INFO("  Division by zero");
 8000a22:	4811      	ldr	r0, [pc, #68]	@ (8000a68 <usage_fault+0x9c>)
 8000a24:	f003 f865 	bl	8003af2 <printk>
		reason = K_ERR_ARM_USAGE_DIV_0;
 8000a28:	201e      	movs	r0, #30
 8000a2a:	e7d9      	b.n	80009e0 <usage_fault+0x14>
		PR_FAULT_INFO("  Unaligned memory access");
 8000a2c:	480f      	ldr	r0, [pc, #60]	@ (8000a6c <usage_fault+0xa0>)
 8000a2e:	f003 f860 	bl	8003af2 <printk>
		reason = K_ERR_ARM_USAGE_UNALIGNED_ACCESS;
 8000a32:	201f      	movs	r0, #31
 8000a34:	e7d9      	b.n	80009ea <usage_fault+0x1e>
		PR_FAULT_INFO("  No coprocessor instructions");
 8000a36:	480e      	ldr	r0, [pc, #56]	@ (8000a70 <usage_fault+0xa4>)
 8000a38:	f003 f85b 	bl	8003af2 <printk>
		reason = K_ERR_ARM_USAGE_NO_COPROCESSOR;
 8000a3c:	2021      	movs	r0, #33	@ 0x21
 8000a3e:	e7d9      	b.n	80009f4 <usage_fault+0x28>
		PR_FAULT_INFO("  Illegal load of EXC_RETURN into PC");
 8000a40:	480c      	ldr	r0, [pc, #48]	@ (8000a74 <usage_fault+0xa8>)
 8000a42:	f003 f856 	bl	8003af2 <printk>
		reason = K_ERR_ARM_USAGE_ILLEGAL_EXC_RETURN;
 8000a46:	2022      	movs	r0, #34	@ 0x22
 8000a48:	e7d9      	b.n	80009fe <usage_fault+0x32>
		PR_FAULT_INFO("  Illegal use of the EPSR");
 8000a4a:	480b      	ldr	r0, [pc, #44]	@ (8000a78 <usage_fault+0xac>)
 8000a4c:	f003 f851 	bl	8003af2 <printk>
		reason = K_ERR_ARM_USAGE_ILLEGAL_EPSR;
 8000a50:	2023      	movs	r0, #35	@ 0x23
 8000a52:	e7d9      	b.n	8000a08 <usage_fault+0x3c>
		PR_FAULT_INFO("  Attempt to execute undefined instruction");
 8000a54:	4809      	ldr	r0, [pc, #36]	@ (8000a7c <usage_fault+0xb0>)
 8000a56:	f003 f84c 	bl	8003af2 <printk>
		reason = K_ERR_ARM_USAGE_UNDEFINED_INSTRUCTION;
 8000a5a:	2024      	movs	r0, #36	@ 0x24
 8000a5c:	e7d9      	b.n	8000a12 <usage_fault+0x46>
 8000a5e:	bf00      	nop
 8000a60:	08005420 	.word	0x08005420
 8000a64:	e000ed00 	.word	0xe000ed00
 8000a68:	0800543c 	.word	0x0800543c
 8000a6c:	08005450 	.word	0x08005450
 8000a70:	0800546c 	.word	0x0800546c
 8000a74:	0800548c 	.word	0x0800548c
 8000a78:	080054b4 	.word	0x080054b4
 8000a7c:	080054d0 	.word	0x080054d0

08000a80 <debug_monitor>:
{
 8000a80:	b508      	push	{r3, lr}
	*recoverable = false;
 8000a82:	2300      	movs	r3, #0
 8000a84:	700b      	strb	r3, [r1, #0]
	PR_FAULT_INFO("***** Debug monitor exception *****");
 8000a86:	4802      	ldr	r0, [pc, #8]	@ (8000a90 <debug_monitor+0x10>)
 8000a88:	f003 f833 	bl	8003af2 <printk>
}
 8000a8c:	bd08      	pop	{r3, pc}
 8000a8e:	bf00      	nop
 8000a90:	080054fc 	.word	0x080054fc

08000a94 <reserved_exception>:
{
 8000a94:	b508      	push	{r3, lr}
 8000a96:	460a      	mov	r2, r1
	PR_FAULT_INFO("***** %s %d) *****",
 8000a98:	290f      	cmp	r1, #15
 8000a9a:	dc05      	bgt.n	8000aa8 <reserved_exception+0x14>
 8000a9c:	4903      	ldr	r1, [pc, #12]	@ (8000aac <reserved_exception+0x18>)
 8000a9e:	3a10      	subs	r2, #16
 8000aa0:	4803      	ldr	r0, [pc, #12]	@ (8000ab0 <reserved_exception+0x1c>)
 8000aa2:	f003 f826 	bl	8003af2 <printk>
}
 8000aa6:	bd08      	pop	{r3, pc}
	PR_FAULT_INFO("***** %s %d) *****",
 8000aa8:	4902      	ldr	r1, [pc, #8]	@ (8000ab4 <reserved_exception+0x20>)
 8000aaa:	e7f8      	b.n	8000a9e <reserved_exception+0xa>
 8000aac:	08005524 	.word	0x08005524
 8000ab0:	08005558 	.word	0x08005558
 8000ab4:	0800553c 	.word	0x0800553c

08000ab8 <mem_manage_fault>:
{
 8000ab8:	e92d 41f0 	stmdb	sp!, {r4, r5, r6, r7, r8, lr}
 8000abc:	4604      	mov	r4, r0
 8000abe:	460f      	mov	r7, r1
 8000ac0:	4615      	mov	r5, r2
	PR_FAULT_INFO("***** MPU FAULT *****");
 8000ac2:	483f      	ldr	r0, [pc, #252]	@ (8000bc0 <mem_manage_fault+0x108>)
 8000ac4:	f003 f815 	bl	8003af2 <printk>
	if ((SCB->CFSR & SCB_CFSR_MSTKERR_Msk) != 0) {
 8000ac8:	4b3e      	ldr	r3, [pc, #248]	@ (8000bc4 <mem_manage_fault+0x10c>)
 8000aca:	6a9b      	ldr	r3, [r3, #40]	@ 0x28
 8000acc:	f013 0f10 	tst.w	r3, #16
 8000ad0:	d13c      	bne.n	8000b4c <mem_manage_fault+0x94>
	uint32_t reason = K_ERR_ARM_MEM_GENERIC;
 8000ad2:	2610      	movs	r6, #16
	if ((SCB->CFSR & SCB_CFSR_MUNSTKERR_Msk) != 0) {
 8000ad4:	4b3b      	ldr	r3, [pc, #236]	@ (8000bc4 <mem_manage_fault+0x10c>)
 8000ad6:	6a9b      	ldr	r3, [r3, #40]	@ 0x28
 8000ad8:	f013 0f08 	tst.w	r3, #8
 8000adc:	d13b      	bne.n	8000b56 <mem_manage_fault+0x9e>
	if ((SCB->CFSR & SCB_CFSR_DACCVIOL_Msk) != 0) {
 8000ade:	4b39      	ldr	r3, [pc, #228]	@ (8000bc4 <mem_manage_fault+0x10c>)
 8000ae0:	6a9b      	ldr	r3, [r3, #40]	@ 0x28
 8000ae2:	f013 0f02 	tst.w	r3, #2
 8000ae6:	d13b      	bne.n	8000b60 <mem_manage_fault+0xa8>
	uint32_t mmfar = -EINVAL;
 8000ae8:	f06f 0815 	mvn.w	r8, #21
	if ((SCB->CFSR & SCB_CFSR_IACCVIOL_Msk) != 0) {
 8000aec:	4b35      	ldr	r3, [pc, #212]	@ (8000bc4 <mem_manage_fault+0x10c>)
 8000aee:	6a9b      	ldr	r3, [r3, #40]	@ 0x28
 8000af0:	f013 0f01 	tst.w	r3, #1
 8000af4:	d150      	bne.n	8000b98 <mem_manage_fault+0xe0>
	if ((SCB->CFSR & SCB_CFSR_MLSPERR_Msk) != 0) {
 8000af6:	4b33      	ldr	r3, [pc, #204]	@ (8000bc4 <mem_manage_fault+0x10c>)
 8000af8:	6a9b      	ldr	r3, [r3, #40]	@ 0x28
 8000afa:	f013 0f20 	tst.w	r3, #32
 8000afe:	d150      	bne.n	8000ba2 <mem_manage_fault+0xea>
	if ((SCB->CFSR & SCB_CFSR_MSTKERR_Msk) || (SCB->CFSR & SCB_CFSR_DACCVIOL_Msk)) {
 8000b00:	4b30      	ldr	r3, [pc, #192]	@ (8000bc4 <mem_manage_fault+0x10c>)
 8000b02:	6a9b      	ldr	r3, [r3, #40]	@ 0x28
 8000b04:	f013 0f10 	tst.w	r3, #16
 8000b08:	d104      	bne.n	8000b14 <mem_manage_fault+0x5c>
 8000b0a:	4b2e      	ldr	r3, [pc, #184]	@ (8000bc4 <mem_manage_fault+0x10c>)
 8000b0c:	6a9b      	ldr	r3, [r3, #40]	@ 0x28
 8000b0e:	f013 0f02 	tst.w	r3, #2
 8000b12:	d004      	beq.n	8000b1e <mem_manage_fault+0x66>
		if (SCB->ICSR & SCB_ICSR_RETTOBASE_Msk) {
 8000b14:	4b2b      	ldr	r3, [pc, #172]	@ (8000bc4 <mem_manage_fault+0x10c>)
 8000b16:	685b      	ldr	r3, [r3, #4]
 8000b18:	f413 6f00 	tst.w	r3, #2048	@ 0x800
 8000b1c:	d146      	bne.n	8000bac <mem_manage_fault+0xf4>
	if ((SCB->CFSR & SCB_CFSR_MLSPERR_Msk) != 0) {
 8000b1e:	4b29      	ldr	r3, [pc, #164]	@ (8000bc4 <mem_manage_fault+0x10c>)
 8000b20:	6a9b      	ldr	r3, [r3, #40]	@ 0x28
 8000b22:	f013 0f20 	tst.w	r3, #32
 8000b26:	d004      	beq.n	8000b32 <mem_manage_fault+0x7a>
		SCB->SHCSR &= ~SCB_SHCSR_MEMFAULTPENDED_Msk;
 8000b28:	4a26      	ldr	r2, [pc, #152]	@ (8000bc4 <mem_manage_fault+0x10c>)
 8000b2a:	6a53      	ldr	r3, [r2, #36]	@ 0x24
 8000b2c:	f423 5300 	bic.w	r3, r3, #8192	@ 0x2000
 8000b30:	6253      	str	r3, [r2, #36]	@ 0x24
	SCB->CFSR |= SCB_CFSR_MEMFAULTSR_Msk;
 8000b32:	4a24      	ldr	r2, [pc, #144]	@ (8000bc4 <mem_manage_fault+0x10c>)
 8000b34:	6a93      	ldr	r3, [r2, #40]	@ 0x28
 8000b36:	f043 03ff 	orr.w	r3, r3, #255	@ 0xff
 8000b3a:	6293      	str	r3, [r2, #40]	@ 0x28
	*recoverable = memory_fault_recoverable(esf, true);
 8000b3c:	2101      	movs	r1, #1
 8000b3e:	4620      	mov	r0, r4
 8000b40:	f003 f8db 	bl	8003cfa <memory_fault_recoverable>
 8000b44:	7028      	strb	r0, [r5, #0]
}
 8000b46:	4630      	mov	r0, r6
 8000b48:	e8bd 81f0 	ldmia.w	sp!, {r4, r5, r6, r7, r8, pc}
		PR_FAULT_INFO("  Stacking error (context area might be"
 8000b4c:	481e      	ldr	r0, [pc, #120]	@ (8000bc8 <mem_manage_fault+0x110>)
 8000b4e:	f002 ffd0 	bl	8003af2 <printk>
		reason = K_ERR_ARM_MEM_STACKING;
 8000b52:	2611      	movs	r6, #17
 8000b54:	e7be      	b.n	8000ad4 <mem_manage_fault+0x1c>
		PR_FAULT_INFO("  Unstacking error");
 8000b56:	481d      	ldr	r0, [pc, #116]	@ (8000bcc <mem_manage_fault+0x114>)
 8000b58:	f002 ffcb 	bl	8003af2 <printk>
		reason = K_ERR_ARM_MEM_UNSTACKING;
 8000b5c:	2612      	movs	r6, #18
 8000b5e:	e7be      	b.n	8000ade <mem_manage_fault+0x26>
		PR_FAULT_INFO("  Data Access Violation");
 8000b60:	481b      	ldr	r0, [pc, #108]	@ (8000bd0 <mem_manage_fault+0x118>)
 8000b62:	f002 ffc6 	bl	8003af2 <printk>
		uint32_t temp = SCB->MMFAR;
 8000b66:	4b17      	ldr	r3, [pc, #92]	@ (8000bc4 <mem_manage_fault+0x10c>)
 8000b68:	f8d3 8034 	ldr.w	r8, [r3, #52]	@ 0x34
		if ((SCB->CFSR & SCB_CFSR_MMARVALID_Msk) != 0) {
 8000b6c:	6a9b      	ldr	r3, [r3, #40]	@ 0x28
 8000b6e:	f013 0f80 	tst.w	r3, #128	@ 0x80
 8000b72:	d103      	bne.n	8000b7c <mem_manage_fault+0xc4>
	uint32_t mmfar = -EINVAL;
 8000b74:	f06f 0815 	mvn.w	r8, #21
		reason = K_ERR_ARM_MEM_DATA_ACCESS;
 8000b78:	2613      	movs	r6, #19
 8000b7a:	e7b7      	b.n	8000aec <mem_manage_fault+0x34>
			PR_EXC("  MMFAR Address: 0x%x", mmfar);
 8000b7c:	4641      	mov	r1, r8
 8000b7e:	4815      	ldr	r0, [pc, #84]	@ (8000bd4 <mem_manage_fault+0x11c>)
 8000b80:	f002 ffb7 	bl	8003af2 <printk>
			if (from_hard_fault != 0) {
 8000b84:	b137      	cbz	r7, 8000b94 <mem_manage_fault+0xdc>
				SCB->CFSR &= ~SCB_CFSR_MMARVALID_Msk;
 8000b86:	4a0f      	ldr	r2, [pc, #60]	@ (8000bc4 <mem_manage_fault+0x10c>)
 8000b88:	6a93      	ldr	r3, [r2, #40]	@ 0x28
 8000b8a:	f023 0380 	bic.w	r3, r3, #128	@ 0x80
 8000b8e:	6293      	str	r3, [r2, #40]	@ 0x28
		reason = K_ERR_ARM_MEM_DATA_ACCESS;
 8000b90:	2613      	movs	r6, #19
 8000b92:	e7ab      	b.n	8000aec <mem_manage_fault+0x34>
 8000b94:	2613      	movs	r6, #19
 8000b96:	e7a9      	b.n	8000aec <mem_manage_fault+0x34>
		PR_FAULT_INFO("  Instruction Access Violation");
 8000b98:	480f      	ldr	r0, [pc, #60]	@ (8000bd8 <mem_manage_fault+0x120>)
 8000b9a:	f002 ffaa 	bl	8003af2 <printk>
		reason = K_ERR_ARM_MEM_INSTRUCTION_ACCESS;
 8000b9e:	2614      	movs	r6, #20
 8000ba0:	e7a9      	b.n	8000af6 <mem_manage_fault+0x3e>
		PR_FAULT_INFO("  Floating-point lazy state preservation error");
 8000ba2:	480e      	ldr	r0, [pc, #56]	@ (8000bdc <mem_manage_fault+0x124>)
 8000ba4:	f002 ffa5 	bl	8003af2 <printk>
		reason = K_ERR_ARM_MEM_FP_LAZY_STATE_PRESERVATION;
 8000ba8:	2615      	movs	r6, #21
 8000baa:	e7a9      	b.n	8000b00 <mem_manage_fault+0x48>
				z_check_thread_stack_fail(mmfar, ((uint32_t)&esf[0]));
 8000bac:	4621      	mov	r1, r4
 8000bae:	4640      	mov	r0, r8
 8000bb0:	f003 f8db 	bl	8003d6a <z_check_thread_stack_fail>
			if (min_stack_ptr) {
 8000bb4:	2800      	cmp	r0, #0
 8000bb6:	d0b2      	beq.n	8000b1e <mem_manage_fault+0x66>
  \details Assigns the given value to the Process Stack Pointer (PSP).
  \param [in]    topOfProcStack  Process Stack Pointer value to set
 */
__STATIC_FORCEINLINE void __set_PSP(uint32_t topOfProcStack)
{
  __ASM volatile ("MSR psp, %0" : : "r" (topOfProcStack) : );
 8000bb8:	f380 8809 	msr	PSP, r0
				reason = K_ERR_STACK_CHK_FAIL;
 8000bbc:	2602      	movs	r6, #2
 8000bbe:	e7ae      	b.n	8000b1e <mem_manage_fault+0x66>
 8000bc0:	0800556c 	.word	0x0800556c
 8000bc4:	e000ed00 	.word	0xe000ed00
 8000bc8:	08005584 	.word	0x08005584
 8000bcc:	08005370 	.word	0x08005370
 8000bd0:	080055b8 	.word	0x080055b8
 8000bd4:	080055d4 	.word	0x080055d4
 8000bd8:	080055ec 	.word	0x080055ec
 8000bdc:	080053f0 	.word	0x080053f0

08000be0 <hard_fault>:
{
 8000be0:	b570      	push	{r4, r5, r6, lr}
 8000be2:	4606      	mov	r6, r0
 8000be4:	460d      	mov	r5, r1
	PR_FAULT_INFO("***** HARD FAULT *****");
 8000be6:	4826      	ldr	r0, [pc, #152]	@ (8000c80 <hard_fault+0xa0>)
 8000be8:	f002 ff83 	bl	8003af2 <printk>
	*recoverable = false;
 8000bec:	2300      	movs	r3, #0
 8000bee:	702b      	strb	r3, [r5, #0]
	if ((SCB->HFSR & SCB_HFSR_VECTTBL_Msk) != 0) {
 8000bf0:	4b24      	ldr	r3, [pc, #144]	@ (8000c84 <hard_fault+0xa4>)
 8000bf2:	6adc      	ldr	r4, [r3, #44]	@ 0x2c
 8000bf4:	f014 0402 	ands.w	r4, r4, #2
 8000bf8:	d10a      	bne.n	8000c10 <hard_fault+0x30>
	} else if ((SCB->HFSR & SCB_HFSR_DEBUGEVT_Msk) != 0) {
 8000bfa:	4b22      	ldr	r3, [pc, #136]	@ (8000c84 <hard_fault+0xa4>)
 8000bfc:	6adb      	ldr	r3, [r3, #44]	@ 0x2c
 8000bfe:	2b00      	cmp	r3, #0
 8000c00:	db0b      	blt.n	8000c1a <hard_fault+0x3a>
	} else if ((SCB->HFSR & SCB_HFSR_FORCED_Msk) != 0) {
 8000c02:	4b20      	ldr	r3, [pc, #128]	@ (8000c84 <hard_fault+0xa4>)
 8000c04:	6adc      	ldr	r4, [r3, #44]	@ 0x2c
 8000c06:	f014 4480 	ands.w	r4, r4, #1073741824	@ 0x40000000
 8000c0a:	d10a      	bne.n	8000c22 <hard_fault+0x42>
}
 8000c0c:	4620      	mov	r0, r4
 8000c0e:	bd70      	pop	{r4, r5, r6, pc}
		PR_EXC("  Bus fault on vector table read");
 8000c10:	481d      	ldr	r0, [pc, #116]	@ (8000c88 <hard_fault+0xa8>)
 8000c12:	f002 ff6e 	bl	8003af2 <printk>
	uint32_t reason = K_ERR_CPU_EXCEPTION;
 8000c16:	2400      	movs	r4, #0
 8000c18:	e7f8      	b.n	8000c0c <hard_fault+0x2c>
		PR_EXC("  Debug event");
 8000c1a:	481c      	ldr	r0, [pc, #112]	@ (8000c8c <hard_fault+0xac>)
 8000c1c:	f002 ff69 	bl	8003af2 <printk>
 8000c20:	e7f4      	b.n	8000c0c <hard_fault+0x2c>
		PR_EXC("  Fault escalation (see below)");
 8000c22:	481b      	ldr	r0, [pc, #108]	@ (8000c90 <hard_fault+0xb0>)
 8000c24:	f002 ff65 	bl	8003af2 <printk>
		if (z_arm_is_synchronous_svc(esf)) {
 8000c28:	4630      	mov	r0, r6
 8000c2a:	f7ff fe15 	bl	8000858 <z_arm_is_synchronous_svc>
 8000c2e:	b998      	cbnz	r0, 8000c58 <hard_fault+0x78>
		} else if ((SCB->CFSR & SCB_CFSR_MEMFAULTSR_Msk) != 0) {
 8000c30:	4b14      	ldr	r3, [pc, #80]	@ (8000c84 <hard_fault+0xa4>)
 8000c32:	6a9b      	ldr	r3, [r3, #40]	@ 0x28
 8000c34:	f013 0fff 	tst.w	r3, #255	@ 0xff
 8000c38:	d114      	bne.n	8000c64 <hard_fault+0x84>
		} else if ((SCB->CFSR & SCB_CFSR_BUSFAULTSR_Msk) != 0) {
 8000c3a:	4b12      	ldr	r3, [pc, #72]	@ (8000c84 <hard_fault+0xa4>)
 8000c3c:	6a9c      	ldr	r4, [r3, #40]	@ 0x28
 8000c3e:	f414 447f 	ands.w	r4, r4, #65280	@ 0xff00
 8000c42:	d116      	bne.n	8000c72 <hard_fault+0x92>
		} else if ((SCB->CFSR & SCB_CFSR_USGFAULTSR_Msk) != 0) {
 8000c44:	4b0f      	ldr	r3, [pc, #60]	@ (8000c84 <hard_fault+0xa4>)
 8000c46:	6a9b      	ldr	r3, [r3, #40]	@ 0x28
 8000c48:	f5b3 3f80 	cmp.w	r3, #65536	@ 0x10000
 8000c4c:	d3de      	bcc.n	8000c0c <hard_fault+0x2c>
			reason = usage_fault(esf);
 8000c4e:	4630      	mov	r0, r6
 8000c50:	f7ff febc 	bl	80009cc <usage_fault>
 8000c54:	4604      	mov	r4, r0
	return reason;
 8000c56:	e7d9      	b.n	8000c0c <hard_fault+0x2c>
			PR_EXC("ARCH_EXCEPT with reason %x\n", esf->basic.r0);
 8000c58:	6831      	ldr	r1, [r6, #0]
 8000c5a:	480e      	ldr	r0, [pc, #56]	@ (8000c94 <hard_fault+0xb4>)
 8000c5c:	f002 ff49 	bl	8003af2 <printk>
			reason = esf->basic.r0;
 8000c60:	6834      	ldr	r4, [r6, #0]
 8000c62:	e7d3      	b.n	8000c0c <hard_fault+0x2c>
			reason = mem_manage_fault(esf, 1, recoverable);
 8000c64:	462a      	mov	r2, r5
 8000c66:	2101      	movs	r1, #1
 8000c68:	4630      	mov	r0, r6
 8000c6a:	f7ff ff25 	bl	8000ab8 <mem_manage_fault>
 8000c6e:	4604      	mov	r4, r0
 8000c70:	e7cc      	b.n	8000c0c <hard_fault+0x2c>
			reason = bus_fault(esf, 1, recoverable);
 8000c72:	462a      	mov	r2, r5
 8000c74:	2101      	movs	r1, #1
 8000c76:	4630      	mov	r0, r6
 8000c78:	f7ff fe32 	bl	80008e0 <bus_fault>
 8000c7c:	4604      	mov	r4, r0
 8000c7e:	e7c5      	b.n	8000c0c <hard_fault+0x2c>
 8000c80:	0800560c 	.word	0x0800560c
 8000c84:	e000ed00 	.word	0xe000ed00
 8000c88:	08005624 	.word	0x08005624
 8000c8c:	08005648 	.word	0x08005648
 8000c90:	08005658 	.word	0x08005658
 8000c94:	08005678 	.word	0x08005678

08000c98 <z_arm_fault>:
 * @param exc_return EXC_RETURN value present in LR after exception entry.
 * @param callee_regs Callee-saved registers (R4-R11, PSP)
 *
 */
void z_arm_fault(uint32_t msp, uint32_t psp, uint32_t exc_return, _callee_saved_t *callee_regs)
{
 8000c98:	b530      	push	{r4, r5, lr}
 8000c9a:	b08b      	sub	sp, #44	@ 0x2c
	uint32_t reason = K_ERR_CPU_EXCEPTION;
	int fault = SCB->ICSR & SCB_ICSR_VECTACTIVE_Msk;
 8000c9c:	4b1e      	ldr	r3, [pc, #120]	@ (8000d18 <z_arm_fault+0x80>)
 8000c9e:	685d      	ldr	r5, [r3, #4]
 8000ca0:	f3c5 0508 	ubfx	r5, r5, #0, #9
  \details Assigns the given value to the Base Priority register.
  \param [in]    basePri  Base Priority value to set
 */
__STATIC_FORCEINLINE void __set_BASEPRI(uint32_t basePri)
{
  __ASM volatile ("MSR basepri, %0" : : "r" (basePri) : "memory");
 8000ca4:	2300      	movs	r3, #0
 8000ca6:	f383 8811 	msr	BASEPRI, r3
 8000caa:	f3bf 8f6f 	isb	sy
	arch_irq_unlock(0);

	/* Retrieve the Exception Stack Frame (ESF) to be supplied
	 * as argument to the remainder of the fault handling process.
	 */
	esf = get_esf(msp, psp, exc_return, &nested_exc);
 8000cae:	f10d 0326 	add.w	r3, sp, #38	@ 0x26
 8000cb2:	f7ff fdf5 	bl	80008a0 <get_esf>
 8000cb6:	4604      	mov	r4, r0
	__ASSERT(esf != NULL, "ESF could not be retrieved successfully. Shall never occur.");

	z_arm_set_fault_sp(esf, exc_return);

	reason = fault_handle(esf, fault, &recoverable);
 8000cb8:	f10d 0227 	add.w	r2, sp, #39	@ 0x27
 8000cbc:	4629      	mov	r1, r5
 8000cbe:	f003 f81e 	bl	8003cfe <fault_handle>
	if (recoverable) {
 8000cc2:	f89d 3027 	ldrb.w	r3, [sp, #39]	@ 0x27
 8000cc6:	b10b      	cbz	r3, 8000ccc <z_arm_fault+0x34>
	 */
	if ((exc_return & 0xf000000f) == 0xf000000d) {
		arm_m_exc_tail();
	}
#endif
}
 8000cc8:	b00b      	add	sp, #44	@ 0x2c
 8000cca:	bd30      	pop	{r4, r5, pc}
 8000ccc:	4605      	mov	r5, r0
	memcpy(&esf_copy, esf, sizeof(struct arch_esf));
 8000cce:	f10d 0c04 	add.w	ip, sp, #4
 8000cd2:	6820      	ldr	r0, [r4, #0]
 8000cd4:	6861      	ldr	r1, [r4, #4]
 8000cd6:	68a2      	ldr	r2, [r4, #8]
 8000cd8:	68e3      	ldr	r3, [r4, #12]
 8000cda:	e8ac 000f 	stmia.w	ip!, {r0, r1, r2, r3}
 8000cde:	6920      	ldr	r0, [r4, #16]
 8000ce0:	6961      	ldr	r1, [r4, #20]
 8000ce2:	69a2      	ldr	r2, [r4, #24]
 8000ce4:	69e3      	ldr	r3, [r4, #28]
 8000ce6:	e8ac 000f 	stmia.w	ip!, {r0, r1, r2, r3}
	if (nested_exc) {
 8000cea:	f89d 3026 	ldrb.w	r3, [sp, #38]	@ 0x26
 8000cee:	b14b      	cbz	r3, 8000d04 <z_arm_fault+0x6c>
		if ((esf_copy.basic.xpsr & IPSR_ISR_Msk) == 0) {
 8000cf0:	9b08      	ldr	r3, [sp, #32]
 8000cf2:	f3c3 0208 	ubfx	r2, r3, #0, #9
 8000cf6:	b94a      	cbnz	r2, 8000d0c <z_arm_fault+0x74>
			esf_copy.basic.xpsr |= IPSR_ISR_Msk;
 8000cf8:	ea6f 2353 	mvn.w	r3, r3, lsr #9
 8000cfc:	ea6f 2343 	mvn.w	r3, r3, lsl #9
 8000d00:	9308      	str	r3, [sp, #32]
 8000d02:	e003      	b.n	8000d0c <z_arm_fault+0x74>
		esf_copy.basic.xpsr &= ~(IPSR_ISR_Msk);
 8000d04:	9b08      	ldr	r3, [sp, #32]
 8000d06:	f36f 0308 	bfc	r3, #0, #9
 8000d0a:	9308      	str	r3, [sp, #32]
	z_arm_fatal_error(reason, &esf_copy);
 8000d0c:	a901      	add	r1, sp, #4
 8000d0e:	4628      	mov	r0, r5
 8000d10:	f7ff fd5e 	bl	80007d0 <z_arm_fatal_error>
 8000d14:	e7d8      	b.n	8000cc8 <z_arm_fault+0x30>
 8000d16:	bf00      	nop
 8000d18:	e000ed00 	.word	0xe000ed00

08000d1c <z_arm_fault_init>:
 */
void z_arm_fault_init(void)
{
#if defined(CONFIG_ARMV6_M_ARMV8_M_BASELINE)
#elif defined(CONFIG_ARMV7_M_ARMV8_M_MAINLINE)
	SCB->CCR |= SCB_CCR_DIV_0_TRP_Msk;
 8000d1c:	4b04      	ldr	r3, [pc, #16]	@ (8000d30 <z_arm_fault_init+0x14>)
 8000d1e:	695a      	ldr	r2, [r3, #20]
 8000d20:	f042 0210 	orr.w	r2, r2, #16
 8000d24:	615a      	str	r2, [r3, #20]
	SCB->CCR |= SCB_CCR_STKOFHFNMIGN_Msk;
#endif /* CONFIG_BUILTIN_STACK_GUARD */
#ifdef CONFIG_TRAP_UNALIGNED_ACCESS
	SCB->CCR |= SCB_CCR_UNALIGN_TRP_Msk;
#else
	SCB->CCR &= ~SCB_CCR_UNALIGN_TRP_Msk;
 8000d26:	695a      	ldr	r2, [r3, #20]
 8000d28:	f022 0208 	bic.w	r2, r2, #8
 8000d2c:	615a      	str	r2, [r3, #20]
#endif /* CONFIG_TRAP_UNALIGNED_ACCESS */
}
 8000d2e:	4770      	bx	lr
 8000d30:	e000ed00 	.word	0xe000ed00

08000d34 <z_arm_bus_fault>:
#else
#error Unknown ARM architecture
#endif /* CONFIG_ARMV6_M_ARMV8_M_BASELINE */
SECTION_SUBSEC_FUNC(TEXT,__fault,z_arm_exc_spurious)

	mrs r0, MSP
 8000d34:	f3ef 8008 	mrs	r0, MSP
	mrs r1, PSP
 8000d38:	f3ef 8109 	mrs	r1, PSP
	push {r0, lr}
 8000d3c:	b501      	push	{r0, lr}
#elif defined(CONFIG_ARMV7_M_ARMV8_M_MAINLINE)
	push {r4-r11}
#endif
	mov  r3, sp /* pointer to _callee_saved_t */
#endif /* CONFIG_EXTRA_EXCEPTION_INFO */
	mov r2, lr /* EXC_RETURN */
 8000d3e:	4672      	mov	r2, lr
	bl z_arm_fault
 8000d40:	f7ff ffaa 	bl	8000c98 <z_arm_fault>
	 * in this routine. Therefore, we can just reset
	 * the MSP to its value prior to entering the function
	 */
	add sp, #40
#endif
	pop {r0, pc}
 8000d44:	bd01      	pop	{r0, pc}
 8000d46:	bf00      	nop

08000d48 <__start>:
     *
     * Since these scenarios cover most of the cases, we set MSP to
     * z_main_stack here.
     *
     */
    ldr r0, =z_main_stack + CONFIG_MAIN_STACK_SIZE
 8000d48:	480c      	ldr	r0, [pc, #48]	@ (8000d7c <__start+0x34>)
    msr msp, r0
 8000d4a:	f380 8808 	msr	MSP, r0
     *       to avoid any issues with suspend/resume path.
     *       Refer issue #83660 for more details.
     */
#if defined(CONFIG_DEBUG_THREAD_INFO)
    /* Clear z_sys_post_kernel flag for RTOS aware debuggers */
    movs.n r0, #0
 8000d4e:	2000      	movs	r0, #0
    ldr r1, =z_sys_post_kernel
 8000d50:	490b      	ldr	r1, [pc, #44]	@ (8000d80 <__start+0x38>)
    strb r0, [r1]
 8000d52:	7008      	strb	r0, [r1, #0]

    /* lock interrupts: will get unlocked when switch to main task */
#if defined(CONFIG_ARMV6_M_ARMV8_M_BASELINE)
    cpsid i
#elif defined(CONFIG_ARMV7_M_ARMV8_M_MAINLINE)
    movs.n r0, #_EXC_IRQ_DEFAULT_PRIO
 8000d54:	2010      	movs	r0, #16
    msr BASEPRI, r0
 8000d56:	f380 8811 	msr	BASEPRI, r0

    /*
     * Set PSP and use it to boot without using MSP, so that it
     * gets set to z_interrupt_stacks during initialization.
     */
    ldr r0, =z_interrupt_stacks
 8000d5a:	480a      	ldr	r0, [pc, #40]	@ (8000d84 <__start+0x3c>)
    ldr r1, =CONFIG_ISR_STACK_SIZE + MPU_GUARD_ALIGN_AND_SIZE
 8000d5c:	f44f 6104 	mov.w	r1, #2112	@ 0x840
    adds r0, r0, r1
 8000d60:	1840      	adds	r0, r0, r1
    msr PSP, r0
 8000d62:	f380 8809 	msr	PSP, r0
    mrs r0, CONTROL
 8000d66:	f3ef 8014 	mrs	r0, CONTROL
    movs r1, #(2 | CONTROL_ARM_PAC_MASK | CONTROL_ARM_BTI_MASK)
 8000d6a:	2102      	movs	r1, #2
    orrs r0, r1 /* CONTROL_SPSEL_Msk */
 8000d6c:	4308      	orrs	r0, r1
    msr CONTROL, r0
 8000d6e:	f380 8814 	msr	CONTROL, r0
    /*
     * When changing the stack pointer, software must use an ISB instruction
     * immediately after the MSR instruction. This ensures that instructions
     * after the ISB instruction execute using the new stack pointer.
     */
    isb
 8000d72:	f3bf 8f6f 	isb	sy
    /*
     * 'bl' jumps the furthest of the branch instructions that are
     * supported on all platforms. So it is used when jumping to z_prep_c
     * (even though we do not intend to return).
     */
    bl z_prep_c
 8000d76:	f000 f849 	bl	8000e0c <z_prep_c>
 8000d7a:	0000      	.short	0x0000
    ldr r0, =z_main_stack + CONFIG_MAIN_STACK_SIZE
 8000d7c:	20001200 	.word	0x20001200
    ldr r1, =z_sys_post_kernel
 8000d80:	20000405 	.word	0x20000405
    ldr r0, =z_interrupt_stacks
 8000d84:	20000440 	.word	0x20000440

08000d88 <z_arm_svc>:
  bne .L_stack_frame_endif
.L_stack_frame_msp:
  mrs r0, MSP
.L_stack_frame_endif:
#elif defined(CONFIG_ARMV7_M_ARMV8_M_MAINLINE)
    tst lr, #_EXC_RETURN_SPSEL_Msk /* did we come from thread mode ? */
 8000d88:	f01e 0f04 	tst.w	lr, #4
    ite eq  /* if zero (equal), came from handler mode */
 8000d8c:	bf0c      	ite	eq
        mrseq r0, MSP   /* handler mode, stack frame is on MSP */
 8000d8e:	f3ef 8008 	mrseq	r0, MSP
        mrsne r0, PSP   /* thread mode, stack frame is on PSP */
 8000d92:	f3ef 8009 	mrsne	r0, PSP
#endif


    /* Figure out what SVC call number was invoked */

    ldr r1, [r0, #24]   /* grab address of PC from stack frame */
 8000d96:	6981      	ldr	r1, [r0, #24]
     */
#if defined(CONFIG_ARMV6_M_ARMV8_M_BASELINE)
    subs r1, r1, #2
    ldrb r1, [r1]
#elif defined(CONFIG_ARMV7_M_ARMV8_M_MAINLINE)
    ldrb r1, [r1, #-2]
 8000d98:	f811 1c02 	ldrb.w	r1, [r1, #-2]
#endif
    bne .L_oops

#endif /* CONFIG_USERSPACE */

    cmp r1, #2
 8000d9c:	2902      	cmp	r1, #2
    beq .L_oops
 8000d9e:	d0ff      	beq.n	8000da0 <z_arm_svc+0x18>
#endif

#endif

.L_oops:
    push {r0, lr}
 8000da0:	b501      	push	{r0, lr}
#else
#error Unknown ARM architecture
#endif
    mov  r1, sp /* pointer to _callee_saved_t */
#endif /* CONFIG_EXTRA_EXCEPTION_INFO */
    mov r2, lr /* EXC_RETURN */
 8000da2:	4672      	mov	r2, lr
    bl z_do_kernel_oops
 8000da4:	f002 ff9d 	bl	8003ce2 <z_do_kernel_oops>

#ifdef CONFIG_USE_SWITCH
    bl arm_m_legacy_exit
#endif

    pop {r0, pc}
 8000da8:	bd01      	pop	{r0, pc}
 8000daa:	bf00      	nop

08000dac <__NVIC_EnableIRQ>:
  \param [in]      IRQn  Device specific interrupt number.
  \note    IRQn must not be negative.
 */
__STATIC_INLINE void __NVIC_EnableIRQ(IRQn_Type IRQn)
{
  if ((int32_t)(IRQn) >= 0)
 8000dac:	2800      	cmp	r0, #0
 8000dae:	db07      	blt.n	8000dc0 <__NVIC_EnableIRQ+0x14>
  {
    __COMPILER_BARRIER();
    NVIC->ISER[(((uint32_t)IRQn) >> 5UL)] = (uint32_t)(1UL << (((uint32_t)IRQn) & 0x1FUL));
 8000db0:	f000 021f 	and.w	r2, r0, #31
 8000db4:	0940      	lsrs	r0, r0, #5
 8000db6:	2301      	movs	r3, #1
 8000db8:	4093      	lsls	r3, r2
 8000dba:	4a02      	ldr	r2, [pc, #8]	@ (8000dc4 <__NVIC_EnableIRQ+0x18>)
 8000dbc:	f842 3020 	str.w	r3, [r2, r0, lsl #2]
    __COMPILER_BARRIER();
  }
}
 8000dc0:	4770      	bx	lr
 8000dc2:	bf00      	nop
 8000dc4:	e000e100 	.word	0xe000e100

08000dc8 <__NVIC_SetPriority>:
  \param [in]  priority  Priority to set.
  \note    The priority cannot be set for every processor exception.
 */
__STATIC_INLINE void __NVIC_SetPriority(IRQn_Type IRQn, uint32_t priority)
{
  if ((int32_t)(IRQn) >= 0)
 8000dc8:	2800      	cmp	r0, #0
 8000dca:	db08      	blt.n	8000dde <__NVIC_SetPriority+0x16>
  {
    NVIC->IPR[((uint32_t)IRQn)]               = (uint8_t)((priority << (8U - __NVIC_PRIO_BITS)) & (uint32_t)0xFFUL);
 8000dcc:	0109      	lsls	r1, r1, #4
 8000dce:	b2c9      	uxtb	r1, r1
 8000dd0:	f100 4060 	add.w	r0, r0, #3758096384	@ 0xe0000000
 8000dd4:	f500 4061 	add.w	r0, r0, #57600	@ 0xe100
 8000dd8:	f880 1300 	strb.w	r1, [r0, #768]	@ 0x300
 8000ddc:	4770      	bx	lr
  }
  else
  {
    SCB->SHPR[(((uint32_t)IRQn) & 0xFUL)-4UL] = (uint8_t)((priority << (8U - __NVIC_PRIO_BITS)) & (uint32_t)0xFFUL);
 8000dde:	f000 000f 	and.w	r0, r0, #15
 8000de2:	0109      	lsls	r1, r1, #4
 8000de4:	b2c9      	uxtb	r1, r1
 8000de6:	4b01      	ldr	r3, [pc, #4]	@ (8000dec <__NVIC_SetPriority+0x24>)
 8000de8:	5419      	strb	r1, [r3, r0]
  }
}
 8000dea:	4770      	bx	lr
 8000dec:	e000ed14 	.word	0xe000ed14

08000df0 <relocate_vector_table>:
	/* Copy vector table to its location in SRAM */
	size_t vector_size = (size_t)_vector_end - (size_t)_vector_start;

	arch_early_memcpy(_sram_vector_start, _vector_start, vector_size);
#endif
	SCB->VTOR = VECTOR_ADDRESS & VTOR_MASK;
 8000df0:	4b04      	ldr	r3, [pc, #16]	@ (8000e04 <relocate_vector_table+0x14>)
 8000df2:	f023 037f 	bic.w	r3, r3, #127	@ 0x7f
 8000df6:	4a04      	ldr	r2, [pc, #16]	@ (8000e08 <relocate_vector_table+0x18>)
 8000df8:	6093      	str	r3, [r2, #8]
  __ASM volatile ("dsb 0xF":::"memory");
 8000dfa:	f3bf 8f4f 	dsb	sy
  __ASM volatile ("isb 0xF":::"memory");
 8000dfe:	f3bf 8f6f 	isb	sy
	barrier_dsync_fence_full();
	barrier_isync_fence_full();
}
 8000e02:	4770      	bx	lr
 8000e04:	08000000 	.word	0x08000000
 8000e08:	e000ed00 	.word	0xe000ed00

08000e0c <z_prep_c>:
 *
 * This routine prepares for the execution of and runs C code.
 *
 */
FUNC_NORETURN void z_prep_c(void)
{
 8000e0c:	b508      	push	{r3, lr}
	soc_prep_hook();

	relocate_vector_table();
 8000e0e:	f7ff ffef 	bl	8000df0 <relocate_vector_table>
	SCB->CPACR &= (~(CPACR_CP10_Msk | CPACR_CP11_Msk));
 8000e12:	4a0b      	ldr	r2, [pc, #44]	@ (8000e40 <z_prep_c+0x34>)
 8000e14:	f8d2 3088 	ldr.w	r3, [r2, #136]	@ 0x88
 8000e18:	f423 0370 	bic.w	r3, r3, #15728640	@ 0xf00000
 8000e1c:	f8c2 3088 	str.w	r3, [r2, #136]	@ 0x88
  __ASM volatile ("MRS %0, control" : "=r" (result) );
 8000e20:	f3ef 8314 	mrs	r3, CONTROL
	__set_CONTROL(__get_CONTROL() & (~(CONTROL_FPCA_Msk)));
 8000e24:	f023 0304 	bic.w	r3, r3, #4
  __ASM volatile ("MSR control, %0" : : "r" (control) : "memory");
 8000e28:	f383 8814 	msr	CONTROL, r3
 8000e2c:	f3bf 8f6f 	isb	sy
#if defined(CONFIG_CPU_HAS_FPU)
	z_arm_floating_point_init();
#endif
	arch_bss_zero();
 8000e30:	f7ff fc88 	bl	8000744 <arch_bss_zero>
	arch_data_copy();
 8000e34:	f7ff fc92 	bl	800075c <arch_data_copy>
#if defined(CONFIG_ARM_CUSTOM_INTERRUPT_CONTROLLER)
	/* Invoke SoC-specific interrupt controller initialization */
	z_soc_irq_init();
#else
	z_arm_interrupt_init();
 8000e38:	f000 f8cc 	bl	8000fd4 <z_arm_interrupt_init>
#endif

#ifdef CONFIG_NULL_POINTER_EXCEPTION_DETECTION_DWT
	z_arm_debug_enable_null_pointer_detection();
#endif
	z_cstart();
 8000e3c:	f001 f97c 	bl	8002138 <z_cstart>
 8000e40:	e000ed00 	.word	0xe000ed00

08000e44 <min_stack>:
 *         thread stack corruption, otherwise return 0.
 */
static uint32_t min_stack(const uint32_t fault_addr, const uint32_t psp)
{
#if defined(CONFIG_MULTITHREADING)
	const struct k_thread *thread = _current;
 8000e44:	4b10      	ldr	r3, [pc, #64]	@ (8000e88 <min_stack+0x44>)
 8000e46:	689b      	ldr	r3, [r3, #8]

	if (thread == NULL) {
 8000e48:	b1bb      	cbz	r3, 8000e7a <min_stack+0x36>
			return thread->stack_info.start;
		}
	}
#else /* CONFIG_USERSPACE */
#if defined(CONFIG_MULTITHREADING)
	if (IS_MPU_GUARD_VIOLATION(thread->stack_info.start - guard_len, guard_len, fault_addr,
 8000e4a:	f110 0f16 	cmn.w	r0, #22
 8000e4e:	d00b      	beq.n	8000e68 <min_stack+0x24>
 8000e50:	f8d3 2094 	ldr.w	r2, [r3, #148]	@ 0x94
 8000e54:	f1a2 0c40 	sub.w	ip, r2, #64	@ 0x40
 8000e58:	4584      	cmp	ip, r0
 8000e5a:	d810      	bhi.n	8000e7e <min_stack+0x3a>
 8000e5c:	4282      	cmp	r2, r0
 8000e5e:	d910      	bls.n	8000e82 <min_stack+0x3e>
 8000e60:	428a      	cmp	r2, r1
 8000e62:	d807      	bhi.n	8000e74 <min_stack+0x30>
		return (uint32_t)K_THREAD_STACK_BUFFER(z_main_stack);
	}
#endif
#endif /* CONFIG_USERSPACE */

	return 0;
 8000e64:	2000      	movs	r0, #0
 8000e66:	4770      	bx	lr
	if (IS_MPU_GUARD_VIOLATION(thread->stack_info.start - guard_len, guard_len, fault_addr,
 8000e68:	f8d3 2094 	ldr.w	r2, [r3, #148]	@ 0x94
 8000e6c:	428a      	cmp	r2, r1
 8000e6e:	d801      	bhi.n	8000e74 <min_stack+0x30>
	return 0;
 8000e70:	2000      	movs	r0, #0
}
 8000e72:	4770      	bx	lr
		return thread->stack_info.start;
 8000e74:	f8d3 0094 	ldr.w	r0, [r3, #148]	@ 0x94
 8000e78:	4770      	bx	lr
		return 0;
 8000e7a:	2000      	movs	r0, #0
 8000e7c:	4770      	bx	lr
	return 0;
 8000e7e:	2000      	movs	r0, #0
 8000e80:	4770      	bx	lr
 8000e82:	2000      	movs	r0, #0
 8000e84:	4770      	bx	lr
 8000e86:	bf00      	nop
 8000e88:	200003d0 	.word	0x200003d0

08000e8c <arch_new_thread>:
{
 8000e8c:	b410      	push	{r4}
	struct __basic_sf *iframe = Z_STACK_PTR_TO_FRAME(struct __basic_sf, stack_ptr);
 8000e8e:	f1a2 0420 	sub.w	r4, r2, #32
	iframe->pc = (uint32_t)entry_wrapper;
 8000e92:	490e      	ldr	r1, [pc, #56]	@ (8000ecc <arch_new_thread+0x40>)
 8000e94:	f842 1c08 	str.w	r1, [r2, #-8]
	iframe->pc &= 0xfffffffe;
 8000e98:	f021 0101 	bic.w	r1, r1, #1
 8000e9c:	f842 1c08 	str.w	r1, [r2, #-8]
	iframe->a1 = (uint32_t)entry;
 8000ea0:	f842 3c20 	str.w	r3, [r2, #-32]
	iframe->a2 = (uint32_t)p1;
 8000ea4:	9b01      	ldr	r3, [sp, #4]
 8000ea6:	f842 3c1c 	str.w	r3, [r2, #-28]
	iframe->a3 = (uint32_t)p2;
 8000eaa:	9b02      	ldr	r3, [sp, #8]
 8000eac:	f842 3c18 	str.w	r3, [r2, #-24]
	iframe->a4 = (uint32_t)p3;
 8000eb0:	9b03      	ldr	r3, [sp, #12]
 8000eb2:	f842 3c14 	str.w	r3, [r2, #-20]
	iframe->xpsr = 0x01000000UL; /* clear all, thumb bit is 1, even if RO */
 8000eb6:	f04f 7380 	mov.w	r3, #16777216	@ 0x1000000
 8000eba:	f842 3c04 	str.w	r3, [r2, #-4]
	thread->callee_saved.psp = (uint32_t)iframe;
 8000ebe:	6504      	str	r4, [r0, #80]	@ 0x50
	thread->arch.basepri = 0;
 8000ec0:	2300      	movs	r3, #0
 8000ec2:	f8c0 30a8 	str.w	r3, [r0, #168]	@ 0xa8
}
 8000ec6:	bc10      	pop	{r4}
 8000ec8:	4770      	bx	lr
 8000eca:	bf00      	nop
 8000ecc:	08000639 	.word	0x08000639

08000ed0 <arch_switch_to_main_thread>:
#endif /* CONFIG_FPU */
}

void arch_switch_to_main_thread(struct k_thread *main_thread, char *stack_ptr,
				k_thread_entry_t _main)
{
 8000ed0:	b508      	push	{r3, lr}
 8000ed2:	460e      	mov	r6, r1
 8000ed4:	4615      	mov	r5, r2
	z_arm_prepare_switch_to_main();

	z_current_thread_set(main_thread);
 8000ed6:	4a0c      	ldr	r2, [pc, #48]	@ (8000f08 <arch_switch_to_main_thread+0x38>)
 8000ed8:	6090      	str	r0, [r2, #8]
	 * thread for the first time, as the pointer is only set
	 * during context switching.
	 */
	extern uintptr_t z_arm_tls_ptr;

	z_arm_tls_ptr = main_thread->tls;
 8000eda:	f8d0 20a4 	ldr.w	r2, [r0, #164]	@ 0xa4
 8000ede:	4b0b      	ldr	r3, [pc, #44]	@ (8000f0c <arch_switch_to_main_thread+0x3c>)
 8000ee0:	601a      	str	r2, [r3, #0]
#if defined(CONFIG_MPU_STACK_GUARD) || defined(CONFIG_USERSPACE)
	/*
	 * If stack protection is enabled, make sure to set it
	 * before jumping to thread entry function
	 */
	z_arm_configure_dynamic_mpu_regions(main_thread);
 8000ee2:	f000 f8b5 	bl	8001050 <z_arm_configure_dynamic_mpu_regions>
	 * with the thread entry process.
	 *
	 * When calling arch_irq_unlock_outlined, LR is lost which is fine since
	 * we do not intend to return after calling z_thread_entry.
	 */
	__asm__ volatile("mov   r4,  %0\n" /* force _main to be stored in a register */
 8000ee6:	462c      	mov	r4, r5
 8000ee8:	f386 8809 	msr	PSP, r6
 8000eec:	2000      	movs	r0, #0
 8000eee:	4b04      	ldr	r3, [pc, #16]	@ (8000f00 <arch_switch_to_main_thread+0x30>)
 8000ef0:	4798      	blx	r3
 8000ef2:	4620      	mov	r0, r4
 8000ef4:	2100      	movs	r1, #0
 8000ef6:	2200      	movs	r2, #0
 8000ef8:	2300      	movs	r3, #0
 8000efa:	4c02      	ldr	r4, [pc, #8]	@ (8000f04 <arch_switch_to_main_thread+0x34>)
 8000efc:	4720      	bx	r4
 8000efe:	0000      	.short	0x0000
 8000f00:	08003d79 	.word	0x08003d79
 8000f04:	08000639 	.word	0x08000639
#endif
			 :
			 : "r"(_main), "r"(stack_ptr)
			 : "r0", "r1", "r2", "r3", "r4", "ip", "lr", "memory");

	CODE_UNREACHABLE;
 8000f08:	200003d0 	.word	0x200003d0
 8000f0c:	20000328 	.word	0x20000328

08000f10 <z_arm_cpu_idle_init>:
 * Only called by arch_kernel_init(). Sets SEVONPEND bit once for the system's
 * duration.
 */
void z_arm_cpu_idle_init(void)
{
	SCB->SCR = SCB_SCR_SEVONPEND_Msk;
 8000f10:	4b01      	ldr	r3, [pc, #4]	@ (8000f18 <z_arm_cpu_idle_init+0x8>)
 8000f12:	2210      	movs	r2, #16
 8000f14:	611a      	str	r2, [r3, #16]
}
 8000f16:	4770      	bx	lr
 8000f18:	e000ed00 	.word	0xe000ed00

08000f1c <z_arm_exc_exit>:
 *
 */
Z_GENERIC_SECTION(.text._HandlerModeExit) void z_arm_exc_exit(void)
{
#ifdef CONFIG_PREEMPT_ENABLED
	if (_kernel.ready_q.cache != _kernel.cpus->current) {
 8000f1c:	4b05      	ldr	r3, [pc, #20]	@ (8000f34 <z_arm_exc_exit+0x18>)
 8000f1e:	695a      	ldr	r2, [r3, #20]
 8000f20:	689b      	ldr	r3, [r3, #8]
 8000f22:	429a      	cmp	r2, r3
 8000f24:	d004      	beq.n	8000f30 <z_arm_exc_exit+0x14>
		SCB->ICSR |= SCB_ICSR_PENDSVSET_Msk;
 8000f26:	4a04      	ldr	r2, [pc, #16]	@ (8000f38 <z_arm_exc_exit+0x1c>)
 8000f28:	6853      	ldr	r3, [r2, #4]
 8000f2a:	f043 5380 	orr.w	r3, r3, #268435456	@ 0x10000000
 8000f2e:	6053      	str	r3, [r2, #4]
#endif /* CONFIG_PREEMPT_ENABLED */

#ifdef CONFIG_STACK_SENTINEL
	z_check_stack_sentinel();
#endif /* CONFIG_STACK_SENTINEL */
}
 8000f30:	4770      	bx	lr
 8000f32:	bf00      	nop
 8000f34:	200003d0 	.word	0x200003d0
 8000f38:	e000ed00 	.word	0xe000ed00

08000f3c <z_impl_k_thread_abort>:
#include <zephyr/linker/sections.h>
#include <kswap.h>
#include <zephyr/sys/__assert.h>

void z_impl_k_thread_abort(k_tid_t thread)
{
 8000f3c:	b508      	push	{r3, lr}
	SYS_PORT_TRACING_OBJ_FUNC_ENTER(k_thread, abort, thread);

	if (_current == thread) {
 8000f3e:	4b0a      	ldr	r3, [pc, #40]	@ (8000f68 <z_impl_k_thread_abort+0x2c>)
 8000f40:	689b      	ldr	r3, [r3, #8]
 8000f42:	4283      	cmp	r3, r0
 8000f44:	d002      	beq.n	8000f4c <z_impl_k_thread_abort+0x10>
			 */
			SCB->SHCSR &= ~SCB_SHCSR_SVCALLPENDED_Msk;
		}
	}

	z_thread_abort(thread);
 8000f46:	f001 fc7b 	bl	8002840 <z_thread_abort>

	SYS_PORT_TRACING_OBJ_FUNC_EXIT(k_thread, abort, thread);
}
 8000f4a:	bd08      	pop	{r3, pc}
  __ASM volatile ("MRS %0, ipsr" : "=r" (result) );
 8000f4c:	f3ef 8305 	mrs	r3, IPSR
		if (arch_is_in_isr()) {
 8000f50:	2b00      	cmp	r3, #0
 8000f52:	d0f8      	beq.n	8000f46 <z_impl_k_thread_abort+0xa>
			SCB->ICSR |= SCB_ICSR_PENDSVSET_Msk;
 8000f54:	4b05      	ldr	r3, [pc, #20]	@ (8000f6c <z_impl_k_thread_abort+0x30>)
 8000f56:	685a      	ldr	r2, [r3, #4]
 8000f58:	f042 5280 	orr.w	r2, r2, #268435456	@ 0x10000000
 8000f5c:	605a      	str	r2, [r3, #4]
			SCB->SHCSR &= ~SCB_SHCSR_SVCALLPENDED_Msk;
 8000f5e:	6a5a      	ldr	r2, [r3, #36]	@ 0x24
 8000f60:	f422 4200 	bic.w	r2, r2, #32768	@ 0x8000
 8000f64:	625a      	str	r2, [r3, #36]	@ 0x24
 8000f66:	e7ee      	b.n	8000f46 <z_impl_k_thread_abort+0xa>
 8000f68:	200003d0 	.word	0x200003d0
 8000f6c:	e000ed00 	.word	0xe000ed00

08000f70 <z_arm_pendsv>:
    /* load _kernel into r1 and current k_thread into r2 */
#if defined(CONFIG_SLOW_FLASH_DATA)
    movw r1, #:lower16:_kernel
    movt r1, #:upper16:_kernel
#else
    ldr r1, =_kernel
 8000f70:	4915      	ldr	r1, [pc, #84]	@ (8000fc8 <z_arm_pendsv+0x58>)
#endif
    ldr r2, [r1, #_kernel_offset_to_current]
 8000f72:	688a      	ldr	r2, [r1, #8]
    /* Store LSB of LR (EXC_RETURN) to the thread's 'mode' word. */
    strb lr, [r2, #_thread_offset_to_mode_exc_return]
#endif

    /* addr of callee-saved regs in thread in r0 */
    ldr r0, =_thread_offset_to_callee_saved
 8000f74:	f04f 0030 	mov.w	r0, #48	@ 0x30
    add r0, r2
 8000f78:	4410      	add	r0, r2

    /* save callee-saved + psp in thread */
    mrs ip, PSP
 8000f7a:	f3ef 8c09 	mrs	ip, PSP
    mov r6, r11
    mov r7, ip
    /* store r8-12 */
    stmea r0!, {r3-r7}
#elif defined(CONFIG_ARMV7_M_ARMV8_M_MAINLINE)
    stmia r0, {r4-r11, ip}
 8000f7e:	e880 1ff0 	stmia.w	r0, {r4, r5, r6, r7, r8, r9, sl, fp, ip}

    /* Protect the kernel state while we play with the thread lists */
#if defined(CONFIG_ARMV6_M_ARMV8_M_BASELINE)
    cpsid i
#elif defined(CONFIG_ARMV7_M_ARMV8_M_MAINLINE)
    movs.n r0, #_EXC_IRQ_DEFAULT_PRIO
 8000f82:	2010      	movs	r0, #16
    msr BASEPRI_MAX, r0
 8000f84:	f380 8812 	msr	BASEPRI_MAX, r0
    isb /* Make the effect of disabling interrupts be realized immediately */
 8000f88:	f3bf 8f6f 	isb	sy
     */
#if defined(CONFIG_SLOW_FLASH_DATA)
    movw r7, #:lower16:_SCS_ICSR
    movt r7, #:upper16:_SCS_ICSR
#else
    ldr r7, =_SCS_ICSR
 8000f8c:	4f0f      	ldr	r7, [pc, #60]	@ (8000fcc <z_arm_pendsv+0x5c>)
#endif
    ldr r6, =_SCS_ICSR_UNPENDSV
 8000f8e:	f04f 6600 	mov.w	r6, #134217728	@ 0x8000000

    /* _kernel is still in r1 */

    /* fetch the thread to run from the ready queue cache */
    ldr r2, [r1, #_kernel_offset_to_ready_q_cache]
 8000f92:	694a      	ldr	r2, [r1, #20]

    str r2, [r1, #_kernel_offset_to_current]
 8000f94:	608a      	str	r2, [r1, #8]
     * since they were based on the previous kernel state and this
     * has been handled.
     */

    /* _SCS_ICSR is still in r7 and _SCS_ICSR_UNPENDSV in r6 */
    str r6, [r7, #0]
 8000f96:	603e      	str	r6, [r7, #0]
#if defined(CONFIG_ARMV6_M_ARMV8_M_BASELINE)
    ldr r4, =_thread_offset_to_tls
    adds r4, r2, r4
    ldr r0, [r4]
#else
    ldr r0, [r2, #_thread_offset_to_tls]
 8000f98:	f8d2 00a4 	ldr.w	r0, [r2, #164]	@ 0xa4

    /* For Cortex-M, store TLS pointer in a global variable,
     * as it lacks the process ID or thread ID register
     * to be used by toolchain to access thread data.
     */
    ldr r4, =z_arm_tls_ptr
 8000f9c:	4c0c      	ldr	r4, [pc, #48]	@ (8000fd0 <z_arm_pendsv+0x60>)
    str r0, [r4]
 8000f9e:	6020      	str	r0, [r4, #0]

    ldr r0, [r4]
    movs.n r3, #0
    str r3, [r4]
#else
    ldr r0, [r2, #_thread_offset_to_basepri]
 8000fa0:	f8d2 00a8 	ldr.w	r0, [r2, #168]	@ 0xa8
    movs r3, #0
 8000fa4:	2300      	movs	r3, #0
    str r3, [r2, #_thread_offset_to_basepri]
 8000fa6:	f8c2 30a8 	str.w	r3, [r2, #168]	@ 0xa8
    /* restore r4-r7, go back 9*4 bytes to the start of the stored block */
    subs r0, #36
    ldmia r0!, {r4-r7}
#elif defined(CONFIG_ARMV7_M_ARMV8_M_MAINLINE)
    /* restore BASEPRI for the incoming thread */
    msr BASEPRI, r0
 8000faa:	f380 8811 	msr	BASEPRI, r0
    isb
#endif

#if defined(CONFIG_MPU_STACK_GUARD) || defined(CONFIG_USERSPACE)
    /* Re-program dynamic memory map */
    push {r2,lr}
 8000fae:	b504      	push	{r2, lr}
    mov r0, r2 /* _current thread */
 8000fb0:	4610      	mov	r0, r2
    bl z_arm_configure_dynamic_mpu_regions
 8000fb2:	f000 f84d 	bl	8001050 <z_arm_configure_dynamic_mpu_regions>
    pop {r2,lr}
 8000fb6:	e8bd 4004 	ldmia.w	sp!, {r2, lr}
    msr  PAC_KEY_P_3, r6
    clrm {r3-r6}
#endif /* CONFIG_ARM_PAC_PER_THREAD */

    /* load callee-saved + psp from thread */
    add r0, r2, #_thread_offset_to_callee_saved
 8000fba:	f102 0030 	add.w	r0, r2, #48	@ 0x30
    ldmia r0, {r4-r11, ip}
 8000fbe:	e890 1ff0 	ldmia.w	r0, {r4, r5, r6, r7, r8, r9, sl, fp, ip}
#else
#error Unknown ARM architecture
#endif /* CONFIG_ARMV6_M_ARMV8_M_BASELINE */

    msr PSP, ip
 8000fc2:	f38c 8809 	msr	PSP, ip
#endif /* CONFIG_INSTRUMENT_THREAD_SWITCHING */

    /*
     * Cortex-M: return from PendSV exception
     */
    bx lr
 8000fc6:	4770      	bx	lr
    ldr r1, =_kernel
 8000fc8:	200003d0 	.word	0x200003d0
    ldr r7, =_SCS_ICSR
 8000fcc:	e000ed04 	.word	0xe000ed04
    ldr r4, =z_arm_tls_ptr
 8000fd0:	20000328 	.word	0x20000328

08000fd4 <z_arm_interrupt_init>:
 *
 */

void z_arm_interrupt_init(void)
{
	int irq = 0;
 8000fd4:	2200      	movs	r2, #0

/* CONFIG_2ND_LVL_ISR_TBL_OFFSET could be treated as total number of level1 interrupts */
#if defined(CONFIG_MULTI_LEVEL_INTERRUPTS) && defined(CONFIG_2ND_LVL_ISR_TBL_OFFSET)
	for (; irq < CONFIG_2ND_LVL_ISR_TBL_OFFSET; irq++) {
#else
	for (; irq < CONFIG_NUM_IRQS; irq++) {
 8000fd6:	e006      	b.n	8000fe6 <z_arm_interrupt_init+0x12>
    SCB->SHPR[(((uint32_t)IRQn) & 0xFUL)-4UL] = (uint8_t)((priority << (8U - __NVIC_PRIO_BITS)) & (uint32_t)0xFFUL);
 8000fd8:	f003 030f 	and.w	r3, r3, #15
 8000fdc:	4909      	ldr	r1, [pc, #36]	@ (8001004 <z_arm_interrupt_init+0x30>)
 8000fde:	4419      	add	r1, r3
 8000fe0:	2310      	movs	r3, #16
 8000fe2:	760b      	strb	r3, [r1, #24]
 8000fe4:	3201      	adds	r2, #1
 8000fe6:	2a49      	cmp	r2, #73	@ 0x49
 8000fe8:	dc0a      	bgt.n	8001000 <z_arm_interrupt_init+0x2c>
#endif
		NVIC_SetPriority((IRQn_Type)irq, _IRQ_PRIO_OFFSET);
 8000fea:	b253      	sxtb	r3, r2
  if ((int32_t)(IRQn) >= 0)
 8000fec:	2b00      	cmp	r3, #0
 8000fee:	dbf3      	blt.n	8000fd8 <z_arm_interrupt_init+0x4>
    NVIC->IPR[((uint32_t)IRQn)]               = (uint8_t)((priority << (8U - __NVIC_PRIO_BITS)) & (uint32_t)0xFFUL);
 8000ff0:	f103 4360 	add.w	r3, r3, #3758096384	@ 0xe0000000
 8000ff4:	f503 4361 	add.w	r3, r3, #57600	@ 0xe100
 8000ff8:	2110      	movs	r1, #16
 8000ffa:	f883 1300 	strb.w	r1, [r3, #768]	@ 0x300
 8000ffe:	e7f1      	b.n	8000fe4 <z_arm_interrupt_init+0x10>
	}
}
 8001000:	4770      	bx	lr
 8001002:	bf00      	nop
 8001004:	e000ecfc 	.word	0xe000ecfc

08001008 <_isr_wrapper>:
 * z_arm_pendsv()) and pends the PendSV exception if so: the latter will
 * perform the context switch itself.
 *
 */
void _isr_wrapper(void)
{
 8001008:	b508      	push	{r3, lr}
 800100a:	f3ef 8305 	mrs	r3, IPSR
#endif
	/* _sw_isr_table does not map the core system exceptions,
	 * which take first 16 interrupt numbers, only the external
	 * interrupts.
	 */
	irq_number -= 16;
 800100e:	3b10      	subs	r3, #16

	const struct _isr_table_entry *entry = &_sw_isr_table[irq_number];
	(entry->isr)(entry->arg);
 8001010:	4a04      	ldr	r2, [pc, #16]	@ (8001024 <_isr_wrapper+0x1c>)
 8001012:	eb02 01c3 	add.w	r1, r2, r3, lsl #3
 8001016:	6849      	ldr	r1, [r1, #4]
 8001018:	f852 0033 	ldr.w	r0, [r2, r3, lsl #3]
 800101c:	4788      	blx	r1

#ifdef CONFIG_TRACING_ISR
	sys_trace_isr_exit();
#endif /* CONFIG_TRACING_ISR */

	z_arm_exc_exit();
 800101e:	f7ff ff7d 	bl	8000f1c <z_arm_exc_exit>
}
 8001022:	bd08      	pop	{r3, pc}
 8001024:	08004ecc 	.word	0x08004ecc

08001028 <__aeabi_read_tp>:
 *
 * This can only be guaranteed by either implementing a naked C function with
 * inline assembly, or plain assembly.
 */
SECTION_FUNC(TEXT, __aeabi_read_tp)
	ldr r0, =z_arm_tls_ptr
 8001028:	4801      	ldr	r0, [pc, #4]	@ (8001030 <__aeabi_read_tp+0x8>)
	ldr r0, [r0]
 800102a:	6800      	ldr	r0, [r0, #0]
	bx lr
 800102c:	4770      	bx	lr
 800102e:	0000      	.short	0x0000
	ldr r0, =z_arm_tls_ptr
 8001030:	20000328 	.word	0x20000328

08001034 <z_arm_configure_static_mpu_regions>:
 *
 * For some MPU architectures, such as the unmodified ARMv8-M MPU,
 * the function must execute with MPU enabled.
 */
void z_arm_configure_static_mpu_regions(void)
{
 8001034:	b508      	push	{r3, lr}
	 * into account the unused SRAM area, as well.
	 */
#ifdef CONFIG_AARCH32_ARMV8_R
	arm_core_mpu_disable();
#endif
	arm_core_mpu_configure_static_mpu_regions(static_regions,
 8001036:	4b03      	ldr	r3, [pc, #12]	@ (8001044 <z_arm_configure_static_mpu_regions+0x10>)
 8001038:	4a03      	ldr	r2, [pc, #12]	@ (8001048 <z_arm_configure_static_mpu_regions+0x14>)
 800103a:	2101      	movs	r1, #1
 800103c:	4803      	ldr	r0, [pc, #12]	@ (800104c <z_arm_configure_static_mpu_regions+0x18>)
 800103e:	f003 f802 	bl	8004046 <arm_core_mpu_configure_static_mpu_regions>
	};

	arm_core_mpu_mark_areas_for_dynamic_regions(dyn_region_areas,
		ARRAY_SIZE(dyn_region_areas));
#endif /* CONFIG_MPU_REQUIRES_NON_OVERLAPPING_REGIONS */
}
 8001042:	bd08      	pop	{r3, pc}
 8001044:	20018000 	.word	0x20018000
 8001048:	20000000 	.word	0x20000000
 800104c:	0800585c 	.word	0x0800585c

08001050 <z_arm_configure_dynamic_mpu_regions>:
 *
 * This function is not inherently thread-safe, but the memory domain
 * spinlock needs to be held anyway.
 */
void z_arm_configure_dynamic_mpu_regions(struct k_thread *thread)
{
 8001050:	b508      	push	{r3, lr}
#endif /* CONFIG_USERSPACE */
	{
		/* A supervisor thread only has the normal thread stack to
		 * protect with a stack guard.
		 */
		guard_start = thread->stack_info.start - guard_size;
 8001052:	f8d0 3094 	ldr.w	r3, [r0, #148]	@ 0x94
 8001056:	3b40      	subs	r3, #64	@ 0x40
	}

	__ASSERT(region_num < _MAX_DYNAMIC_MPU_REGIONS_NUM,
		"Out-of-bounds error for dynamic region map.");

	dynamic_regions[region_num].start = guard_start;
 8001058:	4804      	ldr	r0, [pc, #16]	@ (800106c <z_arm_configure_dynamic_mpu_regions+0x1c>)
 800105a:	6003      	str	r3, [r0, #0]
	dynamic_regions[region_num].size = guard_size;
 800105c:	2340      	movs	r3, #64	@ 0x40
 800105e:	6043      	str	r3, [r0, #4]
	dynamic_regions[region_num].attr = K_MEM_PARTITION_P_RO_U_NA;
 8001060:	4b03      	ldr	r3, [pc, #12]	@ (8001070 <z_arm_configure_dynamic_mpu_regions+0x20>)
 8001062:	6083      	str	r3, [r0, #8]

	/* Configure the dynamic MPU regions */
#ifdef CONFIG_AARCH32_ARMV8_R
	arm_core_mpu_disable();
#endif
	arm_core_mpu_configure_dynamic_mpu_regions(dynamic_regions,
 8001064:	2101      	movs	r1, #1
 8001066:	f002 fff2 	bl	800404e <arm_core_mpu_configure_dynamic_mpu_regions>
						   region_num);
#ifdef CONFIG_AARCH32_ARMV8_R
	arm_core_mpu_enable();
#endif
}
 800106a:	bd08      	pop	{r3, pc}
 800106c:	2000032c 	.word	0x2000032c
 8001070:	150b0000 	.word	0x150b0000

08001074 <region_init>:
	return (uint8_t)type;
}

static inline void set_region_number(uint32_t index)
{
	MPU->RNR = index;
 8001074:	4a08      	ldr	r2, [pc, #32]	@ (8001098 <region_init+0x24>)
 8001076:	f8c2 0098 	str.w	r0, [r2, #152]	@ 0x98

	set_region_base_address(region_conf->base & MPU_RBAR_ADDR_Msk);
	set_region_attributes(region_conf->attr.rasr);
	set_region_size(region_conf->size | MPU_RASR_ENABLE_Msk);
#else
	MPU->RBAR = (region_conf->base & MPU_RBAR_ADDR_Msk)
 800107a:	680b      	ldr	r3, [r1, #0]
 800107c:	f023 031f 	bic.w	r3, r3, #31
				| MPU_RBAR_VALID_Msk | index;
 8001080:	4303      	orrs	r3, r0
 8001082:	f043 0310 	orr.w	r3, r3, #16
	MPU->RBAR = (region_conf->base & MPU_RBAR_ADDR_Msk)
 8001086:	f8c2 309c 	str.w	r3, [r2, #156]	@ 0x9c
	MPU->RASR = region_conf->attr.rasr | MPU_RASR_ENABLE_Msk;
 800108a:	688b      	ldr	r3, [r1, #8]
 800108c:	f043 0301 	orr.w	r3, r3, #1
 8001090:	f8c2 30a0 	str.w	r3, [r2, #160]	@ 0xa0
	LOG_DBG("[%d] 0x%08x 0x%08x",
		index, region_conf->base, region_conf->attr.rasr);
#endif
}
 8001094:	4770      	bx	lr
 8001096:	bf00      	nop
 8001098:	e000ed00 	.word	0xe000ed00

0800109c <region_allocate_and_init>:
	uint32_t type = MPU->TYPE;
 800109c:	4b08      	ldr	r3, [pc, #32]	@ (80010c0 <region_allocate_and_init+0x24>)
 800109e:	f8d3 3090 	ldr.w	r3, [r3, #144]	@ 0x90

static int region_allocate_and_init(const uint8_t index,
	const struct arm_mpu_region *region_conf)
{
	/* Attempt to allocate new region index. */
	if (index > (get_num_regions() - 1U)) {
 80010a2:	f3c3 2307 	ubfx	r3, r3, #8, #8
 80010a6:	3b01      	subs	r3, #1
 80010a8:	4298      	cmp	r0, r3
 80010aa:	d805      	bhi.n	80010b8 <region_allocate_and_init+0x1c>
{
 80010ac:	b510      	push	{r4, lr}
 80010ae:	4604      	mov	r4, r0
	}

	LOG_DBG("Program MPU region at index 0x%x", index);

	/* Program region */
	region_init(index, region_conf);
 80010b0:	f7ff ffe0 	bl	8001074 <region_init>

	return index;
 80010b4:	4620      	mov	r0, r4
}
 80010b6:	bd10      	pop	{r4, pc}
		return -EINVAL;
 80010b8:	f06f 0015 	mvn.w	r0, #21
}
 80010bc:	4770      	bx	lr
 80010be:	bf00      	nop
 80010c0:	e000ed00 	.word	0xe000ed00

080010c4 <mpu_configure_static_mpu_regions>:
 */
static int mpu_configure_static_mpu_regions(const struct z_arm_mpu_partition
	static_regions[], const uint8_t regions_num,
	const uint32_t background_area_base,
	const uint32_t background_area_end)
{
 80010c4:	b510      	push	{r4, lr}
	int mpu_reg_index = static_regions_num;
 80010c6:	4c03      	ldr	r4, [pc, #12]	@ (80010d4 <mpu_configure_static_mpu_regions+0x10>)
	 * programmed on top of SRAM region configuration.
	 */
	ARG_UNUSED(background_area_base);
	ARG_UNUSED(background_area_end);

	mpu_reg_index = mpu_configure_regions(static_regions,
 80010c8:	2301      	movs	r3, #1
 80010ca:	7822      	ldrb	r2, [r4, #0]
 80010cc:	f002 fe98 	bl	8003e00 <mpu_configure_regions>
		regions_num, mpu_reg_index, true);

	static_regions_num = mpu_reg_index;
 80010d0:	7020      	strb	r0, [r4, #0]

	return mpu_reg_index;
}
 80010d2:	bd10      	pop	{r4, pc}
 80010d4:	20000404 	.word	0x20000404

080010d8 <mpu_configure_dynamic_mpu_regions>:
 * If the dynamic MPU regions configuration has not been successfully
 * performed, the error signal is propagated to the caller of the function.
 */
static int mpu_configure_dynamic_mpu_regions(const struct z_arm_mpu_partition
	dynamic_regions[], uint8_t regions_num)
{
 80010d8:	b508      	push	{r3, lr}

	/* In ARMv7-M architecture the dynamic regions are
	 * programmed on top of existing SRAM region configuration.
	 */

	mpu_reg_index = mpu_configure_regions(dynamic_regions,
 80010da:	2300      	movs	r3, #0
 80010dc:	4a0b      	ldr	r2, [pc, #44]	@ (800110c <mpu_configure_dynamic_mpu_regions+0x34>)
 80010de:	7812      	ldrb	r2, [r2, #0]
 80010e0:	f002 fe8e 	bl	8003e00 <mpu_configure_regions>
		regions_num, mpu_reg_index, false);

	if (mpu_reg_index != -EINVAL) {
 80010e4:	f110 0f16 	cmn.w	r0, #22
 80010e8:	d00f      	beq.n	800110a <mpu_configure_dynamic_mpu_regions+0x32>

		/* Disable the non-programmed MPU regions. */
		for (int i = mpu_reg_index; i < get_num_regions(); i++) {
 80010ea:	4602      	mov	r2, r0
 80010ec:	e006      	b.n	80010fc <mpu_configure_dynamic_mpu_regions+0x24>
/** Clear and disable the given MPU region.
* \param rnr Region number to be cleared.
*/
__STATIC_INLINE void ARM_MPU_ClrRegion(uint32_t rnr)
{
  MPU->RNR = rnr;
 80010ee:	4b08      	ldr	r3, [pc, #32]	@ (8001110 <mpu_configure_dynamic_mpu_regions+0x38>)
 80010f0:	f8c3 2098 	str.w	r2, [r3, #152]	@ 0x98
  MPU->RASR = 0U;
 80010f4:	2100      	movs	r1, #0
 80010f6:	f8c3 10a0 	str.w	r1, [r3, #160]	@ 0xa0
 80010fa:	3201      	adds	r2, #1
 80010fc:	4b04      	ldr	r3, [pc, #16]	@ (8001110 <mpu_configure_dynamic_mpu_regions+0x38>)
 80010fe:	f8d3 3090 	ldr.w	r3, [r3, #144]	@ 0x90
 8001102:	f3c3 2307 	ubfx	r3, r3, #8, #8
 8001106:	4293      	cmp	r3, r2
 8001108:	dcf1      	bgt.n	80010ee <mpu_configure_dynamic_mpu_regions+0x16>
			ARM_MPU_ClrRegion(i);
		}
	}

	return mpu_reg_index;
}
 800110a:	bd08      	pop	{r3, pc}
 800110c:	20000404 	.word	0x20000404
 8001110:	e000ed00 	.word	0xe000ed00

08001114 <arm_core_mpu_enable>:
	 * background region for privileged software access if desired.
	 */
#if defined(CONFIG_MPU_DISABLE_BACKGROUND_MAP)
	MPU->CTRL = MPU_CTRL_ENABLE_Msk;
#else
	MPU->CTRL = MPU_CTRL_ENABLE_Msk | MPU_CTRL_PRIVDEFENA_Msk;
 8001114:	4b04      	ldr	r3, [pc, #16]	@ (8001128 <arm_core_mpu_enable+0x14>)
 8001116:	2205      	movs	r2, #5
 8001118:	f8c3 2094 	str.w	r2, [r3, #148]	@ 0x94
  __ASM volatile ("dsb 0xF":::"memory");
 800111c:	f3bf 8f4f 	dsb	sy
  __ASM volatile ("isb 0xF":::"memory");
 8001120:	f3bf 8f6f 	isb	sy
#endif

	/* Make sure that all the registers are set before proceeding */
	barrier_dsync_fence_full();
	barrier_isync_fence_full();
}
 8001124:	4770      	bx	lr
 8001126:	bf00      	nop
 8001128:	e000ed00 	.word	0xe000ed00

0800112c <arm_core_mpu_disable>:
  \details Ensures the apparent order of the explicit memory operations before
           and after the instruction, without ensuring their completion.
 */
__STATIC_FORCEINLINE void __DMB(void)
{
  __ASM volatile ("dmb 0xF":::"memory");
 800112c:	f3bf 8f5f 	dmb	sy
{
	/* Force any outstanding transfers to complete before disabling MPU */
	barrier_dmem_fence_full();

	/* Disable MPU */
	MPU->CTRL = 0;
 8001130:	4b02      	ldr	r3, [pc, #8]	@ (800113c <arm_core_mpu_disable+0x10>)
 8001132:	2200      	movs	r2, #0
 8001134:	f8c3 2094 	str.w	r2, [r3, #148]	@ 0x94
}
 8001138:	4770      	bx	lr
 800113a:	bf00      	nop
 800113c:	e000ed00 	.word	0xe000ed00

08001140 <z_arm_mpu_init>:
 *
 * This function provides the default configuration mechanism for the Memory
 * Protection Unit (MPU).
 */
int z_arm_mpu_init(void)
{
 8001140:	b538      	push	{r3, r4, r5, lr}
	uint32_t r_index;

	if (mpu_config.num_regions > get_num_regions()) {
 8001142:	4b1c      	ldr	r3, [pc, #112]	@ (80011b4 <z_arm_mpu_init+0x74>)
 8001144:	681d      	ldr	r5, [r3, #0]
 8001146:	4b1c      	ldr	r3, [pc, #112]	@ (80011b8 <z_arm_mpu_init+0x78>)
 8001148:	f8d3 3090 	ldr.w	r3, [r3, #144]	@ 0x90
 800114c:	f3c3 2307 	ubfx	r3, r3, #8, #8
 8001150:	429d      	cmp	r5, r3
 8001152:	d82b      	bhi.n	80011ac <z_arm_mpu_init+0x6c>
		return -1;
	}

	LOG_DBG("total region count: %d", get_num_regions());

	arm_core_mpu_disable();
 8001154:	f7ff ffea 	bl	800112c <arm_core_mpu_disable>

	/* Architecture-specific configuration */
	mpu_init();

	/* Program fixed regions configured at SOC definition. */
	for (r_index = 0U; r_index < mpu_config.num_regions; r_index++) {
 8001158:	2400      	movs	r4, #0
 800115a:	e009      	b.n	8001170 <z_arm_mpu_init+0x30>
		region_init(r_index, &mpu_config.mpu_regions[r_index]);
 800115c:	4b15      	ldr	r3, [pc, #84]	@ (80011b4 <z_arm_mpu_init+0x74>)
 800115e:	685b      	ldr	r3, [r3, #4]
 8001160:	eb04 0144 	add.w	r1, r4, r4, lsl #1
 8001164:	eb03 0181 	add.w	r1, r3, r1, lsl #2
 8001168:	4620      	mov	r0, r4
 800116a:	f7ff ff83 	bl	8001074 <region_init>
	for (r_index = 0U; r_index < mpu_config.num_regions; r_index++) {
 800116e:	3401      	adds	r4, #1
 8001170:	42a5      	cmp	r5, r4
 8001172:	d8f3      	bhi.n	800115c <z_arm_mpu_init+0x1c>
	}

	/* Update the number of programmed MPU regions. */
	static_regions_num = mpu_config.num_regions;
 8001174:	4811      	ldr	r0, [pc, #68]	@ (80011bc <z_arm_mpu_init+0x7c>)
 8001176:	7005      	strb	r5, [r0, #0]
#ifdef CONFIG_MEM_ATTR
	/* DT-defined MPU regions. */
	if (mpu_configure_regions_from_dt(&static_regions_num) == -EINVAL) {
 8001178:	f002 fe6a 	bl	8003e50 <mpu_configure_regions_from_dt>
 800117c:	f110 0f16 	cmn.w	r0, #22
 8001180:	d013      	beq.n	80011aa <z_arm_mpu_init+0x6a>
		__ASSERT(0, "Failed to allocate MPU regions from DT\n");
		return -EINVAL;
	}
#endif /* CONFIG_MEM_ATTR */
	/* Clear all regions before enabling MPU */
	for (int i = static_regions_num; i < get_num_regions(); i++) {
 8001182:	4b0e      	ldr	r3, [pc, #56]	@ (80011bc <z_arm_mpu_init+0x7c>)
 8001184:	781a      	ldrb	r2, [r3, #0]
 8001186:	4b0c      	ldr	r3, [pc, #48]	@ (80011b8 <z_arm_mpu_init+0x78>)
 8001188:	f8d3 3090 	ldr.w	r3, [r3, #144]	@ 0x90
 800118c:	f3c3 2307 	ubfx	r3, r3, #8, #8
 8001190:	429a      	cmp	r2, r3
 8001192:	da07      	bge.n	80011a4 <z_arm_mpu_init+0x64>
  MPU->RNR = rnr;
 8001194:	4b08      	ldr	r3, [pc, #32]	@ (80011b8 <z_arm_mpu_init+0x78>)
 8001196:	f8c3 2098 	str.w	r2, [r3, #152]	@ 0x98
  MPU->RASR = 0U;
 800119a:	2100      	movs	r1, #0
 800119c:	f8c3 10a0 	str.w	r1, [r3, #160]	@ 0xa0
 80011a0:	3201      	adds	r2, #1
 80011a2:	e7f0      	b.n	8001186 <z_arm_mpu_init+0x46>
		mpu_clear_region(i);
	}

	arm_core_mpu_enable();
 80011a4:	f7ff ffb6 	bl	8001114 <arm_core_mpu_enable>
	__ASSERT(
		(MPU->TYPE & MPU_TYPE_DREGION_Msk) >> MPU_TYPE_DREGION_Pos == 8,
		"Invalid number of MPU regions\n");
#endif /* CORTEX_M0PLUS || CPU_CORTEX_M3 || CPU_CORTEX_M4 */

	return 0;
 80011a8:	2000      	movs	r0, #0
}
 80011aa:	bd38      	pop	{r3, r4, r5, pc}
		return -1;
 80011ac:	f04f 30ff 	mov.w	r0, #4294967295
 80011b0:	e7fb      	b.n	80011aa <z_arm_mpu_init+0x6a>
 80011b2:	bf00      	nop
 80011b4:	08005868 	.word	0x08005868
 80011b8:	e000ed00 	.word	0xe000ed00
 80011bc:	20000404 	.word	0x20000404

080011c0 <z_impl_zephyr_fputc>:
#include "picolibc-hooks.h"

static LIBC_DATA int (*_stdout_hook)(int);

int z_impl_zephyr_fputc(int a, FILE *out)
{
 80011c0:	b508      	push	{r3, lr}
	(*_stdout_hook)(a);
 80011c2:	4b02      	ldr	r3, [pc, #8]	@ (80011cc <z_impl_zephyr_fputc+0xc>)
 80011c4:	681b      	ldr	r3, [r3, #0]
 80011c6:	4798      	blx	r3
	return 0;
}
 80011c8:	2000      	movs	r0, #0
 80011ca:	bd08      	pop	{r3, pc}
 80011cc:	20000338 	.word	0x20000338

080011d0 <__stdout_hook_install>:
FILE *const stdout = &__stdout;
STDIO_ALIAS(stderr);

void __stdout_hook_install(int (*hook)(int))
{
	_stdout_hook = hook;
 80011d0:	4b03      	ldr	r3, [pc, #12]	@ (80011e0 <__stdout_hook_install+0x10>)
 80011d2:	6018      	str	r0, [r3, #0]
	__stdout.flags |= _FDEV_SETUP_WRITE;
 80011d4:	4a03      	ldr	r2, [pc, #12]	@ (80011e4 <__stdout_hook_install+0x14>)
 80011d6:	7893      	ldrb	r3, [r2, #2]
 80011d8:	f043 0302 	orr.w	r3, r3, #2
 80011dc:	7093      	strb	r3, [r2, #2]
}
 80011de:	4770      	bx	lr
 80011e0:	20000338 	.word	0x20000338
 80011e4:	20000004 	.word	0x20000004

080011e8 <malloc_prepare>:
	return aligned_alloc(alignment, size);
}
#endif

static int malloc_prepare(void)
{
 80011e8:	b508      	push	{r3, lr}
			break;
		}
		heap_size >>= 1;
	}
#else
	heap_base = UINT_TO_POINTER(HEAP_BASE);
 80011ea:	4906      	ldr	r1, [pc, #24]	@ (8001204 <malloc_prepare+0x1c>)
 80011ec:	f021 0107 	bic.w	r1, r1, #7
	z_malloc_partition.start = POINTER_TO_UINT(heap_base);
	z_malloc_partition.size = heap_size;
	z_malloc_partition.attr = K_MEM_PARTITION_P_RW_U_RW;
#endif

	sys_heap_init(&z_malloc_heap, heap_base, heap_size);
 80011f0:	f1c1 5200 	rsb	r2, r1, #536870912	@ 0x20000000
 80011f4:	f502 32c0 	add.w	r2, r2, #98304	@ 0x18000
 80011f8:	4803      	ldr	r0, [pc, #12]	@ (8001208 <malloc_prepare+0x20>)
 80011fa:	f002 fc33 	bl	8003a64 <sys_heap_init>

	return 0;
}
 80011fe:	2000      	movs	r0, #0
 8001200:	bd08      	pop	{r3, pc}
 8001202:	bf00      	nop
 8001204:	20001247 	.word	0x20001247
 8001208:	2000033c 	.word	0x2000033c

0800120c <stm32_exti_enable_clocks>:
	return 0;
}

/** Enables the peripheral clock required to access EXTI registers */
static int stm32_exti_enable_clocks(void)
{
 800120c:	b500      	push	{lr}
 800120e:	b083      	sub	sp, #12
	/* Initialize to 0 for series where there is nothing to do. */
	int ret = 0;

#if DT_NODE_HAS_PROP(EXTI_NODE, clocks)
	const struct device *const clk = DEVICE_DT_GET(STM32_CLOCK_CONTROL_NODE);
	const struct stm32_pclken pclken = STM32_CLOCK_INFO(0, EXTI_NODE);
 8001210:	4b09      	ldr	r3, [pc, #36]	@ (8001238 <stm32_exti_enable_clocks+0x2c>)
 8001212:	e893 0003 	ldmia.w	r3, {r0, r1}
 8001216:	ab02      	add	r3, sp, #8
 8001218:	e903 0003 	stmdb	r3, {r0, r1}
	const struct clock_control_driver_api *api =
 800121c:	4b07      	ldr	r3, [pc, #28]	@ (800123c <stm32_exti_enable_clocks+0x30>)
 800121e:	689b      	ldr	r3, [r3, #8]
	if (api->on == NULL) {
 8001220:	681b      	ldr	r3, [r3, #0]
 8001222:	b12b      	cbz	r3, 8001230 <stm32_exti_enable_clocks+0x24>
	return api->on(dev, sys);
 8001224:	4669      	mov	r1, sp
 8001226:	4805      	ldr	r0, [pc, #20]	@ (800123c <stm32_exti_enable_clocks+0x30>)
 8001228:	4798      	blx	r3

	ret = clock_control_on(clk, (clock_control_subsys_t) &pclken);
#endif
	return ret;
}
 800122a:	b003      	add	sp, #12
 800122c:	f85d fb04 	ldr.w	pc, [sp], #4
		return -ENOSYS;
 8001230:	f06f 0057 	mvn.w	r0, #87	@ 0x57
	return ret;
 8001234:	e7f9      	b.n	800122a <stm32_exti_enable_clocks+0x1e>
 8001236:	bf00      	nop
 8001238:	080051c4 	.word	0x080051c4
 800123c:	08004d60 	.word	0x08004d60

08001240 <stm32_exti_is_pending>:
/**
 * @returns LL_EXTI_LINE_n define corresponding to EXTI line number
 */
static inline uint32_t exti_linenum_to_ll_exti_line(uint32_t line_num)
{
	return BIT(line_num % 32);
 8001240:	f000 021f 	and.w	r2, r0, #31
 8001244:	2301      	movs	r3, #1
 8001246:	4093      	lsls	r3, r2
	if (!IS_VALID_EXTI_LINE_NUM(line_num)) {
 8001248:	281f      	cmp	r0, #31
 800124a:	d806      	bhi.n	800125a <stm32_exti_is_pending+0x1a>
  * @note   Please check each device line mapping for EXTI Line availability
  * @retval State of bit (1 or 0).
  */
__STATIC_INLINE uint32_t LL_EXTI_IsActiveFlag_0_31(uint32_t ExtiLine)
{
  return (READ_BIT(EXTI->PR, ExtiLine) == (ExtiLine));
 800124c:	4a04      	ldr	r2, [pc, #16]	@ (8001260 <stm32_exti_is_pending+0x20>)
 800124e:	6952      	ldr	r2, [r2, #20]
	EXTI_FN_RET_HANDLER(EXTI_IS_ACTIVE_FLAG, &ret, line_num, line);
 8001250:	4393      	bics	r3, r2
 8001252:	bf0c      	ite	eq
 8001254:	2001      	moveq	r0, #1
 8001256:	2000      	movne	r0, #0
	return ret;
 8001258:	4770      	bx	lr
		return false;
 800125a:	2000      	movs	r0, #0
}
 800125c:	4770      	bx	lr
 800125e:	bf00      	nop
 8001260:	40013c00 	.word	0x40013c00

08001264 <stm32_exti_clear_pending>:
 8001264:	f000 021f 	and.w	r2, r0, #31
 8001268:	2301      	movs	r3, #1
 800126a:	4093      	lsls	r3, r2
	if (!IS_VALID_EXTI_LINE_NUM(line_num)) {
 800126c:	281f      	cmp	r0, #31
 800126e:	d803      	bhi.n	8001278 <stm32_exti_clear_pending+0x14>
  * @note   Please check each device line mapping for EXTI Line availability
  * @retval None
  */
__STATIC_INLINE void LL_EXTI_ClearFlag_0_31(uint32_t ExtiLine)
{
  WRITE_REG(EXTI->PR, ExtiLine);
 8001270:	4a03      	ldr	r2, [pc, #12]	@ (8001280 <stm32_exti_clear_pending+0x1c>)
 8001272:	6153      	str	r3, [r2, #20]
	return 0;
 8001274:	2000      	movs	r0, #0
 8001276:	4770      	bx	lr
		return -EINVAL;
 8001278:	f06f 0015 	mvn.w	r0, #21
}
 800127c:	4770      	bx	lr
 800127e:	bf00      	nop
 8001280:	40013c00 	.word	0x40013c00

08001284 <stm32_fill_irq_table>:
	}
}

static void stm32_fill_irq_table(int8_t start, int8_t len, int32_t irqn)
{
	for (int i = 0; i < len; i++) {
 8001284:	2300      	movs	r3, #0
 8001286:	4299      	cmp	r1, r3
 8001288:	dd0a      	ble.n	80012a0 <stm32_fill_irq_table+0x1c>
{
 800128a:	b410      	push	{r4}
		exti_irq_table[start + i] = irqn;
 800128c:	eb00 0c03 	add.w	ip, r0, r3
 8001290:	4c04      	ldr	r4, [pc, #16]	@ (80012a4 <stm32_fill_irq_table+0x20>)
 8001292:	f804 200c 	strb.w	r2, [r4, ip]
	for (int i = 0; i < len; i++) {
 8001296:	3301      	adds	r3, #1
 8001298:	4299      	cmp	r1, r3
 800129a:	dcf7      	bgt.n	800128c <stm32_fill_irq_table+0x8>
	}
}
 800129c:	bc10      	pop	{r4}
 800129e:	4770      	bx	lr
 80012a0:	4770      	bx	lr
 80012a2:	bf00      	nop
 80012a4:	20000014 	.word	0x20000014

080012a8 <stm32_intc_gpio_isr>:
{
 80012a8:	b5f8      	push	{r3, r4, r5, r6, r7, lr}
 80012aa:	4607      	mov	r7, r0
	for (uint8_t i = 0; i < range->len; i++) {
 80012ac:	2400      	movs	r4, #0
 80012ae:	e001      	b.n	80012b4 <stm32_intc_gpio_isr+0xc>
 80012b0:	3401      	adds	r4, #1
 80012b2:	b2e4      	uxtb	r4, r4
 80012b4:	787b      	ldrb	r3, [r7, #1]
 80012b6:	42a3      	cmp	r3, r4
 80012b8:	d917      	bls.n	80012ea <stm32_intc_gpio_isr+0x42>
		line_num = range->start + i;
 80012ba:	783d      	ldrb	r5, [r7, #0]
 80012bc:	1966      	adds	r6, r4, r5
		if (stm32_exti_is_pending(line_num)) {
 80012be:	4630      	mov	r0, r6
 80012c0:	f7ff ffbe 	bl	8001240 <stm32_exti_is_pending>
 80012c4:	2800      	cmp	r0, #0
 80012c6:	d0f3      	beq.n	80012b0 <stm32_intc_gpio_isr+0x8>
			stm32_exti_clear_pending(line_num);
 80012c8:	4630      	mov	r0, r6
 80012ca:	f7ff ffcb 	bl	8001264 <stm32_exti_clear_pending>
			if (!data->cb[line_num].cb) {
 80012ce:	4b07      	ldr	r3, [pc, #28]	@ (80012ec <stm32_intc_gpio_isr+0x44>)
 80012d0:	f853 2036 	ldr.w	r2, [r3, r6, lsl #3]
 80012d4:	2a00      	cmp	r2, #0
 80012d6:	d0eb      	beq.n	80012b0 <stm32_intc_gpio_isr+0x8>
 80012d8:	f006 051f 	and.w	r5, r6, #31
			data->cb[line_num].cb(line, data->cb[line_num].data);
 80012dc:	eb03 03c6 	add.w	r3, r3, r6, lsl #3
 80012e0:	6859      	ldr	r1, [r3, #4]
 80012e2:	2001      	movs	r0, #1
 80012e4:	40a8      	lsls	r0, r5
 80012e6:	4790      	blx	r2
 80012e8:	e7e2      	b.n	80012b0 <stm32_intc_gpio_isr+0x8>
}
 80012ea:	bdf8      	pop	{r3, r4, r5, r6, r7, pc}
 80012ec:	20000348 	.word	0x20000348

080012f0 <LL_SYSCFG_SetEXTISource>:
  MODIFY_REG(SYSCFG->EXTICR[Line & 0xFF], (Line >> 16), Port << POSITION_VAL((Line >> 16)));
 80012f0:	fa5f fc81 	uxtb.w	ip, r1
 80012f4:	f10c 0202 	add.w	r2, ip, #2
 80012f8:	4b0a      	ldr	r3, [pc, #40]	@ (8001324 <LL_SYSCFG_SetEXTISource+0x34>)
 80012fa:	f853 2022 	ldr.w	r2, [r3, r2, lsl #2]
 80012fe:	0c0b      	lsrs	r3, r1, #16
 8001300:	ea22 4111 	bic.w	r1, r2, r1, lsr #16
__STATIC_FORCEINLINE uint32_t __RBIT(uint32_t value)
{
  uint32_t result;

#if (__ARM_ARCH_ISA_THUMB >= 2)
   __ASM ("rbit %0, %1" : "=r" (result) : "r" (value) );
 8001304:	fa93 f3a3 	rbit	r3, r3
     optimisations using the logic "value was passed to __builtin_clz, so it
     is non-zero".
     ARM GCC 7.3 and possibly earlier will optimise this test away, leaving a
     single CLZ instruction.
   */
  if (value == 0U)
 8001308:	b14b      	cbz	r3, 800131e <LL_SYSCFG_SetEXTISource+0x2e>
  {
    return 32U;
  }
  return __builtin_clz(value);
 800130a:	fab3 f383 	clz	r3, r3
 800130e:	4098      	lsls	r0, r3
 8001310:	4301      	orrs	r1, r0
 8001312:	f10c 0c02 	add.w	ip, ip, #2
 8001316:	4a03      	ldr	r2, [pc, #12]	@ (8001324 <LL_SYSCFG_SetEXTISource+0x34>)
 8001318:	f842 102c 	str.w	r1, [r2, ip, lsl #2]
}
 800131c:	4770      	bx	lr
    return 32U;
 800131e:	2320      	movs	r3, #32
 8001320:	e7f5      	b.n	800130e <LL_SYSCFG_SetEXTISource+0x1e>
 8001322:	bf00      	nop
 8001324:	40013800 	.word	0x40013800

08001328 <LL_SYSCFG_GetEXTISource>:
  return (uint32_t)(READ_BIT(SYSCFG->EXTICR[Line & 0xFF], (Line >> 16)) >> POSITION_VAL(Line >> 16));
 8001328:	b2c3      	uxtb	r3, r0
 800132a:	3302      	adds	r3, #2
 800132c:	4a07      	ldr	r2, [pc, #28]	@ (800134c <LL_SYSCFG_GetEXTISource+0x24>)
 800132e:	f852 2023 	ldr.w	r2, [r2, r3, lsl #2]
 8001332:	0c03      	lsrs	r3, r0, #16
 8001334:	ea02 4010 	and.w	r0, r2, r0, lsr #16
   __ASM ("rbit %0, %1" : "=r" (result) : "r" (value) );
 8001338:	fa93 f3a3 	rbit	r3, r3
  if (value == 0U)
 800133c:	b11b      	cbz	r3, 8001346 <LL_SYSCFG_GetEXTISource+0x1e>
  return __builtin_clz(value);
 800133e:	fab3 f383 	clz	r3, r3
}
 8001342:	40d8      	lsrs	r0, r3
 8001344:	4770      	bx	lr
    return 32U;
 8001346:	2320      	movs	r3, #32
 8001348:	e7fb      	b.n	8001342 <LL_SYSCFG_GetEXTISource+0x1a>
 800134a:	bf00      	nop
 800134c:	40013800 	.word	0x40013800

08001350 <stm32_gpio_intc_enable_line>:
	ARG_UNUSED(port);
	return exti_linenum_to_ll_exti_line(pin);
}

void stm32_gpio_intc_enable_line(stm32_gpio_irq_line_t line)
{
 8001350:	b508      	push	{r3, lr}
	return LOG2(line);
 8001352:	4603      	mov	r3, r0
 8001354:	b168      	cbz	r0, 8001372 <stm32_gpio_intc_enable_line+0x22>
 8001356:	fab0 f280 	clz	r2, r0
 800135a:	f1c2 021f 	rsb	r2, r2, #31
 800135e:	b2d2      	uxtb	r2, r2
	unsigned int irqnum;
	uint32_t line_num = ll_exti_line_to_linenum(line);

	/* Get matching exti irq provided line thanks to irq_table */
	irqnum = exti_irq_table[line_num];
 8001360:	4905      	ldr	r1, [pc, #20]	@ (8001378 <stm32_gpio_intc_enable_line+0x28>)
 8001362:	5688      	ldrsb	r0, [r1, r2]
  SET_BIT(EXTI->IMR, ExtiLine);
 8001364:	4a05      	ldr	r2, [pc, #20]	@ (800137c <stm32_gpio_intc_enable_line+0x2c>)
 8001366:	6811      	ldr	r1, [r2, #0]
 8001368:	430b      	orrs	r3, r1
 800136a:	6013      	str	r3, [r2, #0]

	/* Enable requested line interrupt */
	EXTI_ENABLE_IT(0_31, line);

	/* Enable exti irq interrupt */
	irq_enable(irqnum);
 800136c:	f002 fcec 	bl	8003d48 <arm_irq_enable>
}
 8001370:	bd08      	pop	{r3, pc}
	return LOG2(line);
 8001372:	22ff      	movs	r2, #255	@ 0xff
 8001374:	e7f4      	b.n	8001360 <stm32_gpio_intc_enable_line+0x10>
 8001376:	bf00      	nop
 8001378:	20000014 	.word	0x20000014
 800137c:	40013c00 	.word	0x40013c00

08001380 <stm32_gpio_intc_disable_line>:
  CLEAR_BIT(EXTI->IMR, ExtiLine);
 8001380:	4a02      	ldr	r2, [pc, #8]	@ (800138c <stm32_gpio_intc_disable_line+0xc>)
 8001382:	6813      	ldr	r3, [r2, #0]
 8001384:	ea23 0300 	bic.w	r3, r3, r0
 8001388:	6013      	str	r3, [r2, #0]

void stm32_gpio_intc_disable_line(stm32_gpio_irq_line_t line)
{
	EXTI_DISABLE_IT(0_31, line);
}
 800138a:	4770      	bx	lr
 800138c:	40013c00 	.word	0x40013c00

08001390 <stm32_gpio_intc_select_line_trigger>:

void stm32_gpio_intc_select_line_trigger(stm32_gpio_irq_line_t line, uint32_t trg)
{
	z_stm32_hsem_lock(CFG_HW_EXTI_SEMID, HSEM_LOCK_DEFAULT_RETRY);

	switch (trg) {
 8001390:	2903      	cmp	r1, #3
 8001392:	d826      	bhi.n	80013e2 <stm32_gpio_intc_select_line_trigger+0x52>
 8001394:	e8df f001 	tbb	[pc, r1]
 8001398:	1e150c02 	.word	0x1e150c02
  CLEAR_BIT(EXTI->RTSR, ExtiLine);
 800139c:	4b11      	ldr	r3, [pc, #68]	@ (80013e4 <stm32_gpio_intc_select_line_trigger+0x54>)
 800139e:	689a      	ldr	r2, [r3, #8]
 80013a0:	ea22 0200 	bic.w	r2, r2, r0
 80013a4:	609a      	str	r2, [r3, #8]
  CLEAR_BIT(EXTI->FTSR, ExtiLine);
 80013a6:	68da      	ldr	r2, [r3, #12]
 80013a8:	ea22 0200 	bic.w	r2, r2, r0
 80013ac:	60da      	str	r2, [r3, #12]
}
 80013ae:	4770      	bx	lr
  SET_BIT(EXTI->RTSR, ExtiLine);
 80013b0:	4b0c      	ldr	r3, [pc, #48]	@ (80013e4 <stm32_gpio_intc_select_line_trigger+0x54>)
 80013b2:	689a      	ldr	r2, [r3, #8]
 80013b4:	4302      	orrs	r2, r0
 80013b6:	609a      	str	r2, [r3, #8]
  CLEAR_BIT(EXTI->FTSR, ExtiLine);
 80013b8:	68da      	ldr	r2, [r3, #12]
 80013ba:	ea22 0200 	bic.w	r2, r2, r0
 80013be:	60da      	str	r2, [r3, #12]
}
 80013c0:	4770      	bx	lr
  SET_BIT(EXTI->FTSR, ExtiLine);
 80013c2:	4b08      	ldr	r3, [pc, #32]	@ (80013e4 <stm32_gpio_intc_select_line_trigger+0x54>)
 80013c4:	68da      	ldr	r2, [r3, #12]
 80013c6:	4302      	orrs	r2, r0
 80013c8:	60da      	str	r2, [r3, #12]
  CLEAR_BIT(EXTI->RTSR, ExtiLine);
 80013ca:	689a      	ldr	r2, [r3, #8]
 80013cc:	ea22 0200 	bic.w	r2, r2, r0
 80013d0:	609a      	str	r2, [r3, #8]
}
 80013d2:	4770      	bx	lr
  SET_BIT(EXTI->RTSR, ExtiLine);
 80013d4:	4b03      	ldr	r3, [pc, #12]	@ (80013e4 <stm32_gpio_intc_select_line_trigger+0x54>)
 80013d6:	689a      	ldr	r2, [r3, #8]
 80013d8:	4302      	orrs	r2, r0
 80013da:	609a      	str	r2, [r3, #8]
  SET_BIT(EXTI->FTSR, ExtiLine);
 80013dc:	68da      	ldr	r2, [r3, #12]
 80013de:	4310      	orrs	r0, r2
 80013e0:	60d8      	str	r0, [r3, #12]
	default:
		__ASSERT_NO_MSG(0);
		break;
	}
	z_stm32_hsem_unlock(CFG_HW_EXTI_SEMID);
}
 80013e2:	4770      	bx	lr
 80013e4:	40013c00 	.word	0x40013c00

080013e8 <stm32_gpio_intc_set_irq_callback>:

int stm32_gpio_intc_set_irq_callback(stm32_gpio_irq_line_t line, stm32_gpio_irq_cb_t cb, void *user)
{
 80013e8:	b410      	push	{r4}
	return LOG2(line);
 80013ea:	b198      	cbz	r0, 8001414 <stm32_gpio_intc_set_irq_callback+0x2c>
 80013ec:	fab0 f380 	clz	r3, r0
 80013f0:	f1c3 031f 	rsb	r3, r3, #31
 80013f4:	b2db      	uxtb	r3, r3
	struct stm32_intc_gpio_data *data = &intc_gpio_data;
	uint32_t line_num = ll_exti_line_to_linenum(line);
 80013f6:	469c      	mov	ip, r3

	if ((data->cb[line_num].cb == cb) && (data->cb[line_num].data == user)) {
 80013f8:	480d      	ldr	r0, [pc, #52]	@ (8001430 <stm32_gpio_intc_set_irq_callback+0x48>)
 80013fa:	f850 0033 	ldr.w	r0, [r0, r3, lsl #3]
 80013fe:	4288      	cmp	r0, r1
 8001400:	d00a      	beq.n	8001418 <stm32_gpio_intc_set_irq_callback+0x30>
		return 0;
	}

	/* if callback already exists/is running, return busy */
	if (data->cb[line_num].cb != NULL) {
 8001402:	b988      	cbnz	r0, 8001428 <stm32_gpio_intc_set_irq_callback+0x40>
		return -EBUSY;
	}

	data->cb[line_num].cb = cb;
 8001404:	4b0a      	ldr	r3, [pc, #40]	@ (8001430 <stm32_gpio_intc_set_irq_callback+0x48>)
 8001406:	f843 103c 	str.w	r1, [r3, ip, lsl #3]
	data->cb[line_num].data = user;
 800140a:	eb03 03cc 	add.w	r3, r3, ip, lsl #3
 800140e:	605a      	str	r2, [r3, #4]

	return 0;
}
 8001410:	bc10      	pop	{r4}
 8001412:	4770      	bx	lr
	return LOG2(line);
 8001414:	23ff      	movs	r3, #255	@ 0xff
 8001416:	e7ee      	b.n	80013f6 <stm32_gpio_intc_set_irq_callback+0xe>
	if ((data->cb[line_num].cb == cb) && (data->cb[line_num].data == user)) {
 8001418:	4c05      	ldr	r4, [pc, #20]	@ (8001430 <stm32_gpio_intc_set_irq_callback+0x48>)
 800141a:	eb04 03c3 	add.w	r3, r4, r3, lsl #3
 800141e:	685b      	ldr	r3, [r3, #4]
 8001420:	4293      	cmp	r3, r2
 8001422:	d1ee      	bne.n	8001402 <stm32_gpio_intc_set_irq_callback+0x1a>
		return 0;
 8001424:	2000      	movs	r0, #0
 8001426:	e7f3      	b.n	8001410 <stm32_gpio_intc_set_irq_callback+0x28>
		return -EBUSY;
 8001428:	f06f 000f 	mvn.w	r0, #15
 800142c:	e7f0      	b.n	8001410 <stm32_gpio_intc_set_irq_callback+0x28>
 800142e:	bf00      	nop
 8001430:	20000348 	.word	0x20000348

08001434 <stm32_gpio_intc_remove_irq_callback>:
	return LOG2(line);
 8001434:	b160      	cbz	r0, 8001450 <stm32_gpio_intc_remove_irq_callback+0x1c>
 8001436:	fab0 f380 	clz	r3, r0
 800143a:	f1c3 031f 	rsb	r3, r3, #31
 800143e:	b2db      	uxtb	r3, r3
void stm32_gpio_intc_remove_irq_callback(stm32_gpio_irq_line_t line)
{
	struct stm32_intc_gpio_data *data = &intc_gpio_data;
	uint32_t line_num = ll_exti_line_to_linenum(line);

	data->cb[line_num].cb = NULL;
 8001440:	4a04      	ldr	r2, [pc, #16]	@ (8001454 <stm32_gpio_intc_remove_irq_callback+0x20>)
 8001442:	2100      	movs	r1, #0
 8001444:	f842 1033 	str.w	r1, [r2, r3, lsl #3]
	data->cb[line_num].data = NULL;
 8001448:	eb02 02c3 	add.w	r2, r2, r3, lsl #3
 800144c:	6051      	str	r1, [r2, #4]
}
 800144e:	4770      	bx	lr
	return LOG2(line);
 8001450:	23ff      	movs	r3, #255	@ 0xff
 8001452:	e7f5      	b.n	8001440 <stm32_gpio_intc_remove_irq_callback+0xc>
 8001454:	20000348 	.word	0x20000348

08001458 <stm32_clock_switch_to_hsi>:
  * @rmtoll CR           HSIRDY        LL_RCC_HSI_IsReady
  * @retval State of bit (1 or 0).
  */
__STATIC_INLINE uint32_t LL_RCC_HSI_IsReady(void)
{
  return (READ_BIT(RCC->CR, RCC_CR_HSIRDY) == (RCC_CR_HSIRDY));
 8001458:	4b0c      	ldr	r3, [pc, #48]	@ (800148c <stm32_clock_switch_to_hsi+0x34>)
 800145a:	681b      	ldr	r3, [r3, #0]
 */
__unused
static void stm32_clock_switch_to_hsi(void)
{
	/* Enable HSI if not enabled */
	if (LL_RCC_HSI_IsReady() != 1) {
 800145c:	f013 0f02 	tst.w	r3, #2
 8001460:	d109      	bne.n	8001476 <stm32_clock_switch_to_hsi+0x1e>
  SET_BIT(RCC->CR, RCC_CR_HSION);
 8001462:	4a0a      	ldr	r2, [pc, #40]	@ (800148c <stm32_clock_switch_to_hsi+0x34>)
 8001464:	6813      	ldr	r3, [r2, #0]
 8001466:	f043 0301 	orr.w	r3, r3, #1
 800146a:	6013      	str	r3, [r2, #0]
  return (READ_BIT(RCC->CR, RCC_CR_HSIRDY) == (RCC_CR_HSIRDY));
 800146c:	4b07      	ldr	r3, [pc, #28]	@ (800148c <stm32_clock_switch_to_hsi+0x34>)
 800146e:	681b      	ldr	r3, [r3, #0]
		/* Enable HSI */
		LL_RCC_HSI_Enable();
		while (LL_RCC_HSI_IsReady() != 1) {
 8001470:	f013 0f02 	tst.w	r3, #2
 8001474:	d0fa      	beq.n	800146c <stm32_clock_switch_to_hsi+0x14>
  *         (*) value not defined in all devices.
  * @retval None
  */
__STATIC_INLINE void LL_RCC_SetSysClkSource(uint32_t Source)
{
  MODIFY_REG(RCC->CFGR, RCC_CFGR_SW, Source);
 8001476:	4a05      	ldr	r2, [pc, #20]	@ (800148c <stm32_clock_switch_to_hsi+0x34>)
 8001478:	6893      	ldr	r3, [r2, #8]
 800147a:	f023 0303 	bic.w	r3, r3, #3
 800147e:	6093      	str	r3, [r2, #8]
  *
  *         (*) value not defined in all devices.
  */
__STATIC_INLINE uint32_t LL_RCC_GetSysClkSource(void)
{
  return (uint32_t)(READ_BIT(RCC->CFGR, RCC_CFGR_SWS));
 8001480:	4b02      	ldr	r3, [pc, #8]	@ (800148c <stm32_clock_switch_to_hsi+0x34>)
 8001482:	689b      	ldr	r3, [r3, #8]
		}
	}

	/* Set HSI as SYSCLCK source */
	LL_RCC_SetSysClkSource(LL_RCC_SYS_CLKSOURCE_HSI);
	while (LL_RCC_GetSysClkSource() != LL_RCC_SYS_CLKSOURCE_STATUS_HSI) {
 8001484:	f013 0f0c 	tst.w	r3, #12
 8001488:	d1fa      	bne.n	8001480 <stm32_clock_switch_to_hsi+0x28>
	}
}
 800148a:	4770      	bx	lr
 800148c:	40023800 	.word	0x40023800

08001490 <set_up_fixed_clock_sources>:
  SET_BIT(RCC->CR, RCC_CR_HSEBYP);
 8001490:	4b0c      	ldr	r3, [pc, #48]	@ (80014c4 <set_up_fixed_clock_sources+0x34>)
 8001492:	681a      	ldr	r2, [r3, #0]
 8001494:	f442 2280 	orr.w	r2, r2, #262144	@ 0x40000
 8001498:	601a      	str	r2, [r3, #0]
  SET_BIT(RCC->CR, RCC_CR_HSEON);
 800149a:	681a      	ldr	r2, [r3, #0]
 800149c:	f442 3280 	orr.w	r2, r2, #65536	@ 0x10000
 80014a0:	601a      	str	r2, [r3, #0]
  return (READ_BIT(RCC->CR, RCC_CR_HSERDY) == (RCC_CR_HSERDY));
 80014a2:	4b08      	ldr	r3, [pc, #32]	@ (80014c4 <set_up_fixed_clock_sources+0x34>)
 80014a4:	681b      	ldr	r3, [r3, #0]
#if STM32_HSE_DIV2
		LL_RCC_HSE_EnableDiv2();
#endif
		/* Enable HSE */
		LL_RCC_HSE_Enable();
		while (LL_RCC_HSE_IsReady() != 1) {
 80014a6:	f413 3f00 	tst.w	r3, #131072	@ 0x20000
 80014aa:	d0fa      	beq.n	80014a2 <set_up_fixed_clock_sources+0x12>
  SET_BIT(RCC->CSR, RCC_CSR_LSION);
 80014ac:	4a05      	ldr	r2, [pc, #20]	@ (80014c4 <set_up_fixed_clock_sources+0x34>)
 80014ae:	6f53      	ldr	r3, [r2, #116]	@ 0x74
 80014b0:	f043 0301 	orr.w	r3, r3, #1
 80014b4:	6753      	str	r3, [r2, #116]	@ 0x74
  return (READ_BIT(RCC->CSR, RCC_CSR_LSIRDY) == (RCC_CSR_LSIRDY));
 80014b6:	4b03      	ldr	r3, [pc, #12]	@ (80014c4 <set_up_fixed_clock_sources+0x34>)
 80014b8:	6f5b      	ldr	r3, [r3, #116]	@ 0x74
		LL_RCC_LSI1_Enable();
		while (LL_RCC_LSI1_IsReady() != 1) {
		}
#else
		LL_RCC_LSI_Enable();
		while (LL_RCC_LSI_IsReady() != 1) {
 80014ba:	f013 0f02 	tst.w	r3, #2
 80014be:	d0fa      	beq.n	80014b6 <set_up_fixed_clock_sources+0x26>
		LL_RCC_HSI48_Enable();
		while (LL_RCC_HSI48_IsReady() != 1) {
		}
	}
#endif /* STM32_HSI48_ENABLED */
}
 80014c0:	4770      	bx	lr
 80014c2:	bf00      	nop
 80014c4:	40023800 	.word	0x40023800

080014c8 <stm32_clock_control_get_subsys_rate>:
{
 80014c8:	b5f8      	push	{r3, r4, r5, r6, r7, lr}
 80014ca:	460c      	mov	r4, r1
 80014cc:	4615      	mov	r5, r2
	uint32_t ahb_clock = SystemCoreClock;
 80014ce:	4b42      	ldr	r3, [pc, #264]	@ (80015d8 <stm32_clock_control_get_subsys_rate+0x110>)
 80014d0:	681e      	ldr	r6, [r3, #0]
	uint32_t apb1_clock = get_bus_clock(ahb_clock, STM32_APB1_PRESCALER);
 80014d2:	2102      	movs	r1, #2
 80014d4:	4630      	mov	r0, r6
 80014d6:	f002 fe37 	bl	8004148 <get_bus_clock>
 80014da:	4607      	mov	r7, r0
	uint32_t apb2_clock = get_bus_clock(ahb_clock, STM32_APB2_PRESCALER);
 80014dc:	2101      	movs	r1, #1
 80014de:	4630      	mov	r0, r6
 80014e0:	f002 fe32 	bl	8004148 <get_bus_clock>
	switch (pclken->bus) {
 80014e4:	8823      	ldrh	r3, [r4, #0]
 80014e6:	f3c3 010b 	ubfx	r1, r3, #0, #12
 80014ea:	460b      	mov	r3, r1
 80014ec:	2944      	cmp	r1, #68	@ 0x44
 80014ee:	d829      	bhi.n	8001544 <stm32_clock_control_get_subsys_rate+0x7c>
 80014f0:	b209      	sxth	r1, r1
 80014f2:	2900      	cmp	r1, #0
 80014f4:	d068      	beq.n	80015c8 <stm32_clock_control_get_subsys_rate+0x100>
 80014f6:	3b01      	subs	r3, #1
 80014f8:	2b43      	cmp	r3, #67	@ 0x43
 80014fa:	d868      	bhi.n	80015ce <stm32_clock_control_get_subsys_rate+0x106>
 80014fc:	e8df f003 	tbb	[pc, r3]
 8001500:	5a56533d 	.word	0x5a56533d
 8001504:	67493f5d 	.word	0x67493f5d
 8001508:	67676767 	.word	0x67676767
 800150c:	67676767 	.word	0x67676767
 8001510:	67676767 	.word	0x67676767
 8001514:	67676260 	.word	0x67676260
 8001518:	67676767 	.word	0x67676767
 800151c:	67676767 	.word	0x67676767
 8001520:	67676767 	.word	0x67676767
 8001524:	67676767 	.word	0x67676767
 8001528:	67676767 	.word	0x67676767
 800152c:	35676767 	.word	0x35676767
 8001530:	35676767 	.word	0x35676767
 8001534:	37676767 	.word	0x37676767
 8001538:	67676767 	.word	0x67676767
 800153c:	39676767 	.word	0x39676767
 8001540:	3b676767 	.word	0x3b676767
 8001544:	29a8      	cmp	r1, #168	@ 0xa8
 8001546:	d10d      	bne.n	8001564 <stm32_clock_control_get_subsys_rate+0x9c>
		*rate = ahb3_clock;
 8001548:	602e      	str	r6, [r5, #0]
	if (pclken->div) {
 800154a:	6823      	ldr	r3, [r4, #0]
 800154c:	f5b3 5f80 	cmp.w	r3, #4096	@ 0x1000
 8001550:	d340      	bcc.n	80015d4 <stm32_clock_control_get_subsys_rate+0x10c>
		*rate /= (pclken->div + 1);
 8001552:	682a      	ldr	r2, [r5, #0]
 8001554:	f3c3 3313 	ubfx	r3, r3, #12, #20
 8001558:	3301      	adds	r3, #1
 800155a:	fbb2 f2f3 	udiv	r2, r2, r3
 800155e:	602a      	str	r2, [r5, #0]
	return 0;
 8001560:	2000      	movs	r0, #0
 8001562:	e036      	b.n	80015d2 <stm32_clock_control_get_subsys_rate+0x10a>
	switch (pclken->bus) {
 8001564:	f06f 0085 	mvn.w	r0, #133	@ 0x85
 8001568:	e033      	b.n	80015d2 <stm32_clock_control_get_subsys_rate+0x10a>
		*rate = ahb_clock;
 800156a:	602e      	str	r6, [r5, #0]
		break;
 800156c:	e7ed      	b.n	800154a <stm32_clock_control_get_subsys_rate+0x82>
		*rate = ahb3_clock;
 800156e:	602e      	str	r6, [r5, #0]
		break;
 8001570:	e7eb      	b.n	800154a <stm32_clock_control_get_subsys_rate+0x82>
		*rate = apb1_clock;
 8001572:	602f      	str	r7, [r5, #0]
		break;
 8001574:	e7e9      	b.n	800154a <stm32_clock_control_get_subsys_rate+0x82>
		*rate = apb2_clock;
 8001576:	6028      	str	r0, [r5, #0]
		break;
 8001578:	e7e7      	b.n	800154a <stm32_clock_control_get_subsys_rate+0x82>
		*rate = SystemCoreClock * STM32_CORE_PRESCALER;
 800157a:	602e      	str	r6, [r5, #0]
		break;
 800157c:	e7e5      	b.n	800154a <stm32_clock_control_get_subsys_rate+0x82>
		*rate = get_pll_div_frequency(get_pllsrc_frequency(),
 800157e:	f000 f8cf 	bl	8001720 <get_pllsrc_frequency>
 8001582:	2304      	movs	r3, #4
 8001584:	f44f 72a8 	mov.w	r2, #336	@ 0x150
 8001588:	2108      	movs	r1, #8
 800158a:	f002 fdd6 	bl	800413a <get_pll_div_frequency>
 800158e:	6028      	str	r0, [r5, #0]
		break;
 8001590:	e7db      	b.n	800154a <stm32_clock_control_get_subsys_rate+0x82>
		*rate = get_pll_div_frequency(get_pllsrc_frequency(),
 8001592:	f000 f8c5 	bl	8001720 <get_pllsrc_frequency>
 8001596:	2307      	movs	r3, #7
 8001598:	f44f 72a8 	mov.w	r2, #336	@ 0x150
 800159c:	2108      	movs	r1, #8
 800159e:	f002 fdcc 	bl	800413a <get_pll_div_frequency>
 80015a2:	6028      	str	r0, [r5, #0]
		break;
 80015a4:	e7d1      	b.n	800154a <stm32_clock_control_get_subsys_rate+0x82>
		*rate = STM32_LSE_FREQ;
 80015a6:	2300      	movs	r3, #0
 80015a8:	602b      	str	r3, [r5, #0]
		break;
 80015aa:	e7ce      	b.n	800154a <stm32_clock_control_get_subsys_rate+0x82>
		*rate = STM32_LSI_FREQ;
 80015ac:	f44f 43fa 	mov.w	r3, #32000	@ 0x7d00
 80015b0:	602b      	str	r3, [r5, #0]
		break;
 80015b2:	e7ca      	b.n	800154a <stm32_clock_control_get_subsys_rate+0x82>
		*rate = STM32_HSI_FREQ;
 80015b4:	2300      	movs	r3, #0
 80015b6:	602b      	str	r3, [r5, #0]
		break;
 80015b8:	e7c7      	b.n	800154a <stm32_clock_control_get_subsys_rate+0x82>
		*rate = STM32_HSE_FREQ;
 80015ba:	4b08      	ldr	r3, [pc, #32]	@ (80015dc <stm32_clock_control_get_subsys_rate+0x114>)
 80015bc:	602b      	str	r3, [r5, #0]
		break;
 80015be:	e7c4      	b.n	800154a <stm32_clock_control_get_subsys_rate+0x82>
		*rate = STM32_APB1_PRESCALER <= 2 ? ahb_clock : apb1_clock * 2;
 80015c0:	602e      	str	r6, [r5, #0]
		break;
 80015c2:	e7c2      	b.n	800154a <stm32_clock_control_get_subsys_rate+0x82>
		*rate = STM32_APB2_PRESCALER <= 2 ? ahb_clock : apb2_clock * 2;
 80015c4:	602e      	str	r6, [r5, #0]
		break;
 80015c6:	e7c0      	b.n	800154a <stm32_clock_control_get_subsys_rate+0x82>
	switch (pclken->bus) {
 80015c8:	f06f 0085 	mvn.w	r0, #133	@ 0x85
 80015cc:	e001      	b.n	80015d2 <stm32_clock_control_get_subsys_rate+0x10a>
 80015ce:	f06f 0085 	mvn.w	r0, #133	@ 0x85
}
 80015d2:	bdf8      	pop	{r3, r4, r5, r6, r7, pc}
	return 0;
 80015d4:	2000      	movs	r0, #0
 80015d6:	e7fc      	b.n	80015d2 <stm32_clock_control_get_subsys_rate+0x10a>
 80015d8:	2000003c 	.word	0x2000003c
 80015dc:	007a1200 	.word	0x007a1200

080015e0 <set_up_plls>:
{
 80015e0:	b508      	push	{r3, lr}
  return (uint32_t)(READ_BIT(RCC->CFGR, RCC_CFGR_SWS));
 80015e2:	4b1b      	ldr	r3, [pc, #108]	@ (8001650 <set_up_plls+0x70>)
 80015e4:	689b      	ldr	r3, [r3, #8]
 80015e6:	f003 030c 	and.w	r3, r3, #12
	if (LL_RCC_GetSysClkSource() == LL_RCC_SYS_CLKSOURCE_STATUS_PLL) {
 80015ea:	2b08      	cmp	r3, #8
 80015ec:	d027      	beq.n	800163e <set_up_plls+0x5e>
  * @rmtoll CR           PLLON         LL_RCC_PLL_Disable
  * @retval None
  */
__STATIC_INLINE void LL_RCC_PLL_Disable(void)
{
  CLEAR_BIT(RCC->CR, RCC_CR_PLLON);
 80015ee:	4a18      	ldr	r2, [pc, #96]	@ (8001650 <set_up_plls+0x70>)
 80015f0:	6813      	ldr	r3, [r2, #0]
 80015f2:	f023 7380 	bic.w	r3, r3, #16777216	@ 0x1000000
 80015f6:	6013      	str	r3, [r2, #0]
  * @rmtoll CR           PLLRDY        LL_RCC_PLL_IsReady
  * @retval State of bit (1 or 0).
  */
__STATIC_INLINE uint32_t LL_RCC_PLL_IsReady(void)
{
  return (READ_BIT(RCC->CR, RCC_CR_PLLRDY) == (RCC_CR_PLLRDY));
 80015f8:	4b15      	ldr	r3, [pc, #84]	@ (8001650 <set_up_plls+0x70>)
 80015fa:	681b      	ldr	r3, [r3, #0]
	while (LL_RCC_PLL_IsReady() != 0U) {
 80015fc:	f013 7f00 	tst.w	r3, #33554432	@ 0x2000000
 8001600:	d1fa      	bne.n	80015f8 <set_up_plls+0x18>
	*(volatile uint16_t *)addr = data;
}

static ALWAYS_INLINE uint32_t sys_read32(mem_addr_t addr)
{
	return *(volatile uint32_t *)addr;
 8001602:	4a14      	ldr	r2, [pc, #80]	@ (8001654 <set_up_plls+0x74>)
 8001604:	f8d2 3804 	ldr.w	r3, [r2, #2052]	@ 0x804
}

static ALWAYS_INLINE void stm32_reg_modify_bits(volatile uint32_t *addr, uint32_t mask,
						uint32_t value)
{
	stm32_reg_write(addr, (stm32_reg_read(addr) & ~mask) | value);
 8001608:	f423 3340 	bic.w	r3, r3, #196608	@ 0x30000
 800160c:	f443 3380 	orr.w	r3, r3, #65536	@ 0x10000
}

static ALWAYS_INLINE void sys_write32(uint32_t data, mem_addr_t addr)
{
	*(volatile uint32_t *)addr = data;
 8001610:	f8c2 3804 	str.w	r3, [r2, #2052]	@ 0x804
	return *(volatile uint32_t *)addr;
 8001614:	f8d2 3804 	ldr.w	r3, [r2, #2052]	@ 0x804
 8001618:	f023 6370 	bic.w	r3, r3, #251658240	@ 0xf000000
 800161c:	f043 63e0 	orr.w	r3, r3, #117440512	@ 0x7000000
	*(volatile uint32_t *)addr = data;
 8001620:	f8c2 3804 	str.w	r3, [r2, #2052]	@ 0x804
	config_pll_sysclock();
 8001624:	f000 f880 	bl	8001728 <config_pll_sysclock>
  SET_BIT(RCC->CR, RCC_CR_PLLON);
 8001628:	4a09      	ldr	r2, [pc, #36]	@ (8001650 <set_up_plls+0x70>)
 800162a:	6813      	ldr	r3, [r2, #0]
 800162c:	f043 7380 	orr.w	r3, r3, #16777216	@ 0x1000000
 8001630:	6013      	str	r3, [r2, #0]
  return (READ_BIT(RCC->CR, RCC_CR_PLLRDY) == (RCC_CR_PLLRDY));
 8001632:	4b07      	ldr	r3, [pc, #28]	@ (8001650 <set_up_plls+0x70>)
 8001634:	681b      	ldr	r3, [r3, #0]
	while (LL_RCC_PLL_IsReady() != 1U) {
 8001636:	f013 7f00 	tst.w	r3, #33554432	@ 0x2000000
 800163a:	d0fa      	beq.n	8001632 <set_up_plls+0x52>
}
 800163c:	bd08      	pop	{r3, pc}
		stm32_clock_switch_to_hsi();
 800163e:	f7ff ff0b 	bl	8001458 <stm32_clock_switch_to_hsi>
  MODIFY_REG(RCC->CFGR, RCC_CFGR_HPRE, Prescaler);
 8001642:	4a03      	ldr	r2, [pc, #12]	@ (8001650 <set_up_plls+0x70>)
 8001644:	6893      	ldr	r3, [r2, #8]
 8001646:	f023 03f0 	bic.w	r3, r3, #240	@ 0xf0
 800164a:	6093      	str	r3, [r2, #8]
}
 800164c:	e7cf      	b.n	80015ee <set_up_plls+0xe>
 800164e:	bf00      	nop
 8001650:	40023800 	.word	0x40023800
 8001654:	40023000 	.word	0x40023000

08001658 <enabled_clock>:
	switch (src_clk) {
 8001658:	2816      	cmp	r0, #22
 800165a:	d806      	bhi.n	800166a <enabled_clock+0x12>
 800165c:	4b06      	ldr	r3, [pc, #24]	@ (8001678 <enabled_clock+0x20>)
 800165e:	40c3      	lsrs	r3, r0
 8001660:	f013 0f01 	tst.w	r3, #1
 8001664:	d004      	beq.n	8001670 <enabled_clock+0x18>
	int r = 0;
 8001666:	2000      	movs	r0, #0
 8001668:	4770      	bx	lr
	switch (src_clk) {
 800166a:	f06f 0085 	mvn.w	r0, #133	@ 0x85
 800166e:	4770      	bx	lr
 8001670:	f06f 0085 	mvn.w	r0, #133	@ 0x85
}
 8001674:	4770      	bx	lr
 8001676:	bf00      	nop
 8001678:	006000ea 	.word	0x006000ea

0800167c <stm32_clock_control_init>:
 * @param dev clock device struct
 *
 * @return 0
 */
int stm32_clock_control_init(const struct device *dev)
{
 800167c:	b538      	push	{r3, r4, r5, lr}
	ARG_UNUSED(dev);

	/* Some clocks would be activated by default */
	config_enable_default_clocks();
 800167e:	f000 f877 	bl	8001770 <config_enable_default_clocks>
	config_regulator_voltage(CONFIG_SYS_CLOCK_HW_CYCLES_PER_SEC);
 8001682:	4c23      	ldr	r4, [pc, #140]	@ (8001710 <stm32_clock_control_init+0x94>)
 8001684:	4620      	mov	r0, r4
 8001686:	f002 fddc 	bl	8004242 <config_regulator_voltage>

#if defined(FLASH_ACR_LATENCY)
	uint32_t old_flash_freq;
	uint32_t new_flash_freq;

	old_flash_freq = RCC_CALC_FLASH_FREQ(HAL_RCC_GetSysClockFreq(),
 800168a:	f000 fb7d 	bl	8001d88 <HAL_RCC_GetSysClockFreq>
  return (uint32_t)(READ_BIT(RCC->CFGR, RCC_CFGR_HPRE));
 800168e:	4b21      	ldr	r3, [pc, #132]	@ (8001714 <stm32_clock_control_init+0x98>)
 8001690:	689b      	ldr	r3, [r3, #8]
 8001692:	f3c3 1303 	ubfx	r3, r3, #4, #4
 8001696:	4a20      	ldr	r2, [pc, #128]	@ (8001718 <stm32_clock_control_init+0x9c>)
 8001698:	5cd3      	ldrb	r3, [r2, r3]
 800169a:	fa20 f503 	lsr.w	r5, r0, r3
					       GET_CURRENT_FLASH_PRESCALER());

	new_flash_freq = RCC_CALC_FLASH_FREQ(CONFIG_SYS_CLOCK_HW_CYCLES_PER_SEC,
 800169e:	7813      	ldrb	r3, [r2, #0]
 80016a0:	411c      	asrs	r4, r3
				      STM32_FLASH_PRESCALER);

	/* If HCLK increases, set flash latency before any clock setting */
	if (old_flash_freq < new_flash_freq) {
 80016a2:	42a5      	cmp	r5, r4
 80016a4:	d32c      	bcc.n	8001700 <stm32_clock_control_init+0x84>
		LL_SetFlashLatency(new_flash_freq);
	}
#endif /* FLASH_ACR_LATENCY */

	/* Set up individual enabled clocks */
	set_up_fixed_clock_sources();
 80016a6:	f7ff fef3 	bl	8001490 <set_up_fixed_clock_sources>

	/* Set up PLLs */
	set_up_plls();
 80016aa:	f7ff ff99 	bl	80015e0 <set_up_plls>
  MODIFY_REG(RCC->CFGR, RCC_CFGR_HPRE, Prescaler);
 80016ae:	4a19      	ldr	r2, [pc, #100]	@ (8001714 <stm32_clock_control_init+0x98>)
 80016b0:	6893      	ldr	r3, [r2, #8]
 80016b2:	f023 03f0 	bic.w	r3, r3, #240	@ 0xf0
 80016b6:	6093      	str	r3, [r2, #8]
  MODIFY_REG(RCC->CFGR, RCC_CFGR_SW, Source);
 80016b8:	6893      	ldr	r3, [r2, #8]
 80016ba:	f023 0303 	bic.w	r3, r3, #3
 80016be:	f043 0302 	orr.w	r3, r3, #2
 80016c2:	6093      	str	r3, [r2, #8]
  return (uint32_t)(READ_BIT(RCC->CFGR, RCC_CFGR_SWS));
 80016c4:	4b13      	ldr	r3, [pc, #76]	@ (8001714 <stm32_clock_control_init+0x98>)
 80016c6:	689b      	ldr	r3, [r3, #8]
 80016c8:	f003 030c 	and.w	r3, r3, #12
	}

#if STM32_SYSCLK_SRC_PLL
	/* Set PLL as System Clock Source */
	LL_RCC_SetSysClkSource(LL_RCC_SYS_CLKSOURCE_PLL);
	while (LL_RCC_GetSysClkSource() != LL_RCC_SYS_CLKSOURCE_STATUS_PLL) {
 80016cc:	2b08      	cmp	r3, #8
 80016ce:	d1f9      	bne.n	80016c4 <stm32_clock_control_init+0x48>
		LL_RCC_SetAHBPrescaler(ahb_prescaler(STM32_CORE_PRESCALER));
	}

#if defined(FLASH_ACR_LATENCY)
	/* If HCLK not increased, set flash latency after all clock setting */
	if (old_flash_freq >= new_flash_freq) {
 80016d0:	42a5      	cmp	r5, r4
 80016d2:	d219      	bcs.n	8001708 <stm32_clock_control_init+0x8c>
		LL_SetFlashLatency(new_flash_freq);
	}
#endif /* FLASH_ACR_LATENCY */

	SystemCoreClock = CONFIG_SYS_CLOCK_HW_CYCLES_PER_SEC;
 80016d4:	4b11      	ldr	r3, [pc, #68]	@ (800171c <stm32_clock_control_init+0xa0>)
 80016d6:	4a0e      	ldr	r2, [pc, #56]	@ (8001710 <stm32_clock_control_init+0x94>)
 80016d8:	601a      	str	r2, [r3, #0]
  MODIFY_REG(RCC->CFGR, RCC_CFGR_PPRE1, Prescaler);
 80016da:	4b0e      	ldr	r3, [pc, #56]	@ (8001714 <stm32_clock_control_init+0x98>)
 80016dc:	689a      	ldr	r2, [r3, #8]
 80016de:	f422 52e0 	bic.w	r2, r2, #7168	@ 0x1c00
 80016e2:	f442 5280 	orr.w	r2, r2, #4096	@ 0x1000
 80016e6:	609a      	str	r2, [r3, #8]
  MODIFY_REG(RCC->CFGR, RCC_CFGR_PPRE2, Prescaler);
 80016e8:	689a      	ldr	r2, [r3, #8]
 80016ea:	f422 4260 	bic.w	r2, r2, #57344	@ 0xe000
 80016ee:	609a      	str	r2, [r3, #8]
  MODIFY_REG(RCC->DCKCFGR, RCC_DCKCFGR_TIMPRE, Prescaler);
 80016f0:	f8d3 208c 	ldr.w	r2, [r3, #140]	@ 0x8c
 80016f4:	f022 7280 	bic.w	r2, r2, #16777216	@ 0x1000000
 80016f8:	f8c3 208c 	str.w	r2, [r3, #140]	@ 0x8c
		LL_RCC_SetTIMPrescaler(LL_RCC_TIM_PRESCALER_TWICE);
	}
#endif

	return 0;
}
 80016fc:	2000      	movs	r0, #0
 80016fe:	bd38      	pop	{r3, r4, r5, pc}
		LL_SetFlashLatency(new_flash_freq);
 8001700:	4620      	mov	r0, r4
 8001702:	f000 fbaf 	bl	8001e64 <LL_SetFlashLatency>
 8001706:	e7ce      	b.n	80016a6 <stm32_clock_control_init+0x2a>
		LL_SetFlashLatency(new_flash_freq);
 8001708:	4620      	mov	r0, r4
 800170a:	f000 fbab 	bl	8001e64 <LL_SetFlashLatency>
 800170e:	e7e1      	b.n	80016d4 <stm32_clock_control_init+0x58>
 8001710:	0501bd00 	.word	0x0501bd00
 8001714:	40023800 	.word	0x40023800
 8001718:	0800594c 	.word	0x0800594c
 800171c:	2000003c 	.word	0x2000003c

08001720 <get_pllsrc_frequency>:
		return STM32_HSE_FREQ;
	}

	__ASSERT(0, "Invalid source");
	return 0;
}
 8001720:	4800      	ldr	r0, [pc, #0]	@ (8001724 <get_pllsrc_frequency+0x4>)
 8001722:	4770      	bx	lr
 8001724:	007a1200 	.word	0x007a1200

08001728 <config_pll_sysclock>:

/**
 * @brief Set up pll configuration
 */
void config_pll_sysclock(void)
{
 8001728:	b508      	push	{r3, lr}
#if STM32_PLL_P_ENABLED
	/* All STM32F2x, F4x and F7x */
	LL_RCC_PLL_ConfigDomain_SYS(get_pll_source(),
 800172a:	f002 fd8b 	bl	8004244 <get_pll_source>
  *         (*) value not defined in all devices.
  * @retval None
  */
__STATIC_INLINE void LL_RCC_PLL_ConfigDomain_SYS(uint32_t Source, uint32_t PLLM, uint32_t PLLN, uint32_t PLLP_R)
{
  MODIFY_REG(RCC->PLLCFGR, RCC_PLLCFGR_PLLSRC | RCC_PLLCFGR_PLLM | RCC_PLLCFGR_PLLN,
 800172e:	4b0c      	ldr	r3, [pc, #48]	@ (8001760 <config_pll_sysclock+0x38>)
 8001730:	6859      	ldr	r1, [r3, #4]
 8001732:	4a0c      	ldr	r2, [pc, #48]	@ (8001764 <config_pll_sysclock+0x3c>)
 8001734:	400a      	ands	r2, r1
 8001736:	f440 41a8 	orr.w	r1, r0, #21504	@ 0x5400
 800173a:	f041 0108 	orr.w	r1, r1, #8
 800173e:	430a      	orrs	r2, r1
 8001740:	605a      	str	r2, [r3, #4]
             Source | PLLM | PLLN << RCC_PLLCFGR_PLLN_Pos);
  MODIFY_REG(RCC->PLLCFGR, RCC_PLLCFGR_PLLP, PLLP_R);
 8001742:	685a      	ldr	r2, [r3, #4]
 8001744:	f422 3240 	bic.w	r2, r2, #196608	@ 0x30000
 8001748:	f442 3280 	orr.w	r2, r2, #65536	@ 0x10000
 800174c:	605a      	str	r2, [r3, #4]
  *         @arg @ref LL_RCC_PLLQ_DIV_15
  * @retval None
  */
__STATIC_INLINE void LL_RCC_PLL_ConfigDomain_48M(uint32_t Source, uint32_t PLLM, uint32_t PLLN, uint32_t PLLQ)
{
  MODIFY_REG(RCC->PLLCFGR, RCC_PLLCFGR_PLLSRC | RCC_PLLCFGR_PLLM | RCC_PLLCFGR_PLLN | RCC_PLLCFGR_PLLQ,
 800174e:	6859      	ldr	r1, [r3, #4]
 8001750:	4a05      	ldr	r2, [pc, #20]	@ (8001768 <config_pll_sysclock+0x40>)
 8001752:	400a      	ands	r2, r1
 8001754:	4905      	ldr	r1, [pc, #20]	@ (800176c <config_pll_sysclock+0x44>)
 8001756:	4301      	orrs	r1, r0
 8001758:	430a      	orrs	r2, r1
 800175a:	605a      	str	r2, [r3, #4]
		 * for the overdrive function. The caller will try to turn on the PLL
		 * And start waiting for the PLL locking phase to complete.
		 */
	}
#endif /* CONFIG_SOC_SERIES_STM32F7X */
}
 800175c:	bd08      	pop	{r3, pc}
 800175e:	bf00      	nop
 8001760:	40023800 	.word	0x40023800
 8001764:	ffbf8000 	.word	0xffbf8000
 8001768:	f0bf8000 	.word	0xf0bf8000
 800176c:	07005408 	.word	0x07005408

08001770 <config_enable_default_clocks>:

/**
 * @brief Activate default clocks
 */
void config_enable_default_clocks(void)
{
 8001770:	b082      	sub	sp, #8
  * @retval None
  */
__STATIC_INLINE void LL_APB1_GRP1_EnableClock(uint32_t Periphs)
{
  __IO uint32_t tmpreg;
  SET_BIT(RCC->APB1ENR, Periphs);
 8001772:	4b06      	ldr	r3, [pc, #24]	@ (800178c <config_enable_default_clocks+0x1c>)
 8001774:	6c1a      	ldr	r2, [r3, #64]	@ 0x40
 8001776:	f042 5280 	orr.w	r2, r2, #268435456	@ 0x10000000
 800177a:	641a      	str	r2, [r3, #64]	@ 0x40
  /* Delay after an RCC peripheral clock enabling */
  tmpreg = READ_BIT(RCC->APB1ENR, Periphs);
 800177c:	6c1b      	ldr	r3, [r3, #64]	@ 0x40
 800177e:	f003 5380 	and.w	r3, r3, #268435456	@ 0x10000000
 8001782:	9301      	str	r3, [sp, #4]
  (void)tmpreg;
 8001784:	9b01      	ldr	r3, [sp, #4]
	/* Power Interface clock enabled by default */
	LL_APB1_GRP1_EnableClock(LL_APB1_GRP1_PERIPH_PWR);
}
 8001786:	b002      	add	sp, #8
 8001788:	4770      	bx	lr
 800178a:	bf00      	nop
 800178c:	40023800 	.word	0x40023800

08001790 <console_out>:
 *
 * @return The character passed as input.
 */

static int console_out(int c)
{
 8001790:	b510      	push	{r4, lr}
 8001792:	4604      	mov	r4, r0
		 * function MUST return the byte output.
		 */
		return c;
	}

	if ('\n' == c) {
 8001794:	280a      	cmp	r0, #10
 8001796:	d006      	beq.n	80017a6 <console_out+0x16>
		uart_poll_out(uart_console_dev, '\r');
	}
	uart_poll_out(uart_console_dev, c);
 8001798:	b2e1      	uxtb	r1, r4
#endif
}

static inline void z_impl_uart_poll_out(const struct device *dev, unsigned char out_char)
{
	const struct uart_driver_api *api = (const struct uart_driver_api *)dev->api;
 800179a:	4806      	ldr	r0, [pc, #24]	@ (80017b4 <console_out+0x24>)
 800179c:	6883      	ldr	r3, [r0, #8]

	api->poll_out(dev, out_char);
 800179e:	685b      	ldr	r3, [r3, #4]
 80017a0:	4798      	blx	r3
	 * As errors cannot be returned, ignore the return value
	 */
	(void)pm_device_runtime_put_async(uart_console_dev, K_MSEC(1));

	return c;
}
 80017a2:	4620      	mov	r0, r4
 80017a4:	bd10      	pop	{r4, pc}
	const struct uart_driver_api *api = (const struct uart_driver_api *)dev->api;
 80017a6:	4803      	ldr	r0, [pc, #12]	@ (80017b4 <console_out+0x24>)
 80017a8:	6883      	ldr	r3, [r0, #8]
	api->poll_out(dev, out_char);
 80017aa:	685b      	ldr	r3, [r3, #4]
 80017ac:	210d      	movs	r1, #13
 80017ae:	4798      	blx	r3
		return;
	}
#endif
	compiler_barrier();
	z_impl_uart_poll_out(dev, out_char);
}
 80017b0:	e7f2      	b.n	8001798 <console_out+0x8>
 80017b2:	bf00      	nop
 80017b4:	08004e94 	.word	0x08004e94

080017b8 <uart_console_hook_install>:
/**
 * @brief Install printk/stdout hook for UART console output
 */

static void uart_console_hook_install(void)
{
 80017b8:	b510      	push	{r4, lr}
#if defined(CONFIG_STDOUT_CONSOLE)
	__stdout_hook_install(console_out);
 80017ba:	4c04      	ldr	r4, [pc, #16]	@ (80017cc <uart_console_hook_install+0x14>)
 80017bc:	4620      	mov	r0, r4
 80017be:	f7ff fd07 	bl	80011d0 <__stdout_hook_install>
#endif
#if defined(CONFIG_PRINTK)
	__printk_hook_install(console_out);
 80017c2:	4620      	mov	r0, r4
 80017c4:	f7fe ff1a 	bl	80005fc <__printk_hook_install>
#endif
}
 80017c8:	bd10      	pop	{r4, pc}
 80017ca:	bf00      	nop
 80017cc:	08001791 	.word	0x08001791

080017d0 <uart_console_init>:
 * @brief Initialize one UART as the console/debug port
 *
 * @return 0 if successful, otherwise failed.
 */
static int uart_console_init(void)
{
 80017d0:	b508      	push	{r3, lr}
 80017d2:	4805      	ldr	r0, [pc, #20]	@ (80017e8 <uart_console_init+0x18>)
 80017d4:	f003 f904 	bl	80049e0 <z_impl_device_is_ready>
	if (!device_is_ready(uart_console_dev)) {
 80017d8:	b118      	cbz	r0, 80017e2 <uart_console_init+0x12>
		return -ENODEV;
	}

	uart_console_hook_install();
 80017da:	f7ff ffed 	bl	80017b8 <uart_console_hook_install>

	return 0;
 80017de:	2000      	movs	r0, #0
}
 80017e0:	bd08      	pop	{r3, pc}
		return -ENODEV;
 80017e2:	f06f 0012 	mvn.w	r0, #18
 80017e6:	e7fb      	b.n	80017e0 <uart_console_init+0x10>
 80017e8:	08004e94 	.word	0x08004e94

080017ec <gpio_stm32_pin_interrupt_configure>:

static int gpio_stm32_pin_interrupt_configure(const struct device *dev,
					      gpio_pin_t pin,
					      enum gpio_int_mode mode,
					      enum gpio_int_trig trig)
{
 80017ec:	e92d 43f8 	stmdb	sp!, {r3, r4, r5, r6, r7, r8, r9, lr}
 80017f0:	4680      	mov	r8, r0
 80017f2:	460f      	mov	r7, r1
 80017f4:	4616      	mov	r6, r2
 80017f6:	461c      	mov	r4, r3
	const struct gpio_stm32_config *cfg = dev->config;
 80017f8:	f8d0 9004 	ldr.w	r9, [r0, #4]
	const stm32_gpio_irq_line_t irq_line = stm32_gpio_intc_get_pin_irq_line(cfg->port, pin);
 80017fc:	f8d9 0008 	ldr.w	r0, [r9, #8]
 8001800:	f002 fc7b 	bl	80040fa <stm32_gpio_intc_get_pin_irq_line>
		stm32_gpio_intc_enable_line(irq_line);
		goto exit;
	}
#endif /* CONFIG_GPIO_ENABLE_DISABLE_INTERRUPT */

	if (mode == GPIO_INT_MODE_DISABLED) {
 8001804:	f5b6 1f00 	cmp.w	r6, #2097152	@ 0x200000
 8001808:	d00e      	beq.n	8001828 <gpio_stm32_pin_interrupt_configure+0x3c>
 800180a:	4605      	mov	r5, r0
		gpio_stm32_disable_pin_irqs(cfg->port, pin);
		goto exit;
	}

	if (mode == GPIO_INT_MODE_LEVEL) {
 800180c:	f5b6 0f80 	cmp.w	r6, #4194304	@ 0x400000
 8001810:	d02a      	beq.n	8001868 <gpio_stm32_pin_interrupt_configure+0x7c>
				err = -EINVAL;
				goto exit;
			}
		}
	} else {
		switch (trig) {
 8001812:	f1b4 6f80 	cmp.w	r4, #67108864	@ 0x4000000
 8001816:	d00e      	beq.n	8001836 <gpio_stm32_pin_interrupt_configure+0x4a>
 8001818:	f1b4 6fc0 	cmp.w	r4, #100663296	@ 0x6000000
 800181c:	d00d      	beq.n	800183a <gpio_stm32_pin_interrupt_configure+0x4e>
 800181e:	f1b4 7f00 	cmp.w	r4, #33554432	@ 0x2000000
 8001822:	d124      	bne.n	800186e <gpio_stm32_pin_interrupt_configure+0x82>
 8001824:	2602      	movs	r6, #2
 8001826:	e009      	b.n	800183c <gpio_stm32_pin_interrupt_configure+0x50>
		gpio_stm32_disable_pin_irqs(cfg->port, pin);
 8001828:	4639      	mov	r1, r7
 800182a:	f8d9 0008 	ldr.w	r0, [r9, #8]
 800182e:	f002 fddd 	bl	80043ec <gpio_stm32_disable_pin_irqs>
	int err = 0;
 8001832:	2400      	movs	r4, #0
		goto exit;
 8001834:	e015      	b.n	8001862 <gpio_stm32_pin_interrupt_configure+0x76>
		case GPIO_INT_TRIG_LOW:
			irq_trigger = STM32_GPIO_IRQ_TRIG_FALLING;
			break;
		case GPIO_INT_TRIG_HIGH:
			irq_trigger = STM32_GPIO_IRQ_TRIG_RISING;
 8001836:	2601      	movs	r6, #1
 8001838:	e000      	b.n	800183c <gpio_stm32_pin_interrupt_configure+0x50>
			break;
		case GPIO_INT_TRIG_BOTH:
			irq_trigger = STM32_GPIO_IRQ_TRIG_BOTH;
 800183a:	2603      	movs	r6, #3
			err = -EINVAL;
			goto exit;
		}
	}

	if (stm32_gpio_intc_set_irq_callback(irq_line, gpio_stm32_isr, (void *)dev) != 0) {
 800183c:	4642      	mov	r2, r8
 800183e:	490f      	ldr	r1, [pc, #60]	@ (800187c <gpio_stm32_pin_interrupt_configure+0x90>)
 8001840:	4628      	mov	r0, r5
 8001842:	f7ff fdd1 	bl	80013e8 <stm32_gpio_intc_set_irq_callback>
 8001846:	4604      	mov	r4, r0
 8001848:	b9a0      	cbnz	r0, 8001874 <gpio_stm32_pin_interrupt_configure+0x88>
		err = -EBUSY;
		goto exit;
	}

#if defined(CONFIG_EXTI_STM32)
	stm32_exti_set_line_src_port(pin, cfg->port);
 800184a:	f8d9 1008 	ldr.w	r1, [r9, #8]
 800184e:	4638      	mov	r0, r7
 8001850:	f002 fc58 	bl	8004104 <stm32_exti_set_line_src_port>
#endif

	stm32_gpio_intc_select_line_trigger(irq_line, irq_trigger);
 8001854:	4631      	mov	r1, r6
 8001856:	4628      	mov	r0, r5
 8001858:	f7ff fd9a 	bl	8001390 <stm32_gpio_intc_select_line_trigger>

	stm32_gpio_intc_enable_line(irq_line);
 800185c:	4628      	mov	r0, r5
 800185e:	f7ff fd77 	bl	8001350 <stm32_gpio_intc_enable_line>

exit:
	return err;
}
 8001862:	4620      	mov	r0, r4
 8001864:	e8bd 83f8 	ldmia.w	sp!, {r3, r4, r5, r6, r7, r8, r9, pc}
			err = -ENOTSUP;
 8001868:	f06f 0485 	mvn.w	r4, #133	@ 0x85
 800186c:	e7f9      	b.n	8001862 <gpio_stm32_pin_interrupt_configure+0x76>
		switch (trig) {
 800186e:	f06f 0415 	mvn.w	r4, #21
 8001872:	e7f6      	b.n	8001862 <gpio_stm32_pin_interrupt_configure+0x76>
		err = -EBUSY;
 8001874:	f06f 040f 	mvn.w	r4, #15
	return err;
 8001878:	e7f3      	b.n	8001862 <gpio_stm32_pin_interrupt_configure+0x76>
 800187a:	bf00      	nop
 800187c:	0800430f 	.word	0x0800430f

08001880 <LL_USART_SetBaudRate>:
  * @param  BaudRate Baud Rate
  * @retval None
  */
__STATIC_INLINE void LL_USART_SetBaudRate(USART_TypeDef *USARTx, uint32_t PeriphClk, uint32_t OverSampling,
                                          uint32_t BaudRate)
{
 8001880:	b510      	push	{r4, lr}
 8001882:	4604      	mov	r4, r0
  if (OverSampling == LL_USART_OVERSAMPLING_8)
 8001884:	f5b2 4f00 	cmp.w	r2, #32768	@ 0x8000
 8001888:	d02f      	beq.n	80018ea <LL_USART_SetBaudRate+0x6a>
  {
    USARTx->BRR = (uint16_t)(__LL_USART_DIV_SAMPLING8(PeriphClk, BaudRate));
  }
  else
  {
    USARTx->BRR = (uint16_t)(__LL_USART_DIV_SAMPLING16(PeriphClk, BaudRate));
 800188a:	f04f 0c00 	mov.w	ip, #0
 800188e:	1848      	adds	r0, r1, r1
 8001890:	eb4c 0c0c 	adc.w	ip, ip, ip
 8001894:	1840      	adds	r0, r0, r1
 8001896:	f14c 0c00 	adc.w	ip, ip, #0
 800189a:	ea4f 0ccc 	mov.w	ip, ip, lsl #3
 800189e:	ea4c 7c50 	orr.w	ip, ip, r0, lsr #29
 80018a2:	00c0      	lsls	r0, r0, #3
 80018a4:	1840      	adds	r0, r0, r1
 80018a6:	ea4f 0283 	mov.w	r2, r3, lsl #2
 80018aa:	ea4f 7393 	mov.w	r3, r3, lsr #30
 80018ae:	f14c 0100 	adc.w	r1, ip, #0
 80018b2:	f7fe fcf3 	bl	800029c <__aeabi_uldivmod>
 80018b6:	4924      	ldr	r1, [pc, #144]	@ (8001948 <LL_USART_SetBaudRate+0xc8>)
 80018b8:	fba1 2300 	umull	r2, r3, r1, r0
 80018bc:	095b      	lsrs	r3, r3, #5
 80018be:	011a      	lsls	r2, r3, #4
 80018c0:	b292      	uxth	r2, r2
 80018c2:	f04f 0c64 	mov.w	ip, #100	@ 0x64
 80018c6:	fb0c 0313 	mls	r3, ip, r3, r0
 80018ca:	011b      	lsls	r3, r3, #4
 80018cc:	3332      	adds	r3, #50	@ 0x32
 80018ce:	fba1 1303 	umull	r1, r3, r1, r3
 80018d2:	f3c3 134f 	ubfx	r3, r3, #5, #16
 80018d6:	f003 01f0 	and.w	r1, r3, #240	@ 0xf0
 80018da:	440a      	add	r2, r1
 80018dc:	b292      	uxth	r2, r2
 80018de:	f003 030f 	and.w	r3, r3, #15
 80018e2:	4413      	add	r3, r2
 80018e4:	b29b      	uxth	r3, r3
 80018e6:	60a3      	str	r3, [r4, #8]
  }
}
 80018e8:	bd10      	pop	{r4, pc}
    USARTx->BRR = (uint16_t)(__LL_USART_DIV_SAMPLING8(PeriphClk, BaudRate));
 80018ea:	f04f 0c00 	mov.w	ip, #0
 80018ee:	1848      	adds	r0, r1, r1
 80018f0:	eb4c 020c 	adc.w	r2, ip, ip
 80018f4:	1840      	adds	r0, r0, r1
 80018f6:	f142 0200 	adc.w	r2, r2, #0
 80018fa:	00d2      	lsls	r2, r2, #3
 80018fc:	ea42 7250 	orr.w	r2, r2, r0, lsr #29
 8001900:	00c0      	lsls	r0, r0, #3
 8001902:	1840      	adds	r0, r0, r1
 8001904:	f142 0100 	adc.w	r1, r2, #0
 8001908:	18da      	adds	r2, r3, r3
 800190a:	eb4c 030c 	adc.w	r3, ip, ip
 800190e:	f7fe fcc5 	bl	800029c <__aeabi_uldivmod>
 8001912:	490d      	ldr	r1, [pc, #52]	@ (8001948 <LL_USART_SetBaudRate+0xc8>)
 8001914:	fba1 2300 	umull	r2, r3, r1, r0
 8001918:	095b      	lsrs	r3, r3, #5
 800191a:	011a      	lsls	r2, r3, #4
 800191c:	b292      	uxth	r2, r2
 800191e:	f04f 0c64 	mov.w	ip, #100	@ 0x64
 8001922:	fb0c 0313 	mls	r3, ip, r3, r0
 8001926:	00db      	lsls	r3, r3, #3
 8001928:	3332      	adds	r3, #50	@ 0x32
 800192a:	fba1 1303 	umull	r1, r3, r1, r3
 800192e:	f3c3 134f 	ubfx	r3, r3, #5, #16
 8001932:	0059      	lsls	r1, r3, #1
 8001934:	f401 71f8 	and.w	r1, r1, #496	@ 0x1f0
 8001938:	440a      	add	r2, r1
 800193a:	b292      	uxth	r2, r2
 800193c:	f003 0307 	and.w	r3, r3, #7
 8001940:	4413      	add	r3, r2
 8001942:	b29b      	uxth	r3, r3
 8001944:	60a3      	str	r3, [r4, #8]
 8001946:	e7cf      	b.n	80018e8 <LL_USART_SetBaudRate+0x68>
 8001948:	51eb851f 	.word	0x51eb851f

0800194c <uart_stm32_set_baudrate>:
	}
}
#endif /* CONFIG_PM */

static inline int uart_stm32_set_baudrate(const struct device *dev, uint32_t baud_rate)
{
 800194c:	b570      	push	{r4, r5, r6, lr}
 800194e:	b082      	sub	sp, #8
	const struct uart_stm32_config *config = dev->config;
 8001950:	6843      	ldr	r3, [r0, #4]
	USART_TypeDef *usart = config->usart;
 8001952:	681d      	ldr	r5, [r3, #0]

	if (baud_rate == 0) {
 8001954:	2900      	cmp	r1, #0
 8001956:	d043      	beq.n	80019e0 <uart_stm32_set_baudrate+0x94>
 8001958:	460e      	mov	r6, r1
		if (ret < 0) {
			LOG_ERR("Failed call clock_control_get_rate(pclken[1])");
			return ret;
		}
	} else {
		int ret = clock_control_get_rate(config->clock,
 800195a:	6858      	ldr	r0, [r3, #4]
						 (clock_control_subsys_t)&config->pclken[0],
 800195c:	6919      	ldr	r1, [r3, #16]
 */
static inline int clock_control_get_rate(const struct device *dev,
					 clock_control_subsys_t sys,
					 uint32_t *rate)
{
	const struct clock_control_driver_api *api =
 800195e:	6883      	ldr	r3, [r0, #8]
		(const struct clock_control_driver_api *)dev->api;

	if (api->get_rate == NULL) {
 8001960:	68db      	ldr	r3, [r3, #12]
 8001962:	2b00      	cmp	r3, #0
 8001964:	d039      	beq.n	80019da <uart_stm32_set_baudrate+0x8e>
		return -ENOSYS;
	}

	return api->get_rate(dev, sys, rate);
 8001966:	aa01      	add	r2, sp, #4
 8001968:	4798      	blx	r3
						 &clock_rate);
		if (ret < 0) {
 800196a:	2800      	cmp	r0, #0
 800196c:	db33      	blt.n	80019d6 <uart_stm32_set_baudrate+0x8a>
  MODIFY_REG(USARTx->CR1, USART_CR1_OVER8, OverSampling);
 800196e:	68eb      	ldr	r3, [r5, #12]
 8001970:	f423 4300 	bic.w	r3, r3, #32768	@ 0x8000
 8001974:	60eb      	str	r3, [r5, #12]
#ifdef USART_CR1_OVER8
		LL_USART_SetOverSampling(usart,
					 LL_USART_OVERSAMPLING_16);
#endif

		uint32_t usartdiv = STM32_USART_DIV_SAMPLING16(clock_rate,
 8001976:	9c01      	ldr	r4, [sp, #4]
 8001978:	2100      	movs	r1, #0
 800197a:	1920      	adds	r0, r4, r4
 800197c:	4149      	adcs	r1, r1
 800197e:	1900      	adds	r0, r0, r4
 8001980:	f141 0100 	adc.w	r1, r1, #0
 8001984:	00c9      	lsls	r1, r1, #3
 8001986:	ea41 7150 	orr.w	r1, r1, r0, lsr #29
 800198a:	00c0      	lsls	r0, r0, #3
 800198c:	1900      	adds	r0, r0, r4
 800198e:	ea4f 0286 	mov.w	r2, r6, lsl #2
 8001992:	ea4f 7396 	mov.w	r3, r6, lsr #30
 8001996:	f141 0100 	adc.w	r1, r1, #0
 800199a:	f7fe fc7f 	bl	800029c <__aeabi_uldivmod>
 800199e:	4a13      	ldr	r2, [pc, #76]	@ (80019ec <uart_stm32_set_baudrate+0xa0>)
 80019a0:	fba2 3100 	umull	r3, r1, r2, r0
 80019a4:	0949      	lsrs	r1, r1, #5
 80019a6:	2364      	movs	r3, #100	@ 0x64
 80019a8:	fb03 0311 	mls	r3, r3, r1, r0
 80019ac:	011b      	lsls	r3, r3, #4
 80019ae:	3332      	adds	r3, #50	@ 0x32
 80019b0:	fba2 2303 	umull	r2, r3, r2, r3
 80019b4:	095b      	lsrs	r3, r3, #5
 80019b6:	f003 02f0 	and.w	r2, r3, #240	@ 0xf0
 80019ba:	eb02 1201 	add.w	r2, r2, r1, lsl #4
 80019be:	f003 030f 	and.w	r3, r3, #15
 80019c2:	4413      	add	r3, r2
#ifdef USART_PRESC_PRESCALER
							       LL_USART_PRESCALER_DIV1,
#endif
							       baud_rate);
		if (usartdiv < 16) {
 80019c4:	2b0f      	cmp	r3, #15
 80019c6:	d90e      	bls.n	80019e6 <uart_stm32_set_baudrate+0x9a>
			LOG_ERR("Unable to set %s to %d", dev->name, baud_rate);
			return -EINVAL;
		}

		LL_USART_SetBaudRate(usart,
 80019c8:	4633      	mov	r3, r6
 80019ca:	2200      	movs	r2, #0
 80019cc:	4621      	mov	r1, r4
 80019ce:	4628      	mov	r0, r5
 80019d0:	f7ff ff56 	bl	8001880 <LL_USART_SetBaudRate>

#if HAS_LPUART
	}
#endif /* HAS_LPUART */

	return 0;
 80019d4:	2000      	movs	r0, #0
}
 80019d6:	b002      	add	sp, #8
 80019d8:	bd70      	pop	{r4, r5, r6, pc}
		return -ENOSYS;
 80019da:	f06f 0057 	mvn.w	r0, #87	@ 0x57
			return ret;
 80019de:	e7fa      	b.n	80019d6 <uart_stm32_set_baudrate+0x8a>
		return -EINVAL;
 80019e0:	f06f 0015 	mvn.w	r0, #21
 80019e4:	e7f7      	b.n	80019d6 <uart_stm32_set_baudrate+0x8a>
			return -EINVAL;
 80019e6:	f06f 0015 	mvn.w	r0, #21
 80019ea:	e7f4      	b.n	80019d6 <uart_stm32_set_baudrate+0x8a>
 80019ec:	51eb851f 	.word	0x51eb851f

080019f0 <uart_stm32_configure>:
}

#ifdef CONFIG_UART_USE_RUNTIME_CONFIGURE
static int uart_stm32_configure(const struct device *dev,
				const struct uart_config *cfg)
{
 80019f0:	e92d 41f0 	stmdb	sp!, {r4, r5, r6, r7, r8, lr}
 80019f4:	460c      	mov	r4, r1
	const struct uart_stm32_config *config = dev->config;
 80019f6:	6843      	ldr	r3, [r0, #4]
	USART_TypeDef *usart = config->usart;
 80019f8:	681d      	ldr	r5, [r3, #0]
	struct uart_stm32_data *data = dev->data;
 80019fa:	6903      	ldr	r3, [r0, #16]
	struct uart_config *uart_cfg = data->uart_cfg;
 80019fc:	681e      	ldr	r6, [r3, #0]
	const uint32_t parity = uart_stm32_cfg2ll_parity(cfg->parity);
 80019fe:	790b      	ldrb	r3, [r1, #4]
	switch (parity) {
 8001a00:	2b01      	cmp	r3, #1
 8001a02:	d004      	beq.n	8001a0e <uart_stm32_configure+0x1e>
 8001a04:	2b02      	cmp	r3, #2
 8001a06:	d10d      	bne.n	8001a24 <uart_stm32_configure+0x34>
		return LL_USART_PARITY_EVEN;
 8001a08:	f44f 6880 	mov.w	r8, #1024	@ 0x400
 8001a0c:	e001      	b.n	8001a12 <uart_stm32_configure+0x22>
	switch (parity) {
 8001a0e:	f44f 68c0 	mov.w	r8, #1536	@ 0x600
	const uint32_t stopbits = uart_stm32_cfg2ll_stopbits(config, cfg->stop_bits);
 8001a12:	7962      	ldrb	r2, [r4, #5]
	switch (sb) {
 8001a14:	2a01      	cmp	r2, #1
 8001a16:	d008      	beq.n	8001a2a <uart_stm32_configure+0x3a>
 8001a18:	2a02      	cmp	r2, #2
 8001a1a:	d008      	beq.n	8001a2e <uart_stm32_configure+0x3e>
 8001a1c:	bb1a      	cbnz	r2, 8001a66 <uart_stm32_configure+0x76>
 8001a1e:	f44f 5780 	mov.w	r7, #4096	@ 0x1000
 8001a22:	e006      	b.n	8001a32 <uart_stm32_configure+0x42>
		return LL_USART_PARITY_NONE;
 8001a24:	f04f 0800 	mov.w	r8, #0
 8001a28:	e7f3      	b.n	8001a12 <uart_stm32_configure+0x22>
		return STM32_USART_STOP_BIT_1;
 8001a2a:	2700      	movs	r7, #0
 8001a2c:	e001      	b.n	8001a32 <uart_stm32_configure+0x42>
		return STM32_USART_STOP_BIT_1_5;
 8001a2e:	f44f 5740 	mov.w	r7, #12288	@ 0x3000
	const uint32_t databits = uart_stm32_cfg2ll_databits(cfg->data_bits,
 8001a32:	f894 c006 	ldrb.w	ip, [r4, #6]
	switch (db) {
 8001a36:	f1bc 0f04 	cmp.w	ip, #4
 8001a3a:	d017      	beq.n	8001a6c <uart_stm32_configure+0x7c>
		if (p != UART_CFG_PARITY_NONE) {
 8001a3c:	b9cb      	cbnz	r3, 8001a72 <uart_stm32_configure+0x82>
		return STM32_USART_DATAWIDTH_8_BIT;
 8001a3e:	f04f 0e00 	mov.w	lr, #0
							     cfg->parity);

	/* Hardware doesn't support mark or space parity */
	if ((cfg->parity == UART_CFG_PARITY_MARK) ||
 8001a42:	1ed9      	subs	r1, r3, #3
 8001a44:	b2c9      	uxtb	r1, r1
 8001a46:	2901      	cmp	r1, #1
 8001a48:	d952      	bls.n	8001af0 <uart_stm32_configure+0x100>
	    (cfg->parity == UART_CFG_PARITY_SPACE)) {
		return -ENOTSUP;
	}

	/* Driver does not supports parity + 9 databits */
	if ((cfg->parity != UART_CFG_PARITY_NONE) &&
 8001a4a:	b113      	cbz	r3, 8001a52 <uart_stm32_configure+0x62>
 8001a4c:	f1bc 0f04 	cmp.w	ip, #4
 8001a50:	d051      	beq.n	8001af6 <uart_stm32_configure+0x106>
	switch (sb) {
 8001a52:	f5b7 5f80 	cmp.w	r7, #4096	@ 0x1000
 8001a56:	d00f      	beq.n	8001a78 <uart_stm32_configure+0x88>
 8001a58:	f5b7 5f40 	cmp.w	r7, #12288	@ 0x3000
 8001a5c:	d00e      	beq.n	8001a7c <uart_stm32_configure+0x8c>
 8001a5e:	2f00      	cmp	r7, #0
 8001a60:	d13b      	bne.n	8001ada <uart_stm32_configure+0xea>
		return UART_CFG_STOP_BITS_1;
 8001a62:	2301      	movs	r3, #1
 8001a64:	e00b      	b.n	8001a7e <uart_stm32_configure+0x8e>
		return STM32_USART_STOP_BIT_2;
 8001a66:	f44f 5700 	mov.w	r7, #8192	@ 0x2000
 8001a6a:	e7e2      	b.n	8001a32 <uart_stm32_configure+0x42>
		return STM32_USART_DATAWIDTH_9_BIT;
 8001a6c:	f44f 5e80 	mov.w	lr, #4096	@ 0x1000
 8001a70:	e7e7      	b.n	8001a42 <uart_stm32_configure+0x52>
			return STM32_USART_DATAWIDTH_9_BIT;
 8001a72:	f44f 5e80 	mov.w	lr, #4096	@ 0x1000
 8001a76:	e7e4      	b.n	8001a42 <uart_stm32_configure+0x52>
	switch (sb) {
 8001a78:	2300      	movs	r3, #0
 8001a7a:	e000      	b.n	8001a7e <uart_stm32_configure+0x8e>
		return UART_CFG_STOP_BITS_1_5;
 8001a7c:	2302      	movs	r3, #2
	}

	/* When the transformed ll stop bits don't match with what was requested, then it's not
	 * supported
	 */
	if (uart_stm32_ll2cfg_stopbits(stopbits) != cfg->stop_bits) {
 8001a7e:	429a      	cmp	r2, r3
 8001a80:	d13c      	bne.n	8001afc <uart_stm32_configure+0x10c>
	switch (db) {
 8001a82:	f1be 0f00 	cmp.w	lr, #0
 8001a86:	d12a      	bne.n	8001ade <uart_stm32_configure+0xee>
		if (p == LL_USART_PARITY_NONE) {
 8001a88:	f1b8 0f00 	cmp.w	r8, #0
 8001a8c:	d12e      	bne.n	8001aec <uart_stm32_configure+0xfc>
			return UART_CFG_DATA_BITS_8;
 8001a8e:	2303      	movs	r3, #3
	}

	/* When the transformed ll databits don't match with what was requested, then it's not
	 * supported
	 */
	if (uart_stm32_ll2cfg_databits(databits, parity) != cfg->data_bits) {
 8001a90:	459c      	cmp	ip, r3
 8001a92:	d136      	bne.n	8001b02 <uart_stm32_configure+0x112>
		return -ENOTSUP;
	}

	/* Driver supports only RTS/CTS and RS485 flow control */
	if (!(cfg->flow_ctrl == UART_CFG_FLOW_CTRL_NONE
 8001a94:	79e3      	ldrb	r3, [r4, #7]
 8001a96:	b163      	cbz	r3, 8001ab2 <uart_stm32_configure+0xc2>
 8001a98:	2b01      	cmp	r3, #1
 8001a9a:	d135      	bne.n	8001b08 <uart_stm32_configure+0x118>
		|| (cfg->flow_ctrl == UART_CFG_FLOW_CTRL_RTS_CTS &&
 8001a9c:	4b1f      	ldr	r3, [pc, #124]	@ (8001b1c <uart_stm32_configure+0x12c>)
 8001a9e:	429d      	cmp	r5, r3
 8001aa0:	d007      	beq.n	8001ab2 <uart_stm32_configure+0xc2>
			IS_UART_HWFLOW_INSTANCE(usart))
 8001aa2:	f5a3 434c 	sub.w	r3, r3, #52224	@ 0xcc00
 8001aa6:	429d      	cmp	r5, r3
 8001aa8:	d003      	beq.n	8001ab2 <uart_stm32_configure+0xc2>
 8001aaa:	f503 4350 	add.w	r3, r3, #53248	@ 0xd000
 8001aae:	429d      	cmp	r5, r3
 8001ab0:	d12d      	bne.n	8001b0e <uart_stm32_configure+0x11e>
  CLEAR_BIT(USARTx->CR1, USART_CR1_UE);
 8001ab2:	68eb      	ldr	r3, [r5, #12]
 8001ab4:	f423 5300 	bic.w	r3, r3, #8192	@ 0x2000
 8001ab8:	60eb      	str	r3, [r5, #12]
	}

	LL_USART_Disable(usart);

	/* Set basic parameters, such as data-/stop-bit, parity, and baudrate */
	if (uart_stm32_parameters_set(dev, cfg) < 0) {
 8001aba:	4621      	mov	r1, r4
 8001abc:	f002 fda1 	bl	8004602 <uart_stm32_parameters_set>
 8001ac0:	2800      	cmp	r0, #0
 8001ac2:	db27      	blt.n	8001b14 <uart_stm32_configure+0x124>
  SET_BIT(USARTx->CR1, USART_CR1_UE);
 8001ac4:	68eb      	ldr	r3, [r5, #12]
 8001ac6:	f443 5300 	orr.w	r3, r3, #8192	@ 0x2000
 8001aca:	60eb      	str	r3, [r5, #12]
	/* Upon successful configuration, persist the syscall-passed
	 * uart_config.
	 * This allows restoring it, should the device return from a low-power
	 * mode in which register contents are lost.
	 */
	*uart_cfg = *cfg;
 8001acc:	e894 0003 	ldmia.w	r4, {r0, r1}
 8001ad0:	e886 0003 	stmia.w	r6, {r0, r1}

	return 0;
 8001ad4:	2000      	movs	r0, #0
};
 8001ad6:	e8bd 81f0 	ldmia.w	sp!, {r4, r5, r6, r7, r8, pc}
		return UART_CFG_STOP_BITS_2;
 8001ada:	2303      	movs	r3, #3
 8001adc:	e7cf      	b.n	8001a7e <uart_stm32_configure+0x8e>
		if (p == LL_USART_PARITY_NONE) {
 8001ade:	f1b8 0f00 	cmp.w	r8, #0
 8001ae2:	d101      	bne.n	8001ae8 <uart_stm32_configure+0xf8>
			return UART_CFG_DATA_BITS_9;
 8001ae4:	2304      	movs	r3, #4
 8001ae6:	e7d3      	b.n	8001a90 <uart_stm32_configure+0xa0>
			return UART_CFG_DATA_BITS_8;
 8001ae8:	2303      	movs	r3, #3
 8001aea:	e7d1      	b.n	8001a90 <uart_stm32_configure+0xa0>
			return UART_CFG_DATA_BITS_7;
 8001aec:	2302      	movs	r3, #2
 8001aee:	e7cf      	b.n	8001a90 <uart_stm32_configure+0xa0>
		return -ENOTSUP;
 8001af0:	f06f 0085 	mvn.w	r0, #133	@ 0x85
 8001af4:	e7ef      	b.n	8001ad6 <uart_stm32_configure+0xe6>
		return -ENOTSUP;
 8001af6:	f06f 0085 	mvn.w	r0, #133	@ 0x85
 8001afa:	e7ec      	b.n	8001ad6 <uart_stm32_configure+0xe6>
		return -ENOTSUP;
 8001afc:	f06f 0085 	mvn.w	r0, #133	@ 0x85
 8001b00:	e7e9      	b.n	8001ad6 <uart_stm32_configure+0xe6>
		return -ENOTSUP;
 8001b02:	f06f 0085 	mvn.w	r0, #133	@ 0x85
 8001b06:	e7e6      	b.n	8001ad6 <uart_stm32_configure+0xe6>
		return -ENOTSUP;
 8001b08:	f06f 0085 	mvn.w	r0, #133	@ 0x85
 8001b0c:	e7e3      	b.n	8001ad6 <uart_stm32_configure+0xe6>
 8001b0e:	f06f 0085 	mvn.w	r0, #133	@ 0x85
 8001b12:	e7e0      	b.n	8001ad6 <uart_stm32_configure+0xe6>
		return -ENOTSUP;
 8001b14:	f06f 0085 	mvn.w	r0, #133	@ 0x85
 8001b18:	e7dd      	b.n	8001ad6 <uart_stm32_configure+0xe6>
 8001b1a:	bf00      	nop
 8001b1c:	40011000 	.word	0x40011000

08001b20 <uart_stm32_poll_in>:
{
	LL_USART_TransmitData8(usart, (uint8_t)out);
}

static int uart_stm32_poll_in(const struct device *dev, unsigned char *c)
{
 8001b20:	b508      	push	{r3, lr}
	return uart_stm32_poll_in_visitor(dev, (void *)c, poll_in_u8);
 8001b22:	4a02      	ldr	r2, [pc, #8]	@ (8001b2c <uart_stm32_poll_in+0xc>)
 8001b24:	f002 fe48 	bl	80047b8 <uart_stm32_poll_in_visitor>
}
 8001b28:	bd08      	pop	{r3, pc}
 8001b2a:	bf00      	nop
 8001b2c:	08004827 	.word	0x08004827

08001b30 <uart_stm32_poll_out>:

static void uart_stm32_poll_out(const struct device *dev, unsigned char c)
{
 8001b30:	b508      	push	{r3, lr}
	uart_stm32_poll_out_visitor(dev, c, poll_out_u8);
 8001b32:	4a02      	ldr	r2, [pc, #8]	@ (8001b3c <uart_stm32_poll_out+0xc>)
 8001b34:	f002 fe5a 	bl	80047ec <uart_stm32_poll_out_visitor>
}
 8001b38:	bd08      	pop	{r3, pc}
 8001b3a:	bf00      	nop
 8001b3c:	0800482d 	.word	0x0800482d

08001b40 <elapsed>:
 *     - and until the current call of the function is completed.
 * - the function is invoked with interrupts disabled.
 */
static uint32_t elapsed(void)
{
	uint32_t val1 = SysTick->VAL;	/* A */
 8001b40:	f04f 23e0 	mov.w	r3, #3758153728	@ 0xe000e000
 8001b44:	6999      	ldr	r1, [r3, #24]
	uint32_t ctrl = SysTick->CTRL;	/* B */
 8001b46:	6918      	ldr	r0, [r3, #16]
	uint32_t val2 = SysTick->VAL;	/* C */
 8001b48:	699a      	ldr	r2, [r3, #24]
	 * 4) After C we'll see it next time
	 *
	 * So the count in val2 is post-wrap and last_load needs to be
	 * added if and only if COUNTFLAG is set or val1 < val2.
	 */
	if (val1 == 0) {
 8001b4a:	b909      	cbnz	r1, 8001b50 <elapsed+0x10>
		val1 = last_load;
 8001b4c:	4b0c      	ldr	r3, [pc, #48]	@ (8001b80 <elapsed+0x40>)
 8001b4e:	6819      	ldr	r1, [r3, #0]
	}
	if (val2 == 0) {
 8001b50:	b90a      	cbnz	r2, 8001b56 <elapsed+0x16>
		val2 = last_load;
 8001b52:	4b0b      	ldr	r3, [pc, #44]	@ (8001b80 <elapsed+0x40>)
 8001b54:	681a      	ldr	r2, [r3, #0]
	}

	if ((ctrl & SysTick_CTRL_COUNTFLAG_Msk)
 8001b56:	f410 3f80 	tst.w	r0, #65536	@ 0x10000
 8001b5a:	d101      	bne.n	8001b60 <elapsed+0x20>
	    || (val1 < val2)) {
 8001b5c:	4291      	cmp	r1, r2
 8001b5e:	d208      	bcs.n	8001b72 <elapsed+0x32>
		overflow_cyc += last_load;
 8001b60:	4908      	ldr	r1, [pc, #32]	@ (8001b84 <elapsed+0x44>)
 8001b62:	680b      	ldr	r3, [r1, #0]
 8001b64:	4806      	ldr	r0, [pc, #24]	@ (8001b80 <elapsed+0x40>)
 8001b66:	6800      	ldr	r0, [r0, #0]
 8001b68:	4403      	add	r3, r0
 8001b6a:	600b      	str	r3, [r1, #0]

		/* We know there was a wrap, but we might not have
		 * seen it in CTRL, so clear it. */
		(void)SysTick->CTRL;
 8001b6c:	f04f 23e0 	mov.w	r3, #3758153728	@ 0xe000e000
 8001b70:	691b      	ldr	r3, [r3, #16]
	}

	return (last_load - val2) + overflow_cyc;
 8001b72:	4b03      	ldr	r3, [pc, #12]	@ (8001b80 <elapsed+0x40>)
 8001b74:	681b      	ldr	r3, [r3, #0]
 8001b76:	1a9b      	subs	r3, r3, r2
 8001b78:	4a02      	ldr	r2, [pc, #8]	@ (8001b84 <elapsed+0x44>)
 8001b7a:	6810      	ldr	r0, [r2, #0]
}
 8001b7c:	4418      	add	r0, r3
 8001b7e:	4770      	bx	lr
 8001b80:	200003cc 	.word	0x200003cc
 8001b84:	200003c8 	.word	0x200003c8

08001b88 <sys_clock_driver_init>:
    SCB->SHPR[(((uint32_t)IRQn) & 0xFUL)-4UL] = (uint8_t)((priority << (8U - __NVIC_PRIO_BITS)) & (uint32_t)0xFFUL);
 8001b88:	4b09      	ldr	r3, [pc, #36]	@ (8001bb0 <sys_clock_driver_init+0x28>)
 8001b8a:	2210      	movs	r2, #16
 8001b8c:	f883 2023 	strb.w	r2, [r3, #35]	@ 0x23

static int sys_clock_driver_init(void)
{

	NVIC_SetPriority(SysTick_IRQn, _IRQ_PRIO_OFFSET);
	last_load = CYC_PER_TICK;
 8001b90:	4b08      	ldr	r3, [pc, #32]	@ (8001bb4 <sys_clock_driver_init+0x2c>)
 8001b92:	f242 02d0 	movw	r2, #8400	@ 0x20d0
 8001b96:	601a      	str	r2, [r3, #0]
	overflow_cyc = 0U;
 8001b98:	2000      	movs	r0, #0
 8001b9a:	4b07      	ldr	r3, [pc, #28]	@ (8001bb8 <sys_clock_driver_init+0x30>)
 8001b9c:	6018      	str	r0, [r3, #0]
	SysTick->LOAD = last_load - 1;
 8001b9e:	f04f 23e0 	mov.w	r3, #3758153728	@ 0xe000e000
 8001ba2:	f242 02cf 	movw	r2, #8399	@ 0x20cf
 8001ba6:	615a      	str	r2, [r3, #20]
	SysTick->VAL = 0; /* resets timer to last_load */
 8001ba8:	6198      	str	r0, [r3, #24]

	uint32_t ctrl_flags = SysTick_CTRL_ENABLE_Msk |
			      SysTick_CTRL_TICKINT_Msk |
			      SYSTICK_CTRL_CLKSOURCE_MSK_GET();

	SysTick->CTRL = ctrl_flags;
 8001baa:	2207      	movs	r2, #7
 8001bac:	611a      	str	r2, [r3, #16]

	return 0;
}
 8001bae:	4770      	bx	lr
 8001bb0:	e000ed00 	.word	0xe000ed00
 8001bb4:	200003cc 	.word	0x200003cc
 8001bb8:	200003c8 	.word	0x200003c8

08001bbc <sys_clock_isr>:
{
 8001bbc:	4668      	mov	r0, sp
 8001bbe:	f020 0107 	bic.w	r1, r0, #7
 8001bc2:	468d      	mov	sp, r1
 8001bc4:	b519      	push	{r0, r3, r4, lr}
	elapsed();
 8001bc6:	f7ff ffbb 	bl	8001b40 <elapsed>
	cycle_count += overflow_cyc;
 8001bca:	4812      	ldr	r0, [pc, #72]	@ (8001c14 <sys_clock_isr+0x58>)
 8001bcc:	6803      	ldr	r3, [r0, #0]
 8001bce:	4a12      	ldr	r2, [pc, #72]	@ (8001c18 <sys_clock_isr+0x5c>)
 8001bd0:	6851      	ldr	r1, [r2, #4]
 8001bd2:	6814      	ldr	r4, [r2, #0]
 8001bd4:	191b      	adds	r3, r3, r4
 8001bd6:	f141 0100 	adc.w	r1, r1, #0
 8001bda:	6013      	str	r3, [r2, #0]
 8001bdc:	6051      	str	r1, [r2, #4]
	overflow_cyc = 0;
 8001bde:	2200      	movs	r2, #0
 8001be0:	6002      	str	r2, [r0, #0]
		dcycles = cycle_count - announced_cycles;
 8001be2:	490e      	ldr	r1, [pc, #56]	@ (8001c1c <sys_clock_isr+0x60>)
 8001be4:	680a      	ldr	r2, [r1, #0]
 8001be6:	1a98      	subs	r0, r3, r2
		dticks = dcycles / CYC_PER_TICK;
 8001be8:	4b0d      	ldr	r3, [pc, #52]	@ (8001c20 <sys_clock_isr+0x64>)
 8001bea:	fba3 3000 	umull	r3, r0, r3, r0
 8001bee:	0b40      	lsrs	r0, r0, #13
		announced_cycles += dticks * CYC_PER_TICK;
 8001bf0:	f242 03d0 	movw	r3, #8400	@ 0x20d0
 8001bf4:	fb00 f303 	mul.w	r3, r0, r3
 8001bf8:	18d2      	adds	r2, r2, r3
 8001bfa:	684b      	ldr	r3, [r1, #4]
 8001bfc:	f143 0300 	adc.w	r3, r3, #0
 8001c00:	600a      	str	r2, [r1, #0]
 8001c02:	604b      	str	r3, [r1, #4]
		sys_clock_announce(dticks);
 8001c04:	f002 fec8 	bl	8004998 <sys_clock_announce>
	z_arm_int_exit();
 8001c08:	f7ff f988 	bl	8000f1c <z_arm_exc_exit>
}
 8001c0c:	e8bd 4019 	ldmia.w	sp!, {r0, r3, r4, lr}
 8001c10:	4685      	mov	sp, r0
 8001c12:	4770      	bx	lr
 8001c14:	200003c8 	.word	0x200003c8
 8001c18:	20000070 	.word	0x20000070
 8001c1c:	20000068 	.word	0x20000068
 8001c20:	f9a9342d 	.word	0xf9a9342d

08001c24 <sys_clock_set_timeout>:
{
 8001c24:	b5f8      	push	{r3, r4, r5, r6, r7, lr}
	if (IS_ENABLED(CONFIG_TICKLESS_KERNEL) && idle && ticks == K_TICKS_FOREVER) {
 8001c26:	2900      	cmp	r1, #0
 8001c28:	d04d      	beq.n	8001cc6 <sys_clock_set_timeout+0xa2>
 8001c2a:	f1b0 3fff 	cmp.w	r0, #4294967295
 8001c2e:	d03f      	beq.n	8001cb0 <sys_clock_set_timeout+0x8c>
	uint32_t last_load_ = last_load;
 8001c30:	4b3f      	ldr	r3, [pc, #252]	@ (8001d30 <sys_clock_set_timeout+0x10c>)
 8001c32:	681c      	ldr	r4, [r3, #0]
	ticks = CLAMP(ticks - 1, 0, (int32_t)MAX_TICKS);
 8001c34:	2801      	cmp	r0, #1
 8001c36:	dd4e      	ble.n	8001cd6 <sys_clock_set_timeout+0xb2>
 8001c38:	f240 73cd 	movw	r3, #1997	@ 0x7cd
 8001c3c:	4298      	cmp	r0, r3
 8001c3e:	bfa8      	it	ge
 8001c40:	4618      	movge	r0, r3
 8001c42:	1e46      	subs	r6, r0, #1
  __ASM volatile ("MRS %0, basepri" : "=r" (result) );
 8001c44:	f3ef 8511 	mrs	r5, BASEPRI
           or the new value increases the BASEPRI priority level.
  \param [in]    basePri  Base Priority value to set
 */
__STATIC_FORCEINLINE void __set_BASEPRI_MAX(uint32_t basePri)
{
  __ASM volatile ("MSR basepri_max, %0" : : "r" (basePri) : "memory");
 8001c48:	2310      	movs	r3, #16
 8001c4a:	f383 8812 	msr	BASEPRI_MAX, r3
  __ASM volatile ("isb 0xF":::"memory");
 8001c4e:	f3bf 8f6f 	isb	sy
	uint32_t pending = elapsed();
 8001c52:	f7ff ff75 	bl	8001b40 <elapsed>
	val1 = SysTick->VAL;
 8001c56:	f04f 23e0 	mov.w	r3, #3758153728	@ 0xe000e000
 8001c5a:	699f      	ldr	r7, [r3, #24]
	cycle_count += pending;
 8001c5c:	4a35      	ldr	r2, [pc, #212]	@ (8001d34 <sys_clock_set_timeout+0x110>)
 8001c5e:	6813      	ldr	r3, [r2, #0]
 8001c60:	6851      	ldr	r1, [r2, #4]
 8001c62:	18c3      	adds	r3, r0, r3
 8001c64:	f141 0100 	adc.w	r1, r1, #0
 8001c68:	6013      	str	r3, [r2, #0]
 8001c6a:	6051      	str	r1, [r2, #4]
	overflow_cyc = 0U;
 8001c6c:	2100      	movs	r1, #0
 8001c6e:	4a32      	ldr	r2, [pc, #200]	@ (8001d38 <sys_clock_set_timeout+0x114>)
 8001c70:	6011      	str	r1, [r2, #0]
	uint32_t unannounced = cycle_count - announced_cycles;
 8001c72:	4a32      	ldr	r2, [pc, #200]	@ (8001d3c <sys_clock_set_timeout+0x118>)
 8001c74:	6811      	ldr	r1, [r2, #0]
	if ((int32_t)unannounced < 0) {
 8001c76:	1a5a      	subs	r2, r3, r1
 8001c78:	d42f      	bmi.n	8001cda <sys_clock_set_timeout+0xb6>
		delay = ticks * CYC_PER_TICK;
 8001c7a:	f242 00d0 	movw	r0, #8400	@ 0x20d0
		delay += unannounced;
 8001c7e:	fb00 2206 	mla	r2, r0, r6, r2
		delay = DIV_ROUND_UP(delay, CYC_PER_TICK) * CYC_PER_TICK;
 8001c82:	f502 5203 	add.w	r2, r2, #8384	@ 0x20c0
 8001c86:	320f      	adds	r2, #15
 8001c88:	4e2d      	ldr	r6, [pc, #180]	@ (8001d40 <sys_clock_set_timeout+0x11c>)
 8001c8a:	fba6 6202 	umull	r6, r2, r6, r2
 8001c8e:	0b52      	lsrs	r2, r2, #13
		delay -= unannounced;
 8001c90:	1ac9      	subs	r1, r1, r3
 8001c92:	fb00 1102 	mla	r1, r0, r2, r1
		delay = MAX(delay, MIN_DELAY);
 8001c96:	460a      	mov	r2, r1
 8001c98:	f5b1 6f80 	cmp.w	r1, #1024	@ 0x400
 8001c9c:	bf38      	it	cc
 8001c9e:	f44f 6280 	movcc.w	r2, #1024	@ 0x400
		if (delay > MAX_CYCLES) {
 8001ca2:	4b28      	ldr	r3, [pc, #160]	@ (8001d44 <sys_clock_set_timeout+0x120>)
 8001ca4:	4299      	cmp	r1, r3
 8001ca6:	d936      	bls.n	8001d16 <sys_clock_set_timeout+0xf2>
			last_load = MAX_CYCLES;
 8001ca8:	4b21      	ldr	r3, [pc, #132]	@ (8001d30 <sys_clock_set_timeout+0x10c>)
 8001caa:	4a26      	ldr	r2, [pc, #152]	@ (8001d44 <sys_clock_set_timeout+0x120>)
 8001cac:	601a      	str	r2, [r3, #0]
 8001cae:	e018      	b.n	8001ce2 <sys_clock_set_timeout+0xbe>
		SysTick->CTRL &= ~SysTick_CTRL_ENABLE_Msk;
 8001cb0:	f04f 22e0 	mov.w	r2, #3758153728	@ 0xe000e000
 8001cb4:	6913      	ldr	r3, [r2, #16]
 8001cb6:	f023 0301 	bic.w	r3, r3, #1
 8001cba:	6113      	str	r3, [r2, #16]
		last_load = TIMER_STOPPED;
 8001cbc:	4b1c      	ldr	r3, [pc, #112]	@ (8001d30 <sys_clock_set_timeout+0x10c>)
 8001cbe:	f04f 427f 	mov.w	r2, #4278190080	@ 0xff000000
 8001cc2:	601a      	str	r2, [r3, #0]
		return;
 8001cc4:	e026      	b.n	8001d14 <sys_clock_set_timeout+0xf0>
	uint32_t last_load_ = last_load;
 8001cc6:	4b1a      	ldr	r3, [pc, #104]	@ (8001d30 <sys_clock_set_timeout+0x10c>)
 8001cc8:	681c      	ldr	r4, [r3, #0]
	ticks = (ticks == K_TICKS_FOREVER) ? MAX_TICKS : ticks;
 8001cca:	f1b0 3fff 	cmp.w	r0, #4294967295
 8001cce:	d1b1      	bne.n	8001c34 <sys_clock_set_timeout+0x10>
 8001cd0:	f240 70cc 	movw	r0, #1996	@ 0x7cc
 8001cd4:	e7b0      	b.n	8001c38 <sys_clock_set_timeout+0x14>
	ticks = CLAMP(ticks - 1, 0, (int32_t)MAX_TICKS);
 8001cd6:	2600      	movs	r6, #0
 8001cd8:	e7b4      	b.n	8001c44 <sys_clock_set_timeout+0x20>
		last_load = MIN_DELAY;
 8001cda:	4b15      	ldr	r3, [pc, #84]	@ (8001d30 <sys_clock_set_timeout+0x10c>)
 8001cdc:	f44f 6280 	mov.w	r2, #1024	@ 0x400
 8001ce0:	601a      	str	r2, [r3, #0]
	val2 = SysTick->VAL;
 8001ce2:	f04f 23e0 	mov.w	r3, #3758153728	@ 0xe000e000
 8001ce6:	6999      	ldr	r1, [r3, #24]
	SysTick->LOAD = last_load - 1;
 8001ce8:	4a11      	ldr	r2, [pc, #68]	@ (8001d30 <sys_clock_set_timeout+0x10c>)
 8001cea:	6812      	ldr	r2, [r2, #0]
 8001cec:	3a01      	subs	r2, #1
 8001cee:	615a      	str	r2, [r3, #20]
	SysTick->VAL = 0; /* resets timer to last_load */
 8001cf0:	2200      	movs	r2, #0
 8001cf2:	619a      	str	r2, [r3, #24]
	if (val1 < val2) {
 8001cf4:	428f      	cmp	r7, r1
 8001cf6:	d211      	bcs.n	8001d1c <sys_clock_set_timeout+0xf8>
		cycle_count += (val1 + (last_load_ - val2));
 8001cf8:	1a64      	subs	r4, r4, r1
 8001cfa:	443c      	add	r4, r7
 8001cfc:	4a0d      	ldr	r2, [pc, #52]	@ (8001d34 <sys_clock_set_timeout+0x110>)
 8001cfe:	6813      	ldr	r3, [r2, #0]
 8001d00:	6851      	ldr	r1, [r2, #4]
 8001d02:	191b      	adds	r3, r3, r4
 8001d04:	f141 0100 	adc.w	r1, r1, #0
 8001d08:	6013      	str	r3, [r2, #0]
 8001d0a:	6051      	str	r1, [r2, #4]
  __ASM volatile ("MSR basepri, %0" : : "r" (basePri) : "memory");
 8001d0c:	f385 8811 	msr	BASEPRI, r5
 8001d10:	f3bf 8f6f 	isb	sy
}
 8001d14:	bdf8      	pop	{r3, r4, r5, r6, r7, pc}
			last_load = delay;
 8001d16:	4b06      	ldr	r3, [pc, #24]	@ (8001d30 <sys_clock_set_timeout+0x10c>)
 8001d18:	601a      	str	r2, [r3, #0]
 8001d1a:	e7e2      	b.n	8001ce2 <sys_clock_set_timeout+0xbe>
		cycle_count += (val1 - val2);
 8001d1c:	1a7f      	subs	r7, r7, r1
 8001d1e:	4a05      	ldr	r2, [pc, #20]	@ (8001d34 <sys_clock_set_timeout+0x110>)
 8001d20:	6813      	ldr	r3, [r2, #0]
 8001d22:	6851      	ldr	r1, [r2, #4]
 8001d24:	19db      	adds	r3, r3, r7
 8001d26:	f141 0100 	adc.w	r1, r1, #0
 8001d2a:	6013      	str	r3, [r2, #0]
 8001d2c:	6051      	str	r1, [r2, #4]
 8001d2e:	e7ed      	b.n	8001d0c <sys_clock_set_timeout+0xe8>
 8001d30:	200003cc 	.word	0x200003cc
 8001d34:	20000070 	.word	0x20000070
 8001d38:	200003c8 	.word	0x200003c8
 8001d3c:	20000068 	.word	0x20000068
 8001d40:	f9a9342d 	.word	0xf9a9342d
 8001d44:	00ffd5c0 	.word	0x00ffd5c0

08001d48 <sys_clock_elapsed>:
{
 8001d48:	b538      	push	{r3, r4, r5, lr}
  __ASM volatile ("MRS %0, basepri" : "=r" (result) );
 8001d4a:	f3ef 8511 	mrs	r5, BASEPRI
  __ASM volatile ("MSR basepri_max, %0" : : "r" (basePri) : "memory");
 8001d4e:	2310      	movs	r3, #16
 8001d50:	f383 8812 	msr	BASEPRI_MAX, r3
 8001d54:	f3bf 8f6f 	isb	sy
	uint32_t unannounced = cycle_count - announced_cycles;
 8001d58:	4b08      	ldr	r3, [pc, #32]	@ (8001d7c <sys_clock_elapsed+0x34>)
 8001d5a:	681c      	ldr	r4, [r3, #0]
 8001d5c:	4b08      	ldr	r3, [pc, #32]	@ (8001d80 <sys_clock_elapsed+0x38>)
 8001d5e:	681b      	ldr	r3, [r3, #0]
 8001d60:	1ae4      	subs	r4, r4, r3
	uint32_t cyc = elapsed() + unannounced;
 8001d62:	f7ff feed 	bl	8001b40 <elapsed>
 8001d66:	4420      	add	r0, r4
  __ASM volatile ("MSR basepri, %0" : : "r" (basePri) : "memory");
 8001d68:	f385 8811 	msr	BASEPRI, r5
 8001d6c:	f3bf 8f6f 	isb	sy
	return cyc / CYC_PER_TICK;
 8001d70:	4b04      	ldr	r3, [pc, #16]	@ (8001d84 <sys_clock_elapsed+0x3c>)
 8001d72:	fba3 3000 	umull	r3, r0, r3, r0
}
 8001d76:	0b40      	lsrs	r0, r0, #13
 8001d78:	bd38      	pop	{r3, r4, r5, pc}
 8001d7a:	bf00      	nop
 8001d7c:	20000070 	.word	0x20000070
 8001d80:	20000068 	.word	0x20000068
 8001d84:	f9a9342d 	.word	0xf9a9342d

08001d88 <HAL_RCC_GetSysClockFreq>:
  *
  *
  * @retval SYSCLK frequency
  */
__weak uint32_t HAL_RCC_GetSysClockFreq(void)
{
 8001d88:	b508      	push	{r3, lr}
  uint32_t pllvco = 0U;
  uint32_t pllp = 0U;
  uint32_t sysclockfreq = 0U;

  /* Get SYSCLK source -------------------------------------------------------*/
  switch (RCC->CFGR & RCC_CFGR_SWS)
 8001d8a:	4b33      	ldr	r3, [pc, #204]	@ (8001e58 <HAL_RCC_GetSysClockFreq+0xd0>)
 8001d8c:	689b      	ldr	r3, [r3, #8]
 8001d8e:	f003 030c 	and.w	r3, r3, #12
 8001d92:	2b04      	cmp	r3, #4
 8001d94:	d05b      	beq.n	8001e4e <HAL_RCC_GetSysClockFreq+0xc6>
 8001d96:	2b08      	cmp	r3, #8
 8001d98:	d15b      	bne.n	8001e52 <HAL_RCC_GetSysClockFreq+0xca>
    }
    case RCC_CFGR_SWS_PLL:  /* PLL used as system clock  source */
    {
      /* PLL_VCO = (HSE_VALUE or HSI_VALUE / PLLM) * PLLN
      SYSCLK = PLL_VCO / PLLP */
      pllm = RCC->PLLCFGR & RCC_PLLCFGR_PLLM;
 8001d9a:	4b2f      	ldr	r3, [pc, #188]	@ (8001e58 <HAL_RCC_GetSysClockFreq+0xd0>)
 8001d9c:	685a      	ldr	r2, [r3, #4]
 8001d9e:	f002 023f 	and.w	r2, r2, #63	@ 0x3f
      if (__HAL_RCC_GET_PLL_OSCSOURCE() != RCC_PLLSOURCE_HSI)
 8001da2:	685b      	ldr	r3, [r3, #4]
 8001da4:	f413 0f80 	tst.w	r3, #4194304	@ 0x400000
 8001da8:	d02c      	beq.n	8001e04 <HAL_RCC_GetSysClockFreq+0x7c>
      {
        /* HSE used as PLL clock source */
        pllvco = (uint32_t)((((uint64_t) HSE_VALUE * ((uint64_t)((RCC->PLLCFGR & RCC_PLLCFGR_PLLN) >> RCC_PLLCFGR_PLLN_Pos)))) / (uint64_t)pllm);
 8001daa:	4b2b      	ldr	r3, [pc, #172]	@ (8001e58 <HAL_RCC_GetSysClockFreq+0xd0>)
 8001dac:	6858      	ldr	r0, [r3, #4]
 8001dae:	f3c0 1088 	ubfx	r0, r0, #6, #9
 8001db2:	ea4f 1c40 	mov.w	ip, r0, lsl #5
 8001db6:	ebbc 0c00 	subs.w	ip, ip, r0
 8001dba:	eb6e 0e0e 	sbc.w	lr, lr, lr
 8001dbe:	ea4f 138e 	mov.w	r3, lr, lsl #6
 8001dc2:	ea43 639c 	orr.w	r3, r3, ip, lsr #26
 8001dc6:	ea4f 118c 	mov.w	r1, ip, lsl #6
 8001dca:	ebb1 010c 	subs.w	r1, r1, ip
 8001dce:	eb63 030e 	sbc.w	r3, r3, lr
 8001dd2:	00db      	lsls	r3, r3, #3
 8001dd4:	ea43 7351 	orr.w	r3, r3, r1, lsr #29
 8001dd8:	00c9      	lsls	r1, r1, #3
 8001dda:	eb11 0c00 	adds.w	ip, r1, r0
 8001dde:	f143 0300 	adc.w	r3, r3, #0
 8001de2:	0259      	lsls	r1, r3, #9
 8001de4:	2300      	movs	r3, #0
 8001de6:	ea4f 204c 	mov.w	r0, ip, lsl #9
 8001dea:	ea41 51dc 	orr.w	r1, r1, ip, lsr #23
 8001dee:	f7fe fa55 	bl	800029c <__aeabi_uldivmod>
      else
      {
        /* HSI used as PLL clock source */
        pllvco = (uint32_t)((((uint64_t) HSI_VALUE * ((uint64_t)((RCC->PLLCFGR & RCC_PLLCFGR_PLLN) >> RCC_PLLCFGR_PLLN_Pos)))) / (uint64_t)pllm);
      }
      pllp = ((((RCC->PLLCFGR & RCC_PLLCFGR_PLLP) >> RCC_PLLCFGR_PLLP_Pos) + 1U) * 2U);
 8001df2:	4b19      	ldr	r3, [pc, #100]	@ (8001e58 <HAL_RCC_GetSysClockFreq+0xd0>)
 8001df4:	685b      	ldr	r3, [r3, #4]
 8001df6:	f3c3 4301 	ubfx	r3, r3, #16, #2
 8001dfa:	3301      	adds	r3, #1
 8001dfc:	005b      	lsls	r3, r3, #1

      sysclockfreq = pllvco / pllp;
 8001dfe:	fbb0 f0f3 	udiv	r0, r0, r3
      sysclockfreq = HSI_VALUE;
      break;
    }
  }
  return sysclockfreq;
}
 8001e02:	bd08      	pop	{r3, pc}
        pllvco = (uint32_t)((((uint64_t) HSI_VALUE * ((uint64_t)((RCC->PLLCFGR & RCC_PLLCFGR_PLLN) >> RCC_PLLCFGR_PLLN_Pos)))) / (uint64_t)pllm);
 8001e04:	4b14      	ldr	r3, [pc, #80]	@ (8001e58 <HAL_RCC_GetSysClockFreq+0xd0>)
 8001e06:	6858      	ldr	r0, [r3, #4]
 8001e08:	f3c0 1088 	ubfx	r0, r0, #6, #9
 8001e0c:	ea4f 1c40 	mov.w	ip, r0, lsl #5
 8001e10:	ebbc 0c00 	subs.w	ip, ip, r0
 8001e14:	eb6e 0e0e 	sbc.w	lr, lr, lr
 8001e18:	ea4f 138e 	mov.w	r3, lr, lsl #6
 8001e1c:	ea43 639c 	orr.w	r3, r3, ip, lsr #26
 8001e20:	ea4f 118c 	mov.w	r1, ip, lsl #6
 8001e24:	ebb1 010c 	subs.w	r1, r1, ip
 8001e28:	eb63 030e 	sbc.w	r3, r3, lr
 8001e2c:	00db      	lsls	r3, r3, #3
 8001e2e:	ea43 7351 	orr.w	r3, r3, r1, lsr #29
 8001e32:	00c9      	lsls	r1, r1, #3
 8001e34:	eb11 0c00 	adds.w	ip, r1, r0
 8001e38:	f143 0300 	adc.w	r3, r3, #0
 8001e3c:	0299      	lsls	r1, r3, #10
 8001e3e:	2300      	movs	r3, #0
 8001e40:	ea4f 208c 	mov.w	r0, ip, lsl #10
 8001e44:	ea41 519c 	orr.w	r1, r1, ip, lsr #22
 8001e48:	f7fe fa28 	bl	800029c <__aeabi_uldivmod>
 8001e4c:	e7d1      	b.n	8001df2 <HAL_RCC_GetSysClockFreq+0x6a>
      sysclockfreq = HSE_VALUE;
 8001e4e:	4803      	ldr	r0, [pc, #12]	@ (8001e5c <HAL_RCC_GetSysClockFreq+0xd4>)
 8001e50:	e7d7      	b.n	8001e02 <HAL_RCC_GetSysClockFreq+0x7a>
  switch (RCC->CFGR & RCC_CFGR_SWS)
 8001e52:	4803      	ldr	r0, [pc, #12]	@ (8001e60 <HAL_RCC_GetSysClockFreq+0xd8>)
  return sysclockfreq;
 8001e54:	e7d5      	b.n	8001e02 <HAL_RCC_GetSysClockFreq+0x7a>
 8001e56:	bf00      	nop
 8001e58:	40023800 	.word	0x40023800
 8001e5c:	007a1200 	.word	0x007a1200
 8001e60:	00f42400 	.word	0x00f42400

08001e64 <LL_SetFlashLatency>:
  uint32_t latency = LL_FLASH_LATENCY_0;  /* default value 0WS */
  ErrorStatus status = SUCCESS;


  /* Frequency cannot be equal to 0 */
  if(HCLK_Frequency == 0U)
 8001e64:	4602      	mov	r2, r0
 8001e66:	2800      	cmp	r0, #0
 8001e68:	d03c      	beq.n	8001ee4 <LL_SetFlashLatency+0x80>
  *         @arg @ref LL_PWR_REGU_VOLTAGE_SCALE3
  *         (*) LL_PWR_REGU_VOLTAGE_SCALE1 is not available for STM32F401xx devices
  */
__STATIC_INLINE uint32_t LL_PWR_GetRegulVoltageScaling(void)
{
  return (uint32_t)(READ_BIT(PWR->CR, PWR_CR_VOS));
 8001e6a:	4b20      	ldr	r3, [pc, #128]	@ (8001eec <LL_SetFlashLatency+0x88>)
 8001e6c:	6819      	ldr	r1, [r3, #0]
 8001e6e:	681b      	ldr	r3, [r3, #0]
 8001e70:	f403 4340 	and.w	r3, r3, #49152	@ 0xc000
          latency = LL_FLASH_LATENCY_1;
        }
      }
#endif /* UTILS_SCALE1_LATENCY2_FREQ */
    }
    if(LL_PWR_GetRegulVoltageScaling() == LL_PWR_REGU_VOLTAGE_SCALE2)
 8001e74:	f5b3 4f00 	cmp.w	r3, #32768	@ 0x8000
 8001e78:	d01b      	beq.n	8001eb2 <LL_SetFlashLatency+0x4e>
  uint32_t latency = LL_FLASH_LATENCY_0;  /* default value 0WS */
 8001e7a:	2100      	movs	r1, #0
 8001e7c:	4b1b      	ldr	r3, [pc, #108]	@ (8001eec <LL_SetFlashLatency+0x88>)
 8001e7e:	681b      	ldr	r3, [r3, #0]
 8001e80:	f403 4340 	and.w	r3, r3, #49152	@ 0xc000
          latency = LL_FLASH_LATENCY_1;
        }
      }
    }
#if defined (LL_PWR_REGU_VOLTAGE_SCALE3)
    if(LL_PWR_GetRegulVoltageScaling() == LL_PWR_REGU_VOLTAGE_SCALE3)
 8001e84:	f5b3 4f80 	cmp.w	r3, #16384	@ 0x4000
 8001e88:	d01f      	beq.n	8001eca <LL_SetFlashLatency+0x66>
  MODIFY_REG(FLASH->ACR, FLASH_ACR_LATENCY, Latency);
 8001e8a:	4a19      	ldr	r2, [pc, #100]	@ (8001ef0 <LL_SetFlashLatency+0x8c>)
 8001e8c:	6813      	ldr	r3, [r2, #0]
 8001e8e:	f023 0307 	bic.w	r3, r3, #7
 8001e92:	430b      	orrs	r3, r1
 8001e94:	6013      	str	r3, [r2, #0]
#endif /* LL_PWR_REGU_VOLTAGE_SCALE3 */

    LL_FLASH_SetLatency(latency);
    /* Check that the new number of wait states is taken into account to access the Flash
       memory by reading the FLASH_ACR register */
    timeout = 2;
 8001e96:	2202      	movs	r2, #2
  return (uint32_t)(READ_BIT(FLASH->ACR, FLASH_ACR_LATENCY));
 8001e98:	4b15      	ldr	r3, [pc, #84]	@ (8001ef0 <LL_SetFlashLatency+0x8c>)
 8001e9a:	681b      	ldr	r3, [r3, #0]
 8001e9c:	f003 0307 	and.w	r3, r3, #7
    do
    {
    /* Wait for Flash latency to be updated */
    getlatency = LL_FLASH_GetLatency();
    timeout--;
 8001ea0:	3a01      	subs	r2, #1
    } while ((getlatency != latency) && (timeout > 0));
 8001ea2:	4299      	cmp	r1, r3
 8001ea4:	d001      	beq.n	8001eaa <LL_SetFlashLatency+0x46>
 8001ea6:	2a00      	cmp	r2, #0
 8001ea8:	d1f6      	bne.n	8001e98 <LL_SetFlashLatency+0x34>

    if(getlatency != latency)
 8001eaa:	4299      	cmp	r1, r3
 8001eac:	d01c      	beq.n	8001ee8 <LL_SetFlashLatency+0x84>
    {
      status = ERROR;
 8001eae:	2001      	movs	r0, #1
 8001eb0:	4770      	bx	lr
      if((HCLK_Frequency > UTILS_SCALE2_LATENCY2_FREQ)&&(latency == LL_FLASH_LATENCY_0))
 8001eb2:	4b10      	ldr	r3, [pc, #64]	@ (8001ef4 <LL_SetFlashLatency+0x90>)
 8001eb4:	4298      	cmp	r0, r3
 8001eb6:	d804      	bhi.n	8001ec2 <LL_SetFlashLatency+0x5e>
        if((HCLK_Frequency > UTILS_SCALE2_LATENCY1_FREQ)&&(latency == LL_FLASH_LATENCY_0))
 8001eb8:	4b0f      	ldr	r3, [pc, #60]	@ (8001ef8 <LL_SetFlashLatency+0x94>)
 8001eba:	4298      	cmp	r0, r3
 8001ebc:	d803      	bhi.n	8001ec6 <LL_SetFlashLatency+0x62>
  uint32_t latency = LL_FLASH_LATENCY_0;  /* default value 0WS */
 8001ebe:	2100      	movs	r1, #0
 8001ec0:	e7dc      	b.n	8001e7c <LL_SetFlashLatency+0x18>
        latency = LL_FLASH_LATENCY_2;
 8001ec2:	2102      	movs	r1, #2
 8001ec4:	e7da      	b.n	8001e7c <LL_SetFlashLatency+0x18>
          latency = LL_FLASH_LATENCY_1;
 8001ec6:	2101      	movs	r1, #1
 8001ec8:	e7d8      	b.n	8001e7c <LL_SetFlashLatency+0x18>
      if((HCLK_Frequency > UTILS_SCALE3_LATENCY2_FREQ)&&(latency == LL_FLASH_LATENCY_0))
 8001eca:	4b0a      	ldr	r3, [pc, #40]	@ (8001ef4 <LL_SetFlashLatency+0x90>)
 8001ecc:	429a      	cmp	r2, r3
 8001ece:	d900      	bls.n	8001ed2 <LL_SetFlashLatency+0x6e>
 8001ed0:	b131      	cbz	r1, 8001ee0 <LL_SetFlashLatency+0x7c>
        if((HCLK_Frequency > UTILS_SCALE3_LATENCY1_FREQ)&&(latency == LL_FLASH_LATENCY_0))
 8001ed2:	4b09      	ldr	r3, [pc, #36]	@ (8001ef8 <LL_SetFlashLatency+0x94>)
 8001ed4:	429a      	cmp	r2, r3
 8001ed6:	d9d8      	bls.n	8001e8a <LL_SetFlashLatency+0x26>
 8001ed8:	2900      	cmp	r1, #0
 8001eda:	d1d6      	bne.n	8001e8a <LL_SetFlashLatency+0x26>
          latency = LL_FLASH_LATENCY_1;
 8001edc:	2101      	movs	r1, #1
 8001ede:	e7d4      	b.n	8001e8a <LL_SetFlashLatency+0x26>
        latency = LL_FLASH_LATENCY_2;
 8001ee0:	2102      	movs	r1, #2
 8001ee2:	e7d2      	b.n	8001e8a <LL_SetFlashLatency+0x26>
    status = ERROR;
 8001ee4:	2001      	movs	r0, #1
 8001ee6:	4770      	bx	lr
    }
    else
    {
      status = SUCCESS;
 8001ee8:	2000      	movs	r0, #0
    }
  }
  return status;
}
 8001eea:	4770      	bx	lr
 8001eec:	40007000 	.word	0x40007000
 8001ef0:	40023c00 	.word	0x40023c00
 8001ef4:	03938700 	.word	0x03938700
 8001ef8:	01c9c380 	.word	0x01c9c380

08001efc <z_fatal_error>:
	arch_system_halt(reason);
}
/* LCOV_EXCL_STOP */

void z_fatal_error(unsigned int reason, const struct arch_esf *esf)
{
 8001efc:	b538      	push	{r3, r4, r5, lr}
  __ASM volatile ("MRS %0, basepri" : "=r" (result) );
 8001efe:	f3ef 8511 	mrs	r5, BASEPRI
  __ASM volatile ("MSR basepri_max, %0" : : "r" (basePri) : "memory");
 8001f02:	2310      	movs	r3, #16
 8001f04:	f383 8812 	msr	BASEPRI_MAX, r3
 8001f08:	f3bf 8f6f 	isb	sy
	/* We can't allow this code to be preempted, but don't need to
	 * synchronize between CPUs, so an arch-layer lock is
	 * appropriate.
	 */
	unsigned int key = arch_irq_lock();
	struct k_thread *thread = IS_ENABLED(CONFIG_MULTITHREADING) ?
 8001f0c:	4b05      	ldr	r3, [pc, #20]	@ (8001f24 <z_fatal_error+0x28>)
 8001f0e:	689c      	ldr	r4, [r3, #8]
		LOG_ERR("Current thread: %p (%s)", thread, thread_name_get(thread));
	}

	coredump(reason, esf, thread);

	k_sys_fatal_error_handler(reason, esf);
 8001f10:	f002 fd7e 	bl	8004a10 <k_sys_fatal_error_handler>
  __ASM volatile ("MSR basepri, %0" : : "r" (basePri) : "memory");
 8001f14:	f385 8811 	msr	BASEPRI, r5
 8001f18:	f3bf 8f6f 	isb	sy
 8001f1c:	4620      	mov	r0, r4
 8001f1e:	f7ff f80d 	bl	8000f3c <z_impl_k_thread_abort>
	arch_irq_unlock(key);

	if (IS_ENABLED(CONFIG_MULTITHREADING)) {
		k_thread_abort(thread);
	}
}
 8001f22:	bd38      	pop	{r3, r4, r5, pc}
 8001f24:	200003d0 	.word	0x200003d0

08001f28 <init_idle_thread>:
} /* LCOV_EXCL_LINE ... because we just dumped final coverage data */

#if defined(CONFIG_MULTITHREADING)
__boot_func
static void init_idle_thread(int i)
{
 8001f28:	b510      	push	{r4, lr}
 8001f2a:	b086      	sub	sp, #24
	struct k_thread *thread = &z_idle_threads[i];
 8001f2c:	23b0      	movs	r3, #176	@ 0xb0
 8001f2e:	4c11      	ldr	r4, [pc, #68]	@ (8001f74 <init_idle_thread+0x4c>)
 8001f30:	fb03 4400 	mla	r4, r3, r0, r4
	k_thread_stack_t *stack = z_idle_stacks[i];
 8001f34:	eb00 0c40 	add.w	ip, r0, r0, lsl #1
#else
	char *tname = NULL;
#endif /* CONFIG_THREAD_NAME */

	z_setup_new_thread(thread, stack,
			  stack_size, idle, &_kernel.cpus[i],
 8001f38:	eb00 0080 	add.w	r0, r0, r0, lsl #2
 8001f3c:	4b0e      	ldr	r3, [pc, #56]	@ (8001f78 <init_idle_thread+0x50>)
 8001f3e:	eb03 0380 	add.w	r3, r3, r0, lsl #2
	z_setup_new_thread(thread, stack,
 8001f42:	4a0e      	ldr	r2, [pc, #56]	@ (8001f7c <init_idle_thread+0x54>)
 8001f44:	9205      	str	r2, [sp, #20]
 8001f46:	2201      	movs	r2, #1
 8001f48:	9204      	str	r2, [sp, #16]
 8001f4a:	220f      	movs	r2, #15
 8001f4c:	9203      	str	r2, [sp, #12]
 8001f4e:	2200      	movs	r2, #0
 8001f50:	9202      	str	r2, [sp, #8]
 8001f52:	9201      	str	r2, [sp, #4]
 8001f54:	9300      	str	r3, [sp, #0]
 8001f56:	4b0a      	ldr	r3, [pc, #40]	@ (8001f80 <init_idle_thread+0x58>)
 8001f58:	f44f 72a0 	mov.w	r2, #320	@ 0x140
 8001f5c:	4909      	ldr	r1, [pc, #36]	@ (8001f84 <init_idle_thread+0x5c>)
 8001f5e:	eb01 11cc 	add.w	r1, r1, ip, lsl #7
 8001f62:	4620      	mov	r0, r4
 8001f64:	f000 f924 	bl	80021b0 <z_setup_new_thread>
	thread->base.thread_state |= _THREAD_SLEEPING;
}

static inline void z_mark_thread_as_not_sleeping(struct k_thread *thread)
{
	thread->base.thread_state &= ~_THREAD_SLEEPING;
 8001f68:	7c23      	ldrb	r3, [r4, #16]
 8001f6a:	f023 0304 	bic.w	r3, r3, #4
 8001f6e:	7423      	strb	r3, [r4, #16]
	z_mark_thread_as_not_sleeping(thread);

#ifdef CONFIG_SMP
	thread->base.is_idle = 1U;
#endif /* CONFIG_SMP */
}
 8001f70:	b006      	add	sp, #24
 8001f72:	bd10      	pop	{r4, pc}
 8001f74:	20000078 	.word	0x20000078
 8001f78:	200003d0 	.word	0x200003d0
 8001f7c:	0800570c 	.word	0x0800570c
 8001f80:	08004a17 	.word	0x08004a17
 8001f84:	20000c80 	.word	0x20000c80

08001f88 <z_sys_init_run_level>:
{
 8001f88:	b538      	push	{r3, r4, r5, lr}
 8001f8a:	4605      	mov	r5, r0
	for (entry = levels[level]; entry < levels[level+1]; entry++) {
 8001f8c:	4b0b      	ldr	r3, [pc, #44]	@ (8001fbc <z_sys_init_run_level+0x34>)
 8001f8e:	f853 4020 	ldr.w	r4, [r3, r0, lsl #2]
 8001f92:	e002      	b.n	8001f9a <z_sys_init_run_level+0x12>
			result = entry->init_fn();
 8001f94:	6823      	ldr	r3, [r4, #0]
 8001f96:	4798      	blx	r3
	for (entry = levels[level]; entry < levels[level+1]; entry++) {
 8001f98:	3408      	adds	r4, #8
 8001f9a:	1c6b      	adds	r3, r5, #1
 8001f9c:	4a07      	ldr	r2, [pc, #28]	@ (8001fbc <z_sys_init_run_level+0x34>)
 8001f9e:	f852 3023 	ldr.w	r3, [r2, r3, lsl #2]
 8001fa2:	42a3      	cmp	r3, r4
 8001fa4:	d909      	bls.n	8001fba <z_sys_init_run_level+0x32>
		const struct device *dev = entry->dev;
 8001fa6:	6860      	ldr	r0, [r4, #4]
		if (dev != NULL) {
 8001fa8:	2800      	cmp	r0, #0
 8001faa:	d0f3      	beq.n	8001f94 <z_sys_init_run_level+0xc>
			if ((dev->flags & DEVICE_FLAG_INIT_DEFERRED) == 0U) {
 8001fac:	7e03      	ldrb	r3, [r0, #24]
 8001fae:	f013 0f01 	tst.w	r3, #1
 8001fb2:	d1f1      	bne.n	8001f98 <z_sys_init_run_level+0x10>
				result = do_device_init(dev);
 8001fb4:	f002 fcfb 	bl	80049ae <do_device_init>
 8001fb8:	e7ee      	b.n	8001f98 <z_sys_init_run_level+0x10>
}
 8001fba:	bd38      	pop	{r3, r4, r5, pc}
 8001fbc:	0800595c 	.word	0x0800595c

08001fc0 <thread_schedule_new>:
{
 8001fc0:	b508      	push	{r3, lr}
	if (K_TIMEOUT_EQ(delay, K_NO_WAIT)) {
 8001fc2:	ea53 0102 	orrs.w	r1, r3, r2
 8001fc6:	d102      	bne.n	8001fce <thread_schedule_new+0xe>
	z_impl_k_wakeup(thread);
 8001fc8:	f000 fc10 	bl	80027ec <z_impl_k_wakeup>
}
 8001fcc:	bd08      	pop	{r3, pc}

extern void z_thread_timeout(struct _timeout *timeout);

static inline k_ticks_t z_add_thread_timeout(struct k_thread *thread, k_timeout_t ticks)
{
	return z_add_timeout(&thread->base.timeout, z_thread_timeout, ticks);
 8001fce:	4902      	ldr	r1, [pc, #8]	@ (8001fd8 <thread_schedule_new+0x18>)
 8001fd0:	3018      	adds	r0, #24
 8001fd2:	f000 fdb7 	bl	8002b44 <z_add_timeout>
 8001fd6:	e7f9      	b.n	8001fcc <thread_schedule_new+0xc>
 8001fd8:	08004ba7 	.word	0x08004ba7

08001fdc <z_init_static_threads>:
{
 8001fdc:	b510      	push	{r4, lr}
 8001fde:	b086      	sub	sp, #24
	STRUCT_SECTION_FOREACH(_static_thread_data, thread_data) {
 8001fe0:	4c18      	ldr	r4, [pc, #96]	@ (8002044 <z_init_static_threads+0x68>)
 8001fe2:	e014      	b.n	800200e <z_init_static_threads+0x32>
		z_setup_new_thread(
 8001fe4:	6a63      	ldr	r3, [r4, #36]	@ 0x24
 8001fe6:	9305      	str	r3, [sp, #20]
 8001fe8:	6a23      	ldr	r3, [r4, #32]
 8001fea:	9304      	str	r3, [sp, #16]
 8001fec:	69e3      	ldr	r3, [r4, #28]
 8001fee:	9303      	str	r3, [sp, #12]
 8001ff0:	69a3      	ldr	r3, [r4, #24]
 8001ff2:	9302      	str	r3, [sp, #8]
 8001ff4:	6963      	ldr	r3, [r4, #20]
 8001ff6:	9301      	str	r3, [sp, #4]
 8001ff8:	6923      	ldr	r3, [r4, #16]
 8001ffa:	9300      	str	r3, [sp, #0]
 8001ffc:	68e3      	ldr	r3, [r4, #12]
 8001ffe:	68a2      	ldr	r2, [r4, #8]
 8002000:	6861      	ldr	r1, [r4, #4]
 8002002:	6820      	ldr	r0, [r4, #0]
 8002004:	f000 f8d4 	bl	80021b0 <z_setup_new_thread>
		thread_data->init_thread->init_data = thread_data;
 8002008:	6823      	ldr	r3, [r4, #0]
 800200a:	655c      	str	r4, [r3, #84]	@ 0x54
	STRUCT_SECTION_FOREACH(_static_thread_data, thread_data) {
 800200c:	3430      	adds	r4, #48	@ 0x30
 800200e:	4b0e      	ldr	r3, [pc, #56]	@ (8002048 <z_init_static_threads+0x6c>)
 8002010:	429c      	cmp	r4, r3
 8002012:	d3e7      	bcc.n	8001fe4 <z_init_static_threads+0x8>
	k_sched_lock();
 8002014:	f000 fad0 	bl	80025b8 <k_sched_lock>
	STRUCT_SECTION_FOREACH(_static_thread_data, thread_data) {
 8002018:	4c0a      	ldr	r4, [pc, #40]	@ (8002044 <z_init_static_threads+0x68>)
 800201a:	e003      	b.n	8002024 <z_init_static_threads+0x48>
			thread_schedule_new(thread_data->init_thread,
 800201c:	6820      	ldr	r0, [r4, #0]
 800201e:	f7ff ffcf 	bl	8001fc0 <thread_schedule_new>
	STRUCT_SECTION_FOREACH(_static_thread_data, thread_data) {
 8002022:	3430      	adds	r4, #48	@ 0x30
 8002024:	4b08      	ldr	r3, [pc, #32]	@ (8002048 <z_init_static_threads+0x6c>)
 8002026:	429c      	cmp	r4, r3
 8002028:	d208      	bcs.n	800203c <z_init_static_threads+0x60>
		k_timeout_t init_delay = Z_THREAD_INIT_DELAY(thread_data);
 800202a:	6aa2      	ldr	r2, [r4, #40]	@ 0x28
 800202c:	6ae3      	ldr	r3, [r4, #44]	@ 0x2c
		if (!K_TIMEOUT_EQ(init_delay, K_FOREVER)) {
 800202e:	f1b3 3fff 	cmp.w	r3, #4294967295
 8002032:	bf08      	it	eq
 8002034:	f1b2 3fff 	cmpeq.w	r2, #4294967295
 8002038:	d0f3      	beq.n	8002022 <z_init_static_threads+0x46>
 800203a:	e7ef      	b.n	800201c <z_init_static_threads+0x40>
	k_sched_unlock();
 800203c:	f000 fad4 	bl	80025e8 <k_sched_unlock>
}
 8002040:	b006      	add	sp, #24
 8002042:	bd10      	pop	{r4, pc}
 8002044:	0800511c 	.word	0x0800511c
 8002048:	0800511c 	.word	0x0800511c

0800204c <bg_thread_main>:
{
 800204c:	b508      	push	{r3, lr}
	z_sys_post_kernel = true;
 800204e:	4b0a      	ldr	r3, [pc, #40]	@ (8002078 <bg_thread_main+0x2c>)
 8002050:	2201      	movs	r2, #1
 8002052:	701a      	strb	r2, [r3, #0]
	z_sys_init_run_level(INIT_LEVEL_POST_KERNEL);
 8002054:	2003      	movs	r0, #3
 8002056:	f7ff ff97 	bl	8001f88 <z_sys_init_run_level>
	boot_banner();
 800205a:	f000 fe8f 	bl	8002d7c <boot_banner>
	z_sys_init_run_level(INIT_LEVEL_APPLICATION);
 800205e:	2004      	movs	r0, #4
 8002060:	f7ff ff92 	bl	8001f88 <z_sys_init_run_level>
	z_init_static_threads();
 8002064:	f7ff ffba 	bl	8001fdc <z_init_static_threads>
	(void)main();
 8002068:	f7fe fa90 	bl	800058c <main>
 * Exceptions raised by this thread may be recoverable.
 * (This is the default tag for a thread.)
 */
static inline void z_thread_essential_clear(struct k_thread *thread)
{
	thread->base.user_options &= ~K_ESSENTIAL;
 800206c:	4a03      	ldr	r2, [pc, #12]	@ (800207c <bg_thread_main+0x30>)
 800206e:	8993      	ldrh	r3, [r2, #12]
 8002070:	f023 0301 	bic.w	r3, r3, #1
 8002074:	8193      	strh	r3, [r2, #12]
} /* LCOV_EXCL_LINE ... because we just dumped final coverage data */
 8002076:	bd08      	pop	{r3, pc}
 8002078:	20000405 	.word	0x20000405
 800207c:	20000128 	.word	0x20000128

08002080 <switch_to_main_thread>:
	return stack_ptr;
}

__boot_func
static FUNC_NORETURN void switch_to_main_thread(char *stack_ptr)
{
 8002080:	b508      	push	{r3, lr}
 8002082:	4601      	mov	r1, r0
#ifdef CONFIG_ARCH_HAS_CUSTOM_SWAP_TO_MAIN
	arch_switch_to_main_thread(&z_main_thread, stack_ptr, bg_thread_main);
 8002084:	4a01      	ldr	r2, [pc, #4]	@ (800208c <switch_to_main_thread+0xc>)
 8002086:	4802      	ldr	r0, [pc, #8]	@ (8002090 <switch_to_main_thread+0x10>)
 8002088:	f7fe ff22 	bl	8000ed0 <arch_switch_to_main_thread>
	 * current fake thread is not on a wait queue or ready queue, so it
	 * will never be rescheduled in.
	 */
	z_swap_unlocked();
#endif /* CONFIG_ARCH_HAS_CUSTOM_SWAP_TO_MAIN */
	CODE_UNREACHABLE; /* LCOV_EXCL_LINE */
 800208c:	0800204d 	.word	0x0800204d
 8002090:	20000128 	.word	0x20000128

08002094 <z_init_cpu>:
{
 8002094:	b510      	push	{r4, lr}
 8002096:	4604      	mov	r4, r0
	init_idle_thread(id);
 8002098:	f7ff ff46 	bl	8001f28 <init_idle_thread>
	_kernel.cpus[id].idle_thread = &z_idle_threads[id];
 800209c:	23b0      	movs	r3, #176	@ 0xb0
 800209e:	490b      	ldr	r1, [pc, #44]	@ (80020cc <z_init_cpu+0x38>)
 80020a0:	fb03 1104 	mla	r1, r3, r4, r1
 80020a4:	4a0a      	ldr	r2, [pc, #40]	@ (80020d0 <z_init_cpu+0x3c>)
 80020a6:	eb04 0384 	add.w	r3, r4, r4, lsl #2
 80020aa:	eb02 0383 	add.w	r3, r2, r3, lsl #2
 80020ae:	60d9      	str	r1, [r3, #12]
	_kernel.cpus[id].id = id;
 80020b0:	741c      	strb	r4, [r3, #16]
		(K_KERNEL_STACK_BUFFER(z_interrupt_stacks[id]) +
 80020b2:	eb04 1144 	add.w	r1, r4, r4, lsl #5
 80020b6:	4b07      	ldr	r3, [pc, #28]	@ (80020d4 <z_init_cpu+0x40>)
 80020b8:	eb03 1381 	add.w	r3, r3, r1, lsl #6
 80020bc:	f503 6304 	add.w	r3, r3, #2112	@ 0x840
	_kernel.cpus[id].irq_stack =
 80020c0:	eb04 0484 	add.w	r4, r4, r4, lsl #2
 80020c4:	eb02 0284 	add.w	r2, r2, r4, lsl #2
 80020c8:	6053      	str	r3, [r2, #4]
}
 80020ca:	bd10      	pop	{r4, pc}
 80020cc:	20000078 	.word	0x20000078
 80020d0:	200003d0 	.word	0x200003d0
 80020d4:	20000440 	.word	0x20000440

080020d8 <prepare_multithreading>:
{
 80020d8:	b570      	push	{r4, r5, r6, lr}
 80020da:	b086      	sub	sp, #24
	z_sched_init();
 80020dc:	f000 fab6 	bl	800264c <z_sched_init>
	_kernel.ready_q.cache = &z_main_thread;
 80020e0:	4d10      	ldr	r5, [pc, #64]	@ (8002124 <prepare_multithreading+0x4c>)
 80020e2:	4b11      	ldr	r3, [pc, #68]	@ (8002128 <prepare_multithreading+0x50>)
 80020e4:	615d      	str	r5, [r3, #20]
	stack_ptr = z_setup_new_thread(&z_main_thread, z_main_stack,
 80020e6:	4b11      	ldr	r3, [pc, #68]	@ (800212c <prepare_multithreading+0x54>)
 80020e8:	9305      	str	r3, [sp, #20]
 80020ea:	2301      	movs	r3, #1
 80020ec:	9304      	str	r3, [sp, #16]
 80020ee:	2400      	movs	r4, #0
 80020f0:	9403      	str	r4, [sp, #12]
 80020f2:	9402      	str	r4, [sp, #8]
 80020f4:	9401      	str	r4, [sp, #4]
 80020f6:	9400      	str	r4, [sp, #0]
 80020f8:	4b0d      	ldr	r3, [pc, #52]	@ (8002130 <prepare_multithreading+0x58>)
 80020fa:	f44f 6280 	mov.w	r2, #1024	@ 0x400
 80020fe:	490d      	ldr	r1, [pc, #52]	@ (8002134 <prepare_multithreading+0x5c>)
 8002100:	4628      	mov	r0, r5
 8002102:	f000 f855 	bl	80021b0 <z_setup_new_thread>
 8002106:	4606      	mov	r6, r0
	thread->base.thread_state &= ~_THREAD_SLEEPING;
 8002108:	7c2b      	ldrb	r3, [r5, #16]
 800210a:	f023 0304 	bic.w	r3, r3, #4
 800210e:	742b      	strb	r3, [r5, #16]
	z_ready_thread(&z_main_thread);
 8002110:	4628      	mov	r0, r5
 8002112:	f002 fd13 	bl	8004b3c <z_ready_thread>
	z_init_cpu(0);
 8002116:	4620      	mov	r0, r4
 8002118:	f7ff ffbc 	bl	8002094 <z_init_cpu>
}
 800211c:	4630      	mov	r0, r6
 800211e:	b006      	add	sp, #24
 8002120:	bd70      	pop	{r4, r5, r6, pc}
 8002122:	bf00      	nop
 8002124:	20000128 	.word	0x20000128
 8002128:	200003d0 	.word	0x200003d0
 800212c:	08005714 	.word	0x08005714
 8002130:	0800204d 	.word	0x0800204d
 8002134:	20000e00 	.word	0x20000e00

08002138 <z_cstart>:
 * @return Does not return
 */
__boot_func
FUNC_NO_STACK_PROTECTOR
FUNC_NORETURN void z_cstart(void)
{
 8002138:	b508      	push	{r3, lr}
	/* gcov hook needed to get the coverage report.*/
	gcov_static_init();

	/* initialize early init calls */
	z_sys_init_run_level(INIT_LEVEL_EARLY);
 800213a:	2000      	movs	r0, #0
 800213c:	f7ff ff24 	bl	8001f88 <z_sys_init_run_level>
 * pointer) register, and switched to automatically when taking an exception.
 *
 */
static ALWAYS_INLINE void z_arm_interrupt_stack_setup(void)
{
	uint32_t msp = (uint32_t)(K_KERNEL_STACK_BUFFER(z_interrupt_stacks[0])) +
 8002140:	4b18      	ldr	r3, [pc, #96]	@ (80021a4 <z_cstart+0x6c>)
  __ASM volatile ("MSR msp, %0" : : "r" (topOfMainStack) : );
 8002142:	f383 8808 	msr	MSP, r3
	 * for Cortex-M3 and Cortex-M4 (ARMv7-M) MCUs. For the rest
	 * of ARM Cortex-M processors this setting is enforced by
	 * default and it is not configurable.
	 */
#if defined(CONFIG_CPU_CORTEX_M3) || defined(CONFIG_CPU_CORTEX_M4)
	SCB->CCR |= SCB_CCR_STKALIGN_Msk;
 8002146:	4c18      	ldr	r4, [pc, #96]	@ (80021a8 <z_cstart+0x70>)
 8002148:	6963      	ldr	r3, [r4, #20]
 800214a:	f443 7300 	orr.w	r3, r3, #512	@ 0x200
 800214e:	6163      	str	r3, [r4, #20]
 8002150:	23f0      	movs	r3, #240	@ 0xf0
 8002152:	f884 3022 	strb.w	r3, [r4, #34]	@ 0x22
 8002156:	2300      	movs	r3, #0
 8002158:	77e3      	strb	r3, [r4, #31]
 800215a:	7623      	strb	r3, [r4, #24]
 800215c:	7663      	strb	r3, [r4, #25]
 800215e:	76a3      	strb	r3, [r4, #26]
 8002160:	f884 3020 	strb.w	r3, [r4, #32]
#if defined(CONFIG_ARM_SECURE_FIRMWARE)
	NVIC_SetPriority(SecureFault_IRQn, _EXC_FAULT_PRIO);
#endif /* CONFIG_ARM_SECURE_FIRMWARE */

	/* Enable Usage, Mem, & Bus Faults */
	SCB->SHCSR |=
 8002164:	6a63      	ldr	r3, [r4, #36]	@ 0x24
 8002166:	f443 23e0 	orr.w	r3, r3, #458752	@ 0x70000
 800216a:	6263      	str	r3, [r4, #36]	@ 0x24

static ALWAYS_INLINE void arch_kernel_init(void)
{
	z_arm_interrupt_stack_setup();
	z_arm_exc_setup();
	z_arm_fault_init();
 800216c:	f7fe fdd6 	bl	8000d1c <z_arm_fault_init>
	z_arm_cpu_idle_init();
 8002170:	f7fe fece 	bl	8000f10 <z_arm_cpu_idle_init>
static ALWAYS_INLINE void z_arm_clear_faults(void)
{
#if defined(CONFIG_ARMV6_M_ARMV8_M_BASELINE)
#elif defined(CONFIG_ARMV7_M_ARMV8_M_MAINLINE)
	/* Reset all faults */
	SCB->CFSR = SCB_CFSR_USGFAULTSR_Msk | SCB_CFSR_MEMFAULTSR_Msk | SCB_CFSR_BUSFAULTSR_Msk;
 8002174:	f04f 33ff 	mov.w	r3, #4294967295
 8002178:	62a3      	str	r3, [r4, #40]	@ 0x28

	/* Clear all Hard Faults - HFSR is write-one-to-clear */
	SCB->HFSR = 0xffffffff;
 800217a:	62e3      	str	r3, [r4, #44]	@ 0x2c
	z_arm_clear_faults();
#if defined(CONFIG_ARM_MPU)
	z_arm_mpu_init();
 800217c:	f7fe ffe0 	bl	8001140 <z_arm_mpu_init>
	 * to set up access permissions for fixed memory sections, such
	 * as Application Memory or No-Cacheable SRAM area.
	 *
	 * This function is invoked once, upon system initialization.
	 */
	z_arm_configure_static_mpu_regions();
 8002180:	f7fe ff58 	bl	8001034 <z_arm_configure_static_mpu_regions>
	arch_kernel_init();

	LOG_CORE_INIT();

#if defined(CONFIG_MULTITHREADING)
	z_dummy_thread_init(&_thread_dummy);
 8002184:	4809      	ldr	r0, [pc, #36]	@ (80021ac <z_cstart+0x74>)
 8002186:	f000 f875 	bl	8002274 <z_dummy_thread_init>
#endif /* CONFIG_MULTITHREADING */
	/* do any necessary initialization of static devices */
	z_device_state_init();

	soc_early_init_hook();
 800218a:	f7fe fabd 	bl	8000708 <soc_early_init_hook>

	board_early_init_hook();

	/* perform basic hardware initialization */
	z_sys_init_run_level(INIT_LEVEL_PRE_KERNEL_1);
 800218e:	2001      	movs	r0, #1
 8002190:	f7ff fefa 	bl	8001f88 <z_sys_init_run_level>
#if defined(CONFIG_SMP)
	arch_smp_init();
#endif
	z_sys_init_run_level(INIT_LEVEL_PRE_KERNEL_2);
 8002194:	2002      	movs	r0, #2
 8002196:	f7ff fef7 	bl	8001f88 <z_sys_init_run_level>
	timing_init();
	timing_start();
#endif /* CONFIG_TIMING_FUNCTIONS_NEED_AT_BOOT */

#ifdef CONFIG_MULTITHREADING
	switch_to_main_thread(prepare_multithreading());
 800219a:	f7ff ff9d 	bl	80020d8 <prepare_multithreading>
 800219e:	f7ff ff6f 	bl	8002080 <switch_to_main_thread>
 80021a2:	bf00      	nop
 80021a4:	20000c80 	.word	0x20000c80
 80021a8:	e000ed00 	.word	0xe000ed00
 80021ac:	200001d8 	.word	0x200001d8

080021b0 <z_setup_new_thread>:
char *z_setup_new_thread(struct k_thread *new_thread,
			 k_thread_stack_t *stack, size_t stack_size,
			 k_thread_entry_t entry,
			 void *p1, void *p2, void *p3,
			 int prio, uint32_t options, const char *name)
{
 80021b0:	e92d 4ff0 	stmdb	sp!, {r4, r5, r6, r7, r8, r9, sl, fp, lr}
 80021b4:	b085      	sub	sp, #20
 80021b6:	4604      	mov	r4, r0
 80021b8:	460f      	mov	r7, r1
 80021ba:	4615      	mov	r5, r2
 80021bc:	461e      	mov	r6, r3
 80021be:	f8dd a038 	ldr.w	sl, [sp, #56]	@ 0x38
 80021c2:	f8dd 903c 	ldr.w	r9, [sp, #60]	@ 0x3c
 80021c6:	f8dd 8040 	ldr.w	r8, [sp, #64]	@ 0x40
 80021ca:	f8dd b04c 	ldr.w	fp, [sp, #76]	@ 0x4c
	SYS_DLIST_FOR_EACH_CONTAINER_SAFE(&((wq)->waitq), thread_ptr, \
					  loop_ptr, base.qnode_dlist)

static inline void z_waitq_init(_wait_q_t *w)
{
	sys_dlist_init(&w->waitq);
 80021ce:	f100 0358 	add.w	r3, r0, #88	@ 0x58
 * @param list the doubly-linked list
 */

static inline void sys_dlist_init(sys_dlist_t *list)
{
	list->head = (sys_dnode_t *)list;
 80021d2:	6583      	str	r3, [r0, #88]	@ 0x58
	list->tail = (sys_dnode_t *)list;
 80021d4:	65c3      	str	r3, [r0, #92]	@ 0x5c
	k_object_access_grant(new_thread, new_thread);
#endif /* CONFIG_USERSPACE */
	z_waitq_init(&new_thread->join_queue);

	/* Initialize various struct k_thread members */
	z_init_thread_base(&new_thread->base, prio, _THREAD_SLEEPING, options);
 80021d6:	9b12      	ldr	r3, [sp, #72]	@ 0x48
 80021d8:	2204      	movs	r2, #4
 80021da:	9911      	ldr	r1, [sp, #68]	@ 0x44
 80021dc:	f002 fc4e 	bl	8004a7c <z_init_thread_base>
	stack_ptr = setup_thread_stack(new_thread, stack, stack_size);
 80021e0:	462a      	mov	r2, r5
 80021e2:	4639      	mov	r1, r7
 80021e4:	4620      	mov	r0, r4
 80021e6:	f002 fc23 	bl	8004a30 <setup_thread_stack>
 80021ea:	4605      	mov	r5, r0
	__ASSERT_NO_MSG(!sys_cache_is_mem_coherent(stack));
#endif  /* CONFIG_DYNAMIC_THREAD */

#endif /* CONFIG_KERNEL_COHERENCE */

	arch_new_thread(new_thread, stack, stack_ptr, entry, p1, p2, p3);
 80021ec:	f8cd 8008 	str.w	r8, [sp, #8]
 80021f0:	f8cd 9004 	str.w	r9, [sp, #4]
 80021f4:	f8cd a000 	str.w	sl, [sp]
 80021f8:	4633      	mov	r3, r6
 80021fa:	4602      	mov	r2, r0
 80021fc:	4639      	mov	r1, r7
 80021fe:	4620      	mov	r0, r4
 8002200:	f7fe fe44 	bl	8000e8c <arch_new_thread>

	/* static threads overwrite it afterwards with real value */
	new_thread->init_data = NULL;
 8002204:	2300      	movs	r3, #0
 8002206:	6563      	str	r3, [r4, #84]	@ 0x54
#ifdef CONFIG_THREAD_CUSTOM_DATA
	/* Initialize custom data field (value is opaque to kernel) */
	new_thread->custom_data = NULL;
#endif /* CONFIG_THREAD_CUSTOM_DATA */
#ifdef CONFIG_THREAD_MONITOR
	new_thread->entry.pEntry = entry;
 8002208:	6626      	str	r6, [r4, #96]	@ 0x60
	new_thread->entry.parameter1 = p1;
 800220a:	f8c4 a064 	str.w	sl, [r4, #100]	@ 0x64
	new_thread->entry.parameter2 = p2;
 800220e:	f8c4 9068 	str.w	r9, [r4, #104]	@ 0x68
	new_thread->entry.parameter3 = p3;
 8002212:	f8c4 806c 	str.w	r8, [r4, #108]	@ 0x6c
  __ASM volatile ("MRS %0, basepri" : "=r" (result) );
 8002216:	f3ef 8211 	mrs	r2, BASEPRI
  __ASM volatile ("MSR basepri_max, %0" : : "r" (basePri) : "memory");
 800221a:	2310      	movs	r3, #16
 800221c:	f383 8812 	msr	BASEPRI_MAX, r3
 8002220:	f3bf 8f6f 	isb	sy

	k_spinlock_key_t key = k_spin_lock(&z_thread_monitor_lock);

	new_thread->next_thread = _kernel.threads;
 8002224:	4b12      	ldr	r3, [pc, #72]	@ (8002270 <z_setup_new_thread+0xc0>)
 8002226:	6a19      	ldr	r1, [r3, #32]
 8002228:	6721      	str	r1, [r4, #112]	@ 0x70
	_kernel.threads = new_thread;
 800222a:	621c      	str	r4, [r3, #32]
  __ASM volatile ("MSR basepri, %0" : : "r" (basePri) : "memory");
 800222c:	f382 8811 	msr	BASEPRI, r2
 8002230:	f3bf 8f6f 	isb	sy
	k_spin_unlock(&z_thread_monitor_lock, key);
#endif /* CONFIG_THREAD_MONITOR */
#ifdef CONFIG_THREAD_NAME
	if (name != NULL) {
 8002234:	f1bb 0f00 	cmp.w	fp, #0
 8002238:	d013      	beq.n	8002262 <z_setup_new_thread+0xb2>
		strncpy(new_thread->name, name,
 800223a:	221f      	movs	r2, #31
 800223c:	4659      	mov	r1, fp
 800223e:	f104 0074 	add.w	r0, r4, #116	@ 0x74
 8002242:	f000 fdfb 	bl	8002e3c <strncpy>
			CONFIG_THREAD_MAX_NAME_LEN - 1);
		/* Ensure NULL termination, truncate if longer */
		new_thread->name[CONFIG_THREAD_MAX_NAME_LEN - 1] = '\0';
 8002246:	2300      	movs	r3, #0
 8002248:	f884 3093 	strb.w	r3, [r4, #147]	@ 0x93
		new_thread->base.cpu_mask = -1; /* allow all cpus */
	}
#endif /* CONFIG_SCHED_CPU_MASK */
#ifdef CONFIG_ARCH_HAS_CUSTOM_SWAP_TO_MAIN
	/* _current may be null if the dummy thread is not used */
	if (!_current) {
 800224c:	4b08      	ldr	r3, [pc, #32]	@ (8002270 <z_setup_new_thread+0xc0>)
 800224e:	689b      	ldr	r3, [r3, #8]
 8002250:	b15b      	cbz	r3, 800226a <z_setup_new_thread+0xba>
	}
#endif /* CONFIG_USERSPACE */
#ifdef CONFIG_SCHED_DEADLINE
	new_thread->base.prio_deadline = 0;
#endif /* CONFIG_SCHED_DEADLINE */
	new_thread->resource_pool = _current->resource_pool;
 8002252:	f8d3 30a0 	ldr.w	r3, [r3, #160]	@ 0xa0
 8002256:	f8c4 30a0 	str.w	r3, [r4, #160]	@ 0xa0
#endif /* CONFIG_SCHED_THREAD_USAGE */

	SYS_PORT_TRACING_OBJ_FUNC(k_thread, create, new_thread);

	return stack_ptr;
}
 800225a:	4628      	mov	r0, r5
 800225c:	b005      	add	sp, #20
 800225e:	e8bd 8ff0 	ldmia.w	sp!, {r4, r5, r6, r7, r8, r9, sl, fp, pc}
		new_thread->name[0] = '\0';
 8002262:	2300      	movs	r3, #0
 8002264:	f884 3074 	strb.w	r3, [r4, #116]	@ 0x74
 8002268:	e7f0      	b.n	800224c <z_setup_new_thread+0x9c>
		new_thread->resource_pool = NULL;
 800226a:	f8c4 30a0 	str.w	r3, [r4, #160]	@ 0xa0
		return stack_ptr;
 800226e:	e7f4      	b.n	800225a <z_setup_new_thread+0xaa>
 8002270:	200003d0 	.word	0x200003d0

08002274 <z_dummy_thread_init>:

#endif /* CONFIG_THREAD_ABORT_NEED_CLEANUP */

void z_dummy_thread_init(struct k_thread *dummy_thread)
{
	dummy_thread->base.thread_state = _THREAD_DUMMY;
 8002274:	2301      	movs	r3, #1
 8002276:	7403      	strb	r3, [r0, #16]
#ifdef CONFIG_SCHED_CPU_MASK
	dummy_thread->base.cpu_mask = -1;
#endif /* CONFIG_SCHED_CPU_MASK */
	dummy_thread->base.user_options = K_ESSENTIAL;
 8002278:	8183      	strh	r3, [r0, #12]
#ifdef CONFIG_THREAD_STACK_INFO
	dummy_thread->stack_info.start = 0U;
 800227a:	2300      	movs	r3, #0
 800227c:	f8c0 3094 	str.w	r3, [r0, #148]	@ 0x94
	dummy_thread->stack_info.size = 0U;
 8002280:	f8c0 3098 	str.w	r3, [r0, #152]	@ 0x98
	dummy_thread->mem_domain_info.mem_domain = &k_mem_domain_default;
#endif /* CONFIG_USERSPACE */
#if (K_HEAP_MEM_POOL_SIZE > 0)
	k_thread_system_pool_assign(dummy_thread);
#else
	dummy_thread->resource_pool = NULL;
 8002284:	f8c0 30a0 	str.w	r3, [r0, #160]	@ 0xa0

#ifdef CONFIG_TIMESLICE_PER_THREAD
	dummy_thread->base.slice_ticks = 0;
#endif /* CONFIG_TIMESLICE_PER_THREAD */

	z_current_thread_set(dummy_thread);
 8002288:	4b01      	ldr	r3, [pc, #4]	@ (8002290 <z_dummy_thread_init+0x1c>)
 800228a:	6098      	str	r0, [r3, #8]
}
 800228c:	4770      	bx	lr
 800228e:	bf00      	nop
 8002290:	200003d0 	.word	0x200003d0

08002294 <z_swap_irqlock>:

#ifndef CONFIG_USE_SWITCH
static ALWAYS_INLINE int arch_swap(unsigned int key)
{
	/* store off key and return value */
	_current->arch.basepri = key;
 8002294:	4a0a      	ldr	r2, [pc, #40]	@ (80022c0 <z_swap_irqlock+0x2c>)
 8002296:	6893      	ldr	r3, [r2, #8]
 8002298:	f8c3 00a8 	str.w	r0, [r3, #168]	@ 0xa8
	_current->arch.swap_return_value = -EAGAIN;
 800229c:	f06f 010a 	mvn.w	r1, #10
 80022a0:	f8c3 10ac 	str.w	r1, [r3, #172]	@ 0xac

	/* set pending bit to make sure we will take a PendSV exception */
	SCB->ICSR |= SCB_ICSR_PENDSVSET_Msk;
 80022a4:	4907      	ldr	r1, [pc, #28]	@ (80022c4 <z_swap_irqlock+0x30>)
 80022a6:	684b      	ldr	r3, [r1, #4]
 80022a8:	f043 5380 	orr.w	r3, r3, #268435456	@ 0x10000000
 80022ac:	604b      	str	r3, [r1, #4]
 80022ae:	2300      	movs	r3, #0
 80022b0:	f383 8811 	msr	BASEPRI, r3
 80022b4:	f3bf 8f6f 	isb	sy
	irq_unlock(0);

	/* Context switch is performed here. Returning implies the
	 * thread has been context-switched-in again.
	 */
	return _current->arch.swap_return_value;
 80022b8:	6893      	ldr	r3, [r2, #8]
# endif /* CONFIG_ARM64 */
#endif /* CONFIG_SPIN_VALIDATE */

	ret = arch_swap(key);
	return ret;
}
 80022ba:	f8d3 00ac 	ldr.w	r0, [r3, #172]	@ 0xac
 80022be:	4770      	bx	lr
 80022c0:	200003d0 	.word	0x200003d0
 80022c4:	e000ed00 	.word	0xe000ed00

080022c8 <reschedule>:
{
#ifdef CONFIG_SMP
	_current_cpu->swap_ok = 0;
#endif /* CONFIG_SMP */

	return arch_irq_unlocked(key) && !arch_is_in_isr();
 80022c8:	4608      	mov	r0, r1
 80022ca:	b981      	cbnz	r1, 80022ee <reschedule+0x26>
	return new_thread != _current;
#endif /* CONFIG_SMP */
}

static void reschedule(struct k_spinlock *lock, k_spinlock_key_t key)
{
 80022cc:	b508      	push	{r3, lr}
  __ASM volatile ("MRS %0, ipsr" : "=r" (result) );
 80022ce:	f3ef 8305 	mrs	r3, IPSR
	return arch_irq_unlocked(key) && !arch_is_in_isr();
 80022d2:	b93b      	cbnz	r3, 80022e4 <reschedule+0x1c>
	new_thread = _kernel.ready_q.cache;
 80022d4:	4b08      	ldr	r3, [pc, #32]	@ (80022f8 <reschedule+0x30>)
 80022d6:	695a      	ldr	r2, [r3, #20]
	return new_thread != _current;
 80022d8:	689b      	ldr	r3, [r3, #8]
	if (resched(key.key) && need_swap()) {
 80022da:	429a      	cmp	r2, r3
 80022dc:	d002      	beq.n	80022e4 <reschedule+0x1c>
 * handling.
 */
static ALWAYS_INLINE int z_swap(struct k_spinlock *lock, k_spinlock_key_t key)
{
	k_spin_release(lock);
	return z_swap_irqlock(key.key);
 80022de:	f7ff ffd9 	bl	8002294 <z_swap_irqlock>
		z_swap(lock, key);
 80022e2:	e003      	b.n	80022ec <reschedule+0x24>
  __ASM volatile ("MSR basepri, %0" : : "r" (basePri) : "memory");
 80022e4:	f380 8811 	msr	BASEPRI, r0
 80022e8:	f3bf 8f6f 	isb	sy
	} else {
		signal_pending_ipi();
		k_spin_unlock(lock, key);
	}
}
 80022ec:	bd08      	pop	{r3, pc}
 80022ee:	f381 8811 	msr	BASEPRI, r1
 80022f2:	f3bf 8f6f 	isb	sy
 80022f6:	4770      	bx	lr
 80022f8:	200003d0 	.word	0x200003d0

080022fc <ready_thread>:
	return (thread->base.thread_state & state) != 0U;
 80022fc:	7c03      	ldrb	r3, [r0, #16]
	if (!z_is_thread_queued(thread) && z_is_thread_ready(thread)) {
 80022fe:	f990 2010 	ldrsb.w	r2, [r0, #16]
 8002302:	2a00      	cmp	r2, #0
 8002304:	db4e      	blt.n	80023a4 <ready_thread+0xa8>
 8002306:	f013 0f1f 	tst.w	r3, #31
 800230a:	d14b      	bne.n	80023a4 <ready_thread+0xa8>
{
 800230c:	b510      	push	{r4, lr}
	thread->base.thread_state |= _THREAD_QUEUED;
 800230e:	f063 037f 	orn	r3, r3, #127	@ 0x7f
 8002312:	7403      	strb	r3, [r0, #16]
 * @return true if empty, false otherwise
 */

static inline bool sys_dlist_is_empty(const sys_dlist_t *list)
{
	return list->head == list;
 8002314:	4a24      	ldr	r2, [pc, #144]	@ (80023a8 <ready_thread+0xac>)
 8002316:	f852 3f18 	ldr.w	r3, [r2, #24]!
 * @return a pointer to the head element, NULL if list is empty
 */

static inline sys_dnode_t *sys_dlist_peek_head(const sys_dlist_t *list)
{
	return sys_dlist_is_empty(list) ? NULL : list->head;
 800231a:	4293      	cmp	r3, r2
 800231c:	d03a      	beq.n	8002394 <ready_thread+0x98>

static ALWAYS_INLINE void z_priq_simple_add(sys_dlist_t *pq, struct k_thread *thread)
{
	struct k_thread *t;

	SYS_DLIST_FOR_EACH_CONTAINER(pq, t, base.qnode_dlist) {
 800231e:	b17b      	cbz	r3, 8002340 <ready_thread+0x44>
	int32_t b1 = thread_1->base.prio;
 8002320:	f990 100e 	ldrsb.w	r1, [r0, #14]
	int32_t b2 = thread_2->base.prio;
 8002324:	f993 200e 	ldrsb.w	r2, [r3, #14]
	if (b1 != b2) {
 8002328:	4291      	cmp	r1, r2
 800232a:	d002      	beq.n	8002332 <ready_thread+0x36>
		return b2 - b1;
 800232c:	1a52      	subs	r2, r2, r1
		if (z_sched_prio_cmp(thread, t) > 0) {
 800232e:	2a00      	cmp	r2, #0
 8002330:	dc27      	bgt.n	8002382 <ready_thread+0x86>
	SYS_DLIST_FOR_EACH_CONTAINER(pq, t, base.qnode_dlist) {
 8002332:	4619      	mov	r1, r3
 */

static inline sys_dnode_t *sys_dlist_peek_next_no_check(const sys_dlist_t *list,
							const sys_dnode_t *node)
{
	return (node == list->tail) ? NULL : node->next;
 8002334:	4a1c      	ldr	r2, [pc, #112]	@ (80023a8 <ready_thread+0xac>)
 8002336:	69d2      	ldr	r2, [r2, #28]
 8002338:	4293      	cmp	r3, r2
 800233a:	d001      	beq.n	8002340 <ready_thread+0x44>
 800233c:	681b      	ldr	r3, [r3, #0]
 800233e:	bb33      	cbnz	r3, 800238e <ready_thread+0x92>
 * @param node the element to append
 */

static inline void sys_dlist_append(sys_dlist_t *list, sys_dnode_t *node)
{
	sys_dnode_t *const tail = list->tail;
 8002340:	4b19      	ldr	r3, [pc, #100]	@ (80023a8 <ready_thread+0xac>)
 8002342:	69da      	ldr	r2, [r3, #28]

	node->next = list;
 8002344:	f103 0118 	add.w	r1, r3, #24
 8002348:	6001      	str	r1, [r0, #0]
	node->prev = tail;
 800234a:	6042      	str	r2, [r0, #4]

	tail->next = node;
 800234c:	6010      	str	r0, [r2, #0]
	list->tail = node;
 800234e:	61d8      	str	r0, [r3, #28]
	return list->head == list;
 8002350:	4b15      	ldr	r3, [pc, #84]	@ (80023a8 <ready_thread+0xac>)
 8002352:	f853 4f18 	ldr.w	r4, [r3, #24]!
	return sys_dlist_is_empty(list) ? NULL : list->head;
 8002356:	429c      	cmp	r4, r3
 8002358:	d01e      	beq.n	8002398 <ready_thread+0x9c>
static ALWAYS_INLINE struct k_thread *z_priq_simple_best(sys_dlist_t *pq)
{
	struct k_thread *thread = NULL;
	sys_dnode_t *n = sys_dlist_peek_head(pq);

	if (n != NULL) {
 800235a:	b1ec      	cbz	r4, 8002398 <ready_thread+0x9c>
	}

	__ASSERT(_current != NULL, "");

	/* Or if we're pended/suspended/dummy (duh) */
	if (z_is_thread_prevented_from_running(_current)) {
 800235c:	4b12      	ldr	r3, [pc, #72]	@ (80023a8 <ready_thread+0xac>)
 800235e:	689b      	ldr	r3, [r3, #8]
	uint8_t state = thread->base.thread_state;
 8002360:	7c1a      	ldrb	r2, [r3, #16]
	if (z_is_thread_prevented_from_running(_current)) {
 8002362:	f012 0f1f 	tst.w	r2, #31
 8002366:	d104      	bne.n	8002372 <ready_thread+0x76>
	return thread->base.preempt <= _PREEMPT_THRESHOLD;
 8002368:	89da      	ldrh	r2, [r3, #14]
	}

	/* Otherwise we have to be running a preemptible thread or
	 * switching to a metairq
	 */
	if (thread_is_preemptible(_current) || thread_is_metairq(thread)) {
 800236a:	2a7f      	cmp	r2, #127	@ 0x7f
 800236c:	d901      	bls.n	8002372 <ready_thread+0x76>
	return node->next != NULL;
 800236e:	69a2      	ldr	r2, [r4, #24]
	/* Edge case on ARM where a thread can be pended out of an
	 * interrupt handler before the "synchronous" swap starts
	 * context switching.  Platforms with atomic swap can never
	 * hit this.
	 */
	if (IS_ENABLED(CONFIG_SWAP_NONATOMIC)
 8002370:	b1aa      	cbz	r2, 800239e <ready_thread+0xa2>
		if (thread != _current) {
 8002372:	42a3      	cmp	r3, r4
 8002374:	d002      	beq.n	800237c <ready_thread+0x80>
			z_reset_time_slice(thread);
 8002376:	4620      	mov	r0, r4
 8002378:	f000 fb4a 	bl	8002a10 <z_reset_time_slice>
		_kernel.ready_q.cache = thread;
 800237c:	4b0a      	ldr	r3, [pc, #40]	@ (80023a8 <ready_thread+0xac>)
 800237e:	615c      	str	r4, [r3, #20]
}
 8002380:	bd10      	pop	{r4, pc}
 * @param successor the position before which "node" will be inserted
 * @param node the element to insert
 */
static inline void sys_dlist_insert(sys_dnode_t *successor, sys_dnode_t *node)
{
	sys_dnode_t *const prev = successor->prev;
 8002382:	685a      	ldr	r2, [r3, #4]

	node->prev = prev;
 8002384:	6042      	str	r2, [r0, #4]
	node->next = successor;
 8002386:	6003      	str	r3, [r0, #0]
	prev->next = node;
 8002388:	6010      	str	r0, [r2, #0]
	successor->prev = node;
 800238a:	6058      	str	r0, [r3, #4]
			return;
 800238c:	e7e0      	b.n	8002350 <ready_thread+0x54>
	return (node != NULL) ? sys_dlist_peek_next_no_check(list, node) : NULL;
 800238e:	2900      	cmp	r1, #0
 8002390:	d1c5      	bne.n	800231e <ready_thread+0x22>
 8002392:	e7d5      	b.n	8002340 <ready_thread+0x44>
	SYS_DLIST_FOR_EACH_CONTAINER(pq, t, base.qnode_dlist) {
 8002394:	2300      	movs	r3, #0
 8002396:	e7c2      	b.n	800231e <ready_thread+0x22>
	return (thread != NULL) ? thread : _current_cpu->idle_thread;
 8002398:	4b03      	ldr	r3, [pc, #12]	@ (80023a8 <ready_thread+0xac>)
 800239a:	68dc      	ldr	r4, [r3, #12]
 800239c:	e7de      	b.n	800235c <ready_thread+0x60>
		_kernel.ready_q.cache = _current;
 800239e:	4a02      	ldr	r2, [pc, #8]	@ (80023a8 <ready_thread+0xac>)
 80023a0:	6153      	str	r3, [r2, #20]
 80023a2:	e7ed      	b.n	8002380 <ready_thread+0x84>
 80023a4:	4770      	bx	lr
 80023a6:	bf00      	nop
 80023a8:	200003d0 	.word	0x200003d0

080023ac <unready_thread>:
}
#include <zephyr/syscalls/k_thread_resume_mrsh.c>
#endif /* CONFIG_USERSPACE */

static void unready_thread(struct k_thread *thread)
{
 80023ac:	b510      	push	{r4, lr}
	return (thread->base.thread_state & state) != 0U;
 80023ae:	7c03      	ldrb	r3, [r0, #16]
	if (z_is_thread_queued(thread)) {
 80023b0:	f990 2010 	ldrsb.w	r2, [r0, #16]
 80023b4:	2a00      	cmp	r2, #0
 80023b6:	db19      	blt.n	80023ec <unready_thread+0x40>
		dequeue_thread(thread);
	}
	update_cache(thread == _current);
 80023b8:	4b15      	ldr	r3, [pc, #84]	@ (8002410 <unready_thread+0x64>)
 80023ba:	689a      	ldr	r2, [r3, #8]
	return list->head == list;
 80023bc:	f853 4f18 	ldr.w	r4, [r3, #24]!
	return sys_dlist_is_empty(list) ? NULL : list->head;
 80023c0:	429c      	cmp	r4, r3
 80023c2:	d01e      	beq.n	8002402 <unready_thread+0x56>
	if (n != NULL) {
 80023c4:	b1ec      	cbz	r4, 8002402 <unready_thread+0x56>
	if (preempt_ok != 0) {
 80023c6:	4282      	cmp	r2, r0
 80023c8:	d008      	beq.n	80023dc <unready_thread+0x30>
	uint8_t state = thread->base.thread_state;
 80023ca:	7c13      	ldrb	r3, [r2, #16]
	if (z_is_thread_prevented_from_running(_current)) {
 80023cc:	f013 0f1f 	tst.w	r3, #31
 80023d0:	d104      	bne.n	80023dc <unready_thread+0x30>
	return thread->base.preempt <= _PREEMPT_THRESHOLD;
 80023d2:	89d3      	ldrh	r3, [r2, #14]
	if (thread_is_preemptible(_current) || thread_is_metairq(thread)) {
 80023d4:	2b7f      	cmp	r3, #127	@ 0x7f
 80023d6:	d901      	bls.n	80023dc <unready_thread+0x30>
	return node->next != NULL;
 80023d8:	69a3      	ldr	r3, [r4, #24]
	if (IS_ENABLED(CONFIG_SWAP_NONATOMIC)
 80023da:	b1ab      	cbz	r3, 8002408 <unready_thread+0x5c>
		if (thread != _current) {
 80023dc:	42a2      	cmp	r2, r4
 80023de:	d002      	beq.n	80023e6 <unready_thread+0x3a>
			z_reset_time_slice(thread);
 80023e0:	4620      	mov	r0, r4
 80023e2:	f000 fb15 	bl	8002a10 <z_reset_time_slice>
		_kernel.ready_q.cache = thread;
 80023e6:	4b0a      	ldr	r3, [pc, #40]	@ (8002410 <unready_thread+0x64>)
 80023e8:	615c      	str	r4, [r3, #20]
}
 80023ea:	bd10      	pop	{r4, pc}
	thread->base.thread_state &= ~_THREAD_QUEUED;
 80023ec:	f003 037f 	and.w	r3, r3, #127	@ 0x7f
 80023f0:	7403      	strb	r3, [r0, #16]
 * @param node the node to remove
 */

static inline void sys_dlist_remove(sys_dnode_t *node)
{
	sys_dnode_t *const prev = node->prev;
 80023f2:	6842      	ldr	r2, [r0, #4]
	sys_dnode_t *const next = node->next;
 80023f4:	6803      	ldr	r3, [r0, #0]

	prev->next = next;
 80023f6:	6013      	str	r3, [r2, #0]
	next->prev = prev;
 80023f8:	605a      	str	r2, [r3, #4]
	node->next = NULL;
 80023fa:	2300      	movs	r3, #0
 80023fc:	6003      	str	r3, [r0, #0]
	node->prev = NULL;
 80023fe:	6043      	str	r3, [r0, #4]
}
 8002400:	e7da      	b.n	80023b8 <unready_thread+0xc>
	return (thread != NULL) ? thread : _current_cpu->idle_thread;
 8002402:	4b03      	ldr	r3, [pc, #12]	@ (8002410 <unready_thread+0x64>)
 8002404:	68dc      	ldr	r4, [r3, #12]
 8002406:	e7de      	b.n	80023c6 <unready_thread+0x1a>
		_kernel.ready_q.cache = _current;
 8002408:	4b01      	ldr	r3, [pc, #4]	@ (8002410 <unready_thread+0x64>)
 800240a:	615a      	str	r2, [r3, #20]
 800240c:	e7ed      	b.n	80023ea <unready_thread+0x3e>
 800240e:	bf00      	nop
 8002410:	200003d0 	.word	0x200003d0

08002414 <thread_halt_spin>:
{
 8002414:	e92d 43f8 	stmdb	sp!, {r3, r4, r5, r6, r7, r8, r9, lr}
 8002418:	4605      	mov	r5, r0
 800241a:	460c      	mov	r4, r1
	if (z_is_thread_halting(_current)) {
 800241c:	4b42      	ldr	r3, [pc, #264]	@ (8002528 <thread_halt_spin+0x114>)
 800241e:	689e      	ldr	r6, [r3, #8]
	return (thread->base.thread_state &
 8002420:	7c33      	ldrb	r3, [r6, #16]
 8002422:	f013 0f60 	tst.w	r3, #96	@ 0x60
 8002426:	d02b      	beq.n	8002480 <thread_halt_spin+0x6c>
		halt_thread(_current,
 8002428:	f013 0f20 	tst.w	r3, #32
 800242c:	d02d      	beq.n	800248a <thread_halt_spin+0x76>
 800242e:	2708      	movs	r7, #8
	bool dummify = false;

	/* We hold the lock, and the thread is known not to be running
	 * anywhere.
	 */
	if ((thread->base.thread_state & new_state) == 0U) {
 8002430:	421f      	tst	r7, r3
 8002432:	d125      	bne.n	8002480 <thread_halt_spin+0x6c>
		thread->base.thread_state |= new_state;
 8002434:	433b      	orrs	r3, r7
 8002436:	7433      	strb	r3, [r6, #16]
		if (z_is_thread_queued(thread)) {
 8002438:	f013 0f80 	tst.w	r3, #128	@ 0x80
 800243c:	d127      	bne.n	800248e <thread_halt_spin+0x7a>
			dequeue_thread(thread);
		}

		if (new_state == _THREAD_DEAD) {
 800243e:	2f08      	cmp	r7, #8
 8002440:	d030      	beq.n	80024a4 <thread_halt_spin+0x90>
	bool dummify = false;
 8002442:	f04f 0900 	mov.w	r9, #0
	return list->head == list;
 8002446:	4b38      	ldr	r3, [pc, #224]	@ (8002528 <thread_halt_spin+0x114>)
 8002448:	f853 8f18 	ldr.w	r8, [r3, #24]!
	return sys_dlist_is_empty(list) ? NULL : list->head;
 800244c:	4598      	cmp	r8, r3
 800244e:	d04f      	beq.n	80024f0 <thread_halt_spin+0xdc>
 8002450:	f1b8 0f00 	cmp.w	r8, #0
 8002454:	d04c      	beq.n	80024f0 <thread_halt_spin+0xdc>
		if (thread != _current) {
 8002456:	4b34      	ldr	r3, [pc, #208]	@ (8002528 <thread_halt_spin+0x114>)
 8002458:	689b      	ldr	r3, [r3, #8]
 800245a:	4543      	cmp	r3, r8
 800245c:	d002      	beq.n	8002464 <thread_halt_spin+0x50>
			z_reset_time_slice(thread);
 800245e:	4640      	mov	r0, r8
 8002460:	f000 fad6 	bl	8002a10 <z_reset_time_slice>
		_kernel.ready_q.cache = thread;
 8002464:	4b30      	ldr	r3, [pc, #192]	@ (8002528 <thread_halt_spin+0x114>)
 8002466:	f8c3 8014 	str.w	r8, [r3, #20]
#ifdef CONFIG_SMP
		unpend_all(&thread->halt_queue);
#endif /* CONFIG_SMP */
		update_cache(1);

		if (new_state == _THREAD_SUSPENDED) {
 800246a:	2f10      	cmp	r7, #16
 800246c:	d008      	beq.n	8002480 <thread_halt_spin+0x6c>
			clear_halting(thread);
			return;
		}

		arch_coprocessors_disable(thread);
 800246e:	4630      	mov	r0, r6
 8002470:	f001 fc7f 	bl	8003d72 <arch_coprocessors_disable>

		SYS_PORT_TRACING_FUNC(k_thread, sched_abort, thread);

		z_thread_monitor_exit(thread);
 8002474:	4630      	mov	r0, r6
 8002476:	f000 fb25 	bl	8002ac4 <z_thread_monitor_exit>
		 * handle for any threads spinning in join() (this can
		 * never be used, as our thread is flagged dead, but
		 * it must not be NULL otherwise join can deadlock).
		 * Use 1 as a clearly invalid but non-NULL value.
		 */
		if (dummify && !IS_ENABLED(CONFIG_ARCH_POSIX)) {
 800247a:	f1b9 0f00 	cmp.w	r9, #0
 800247e:	d13b      	bne.n	80024f8 <thread_halt_spin+0xe4>
 8002480:	f384 8811 	msr	BASEPRI, r4
 8002484:	f3bf 8f6f 	isb	sy
	while (z_is_thread_halting(thread)) {
 8002488:	e047      	b.n	800251a <thread_halt_spin+0x106>
		halt_thread(_current,
 800248a:	2710      	movs	r7, #16
 800248c:	e7d0      	b.n	8002430 <thread_halt_spin+0x1c>
	thread->base.thread_state &= ~_THREAD_QUEUED;
 800248e:	f003 037f 	and.w	r3, r3, #127	@ 0x7f
 8002492:	7433      	strb	r3, [r6, #16]
	sys_dnode_t *const prev = node->prev;
 8002494:	6872      	ldr	r2, [r6, #4]
	sys_dnode_t *const next = node->next;
 8002496:	6833      	ldr	r3, [r6, #0]
	prev->next = next;
 8002498:	6013      	str	r3, [r2, #0]
	next->prev = prev;
 800249a:	605a      	str	r2, [r3, #4]
	node->next = NULL;
 800249c:	2300      	movs	r3, #0
 800249e:	6033      	str	r3, [r6, #0]
	node->prev = NULL;
 80024a0:	6073      	str	r3, [r6, #4]
}
 80024a2:	e7cc      	b.n	800243e <thread_halt_spin+0x2a>
			if (thread->base.pended_on != NULL) {
 80024a4:	68b3      	ldr	r3, [r6, #8]
 80024a6:	b15b      	cbz	r3, 80024c0 <thread_halt_spin+0xac>
	sys_dnode_t *const prev = node->prev;
 80024a8:	6872      	ldr	r2, [r6, #4]
	sys_dnode_t *const next = node->next;
 80024aa:	6833      	ldr	r3, [r6, #0]
	prev->next = next;
 80024ac:	6013      	str	r3, [r2, #0]
	next->prev = prev;
 80024ae:	605a      	str	r2, [r3, #4]
	node->next = NULL;
 80024b0:	2300      	movs	r3, #0
 80024b2:	6033      	str	r3, [r6, #0]
	node->prev = NULL;
 80024b4:	6073      	str	r3, [r6, #4]
	thread->base.thread_state &= ~_THREAD_PENDING;
 80024b6:	7c32      	ldrb	r2, [r6, #16]
 80024b8:	f022 0202 	bic.w	r2, r2, #2
 80024bc:	7432      	strb	r2, [r6, #16]

static inline void unpend_thread_no_timeout(struct k_thread *thread)
{
	_priq_wait_remove(&pended_on_thread(thread)->waitq, thread);
	z_mark_thread_as_not_pending(thread);
	thread->base.pended_on = NULL;
 80024be:	60b3      	str	r3, [r6, #8]
}

static inline void z_abort_thread_timeout(struct k_thread *thread)
{
	z_abort_timeout(&thread->base.timeout);
 80024c0:	f106 0018 	add.w	r0, r6, #24
 80024c4:	f002 fbbc 	bl	8004c40 <z_abort_timeout>
			unpend_all(&thread->join_queue);
 80024c8:	f106 0058 	add.w	r0, r6, #88	@ 0x58
 80024cc:	f002 fb13 	bl	8004af6 <unpend_all>
			if (thread == _current && arch_is_in_isr()) {
 80024d0:	4b15      	ldr	r3, [pc, #84]	@ (8002528 <thread_halt_spin+0x114>)
 80024d2:	689b      	ldr	r3, [r3, #8]
 80024d4:	429e      	cmp	r6, r3
 80024d6:	d002      	beq.n	80024de <thread_halt_spin+0xca>
	bool dummify = false;
 80024d8:	f04f 0900 	mov.w	r9, #0
 80024dc:	e7b3      	b.n	8002446 <thread_halt_spin+0x32>
  __ASM volatile ("MRS %0, ipsr" : "=r" (result) );
 80024de:	f3ef 8305 	mrs	r3, IPSR
			if (thread == _current && arch_is_in_isr()) {
 80024e2:	b913      	cbnz	r3, 80024ea <thread_halt_spin+0xd6>
	bool dummify = false;
 80024e4:	f04f 0900 	mov.w	r9, #0
 80024e8:	e7ad      	b.n	8002446 <thread_halt_spin+0x32>
				dummify = true;
 80024ea:	f04f 0901 	mov.w	r9, #1
 80024ee:	e7aa      	b.n	8002446 <thread_halt_spin+0x32>
	return (thread != NULL) ? thread : _current_cpu->idle_thread;
 80024f0:	4b0d      	ldr	r3, [pc, #52]	@ (8002528 <thread_halt_spin+0x114>)
 80024f2:	f8d3 800c 	ldr.w	r8, [r3, #12]
 80024f6:	e7ae      	b.n	8002456 <thread_halt_spin+0x42>
#ifdef CONFIG_USE_SWITCH
			_current->switch_handle = (void *)1;
#endif
			z_dummy_thread_init(&_thread_dummy);
 80024f8:	480c      	ldr	r0, [pc, #48]	@ (800252c <thread_halt_spin+0x118>)
 80024fa:	f7ff febb 	bl	8002274 <z_dummy_thread_init>
 80024fe:	e7bf      	b.n	8002480 <thread_halt_spin+0x6c>
  __ASM volatile ("MRS %0, basepri" : "=r" (result) );
 8002500:	f3ef 8411 	mrs	r4, BASEPRI
  __ASM volatile ("MSR basepri_max, %0" : : "r" (basePri) : "memory");
 8002504:	2310      	movs	r3, #16
 8002506:	f383 8812 	msr	BASEPRI_MAX, r3
 800250a:	f3bf 8f6f 	isb	sy
		arch_spin_relax(); /* Requires interrupts be masked */
 800250e:	f002 fa8d 	bl	8004a2c <arch_spin_relax>
  __ASM volatile ("MSR basepri, %0" : : "r" (basePri) : "memory");
 8002512:	f384 8811 	msr	BASEPRI, r4
 8002516:	f3bf 8f6f 	isb	sy
	return (thread->base.thread_state &
 800251a:	7c2b      	ldrb	r3, [r5, #16]
	while (z_is_thread_halting(thread)) {
 800251c:	f013 0f60 	tst.w	r3, #96	@ 0x60
 8002520:	d1ee      	bne.n	8002500 <thread_halt_spin+0xec>
}
 8002522:	e8bd 83f8 	ldmia.w	sp!, {r3, r4, r5, r6, r7, r8, r9, pc}
 8002526:	bf00      	nop
 8002528:	200003d0 	.word	0x200003d0
 800252c:	200001d8 	.word	0x200001d8

08002530 <move_current_to_end_of_prio_q>:
{
 8002530:	b510      	push	{r4, lr}
	n = sys_dlist_peek_next_no_check(pq, &_current->base.qnode_dlist);
 8002532:	4b20      	ldr	r3, [pc, #128]	@ (80025b4 <move_current_to_end_of_prio_q+0x84>)
 8002534:	689a      	ldr	r2, [r3, #8]
	return (node == list->tail) ? NULL : node->next;
 8002536:	69db      	ldr	r3, [r3, #28]
 8002538:	429a      	cmp	r2, r3
 800253a:	d005      	beq.n	8002548 <move_current_to_end_of_prio_q+0x18>
 800253c:	6813      	ldr	r3, [r2, #0]
	sys_dnode_t *const prev = node->prev;
 800253e:	6851      	ldr	r1, [r2, #4]
	sys_dnode_t *const next = node->next;
 8002540:	6812      	ldr	r2, [r2, #0]
	prev->next = next;
 8002542:	600a      	str	r2, [r1, #0]
	next->prev = prev;
 8002544:	6051      	str	r1, [r2, #4]
}
 8002546:	e006      	b.n	8002556 <move_current_to_end_of_prio_q+0x26>
	return (node == list->tail) ? NULL : node->next;
 8002548:	2300      	movs	r3, #0
 800254a:	e7f8      	b.n	800253e <move_current_to_end_of_prio_q+0xe>
 800254c:	4a19      	ldr	r2, [pc, #100]	@ (80025b4 <move_current_to_end_of_prio_q+0x84>)
 800254e:	69d2      	ldr	r2, [r2, #28]
 8002550:	4293      	cmp	r3, r2
 8002552:	d012      	beq.n	800257a <move_current_to_end_of_prio_q+0x4a>
 8002554:	681b      	ldr	r3, [r3, #0]
	while (n != NULL) {
 8002556:	b183      	cbz	r3, 800257a <move_current_to_end_of_prio_q+0x4a>
		if (z_sched_prio_cmp(_current, t) > 0) {
 8002558:	4a16      	ldr	r2, [pc, #88]	@ (80025b4 <move_current_to_end_of_prio_q+0x84>)
 800255a:	6890      	ldr	r0, [r2, #8]
	int32_t b1 = thread_1->base.prio;
 800255c:	f990 100e 	ldrsb.w	r1, [r0, #14]
	int32_t b2 = thread_2->base.prio;
 8002560:	f993 200e 	ldrsb.w	r2, [r3, #14]
	if (b1 != b2) {
 8002564:	4291      	cmp	r1, r2
 8002566:	d0f1      	beq.n	800254c <move_current_to_end_of_prio_q+0x1c>
		return b2 - b1;
 8002568:	1a52      	subs	r2, r2, r1
		if (z_sched_prio_cmp(_current, t) > 0) {
 800256a:	2a00      	cmp	r2, #0
 800256c:	ddee      	ble.n	800254c <move_current_to_end_of_prio_q+0x1c>
	sys_dnode_t *const prev = successor->prev;
 800256e:	685a      	ldr	r2, [r3, #4]
	node->prev = prev;
 8002570:	6042      	str	r2, [r0, #4]
	node->next = successor;
 8002572:	6003      	str	r3, [r0, #0]
	prev->next = node;
 8002574:	6010      	str	r0, [r2, #0]
	successor->prev = node;
 8002576:	6058      	str	r0, [r3, #4]
			return;
 8002578:	e008      	b.n	800258c <move_current_to_end_of_prio_q+0x5c>
	sys_dlist_append(pq, &_current->base.qnode_dlist);
 800257a:	4b0e      	ldr	r3, [pc, #56]	@ (80025b4 <move_current_to_end_of_prio_q+0x84>)
 800257c:	689a      	ldr	r2, [r3, #8]
	sys_dnode_t *const tail = list->tail;
 800257e:	69d9      	ldr	r1, [r3, #28]
	node->next = list;
 8002580:	f103 0018 	add.w	r0, r3, #24
 8002584:	6010      	str	r0, [r2, #0]
	node->prev = tail;
 8002586:	6051      	str	r1, [r2, #4]
	tail->next = node;
 8002588:	600a      	str	r2, [r1, #0]
	list->tail = node;
 800258a:	61da      	str	r2, [r3, #28]
	return list->head == list;
 800258c:	4b09      	ldr	r3, [pc, #36]	@ (80025b4 <move_current_to_end_of_prio_q+0x84>)
 800258e:	f853 4f18 	ldr.w	r4, [r3, #24]!
	return sys_dlist_is_empty(list) ? NULL : list->head;
 8002592:	429c      	cmp	r4, r3
 8002594:	d00a      	beq.n	80025ac <move_current_to_end_of_prio_q+0x7c>
	if (n != NULL) {
 8002596:	b14c      	cbz	r4, 80025ac <move_current_to_end_of_prio_q+0x7c>
		if (thread != _current) {
 8002598:	4b06      	ldr	r3, [pc, #24]	@ (80025b4 <move_current_to_end_of_prio_q+0x84>)
 800259a:	689b      	ldr	r3, [r3, #8]
 800259c:	429c      	cmp	r4, r3
 800259e:	d002      	beq.n	80025a6 <move_current_to_end_of_prio_q+0x76>
			z_reset_time_slice(thread);
 80025a0:	4620      	mov	r0, r4
 80025a2:	f000 fa35 	bl	8002a10 <z_reset_time_slice>
		_kernel.ready_q.cache = thread;
 80025a6:	4b03      	ldr	r3, [pc, #12]	@ (80025b4 <move_current_to_end_of_prio_q+0x84>)
 80025a8:	615c      	str	r4, [r3, #20]
}
 80025aa:	bd10      	pop	{r4, pc}
	return (thread != NULL) ? thread : _current_cpu->idle_thread;
 80025ac:	4b01      	ldr	r3, [pc, #4]	@ (80025b4 <move_current_to_end_of_prio_q+0x84>)
 80025ae:	68dc      	ldr	r4, [r3, #12]
 80025b0:	e7f2      	b.n	8002598 <move_current_to_end_of_prio_q+0x68>
 80025b2:	bf00      	nop
 80025b4:	200003d0 	.word	0x200003d0

080025b8 <k_sched_lock>:
	K_SPINLOCK(&_sched_spinlock) {
 80025b8:	2300      	movs	r3, #0
  __ASM volatile ("MRS %0, basepri" : "=r" (result) );
 80025ba:	f3ef 8111 	mrs	r1, BASEPRI
  __ASM volatile ("MSR basepri_max, %0" : : "r" (basePri) : "memory");
 80025be:	2210      	movs	r2, #16
 80025c0:	f382 8812 	msr	BASEPRI_MAX, r2
 80025c4:	f3bf 8f6f 	isb	sy
	}
#endif /* CONFIG_TICKET_SPINLOCKS */
#endif /* CONFIG_SMP */
	z_spinlock_validate_post(l);

	return k;
 80025c8:	e009      	b.n	80025de <k_sched_lock+0x26>
		--_current->base.sched_locked;
 80025ca:	4b06      	ldr	r3, [pc, #24]	@ (80025e4 <k_sched_lock+0x2c>)
 80025cc:	689a      	ldr	r2, [r3, #8]
 80025ce:	7bd3      	ldrb	r3, [r2, #15]
 80025d0:	3b01      	subs	r3, #1
 80025d2:	73d3      	strb	r3, [r2, #15]
  __ASM volatile ("MSR basepri, %0" : : "r" (basePri) : "memory");
 80025d4:	f381 8811 	msr	BASEPRI, r1
 80025d8:	f3bf 8f6f 	isb	sy
	K_SPINLOCK(&_sched_spinlock) {
 80025dc:	2301      	movs	r3, #1
 80025de:	2b00      	cmp	r3, #0
 80025e0:	d0f3      	beq.n	80025ca <k_sched_lock+0x12>
}
 80025e2:	4770      	bx	lr
 80025e4:	200003d0 	.word	0x200003d0

080025e8 <k_sched_unlock>:
{
 80025e8:	b538      	push	{r3, r4, r5, lr}
  __ASM volatile ("MRS %0, basepri" : "=r" (result) );
 80025ea:	f3ef 8511 	mrs	r5, BASEPRI
  __ASM volatile ("MSR basepri_max, %0" : : "r" (basePri) : "memory");
 80025ee:	2310      	movs	r3, #16
 80025f0:	f383 8812 	msr	BASEPRI_MAX, r3
 80025f4:	f3bf 8f6f 	isb	sy
	++_current->base.sched_locked;
 80025f8:	4b12      	ldr	r3, [pc, #72]	@ (8002644 <k_sched_unlock+0x5c>)
 80025fa:	689a      	ldr	r2, [r3, #8]
 80025fc:	7bd1      	ldrb	r1, [r2, #15]
 80025fe:	3101      	adds	r1, #1
 8002600:	73d1      	strb	r1, [r2, #15]
	return list->head == list;
 8002602:	f853 4f18 	ldr.w	r4, [r3, #24]!
	return sys_dlist_is_empty(list) ? NULL : list->head;
 8002606:	429c      	cmp	r4, r3
 8002608:	d015      	beq.n	8002636 <k_sched_unlock+0x4e>
 800260a:	b1a4      	cbz	r4, 8002636 <k_sched_unlock+0x4e>
	uint8_t state = thread->base.thread_state;
 800260c:	7c13      	ldrb	r3, [r2, #16]
	if (z_is_thread_prevented_from_running(_current)) {
 800260e:	f013 0f1f 	tst.w	r3, #31
 8002612:	d104      	bne.n	800261e <k_sched_unlock+0x36>
	return thread->base.preempt <= _PREEMPT_THRESHOLD;
 8002614:	89d3      	ldrh	r3, [r2, #14]
	if (thread_is_preemptible(_current) || thread_is_metairq(thread)) {
 8002616:	2b7f      	cmp	r3, #127	@ 0x7f
 8002618:	d901      	bls.n	800261e <k_sched_unlock+0x36>
	return node->next != NULL;
 800261a:	69a3      	ldr	r3, [r4, #24]
	if (IS_ENABLED(CONFIG_SWAP_NONATOMIC)
 800261c:	b173      	cbz	r3, 800263c <k_sched_unlock+0x54>
		if (thread != _current) {
 800261e:	4294      	cmp	r4, r2
 8002620:	d002      	beq.n	8002628 <k_sched_unlock+0x40>
			z_reset_time_slice(thread);
 8002622:	4620      	mov	r0, r4
 8002624:	f000 f9f4 	bl	8002a10 <z_reset_time_slice>
		_kernel.ready_q.cache = thread;
 8002628:	4b06      	ldr	r3, [pc, #24]	@ (8002644 <k_sched_unlock+0x5c>)
 800262a:	615c      	str	r4, [r3, #20]
	reschedule(&_sched_spinlock, key);
 800262c:	4629      	mov	r1, r5
 800262e:	4806      	ldr	r0, [pc, #24]	@ (8002648 <k_sched_unlock+0x60>)
 8002630:	f7ff fe4a 	bl	80022c8 <reschedule>
}
 8002634:	bd38      	pop	{r3, r4, r5, pc}
	return (thread != NULL) ? thread : _current_cpu->idle_thread;
 8002636:	4b03      	ldr	r3, [pc, #12]	@ (8002644 <k_sched_unlock+0x5c>)
 8002638:	68dc      	ldr	r4, [r3, #12]
 800263a:	e7e7      	b.n	800260c <k_sched_unlock+0x24>
		_kernel.ready_q.cache = _current;
 800263c:	4b01      	ldr	r3, [pc, #4]	@ (8002644 <k_sched_unlock+0x5c>)
 800263e:	615a      	str	r2, [r3, #20]
 8002640:	e7f4      	b.n	800262c <k_sched_unlock+0x44>
 8002642:	bf00      	nop
 8002644:	200003d0 	.word	0x200003d0
 8002648:	200003f4 	.word	0x200003f4

0800264c <z_sched_init>:
{
 800264c:	b508      	push	{r3, lr}
	init_ready_q(&_kernel.ready_q);
 800264e:	4802      	ldr	r0, [pc, #8]	@ (8002658 <z_sched_init+0xc>)
 8002650:	f002 fac0 	bl	8004bd4 <init_ready_q>
}
 8002654:	bd08      	pop	{r3, pc}
 8002656:	bf00      	nop
 8002658:	200003e4 	.word	0x200003e4

0800265c <z_impl_k_yield>:
{
 800265c:	b538      	push	{r3, r4, r5, lr}
  __ASM volatile ("MRS %0, basepri" : "=r" (result) );
 800265e:	f3ef 8411 	mrs	r4, BASEPRI
  __ASM volatile ("MSR basepri_max, %0" : : "r" (basePri) : "memory");
 8002662:	2310      	movs	r3, #16
 8002664:	f383 8812 	msr	BASEPRI_MAX, r3
 8002668:	f3bf 8f6f 	isb	sy
	n = sys_dlist_peek_next_no_check(pq, &_current->base.qnode_dlist);
 800266c:	4b21      	ldr	r3, [pc, #132]	@ (80026f4 <z_impl_k_yield+0x98>)
 800266e:	689a      	ldr	r2, [r3, #8]
	return (node == list->tail) ? NULL : node->next;
 8002670:	69db      	ldr	r3, [r3, #28]
 8002672:	429a      	cmp	r2, r3
 8002674:	d005      	beq.n	8002682 <z_impl_k_yield+0x26>
 8002676:	6813      	ldr	r3, [r2, #0]
	sys_dnode_t *const prev = node->prev;
 8002678:	6851      	ldr	r1, [r2, #4]
	sys_dnode_t *const next = node->next;
 800267a:	6812      	ldr	r2, [r2, #0]
	prev->next = next;
 800267c:	600a      	str	r2, [r1, #0]
	next->prev = prev;
 800267e:	6051      	str	r1, [r2, #4]
}
 8002680:	e006      	b.n	8002690 <z_impl_k_yield+0x34>
	return (node == list->tail) ? NULL : node->next;
 8002682:	2300      	movs	r3, #0
 8002684:	e7f8      	b.n	8002678 <z_impl_k_yield+0x1c>
 8002686:	4a1b      	ldr	r2, [pc, #108]	@ (80026f4 <z_impl_k_yield+0x98>)
 8002688:	69d2      	ldr	r2, [r2, #28]
 800268a:	4293      	cmp	r3, r2
 800268c:	d012      	beq.n	80026b4 <z_impl_k_yield+0x58>
 800268e:	681b      	ldr	r3, [r3, #0]
	while (n != NULL) {
 8002690:	b183      	cbz	r3, 80026b4 <z_impl_k_yield+0x58>
		if (z_sched_prio_cmp(_current, t) > 0) {
 8002692:	4a18      	ldr	r2, [pc, #96]	@ (80026f4 <z_impl_k_yield+0x98>)
 8002694:	6890      	ldr	r0, [r2, #8]
	int32_t b1 = thread_1->base.prio;
 8002696:	f990 100e 	ldrsb.w	r1, [r0, #14]
	int32_t b2 = thread_2->base.prio;
 800269a:	f993 200e 	ldrsb.w	r2, [r3, #14]
	if (b1 != b2) {
 800269e:	4291      	cmp	r1, r2
 80026a0:	d0f1      	beq.n	8002686 <z_impl_k_yield+0x2a>
		return b2 - b1;
 80026a2:	1a52      	subs	r2, r2, r1
		if (z_sched_prio_cmp(_current, t) > 0) {
 80026a4:	2a00      	cmp	r2, #0
 80026a6:	ddee      	ble.n	8002686 <z_impl_k_yield+0x2a>
	sys_dnode_t *const prev = successor->prev;
 80026a8:	685a      	ldr	r2, [r3, #4]
	node->prev = prev;
 80026aa:	6042      	str	r2, [r0, #4]
	node->next = successor;
 80026ac:	6003      	str	r3, [r0, #0]
	prev->next = node;
 80026ae:	6010      	str	r0, [r2, #0]
	successor->prev = node;
 80026b0:	6058      	str	r0, [r3, #4]
			return;
 80026b2:	e008      	b.n	80026c6 <z_impl_k_yield+0x6a>
	sys_dlist_append(pq, &_current->base.qnode_dlist);
 80026b4:	4b0f      	ldr	r3, [pc, #60]	@ (80026f4 <z_impl_k_yield+0x98>)
 80026b6:	689a      	ldr	r2, [r3, #8]
	sys_dnode_t *const tail = list->tail;
 80026b8:	69d9      	ldr	r1, [r3, #28]
	node->next = list;
 80026ba:	f103 0018 	add.w	r0, r3, #24
 80026be:	6010      	str	r0, [r2, #0]
	node->prev = tail;
 80026c0:	6051      	str	r1, [r2, #4]
	tail->next = node;
 80026c2:	600a      	str	r2, [r1, #0]
	list->tail = node;
 80026c4:	61da      	str	r2, [r3, #28]
	return list->head == list;
 80026c6:	4b0b      	ldr	r3, [pc, #44]	@ (80026f4 <z_impl_k_yield+0x98>)
 80026c8:	f853 5f18 	ldr.w	r5, [r3, #24]!
	return sys_dlist_is_empty(list) ? NULL : list->head;
 80026cc:	429d      	cmp	r5, r3
 80026ce:	d00d      	beq.n	80026ec <z_impl_k_yield+0x90>
	if (n != NULL) {
 80026d0:	b165      	cbz	r5, 80026ec <z_impl_k_yield+0x90>
		if (thread != _current) {
 80026d2:	4b08      	ldr	r3, [pc, #32]	@ (80026f4 <z_impl_k_yield+0x98>)
 80026d4:	689b      	ldr	r3, [r3, #8]
 80026d6:	429d      	cmp	r5, r3
 80026d8:	d002      	beq.n	80026e0 <z_impl_k_yield+0x84>
			z_reset_time_slice(thread);
 80026da:	4628      	mov	r0, r5
 80026dc:	f000 f998 	bl	8002a10 <z_reset_time_slice>
		_kernel.ready_q.cache = thread;
 80026e0:	4b04      	ldr	r3, [pc, #16]	@ (80026f4 <z_impl_k_yield+0x98>)
 80026e2:	615d      	str	r5, [r3, #20]
 80026e4:	4620      	mov	r0, r4
 80026e6:	f7ff fdd5 	bl	8002294 <z_swap_irqlock>
}
 80026ea:	bd38      	pop	{r3, r4, r5, pc}
	return (thread != NULL) ? thread : _current_cpu->idle_thread;
 80026ec:	4b01      	ldr	r3, [pc, #4]	@ (80026f4 <z_impl_k_yield+0x98>)
 80026ee:	68dd      	ldr	r5, [r3, #12]
 80026f0:	e7ef      	b.n	80026d2 <z_impl_k_yield+0x76>
 80026f2:	bf00      	nop
 80026f4:	200003d0 	.word	0x200003d0

080026f8 <z_tick_sleep>:
{
 80026f8:	b5f8      	push	{r3, r4, r5, r6, r7, lr}
	if (K_TIMEOUT_EQ(timeout, K_NO_WAIT)) {
 80026fa:	ea51 0300 	orrs.w	r3, r1, r0
 80026fe:	d028      	beq.n	8002752 <z_tick_sleep+0x5a>
 8002700:	4605      	mov	r5, r0
 8002702:	460c      	mov	r4, r1
  __ASM volatile ("MRS %0, basepri" : "=r" (result) );
 8002704:	f3ef 8711 	mrs	r7, BASEPRI
  __ASM volatile ("MSR basepri_max, %0" : : "r" (basePri) : "memory");
 8002708:	2310      	movs	r3, #16
 800270a:	f383 8812 	msr	BASEPRI_MAX, r3
 800270e:	f3bf 8f6f 	isb	sy
	pending_current = _current;
 8002712:	4e15      	ldr	r6, [pc, #84]	@ (8002768 <z_tick_sleep+0x70>)
 8002714:	68b0      	ldr	r0, [r6, #8]
 8002716:	4b15      	ldr	r3, [pc, #84]	@ (800276c <z_tick_sleep+0x74>)
 8002718:	6018      	str	r0, [r3, #0]
	unready_thread(_current);
 800271a:	f7ff fe47 	bl	80023ac <unready_thread>
	expected_wakeup_ticks = (uint32_t)z_add_thread_timeout(_current, timeout);
 800271e:	68b0      	ldr	r0, [r6, #8]
	return z_add_timeout(&thread->base.timeout, z_thread_timeout, ticks);
 8002720:	462a      	mov	r2, r5
 8002722:	4623      	mov	r3, r4
 8002724:	4912      	ldr	r1, [pc, #72]	@ (8002770 <z_tick_sleep+0x78>)
 8002726:	3018      	adds	r0, #24
 8002728:	f000 fa0c 	bl	8002b44 <z_add_timeout>
 800272c:	4604      	mov	r4, r0
	z_mark_thread_as_sleeping(_current);
 800272e:	68b2      	ldr	r2, [r6, #8]
	thread->base.thread_state |= _THREAD_SLEEPING;
 8002730:	7c13      	ldrb	r3, [r2, #16]
 8002732:	f043 0304 	orr.w	r3, r3, #4
 8002736:	7413      	strb	r3, [r2, #16]
 8002738:	4638      	mov	r0, r7
 800273a:	f7ff fdab 	bl	8002294 <z_swap_irqlock>
	if (!z_is_aborted_thread_timeout(_current)) {
 800273e:	68b3      	ldr	r3, [r6, #8]
	return to->dticks == TIMEOUT_DTICKS_ABORTED;
 8002740:	6a9a      	ldr	r2, [r3, #40]	@ 0x28
 8002742:	6adb      	ldr	r3, [r3, #44]	@ 0x2c
 8002744:	f1b3 4f00 	cmp.w	r3, #2147483648	@ 0x80000000
 8002748:	bf08      	it	eq
 800274a:	2a00      	cmpeq	r2, #0
 800274c:	d005      	beq.n	800275a <z_tick_sleep+0x62>
		return 0;
 800274e:	2000      	movs	r0, #0
}
 8002750:	bdf8      	pop	{r3, r4, r5, r6, r7, pc}
	z_impl_k_yield();
 8002752:	f7ff ff83 	bl	800265c <z_impl_k_yield>
		return 0;
 8002756:	2000      	movs	r0, #0
 8002758:	e7fa      	b.n	8002750 <z_tick_sleep+0x58>
	uint32_t left_ticks = expected_wakeup_ticks - sys_clock_tick_get_32();
 800275a:	f002 fab0 	bl	8004cbe <sys_clock_tick_get_32>
 800275e:	1a20      	subs	r0, r4, r0
	if (signed_left > 0) {
 8002760:	2800      	cmp	r0, #0
 8002762:	dcf5      	bgt.n	8002750 <z_tick_sleep+0x58>
	return 0;
 8002764:	2000      	movs	r0, #0
 8002766:	e7f3      	b.n	8002750 <z_tick_sleep+0x58>
 8002768:	200003d0 	.word	0x200003d0
 800276c:	200003f4 	.word	0x200003f4
 8002770:	08004ba7 	.word	0x08004ba7

08002774 <z_impl_k_sleep>:
{
 8002774:	b538      	push	{r3, r4, r5, lr}
 8002776:	4604      	mov	r4, r0
 8002778:	460d      	mov	r5, r1
	ticks = z_tick_sleep(timeout);
 800277a:	f7ff ffbd 	bl	80026f8 <z_tick_sleep>
 800277e:	4603      	mov	r3, r0
	int64_t ms = K_TIMEOUT_EQ(timeout, K_FOREVER) ? K_TICKS_FOREVER :
 8002780:	4620      	mov	r0, r4
 8002782:	f1b5 3fff 	cmp.w	r5, #4294967295
 8002786:	bf08      	it	eq
 8002788:	f1b4 3fff 	cmpeq.w	r4, #4294967295
 800278c:	d028      	beq.n	80027e0 <z_impl_k_sleep+0x6c>
		clamp(k_ticks_to_ms_ceil64(ticks), 0, INT_MAX);
 800278e:	17da      	asrs	r2, r3, #31
 8002790:	f113 0009 	adds.w	r0, r3, #9
 8002794:	f142 0300 	adc.w	r3, r2, #0
 8002798:	2100      	movs	r1, #0
 800279a:	18c2      	adds	r2, r0, r3
 800279c:	d221      	bcs.n	80027e2 <z_impl_k_sleep+0x6e>
 800279e:	440a      	add	r2, r1
 80027a0:	4911      	ldr	r1, [pc, #68]	@ (80027e8 <z_impl_k_sleep+0x74>)
 80027a2:	fba1 4502 	umull	r4, r5, r1, r2
 80027a6:	f025 0403 	bic.w	r4, r5, #3
 80027aa:	eb04 0495 	add.w	r4, r4, r5, lsr #2
 80027ae:	1b12      	subs	r2, r2, r4
 80027b0:	1a80      	subs	r0, r0, r2
 80027b2:	f163 0300 	sbc.w	r3, r3, #0
 80027b6:	f04f 32cc 	mov.w	r2, #3435973836	@ 0xcccccccc
 80027ba:	fb00 f202 	mul.w	r2, r0, r2
 80027be:	fb01 2203 	mla	r2, r1, r3, r2
 80027c2:	fba0 0101 	umull	r0, r1, r0, r1
 80027c6:	440a      	add	r2, r1
 80027c8:	0843      	lsrs	r3, r0, #1
 80027ca:	ea43 73c2 	orr.w	r3, r3, r2, lsl #31
 80027ce:	0852      	lsrs	r2, r2, #1
 80027d0:	4618      	mov	r0, r3
 80027d2:	f1b3 4f00 	cmp.w	r3, #2147483648	@ 0x80000000
 80027d6:	f172 0200 	sbcs.w	r2, r2, #0
 80027da:	d301      	bcc.n	80027e0 <z_impl_k_sleep+0x6c>
 80027dc:	f06f 4000 	mvn.w	r0, #2147483648	@ 0x80000000
}
 80027e0:	bd38      	pop	{r3, r4, r5, pc}
		clamp(k_ticks_to_ms_ceil64(ticks), 0, INT_MAX);
 80027e2:	2101      	movs	r1, #1
 80027e4:	e7db      	b.n	800279e <z_impl_k_sleep+0x2a>
 80027e6:	bf00      	nop
 80027e8:	cccccccd 	.word	0xcccccccd

080027ec <z_impl_k_wakeup>:
{
 80027ec:	b538      	push	{r3, r4, r5, lr}
  __ASM volatile ("MRS %0, basepri" : "=r" (result) );
 80027ee:	f3ef 8511 	mrs	r5, BASEPRI
  __ASM volatile ("MSR basepri_max, %0" : : "r" (basePri) : "memory");
 80027f2:	2310      	movs	r3, #16
 80027f4:	f383 8812 	msr	BASEPRI_MAX, r3
 80027f8:	f3bf 8f6f 	isb	sy
	return (thread->base.thread_state & _THREAD_SLEEPING) != 0U;
 80027fc:	7c03      	ldrb	r3, [r0, #16]
	if (z_is_thread_sleeping(thread)) {
 80027fe:	f013 0f04 	tst.w	r3, #4
 8002802:	d104      	bne.n	800280e <z_impl_k_wakeup+0x22>
  __ASM volatile ("MSR basepri, %0" : : "r" (basePri) : "memory");
 8002804:	f385 8811 	msr	BASEPRI, r5
 8002808:	f3bf 8f6f 	isb	sy
}
 800280c:	bd38      	pop	{r3, r4, r5, pc}
 800280e:	4604      	mov	r4, r0
	z_abort_timeout(&thread->base.timeout);
 8002810:	3018      	adds	r0, #24
 8002812:	f002 fa15 	bl	8004c40 <z_abort_timeout>
	thread->base.thread_state &= ~_THREAD_SLEEPING;
 8002816:	7c23      	ldrb	r3, [r4, #16]
 8002818:	f023 0304 	bic.w	r3, r3, #4
 800281c:	7423      	strb	r3, [r4, #16]
		ready_thread(thread);
 800281e:	4620      	mov	r0, r4
 8002820:	f7ff fd6c 	bl	80022fc <ready_thread>
		reschedule(&_sched_spinlock, key);
 8002824:	4629      	mov	r1, r5
 8002826:	4802      	ldr	r0, [pc, #8]	@ (8002830 <z_impl_k_wakeup+0x44>)
 8002828:	f7ff fd4e 	bl	80022c8 <reschedule>
 800282c:	e7ee      	b.n	800280c <z_impl_k_wakeup+0x20>
 800282e:	bf00      	nop
 8002830:	200003f4 	.word	0x200003f4

08002834 <z_impl_k_sched_current_thread_query>:
}
 8002834:	4b01      	ldr	r3, [pc, #4]	@ (800283c <z_impl_k_sched_current_thread_query+0x8>)
 8002836:	6898      	ldr	r0, [r3, #8]
 8002838:	4770      	bx	lr
 800283a:	bf00      	nop
 800283c:	200003d0 	.word	0x200003d0

08002840 <z_thread_abort>:
#ifdef IAR_SUPPRESS_ALWAYS_INLINE_WARNING_FLAG
TOOLCHAIN_ENABLE_WARNING(TOOLCHAIN_WARNING_ALWAYS_INLINE)
#endif

void z_thread_abort(struct k_thread *thread)
{
 8002840:	e92d 43f8 	stmdb	sp!, {r3, r4, r5, r6, r7, r8, r9, lr}
	return (thread->base.user_options & K_ESSENTIAL) == K_ESSENTIAL;
 8002844:	8983      	ldrh	r3, [r0, #12]
 8002846:	f003 0701 	and.w	r7, r3, #1
  __ASM volatile ("MRS %0, basepri" : "=r" (result) );
 800284a:	f3ef 8611 	mrs	r6, BASEPRI
  __ASM volatile ("MSR basepri_max, %0" : : "r" (basePri) : "memory");
 800284e:	2310      	movs	r3, #16
 8002850:	f383 8812 	msr	BASEPRI_MAX, r3
 8002854:	f3bf 8f6f 	isb	sy
	return (thread->base.thread_state & _THREAD_DEAD) != 0U;
 8002858:	7c05      	ldrb	r5, [r0, #16]
	bool essential = z_is_thread_essential(thread);
	k_spinlock_key_t key = k_spin_lock(&_sched_spinlock);

	if (z_is_thread_dead(thread)) {
 800285a:	f015 0f08 	tst.w	r5, #8
 800285e:	d11a      	bne.n	8002896 <z_thread_abort+0x56>
 8002860:	4604      	mov	r4, r0
		k_spin_unlock(&_sched_spinlock, key);
		return;
	}

	z_thread_halt(thread, key, true);
 8002862:	46b1      	mov	r9, r6
	_wait_q_t *wq = &thread->join_queue;
 8002864:	f100 0858 	add.w	r8, r0, #88	@ 0x58
	struct _cpu *cpu = thread_active_elsewhere(thread);
 8002868:	f002 f913 	bl	8004a92 <thread_active_elsewhere>
	if (cpu != NULL) {
 800286c:	b310      	cbz	r0, 80028b4 <z_thread_abort+0x74>
		thread->base.thread_state |= (terminate ? _THREAD_ABORTING
 800286e:	f045 0520 	orr.w	r5, r5, #32
 8002872:	7425      	strb	r5, [r4, #16]
  __ASM volatile ("MRS %0, ipsr" : "=r" (result) );
 8002874:	f3ef 8305 	mrs	r3, IPSR
		if (arch_is_in_isr()) {
 8002878:	b19b      	cbz	r3, 80028a2 <z_thread_abort+0x62>
			thread_halt_spin(thread, key);
 800287a:	4631      	mov	r1, r6
 800287c:	4620      	mov	r0, r4
 800287e:	f7ff fdc9 	bl	8002414 <thread_halt_spin>

	if (essential) {
 8002882:	b167      	cbz	r7, 800289e <z_thread_abort+0x5e>
  __ASM volatile ("MSR basepri, %0" : : "r" (basePri) : "memory");
 8002884:	2300      	movs	r3, #0
 8002886:	f383 8811 	msr	BASEPRI, r3
 800288a:	f3bf 8f6f 	isb	sy
		__ASSERT(!essential, "aborted essential thread %p", thread);
		k_panic();
 800288e:	2304      	movs	r3, #4
 8002890:	4618      	mov	r0, r3
 8002892:	df02      	svc	2
 8002894:	e003      	b.n	800289e <z_thread_abort+0x5e>
 8002896:	f386 8811 	msr	BASEPRI, r6
 800289a:	f3bf 8f6f 	isb	sy
	}
}
 800289e:	e8bd 83f8 	ldmia.w	sp!, {r3, r4, r5, r6, r7, r8, r9, pc}
			add_to_waitq_locked(_current, wq);
 80028a2:	4641      	mov	r1, r8
 80028a4:	4b3f      	ldr	r3, [pc, #252]	@ (80029a4 <z_thread_abort+0x164>)
 80028a6:	6898      	ldr	r0, [r3, #8]
 80028a8:	f002 f8f5 	bl	8004a96 <add_to_waitq_locked>
 80028ac:	4630      	mov	r0, r6
 80028ae:	f7ff fcf1 	bl	8002294 <z_swap_irqlock>
 80028b2:	e7e6      	b.n	8002882 <z_thread_abort+0x42>
		thread->base.thread_state |= new_state;
 80028b4:	f045 0308 	orr.w	r3, r5, #8
 80028b8:	7423      	strb	r3, [r4, #16]
		if (z_is_thread_queued(thread)) {
 80028ba:	f013 0f80 	tst.w	r3, #128	@ 0x80
 80028be:	d136      	bne.n	800292e <z_thread_abort+0xee>
			if (thread->base.pended_on != NULL) {
 80028c0:	68a3      	ldr	r3, [r4, #8]
 80028c2:	b15b      	cbz	r3, 80028dc <z_thread_abort+0x9c>
	sys_dnode_t *const prev = node->prev;
 80028c4:	6862      	ldr	r2, [r4, #4]
	sys_dnode_t *const next = node->next;
 80028c6:	6823      	ldr	r3, [r4, #0]
	prev->next = next;
 80028c8:	6013      	str	r3, [r2, #0]
	next->prev = prev;
 80028ca:	605a      	str	r2, [r3, #4]
	node->next = NULL;
 80028cc:	2300      	movs	r3, #0
 80028ce:	6023      	str	r3, [r4, #0]
	node->prev = NULL;
 80028d0:	6063      	str	r3, [r4, #4]
	thread->base.thread_state &= ~_THREAD_PENDING;
 80028d2:	7c22      	ldrb	r2, [r4, #16]
 80028d4:	f022 0202 	bic.w	r2, r2, #2
 80028d8:	7422      	strb	r2, [r4, #16]
 80028da:	60a3      	str	r3, [r4, #8]
 80028dc:	f104 0018 	add.w	r0, r4, #24
 80028e0:	f002 f9ae 	bl	8004c40 <z_abort_timeout>
			unpend_all(&thread->join_queue);
 80028e4:	4640      	mov	r0, r8
 80028e6:	f002 f906 	bl	8004af6 <unpend_all>
			if (thread == _current && arch_is_in_isr()) {
 80028ea:	4b2e      	ldr	r3, [pc, #184]	@ (80029a4 <z_thread_abort+0x164>)
 80028ec:	689a      	ldr	r2, [r3, #8]
 80028ee:	4294      	cmp	r4, r2
 80028f0:	d02a      	beq.n	8002948 <z_thread_abort+0x108>
	bool dummify = false;
 80028f2:	2600      	movs	r6, #0
	return list->head == list;
 80028f4:	4b2b      	ldr	r3, [pc, #172]	@ (80029a4 <z_thread_abort+0x164>)
 80028f6:	f853 5f18 	ldr.w	r5, [r3, #24]!
	return sys_dlist_is_empty(list) ? NULL : list->head;
 80028fa:	429d      	cmp	r5, r3
 80028fc:	d02b      	beq.n	8002956 <z_thread_abort+0x116>
 80028fe:	b355      	cbz	r5, 8002956 <z_thread_abort+0x116>
		if (thread != _current) {
 8002900:	42aa      	cmp	r2, r5
 8002902:	d002      	beq.n	800290a <z_thread_abort+0xca>
			z_reset_time_slice(thread);
 8002904:	4628      	mov	r0, r5
 8002906:	f000 f883 	bl	8002a10 <z_reset_time_slice>
		_kernel.ready_q.cache = thread;
 800290a:	4b26      	ldr	r3, [pc, #152]	@ (80029a4 <z_thread_abort+0x164>)
 800290c:	615d      	str	r5, [r3, #20]
		arch_coprocessors_disable(thread);
 800290e:	4620      	mov	r0, r4
 8002910:	f001 fa2f 	bl	8003d72 <arch_coprocessors_disable>
		z_thread_monitor_exit(thread);
 8002914:	4620      	mov	r0, r4
 8002916:	f000 f8d5 	bl	8002ac4 <z_thread_monitor_exit>
		if (dummify && !IS_ENABLED(CONFIG_ARCH_POSIX)) {
 800291a:	b9fe      	cbnz	r6, 800295c <z_thread_abort+0x11c>
		if ((thread == _current) && !arch_is_in_isr()) {
 800291c:	4b21      	ldr	r3, [pc, #132]	@ (80029a4 <z_thread_abort+0x164>)
 800291e:	689b      	ldr	r3, [r3, #8]
 8002920:	429c      	cmp	r4, r3
 8002922:	d01f      	beq.n	8002964 <z_thread_abort+0x124>
 8002924:	f389 8811 	msr	BASEPRI, r9
 8002928:	f3bf 8f6f 	isb	sy
 800292c:	e7a9      	b.n	8002882 <z_thread_abort+0x42>
	thread->base.thread_state &= ~_THREAD_QUEUED;
 800292e:	f005 057f 	and.w	r5, r5, #127	@ 0x7f
 8002932:	f045 0508 	orr.w	r5, r5, #8
 8002936:	7425      	strb	r5, [r4, #16]
	sys_dnode_t *const prev = node->prev;
 8002938:	6862      	ldr	r2, [r4, #4]
	sys_dnode_t *const next = node->next;
 800293a:	6823      	ldr	r3, [r4, #0]
	prev->next = next;
 800293c:	6013      	str	r3, [r2, #0]
	next->prev = prev;
 800293e:	605a      	str	r2, [r3, #4]
	node->next = NULL;
 8002940:	2300      	movs	r3, #0
 8002942:	6023      	str	r3, [r4, #0]
	node->prev = NULL;
 8002944:	6063      	str	r3, [r4, #4]
}
 8002946:	e7bb      	b.n	80028c0 <z_thread_abort+0x80>
  __ASM volatile ("MRS %0, ipsr" : "=r" (result) );
 8002948:	f3ef 8305 	mrs	r3, IPSR
			if (thread == _current && arch_is_in_isr()) {
 800294c:	b90b      	cbnz	r3, 8002952 <z_thread_abort+0x112>
	bool dummify = false;
 800294e:	2600      	movs	r6, #0
 8002950:	e7d0      	b.n	80028f4 <z_thread_abort+0xb4>
				dummify = true;
 8002952:	2601      	movs	r6, #1
 8002954:	e7ce      	b.n	80028f4 <z_thread_abort+0xb4>
	return (thread != NULL) ? thread : _current_cpu->idle_thread;
 8002956:	4b13      	ldr	r3, [pc, #76]	@ (80029a4 <z_thread_abort+0x164>)
 8002958:	68dd      	ldr	r5, [r3, #12]
 800295a:	e7d1      	b.n	8002900 <z_thread_abort+0xc0>
			z_dummy_thread_init(&_thread_dummy);
 800295c:	4812      	ldr	r0, [pc, #72]	@ (80029a8 <z_thread_abort+0x168>)
 800295e:	f7ff fc89 	bl	8002274 <z_dummy_thread_init>
 8002962:	e7db      	b.n	800291c <z_thread_abort+0xdc>
 8002964:	f3ef 8305 	mrs	r3, IPSR
		if ((thread == _current) && !arch_is_in_isr()) {
 8002968:	2b00      	cmp	r3, #0
 800296a:	d1db      	bne.n	8002924 <z_thread_abort+0xe4>
	return (thread->base.user_options & K_ESSENTIAL) == K_ESSENTIAL;
 800296c:	89a3      	ldrh	r3, [r4, #12]
			if (z_is_thread_essential(thread)) {
 800296e:	f013 0f01 	tst.w	r3, #1
 8002972:	d012      	beq.n	800299a <z_thread_abort+0x15a>
  __ASM volatile ("MSR basepri, %0" : : "r" (basePri) : "memory");
 8002974:	f389 8811 	msr	BASEPRI, r9
 8002978:	f3bf 8f6f 	isb	sy
 800297c:	2300      	movs	r3, #0
 800297e:	f383 8811 	msr	BASEPRI, r3
 8002982:	f3bf 8f6f 	isb	sy
				k_panic();
 8002986:	2304      	movs	r3, #4
 8002988:	4618      	mov	r0, r3
 800298a:	df02      	svc	2
  __ASM volatile ("MRS %0, basepri" : "=r" (result) );
 800298c:	f3ef 8911 	mrs	r9, BASEPRI
  __ASM volatile ("MSR basepri_max, %0" : : "r" (basePri) : "memory");
 8002990:	2310      	movs	r3, #16
 8002992:	f383 8812 	msr	BASEPRI_MAX, r3
 8002996:	f3bf 8f6f 	isb	sy
 800299a:	4648      	mov	r0, r9
 800299c:	f7ff fc7a 	bl	8002294 <z_swap_irqlock>
			z_swap(&_sched_spinlock, key);
 80029a0:	e76f      	b.n	8002882 <z_thread_abort+0x42>
 80029a2:	bf00      	nop
 80029a4:	200003d0 	.word	0x200003d0
 80029a8:	200001d8 	.word	0x200001d8

080029ac <z_time_slice_size>:
#endif
	return ret;
}

static int z_time_slice_size(struct k_thread *thread)
{
 80029ac:	4603      	mov	r3, r0
	uint8_t state = thread->base.thread_state;
 80029ae:	7c02      	ldrb	r2, [r0, #16]
	if (z_is_thread_prevented_from_running(thread) ||
 80029b0:	f012 0f1f 	tst.w	r2, #31
 80029b4:	d110      	bne.n	80029d8 <z_time_slice_size+0x2c>
 80029b6:	4a0b      	ldr	r2, [pc, #44]	@ (80029e4 <z_time_slice_size+0x38>)
 80029b8:	4290      	cmp	r0, r2
 80029ba:	d00f      	beq.n	80029dc <z_time_slice_size+0x30>
	int ret = slice_ticks;
 80029bc:	4a0a      	ldr	r2, [pc, #40]	@ (80029e8 <z_time_slice_size+0x3c>)
 80029be:	6810      	ldr	r0, [r2, #0]
	    z_is_idle_thread_object(thread) ||
 80029c0:	b178      	cbz	r0, 80029e2 <z_time_slice_size+0x36>
	return thread->base.preempt <= _PREEMPT_THRESHOLD;
 80029c2:	89da      	ldrh	r2, [r3, #14]
	if (thread->base.slice_ticks != 0) {
		return thread->base.slice_ticks;
	}
#endif

	if (thread_is_preemptible(thread) &&
 80029c4:	2a7f      	cmp	r2, #127	@ 0x7f
 80029c6:	d80b      	bhi.n	80029e0 <z_time_slice_size+0x34>
	    !z_is_prio_higher(thread->base.prio, slice_max_prio)) {
 80029c8:	f993 200e 	ldrsb.w	r2, [r3, #14]
 80029cc:	4b07      	ldr	r3, [pc, #28]	@ (80029ec <z_time_slice_size+0x40>)
 80029ce:	681b      	ldr	r3, [r3, #0]
	if (thread_is_preemptible(thread) &&
 80029d0:	429a      	cmp	r2, r3
 80029d2:	da06      	bge.n	80029e2 <z_time_slice_size+0x36>
		return slice_ticks;
	}

	return 0;
 80029d4:	2000      	movs	r0, #0
 80029d6:	4770      	bx	lr
		return 0;
 80029d8:	2000      	movs	r0, #0
 80029da:	4770      	bx	lr
 80029dc:	2000      	movs	r0, #0
 80029de:	4770      	bx	lr
	return 0;
 80029e0:	2000      	movs	r0, #0
}
 80029e2:	4770      	bx	lr
 80029e4:	20000078 	.word	0x20000078
 80029e8:	20000040 	.word	0x20000040
 80029ec:	200003fc 	.word	0x200003fc

080029f0 <slice_timeout>:

static void slice_timeout(struct _timeout *timeout)
{
	int cpu = ARRAY_INDEX(slice_timeouts, timeout);
 80029f0:	4b04      	ldr	r3, [pc, #16]	@ (8002a04 <slice_timeout+0x14>)
 80029f2:	1ac0      	subs	r0, r0, r3
 80029f4:	10c0      	asrs	r0, r0, #3
 80029f6:	4b04      	ldr	r3, [pc, #16]	@ (8002a08 <slice_timeout+0x18>)
 80029f8:	fb03 f000 	mul.w	r0, r3, r0

	slice_expired[cpu] = true;
 80029fc:	4b03      	ldr	r3, [pc, #12]	@ (8002a0c <slice_timeout+0x1c>)
 80029fe:	2201      	movs	r2, #1
 8002a00:	541a      	strb	r2, [r3, r0]
	 * for a different CPU.
	 */
	if (cpu != _current_cpu->id) {
		flag_ipi(IPI_CPU_MASK(cpu));
	}
}
 8002a02:	4770      	bx	lr
 8002a04:	20000288 	.word	0x20000288
 8002a08:	aaaaaaab 	.word	0xaaaaaaab
 8002a0c:	200003f8 	.word	0x200003f8

08002a10 <z_reset_time_slice>:

void z_reset_time_slice(struct k_thread *thread)
{
 8002a10:	b570      	push	{r4, r5, r6, lr}
	int cpu = _current_cpu->id;
 8002a12:	4b0c      	ldr	r3, [pc, #48]	@ (8002a44 <z_reset_time_slice+0x34>)
 8002a14:	7c1e      	ldrb	r6, [r3, #16]
	int slice_size = z_time_slice_size(thread);
 8002a16:	f7ff ffc9 	bl	80029ac <z_time_slice_size>
 8002a1a:	4604      	mov	r4, r0

	z_abort_timeout(&slice_timeouts[cpu]);
 8002a1c:	eb06 0346 	add.w	r3, r6, r6, lsl #1
 8002a20:	4d09      	ldr	r5, [pc, #36]	@ (8002a48 <z_reset_time_slice+0x38>)
 8002a22:	eb05 05c3 	add.w	r5, r5, r3, lsl #3
 8002a26:	4628      	mov	r0, r5
 8002a28:	f002 f90a 	bl	8004c40 <z_abort_timeout>
	slice_expired[cpu] = false;
 8002a2c:	4b07      	ldr	r3, [pc, #28]	@ (8002a4c <z_reset_time_slice+0x3c>)
 8002a2e:	2200      	movs	r2, #0
 8002a30:	559a      	strb	r2, [r3, r6]
	if (slice_size != 0) {
 8002a32:	b904      	cbnz	r4, 8002a36 <z_reset_time_slice+0x26>
		z_add_timeout(&slice_timeouts[cpu], slice_timeout,
			      K_TICKS(slice_size - 1));
	}
}
 8002a34:	bd70      	pop	{r4, r5, r6, pc}
			      K_TICKS(slice_size - 1));
 8002a36:	1e62      	subs	r2, r4, #1
		z_add_timeout(&slice_timeouts[cpu], slice_timeout,
 8002a38:	17d3      	asrs	r3, r2, #31
 8002a3a:	4905      	ldr	r1, [pc, #20]	@ (8002a50 <z_reset_time_slice+0x40>)
 8002a3c:	4628      	mov	r0, r5
 8002a3e:	f000 f881 	bl	8002b44 <z_add_timeout>
}
 8002a42:	e7f7      	b.n	8002a34 <z_reset_time_slice+0x24>
 8002a44:	200003d0 	.word	0x200003d0
 8002a48:	20000288 	.word	0x20000288
 8002a4c:	200003f8 	.word	0x200003f8
 8002a50:	080029f1 	.word	0x080029f1

08002a54 <z_time_slice>:
}
#endif

/* Called out of each timer and IPI interrupt */
void z_time_slice(void)
{
 8002a54:	b538      	push	{r3, r4, r5, lr}
  __ASM volatile ("MRS %0, basepri" : "=r" (result) );
 8002a56:	f3ef 8511 	mrs	r5, BASEPRI
  __ASM volatile ("MSR basepri_max, %0" : : "r" (basePri) : "memory");
 8002a5a:	2310      	movs	r3, #16
 8002a5c:	f383 8812 	msr	BASEPRI_MAX, r3
 8002a60:	f3bf 8f6f 	isb	sy
	k_spinlock_key_t key = k_spin_lock(&_sched_spinlock);
	struct k_thread *curr = _current;
 8002a64:	4b14      	ldr	r3, [pc, #80]	@ (8002ab8 <z_time_slice+0x64>)
 8002a66:	689c      	ldr	r4, [r3, #8]

#ifdef CONFIG_SWAP_NONATOMIC
	if (pending_current == curr) {
 8002a68:	4b14      	ldr	r3, [pc, #80]	@ (8002abc <z_time_slice+0x68>)
 8002a6a:	681b      	ldr	r3, [r3, #0]
 8002a6c:	42a3      	cmp	r3, r4
 8002a6e:	d017      	beq.n	8002aa0 <z_time_slice+0x4c>
		z_reset_time_slice(curr);
		k_spin_unlock(&_sched_spinlock, key);
		return;
	}
	pending_current = NULL;
 8002a70:	4b12      	ldr	r3, [pc, #72]	@ (8002abc <z_time_slice+0x68>)
 8002a72:	2200      	movs	r2, #0
 8002a74:	601a      	str	r2, [r3, #0]
#endif

	if (slice_expired[_current_cpu->id] && (z_time_slice_size(curr) != 0)) {
 8002a76:	4b10      	ldr	r3, [pc, #64]	@ (8002ab8 <z_time_slice+0x64>)
 8002a78:	7c1b      	ldrb	r3, [r3, #16]
 8002a7a:	4a11      	ldr	r2, [pc, #68]	@ (8002ac0 <z_time_slice+0x6c>)
 8002a7c:	5cd3      	ldrb	r3, [r2, r3]
 8002a7e:	b153      	cbz	r3, 8002a96 <z_time_slice+0x42>
 8002a80:	4620      	mov	r0, r4
 8002a82:	f7ff ff93 	bl	80029ac <z_time_slice_size>
 8002a86:	b130      	cbz	r0, 8002a96 <z_time_slice+0x42>
	uint8_t state = thread->base.thread_state;
 8002a88:	7c23      	ldrb	r3, [r4, #16]
			k_spin_unlock(&_sched_spinlock, key);
			handler(curr, curr->base.slice_data);
			key = k_spin_lock(&_sched_spinlock);
		}
#endif
		if (!z_is_thread_prevented_from_running(curr)) {
 8002a8a:	f013 0f1f 	tst.w	r3, #31
 8002a8e:	d00f      	beq.n	8002ab0 <z_time_slice+0x5c>
			move_current_to_end_of_prio_q();
		}
		z_reset_time_slice(curr);
 8002a90:	4620      	mov	r0, r4
 8002a92:	f7ff ffbd 	bl	8002a10 <z_reset_time_slice>
  __ASM volatile ("MSR basepri, %0" : : "r" (basePri) : "memory");
 8002a96:	f385 8811 	msr	BASEPRI, r5
 8002a9a:	f3bf 8f6f 	isb	sy
	}
	k_spin_unlock(&_sched_spinlock, key);
}
 8002a9e:	bd38      	pop	{r3, r4, r5, pc}
		z_reset_time_slice(curr);
 8002aa0:	4620      	mov	r0, r4
 8002aa2:	f7ff ffb5 	bl	8002a10 <z_reset_time_slice>
 8002aa6:	f385 8811 	msr	BASEPRI, r5
 8002aaa:	f3bf 8f6f 	isb	sy
		return;
 8002aae:	e7f6      	b.n	8002a9e <z_time_slice+0x4a>
			move_current_to_end_of_prio_q();
 8002ab0:	f7ff fd3e 	bl	8002530 <move_current_to_end_of_prio_q>
 8002ab4:	e7ec      	b.n	8002a90 <z_time_slice+0x3c>
 8002ab6:	bf00      	nop
 8002ab8:	200003d0 	.word	0x200003d0
 8002abc:	200003f4 	.word	0x200003f4
 8002ac0:	200003f8 	.word	0x200003f8

08002ac4 <z_thread_monitor_exit>:
  __ASM volatile ("MRS %0, basepri" : "=r" (result) );
 8002ac4:	f3ef 8111 	mrs	r1, BASEPRI
  __ASM volatile ("MSR basepri_max, %0" : : "r" (basePri) : "memory");
 8002ac8:	2310      	movs	r3, #16
 8002aca:	f383 8812 	msr	BASEPRI_MAX, r3
 8002ace:	f3bf 8f6f 	isb	sy
 */
void z_thread_monitor_exit(struct k_thread *thread)
{
	k_spinlock_key_t key = k_spin_lock(&z_thread_monitor_lock);

	if (thread == _kernel.threads) {
 8002ad2:	4b0a      	ldr	r3, [pc, #40]	@ (8002afc <z_thread_monitor_exit+0x38>)
 8002ad4:	6a1b      	ldr	r3, [r3, #32]
 8002ad6:	4283      	cmp	r3, r0
 8002ad8:	d104      	bne.n	8002ae4 <z_thread_monitor_exit+0x20>
		_kernel.threads = _kernel.threads->next_thread;
 8002ada:	6f1a      	ldr	r2, [r3, #112]	@ 0x70
 8002adc:	4b07      	ldr	r3, [pc, #28]	@ (8002afc <z_thread_monitor_exit+0x38>)
 8002ade:	621a      	str	r2, [r3, #32]
 8002ae0:	e007      	b.n	8002af2 <z_thread_monitor_exit+0x2e>
		struct k_thread *prev_thread;

		prev_thread = _kernel.threads;
		while ((prev_thread != NULL) &&
			(thread != prev_thread->next_thread)) {
			prev_thread = prev_thread->next_thread;
 8002ae2:	4613      	mov	r3, r2
		while ((prev_thread != NULL) &&
 8002ae4:	b113      	cbz	r3, 8002aec <z_thread_monitor_exit+0x28>
			(thread != prev_thread->next_thread)) {
 8002ae6:	6f1a      	ldr	r2, [r3, #112]	@ 0x70
		while ((prev_thread != NULL) &&
 8002ae8:	4282      	cmp	r2, r0
 8002aea:	d1fa      	bne.n	8002ae2 <z_thread_monitor_exit+0x1e>
		}
		if (prev_thread != NULL) {
 8002aec:	b10b      	cbz	r3, 8002af2 <z_thread_monitor_exit+0x2e>
			prev_thread->next_thread = thread->next_thread;
 8002aee:	6f02      	ldr	r2, [r0, #112]	@ 0x70
 8002af0:	671a      	str	r2, [r3, #112]	@ 0x70
  __ASM volatile ("MSR basepri, %0" : : "r" (basePri) : "memory");
 8002af2:	f381 8811 	msr	BASEPRI, r1
 8002af6:	f3bf 8f6f 	isb	sy
		}
	}

	k_spin_unlock(&z_thread_monitor_lock, key);
}
 8002afa:	4770      	bx	lr
 8002afc:	200003d0 	.word	0x200003d0

08002b00 <first>:
	return list->head == list;
 8002b00:	4b03      	ldr	r3, [pc, #12]	@ (8002b10 <first+0x10>)
 8002b02:	6818      	ldr	r0, [r3, #0]
	return sys_dlist_is_empty(list) ? NULL : list->head;
 8002b04:	4298      	cmp	r0, r3
 8002b06:	d000      	beq.n	8002b0a <first+0xa>
static struct _timeout *first(void)
{
	sys_dnode_t *t = sys_dlist_peek_head(&timeout_list);

	return (t == NULL) ? NULL : CONTAINER_OF(t, struct _timeout, node);
}
 8002b08:	4770      	bx	lr
 8002b0a:	2000      	movs	r0, #0
	return (t == NULL) ? NULL : CONTAINER_OF(t, struct _timeout, node);
 8002b0c:	e7fc      	b.n	8002b08 <first+0x8>
 8002b0e:	bf00      	nop
 8002b10:	20000044 	.word	0x20000044

08002b14 <next>:
	return (node != NULL) ? sys_dlist_peek_next_no_check(list, node) : NULL;
 8002b14:	b130      	cbz	r0, 8002b24 <next+0x10>
	return (node == list->tail) ? NULL : node->next;
 8002b16:	4a04      	ldr	r2, [pc, #16]	@ (8002b28 <next+0x14>)
 8002b18:	6852      	ldr	r2, [r2, #4]
 8002b1a:	4290      	cmp	r0, r2
 8002b1c:	d001      	beq.n	8002b22 <next+0xe>
 8002b1e:	6800      	ldr	r0, [r0, #0]
 8002b20:	4770      	bx	lr
 8002b22:	2000      	movs	r0, #0
static struct _timeout *next(struct _timeout *t)
{
	sys_dnode_t *n = sys_dlist_peek_next(&timeout_list, &t->node);

	return (n == NULL) ? NULL : CONTAINER_OF(n, struct _timeout, node);
}
 8002b24:	4770      	bx	lr
 8002b26:	bf00      	nop
 8002b28:	20000044 	.word	0x20000044

08002b2c <elapsed>:

	sys_dlist_remove(&t->node);
}

static int32_t elapsed(void)
{
 8002b2c:	b508      	push	{r3, lr}
	 *
	 * The distinction is implemented by looking at announce_remaining which
	 * will be non-zero while sys_clock_announce() is executing and zero
	 * otherwise.
	 */
	return announce_remaining == 0 ? sys_clock_elapsed() : 0U;
 8002b2e:	4b04      	ldr	r3, [pc, #16]	@ (8002b40 <elapsed+0x14>)
 8002b30:	681b      	ldr	r3, [r3, #0]
 8002b32:	b10b      	cbz	r3, 8002b38 <elapsed+0xc>
 8002b34:	2000      	movs	r0, #0
}
 8002b36:	bd08      	pop	{r3, pc}
	return announce_remaining == 0 ? sys_clock_elapsed() : 0U;
 8002b38:	f7ff f906 	bl	8001d48 <sys_clock_elapsed>
 8002b3c:	e7fb      	b.n	8002b36 <elapsed+0xa>
 8002b3e:	bf00      	nop
 8002b40:	20000400 	.word	0x20000400

08002b44 <z_add_timeout>:

	return ret;
}

k_ticks_t z_add_timeout(struct _timeout *to, _timeout_func_t fn, k_timeout_t timeout)
{
 8002b44:	e92d 4ff0 	stmdb	sp!, {r4, r5, r6, r7, r8, r9, sl, fp, lr}
 8002b48:	b083      	sub	sp, #12
	k_ticks_t ticks = 0;

	if (K_TIMEOUT_EQ(timeout, K_FOREVER)) {
 8002b4a:	f1b3 3fff 	cmp.w	r3, #4294967295
 8002b4e:	bf08      	it	eq
 8002b50:	f1b2 3fff 	cmpeq.w	r2, #4294967295
 8002b54:	d00e      	beq.n	8002b74 <z_add_timeout+0x30>
 8002b56:	4604      	mov	r4, r0
 8002b58:	4691      	mov	r9, r2
 8002b5a:	461f      	mov	r7, r3
#ifdef CONFIG_KERNEL_COHERENCE
	__ASSERT_NO_MSG(sys_cache_is_mem_coherent(to));
#endif /* CONFIG_KERNEL_COHERENCE */

	__ASSERT(!sys_dnode_is_linked(&to->node), "");
	to->fn = fn;
 8002b5c:	6081      	str	r1, [r0, #8]

	K_SPINLOCK(&timeout_lock) {
 8002b5e:	2300      	movs	r3, #0
  __ASM volatile ("MRS %0, basepri" : "=r" (result) );
 8002b60:	f3ef 8a11 	mrs	sl, BASEPRI
  __ASM volatile ("MSR basepri_max, %0" : : "r" (basePri) : "memory");
 8002b64:	2210      	movs	r2, #16
 8002b66:	f382 8812 	msr	BASEPRI_MAX, r2
 8002b6a:	f3bf 8f6f 	isb	sy
	k_ticks_t ticks = 0;
 8002b6e:	461d      	mov	r5, r3
 8002b70:	9301      	str	r3, [sp, #4]
 8002b72:	e035      	b.n	8002be0 <z_add_timeout+0x9c>
		return 0;
 8002b74:	2500      	movs	r5, #0
 8002b76:	9501      	str	r5, [sp, #4]
			sys_clock_set_timeout(next_timeout(ticks_elapsed), false);
		}
	}

	return ticks;
}
 8002b78:	4628      	mov	r0, r5
 8002b7a:	9901      	ldr	r1, [sp, #4]
 8002b7c:	b003      	add	sp, #12
 8002b7e:	e8bd 8ff0 	ldmia.w	sp!, {r4, r5, r6, r7, r8, r9, sl, fp, pc}
			ticks_elapsed = elapsed();
 8002b82:	f7ff ffd3 	bl	8002b2c <elapsed>
 8002b86:	4680      	mov	r8, r0
			to->dticks = timeout.ticks + 1 + ticks_elapsed;
 8002b88:	3501      	adds	r5, #1
 8002b8a:	f147 0600 	adc.w	r6, r7, #0
 8002b8e:	1945      	adds	r5, r0, r5
 8002b90:	eb46 76e0 	adc.w	r6, r6, r0, asr #31
 8002b94:	6125      	str	r5, [r4, #16]
 8002b96:	6166      	str	r6, [r4, #20]
			ticks = curr_tick + to->dticks;
 8002b98:	4a34      	ldr	r2, [pc, #208]	@ (8002c6c <z_add_timeout+0x128>)
 8002b9a:	6813      	ldr	r3, [r2, #0]
 8002b9c:	6852      	ldr	r2, [r2, #4]
 8002b9e:	18ed      	adds	r5, r5, r3
 8002ba0:	eb46 0302 	adc.w	r3, r6, r2
 8002ba4:	9301      	str	r3, [sp, #4]
			has_elapsed = true;
 8002ba6:	f04f 0b01 	mov.w	fp, #1
 8002baa:	e038      	b.n	8002c1e <z_add_timeout+0xda>
				t->dticks -= to->dticks;
 8002bac:	1ac9      	subs	r1, r1, r3
 8002bae:	eb66 0202 	sbc.w	r2, r6, r2
 8002bb2:	6101      	str	r1, [r0, #16]
 8002bb4:	6142      	str	r2, [r0, #20]
	sys_dnode_t *const prev = successor->prev;
 8002bb6:	6843      	ldr	r3, [r0, #4]
	node->prev = prev;
 8002bb8:	6063      	str	r3, [r4, #4]
	node->next = successor;
 8002bba:	6020      	str	r0, [r4, #0]
	prev->next = node;
 8002bbc:	601c      	str	r4, [r3, #0]
	successor->prev = node;
 8002bbe:	6044      	str	r4, [r0, #4]
		if (t == NULL) {
 8002bc0:	e005      	b.n	8002bce <z_add_timeout+0x8a>
	sys_dnode_t *const tail = list->tail;
 8002bc2:	4b2b      	ldr	r3, [pc, #172]	@ (8002c70 <z_add_timeout+0x12c>)
 8002bc4:	685a      	ldr	r2, [r3, #4]
	node->next = list;
 8002bc6:	6023      	str	r3, [r4, #0]
	node->prev = tail;
 8002bc8:	6062      	str	r2, [r4, #4]
	tail->next = node;
 8002bca:	6014      	str	r4, [r2, #0]
	list->tail = node;
 8002bcc:	605c      	str	r4, [r3, #4]
		if (to == first() && announce_remaining == 0) {
 8002bce:	f7ff ff97 	bl	8002b00 <first>
 8002bd2:	4284      	cmp	r4, r0
 8002bd4:	d037      	beq.n	8002c46 <z_add_timeout+0x102>
  __ASM volatile ("MSR basepri, %0" : : "r" (basePri) : "memory");
 8002bd6:	f38a 8811 	msr	BASEPRI, sl
 8002bda:	f3bf 8f6f 	isb	sy
	K_SPINLOCK(&timeout_lock) {
 8002bde:	2301      	movs	r3, #1
 8002be0:	2b00      	cmp	r3, #0
 8002be2:	d1c9      	bne.n	8002b78 <z_add_timeout+0x34>
		if (Z_IS_TIMEOUT_RELATIVE(timeout)) {
 8002be4:	464d      	mov	r5, r9
 8002be6:	9701      	str	r7, [sp, #4]
 8002be8:	2f00      	cmp	r7, #0
 8002bea:	daca      	bge.n	8002b82 <z_add_timeout+0x3e>
			k_ticks_t dticks = Z_TICK_ABS(timeout.ticks) - curr_tick;
 8002bec:	4b1f      	ldr	r3, [pc, #124]	@ (8002c6c <z_add_timeout+0x128>)
 8002bee:	6819      	ldr	r1, [r3, #0]
 8002bf0:	685b      	ldr	r3, [r3, #4]
 8002bf2:	1869      	adds	r1, r5, r1
 8002bf4:	eb43 0307 	adc.w	r3, r3, r7
 8002bf8:	f06f 0201 	mvn.w	r2, #1
 8002bfc:	1a52      	subs	r2, r2, r1
 8002bfe:	f04f 31ff 	mov.w	r1, #4294967295
 8002c02:	eb61 0303 	sbc.w	r3, r1, r3
			to->dticks = max(1, dticks);
 8002c06:	4610      	mov	r0, r2
 8002c08:	4619      	mov	r1, r3
 8002c0a:	2a01      	cmp	r2, #1
 8002c0c:	f173 0300 	sbcs.w	r3, r3, #0
 8002c10:	da01      	bge.n	8002c16 <z_add_timeout+0xd2>
 8002c12:	2001      	movs	r0, #1
 8002c14:	2100      	movs	r1, #0
 8002c16:	6120      	str	r0, [r4, #16]
 8002c18:	6161      	str	r1, [r4, #20]
		bool has_elapsed = false;
 8002c1a:	f04f 0b00 	mov.w	fp, #0
		for (t = first(); t != NULL; t = next(t)) {
 8002c1e:	f7ff ff6f 	bl	8002b00 <first>
 8002c22:	2800      	cmp	r0, #0
 8002c24:	d0cd      	beq.n	8002bc2 <z_add_timeout+0x7e>
			if (t->dticks > to->dticks) {
 8002c26:	6901      	ldr	r1, [r0, #16]
 8002c28:	6946      	ldr	r6, [r0, #20]
 8002c2a:	6923      	ldr	r3, [r4, #16]
 8002c2c:	6962      	ldr	r2, [r4, #20]
 8002c2e:	428b      	cmp	r3, r1
 8002c30:	eb72 0e06 	sbcs.w	lr, r2, r6
 8002c34:	dbba      	blt.n	8002bac <z_add_timeout+0x68>
			to->dticks -= t->dticks;
 8002c36:	1a5b      	subs	r3, r3, r1
 8002c38:	eb62 0206 	sbc.w	r2, r2, r6
 8002c3c:	6123      	str	r3, [r4, #16]
 8002c3e:	6162      	str	r2, [r4, #20]
		for (t = first(); t != NULL; t = next(t)) {
 8002c40:	f7ff ff68 	bl	8002b14 <next>
 8002c44:	e7ed      	b.n	8002c22 <z_add_timeout+0xde>
		if (to == first() && announce_remaining == 0) {
 8002c46:	4b0b      	ldr	r3, [pc, #44]	@ (8002c74 <z_add_timeout+0x130>)
 8002c48:	681b      	ldr	r3, [r3, #0]
 8002c4a:	2b00      	cmp	r3, #0
 8002c4c:	d1c3      	bne.n	8002bd6 <z_add_timeout+0x92>
			if (!has_elapsed) {
 8002c4e:	f1bb 0f00 	cmp.w	fp, #0
 8002c52:	d006      	beq.n	8002c62 <z_add_timeout+0x11e>
			sys_clock_set_timeout(next_timeout(ticks_elapsed), false);
 8002c54:	4640      	mov	r0, r8
 8002c56:	f001 ffd8 	bl	8004c0a <next_timeout>
 8002c5a:	2100      	movs	r1, #0
 8002c5c:	f7fe ffe2 	bl	8001c24 <sys_clock_set_timeout>
 8002c60:	e7b9      	b.n	8002bd6 <z_add_timeout+0x92>
				ticks_elapsed = elapsed();
 8002c62:	f7ff ff63 	bl	8002b2c <elapsed>
 8002c66:	4680      	mov	r8, r0
 8002c68:	e7f4      	b.n	8002c54 <z_add_timeout+0x110>
 8002c6a:	bf00      	nop
 8002c6c:	200002a0 	.word	0x200002a0
 8002c70:	20000044 	.word	0x20000044
 8002c74:	20000400 	.word	0x20000400

08002c78 <sys_clock_announce_locked>:
	}
	return ret;
}

void sys_clock_announce_locked(int32_t ticks, k_spinlock_key_t key)
{
 8002c78:	b570      	push	{r4, r5, r6, lr}
 8002c7a:	460e      	mov	r6, r1
		announce_remaining += ticks;
		k_spin_unlock(&timeout_lock, key);
		return;
	}

	announce_remaining = ticks;
 8002c7c:	4b2d      	ldr	r3, [pc, #180]	@ (8002d34 <sys_clock_announce_locked+0xbc>)
 8002c7e:	6018      	str	r0, [r3, #0]

	struct _timeout *t;

	for (t = first();
 8002c80:	f7ff ff3e 	bl	8002b00 <first>
 8002c84:	4604      	mov	r4, r0
 8002c86:	e028      	b.n	8002cda <sys_clock_announce_locked+0x62>
	     (t != NULL) && (t->dticks <= announce_remaining);
	     t = first()) {
		int dt = t->dticks;

		curr_tick += dt;
 8002c88:	4a2b      	ldr	r2, [pc, #172]	@ (8002d38 <sys_clock_announce_locked+0xc0>)
 8002c8a:	6813      	ldr	r3, [r2, #0]
 8002c8c:	6851      	ldr	r1, [r2, #4]
 8002c8e:	195b      	adds	r3, r3, r5
 8002c90:	eb41 71e5 	adc.w	r1, r1, r5, asr #31
 8002c94:	6013      	str	r3, [r2, #0]
 8002c96:	6051      	str	r1, [r2, #4]
		t->dticks = 0;
 8002c98:	2200      	movs	r2, #0
 8002c9a:	2300      	movs	r3, #0
 8002c9c:	e9c4 2304 	strd	r2, r3, [r4, #16]
		remove_timeout(t);
 8002ca0:	4620      	mov	r0, r4
 8002ca2:	f001 ff9b 	bl	8004bdc <remove_timeout>
		t->dticks = TIMEOUT_DTICKS_ANNOUNCING;
 8002ca6:	2201      	movs	r2, #1
 8002ca8:	f04f 4300 	mov.w	r3, #2147483648	@ 0x80000000
 8002cac:	e9c4 2304 	strd	r2, r3, [r4, #16]
 8002cb0:	f386 8811 	msr	BASEPRI, r6
 8002cb4:	f3bf 8f6f 	isb	sy

		k_spin_unlock(&timeout_lock, key);
		t->fn(t);
 8002cb8:	68a3      	ldr	r3, [r4, #8]
 8002cba:	4620      	mov	r0, r4
 8002cbc:	4798      	blx	r3
  __ASM volatile ("MRS %0, basepri" : "=r" (result) );
 8002cbe:	f3ef 8611 	mrs	r6, BASEPRI
  __ASM volatile ("MSR basepri_max, %0" : : "r" (basePri) : "memory");
 8002cc2:	2310      	movs	r3, #16
 8002cc4:	f383 8812 	msr	BASEPRI_MAX, r3
 8002cc8:	f3bf 8f6f 	isb	sy
		key = k_spin_lock(&timeout_lock);
		announce_remaining -= dt;
 8002ccc:	4a19      	ldr	r2, [pc, #100]	@ (8002d34 <sys_clock_announce_locked+0xbc>)
 8002cce:	6813      	ldr	r3, [r2, #0]
 8002cd0:	1b5b      	subs	r3, r3, r5
 8002cd2:	6013      	str	r3, [r2, #0]
	     t = first()) {
 8002cd4:	f7ff ff14 	bl	8002b00 <first>
 8002cd8:	4604      	mov	r4, r0
	     (t != NULL) && (t->dticks <= announce_remaining);
 8002cda:	b13c      	cbz	r4, 8002cec <sys_clock_announce_locked+0x74>
 8002cdc:	6925      	ldr	r5, [r4, #16]
 8002cde:	6961      	ldr	r1, [r4, #20]
 8002ce0:	4b14      	ldr	r3, [pc, #80]	@ (8002d34 <sys_clock_announce_locked+0xbc>)
 8002ce2:	681a      	ldr	r2, [r3, #0]
 8002ce4:	17d3      	asrs	r3, r2, #31
 8002ce6:	42aa      	cmp	r2, r5
 8002ce8:	418b      	sbcs	r3, r1
 8002cea:	dacd      	bge.n	8002c88 <sys_clock_announce_locked+0x10>
	}

	if (t != NULL) {
 8002cec:	b144      	cbz	r4, 8002d00 <sys_clock_announce_locked+0x88>
		t->dticks -= announce_remaining;
 8002cee:	6923      	ldr	r3, [r4, #16]
 8002cf0:	6962      	ldr	r2, [r4, #20]
 8002cf2:	4910      	ldr	r1, [pc, #64]	@ (8002d34 <sys_clock_announce_locked+0xbc>)
 8002cf4:	6809      	ldr	r1, [r1, #0]
 8002cf6:	1a5b      	subs	r3, r3, r1
 8002cf8:	eb62 72e1 	sbc.w	r2, r2, r1, asr #31
 8002cfc:	6123      	str	r3, [r4, #16]
 8002cfe:	6162      	str	r2, [r4, #20]
	}

	curr_tick += announce_remaining;
 8002d00:	4a0d      	ldr	r2, [pc, #52]	@ (8002d38 <sys_clock_announce_locked+0xc0>)
 8002d02:	4d0c      	ldr	r5, [pc, #48]	@ (8002d34 <sys_clock_announce_locked+0xbc>)
 8002d04:	6828      	ldr	r0, [r5, #0]
 8002d06:	6813      	ldr	r3, [r2, #0]
 8002d08:	6851      	ldr	r1, [r2, #4]
 8002d0a:	181b      	adds	r3, r3, r0
 8002d0c:	eb41 71e0 	adc.w	r1, r1, r0, asr #31
 8002d10:	6013      	str	r3, [r2, #0]
 8002d12:	6051      	str	r1, [r2, #4]
	announce_remaining = 0;
 8002d14:	2400      	movs	r4, #0
 8002d16:	602c      	str	r4, [r5, #0]

	sys_clock_set_timeout(next_timeout(0), false);
 8002d18:	4620      	mov	r0, r4
 8002d1a:	f001 ff76 	bl	8004c0a <next_timeout>
 8002d1e:	4621      	mov	r1, r4
 8002d20:	f7fe ff80 	bl	8001c24 <sys_clock_set_timeout>
  __ASM volatile ("MSR basepri, %0" : : "r" (basePri) : "memory");
 8002d24:	f386 8811 	msr	BASEPRI, r6
 8002d28:	f3bf 8f6f 	isb	sy

	k_spin_unlock(&timeout_lock, key);

#ifdef CONFIG_TIMESLICING
	z_time_slice();
 8002d2c:	f7ff fe92 	bl	8002a54 <z_time_slice>
#endif /* CONFIG_TIMESLICING */
}
 8002d30:	bd70      	pop	{r4, r5, r6, pc}
 8002d32:	bf00      	nop
 8002d34:	20000400 	.word	0x20000400
 8002d38:	200002a0 	.word	0x200002a0

08002d3c <sys_clock_tick_get>:
	k_spin_unlock(&timeout_lock, key);
}
#endif

int64_t sys_clock_tick_get(void)
{
 8002d3c:	b510      	push	{r4, lr}
	uint64_t t = 0U;

	K_SPINLOCK(&timeout_lock) {
 8002d3e:	2200      	movs	r2, #0
  __ASM volatile ("MRS %0, basepri" : "=r" (result) );
 8002d40:	f3ef 8411 	mrs	r4, BASEPRI
  __ASM volatile ("MSR basepri_max, %0" : : "r" (basePri) : "memory");
 8002d44:	2310      	movs	r3, #16
 8002d46:	f383 8812 	msr	BASEPRI_MAX, r3
 8002d4a:	f3bf 8f6f 	isb	sy
	uint64_t t = 0U;
 8002d4e:	4613      	mov	r3, r2
 8002d50:	4611      	mov	r1, r2
 8002d52:	e00c      	b.n	8002d6e <sys_clock_tick_get+0x32>
		t = curr_tick + elapsed();
 8002d54:	f7ff feea 	bl	8002b2c <elapsed>
 8002d58:	4a07      	ldr	r2, [pc, #28]	@ (8002d78 <sys_clock_tick_get+0x3c>)
 8002d5a:	6813      	ldr	r3, [r2, #0]
 8002d5c:	6851      	ldr	r1, [r2, #4]
 8002d5e:	18c3      	adds	r3, r0, r3
 8002d60:	eb41 71e0 	adc.w	r1, r1, r0, asr #31
  __ASM volatile ("MSR basepri, %0" : : "r" (basePri) : "memory");
 8002d64:	f384 8811 	msr	BASEPRI, r4
 8002d68:	f3bf 8f6f 	isb	sy
	K_SPINLOCK(&timeout_lock) {
 8002d6c:	2201      	movs	r2, #1
 8002d6e:	2a00      	cmp	r2, #0
 8002d70:	d0f0      	beq.n	8002d54 <sys_clock_tick_get+0x18>
	}
	return t;
}
 8002d72:	4618      	mov	r0, r3
 8002d74:	bd10      	pop	{r4, pc}
 8002d76:	bf00      	nop
 8002d78:	200002a0 	.word	0x200002a0

08002d7c <boot_banner>:
#define BANNER_VERSION KERNEL_VERSION_STRING
#endif /* BUILD_VERSION */
#endif /* !BANNER_VERSION */

void boot_banner(void)
{
 8002d7c:	b508      	push	{r3, lr}
	  */
	printk("\x1b[3J\x1b[2J\x1b[H");
#endif /* CONFIG_BOOT_CLEAR_SCREEN */

#ifdef CONFIG_BOOT_BANNER
	printk("*** " CONFIG_BOOT_BANNER_STRING " " BANNER_VERSION BANNER_POSTFIX " ***\n");
 8002d7e:	4802      	ldr	r0, [pc, #8]	@ (8002d88 <boot_banner+0xc>)
 8002d80:	f000 feb7 	bl	8003af2 <printk>
#endif /* CONFIG_BOOT_BANNER */
}
 8002d84:	bd08      	pop	{r3, pc}
 8002d86:	bf00      	nop
 8002d88:	0800571c 	.word	0x0800571c

08002d8c <memset>:
 8002d8c:	b570      	push	{r4, r5, r6, lr}
 8002d8e:	0786      	lsls	r6, r0, #30
 8002d90:	d04f      	beq.n	8002e32 <memset+0xa6>
 8002d92:	1884      	adds	r4, r0, r2
 8002d94:	4684      	mov	ip, r0
 8002d96:	e004      	b.n	8002da2 <memset+0x16>
 8002d98:	f803 1b01 	strb.w	r1, [r3], #1
 8002d9c:	079d      	lsls	r5, r3, #30
 8002d9e:	d004      	beq.n	8002daa <memset+0x1e>
 8002da0:	469c      	mov	ip, r3
 8002da2:	4564      	cmp	r4, ip
 8002da4:	4663      	mov	r3, ip
 8002da6:	d1f7      	bne.n	8002d98 <memset+0xc>
 8002da8:	bd70      	pop	{r4, r5, r6, pc}
 8002daa:	3a01      	subs	r2, #1
 8002dac:	4402      	add	r2, r0
 8002dae:	eba2 020c 	sub.w	r2, r2, ip
 8002db2:	2a03      	cmp	r2, #3
 8002db4:	d92f      	bls.n	8002e16 <memset+0x8a>
 8002db6:	b2cc      	uxtb	r4, r1
 8002db8:	eb04 2404 	add.w	r4, r4, r4, lsl #8
 8002dbc:	2a0f      	cmp	r2, #15
 8002dbe:	eb04 4404 	add.w	r4, r4, r4, lsl #16
 8002dc2:	d938      	bls.n	8002e36 <memset+0xaa>
 8002dc4:	f1a2 0610 	sub.w	r6, r2, #16
 8002dc8:	0935      	lsrs	r5, r6, #4
 8002dca:	3501      	adds	r5, #1
 8002dcc:	469c      	mov	ip, r3
 8002dce:	f04f 0e00 	mov.w	lr, #0
 8002dd2:	f10e 0e01 	add.w	lr, lr, #1
 8002dd6:	45ae      	cmp	lr, r5
 8002dd8:	e9cc 4400 	strd	r4, r4, [ip]
 8002ddc:	e9cc 4402 	strd	r4, r4, [ip, #8]
 8002de0:	f10c 0c10 	add.w	ip, ip, #16
 8002de4:	d3f5      	bcc.n	8002dd2 <memset+0x46>
 8002de6:	f026 060f 	bic.w	r6, r6, #15
 8002dea:	3310      	adds	r3, #16
 8002dec:	f012 0f0c 	tst.w	r2, #12
 8002df0:	4433      	add	r3, r6
 8002df2:	f002 050f 	and.w	r5, r2, #15
 8002df6:	d01a      	beq.n	8002e2e <memset+0xa2>
 8002df8:	1f2a      	subs	r2, r5, #4
 8002dfa:	2a03      	cmp	r2, #3
 8002dfc:	601c      	str	r4, [r3, #0]
 8002dfe:	d905      	bls.n	8002e0c <memset+0x80>
 8002e00:	f1a5 0208 	sub.w	r2, r5, #8
 8002e04:	2a03      	cmp	r2, #3
 8002e06:	605c      	str	r4, [r3, #4]
 8002e08:	bf88      	it	hi
 8002e0a:	609c      	strhi	r4, [r3, #8]
 8002e0c:	f005 0203 	and.w	r2, r5, #3
 8002e10:	f025 0503 	bic.w	r5, r5, #3
 8002e14:	442b      	add	r3, r5
 8002e16:	1e54      	subs	r4, r2, #1
 8002e18:	2a00      	cmp	r2, #0
 8002e1a:	d0c5      	beq.n	8002da8 <memset+0x1c>
 8002e1c:	b2c9      	uxtb	r1, r1
 8002e1e:	7019      	strb	r1, [r3, #0]
 8002e20:	2c00      	cmp	r4, #0
 8002e22:	d0c1      	beq.n	8002da8 <memset+0x1c>
 8002e24:	2c01      	cmp	r4, #1
 8002e26:	7059      	strb	r1, [r3, #1]
 8002e28:	bf18      	it	ne
 8002e2a:	7099      	strbne	r1, [r3, #2]
 8002e2c:	bd70      	pop	{r4, r5, r6, pc}
 8002e2e:	462a      	mov	r2, r5
 8002e30:	e7f1      	b.n	8002e16 <memset+0x8a>
 8002e32:	4603      	mov	r3, r0
 8002e34:	e7bd      	b.n	8002db2 <memset+0x26>
 8002e36:	4615      	mov	r5, r2
 8002e38:	e7de      	b.n	8002df8 <memset+0x6c>
 8002e3a:	bf00      	nop

08002e3c <strncpy>:
 8002e3c:	b538      	push	{r3, r4, r5, lr}
 8002e3e:	ea40 0301 	orr.w	r3, r0, r1
 8002e42:	079b      	lsls	r3, r3, #30
 8002e44:	4604      	mov	r4, r0
 8002e46:	d122      	bne.n	8002e8e <strncpy+0x52>
 8002e48:	2a03      	cmp	r2, #3
 8002e4a:	d920      	bls.n	8002e8e <strncpy+0x52>
 8002e4c:	468c      	mov	ip, r1
 8002e4e:	f8dc 5000 	ldr.w	r5, [ip]
 8002e52:	f1a5 3301 	sub.w	r3, r5, #16843009	@ 0x1010101
 8002e56:	ea23 0305 	bic.w	r3, r3, r5
 8002e5a:	f013 3f80 	tst.w	r3, #2155905152	@ 0x80808080
 8002e5e:	4661      	mov	r1, ip
 8002e60:	f10c 0c04 	add.w	ip, ip, #4
 8002e64:	d114      	bne.n	8002e90 <strncpy+0x54>
 8002e66:	3a04      	subs	r2, #4
 8002e68:	2a03      	cmp	r2, #3
 8002e6a:	f840 5b04 	str.w	r5, [r0], #4
 8002e6e:	d8ee      	bhi.n	8002e4e <strncpy+0x12>
 8002e70:	4661      	mov	r1, ip
 8002e72:	1e4b      	subs	r3, r1, #1
 8002e74:	b14a      	cbz	r2, 8002e8a <strncpy+0x4e>
 8002e76:	f813 1f01 	ldrb.w	r1, [r3, #1]!
 8002e7a:	f800 1b01 	strb.w	r1, [r0], #1
 8002e7e:	3a01      	subs	r2, #1
 8002e80:	2900      	cmp	r1, #0
 8002e82:	d1f7      	bne.n	8002e74 <strncpy+0x38>
 8002e84:	b10a      	cbz	r2, 8002e8a <strncpy+0x4e>
 8002e86:	f7ff ff81 	bl	8002d8c <memset>
 8002e8a:	4620      	mov	r0, r4
 8002e8c:	bd38      	pop	{r3, r4, r5, pc}
 8002e8e:	4620      	mov	r0, r4
 8002e90:	1e4b      	subs	r3, r1, #1
 8002e92:	e7ef      	b.n	8002e74 <strncpy+0x38>

08002e94 <strnlen>:
 8002e94:	b171      	cbz	r1, 8002eb4 <strnlen+0x20>
 8002e96:	4603      	mov	r3, r0
 8002e98:	eb01 0c00 	add.w	ip, r1, r0
 8002e9c:	e001      	b.n	8002ea2 <strnlen+0xe>
 8002e9e:	4563      	cmp	r3, ip
 8002ea0:	d006      	beq.n	8002eb0 <strnlen+0x1c>
 8002ea2:	461a      	mov	r2, r3
 8002ea4:	3301      	adds	r3, #1
 8002ea6:	7811      	ldrb	r1, [r2, #0]
 8002ea8:	2900      	cmp	r1, #0
 8002eaa:	d1f8      	bne.n	8002e9e <strnlen+0xa>
 8002eac:	1a10      	subs	r0, r2, r0
 8002eae:	4770      	bx	lr
 8002eb0:	1a18      	subs	r0, r3, r0
 8002eb2:	4770      	bx	lr
 8002eb4:	4608      	mov	r0, r1
 8002eb6:	4770      	bx	lr

08002eb8 <printf>:
 8002eb8:	b40f      	push	{r0, r1, r2, r3}
 8002eba:	b500      	push	{lr}
 8002ebc:	b083      	sub	sp, #12
 8002ebe:	aa04      	add	r2, sp, #16
 8002ec0:	4b05      	ldr	r3, [pc, #20]	@ (8002ed8 <printf+0x20>)
 8002ec2:	f852 1b04 	ldr.w	r1, [r2], #4
 8002ec6:	6818      	ldr	r0, [r3, #0]
 8002ec8:	9201      	str	r2, [sp, #4]
 8002eca:	f000 f885 	bl	8002fd8 <__l_vfprintf>
 8002ece:	b003      	add	sp, #12
 8002ed0:	f85d eb04 	ldr.w	lr, [sp], #4
 8002ed4:	b004      	add	sp, #16
 8002ed6:	4770      	bx	lr
 8002ed8:	08005888 	.word	0x08005888

08002edc <__ultoa_invert>:
 8002edc:	b570      	push	{r4, r5, r6, lr}
 8002ede:	f003 051f 	and.w	r5, r3, #31
 8002ee2:	2d08      	cmp	r5, #8
 8002ee4:	4684      	mov	ip, r0
 8002ee6:	468e      	mov	lr, r1
 8002ee8:	d065      	beq.n	8002fb6 <__ultoa_invert+0xda>
 8002eea:	f1c3 0337 	rsb	r3, r3, #55	@ 0x37
 8002eee:	2d10      	cmp	r5, #16
 8002ef0:	b2dc      	uxtb	r4, r3
 8002ef2:	4610      	mov	r0, r2
 8002ef4:	d044      	beq.n	8002f80 <__ultoa_invert+0xa4>
 8002ef6:	ea4f 039c 	mov.w	r3, ip, lsr #2
 8002efa:	ea4f 025c 	mov.w	r2, ip, lsr #1
 8002efe:	ea43 738e 	orr.w	r3, r3, lr, lsl #30
 8002f02:	ea42 72ce 	orr.w	r2, r2, lr, lsl #31
 8002f06:	189a      	adds	r2, r3, r2
 8002f08:	ea4f 015e 	mov.w	r1, lr, lsr #1
 8002f0c:	eb41 019e 	adc.w	r1, r1, lr, lsr #2
 8002f10:	0913      	lsrs	r3, r2, #4
 8002f12:	ea43 7301 	orr.w	r3, r3, r1, lsl #28
 8002f16:	189a      	adds	r2, r3, r2
 8002f18:	eb41 1111 	adc.w	r1, r1, r1, lsr #4
 8002f1c:	0a13      	lsrs	r3, r2, #8
 8002f1e:	ea43 6301 	orr.w	r3, r3, r1, lsl #24
 8002f22:	189a      	adds	r2, r3, r2
 8002f24:	eb41 2111 	adc.w	r1, r1, r1, lsr #8
 8002f28:	0c13      	lsrs	r3, r2, #16
 8002f2a:	ea43 4301 	orr.w	r3, r3, r1, lsl #16
 8002f2e:	189b      	adds	r3, r3, r2
 8002f30:	eb41 4111 	adc.w	r1, r1, r1, lsr #16
 8002f34:	18cb      	adds	r3, r1, r3
 8002f36:	fa5f f28c 	uxtb.w	r2, ip
 8002f3a:	f141 0100 	adc.w	r1, r1, #0
 8002f3e:	ea4f 0cd3 	mov.w	ip, r3, lsr #3
 8002f42:	ea4c 7c41 	orr.w	ip, ip, r1, lsl #29
 8002f46:	eb0c 038c 	add.w	r3, ip, ip, lsl #2
 8002f4a:	eba2 0343 	sub.w	r3, r2, r3, lsl #1
 8002f4e:	b2db      	uxtb	r3, r3
 8002f50:	f1a3 020a 	sub.w	r2, r3, #10
 8002f54:	b2d2      	uxtb	r2, r2
 8002f56:	18a5      	adds	r5, r4, r2
 8002f58:	2b09      	cmp	r3, #9
 8002f5a:	f103 0630 	add.w	r6, r3, #48	@ 0x30
 8002f5e:	ea4f 0ed1 	mov.w	lr, r1, lsr #3
 8002f62:	f105 0530 	add.w	r5, r5, #48	@ 0x30
 8002f66:	d920      	bls.n	8002faa <__ultoa_invert+0xce>
 8002f68:	f11c 0c01 	adds.w	ip, ip, #1
 8002f6c:	f14e 0e00 	adc.w	lr, lr, #0
 8002f70:	2a09      	cmp	r2, #9
 8002f72:	bf9a      	itte	ls
 8002f74:	3326      	addls	r3, #38	@ 0x26
 8002f76:	f800 3b01 	strbls.w	r3, [r0], #1
 8002f7a:	f800 5b01 	strbhi.w	r5, [r0], #1
 8002f7e:	e7ba      	b.n	8002ef6 <__ultoa_invert+0x1a>
 8002f80:	f00c 030f 	and.w	r3, ip, #15
 8002f84:	2b09      	cmp	r3, #9
 8002f86:	bf88      	it	hi
 8002f88:	191b      	addhi	r3, r3, r4
 8002f8a:	ea4f 121c 	mov.w	r2, ip, lsr #4
 8002f8e:	ea42 720e 	orr.w	r2, r2, lr, lsl #28
 8002f92:	ea4f 111e 	mov.w	r1, lr, lsr #4
 8002f96:	bf88      	it	hi
 8002f98:	b2db      	uxtbhi	r3, r3
 8002f9a:	4694      	mov	ip, r2
 8002f9c:	3330      	adds	r3, #48	@ 0x30
 8002f9e:	430a      	orrs	r2, r1
 8002fa0:	f800 3b01 	strb.w	r3, [r0], #1
 8002fa4:	468e      	mov	lr, r1
 8002fa6:	d1eb      	bne.n	8002f80 <__ultoa_invert+0xa4>
 8002fa8:	bd70      	pop	{r4, r5, r6, pc}
 8002faa:	ea5c 030e 	orrs.w	r3, ip, lr
 8002fae:	f800 6b01 	strb.w	r6, [r0], #1
 8002fb2:	d1a0      	bne.n	8002ef6 <__ultoa_invert+0x1a>
 8002fb4:	bd70      	pop	{r4, r5, r6, pc}
 8002fb6:	4610      	mov	r0, r2
 8002fb8:	f00c 0307 	and.w	r3, ip, #7
 8002fbc:	ea4f 0cdc 	mov.w	ip, ip, lsr #3
 8002fc0:	ea4c 7c4e 	orr.w	ip, ip, lr, lsl #29
 8002fc4:	3330      	adds	r3, #48	@ 0x30
 8002fc6:	ea4f 0ede 	mov.w	lr, lr, lsr #3
 8002fca:	f800 3b01 	strb.w	r3, [r0], #1
 8002fce:	ea5c 030e 	orrs.w	r3, ip, lr
 8002fd2:	d1f1      	bne.n	8002fb8 <__ultoa_invert+0xdc>
 8002fd4:	bd70      	pop	{r4, r5, r6, pc}
 8002fd6:	bf00      	nop

08002fd8 <__l_vfprintf>:
 8002fd8:	e92d 4ff0 	stmdb	sp!, {r4, r5, r6, r7, r8, r9, sl, fp, lr}
 8002fdc:	7883      	ldrb	r3, [r0, #2]
 8002fde:	f8d0 9004 	ldr.w	r9, [r0, #4]
 8002fe2:	079f      	lsls	r7, r3, #30
 8002fe4:	b08b      	sub	sp, #44	@ 0x2c
 8002fe6:	f140 8132 	bpl.w	800324e <__l_vfprintf+0x276>
 8002fea:	460b      	mov	r3, r1
 8002fec:	4680      	mov	r8, r0
 8002fee:	f813 0b01 	ldrb.w	r0, [r3], #1
 8002ff2:	460c      	mov	r4, r1
 8002ff4:	2800      	cmp	r0, #0
 8002ff6:	f000 83d8 	beq.w	80037aa <__l_vfprintf+0x7d2>
 8002ffa:	2500      	movs	r5, #0
 8002ffc:	9200      	str	r2, [sp, #0]
 8002ffe:	e00d      	b.n	800301c <__l_vfprintf+0x44>
 8003000:	461c      	mov	r4, r3
 8003002:	4641      	mov	r1, r8
 8003004:	47c8      	blx	r9
 8003006:	2800      	cmp	r0, #0
 8003008:	f105 0501 	add.w	r5, r5, #1
 800300c:	f2c0 8119 	blt.w	8003242 <__l_vfprintf+0x26a>
 8003010:	4623      	mov	r3, r4
 8003012:	f813 0b01 	ldrb.w	r0, [r3], #1
 8003016:	2800      	cmp	r0, #0
 8003018:	f000 811b 	beq.w	8003252 <__l_vfprintf+0x27a>
 800301c:	2825      	cmp	r0, #37	@ 0x25
 800301e:	d1ef      	bne.n	8003000 <__l_vfprintf+0x28>
 8003020:	7866      	ldrb	r6, [r4, #1]
 8003022:	2e25      	cmp	r6, #37	@ 0x25
 8003024:	f104 0402 	add.w	r4, r4, #2
 8003028:	d0eb      	beq.n	8003002 <__l_vfprintf+0x2a>
 800302a:	f04f 0b00 	mov.w	fp, #0
 800302e:	46da      	mov	sl, fp
 8003030:	465f      	mov	r7, fp
 8003032:	2f1f      	cmp	r7, #31
 8003034:	d95d      	bls.n	80030f2 <__l_vfprintf+0x11a>
 8003036:	2f7f      	cmp	r7, #127	@ 0x7f
 8003038:	f200 808a 	bhi.w	8003150 <__l_vfprintf+0x178>
 800303c:	f1a6 0330 	sub.w	r3, r6, #48	@ 0x30
 8003040:	2b09      	cmp	r3, #9
 8003042:	d811      	bhi.n	8003068 <__l_vfprintf+0x90>
 8003044:	067e      	lsls	r6, r7, #25
 8003046:	f100 8132 	bmi.w	80032ae <__l_vfprintf+0x2d6>
 800304a:	f814 6b01 	ldrb.w	r6, [r4], #1
 800304e:	eb0a 0a8a 	add.w	sl, sl, sl, lsl #2
 8003052:	eb03 0a4a 	add.w	sl, r3, sl, lsl #1
 8003056:	f047 0720 	orr.w	r7, r7, #32
 800305a:	f1a6 0330 	sub.w	r3, r6, #48	@ 0x30
 800305e:	2e00      	cmp	r6, #0
 8003060:	f000 80e1 	beq.w	8003226 <__l_vfprintf+0x24e>
 8003064:	2b09      	cmp	r3, #9
 8003066:	d9f0      	bls.n	800304a <__l_vfprintf+0x72>
 8003068:	2e2a      	cmp	r6, #42	@ 0x2a
 800306a:	f000 810e 	beq.w	800328a <__l_vfprintf+0x2b2>
 800306e:	2e2e      	cmp	r6, #46	@ 0x2e
 8003070:	f000 81c3 	beq.w	80033fa <__l_vfprintf+0x422>
 8003074:	f1a6 034c 	sub.w	r3, r6, #76	@ 0x4c
 8003078:	2b2e      	cmp	r3, #46	@ 0x2e
 800307a:	f200 8125 	bhi.w	80032c8 <__l_vfprintf+0x2f0>
 800307e:	e8df f013 	tbh	[pc, r3, lsl #1]
 8003082:	0061      	.short	0x0061
 8003084:	01230123 	.word	0x01230123
 8003088:	01230123 	.word	0x01230123
 800308c:	01230123 	.word	0x01230123
 8003090:	01230123 	.word	0x01230123
 8003094:	01230123 	.word	0x01230123
 8003098:	01230123 	.word	0x01230123
 800309c:	01230123 	.word	0x01230123
 80030a0:	01230123 	.word	0x01230123
 80030a4:	01230123 	.word	0x01230123
 80030a8:	01230123 	.word	0x01230123
 80030ac:	01230123 	.word	0x01230123
 80030b0:	01230123 	.word	0x01230123
 80030b4:	01230123 	.word	0x01230123
 80030b8:	01510123 	.word	0x01510123
 80030bc:	00610123 	.word	0x00610123
 80030c0:	015d0123 	.word	0x015d0123
 80030c4:	01230123 	.word	0x01230123
 80030c8:	01230123 	.word	0x01230123
 80030cc:	01230123 	.word	0x01230123
 80030d0:	00cd0123 	.word	0x00cd0123
 80030d4:	01230123 	.word	0x01230123
 80030d8:	01230123 	.word	0x01230123
 80030dc:	00cd0123 	.word	0x00cd0123
 80030e0:	f047 0702 	orr.w	r7, r7, #2
 80030e4:	f814 6b01 	ldrb.w	r6, [r4], #1
 80030e8:	f047 0704 	orr.w	r7, r7, #4
 80030ec:	2e00      	cmp	r6, #0
 80030ee:	f000 809a 	beq.w	8003226 <__l_vfprintf+0x24e>
 80030f2:	f1a6 0320 	sub.w	r3, r6, #32
 80030f6:	2b10      	cmp	r3, #16
 80030f8:	d8a0      	bhi.n	800303c <__l_vfprintf+0x64>
 80030fa:	a201      	add	r2, pc, #4	@ (adr r2, 8003100 <__l_vfprintf+0x128>)
 80030fc:	f852 f023 	ldr.w	pc, [r2, r3, lsl #2]
 8003100:	080030e5 	.word	0x080030e5
 8003104:	0800303d 	.word	0x0800303d
 8003108:	0800303d 	.word	0x0800303d
 800310c:	0800325b 	.word	0x0800325b
 8003110:	0800303d 	.word	0x0800303d
 8003114:	0800303d 	.word	0x0800303d
 8003118:	0800303d 	.word	0x0800303d
 800311c:	0800321d 	.word	0x0800321d
 8003120:	0800303d 	.word	0x0800303d
 8003124:	0800303d 	.word	0x0800303d
 8003128:	0800303d 	.word	0x0800303d
 800312c:	080030e1 	.word	0x080030e1
 8003130:	0800303d 	.word	0x0800303d
 8003134:	0800327b 	.word	0x0800327b
 8003138:	0800303d 	.word	0x0800303d
 800313c:	0800303d 	.word	0x0800303d
 8003140:	0800326b 	.word	0x0800326b
 8003144:	f814 6b01 	ldrb.w	r6, [r4], #1
 8003148:	f447 7720 	orr.w	r7, r7, #640	@ 0x280
 800314c:	2e00      	cmp	r6, #0
 800314e:	d06a      	beq.n	8003226 <__l_vfprintf+0x24e>
 8003150:	f1a6 034c 	sub.w	r3, r6, #76	@ 0x4c
 8003154:	2b2e      	cmp	r3, #46	@ 0x2e
 8003156:	f200 80b7 	bhi.w	80032c8 <__l_vfprintf+0x2f0>
 800315a:	a201      	add	r2, pc, #4	@ (adr r2, 8003160 <__l_vfprintf+0x188>)
 800315c:	f852 f023 	ldr.w	pc, [r2, r3, lsl #2]
 8003160:	08003145 	.word	0x08003145
 8003164:	080032c9 	.word	0x080032c9
 8003168:	080032c9 	.word	0x080032c9
 800316c:	080032c9 	.word	0x080032c9
 8003170:	080032c9 	.word	0x080032c9
 8003174:	080032c9 	.word	0x080032c9
 8003178:	080032c9 	.word	0x080032c9
 800317c:	080032c9 	.word	0x080032c9
 8003180:	080032c9 	.word	0x080032c9
 8003184:	080032c9 	.word	0x080032c9
 8003188:	080032c9 	.word	0x080032c9
 800318c:	080032c9 	.word	0x080032c9
 8003190:	080032c9 	.word	0x080032c9
 8003194:	080032c9 	.word	0x080032c9
 8003198:	080032c9 	.word	0x080032c9
 800319c:	080032c9 	.word	0x080032c9
 80031a0:	080032c9 	.word	0x080032c9
 80031a4:	080032c9 	.word	0x080032c9
 80031a8:	080032c9 	.word	0x080032c9
 80031ac:	080032c9 	.word	0x080032c9
 80031b0:	080032c9 	.word	0x080032c9
 80031b4:	080032c9 	.word	0x080032c9
 80031b8:	080032c9 	.word	0x080032c9
 80031bc:	080032c9 	.word	0x080032c9
 80031c0:	080032c9 	.word	0x080032c9
 80031c4:	080032c9 	.word	0x080032c9
 80031c8:	080032c9 	.word	0x080032c9
 80031cc:	080032c9 	.word	0x080032c9
 80031d0:	0800331d 	.word	0x0800331d
 80031d4:	080032c9 	.word	0x080032c9
 80031d8:	08003145 	.word	0x08003145
 80031dc:	080032c9 	.word	0x080032c9
 80031e0:	08003335 	.word	0x08003335
 80031e4:	080032c9 	.word	0x080032c9
 80031e8:	080032c9 	.word	0x080032c9
 80031ec:	080032c9 	.word	0x080032c9
 80031f0:	080032c9 	.word	0x080032c9
 80031f4:	080032c9 	.word	0x080032c9
 80031f8:	080032c9 	.word	0x080032c9
 80031fc:	080032c9 	.word	0x080032c9
 8003200:	08003411 	.word	0x08003411
 8003204:	080032c9 	.word	0x080032c9
 8003208:	080032c9 	.word	0x080032c9
 800320c:	080032c9 	.word	0x080032c9
 8003210:	080032c9 	.word	0x080032c9
 8003214:	080032c9 	.word	0x080032c9
 8003218:	08003411 	.word	0x08003411
 800321c:	f814 6b01 	ldrb.w	r6, [r4], #1
 8003220:	2e00      	cmp	r6, #0
 8003222:	f47f af06 	bne.w	8003032 <__l_vfprintf+0x5a>
 8003226:	2600      	movs	r6, #0
 8003228:	4641      	mov	r1, r8
 800322a:	2025      	movs	r0, #37	@ 0x25
 800322c:	47c8      	blx	r9
 800322e:	2800      	cmp	r0, #0
 8003230:	db07      	blt.n	8003242 <__l_vfprintf+0x26a>
 8003232:	4630      	mov	r0, r6
 8003234:	4641      	mov	r1, r8
 8003236:	47c8      	blx	r9
 8003238:	2800      	cmp	r0, #0
 800323a:	f105 0502 	add.w	r5, r5, #2
 800323e:	f6bf aee7 	bge.w	8003010 <__l_vfprintf+0x38>
 8003242:	f898 3002 	ldrb.w	r3, [r8, #2]
 8003246:	f043 0304 	orr.w	r3, r3, #4
 800324a:	f888 3002 	strb.w	r3, [r8, #2]
 800324e:	f04f 35ff 	mov.w	r5, #4294967295
 8003252:	4628      	mov	r0, r5
 8003254:	b00b      	add	sp, #44	@ 0x2c
 8003256:	e8bd 8ff0 	ldmia.w	sp!, {r4, r5, r6, r7, r8, r9, sl, fp, pc}
 800325a:	f814 6b01 	ldrb.w	r6, [r4], #1
 800325e:	f047 0710 	orr.w	r7, r7, #16
 8003262:	2e00      	cmp	r6, #0
 8003264:	f47f af45 	bne.w	80030f2 <__l_vfprintf+0x11a>
 8003268:	e7dd      	b.n	8003226 <__l_vfprintf+0x24e>
 800326a:	f814 6b01 	ldrb.w	r6, [r4], #1
 800326e:	f047 0701 	orr.w	r7, r7, #1
 8003272:	2e00      	cmp	r6, #0
 8003274:	f47f af3d 	bne.w	80030f2 <__l_vfprintf+0x11a>
 8003278:	e7d5      	b.n	8003226 <__l_vfprintf+0x24e>
 800327a:	f814 6b01 	ldrb.w	r6, [r4], #1
 800327e:	f047 0708 	orr.w	r7, r7, #8
 8003282:	2e00      	cmp	r6, #0
 8003284:	f47f af35 	bne.w	80030f2 <__l_vfprintf+0x11a>
 8003288:	e7cd      	b.n	8003226 <__l_vfprintf+0x24e>
 800328a:	9900      	ldr	r1, [sp, #0]
 800328c:	0678      	lsls	r0, r7, #25
 800328e:	f851 2b04 	ldr.w	r2, [r1], #4
 8003292:	f140 80c3 	bpl.w	800341c <__l_vfprintf+0x444>
 8003296:	f814 6b01 	ldrb.w	r6, [r4], #1
 800329a:	2e00      	cmp	r6, #0
 800329c:	f000 825d 	beq.w	800375a <__l_vfprintf+0x782>
 80032a0:	f1a6 0330 	sub.w	r3, r6, #48	@ 0x30
 80032a4:	2b09      	cmp	r3, #9
 80032a6:	9100      	str	r1, [sp, #0]
 80032a8:	4693      	mov	fp, r2
 80032aa:	f63f aedd 	bhi.w	8003068 <__l_vfprintf+0x90>
 80032ae:	f814 6b01 	ldrb.w	r6, [r4], #1
 80032b2:	eb0b 0b8b 	add.w	fp, fp, fp, lsl #2
 80032b6:	eb03 0b4b 	add.w	fp, r3, fp, lsl #1
 80032ba:	2e00      	cmp	r6, #0
 80032bc:	d0b3      	beq.n	8003226 <__l_vfprintf+0x24e>
 80032be:	f1a6 0330 	sub.w	r3, r6, #48	@ 0x30
 80032c2:	2b09      	cmp	r3, #9
 80032c4:	d9f3      	bls.n	80032ae <__l_vfprintf+0x2d6>
 80032c6:	e6cf      	b.n	8003068 <__l_vfprintf+0x90>
 80032c8:	f046 0320 	orr.w	r3, r6, #32
 80032cc:	f1bb 0f00 	cmp.w	fp, #0
 80032d0:	f1a3 0265 	sub.w	r2, r3, #101	@ 0x65
 80032d4:	da04      	bge.n	80032e0 <__l_vfprintf+0x308>
 80032d6:	f027 0740 	bic.w	r7, r7, #64	@ 0x40
 80032da:	b2bf      	uxth	r7, r7
 80032dc:	f04f 0b00 	mov.w	fp, #0
 80032e0:	2a02      	cmp	r2, #2
 80032e2:	d933      	bls.n	800334c <__l_vfprintf+0x374>
 80032e4:	2b61      	cmp	r3, #97	@ 0x61
 80032e6:	d031      	beq.n	800334c <__l_vfprintf+0x374>
 80032e8:	f1a6 0263 	sub.w	r2, r6, #99	@ 0x63
 80032ec:	2a12      	cmp	r2, #18
 80032ee:	f200 81fc 	bhi.w	80036ea <__l_vfprintf+0x712>
 80032f2:	e8df f012 	tbh	[pc, r2, lsl #1]
 80032f6:	012e      	.short	0x012e
 80032f8:	01fa00a5 	.word	0x01fa00a5
 80032fc:	01fa01fa 	.word	0x01fa01fa
 8003300:	00a501fa 	.word	0x00a501fa
 8003304:	01fa01fa 	.word	0x01fa01fa
 8003308:	01fa01fa 	.word	0x01fa01fa
 800330c:	01f001fa 	.word	0x01f001fa
 8003310:	01fa014e 	.word	0x01fa014e
 8003314:	013801fa 	.word	0x013801fa
 8003318:	00ef01fa 	.word	0x00ef01fa
 800331c:	05fe      	lsls	r6, r7, #23
 800331e:	bf48      	it	mi
 8003320:	f447 7700 	orrmi.w	r7, r7, #512	@ 0x200
 8003324:	f814 6b01 	ldrb.w	r6, [r4], #1
 8003328:	f447 7780 	orr.w	r7, r7, #256	@ 0x100
 800332c:	2e00      	cmp	r6, #0
 800332e:	f47f af0f 	bne.w	8003150 <__l_vfprintf+0x178>
 8003332:	e778      	b.n	8003226 <__l_vfprintf+0x24e>
 8003334:	063b      	lsls	r3, r7, #24
 8003336:	bf48      	it	mi
 8003338:	f447 7700 	orrmi.w	r7, r7, #512	@ 0x200
 800333c:	f814 6b01 	ldrb.w	r6, [r4], #1
 8003340:	f047 0780 	orr.w	r7, r7, #128	@ 0x80
 8003344:	2e00      	cmp	r6, #0
 8003346:	f47f af03 	bne.w	8003150 <__l_vfprintf+0x178>
 800334a:	e76c      	b.n	8003226 <__l_vfprintf+0x24e>
 800334c:	9b00      	ldr	r3, [sp, #0]
 800334e:	f103 0b07 	add.w	fp, r3, #7
 8003352:	f02b 0b07 	bic.w	fp, fp, #7
 8003356:	f10b 0308 	add.w	r3, fp, #8
 800335a:	9300      	str	r3, [sp, #0]
 800335c:	4bba      	ldr	r3, [pc, #744]	@ (8003648 <__l_vfprintf+0x670>)
 800335e:	f04f 0b07 	mov.w	fp, #7
 8003362:	0738      	lsls	r0, r7, #28
 8003364:	4651      	mov	r1, sl
 8003366:	d418      	bmi.n	800339a <__l_vfprintf+0x3c2>
 8003368:	45d3      	cmp	fp, sl
 800336a:	d216      	bcs.n	800339a <__l_vfprintf+0x3c2>
 800336c:	464e      	mov	r6, r9
 800336e:	461f      	mov	r7, r3
 8003370:	46d1      	mov	r9, sl
 8003372:	e002      	b.n	800337a <__l_vfprintf+0x3a2>
 8003374:	4583      	cmp	fp, r0
 8003376:	d208      	bcs.n	800338a <__l_vfprintf+0x3b2>
 8003378:	4682      	mov	sl, r0
 800337a:	4641      	mov	r1, r8
 800337c:	2020      	movs	r0, #32
 800337e:	47b0      	blx	r6
 8003380:	2800      	cmp	r0, #0
 8003382:	f10a 30ff 	add.w	r0, sl, #4294967295
 8003386:	daf5      	bge.n	8003374 <__l_vfprintf+0x39c>
 8003388:	e75b      	b.n	8003242 <__l_vfprintf+0x26a>
 800338a:	4649      	mov	r1, r9
 800338c:	3501      	adds	r5, #1
 800338e:	440d      	add	r5, r1
 8003390:	463b      	mov	r3, r7
 8003392:	46b1      	mov	r9, r6
 8003394:	eba5 050a 	sub.w	r5, r5, sl
 8003398:	4601      	mov	r1, r0
 800339a:	461e      	mov	r6, r3
 800339c:	eb03 070b 	add.w	r7, r3, fp
 80033a0:	9401      	str	r4, [sp, #4]
 80033a2:	464c      	mov	r4, r9
 80033a4:	4699      	mov	r9, r3
 80033a6:	462b      	mov	r3, r5
 80033a8:	468a      	mov	sl, r1
 80033aa:	4635      	mov	r5, r6
 80033ac:	461e      	mov	r6, r3
 80033ae:	e005      	b.n	80033bc <__l_vfprintf+0x3e4>
 80033b0:	f815 0b01 	ldrb.w	r0, [r5], #1
 80033b4:	47a0      	blx	r4
 80033b6:	2800      	cmp	r0, #0
 80033b8:	f6ff af43 	blt.w	8003242 <__l_vfprintf+0x26a>
 80033bc:	42bd      	cmp	r5, r7
 80033be:	4641      	mov	r1, r8
 80033c0:	d1f6      	bne.n	80033b0 <__l_vfprintf+0x3d8>
 80033c2:	464b      	mov	r3, r9
 80033c4:	4632      	mov	r2, r6
 80033c6:	46a1      	mov	r9, r4
 80033c8:	462e      	mov	r6, r5
 80033ca:	1ad3      	subs	r3, r2, r3
 80033cc:	9c01      	ldr	r4, [sp, #4]
 80033ce:	441e      	add	r6, r3
 80033d0:	ebaa 0a0b 	sub.w	sl, sl, fp
 80033d4:	4635      	mov	r5, r6
 80033d6:	44b2      	add	sl, r6
 80033d8:	464e      	mov	r6, r9
 80033da:	e005      	b.n	80033e8 <__l_vfprintf+0x410>
 80033dc:	47b0      	blx	r6
 80033de:	2800      	cmp	r0, #0
 80033e0:	f105 0501 	add.w	r5, r5, #1
 80033e4:	f6ff af2d 	blt.w	8003242 <__l_vfprintf+0x26a>
 80033e8:	ebaa 0305 	sub.w	r3, sl, r5
 80033ec:	2b00      	cmp	r3, #0
 80033ee:	4641      	mov	r1, r8
 80033f0:	f04f 0020 	mov.w	r0, #32
 80033f4:	dcf2      	bgt.n	80033dc <__l_vfprintf+0x404>
 80033f6:	46b1      	mov	r9, r6
 80033f8:	e60a      	b.n	8003010 <__l_vfprintf+0x38>
 80033fa:	067a      	lsls	r2, r7, #25
 80033fc:	f53f af29 	bmi.w	8003252 <__l_vfprintf+0x27a>
 8003400:	f814 6b01 	ldrb.w	r6, [r4], #1
 8003404:	f047 0740 	orr.w	r7, r7, #64	@ 0x40
 8003408:	2e00      	cmp	r6, #0
 800340a:	f47f af58 	bne.w	80032be <__l_vfprintf+0x2e6>
 800340e:	e70a      	b.n	8003226 <__l_vfprintf+0x24e>
 8003410:	f814 6b01 	ldrb.w	r6, [r4], #1
 8003414:	2e00      	cmp	r6, #0
 8003416:	f47f ae0e 	bne.w	8003036 <__l_vfprintf+0x5e>
 800341a:	e704      	b.n	8003226 <__l_vfprintf+0x24e>
 800341c:	2a00      	cmp	r2, #0
 800341e:	f2c0 8122 	blt.w	8003666 <__l_vfprintf+0x68e>
 8003422:	f814 6b01 	ldrb.w	r6, [r4], #1
 8003426:	f047 0720 	orr.w	r7, r7, #32
 800342a:	2e00      	cmp	r6, #0
 800342c:	f000 8195 	beq.w	800375a <__l_vfprintf+0x782>
 8003430:	f1a6 0330 	sub.w	r3, r6, #48	@ 0x30
 8003434:	2b09      	cmp	r3, #9
 8003436:	9100      	str	r1, [sp, #0]
 8003438:	4692      	mov	sl, r2
 800343a:	f67f ae06 	bls.w	800304a <__l_vfprintf+0x72>
 800343e:	e613      	b.n	8003068 <__l_vfprintf+0x90>
 8003440:	063a      	lsls	r2, r7, #24
 8003442:	9b00      	ldr	r3, [sp, #0]
 8003444:	f100 813b 	bmi.w	80036be <__l_vfprintf+0x6e6>
 8003448:	461a      	mov	r2, r3
 800344a:	05f9      	lsls	r1, r7, #23
 800344c:	f852 3b04 	ldr.w	r3, [r2], #4
 8003450:	9201      	str	r2, [sp, #4]
 8003452:	f100 81fd 	bmi.w	8003850 <__l_vfprintf+0x878>
 8003456:	4618      	mov	r0, r3
 8003458:	17db      	asrs	r3, r3, #31
 800345a:	f027 0110 	bic.w	r1, r7, #16
 800345e:	b28a      	uxth	r2, r1
 8003460:	2b00      	cmp	r3, #0
 8003462:	9200      	str	r2, [sp, #0]
 8003464:	f2c0 8186 	blt.w	8003774 <__l_vfprintf+0x79c>
 8003468:	ea50 0103 	orrs.w	r1, r0, r3
 800346c:	f040 825e 	bne.w	800392c <__l_vfprintf+0x954>
 8003470:	067b      	lsls	r3, r7, #25
 8003472:	f140 81d5 	bpl.w	8003820 <__l_vfprintf+0x848>
 8003476:	f1bb 0f00 	cmp.w	fp, #0
 800347a:	f040 8216 	bne.w	80038aa <__l_vfprintf+0x8d2>
 800347e:	f027 0711 	bic.w	r7, r7, #17
 8003482:	b2bb      	uxth	r3, r7
 8003484:	9300      	str	r3, [sp, #0]
 8003486:	4659      	mov	r1, fp
 8003488:	465b      	mov	r3, fp
 800348a:	f8dd c000 	ldr.w	ip, [sp]
 800348e:	f240 4706 	movw	r7, #1030	@ 0x406
 8003492:	f00c 0008 	and.w	r0, ip, #8
 8003496:	ea1c 0f07 	tst.w	ip, r7
 800349a:	4602      	mov	r2, r0
 800349c:	f000 826d 	beq.w	800397a <__l_vfprintf+0x9a2>
 80034a0:	3101      	adds	r1, #1
 80034a2:	2800      	cmp	r0, #0
 80034a4:	f000 81c7 	beq.w	8003836 <__l_vfprintf+0x85e>
 80034a8:	ebaa 0a01 	sub.w	sl, sl, r1
 80034ac:	9302      	str	r3, [sp, #8]
 80034ae:	9b00      	ldr	r3, [sp, #0]
 80034b0:	f013 0f02 	tst.w	r3, #2
 80034b4:	bf14      	ite	ne
 80034b6:	202b      	movne	r0, #43	@ 0x2b
 80034b8:	2020      	moveq	r0, #32
 80034ba:	f413 6f80 	tst.w	r3, #1024	@ 0x400
 80034be:	bf18      	it	ne
 80034c0:	202d      	movne	r0, #45	@ 0x2d
 80034c2:	4641      	mov	r1, r8
 80034c4:	47c8      	blx	r9
 80034c6:	2800      	cmp	r0, #0
 80034c8:	9b02      	ldr	r3, [sp, #8]
 80034ca:	f105 0601 	add.w	r6, r5, #1
 80034ce:	f280 80b1 	bge.w	8003634 <__l_vfprintf+0x65c>
 80034d2:	e6b6      	b.n	8003242 <__l_vfprintf+0x26a>
 80034d4:	f027 0710 	bic.w	r7, r7, #16
 80034d8:	b2bf      	uxth	r7, r7
 80034da:	230a      	movs	r3, #10
 80034dc:	f017 0280 	ands.w	r2, r7, #128	@ 0x80
 80034e0:	d05c      	beq.n	800359c <__l_vfprintf+0x5c4>
 80034e2:	f417 7100 	ands.w	r1, r7, #512	@ 0x200
 80034e6:	9a00      	ldr	r2, [sp, #0]
 80034e8:	f000 80cc 	beq.w	8003684 <__l_vfprintf+0x6ac>
 80034ec:	3207      	adds	r2, #7
 80034ee:	f022 0207 	bic.w	r2, r2, #7
 80034f2:	6851      	ldr	r1, [r2, #4]
 80034f4:	f852 0b08 	ldr.w	r0, [r2], #8
 80034f8:	9201      	str	r2, [sp, #4]
 80034fa:	f007 0c40 	and.w	ip, r7, #64	@ 0x40
 80034fe:	ea50 0201 	orrs.w	r2, r0, r1
 8003502:	f8cd c000 	str.w	ip, [sp]
 8003506:	d16c      	bne.n	80035e2 <__l_vfprintf+0x60a>
 8003508:	4662      	mov	r2, ip
 800350a:	2a00      	cmp	r2, #0
 800350c:	d054      	beq.n	80035b8 <__l_vfprintf+0x5e0>
 800350e:	f1bb 0f00 	cmp.w	fp, #0
 8003512:	f040 80bb 	bne.w	800368c <__l_vfprintf+0x6b4>
 8003516:	073b      	lsls	r3, r7, #28
 8003518:	f140 81d1 	bpl.w	80038be <__l_vfprintf+0x8e6>
 800351c:	465b      	mov	r3, fp
 800351e:	aa04      	add	r2, sp, #16
 8003520:	18d6      	adds	r6, r2, r3
 8003522:	4623      	mov	r3, r4
 8003524:	4637      	mov	r7, r6
 8003526:	464c      	mov	r4, r9
 8003528:	4693      	mov	fp, r2
 800352a:	4699      	mov	r9, r3
 800352c:	e005      	b.n	800353a <__l_vfprintf+0x562>
 800352e:	f817 0d01 	ldrb.w	r0, [r7, #-1]!
 8003532:	47a0      	blx	r4
 8003534:	2800      	cmp	r0, #0
 8003536:	f6ff ae84 	blt.w	8003242 <__l_vfprintf+0x26a>
 800353a:	45bb      	cmp	fp, r7
 800353c:	4641      	mov	r1, r8
 800353e:	d1f6      	bne.n	800352e <__l_vfprintf+0x556>
 8003540:	464b      	mov	r3, r9
 8003542:	465a      	mov	r2, fp
 8003544:	46a1      	mov	r9, r4
 8003546:	442e      	add	r6, r5
 8003548:	461c      	mov	r4, r3
 800354a:	9b01      	ldr	r3, [sp, #4]
 800354c:	9300      	str	r3, [sp, #0]
 800354e:	1ab6      	subs	r6, r6, r2
 8003550:	e740      	b.n	80033d4 <__l_vfprintf+0x3fc>
 8003552:	9a00      	ldr	r2, [sp, #0]
 8003554:	f852 3b04 	ldr.w	r3, [r2], #4
 8003558:	f88d 3010 	strb.w	r3, [sp, #16]
 800355c:	f04f 0b01 	mov.w	fp, #1
 8003560:	9200      	str	r2, [sp, #0]
 8003562:	ab04      	add	r3, sp, #16
 8003564:	e6fd      	b.n	8003362 <__l_vfprintf+0x38a>
 8003566:	9e00      	ldr	r6, [sp, #0]
 8003568:	4a38      	ldr	r2, [pc, #224]	@ (800364c <__l_vfprintf+0x674>)
 800356a:	f856 3b04 	ldr.w	r3, [r6], #4
 800356e:	2b00      	cmp	r3, #0
 8003570:	bf08      	it	eq
 8003572:	4613      	moveq	r3, r2
 8003574:	f017 0f40 	tst.w	r7, #64	@ 0x40
 8003578:	bf18      	it	ne
 800357a:	4659      	movne	r1, fp
 800357c:	4618      	mov	r0, r3
 800357e:	bf08      	it	eq
 8003580:	f04f 31ff 	moveq.w	r1, #4294967295
 8003584:	9301      	str	r3, [sp, #4]
 8003586:	f7ff fc85 	bl	8002e94 <strnlen>
 800358a:	9b01      	ldr	r3, [sp, #4]
 800358c:	9600      	str	r6, [sp, #0]
 800358e:	4683      	mov	fp, r0
 8003590:	e6e7      	b.n	8003362 <__l_vfprintf+0x38a>
 8003592:	f047 0710 	orr.w	r7, r7, #16
 8003596:	2310      	movs	r3, #16
 8003598:	2678      	movs	r6, #120	@ 0x78
 800359a:	e79f      	b.n	80034dc <__l_vfprintf+0x504>
 800359c:	9900      	ldr	r1, [sp, #0]
 800359e:	f851 0b04 	ldr.w	r0, [r1], #4
 80035a2:	9101      	str	r1, [sp, #4]
 80035a4:	f417 7180 	ands.w	r1, r7, #256	@ 0x100
 80035a8:	d0a7      	beq.n	80034fa <__l_vfprintf+0x522>
 80035aa:	f417 7100 	ands.w	r1, r7, #512	@ 0x200
 80035ae:	bf1a      	itte	ne
 80035b0:	b2c0      	uxtbne	r0, r0
 80035b2:	4611      	movne	r1, r2
 80035b4:	b280      	uxtheq	r0, r0
 80035b6:	e7a0      	b.n	80034fa <__l_vfprintf+0x522>
 80035b8:	f027 0716 	bic.w	r7, r7, #22
 80035bc:	b2ba      	uxth	r2, r7
 80035be:	9200      	str	r2, [sp, #0]
 80035c0:	2000      	movs	r0, #0
 80035c2:	aa04      	add	r2, sp, #16
 80035c4:	2100      	movs	r1, #0
 80035c6:	9202      	str	r2, [sp, #8]
 80035c8:	f7ff fc88 	bl	8002edc <__ultoa_invert>
 80035cc:	9a02      	ldr	r2, [sp, #8]
 80035ce:	1a83      	subs	r3, r0, r2
 80035d0:	9900      	ldr	r1, [sp, #0]
 80035d2:	f011 0108 	ands.w	r1, r1, #8
 80035d6:	f000 8090 	beq.w	80036fa <__l_vfprintf+0x722>
 80035da:	ebaa 0a03 	sub.w	sl, sl, r3
 80035de:	462e      	mov	r6, r5
 80035e0:	e028      	b.n	8003634 <__l_vfprintf+0x65c>
 80035e2:	aa04      	add	r2, sp, #16
 80035e4:	9202      	str	r2, [sp, #8]
 80035e6:	f7ff fc79 	bl	8002edc <__ultoa_invert>
 80035ea:	9a02      	ldr	r2, [sp, #8]
 80035ec:	9900      	ldr	r1, [sp, #0]
 80035ee:	1a83      	subs	r3, r0, r2
 80035f0:	2900      	cmp	r1, #0
 80035f2:	d073      	beq.n	80036dc <__l_vfprintf+0x704>
 80035f4:	f027 0107 	bic.w	r1, r7, #7
 80035f8:	b289      	uxth	r1, r1
 80035fa:	455b      	cmp	r3, fp
 80035fc:	9100      	str	r1, [sp, #0]
 80035fe:	f2c0 80d6 	blt.w	80037ae <__l_vfprintf+0x7d6>
 8003602:	06f9      	lsls	r1, r7, #27
 8003604:	f140 813f 	bpl.w	8003886 <__l_vfprintf+0x8ae>
 8003608:	9a00      	ldr	r2, [sp, #0]
 800360a:	f002 0208 	and.w	r2, r2, #8
 800360e:	2e00      	cmp	r6, #0
 8003610:	f040 80a9 	bne.w	8003766 <__l_vfprintf+0x78e>
 8003614:	1c59      	adds	r1, r3, #1
 8003616:	2a00      	cmp	r2, #0
 8003618:	f000 8123 	beq.w	8003862 <__l_vfprintf+0x88a>
 800361c:	ebaa 0a01 	sub.w	sl, sl, r1
 8003620:	2030      	movs	r0, #48	@ 0x30
 8003622:	4641      	mov	r1, r8
 8003624:	9300      	str	r3, [sp, #0]
 8003626:	47c8      	blx	r9
 8003628:	2800      	cmp	r0, #0
 800362a:	9b00      	ldr	r3, [sp, #0]
 800362c:	f105 0601 	add.w	r6, r5, #1
 8003630:	f6ff ae07 	blt.w	8003242 <__l_vfprintf+0x26a>
 8003634:	459b      	cmp	fp, r3
 8003636:	f340 817e 	ble.w	8003936 <__l_vfprintf+0x95e>
 800363a:	eb0b 0506 	add.w	r5, fp, r6
 800363e:	464f      	mov	r7, r9
 8003640:	1aed      	subs	r5, r5, r3
 8003642:	4699      	mov	r9, r3
 8003644:	e007      	b.n	8003656 <__l_vfprintf+0x67e>
 8003646:	bf00      	nop
 8003648:	0800574c 	.word	0x0800574c
 800364c:	08005744 	.word	0x08005744
 8003650:	42ae      	cmp	r6, r5
 8003652:	f000 8084 	beq.w	800375e <__l_vfprintf+0x786>
 8003656:	4641      	mov	r1, r8
 8003658:	2030      	movs	r0, #48	@ 0x30
 800365a:	47b8      	blx	r7
 800365c:	2800      	cmp	r0, #0
 800365e:	f106 0601 	add.w	r6, r6, #1
 8003662:	daf5      	bge.n	8003650 <__l_vfprintf+0x678>
 8003664:	e5ed      	b.n	8003242 <__l_vfprintf+0x26a>
 8003666:	f814 6b01 	ldrb.w	r6, [r4], #1
 800366a:	f1c2 0a00 	rsb	sl, r2, #0
 800366e:	f047 0728 	orr.w	r7, r7, #40	@ 0x28
 8003672:	2e00      	cmp	r6, #0
 8003674:	d071      	beq.n	800375a <__l_vfprintf+0x782>
 8003676:	f1a6 0330 	sub.w	r3, r6, #48	@ 0x30
 800367a:	2b09      	cmp	r3, #9
 800367c:	9100      	str	r1, [sp, #0]
 800367e:	f67f ace4 	bls.w	800304a <__l_vfprintf+0x72>
 8003682:	e4f1      	b.n	8003068 <__l_vfprintf+0x90>
 8003684:	f852 0b04 	ldr.w	r0, [r2], #4
 8003688:	9201      	str	r2, [sp, #4]
 800368a:	e736      	b.n	80034fa <__l_vfprintf+0x522>
 800368c:	aa04      	add	r2, sp, #16
 800368e:	2100      	movs	r1, #0
 8003690:	2000      	movs	r0, #0
 8003692:	9200      	str	r2, [sp, #0]
 8003694:	f7ff fc22 	bl	8002edc <__ultoa_invert>
 8003698:	9a00      	ldr	r2, [sp, #0]
 800369a:	f027 0117 	bic.w	r1, r7, #23
 800369e:	1a83      	subs	r3, r0, r2
 80036a0:	b289      	uxth	r1, r1
 80036a2:	459b      	cmp	fp, r3
 80036a4:	9100      	str	r1, [sp, #0]
 80036a6:	f340 80ee 	ble.w	8003886 <__l_vfprintf+0x8ae>
 80036aa:	2e00      	cmp	r6, #0
 80036ac:	f040 8127 	bne.w	80038fe <__l_vfprintf+0x926>
 80036b0:	0739      	lsls	r1, r7, #28
 80036b2:	f140 8086 	bpl.w	80037c2 <__l_vfprintf+0x7ea>
 80036b6:	ebaa 0a0b 	sub.w	sl, sl, fp
 80036ba:	462e      	mov	r6, r5
 80036bc:	e7bd      	b.n	800363a <__l_vfprintf+0x662>
 80036be:	05b8      	lsls	r0, r7, #22
 80036c0:	f140 80da 	bpl.w	8003878 <__l_vfprintf+0x8a0>
 80036c4:	3307      	adds	r3, #7
 80036c6:	f023 0307 	bic.w	r3, r3, #7
 80036ca:	461a      	mov	r2, r3
 80036cc:	685b      	ldr	r3, [r3, #4]
 80036ce:	f852 0b08 	ldr.w	r0, [r2], #8
 80036d2:	9201      	str	r2, [sp, #4]
 80036d4:	e6c1      	b.n	800345a <__l_vfprintf+0x482>
 80036d6:	2308      	movs	r3, #8
 80036d8:	2600      	movs	r6, #0
 80036da:	e6ff      	b.n	80034dc <__l_vfprintf+0x504>
 80036dc:	f027 0106 	bic.w	r1, r7, #6
 80036e0:	b289      	uxth	r1, r1
 80036e2:	9100      	str	r1, [sp, #0]
 80036e4:	06f9      	lsls	r1, r7, #27
 80036e6:	d48f      	bmi.n	8003608 <__l_vfprintf+0x630>
 80036e8:	e772      	b.n	80035d0 <__l_vfprintf+0x5f8>
 80036ea:	2b78      	cmp	r3, #120	@ 0x78
 80036ec:	f47f ad9c 	bne.w	8003228 <__l_vfprintf+0x250>
 80036f0:	f1c6 0378 	rsb	r3, r6, #120	@ 0x78
 80036f4:	f043 0310 	orr.w	r3, r3, #16
 80036f8:	e6f0      	b.n	80034dc <__l_vfprintf+0x504>
 80036fa:	9800      	ldr	r0, [sp, #0]
 80036fc:	07c0      	lsls	r0, r0, #31
 80036fe:	f140 8121 	bpl.w	8003944 <__l_vfprintf+0x96c>
 8003702:	459a      	cmp	sl, r3
 8003704:	ebaa 0003 	sub.w	r0, sl, r3
 8003708:	dd25      	ble.n	8003756 <__l_vfprintf+0x77e>
 800370a:	eb03 0b00 	add.w	fp, r3, r0
 800370e:	2900      	cmp	r1, #0
 8003710:	f000 8120 	beq.w	8003954 <__l_vfprintf+0x97c>
 8003714:	f04f 0a00 	mov.w	sl, #0
 8003718:	4641      	mov	r1, r8
 800371a:	2030      	movs	r0, #48	@ 0x30
 800371c:	9300      	str	r3, [sp, #0]
 800371e:	47c8      	blx	r9
 8003720:	2800      	cmp	r0, #0
 8003722:	f6ff ad8e 	blt.w	8003242 <__l_vfprintf+0x26a>
 8003726:	9b00      	ldr	r3, [sp, #0]
 8003728:	2e00      	cmp	r6, #0
 800372a:	f000 80aa 	beq.w	8003882 <__l_vfprintf+0x8aa>
 800372e:	4630      	mov	r0, r6
 8003730:	4641      	mov	r1, r8
 8003732:	9300      	str	r3, [sp, #0]
 8003734:	47c8      	blx	r9
 8003736:	2800      	cmp	r0, #0
 8003738:	9b00      	ldr	r3, [sp, #0]
 800373a:	f105 0602 	add.w	r6, r5, #2
 800373e:	f6bf af79 	bge.w	8003634 <__l_vfprintf+0x65c>
 8003742:	e57e      	b.n	8003242 <__l_vfprintf+0x26a>
 8003744:	9800      	ldr	r0, [sp, #0]
 8003746:	07c7      	lsls	r7, r0, #31
 8003748:	f140 810e 	bpl.w	8003968 <__l_vfprintf+0x990>
 800374c:	45d3      	cmp	fp, sl
 800374e:	ebaa 000b 	sub.w	r0, sl, fp
 8003752:	dbda      	blt.n	800370a <__l_vfprintf+0x732>
 8003754:	aa04      	add	r2, sp, #16
 8003756:	4682      	mov	sl, r0
 8003758:	e6e2      	b.n	8003520 <__l_vfprintf+0x548>
 800375a:	9100      	str	r1, [sp, #0]
 800375c:	e563      	b.n	8003226 <__l_vfprintf+0x24e>
 800375e:	464b      	mov	r3, r9
 8003760:	aa04      	add	r2, sp, #16
 8003762:	46b9      	mov	r9, r7
 8003764:	e6dc      	b.n	8003520 <__l_vfprintf+0x548>
 8003766:	1c99      	adds	r1, r3, #2
 8003768:	2a00      	cmp	r2, #0
 800376a:	f000 8091 	beq.w	8003890 <__l_vfprintf+0x8b8>
 800376e:	ebaa 0a01 	sub.w	sl, sl, r1
 8003772:	e7d1      	b.n	8003718 <__l_vfprintf+0x740>
 8003774:	4240      	negs	r0, r0
 8003776:	eb63 0143 	sbc.w	r1, r3, r3, lsl #1
 800377a:	f442 6380 	orr.w	r3, r2, #1024	@ 0x400
 800377e:	9300      	str	r3, [sp, #0]
 8003780:	aa04      	add	r2, sp, #16
 8003782:	230a      	movs	r3, #10
 8003784:	9202      	str	r2, [sp, #8]
 8003786:	f7ff fba9 	bl	8002edc <__ultoa_invert>
 800378a:	9a02      	ldr	r2, [sp, #8]
 800378c:	1a83      	subs	r3, r0, r2
 800378e:	9a00      	ldr	r2, [sp, #0]
 8003790:	0650      	lsls	r0, r2, #25
 8003792:	f140 80c4 	bpl.w	800391e <__l_vfprintf+0x946>
 8003796:	9a00      	ldr	r2, [sp, #0]
 8003798:	f022 0201 	bic.w	r2, r2, #1
 800379c:	b292      	uxth	r2, r2
 800379e:	459b      	cmp	fp, r3
 80037a0:	4659      	mov	r1, fp
 80037a2:	9200      	str	r2, [sp, #0]
 80037a4:	bfb8      	it	lt
 80037a6:	4619      	movlt	r1, r3
 80037a8:	e66f      	b.n	800348a <__l_vfprintf+0x4b2>
 80037aa:	4605      	mov	r5, r0
 80037ac:	e551      	b.n	8003252 <__l_vfprintf+0x27a>
 80037ae:	2e00      	cmp	r6, #0
 80037b0:	f040 8090 	bne.w	80038d4 <__l_vfprintf+0x8fc>
 80037b4:	0738      	lsls	r0, r7, #28
 80037b6:	f53f af7e 	bmi.w	80036b6 <__l_vfprintf+0x6de>
 80037ba:	f027 0717 	bic.w	r7, r7, #23
 80037be:	b2ba      	uxth	r2, r7
 80037c0:	9200      	str	r2, [sp, #0]
 80037c2:	4659      	mov	r1, fp
 80037c4:	2600      	movs	r6, #0
 80037c6:	458a      	cmp	sl, r1
 80037c8:	f340 80d3 	ble.w	8003972 <__l_vfprintf+0x99a>
 80037cc:	e9cd 3402 	strd	r3, r4, [sp, #8]
 80037d0:	462b      	mov	r3, r5
 80037d2:	464c      	mov	r4, r9
 80037d4:	460d      	mov	r5, r1
 80037d6:	4689      	mov	r9, r1
 80037d8:	461f      	mov	r7, r3
 80037da:	e002      	b.n	80037e2 <__l_vfprintf+0x80a>
 80037dc:	4552      	cmp	r2, sl
 80037de:	da08      	bge.n	80037f2 <__l_vfprintf+0x81a>
 80037e0:	4615      	mov	r5, r2
 80037e2:	4641      	mov	r1, r8
 80037e4:	2020      	movs	r0, #32
 80037e6:	47a0      	blx	r4
 80037e8:	2800      	cmp	r0, #0
 80037ea:	f105 0201 	add.w	r2, r5, #1
 80037ee:	daf5      	bge.n	80037dc <__l_vfprintf+0x804>
 80037f0:	e527      	b.n	8003242 <__l_vfprintf+0x26a>
 80037f2:	4638      	mov	r0, r7
 80037f4:	462f      	mov	r7, r5
 80037f6:	4605      	mov	r5, r0
 80037f8:	4649      	mov	r1, r9
 80037fa:	ebaa 0a02 	sub.w	sl, sl, r2
 80037fe:	3501      	adds	r5, #1
 8003800:	9a00      	ldr	r2, [sp, #0]
 8003802:	1a6d      	subs	r5, r5, r1
 8003804:	443d      	add	r5, r7
 8003806:	06d7      	lsls	r7, r2, #27
 8003808:	46a1      	mov	r9, r4
 800380a:	e9dd 3402 	ldrd	r3, r4, [sp, #8]
 800380e:	d483      	bmi.n	8003718 <__l_vfprintf+0x740>
 8003810:	4611      	mov	r1, r2
 8003812:	f240 4206 	movw	r2, #1030	@ 0x406
 8003816:	4211      	tst	r1, r2
 8003818:	f47f ae48 	bne.w	80034ac <__l_vfprintf+0x4d4>
 800381c:	462e      	mov	r6, r5
 800381e:	e709      	b.n	8003634 <__l_vfprintf+0x65c>
 8003820:	aa04      	add	r2, sp, #16
 8003822:	230a      	movs	r3, #10
 8003824:	2100      	movs	r1, #0
 8003826:	2000      	movs	r0, #0
 8003828:	9202      	str	r2, [sp, #8]
 800382a:	f7ff fb57 	bl	8002edc <__ultoa_invert>
 800382e:	9a02      	ldr	r2, [sp, #8]
 8003830:	1a81      	subs	r1, r0, r2
 8003832:	460b      	mov	r3, r1
 8003834:	e629      	b.n	800348a <__l_vfprintf+0x4b2>
 8003836:	ea5f 77cc 	movs.w	r7, ip, lsl #31
 800383a:	4660      	mov	r0, ip
 800383c:	d532      	bpl.n	80038a4 <__l_vfprintf+0x8cc>
 800383e:	458a      	cmp	sl, r1
 8003840:	ebaa 0001 	sub.w	r0, sl, r1
 8003844:	dd6d      	ble.n	8003922 <__l_vfprintf+0x94a>
 8003846:	eb03 0b00 	add.w	fp, r3, r0
 800384a:	4610      	mov	r0, r2
 800384c:	4682      	mov	sl, r0
 800384e:	e62d      	b.n	80034ac <__l_vfprintf+0x4d4>
 8003850:	05ba      	lsls	r2, r7, #22
 8003852:	bf4b      	itete	mi
 8003854:	b258      	sxtbmi	r0, r3
 8003856:	b218      	sxthpl	r0, r3
 8003858:	f343 13c0 	sbfxmi	r3, r3, #7, #1
 800385c:	f343 33c0 	sbfxpl	r3, r3, #15, #1
 8003860:	e5fb      	b.n	800345a <__l_vfprintf+0x482>
 8003862:	9a00      	ldr	r2, [sp, #0]
 8003864:	07d0      	lsls	r0, r2, #31
 8003866:	d556      	bpl.n	8003916 <__l_vfprintf+0x93e>
 8003868:	4551      	cmp	r1, sl
 800386a:	ebaa 0201 	sub.w	r2, sl, r1
 800386e:	da5f      	bge.n	8003930 <__l_vfprintf+0x958>
 8003870:	eb03 0b02 	add.w	fp, r3, r2
 8003874:	46b2      	mov	sl, r6
 8003876:	e74f      	b.n	8003718 <__l_vfprintf+0x740>
 8003878:	f853 0b04 	ldr.w	r0, [r3], #4
 800387c:	9301      	str	r3, [sp, #4]
 800387e:	17c3      	asrs	r3, r0, #31
 8003880:	e5eb      	b.n	800345a <__l_vfprintf+0x482>
 8003882:	1c6e      	adds	r6, r5, #1
 8003884:	e6d6      	b.n	8003634 <__l_vfprintf+0x65c>
 8003886:	0739      	lsls	r1, r7, #28
 8003888:	d56c      	bpl.n	8003964 <__l_vfprintf+0x98c>
 800388a:	ebaa 0a03 	sub.w	sl, sl, r3
 800388e:	e647      	b.n	8003520 <__l_vfprintf+0x548>
 8003890:	9a00      	ldr	r2, [sp, #0]
 8003892:	07d2      	lsls	r2, r2, #31
 8003894:	d552      	bpl.n	800393c <__l_vfprintf+0x964>
 8003896:	4551      	cmp	r1, sl
 8003898:	ebaa 0001 	sub.w	r0, sl, r1
 800389c:	db44      	blt.n	8003928 <__l_vfprintf+0x950>
 800389e:	4682      	mov	sl, r0
 80038a0:	469b      	mov	fp, r3
 80038a2:	e739      	b.n	8003718 <__l_vfprintf+0x740>
 80038a4:	458a      	cmp	sl, r1
 80038a6:	dc91      	bgt.n	80037cc <__l_vfprintf+0x7f4>
 80038a8:	e5fe      	b.n	80034a8 <__l_vfprintf+0x4d0>
 80038aa:	aa04      	add	r2, sp, #16
 80038ac:	230a      	movs	r3, #10
 80038ae:	2000      	movs	r0, #0
 80038b0:	2100      	movs	r1, #0
 80038b2:	9202      	str	r2, [sp, #8]
 80038b4:	f7ff fb12 	bl	8002edc <__ultoa_invert>
 80038b8:	9a02      	ldr	r2, [sp, #8]
 80038ba:	1a83      	subs	r3, r0, r2
 80038bc:	e76b      	b.n	8003796 <__l_vfprintf+0x7be>
 80038be:	f1ba 0f00 	cmp.w	sl, #0
 80038c2:	f77f ae2b 	ble.w	800351c <__l_vfprintf+0x544>
 80038c6:	f027 0717 	bic.w	r7, r7, #23
 80038ca:	b2bb      	uxth	r3, r7
 80038cc:	9300      	str	r3, [sp, #0]
 80038ce:	4659      	mov	r1, fp
 80038d0:	465b      	mov	r3, fp
 80038d2:	e77b      	b.n	80037cc <__l_vfprintf+0x7f4>
 80038d4:	06fa      	lsls	r2, r7, #27
 80038d6:	d540      	bpl.n	800395a <__l_vfprintf+0x982>
 80038d8:	0738      	lsls	r0, r7, #28
 80038da:	f10b 0102 	add.w	r1, fp, #2
 80038de:	f53f af46 	bmi.w	800376e <__l_vfprintf+0x796>
 80038e2:	458a      	cmp	sl, r1
 80038e4:	f73f af72 	bgt.w	80037cc <__l_vfprintf+0x7f4>
 80038e8:	ebaa 0a01 	sub.w	sl, sl, r1
 80038ec:	2030      	movs	r0, #48	@ 0x30
 80038ee:	4641      	mov	r1, r8
 80038f0:	9300      	str	r3, [sp, #0]
 80038f2:	47c8      	blx	r9
 80038f4:	2800      	cmp	r0, #0
 80038f6:	9b00      	ldr	r3, [sp, #0]
 80038f8:	f6bf af19 	bge.w	800372e <__l_vfprintf+0x756>
 80038fc:	e4a1      	b.n	8003242 <__l_vfprintf+0x26a>
 80038fe:	465a      	mov	r2, fp
 8003900:	f001 0008 	and.w	r0, r1, #8
 8003904:	b281      	uxth	r1, r0
 8003906:	2800      	cmp	r0, #0
 8003908:	f43f af1c 	beq.w	8003744 <__l_vfprintf+0x76c>
 800390c:	ebaa 0a0b 	sub.w	sl, sl, fp
 8003910:	462e      	mov	r6, r5
 8003912:	4693      	mov	fp, r2
 8003914:	e68e      	b.n	8003634 <__l_vfprintf+0x65c>
 8003916:	4551      	cmp	r1, sl
 8003918:	f6ff af58 	blt.w	80037cc <__l_vfprintf+0x7f4>
 800391c:	e67e      	b.n	800361c <__l_vfprintf+0x644>
 800391e:	4619      	mov	r1, r3
 8003920:	e5b3      	b.n	800348a <__l_vfprintf+0x4b2>
 8003922:	469b      	mov	fp, r3
 8003924:	4682      	mov	sl, r0
 8003926:	e5c1      	b.n	80034ac <__l_vfprintf+0x4d4>
 8003928:	2110      	movs	r1, #16
 800392a:	e6ee      	b.n	800370a <__l_vfprintf+0x732>
 800392c:	4619      	mov	r1, r3
 800392e:	e727      	b.n	8003780 <__l_vfprintf+0x7a8>
 8003930:	4692      	mov	sl, r2
 8003932:	469b      	mov	fp, r3
 8003934:	e6f0      	b.n	8003718 <__l_vfprintf+0x740>
 8003936:	4635      	mov	r5, r6
 8003938:	aa04      	add	r2, sp, #16
 800393a:	e5f1      	b.n	8003520 <__l_vfprintf+0x548>
 800393c:	4551      	cmp	r1, sl
 800393e:	f6ff af45 	blt.w	80037cc <__l_vfprintf+0x7f4>
 8003942:	e714      	b.n	800376e <__l_vfprintf+0x796>
 8003944:	459a      	cmp	sl, r3
 8003946:	bfd8      	it	le
 8003948:	ebaa 0a03 	suble.w	sl, sl, r3
 800394c:	f77f af66 	ble.w	800381c <__l_vfprintf+0x844>
 8003950:	4619      	mov	r1, r3
 8003952:	e73b      	b.n	80037cc <__l_vfprintf+0x7f4>
 8003954:	462e      	mov	r6, r5
 8003956:	468a      	mov	sl, r1
 8003958:	e66c      	b.n	8003634 <__l_vfprintf+0x65c>
 800395a:	9900      	ldr	r1, [sp, #0]
 800395c:	465a      	mov	r2, fp
 800395e:	f001 0008 	and.w	r0, r1, #8
 8003962:	e7cf      	b.n	8003904 <__l_vfprintf+0x92c>
 8003964:	4619      	mov	r1, r3
 8003966:	e72e      	b.n	80037c6 <__l_vfprintf+0x7ee>
 8003968:	45d3      	cmp	fp, sl
 800396a:	da09      	bge.n	8003980 <__l_vfprintf+0x9a8>
 800396c:	4659      	mov	r1, fp
 800396e:	4693      	mov	fp, r2
 8003970:	e72c      	b.n	80037cc <__l_vfprintf+0x7f4>
 8003972:	ebaa 0a01 	sub.w	sl, sl, r1
 8003976:	462e      	mov	r6, r5
 8003978:	e65c      	b.n	8003634 <__l_vfprintf+0x65c>
 800397a:	465a      	mov	r2, fp
 800397c:	468b      	mov	fp, r1
 800397e:	e7c1      	b.n	8003904 <__l_vfprintf+0x92c>
 8003980:	ebaa 0a0b 	sub.w	sl, sl, fp
 8003984:	462e      	mov	r6, r5
 8003986:	4693      	mov	fp, r2
 8003988:	e654      	b.n	8003634 <__l_vfprintf+0x65c>
 800398a:	bf00      	nop

0800398c <_OffsetAbsSyms>:

#include <gen_offset.h>

#include "offsets_aarch32.c"

GEN_ABS_SYM_END
 800398c:	4770      	bx	lr

0800398e <z_impl_gpio_pin_configure>:
{
 800398e:	b538      	push	{r3, r4, r5, lr}
 8003990:	4613      	mov	r3, r2
	const struct gpio_driver_api *api =
 8003992:	6885      	ldr	r5, [r0, #8]
	struct gpio_driver_data *data =
 8003994:	6904      	ldr	r4, [r0, #16]
	if (((flags & GPIO_OUTPUT_INIT_LOGICAL) != 0)
 8003996:	f412 1f80 	tst.w	r2, #1048576	@ 0x100000
 800399a:	d007      	beq.n	80039ac <z_impl_gpio_pin_configure+0x1e>
	    && ((flags & (GPIO_OUTPUT_INIT_LOW | GPIO_OUTPUT_INIT_HIGH)) != 0)
 800399c:	f412 2f40 	tst.w	r2, #786432	@ 0xc0000
 80039a0:	d004      	beq.n	80039ac <z_impl_gpio_pin_configure+0x1e>
	    && ((flags & GPIO_ACTIVE_LOW) != 0)) {
 80039a2:	f012 0f01 	tst.w	r2, #1
 80039a6:	d001      	beq.n	80039ac <z_impl_gpio_pin_configure+0x1e>
		flags ^= GPIO_OUTPUT_INIT_LOW | GPIO_OUTPUT_INIT_HIGH;
 80039a8:	f482 2340 	eor.w	r3, r2, #786432	@ 0xc0000
	flags &= ~GPIO_OUTPUT_INIT_LOGICAL;
 80039ac:	f423 1280 	bic.w	r2, r3, #1048576	@ 0x100000
	if ((flags & GPIO_ACTIVE_LOW) != 0) {
 80039b0:	f013 0f01 	tst.w	r3, #1
 80039b4:	d00a      	beq.n	80039cc <z_impl_gpio_pin_configure+0x3e>
		data->invert |= (gpio_port_pins_t)BIT(pin);
 80039b6:	6823      	ldr	r3, [r4, #0]
 80039b8:	f04f 0c01 	mov.w	ip, #1
 80039bc:	fa0c fc01 	lsl.w	ip, ip, r1
 80039c0:	ea43 030c 	orr.w	r3, r3, ip
 80039c4:	6023      	str	r3, [r4, #0]
	ret = api->pin_configure(port, pin, flags);
 80039c6:	682b      	ldr	r3, [r5, #0]
 80039c8:	4798      	blx	r3
}
 80039ca:	bd38      	pop	{r3, r4, r5, pc}
		data->invert &= ~(gpio_port_pins_t)BIT(pin);
 80039cc:	6823      	ldr	r3, [r4, #0]
 80039ce:	f04f 0c01 	mov.w	ip, #1
 80039d2:	fa0c fc01 	lsl.w	ip, ip, r1
 80039d6:	ea23 030c 	bic.w	r3, r3, ip
 80039da:	6023      	str	r3, [r4, #0]
 80039dc:	e7f3      	b.n	80039c6 <z_impl_gpio_pin_configure+0x38>

080039de <k_msleep>:
{
 80039de:	b508      	push	{r3, lr}
	return k_sleep(Z_TIMEOUT_MS(ms));
 80039e0:	ea20 73e0 	bic.w	r3, r0, r0, asr #31
 80039e4:	17d9      	asrs	r1, r3, #31
 80039e6:	008a      	lsls	r2, r1, #2
 80039e8:	ea42 7293 	orr.w	r2, r2, r3, lsr #30
 80039ec:	0098      	lsls	r0, r3, #2
 80039ee:	18c0      	adds	r0, r0, r3
 80039f0:	eb41 0102 	adc.w	r1, r1, r2
 80039f4:	1800      	adds	r0, r0, r0
 80039f6:	4149      	adcs	r1, r1
	return z_impl_k_sleep(timeout);
 80039f8:	f7fe febc 	bl	8002774 <z_impl_k_sleep>
}
 80039fc:	bd08      	pop	{r3, pc}

080039fe <free_list_add_bidx>:
		free_list_remove_bidx(h, c, bidx);
	}
}

static void free_list_add_bidx(struct z_heap *h, chunkid_t c, int bidx)
{
 80039fe:	b510      	push	{r4, lr}
	struct z_heap_bucket *b = &h->buckets[bidx];

	if (b->next == 0U) {
 8003a00:	1d13      	adds	r3, r2, #4
 8003a02:	f850 4023 	ldr.w	r4, [r0, r3, lsl #2]
 8003a06:	b974      	cbnz	r4, 8003a26 <free_list_add_bidx+0x28>
		CHECK((h->avail_buckets & BIT(bidx)) == 0);

		/* Empty list, first item */
		h->avail_buckets |= BIT(bidx);
 8003a08:	68c3      	ldr	r3, [r0, #12]
 8003a0a:	2401      	movs	r4, #1
 8003a0c:	4094      	lsls	r4, r2
 8003a0e:	4323      	orrs	r3, r4
 8003a10:	60c3      	str	r3, [r0, #12]
		b->next = c;
 8003a12:	3204      	adds	r2, #4
 8003a14:	f840 1022 	str.w	r1, [r0, r2, lsl #2]
			     enum chunk_fields f, chunkid_t val)
{
	CHECK(c <= h->end_chunk);

	chunk_unit_t *buf = chunk_buf(h);
	void *cmem = &buf[c];
 8003a18:	00cb      	lsls	r3, r1, #3
	if (big_heap(h)) {
		CHECK(val == (uint32_t)val);
		((uint32_t *)cmem)[f] = val;
	} else {
		CHECK(val == (uint16_t)val);
		((uint16_t *)cmem)[f] = val;
 8003a1a:	1d1a      	adds	r2, r3, #4
 8003a1c:	b289      	uxth	r1, r1
 8003a1e:	5281      	strh	r1, [r0, r2]
 8003a20:	3306      	adds	r3, #6
 8003a22:	52c1      	strh	r1, [r0, r3]
	}

#ifdef CONFIG_SYS_HEAP_RUNTIME_STATS
	h->free_bytes += chunk_usable_bytes(h, c);
#endif
}
 8003a24:	bd10      	pop	{r4, pc}
	void *cmem = &buf[c];
 8003a26:	00e2      	lsls	r2, r4, #3
		return ((uint16_t *)cmem)[f];
 8003a28:	3204      	adds	r2, #4
 8003a2a:	5a83      	ldrh	r3, [r0, r2]
	void *cmem = &buf[c];
 8003a2c:	ea4f 0cc1 	mov.w	ip, r1, lsl #3
		((uint16_t *)cmem)[f] = val;
 8003a30:	f10c 0e04 	add.w	lr, ip, #4
 8003a34:	f820 300e 	strh.w	r3, [r0, lr]
 8003a38:	f10c 0c06 	add.w	ip, ip, #6
 8003a3c:	f820 400c 	strh.w	r4, [r0, ip]
	void *cmem = &buf[c];
 8003a40:	00db      	lsls	r3, r3, #3
		((uint16_t *)cmem)[f] = val;
 8003a42:	3306      	adds	r3, #6
 8003a44:	b289      	uxth	r1, r1
 8003a46:	52c1      	strh	r1, [r0, r3]
 8003a48:	5281      	strh	r1, [r0, r2]
 8003a4a:	e7eb      	b.n	8003a24 <free_list_add_bidx+0x26>

08003a4c <free_list_add>:

static void free_list_add(struct z_heap *h, chunkid_t c)
{
 8003a4c:	b508      	push	{r3, lr}
		return ((uint16_t *)cmem)[f];
 8003a4e:	eb00 03c1 	add.w	r3, r0, r1, lsl #3
 8003a52:	885a      	ldrh	r2, [r3, #2]
	return chunk_field(h, c, SIZE_AND_USED) & 1U;
}

static inline chunksz_t chunk_size(struct z_heap *h, chunkid_t c)
{
	return chunk_field(h, c, SIZE_AND_USED) >> 1;
 8003a54:	0852      	lsrs	r2, r2, #1
}

static inline int bucket_idx(struct z_heap *h, chunksz_t sz)
{
	unsigned int usable_sz = sz - min_chunk_size(h) + 1;
	return 31 - __builtin_clz(usable_sz);
 8003a56:	fab2 f282 	clz	r2, r2
	if (!undersized_chunk(h, c)) {
		int bidx = bucket_idx(h, chunk_size(h, c));
		free_list_add_bidx(h, c, bidx);
 8003a5a:	f1c2 021f 	rsb	r2, r2, #31
 8003a5e:	f7ff ffce 	bl	80039fe <free_list_add_bidx>
	}
}
 8003a62:	bd08      	pop	{r3, pc}

08003a64 <sys_heap_init>:
	}
	return ptr2;
}

void sys_heap_init(struct sys_heap *heap, void *mem, size_t bytes)
{
 8003a64:	b570      	push	{r4, r5, r6, lr}
 8003a66:	4603      	mov	r3, r0
		__ASSERT(bytes / CHUNK_UNIT <= 0x7fffffffU, "heap size is too big");
	}

	/* Reserve the end marker chunk's header */
	__ASSERT(bytes > heap_footer_bytes(bytes), "heap size is too small");
	bytes -= heap_footer_bytes(bytes);
 8003a68:	3a04      	subs	r2, #4

	/* Round the start up, the end down */
	uintptr_t addr = ROUND_UP(mem, CHUNK_UNIT);
 8003a6a:	1dc8      	adds	r0, r1, #7
 8003a6c:	f020 0007 	bic.w	r0, r0, #7
	uintptr_t end = ROUND_DOWN((uint8_t *)mem + bytes, CHUNK_UNIT);
 8003a70:	440a      	add	r2, r1
 8003a72:	f022 0207 	bic.w	r2, r2, #7
	chunksz_t heap_sz = (end - addr) / CHUNK_UNIT;
 8003a76:	1a12      	subs	r2, r2, r0
 8003a78:	08d5      	lsrs	r5, r2, #3

	CHECK(end > addr);
	__ASSERT(heap_sz > chunksz(sizeof(struct z_heap)), "heap size is too small");

	struct z_heap *h = (struct z_heap *)addr;
	heap->heap = h;
 8003a7a:	6018      	str	r0, [r3, #0]
	h->end_chunk = heap_sz;
 8003a7c:	6085      	str	r5, [r0, #8]
	h->avail_buckets = 0;
 8003a7e:	2300      	movs	r3, #0
 8003a80:	60c3      	str	r3, [r0, #12]
 8003a82:	fab5 f185 	clz	r1, r5

#if CONFIG_SYS_HEAP_ARRAY_SIZE
	sys_heap_array_save(heap);
#endif

	int nb_buckets = bucket_idx(h, heap_sz) + 1;
 8003a86:	f1c1 0e20 	rsb	lr, r1, #32
	chunksz_t chunk0_size = chunksz(sizeof(struct z_heap) +
 8003a8a:	f1c1 0124 	rsb	r1, r1, #36	@ 0x24
				     nb_buckets * sizeof(struct z_heap_bucket)) +
 8003a8e:	0089      	lsls	r1, r1, #2
	return (bytes + CHUNK_UNIT - 1U) / CHUNK_UNIT;
 8003a90:	1dce      	adds	r6, r1, #7
 8003a92:	08f1      	lsrs	r1, r6, #3
				CHUNK_TRAILER_SIZE;

	__ASSERT(chunk0_size + min_chunk_size(h) <= heap_sz, "heap size is too small");

	for (int i = 0; i < nb_buckets; i++) {
 8003a94:	e005      	b.n	8003aa2 <sys_heap_init+0x3e>
		h->buckets[i].next = 0;
 8003a96:	f103 0c04 	add.w	ip, r3, #4
 8003a9a:	2400      	movs	r4, #0
 8003a9c:	f840 402c 	str.w	r4, [r0, ip, lsl #2]
	for (int i = 0; i < nb_buckets; i++) {
 8003aa0:	3301      	adds	r3, #1
 8003aa2:	4573      	cmp	r3, lr
 8003aa4:	dbf7      	blt.n	8003a96 <sys_heap_init+0x32>
		((uint16_t *)cmem)[f] = val;
 8003aa6:	fa1f fe81 	uxth.w	lr, r1
 8003aaa:	ea4f 044e 	mov.w	r4, lr, lsl #1
 8003aae:	b2a4      	uxth	r4, r4
 8003ab0:	8044      	strh	r4, [r0, #2]
 8003ab2:	f04f 0c00 	mov.w	ip, #0
 8003ab6:	f8a0 c000 	strh.w	ip, [r0]
			((uint16_t *)cmem)[SIZE_AND_USED] |= 1U;
 8003aba:	f044 0401 	orr.w	r4, r4, #1
 8003abe:	8044      	strh	r4, [r0, #2]
	if (SYS_HEAP_HARDENING_FULL) {
		set_chunk_canary(h, 0);
	}

	/* chunk containing the free heap */
	set_chunk_size(h, chunk0_size, heap_sz - chunk0_size);
 8003ac0:	1a6b      	subs	r3, r5, r1
	void *cmem = &buf[c];
 8003ac2:	f026 0407 	bic.w	r4, r6, #7
		((uint16_t *)cmem)[f] = val;
 8003ac6:	1ca5      	adds	r5, r4, #2
 8003ac8:	b29b      	uxth	r3, r3
 8003aca:	005e      	lsls	r6, r3, #1
 8003acc:	5346      	strh	r6, [r0, r5]
 8003ace:	f820 e004 	strh.w	lr, [r0, r4]
	void *cmem = &buf[c];
 8003ad2:	f022 0407 	bic.w	r4, r2, #7
		((uint16_t *)cmem)[f] = val;
 8003ad6:	1c95      	adds	r5, r2, #2
 8003ad8:	f820 c005 	strh.w	ip, [r0, r5]
 8003adc:	4402      	add	r2, r0
 8003ade:	5303      	strh	r3, [r0, r4]
			((uint16_t *)cmem)[SIZE_AND_USED] |= 1U;
 8003ae0:	8853      	ldrh	r3, [r2, #2]
 8003ae2:	f043 0301 	orr.w	r3, r3, #1
 8003ae6:	8053      	strh	r3, [r2, #2]
	/* the end marker chunk */
	set_chunk_size(h, heap_sz, 0);
	set_left_chunk_size(h, heap_sz, heap_sz - chunk0_size);
	set_chunk_used(h, heap_sz, true);

	free_list_add(h, chunk0_size);
 8003ae8:	f7ff ffb0 	bl	8003a4c <free_list_add>
}
 8003aec:	bd70      	pop	{r4, r5, r6, pc}

08003aee <arch_printk_char_out>:
}
 8003aee:	2000      	movs	r0, #0
 8003af0:	4770      	bx	lr

08003af2 <printk>:
 *
 * @param fmt formatted string to output
 */

void printk(const char *fmt, ...)
{
 8003af2:	b40f      	push	{r0, r1, r2, r3}
 8003af4:	b500      	push	{lr}
 8003af6:	b083      	sub	sp, #12
 8003af8:	a904      	add	r1, sp, #16
 8003afa:	f851 0b04 	ldr.w	r0, [r1], #4
	va_list ap;

	va_start(ap, fmt);
 8003afe:	9101      	str	r1, [sp, #4]

	vprintk(fmt, ap);
 8003b00:	f7fc fd82 	bl	8000608 <vprintk>

	va_end(ap);
}
 8003b04:	b003      	add	sp, #12
 8003b06:	f85d eb04 	ldr.w	lr, [sp], #4
 8003b0a:	b004      	add	sp, #16
 8003b0c:	4770      	bx	lr

08003b0e <_ConfigAbsSyms>:
GEN_ABSOLUTE_SYM_KCONFIG(CONFIG_WARN_DEPRECATED, 1);
GEN_ABSOLUTE_SYM_KCONFIG(CONFIG_TAINT, 1);
GEN_ABSOLUTE_SYM_KCONFIG(CONFIG_ENFORCE_ZEPHYR_STDINT, 1);
GEN_ABSOLUTE_SYM_KCONFIG(CONFIG_LEGACY_GENERATED_INCLUDE_PATH, 1);

GEN_ABS_SYM_END
 8003b0e:	4770      	bx	lr

08003b10 <pm_device_driver_init>:
	ARG_UNUSED(dev);
	return true;
}

static inline int pm_device_driver_init(const struct device *dev, pm_device_action_cb_t action_cb)
{
 8003b10:	b538      	push	{r3, r4, r5, lr}
 8003b12:	4605      	mov	r5, r0
 8003b14:	460c      	mov	r4, r1
	int rc;

	/* When power management is not enabled, all drivers should initialise to active state */
	rc = action_cb(dev, PM_DEVICE_ACTION_TURN_ON);
 8003b16:	2103      	movs	r1, #3
 8003b18:	47a0      	blx	r4
	if ((rc < 0) && (rc != -ENOTSUP)) {
 8003b1a:	2800      	cmp	r0, #0
 8003b1c:	db06      	blt.n	8003b2c <pm_device_driver_init+0x1c>
		return rc;
	}

	rc = action_cb(dev, PM_DEVICE_ACTION_RESUME);
 8003b1e:	2101      	movs	r1, #1
 8003b20:	4628      	mov	r0, r5
 8003b22:	47a0      	blx	r4
	if (rc < 0) {
 8003b24:	2800      	cmp	r0, #0
 8003b26:	db00      	blt.n	8003b2a <pm_device_driver_init+0x1a>
		return rc;
	}

	return 0;
 8003b28:	2000      	movs	r0, #0
}
 8003b2a:	bd38      	pop	{r3, r4, r5, pc}
	if ((rc < 0) && (rc != -ENOTSUP)) {
 8003b2c:	f110 0f86 	cmn.w	r0, #134	@ 0x86
 8003b30:	d1fb      	bne.n	8003b2a <pm_device_driver_init+0x1a>
 8003b32:	e7f4      	b.n	8003b1e <pm_device_driver_init+0xe>

08003b34 <LL_GPIO_SetPinSpeed>:
  *         @arg @ref LL_GPIO_SPEED_FREQ_HIGH
  *         @arg @ref LL_GPIO_SPEED_FREQ_VERY_HIGH
  * @retval None
  */
__STATIC_INLINE void LL_GPIO_SetPinSpeed(GPIO_TypeDef *GPIOx, uint32_t Pin, uint32_t  Speed)
{
 8003b34:	b410      	push	{r4}
  MODIFY_REG(GPIOx->OSPEEDR, (GPIO_OSPEEDER_OSPEEDR0 << (POSITION_VAL(Pin) * 2U)),
 8003b36:	6884      	ldr	r4, [r0, #8]
   __ASM ("rbit %0, %1" : "=r" (result) : "r" (value) );
 8003b38:	fa91 f3a1 	rbit	r3, r1
  if (value == 0U)
 8003b3c:	b19b      	cbz	r3, 8003b66 <LL_GPIO_SetPinSpeed+0x32>
  return __builtin_clz(value);
 8003b3e:	fab3 f383 	clz	r3, r3
 8003b42:	005b      	lsls	r3, r3, #1
 8003b44:	f04f 0c03 	mov.w	ip, #3
 8003b48:	fa0c f303 	lsl.w	r3, ip, r3
 8003b4c:	ea24 0303 	bic.w	r3, r4, r3
   __ASM ("rbit %0, %1" : "=r" (result) : "r" (value) );
 8003b50:	fa91 f1a1 	rbit	r1, r1
  if (value == 0U)
 8003b54:	b149      	cbz	r1, 8003b6a <LL_GPIO_SetPinSpeed+0x36>
  return __builtin_clz(value);
 8003b56:	fab1 f181 	clz	r1, r1
 8003b5a:	0049      	lsls	r1, r1, #1
 8003b5c:	408a      	lsls	r2, r1
 8003b5e:	4313      	orrs	r3, r2
 8003b60:	6083      	str	r3, [r0, #8]
             (Speed << (POSITION_VAL(Pin) * 2U)));
}
 8003b62:	bc10      	pop	{r4}
 8003b64:	4770      	bx	lr
    return 32U;
 8003b66:	2320      	movs	r3, #32
 8003b68:	e7eb      	b.n	8003b42 <LL_GPIO_SetPinSpeed+0xe>
 8003b6a:	2120      	movs	r1, #32
 8003b6c:	e7f5      	b.n	8003b5a <LL_GPIO_SetPinSpeed+0x26>

08003b6e <LL_GPIO_SetPinPull>:
  *         @arg @ref LL_GPIO_PULL_UP
  *         @arg @ref LL_GPIO_PULL_DOWN
  * @retval None
  */
__STATIC_INLINE void LL_GPIO_SetPinPull(GPIO_TypeDef *GPIOx, uint32_t Pin, uint32_t Pull)
{
 8003b6e:	b410      	push	{r4}
  MODIFY_REG(GPIOx->PUPDR, (GPIO_PUPDR_PUPDR0 << (POSITION_VAL(Pin) * 2U)), (Pull << (POSITION_VAL(Pin) * 2U)));
 8003b70:	68c4      	ldr	r4, [r0, #12]
   __ASM ("rbit %0, %1" : "=r" (result) : "r" (value) );
 8003b72:	fa91 f3a1 	rbit	r3, r1
  if (value == 0U)
 8003b76:	b19b      	cbz	r3, 8003ba0 <LL_GPIO_SetPinPull+0x32>
  return __builtin_clz(value);
 8003b78:	fab3 f383 	clz	r3, r3
 8003b7c:	005b      	lsls	r3, r3, #1
 8003b7e:	f04f 0c03 	mov.w	ip, #3
 8003b82:	fa0c f303 	lsl.w	r3, ip, r3
 8003b86:	ea24 0303 	bic.w	r3, r4, r3
   __ASM ("rbit %0, %1" : "=r" (result) : "r" (value) );
 8003b8a:	fa91 f1a1 	rbit	r1, r1
  if (value == 0U)
 8003b8e:	b149      	cbz	r1, 8003ba4 <LL_GPIO_SetPinPull+0x36>
  return __builtin_clz(value);
 8003b90:	fab1 f181 	clz	r1, r1
 8003b94:	0049      	lsls	r1, r1, #1
 8003b96:	408a      	lsls	r2, r1
 8003b98:	4313      	orrs	r3, r2
 8003b9a:	60c3      	str	r3, [r0, #12]
}
 8003b9c:	bc10      	pop	{r4}
 8003b9e:	4770      	bx	lr
    return 32U;
 8003ba0:	2320      	movs	r3, #32
 8003ba2:	e7eb      	b.n	8003b7c <LL_GPIO_SetPinPull+0xe>
 8003ba4:	2120      	movs	r1, #32
 8003ba6:	e7f5      	b.n	8003b94 <LL_GPIO_SetPinPull+0x26>

08003ba8 <ll_gpio_set_pin_pull>:
{
 8003ba8:	b508      	push	{r3, lr}
	LL_GPIO_SetPinPull(GPIOx, Pin, Pull);
 8003baa:	f7ff ffe0 	bl	8003b6e <LL_GPIO_SetPinPull>
}
 8003bae:	bd08      	pop	{r3, pc}

08003bb0 <LL_GPIO_SetAFPin_0_7>:
  *         @arg @ref LL_GPIO_AF_14
  *         @arg @ref LL_GPIO_AF_15
  * @retval None
  */
__STATIC_INLINE void LL_GPIO_SetAFPin_0_7(GPIO_TypeDef *GPIOx, uint32_t Pin, uint32_t Alternate)
{
 8003bb0:	b410      	push	{r4}
  MODIFY_REG(GPIOx->AFR[0], (GPIO_AFRL_AFSEL0 << (POSITION_VAL(Pin) * 4U)),
 8003bb2:	6a04      	ldr	r4, [r0, #32]
   __ASM ("rbit %0, %1" : "=r" (result) : "r" (value) );
 8003bb4:	fa91 f3a1 	rbit	r3, r1
  if (value == 0U)
 8003bb8:	b19b      	cbz	r3, 8003be2 <LL_GPIO_SetAFPin_0_7+0x32>
  return __builtin_clz(value);
 8003bba:	fab3 f383 	clz	r3, r3
 8003bbe:	009b      	lsls	r3, r3, #2
 8003bc0:	f04f 0c0f 	mov.w	ip, #15
 8003bc4:	fa0c f303 	lsl.w	r3, ip, r3
 8003bc8:	ea24 0303 	bic.w	r3, r4, r3
   __ASM ("rbit %0, %1" : "=r" (result) : "r" (value) );
 8003bcc:	fa91 f1a1 	rbit	r1, r1
  if (value == 0U)
 8003bd0:	b149      	cbz	r1, 8003be6 <LL_GPIO_SetAFPin_0_7+0x36>
  return __builtin_clz(value);
 8003bd2:	fab1 f181 	clz	r1, r1
 8003bd6:	0089      	lsls	r1, r1, #2
 8003bd8:	408a      	lsls	r2, r1
 8003bda:	4313      	orrs	r3, r2
 8003bdc:	6203      	str	r3, [r0, #32]
             (Alternate << (POSITION_VAL(Pin) * 4U)));
}
 8003bde:	bc10      	pop	{r4}
 8003be0:	4770      	bx	lr
    return 32U;
 8003be2:	2320      	movs	r3, #32
 8003be4:	e7eb      	b.n	8003bbe <LL_GPIO_SetAFPin_0_7+0xe>
 8003be6:	2120      	movs	r1, #32
 8003be8:	e7f5      	b.n	8003bd6 <LL_GPIO_SetAFPin_0_7+0x26>

08003bea <LL_GPIO_SetAFPin_8_15>:
  *         @arg @ref LL_GPIO_AF_14
  *         @arg @ref LL_GPIO_AF_15
  * @retval None
  */
__STATIC_INLINE void LL_GPIO_SetAFPin_8_15(GPIO_TypeDef *GPIOx, uint32_t Pin, uint32_t Alternate)
{
 8003bea:	b410      	push	{r4}
  MODIFY_REG(GPIOx->AFR[1], (GPIO_AFRH_AFSEL8 << (POSITION_VAL(Pin >> 8U) * 4U)),
 8003bec:	6a44      	ldr	r4, [r0, #36]	@ 0x24
 8003bee:	0a09      	lsrs	r1, r1, #8
   __ASM ("rbit %0, %1" : "=r" (result) : "r" (value) );
 8003bf0:	fa91 f3a1 	rbit	r3, r1
  if (value == 0U)
 8003bf4:	b19b      	cbz	r3, 8003c1e <LL_GPIO_SetAFPin_8_15+0x34>
  return __builtin_clz(value);
 8003bf6:	fab3 f383 	clz	r3, r3
 8003bfa:	009b      	lsls	r3, r3, #2
 8003bfc:	f04f 0c0f 	mov.w	ip, #15
 8003c00:	fa0c f303 	lsl.w	r3, ip, r3
 8003c04:	ea24 0403 	bic.w	r4, r4, r3
   __ASM ("rbit %0, %1" : "=r" (result) : "r" (value) );
 8003c08:	fa91 f1a1 	rbit	r1, r1
  if (value == 0U)
 8003c0c:	b149      	cbz	r1, 8003c22 <LL_GPIO_SetAFPin_8_15+0x38>
  return __builtin_clz(value);
 8003c0e:	fab1 f181 	clz	r1, r1
 8003c12:	0089      	lsls	r1, r1, #2
 8003c14:	408a      	lsls	r2, r1
 8003c16:	4314      	orrs	r4, r2
 8003c18:	6244      	str	r4, [r0, #36]	@ 0x24
             (Alternate << (POSITION_VAL(Pin >> 8U) * 4U)));
}
 8003c1a:	bc10      	pop	{r4}
 8003c1c:	4770      	bx	lr
    return 32U;
 8003c1e:	2320      	movs	r3, #32
 8003c20:	e7eb      	b.n	8003bfa <LL_GPIO_SetAFPin_8_15+0x10>
 8003c22:	2120      	movs	r1, #32
 8003c24:	e7f5      	b.n	8003c12 <LL_GPIO_SetAFPin_8_15+0x28>

08003c26 <LL_GPIO_SetPinMode>:
{
 8003c26:	b410      	push	{r4}
  MODIFY_REG(GPIOx->MODER, (GPIO_MODER_MODER0 << (POSITION_VAL(Pin) * 2U)), (Mode << (POSITION_VAL(Pin) * 2U)));
 8003c28:	6804      	ldr	r4, [r0, #0]
   __ASM ("rbit %0, %1" : "=r" (result) : "r" (value) );
 8003c2a:	fa91 f3a1 	rbit	r3, r1
  if (value == 0U)
 8003c2e:	b19b      	cbz	r3, 8003c58 <LL_GPIO_SetPinMode+0x32>
  return __builtin_clz(value);
 8003c30:	fab3 f383 	clz	r3, r3
 8003c34:	005b      	lsls	r3, r3, #1
 8003c36:	f04f 0c03 	mov.w	ip, #3
 8003c3a:	fa0c f303 	lsl.w	r3, ip, r3
 8003c3e:	ea24 0303 	bic.w	r3, r4, r3
   __ASM ("rbit %0, %1" : "=r" (result) : "r" (value) );
 8003c42:	fa91 f1a1 	rbit	r1, r1
  if (value == 0U)
 8003c46:	b149      	cbz	r1, 8003c5c <LL_GPIO_SetPinMode+0x36>
  return __builtin_clz(value);
 8003c48:	fab1 f181 	clz	r1, r1
 8003c4c:	0049      	lsls	r1, r1, #1
 8003c4e:	408a      	lsls	r2, r1
 8003c50:	4313      	orrs	r3, r2
 8003c52:	6003      	str	r3, [r0, #0]
}
 8003c54:	bc10      	pop	{r4}
 8003c56:	4770      	bx	lr
    return 32U;
 8003c58:	2320      	movs	r3, #32
 8003c5a:	e7eb      	b.n	8003c34 <LL_GPIO_SetPinMode+0xe>
 8003c5c:	2120      	movs	r1, #32
 8003c5e:	e7f5      	b.n	8003c4c <LL_GPIO_SetPinMode+0x26>

08003c60 <stm32_gpioport_configure_pin>:
{
 8003c60:	e92d 43f8 	stmdb	sp!, {r3, r4, r5, r6, r7, r8, r9, lr}
 8003c64:	460f      	mov	r7, r1
 8003c66:	4615      	mov	r5, r2
 8003c68:	4698      	mov	r8, r3
	const struct gpio_stm32_config *dev_cfg = port->config;
 8003c6a:	6843      	ldr	r3, [r0, #4]
	GPIO_TypeDef *gpio = (GPIO_TypeDef *)dev_cfg->base;
 8003c6c:	685e      	ldr	r6, [r3, #4]
		pinval |= 1u << pinnum;
	} else {
		pinval |= (1u << (pinnum % 8)) | 0x04000000u;
	}
#else
	pinval = 1u << pinnum;
 8003c6e:	2401      	movs	r4, #1
 8003c70:	408c      	lsls	r4, r1
	mode = config & (STM32_MODER_MASK << STM32_MODER_SHIFT);
 8003c72:	f002 0930 	and.w	r9, r2, #48	@ 0x30
	LL_GPIO_SetPinOutputType(gpio, pin_ll, otype >> STM32_OTYPER_SHIFT);
 8003c76:	f3c2 1380 	ubfx	r3, r2, #6, #1
  MODIFY_REG(GPIOx->OTYPER, PinMask, (PinMask * OutputType));
 8003c7a:	6870      	ldr	r0, [r6, #4]
 8003c7c:	ea20 0004 	bic.w	r0, r0, r4
 8003c80:	408b      	lsls	r3, r1
 8003c82:	4318      	orrs	r0, r3
 8003c84:	6070      	str	r0, [r6, #4]
	LL_GPIO_SetPinSpeed(gpio, pin_ll, ospeed >> STM32_OSPEEDR_SHIFT);
 8003c86:	f3c2 12c1 	ubfx	r2, r2, #7, #2
 8003c8a:	4621      	mov	r1, r4
 8003c8c:	4630      	mov	r0, r6
 8003c8e:	f7ff ff51 	bl	8003b34 <LL_GPIO_SetPinSpeed>
	ll_gpio_set_pin_pull(gpio, pin_ll, pupd >> STM32_PUPDR_SHIFT);
 8003c92:	f3c5 2241 	ubfx	r2, r5, #9, #2
 8003c96:	4621      	mov	r1, r4
 8003c98:	4630      	mov	r0, r6
 8003c9a:	f7ff ff85 	bl	8003ba8 <ll_gpio_set_pin_pull>
	if (mode == STM32_MODER_ALT_MODE) {
 8003c9e:	f1b9 0f20 	cmp.w	r9, #32
 8003ca2:	d008      	beq.n	8003cb6 <stm32_gpioport_configure_pin+0x56>
	LL_GPIO_SetPinMode(gpio, pin_ll, mode >> STM32_MODER_SHIFT);
 8003ca4:	ea4f 1219 	mov.w	r2, r9, lsr #4
 8003ca8:	4621      	mov	r1, r4
 8003caa:	4630      	mov	r0, r6
 8003cac:	f7ff ffbb 	bl	8003c26 <LL_GPIO_SetPinMode>
}
 8003cb0:	2000      	movs	r0, #0
 8003cb2:	e8bd 83f8 	ldmia.w	sp!, {r3, r4, r5, r6, r7, r8, r9, pc}
		if (pin < 8) {
 8003cb6:	2f07      	cmp	r7, #7
 8003cb8:	d805      	bhi.n	8003cc6 <stm32_gpioport_configure_pin+0x66>
			LL_GPIO_SetAFPin_0_7(gpio, pin_ll, func);
 8003cba:	4642      	mov	r2, r8
 8003cbc:	4621      	mov	r1, r4
 8003cbe:	4630      	mov	r0, r6
 8003cc0:	f7ff ff76 	bl	8003bb0 <LL_GPIO_SetAFPin_0_7>
 8003cc4:	e7ee      	b.n	8003ca4 <stm32_gpioport_configure_pin+0x44>
			LL_GPIO_SetAFPin_8_15(gpio, pin_ll, func);
 8003cc6:	4642      	mov	r2, r8
 8003cc8:	4621      	mov	r1, r4
 8003cca:	4630      	mov	r0, r6
 8003ccc:	f7ff ff8d 	bl	8003bea <LL_GPIO_SetAFPin_8_15>
 8003cd0:	e7e8      	b.n	8003ca4 <stm32_gpioport_configure_pin+0x44>

08003cd2 <arch_early_memset>:
{
 8003cd2:	b508      	push	{r3, lr}
	(void) memset(dst, c, n);
 8003cd4:	f7ff f85a 	bl	8002d8c <memset>
}
 8003cd8:	bd08      	pop	{r3, pc}

08003cda <arch_early_memcpy>:
{
 8003cda:	b508      	push	{r3, lr}
	(void) memcpy(dst, src, n);
 8003cdc:	f7fc fa44 	bl	8000168 <__aeabi_memcpy>
}
 8003ce0:	bd08      	pop	{r3, pc}

08003ce2 <z_do_kernel_oops>:
 * @param esf exception frame
 * @param callee_regs Callee-saved registers (R4-R11)
 * @param exc_return EXC_RETURN value present in LR after exception entry.
 */
void z_do_kernel_oops(const struct arch_esf *esf, _callee_saved_t *callee_regs, uint32_t exc_return)
{
 8003ce2:	b508      	push	{r3, lr}
 8003ce4:	4601      	mov	r1, r0
	}

#endif /* CONFIG_USERSPACE */

#if !defined(CONFIG_EXTRA_EXCEPTION_INFO)
	z_arm_fatal_error(reason, esf);
 8003ce6:	6800      	ldr	r0, [r0, #0]
 8003ce8:	f7fc fd72 	bl	80007d0 <z_arm_fatal_error>
		.exc_return = exc_return,
	};

	z_arm_fatal_error(reason, &esf_copy);
#endif /* CONFIG_EXTRA_EXCEPTION_INFO */
}
 8003cec:	bd08      	pop	{r3, pc}

08003cee <z_arm_nmi>:
 * Simply call what is installed in 'static void(*handler)(void)'.
 *
 */

void z_arm_nmi(void)
{
 8003cee:	b508      	push	{r3, lr}
	handler();
 8003cf0:	f7fc fd86 	bl	8000800 <z_SysNmiOnReset>
	z_arm_int_exit();
 8003cf4:	f7fd f912 	bl	8000f1c <z_arm_exc_exit>
}
 8003cf8:	bd08      	pop	{r3, pc}

08003cfa <memory_fault_recoverable>:
}
 8003cfa:	2000      	movs	r0, #0
 8003cfc:	4770      	bx	lr

08003cfe <fault_handle>:
{
 8003cfe:	b508      	push	{r3, lr}
	*recoverable = false;
 8003d00:	2300      	movs	r3, #0
 8003d02:	7013      	strb	r3, [r2, #0]
	switch (fault) {
 8003d04:	1ecb      	subs	r3, r1, #3
 8003d06:	2b09      	cmp	r3, #9
 8003d08:	d81a      	bhi.n	8003d40 <fault_handle+0x42>
 8003d0a:	e8df f003 	tbb	[pc, r3]
 8003d0e:	0905      	.short	0x0905
 8003d10:	1919110d 	.word	0x1919110d
 8003d14:	14191919 	.word	0x14191919
		reason = hard_fault(esf, recoverable);
 8003d18:	4611      	mov	r1, r2
 8003d1a:	f7fc ff61 	bl	8000be0 <hard_fault>
		break;
 8003d1e:	e012      	b.n	8003d46 <fault_handle+0x48>
		reason = mem_manage_fault(esf, 0, recoverable);
 8003d20:	2100      	movs	r1, #0
 8003d22:	f7fc fec9 	bl	8000ab8 <mem_manage_fault>
		break;
 8003d26:	e00e      	b.n	8003d46 <fault_handle+0x48>
		reason = bus_fault(esf, 0, recoverable);
 8003d28:	2100      	movs	r1, #0
 8003d2a:	f7fc fdd9 	bl	80008e0 <bus_fault>
		break;
 8003d2e:	e00a      	b.n	8003d46 <fault_handle+0x48>
		reason = usage_fault(esf);
 8003d30:	f7fc fe4c 	bl	80009cc <usage_fault>
		break;
 8003d34:	e007      	b.n	8003d46 <fault_handle+0x48>
		debug_monitor(esf, recoverable);
 8003d36:	4611      	mov	r1, r2
 8003d38:	f7fc fea2 	bl	8000a80 <debug_monitor>
	uint32_t reason = K_ERR_CPU_EXCEPTION;
 8003d3c:	2000      	movs	r0, #0
		break;
 8003d3e:	e002      	b.n	8003d46 <fault_handle+0x48>
		reserved_exception(esf, fault);
 8003d40:	f7fc fea8 	bl	8000a94 <reserved_exception>
	uint32_t reason = K_ERR_CPU_EXCEPTION;
 8003d44:	2000      	movs	r0, #0
}
 8003d46:	bd08      	pop	{r3, pc}

08003d48 <arm_irq_enable>:
 */

#if !defined(CONFIG_ARM_CUSTOM_INTERRUPT_CONTROLLER)

void arm_irq_enable(unsigned int irq)
{
 8003d48:	b508      	push	{r3, lr}
	NVIC_EnableIRQ((IRQn_Type)irq);
 8003d4a:	b240      	sxtb	r0, r0
 8003d4c:	f7fd f82e 	bl	8000dac <__NVIC_EnableIRQ>
}
 8003d50:	bd08      	pop	{r3, pc}

08003d52 <arm_irq_priority_set>:
 * The priority is verified if ASSERT_ON is enabled. The maximum number
 * of priority levels is a little complex, as there are some hardware
 * priority levels which are reserved.
 */
void arm_irq_priority_set(unsigned int irq, unsigned int prio, uint32_t flags)
{
 8003d52:	b508      	push	{r3, lr}
	 * reduced set of priorities, like Cortex-M0/M0+).
	 */
	__ASSERT(prio <= (BIT(NUM_IRQ_PRIO_BITS) - 1),
		 "invalid priority %d for %d irq! values must be less than %lu\n",
		 prio - _IRQ_PRIO_OFFSET, irq, BIT(NUM_IRQ_PRIO_BITS) - (_IRQ_PRIO_OFFSET));
	NVIC_SetPriority((IRQn_Type)irq, prio);
 8003d54:	3101      	adds	r1, #1
 8003d56:	b240      	sxtb	r0, r0
 8003d58:	f7fd f836 	bl	8000dc8 <__NVIC_SetPriority>
}
 8003d5c:	bd08      	pop	{r3, pc}

08003d5e <z_irq_spurious>:
 * Installed in all _sw_isr_table slots at boot time. Throws an error if
 * called.
 *
 */
void z_irq_spurious(const void *unused)
{
 8003d5e:	b508      	push	{r3, lr}
	ARG_UNUSED(unused);

	z_arm_fatal_error(K_ERR_SPURIOUS_IRQ, NULL);
 8003d60:	2100      	movs	r1, #0
 8003d62:	2001      	movs	r0, #1
 8003d64:	f7fc fd34 	bl	80007d0 <z_arm_fatal_error>
}
 8003d68:	bd08      	pop	{r3, pc}

08003d6a <z_check_thread_stack_fail>:
{
 8003d6a:	b508      	push	{r3, lr}
	uint32_t sp = min_stack(fault_addr, psp);
 8003d6c:	f7fd f86a 	bl	8000e44 <min_stack>
}
 8003d70:	bd08      	pop	{r3, pc}

08003d72 <arch_coprocessors_disable>:
}
 8003d72:	f06f 0085 	mvn.w	r0, #133	@ 0x85
 8003d76:	4770      	bx	lr

08003d78 <arch_irq_unlock_outlined>:
  \details Enables FIQ interrupts by clearing special-purpose register FAULTMASK.
             Can only be executed in Privileged modes.
   */
  __STATIC_FORCEINLINE void __enable_fault_irq(void)
  {
    __ASM volatile ("cpsie f" : : : "memory");
 8003d78:	b661      	cpsie	f
  __ASM volatile ("cpsie i" : : : "memory");
 8003d7a:	b662      	cpsie	i
 8003d7c:	f380 8811 	msr	BASEPRI, r0
  __ASM volatile ("isb 0xF":::"memory");
 8003d80:	f3bf 8f6f 	isb	sy
#if defined(CONFIG_ARMV7_M_ARMV8_M_MAINLINE)
	__enable_fault_irq(); /* alters FAULTMASK */
	__enable_irq();       /* alters PRIMASK */
#endif
	arch_irq_unlock(key);
}
 8003d84:	4770      	bx	lr

08003d86 <arch_cpu_idle>:
  __ASM volatile ("cpsid i" : : : "memory");
 8003d86:	b672      	cpsid	i
 8003d88:	2300      	movs	r3, #0
 8003d8a:	f383 8811 	msr	BASEPRI, r3
  __ASM volatile ("isb 0xF":::"memory");
 8003d8e:	f3bf 8f6f 	isb	sy
  __ASM volatile ("dsb 0xF":::"memory");
 8003d92:	f3bf 8f4f 	dsb	sy
	 * set by the caller as part of interrupt locking if necessary
	 * (i.e. if the caller sets _kernel.idle).
	 */
#endif

	SLEEP_IF_ALLOWED(__WFI);
 8003d96:	bf30      	wfi
  __ASM volatile ("cpsie i" : : : "memory");
 8003d98:	b662      	cpsie	i
  __ASM volatile ("isb 0xF":::"memory");
 8003d9a:	f3bf 8f6f 	isb	sy
#if defined(CONFIG_TRACING)
	sys_trace_idle_exit();
#endif
	__enable_irq();
	__ISB();
}
 8003d9e:	4770      	bx	lr

08003da0 <mpu_partition_is_valid>:
		((part->size & (part->size - 1U)) == 0U)
 8003da0:	6843      	ldr	r3, [r0, #4]
 8003da2:	1e5a      	subs	r2, r3, #1
		&&
 8003da4:	4213      	tst	r3, r2
 8003da6:	d106      	bne.n	8003db6 <mpu_partition_is_valid+0x16>
		&&
 8003da8:	2b1f      	cmp	r3, #31
 8003daa:	d906      	bls.n	8003dba <mpu_partition_is_valid+0x1a>
		((part->start & (part->size - 1U)) == 0U);
 8003dac:	6803      	ldr	r3, [r0, #0]
		&&
 8003dae:	421a      	tst	r2, r3
 8003db0:	d005      	beq.n	8003dbe <mpu_partition_is_valid+0x1e>
 8003db2:	2000      	movs	r0, #0
 8003db4:	4770      	bx	lr
 8003db6:	2000      	movs	r0, #0
 8003db8:	4770      	bx	lr
 8003dba:	2000      	movs	r0, #0
 8003dbc:	4770      	bx	lr
 8003dbe:	2001      	movs	r0, #1
}
 8003dc0:	4770      	bx	lr

08003dc2 <mpu_configure_region>:
{
 8003dc2:	b500      	push	{lr}
 8003dc4:	b085      	sub	sp, #20
	region_conf.base = new_region->start;
 8003dc6:	680b      	ldr	r3, [r1, #0]
 8003dc8:	9301      	str	r3, [sp, #4]
		&new_region->attr, new_region->start, new_region->size);
 8003dca:	684b      	ldr	r3, [r1, #4]
	p_attr->rasr = attr->rasr_attr | size_to_mpu_rasr_size(size);
 8003dcc:	688a      	ldr	r2, [r1, #8]
	if (size <= 32U) {
 8003dce:	2b20      	cmp	r3, #32
 8003dd0:	d912      	bls.n	8003df8 <mpu_configure_region+0x36>
	if (size > (1UL << 31)) {
 8003dd2:	f1b3 4f00 	cmp.w	r3, #2147483648	@ 0x80000000
 8003dd6:	d811      	bhi.n	8003dfc <mpu_configure_region+0x3a>
	return ((32 - __builtin_clz(size - 1U) - 2 + 1) << MPU_RASR_SIZE_Pos) &
 8003dd8:	3b01      	subs	r3, #1
 8003dda:	fab3 f383 	clz	r3, r3
 8003dde:	f1c3 031f 	rsb	r3, r3, #31
 8003de2:	005b      	lsls	r3, r3, #1
 8003de4:	f003 033e 	and.w	r3, r3, #62	@ 0x3e
	p_attr->rasr = attr->rasr_attr | size_to_mpu_rasr_size(size);
 8003de8:	4313      	orrs	r3, r2
 8003dea:	9303      	str	r3, [sp, #12]
	return region_allocate_and_init(index,
 8003dec:	a901      	add	r1, sp, #4
 8003dee:	f7fd f955 	bl	800109c <region_allocate_and_init>
}
 8003df2:	b005      	add	sp, #20
 8003df4:	f85d fb04 	ldr.w	pc, [sp], #4
		return REGION_32B;
 8003df8:	2308      	movs	r3, #8
 8003dfa:	e7f5      	b.n	8003de8 <mpu_configure_region+0x26>
		return REGION_4G;
 8003dfc:	233e      	movs	r3, #62	@ 0x3e
 8003dfe:	e7f3      	b.n	8003de8 <mpu_configure_region+0x26>

08003e00 <mpu_configure_regions>:
{
 8003e00:	e92d 43f8 	stmdb	sp!, {r3, r4, r5, r6, r7, r8, r9, lr}
 8003e04:	4680      	mov	r8, r0
 8003e06:	460f      	mov	r7, r1
 8003e08:	4699      	mov	r9, r3
	int reg_index = start_reg_index;
 8003e0a:	4616      	mov	r6, r2
	for (i = 0; i < regions_num; i++) {
 8003e0c:	2500      	movs	r5, #0
 8003e0e:	e009      	b.n	8003e24 <mpu_configure_regions+0x24>
		reg_index = mpu_configure_region(reg_index, &regions[i]);
 8003e10:	4621      	mov	r1, r4
 8003e12:	b2f0      	uxtb	r0, r6
 8003e14:	f7ff ffd5 	bl	8003dc2 <mpu_configure_region>
 8003e18:	4606      	mov	r6, r0
		if (reg_index == -EINVAL) {
 8003e1a:	f110 0f16 	cmn.w	r0, #22
 8003e1e:	d014      	beq.n	8003e4a <mpu_configure_regions+0x4a>
		reg_index++;
 8003e20:	3601      	adds	r6, #1
	for (i = 0; i < regions_num; i++) {
 8003e22:	3501      	adds	r5, #1
 8003e24:	42bd      	cmp	r5, r7
 8003e26:	da10      	bge.n	8003e4a <mpu_configure_regions+0x4a>
		if (regions[i].size == 0U) {
 8003e28:	eb05 0445 	add.w	r4, r5, r5, lsl #1
 8003e2c:	eb08 0484 	add.w	r4, r8, r4, lsl #2
 8003e30:	6862      	ldr	r2, [r4, #4]
 8003e32:	2a00      	cmp	r2, #0
 8003e34:	d0f5      	beq.n	8003e22 <mpu_configure_regions+0x22>
		if (do_coherence_check &&
 8003e36:	f1b9 0f00 	cmp.w	r9, #0
 8003e3a:	d0e9      	beq.n	8003e10 <mpu_configure_regions+0x10>
				(!mpu_partition_is_valid(&regions[i]))) {
 8003e3c:	4620      	mov	r0, r4
 8003e3e:	f7ff ffaf 	bl	8003da0 <mpu_partition_is_valid>
		if (do_coherence_check &&
 8003e42:	2800      	cmp	r0, #0
 8003e44:	d1e4      	bne.n	8003e10 <mpu_configure_regions+0x10>
			return -EINVAL;
 8003e46:	f06f 0615 	mvn.w	r6, #21
}
 8003e4a:	4630      	mov	r0, r6
 8003e4c:	e8bd 83f8 	ldmia.w	sp!, {r3, r4, r5, r6, r7, r8, r9, pc}

08003e50 <mpu_configure_regions_from_dt>:
{
 8003e50:	b5f0      	push	{r4, r5, r6, r7, lr}
 8003e52:	b085      	sub	sp, #20
 8003e54:	4605      	mov	r5, r0
	num_regions = mem_attr_get_regions(&region);
 8003e56:	a803      	add	r0, sp, #12
 8003e58:	f7fc fc6e 	bl	8000738 <mem_attr_get_regions>
 8003e5c:	4606      	mov	r6, r0
	for (size_t idx = 0; idx < num_regions; idx++) {
 8003e5e:	2400      	movs	r4, #0
 8003e60:	e035      	b.n	8003ece <mpu_configure_regions_from_dt+0x7e>
		switch (DT_MEM_ARM_GET(region[idx].dt_attr)) {
 8003e62:	f1b3 7f00 	cmp.w	r3, #33554432	@ 0x2000000
 8003e66:	f000 80b2 	beq.w	8003fce <mpu_configure_regions_from_dt+0x17e>
 8003e6a:	f1b3 5f80 	cmp.w	r3, #268435456	@ 0x10000000
 8003e6e:	f000 80c8 	beq.w	8004002 <mpu_configure_regions_from_dt+0x1b2>
 8003e72:	f1b3 7f80 	cmp.w	r3, #16777216	@ 0x1000000
 8003e76:	d129      	bne.n	8003ecc <mpu_configure_regions_from_dt+0x7c>
			region_conf = _BUILD_REGION_CONF(region[idx], REGION_IO_ATTR);
 8003e78:	6857      	ldr	r7, [r2, #4]
 8003e7a:	5809      	ldr	r1, [r1, r0]
 8003e7c:	6893      	ldr	r3, [r2, #8]
	if (size <= 32U) {
 8003e7e:	2b20      	cmp	r3, #32
 8003e80:	f240 80a1 	bls.w	8003fc6 <mpu_configure_regions_from_dt+0x176>
	if (size > (1UL << 31)) {
 8003e84:	f1b3 4f00 	cmp.w	r3, #2147483648	@ 0x80000000
 8003e88:	f200 809f 	bhi.w	8003fca <mpu_configure_regions_from_dt+0x17a>
	return ((32 - __builtin_clz(size - 1U) - 2 + 1) << MPU_RASR_SIZE_Pos) &
 8003e8c:	3b01      	subs	r3, #1
 8003e8e:	fab3 f383 	clz	r3, r3
 8003e92:	f1c3 031f 	rsb	r3, r3, #31
 8003e96:	005b      	lsls	r3, r3, #1
 8003e98:	f003 033e 	and.w	r3, r3, #62	@ 0x3e
 8003e9c:	f043 7388 	orr.w	r3, r3, #17825792	@ 0x1100000
 8003ea0:	9700      	str	r7, [sp, #0]
 8003ea2:	9101      	str	r1, [sp, #4]
 8003ea4:	9302      	str	r3, [sp, #8]
			break;
 8003ea6:	e007      	b.n	8003eb8 <mpu_configure_regions_from_dt+0x68>
		return REGION_32B;
 8003ea8:	2308      	movs	r3, #8
			region_conf = _BUILD_REGION_CONF(region[idx], REGION_RAM_ATTR);
 8003eaa:	f043 5388 	orr.w	r3, r3, #285212672	@ 0x11000000
 8003eae:	f443 2330 	orr.w	r3, r3, #720896	@ 0xb0000
 8003eb2:	9700      	str	r7, [sp, #0]
 8003eb4:	9101      	str	r1, [sp, #4]
 8003eb6:	9302      	str	r3, [sp, #8]
		if (region_allocate_and_init((*reg_index),
 8003eb8:	4669      	mov	r1, sp
 8003eba:	7828      	ldrb	r0, [r5, #0]
 8003ebc:	f7fd f8ee 	bl	800109c <region_allocate_and_init>
 8003ec0:	2800      	cmp	r0, #0
 8003ec2:	f2c0 80ba 	blt.w	800403a <mpu_configure_regions_from_dt+0x1ea>
		(*reg_index)++;
 8003ec6:	782b      	ldrb	r3, [r5, #0]
 8003ec8:	3301      	adds	r3, #1
 8003eca:	702b      	strb	r3, [r5, #0]
	for (size_t idx = 0; idx < num_regions; idx++) {
 8003ecc:	3401      	adds	r4, #1
 8003ece:	42b4      	cmp	r4, r6
 8003ed0:	f080 80b6 	bcs.w	8004040 <mpu_configure_regions_from_dt+0x1f0>
		switch (DT_MEM_ARM_GET(region[idx].dt_attr)) {
 8003ed4:	0120      	lsls	r0, r4, #4
 8003ed6:	9903      	ldr	r1, [sp, #12]
 8003ed8:	eb01 1204 	add.w	r2, r1, r4, lsl #4
 8003edc:	68d3      	ldr	r3, [r2, #12]
 8003ede:	f36f 0313 	bfc	r3, #0, #20
 8003ee2:	f5b3 0f00 	cmp.w	r3, #8388608	@ 0x800000
 8003ee6:	d054      	beq.n	8003f92 <mpu_configure_regions_from_dt+0x142>
 8003ee8:	d8bb      	bhi.n	8003e62 <mpu_configure_regions_from_dt+0x12>
 8003eea:	f5b3 1f00 	cmp.w	r3, #2097152	@ 0x200000
 8003eee:	d018      	beq.n	8003f22 <mpu_configure_regions_from_dt+0xd2>
 8003ef0:	f5b3 0f80 	cmp.w	r3, #4194304	@ 0x400000
 8003ef4:	d031      	beq.n	8003f5a <mpu_configure_regions_from_dt+0x10a>
 8003ef6:	f5b3 1f80 	cmp.w	r3, #1048576	@ 0x100000
 8003efa:	d1e7      	bne.n	8003ecc <mpu_configure_regions_from_dt+0x7c>
			region_conf = _BUILD_REGION_CONF(region[idx], REGION_RAM_ATTR);
 8003efc:	6857      	ldr	r7, [r2, #4]
 8003efe:	5809      	ldr	r1, [r1, r0]
 8003f00:	6893      	ldr	r3, [r2, #8]
	if (size <= 32U) {
 8003f02:	2b20      	cmp	r3, #32
 8003f04:	d9d0      	bls.n	8003ea8 <mpu_configure_regions_from_dt+0x58>
	if (size > (1UL << 31)) {
 8003f06:	f1b3 4f00 	cmp.w	r3, #2147483648	@ 0x80000000
 8003f0a:	d808      	bhi.n	8003f1e <mpu_configure_regions_from_dt+0xce>
	return ((32 - __builtin_clz(size - 1U) - 2 + 1) << MPU_RASR_SIZE_Pos) &
 8003f0c:	3b01      	subs	r3, #1
 8003f0e:	fab3 f383 	clz	r3, r3
 8003f12:	f1c3 031f 	rsb	r3, r3, #31
 8003f16:	005b      	lsls	r3, r3, #1
 8003f18:	f003 033e 	and.w	r3, r3, #62	@ 0x3e
 8003f1c:	e7c5      	b.n	8003eaa <mpu_configure_regions_from_dt+0x5a>
		return REGION_4G;
 8003f1e:	233e      	movs	r3, #62	@ 0x3e
 8003f20:	e7c3      	b.n	8003eaa <mpu_configure_regions_from_dt+0x5a>
			region_conf = _BUILD_REGION_CONF(region[idx], REGION_RAM_NOCACHE_ATTR);
 8003f22:	6857      	ldr	r7, [r2, #4]
 8003f24:	5809      	ldr	r1, [r1, r0]
 8003f26:	6893      	ldr	r3, [r2, #8]
	if (size <= 32U) {
 8003f28:	2b20      	cmp	r3, #32
 8003f2a:	d912      	bls.n	8003f52 <mpu_configure_regions_from_dt+0x102>
	if (size > (1UL << 31)) {
 8003f2c:	f1b3 4f00 	cmp.w	r3, #2147483648	@ 0x80000000
 8003f30:	d811      	bhi.n	8003f56 <mpu_configure_regions_from_dt+0x106>
	return ((32 - __builtin_clz(size - 1U) - 2 + 1) << MPU_RASR_SIZE_Pos) &
 8003f32:	3b01      	subs	r3, #1
 8003f34:	fab3 f383 	clz	r3, r3
 8003f38:	f1c3 031f 	rsb	r3, r3, #31
 8003f3c:	005b      	lsls	r3, r3, #1
 8003f3e:	f003 033e 	and.w	r3, r3, #62	@ 0x3e
 8003f42:	f043 5388 	orr.w	r3, r3, #285212672	@ 0x11000000
 8003f46:	f443 2300 	orr.w	r3, r3, #524288	@ 0x80000
 8003f4a:	9700      	str	r7, [sp, #0]
 8003f4c:	9101      	str	r1, [sp, #4]
 8003f4e:	9302      	str	r3, [sp, #8]
			break;
 8003f50:	e7b2      	b.n	8003eb8 <mpu_configure_regions_from_dt+0x68>
		return REGION_32B;
 8003f52:	2308      	movs	r3, #8
 8003f54:	e7f5      	b.n	8003f42 <mpu_configure_regions_from_dt+0xf2>
		return REGION_4G;
 8003f56:	233e      	movs	r3, #62	@ 0x3e
 8003f58:	e7f3      	b.n	8003f42 <mpu_configure_regions_from_dt+0xf2>
			region_conf = _BUILD_REGION_CONF(region[idx], REGION_FLASH_ATTR);
 8003f5a:	6857      	ldr	r7, [r2, #4]
 8003f5c:	5809      	ldr	r1, [r1, r0]
 8003f5e:	6893      	ldr	r3, [r2, #8]
	if (size <= 32U) {
 8003f60:	2b20      	cmp	r3, #32
 8003f62:	d912      	bls.n	8003f8a <mpu_configure_regions_from_dt+0x13a>
	if (size > (1UL << 31)) {
 8003f64:	f1b3 4f00 	cmp.w	r3, #2147483648	@ 0x80000000
 8003f68:	d811      	bhi.n	8003f8e <mpu_configure_regions_from_dt+0x13e>
	return ((32 - __builtin_clz(size - 1U) - 2 + 1) << MPU_RASR_SIZE_Pos) &
 8003f6a:	3b01      	subs	r3, #1
 8003f6c:	fab3 f383 	clz	r3, r3
 8003f70:	f1c3 031f 	rsb	r3, r3, #31
 8003f74:	005b      	lsls	r3, r3, #1
 8003f76:	f003 033e 	and.w	r3, r3, #62	@ 0x3e
 8003f7a:	f043 63c0 	orr.w	r3, r3, #100663296	@ 0x6000000
 8003f7e:	f443 3300 	orr.w	r3, r3, #131072	@ 0x20000
 8003f82:	9700      	str	r7, [sp, #0]
 8003f84:	9101      	str	r1, [sp, #4]
 8003f86:	9302      	str	r3, [sp, #8]
			break;
 8003f88:	e796      	b.n	8003eb8 <mpu_configure_regions_from_dt+0x68>
		return REGION_32B;
 8003f8a:	2308      	movs	r3, #8
 8003f8c:	e7f5      	b.n	8003f7a <mpu_configure_regions_from_dt+0x12a>
		return REGION_4G;
 8003f8e:	233e      	movs	r3, #62	@ 0x3e
 8003f90:	e7f3      	b.n	8003f7a <mpu_configure_regions_from_dt+0x12a>
			region_conf = _BUILD_REGION_CONF(region[idx], REGION_PPB_ATTR);
 8003f92:	6857      	ldr	r7, [r2, #4]
 8003f94:	5809      	ldr	r1, [r1, r0]
 8003f96:	6893      	ldr	r3, [r2, #8]
	if (size <= 32U) {
 8003f98:	2b20      	cmp	r3, #32
 8003f9a:	d910      	bls.n	8003fbe <mpu_configure_regions_from_dt+0x16e>
	if (size > (1UL << 31)) {
 8003f9c:	f1b3 4f00 	cmp.w	r3, #2147483648	@ 0x80000000
 8003fa0:	d80f      	bhi.n	8003fc2 <mpu_configure_regions_from_dt+0x172>
	return ((32 - __builtin_clz(size - 1U) - 2 + 1) << MPU_RASR_SIZE_Pos) &
 8003fa2:	3b01      	subs	r3, #1
 8003fa4:	fab3 f383 	clz	r3, r3
 8003fa8:	f1c3 031f 	rsb	r3, r3, #31
 8003fac:	005b      	lsls	r3, r3, #1
 8003fae:	f003 033e 	and.w	r3, r3, #62	@ 0x3e
 8003fb2:	f043 7382 	orr.w	r3, r3, #17039360	@ 0x1040000
 8003fb6:	9700      	str	r7, [sp, #0]
 8003fb8:	9101      	str	r1, [sp, #4]
 8003fba:	9302      	str	r3, [sp, #8]
			break;
 8003fbc:	e77c      	b.n	8003eb8 <mpu_configure_regions_from_dt+0x68>
		return REGION_32B;
 8003fbe:	2308      	movs	r3, #8
 8003fc0:	e7f7      	b.n	8003fb2 <mpu_configure_regions_from_dt+0x162>
		return REGION_4G;
 8003fc2:	233e      	movs	r3, #62	@ 0x3e
 8003fc4:	e7f5      	b.n	8003fb2 <mpu_configure_regions_from_dt+0x162>
		return REGION_32B;
 8003fc6:	2308      	movs	r3, #8
 8003fc8:	e768      	b.n	8003e9c <mpu_configure_regions_from_dt+0x4c>
		return REGION_4G;
 8003fca:	233e      	movs	r3, #62	@ 0x3e
 8003fcc:	e766      	b.n	8003e9c <mpu_configure_regions_from_dt+0x4c>
			region_conf = _BUILD_REGION_CONF(region[idx], REGION_EXTMEM_ATTR);
 8003fce:	6857      	ldr	r7, [r2, #4]
 8003fd0:	5809      	ldr	r1, [r1, r0]
 8003fd2:	6893      	ldr	r3, [r2, #8]
	if (size <= 32U) {
 8003fd4:	2b20      	cmp	r3, #32
 8003fd6:	d910      	bls.n	8003ffa <mpu_configure_regions_from_dt+0x1aa>
	if (size > (1UL << 31)) {
 8003fd8:	f1b3 4f00 	cmp.w	r3, #2147483648	@ 0x80000000
 8003fdc:	d80f      	bhi.n	8003ffe <mpu_configure_regions_from_dt+0x1ae>
	return ((32 - __builtin_clz(size - 1U) - 2 + 1) << MPU_RASR_SIZE_Pos) &
 8003fde:	3b01      	subs	r3, #1
 8003fe0:	fab3 f383 	clz	r3, r3
 8003fe4:	f1c3 031f 	rsb	r3, r3, #31
 8003fe8:	005b      	lsls	r3, r3, #1
 8003fea:	f003 033e 	and.w	r3, r3, #62	@ 0x3e
 8003fee:	f443 2380 	orr.w	r3, r3, #262144	@ 0x40000
 8003ff2:	9700      	str	r7, [sp, #0]
 8003ff4:	9101      	str	r1, [sp, #4]
 8003ff6:	9302      	str	r3, [sp, #8]
			break;
 8003ff8:	e75e      	b.n	8003eb8 <mpu_configure_regions_from_dt+0x68>
		return REGION_32B;
 8003ffa:	2308      	movs	r3, #8
 8003ffc:	e7f7      	b.n	8003fee <mpu_configure_regions_from_dt+0x19e>
		return REGION_4G;
 8003ffe:	233e      	movs	r3, #62	@ 0x3e
 8004000:	e7f5      	b.n	8003fee <mpu_configure_regions_from_dt+0x19e>
			region_conf = _BUILD_REGION_CONF(region[idx], REGION_RAM_WT_ATTR);
 8004002:	6857      	ldr	r7, [r2, #4]
 8004004:	5809      	ldr	r1, [r1, r0]
 8004006:	6893      	ldr	r3, [r2, #8]
	if (size <= 32U) {
 8004008:	2b20      	cmp	r3, #32
 800400a:	d912      	bls.n	8004032 <mpu_configure_regions_from_dt+0x1e2>
	if (size > (1UL << 31)) {
 800400c:	f1b3 4f00 	cmp.w	r3, #2147483648	@ 0x80000000
 8004010:	d811      	bhi.n	8004036 <mpu_configure_regions_from_dt+0x1e6>
	return ((32 - __builtin_clz(size - 1U) - 2 + 1) << MPU_RASR_SIZE_Pos) &
 8004012:	3b01      	subs	r3, #1
 8004014:	fab3 f383 	clz	r3, r3
 8004018:	f1c3 031f 	rsb	r3, r3, #31
 800401c:	005b      	lsls	r3, r3, #1
 800401e:	f003 033e 	and.w	r3, r3, #62	@ 0x3e
 8004022:	f043 5388 	orr.w	r3, r3, #285212672	@ 0x11000000
 8004026:	f443 3300 	orr.w	r3, r3, #131072	@ 0x20000
 800402a:	9700      	str	r7, [sp, #0]
 800402c:	9101      	str	r1, [sp, #4]
 800402e:	9302      	str	r3, [sp, #8]
			break;
 8004030:	e742      	b.n	8003eb8 <mpu_configure_regions_from_dt+0x68>
		return REGION_32B;
 8004032:	2308      	movs	r3, #8
 8004034:	e7f5      	b.n	8004022 <mpu_configure_regions_from_dt+0x1d2>
		return REGION_4G;
 8004036:	233e      	movs	r3, #62	@ 0x3e
 8004038:	e7f3      	b.n	8004022 <mpu_configure_regions_from_dt+0x1d2>
			return -EINVAL;
 800403a:	f06f 0015 	mvn.w	r0, #21
 800403e:	e000      	b.n	8004042 <mpu_configure_regions_from_dt+0x1f2>
	return 0;
 8004040:	2000      	movs	r0, #0
}
 8004042:	b005      	add	sp, #20
 8004044:	bdf0      	pop	{r4, r5, r6, r7, pc}

08004046 <arm_core_mpu_configure_static_mpu_regions>:
{
 8004046:	b508      	push	{r3, lr}
	if (mpu_configure_static_mpu_regions(static_regions, regions_num,
 8004048:	f7fd f83c 	bl	80010c4 <mpu_configure_static_mpu_regions>
}
 800404c:	bd08      	pop	{r3, pc}

0800404e <arm_core_mpu_configure_dynamic_mpu_regions>:
{
 800404e:	b508      	push	{r3, lr}
	if (mpu_configure_dynamic_mpu_regions(dynamic_regions, regions_num)
 8004050:	f7fd f842 	bl	80010d8 <mpu_configure_dynamic_mpu_regions>
}
 8004054:	bd08      	pop	{r3, pc}

08004056 <picolibc_put>:
{
 8004056:	b508      	push	{r3, lr}
		union { uintptr_t x; FILE * val; } parm1 = { .val = stream };
		return (int) arch_syscall_invoke2(parm0.x, parm1.x, K_SYSCALL_ZEPHYR_FPUTC);
	}
#endif
	compiler_barrier();
	return z_impl_zephyr_fputc(c, stream);
 8004058:	f7fd f8b2 	bl	80011c0 <z_impl_zephyr_fputc>
}
 800405c:	2000      	movs	r0, #0
 800405e:	bd08      	pop	{r3, pc}

08004060 <stm32_exti_init>:

/**
 * @brief Initializes the EXTI interrupt controller driver
 */
static int stm32_exti_init(const struct device *dev)
{
 8004060:	b508      	push	{r3, lr}
	ARG_UNUSED(dev);

	return stm32_exti_enable_clocks();
 8004062:	f7fd f8d3 	bl	800120c <stm32_exti_enable_clocks>
}
 8004066:	bd08      	pop	{r3, pc}

08004068 <stm32_exti_gpio_intc_init>:
{
 8004068:	b508      	push	{r3, lr}
	DT_FOREACH_PROP_ELEM(EXTI_NODE,
 800406a:	2206      	movs	r2, #6
 800406c:	2101      	movs	r1, #1
 800406e:	2000      	movs	r0, #0
 8004070:	f7fd f908 	bl	8001284 <stm32_fill_irq_table>
 8004074:	2200      	movs	r2, #0
 8004076:	4611      	mov	r1, r2
 8004078:	2006      	movs	r0, #6
 800407a:	f7ff fe6a 	bl	8003d52 <arm_irq_priority_set>
 800407e:	2207      	movs	r2, #7
 8004080:	2101      	movs	r1, #1
 8004082:	4608      	mov	r0, r1
 8004084:	f7fd f8fe 	bl	8001284 <stm32_fill_irq_table>
 8004088:	2200      	movs	r2, #0
 800408a:	4611      	mov	r1, r2
 800408c:	2007      	movs	r0, #7
 800408e:	f7ff fe60 	bl	8003d52 <arm_irq_priority_set>
 8004092:	2208      	movs	r2, #8
 8004094:	2101      	movs	r1, #1
 8004096:	2002      	movs	r0, #2
 8004098:	f7fd f8f4 	bl	8001284 <stm32_fill_irq_table>
 800409c:	2200      	movs	r2, #0
 800409e:	4611      	mov	r1, r2
 80040a0:	2008      	movs	r0, #8
 80040a2:	f7ff fe56 	bl	8003d52 <arm_irq_priority_set>
 80040a6:	2209      	movs	r2, #9
 80040a8:	2101      	movs	r1, #1
 80040aa:	2003      	movs	r0, #3
 80040ac:	f7fd f8ea 	bl	8001284 <stm32_fill_irq_table>
 80040b0:	2200      	movs	r2, #0
 80040b2:	4611      	mov	r1, r2
 80040b4:	2009      	movs	r0, #9
 80040b6:	f7ff fe4c 	bl	8003d52 <arm_irq_priority_set>
 80040ba:	220a      	movs	r2, #10
 80040bc:	2101      	movs	r1, #1
 80040be:	2004      	movs	r0, #4
 80040c0:	f7fd f8e0 	bl	8001284 <stm32_fill_irq_table>
 80040c4:	2200      	movs	r2, #0
 80040c6:	4611      	mov	r1, r2
 80040c8:	200a      	movs	r0, #10
 80040ca:	f7ff fe42 	bl	8003d52 <arm_irq_priority_set>
 80040ce:	2217      	movs	r2, #23
 80040d0:	2105      	movs	r1, #5
 80040d2:	4608      	mov	r0, r1
 80040d4:	f7fd f8d6 	bl	8001284 <stm32_fill_irq_table>
 80040d8:	2200      	movs	r2, #0
 80040da:	4611      	mov	r1, r2
 80040dc:	2017      	movs	r0, #23
 80040de:	f7ff fe38 	bl	8003d52 <arm_irq_priority_set>
 80040e2:	2228      	movs	r2, #40	@ 0x28
 80040e4:	2106      	movs	r1, #6
 80040e6:	200a      	movs	r0, #10
 80040e8:	f7fd f8cc 	bl	8001284 <stm32_fill_irq_table>
 80040ec:	2200      	movs	r2, #0
 80040ee:	4611      	mov	r1, r2
 80040f0:	2028      	movs	r0, #40	@ 0x28
 80040f2:	f7ff fe2e 	bl	8003d52 <arm_irq_priority_set>
}
 80040f6:	2000      	movs	r0, #0
 80040f8:	bd08      	pop	{r3, pc}

080040fa <stm32_gpio_intc_get_pin_irq_line>:
 80040fa:	f001 011f 	and.w	r1, r1, #31
}
 80040fe:	2001      	movs	r0, #1
 8004100:	4088      	lsls	r0, r1
 8004102:	4770      	bx	lr

08004104 <stm32_exti_set_line_src_port>:

void stm32_exti_set_line_src_port(gpio_pin_t line, uint32_t port)
{
 8004104:	b508      	push	{r3, lr}
 8004106:	4602      	mov	r2, r0
 8004108:	4608      	mov	r0, r1
	return (0xF << ((linenum % 4 * 4) + 16)) | (linenum / 4);
 800410a:	f002 0303 	and.w	r3, r2, #3
 800410e:	3304      	adds	r3, #4
 8004110:	009b      	lsls	r3, r3, #2
 8004112:	210f      	movs	r1, #15
 8004114:	4099      	lsls	r1, r3
#elif DT_HAS_COMPAT_STATUS_OKAY(st_stm32h7rs_exti)
	LL_SBS_SetEXTISource(port, ll_line);
#elif defined(CONFIG_SOC_SERIES_STM32MP2X)
	LL_EXTI_SetEXTISource(EXTI2, port, ll_line);
#else
	LL_SYSCFG_SetEXTISource(port, ll_line);
 8004116:	ea41 0192 	orr.w	r1, r1, r2, lsr #2
 800411a:	f7fd f8e9 	bl	80012f0 <LL_SYSCFG_SetEXTISource>
#endif
	z_stm32_hsem_unlock(CFG_HW_EXTI_SEMID);
}
 800411e:	bd08      	pop	{r3, pc}

08004120 <stm32_exti_get_line_src_port>:

uint32_t stm32_exti_get_line_src_port(gpio_pin_t line)
{
 8004120:	b508      	push	{r3, lr}
	return (0xF << ((linenum % 4 * 4) + 16)) | (linenum / 4);
 8004122:	f000 0303 	and.w	r3, r0, #3
 8004126:	3304      	adds	r3, #4
 8004128:	009b      	lsls	r3, r3, #2
 800412a:	220f      	movs	r2, #15
 800412c:	fa02 f303 	lsl.w	r3, r2, r3
#elif DT_HAS_COMPAT_STATUS_OKAY(st_stm32h7rs_exti)
	port = LL_SBS_GetEXTISource(ll_line);
#elif defined(CONFIG_SOC_SERIES_STM32MP2X)
	port = LL_EXTI_GetEXTISource(EXTI2, ll_line);
#else
	port = LL_SYSCFG_GetEXTISource(ll_line);
 8004130:	ea43 0090 	orr.w	r0, r3, r0, lsr #2
 8004134:	f7fd f8f8 	bl	8001328 <LL_SYSCFG_GetEXTISource>
		port = port + STM32_PORT_GAP;
	}
#endif

	return port;
}
 8004138:	bd08      	pop	{r3, pc}

0800413a <get_pll_div_frequency>:
	return pllsrc_freq / pllm_div * plln_mul / pllout_div;
 800413a:	fbb0 f0f1 	udiv	r0, r0, r1
 800413e:	fb02 f000 	mul.w	r0, r2, r0
}
 8004142:	fbb0 f0f3 	udiv	r0, r0, r3
 8004146:	4770      	bx	lr

08004148 <get_bus_clock>:
}
 8004148:	fbb0 f0f1 	udiv	r0, r0, r1
 800414c:	4770      	bx	lr

0800414e <stm32_clock_control_on>:
	if (!IN_RANGE(pclken->bus, STM32_PERIPH_BUS_MIN, STM32_PERIPH_BUS_MAX)) {
 800414e:	880b      	ldrh	r3, [r1, #0]
 8004150:	f3c3 030b 	ubfx	r3, r3, #0, #12
 8004154:	f503 627d 	add.w	r2, r3, #4048	@ 0xfd0
 8004158:	f3c2 020b 	ubfx	r2, r2, #0, #12
 800415c:	2a78      	cmp	r2, #120	@ 0x78
 800415e:	d815      	bhi.n	800418c <stm32_clock_control_on+0x3e>
{
 8004160:	b082      	sub	sp, #8
	sys_set_bits(DT_REG_ADDR(DT_NODELABEL(rcc)) + pclken->bus,
 8004162:	f103 4380 	add.w	r3, r3, #1073741824	@ 0x40000000
 8004166:	f503 330e 	add.w	r3, r3, #145408	@ 0x23800
 800416a:	684a      	ldr	r2, [r1, #4]
	return temp & (1U << bit);
}

static ALWAYS_INLINE void sys_set_bits(mem_addr_t addr, unsigned int mask)
{
	uint32_t temp = *(volatile uint32_t *)addr;
 800416c:	6818      	ldr	r0, [r3, #0]

	*(volatile uint32_t *)addr = temp | mask;
 800416e:	4302      	orrs	r2, r0
 8004170:	601a      	str	r2, [r3, #0]
	temp = sys_read32(DT_REG_ADDR(DT_NODELABEL(rcc)) + pclken->bus);
 8004172:	880b      	ldrh	r3, [r1, #0]
 8004174:	f3c3 030b 	ubfx	r3, r3, #0, #12
 8004178:	f103 4380 	add.w	r3, r3, #1073741824	@ 0x40000000
 800417c:	f503 330e 	add.w	r3, r3, #145408	@ 0x23800
	return *(volatile uint32_t *)addr;
 8004180:	681b      	ldr	r3, [r3, #0]
 8004182:	9301      	str	r3, [sp, #4]
	UNUSED(temp);
 8004184:	9b01      	ldr	r3, [sp, #4]
	return 0;
 8004186:	2000      	movs	r0, #0
}
 8004188:	b002      	add	sp, #8
 800418a:	4770      	bx	lr
		return -ENOTSUP;
 800418c:	f06f 0085 	mvn.w	r0, #133	@ 0x85
}
 8004190:	4770      	bx	lr

08004192 <stm32_clock_control_off>:
	if (!IN_RANGE(pclken->bus, STM32_PERIPH_BUS_MIN, STM32_PERIPH_BUS_MAX)) {
 8004192:	880b      	ldrh	r3, [r1, #0]
 8004194:	f3c3 030b 	ubfx	r3, r3, #0, #12
 8004198:	f503 627d 	add.w	r2, r3, #4048	@ 0xfd0
 800419c:	f3c2 020b 	ubfx	r2, r2, #0, #12
 80041a0:	2a78      	cmp	r2, #120	@ 0x78
 80041a2:	d80a      	bhi.n	80041ba <stm32_clock_control_off+0x28>
	sys_clear_bits(DT_REG_ADDR(DT_NODELABEL(rcc)) + pclken->bus,
 80041a4:	f103 4380 	add.w	r3, r3, #1073741824	@ 0x40000000
 80041a8:	f503 330e 	add.w	r3, r3, #145408	@ 0x23800
 80041ac:	6849      	ldr	r1, [r1, #4]
}

static ALWAYS_INLINE void sys_clear_bits(mem_addr_t addr, unsigned int mask)
{
	uint32_t temp = *(volatile uint32_t *)addr;
 80041ae:	681a      	ldr	r2, [r3, #0]

	*(volatile uint32_t *)addr = temp & ~mask;
 80041b0:	ea22 0201 	bic.w	r2, r2, r1
 80041b4:	601a      	str	r2, [r3, #0]
	return 0;
 80041b6:	2000      	movs	r0, #0
 80041b8:	4770      	bx	lr
		return -ENOTSUP;
 80041ba:	f06f 0085 	mvn.w	r0, #133	@ 0x85
}
 80041be:	4770      	bx	lr

080041c0 <stm32_clock_control_configure>:
{
 80041c0:	b570      	push	{r4, r5, r6, lr}
	uint32_t enr = pclken->enr;
 80041c2:	684c      	ldr	r4, [r1, #4]
	uint32_t shift = STM32_DT_CLKSEL_SHIFT_GET(enr);
 80041c4:	f3c4 4504 	ubfx	r5, r4, #16, #5
	err = enabled_clock(pclken->bus);
 80041c8:	8808      	ldrh	r0, [r1, #0]
 80041ca:	f3c0 000b 	ubfx	r0, r0, #0, #12
 80041ce:	f7fd fa43 	bl	8001658 <enabled_clock>
	if (err < 0) {
 80041d2:	2800      	cmp	r0, #0
 80041d4:	db15      	blt.n	8004202 <stm32_clock_control_configure+0x42>
 80041d6:	b2a6      	uxth	r6, r4
	if (pclken->enr == NO_SEL) {
 80041d8:	2cff      	cmp	r4, #255	@ 0xff
 80041da:	d013      	beq.n	8004204 <stm32_clock_control_configure+0x44>
	stm32_reg_modify_bits((uint32_t *)(DT_REG_ADDR(DT_NODELABEL(rcc)) + reg),
 80041dc:	f106 4280 	add.w	r2, r6, #1073741824	@ 0x40000000
 80041e0:	f502 320e 	add.w	r2, r2, #145408	@ 0x23800
			      STM32_DT_CLKSEL_MASK_GET(enr) << shift,
 80041e4:	f3c4 5141 	ubfx	r1, r4, #21, #2
 80041e8:	3101      	adds	r1, #1
 80041ea:	2301      	movs	r3, #1
 80041ec:	408b      	lsls	r3, r1
 80041ee:	3b01      	subs	r3, #1
 80041f0:	40ab      	lsls	r3, r5
			      STM32_DT_CLKSEL_VAL_GET(enr) << shift);
 80041f2:	0e24      	lsrs	r4, r4, #24
	stm32_reg_modify_bits((uint32_t *)(DT_REG_ADDR(DT_NODELABEL(rcc)) + reg),
 80041f4:	40ac      	lsls	r4, r5
 80041f6:	6811      	ldr	r1, [r2, #0]
 80041f8:	ea21 0303 	bic.w	r3, r1, r3
 80041fc:	431c      	orrs	r4, r3
	*(volatile uint32_t *)addr = data;
 80041fe:	6014      	str	r4, [r2, #0]
	return 0;
 8004200:	2000      	movs	r0, #0
}
 8004202:	bd70      	pop	{r4, r5, r6, pc}
		return 0;
 8004204:	2000      	movs	r0, #0
 8004206:	e7fc      	b.n	8004202 <stm32_clock_control_configure+0x42>

08004208 <stm32_clock_control_get_status>:
{
 8004208:	b508      	push	{r3, lr}
	if (IN_RANGE(pclken->bus, STM32_PERIPH_BUS_MIN, STM32_PERIPH_BUS_MAX)) {
 800420a:	8808      	ldrh	r0, [r1, #0]
 800420c:	f3c0 000b 	ubfx	r0, r0, #0, #12
 8004210:	f500 637d 	add.w	r3, r0, #4048	@ 0xfd0
 8004214:	f3c3 030b 	ubfx	r3, r3, #0, #12
 8004218:	2b78      	cmp	r3, #120	@ 0x78
 800421a:	d80b      	bhi.n	8004234 <stm32_clock_control_get_status+0x2c>
		if ((sys_read32(DT_REG_ADDR(DT_NODELABEL(rcc)) + pclken->bus) & pclken->enr)
 800421c:	f100 4080 	add.w	r0, r0, #1073741824	@ 0x40000000
 8004220:	f500 300e 	add.w	r0, r0, #145408	@ 0x23800
	return *(volatile uint32_t *)addr;
 8004224:	6802      	ldr	r2, [r0, #0]
 8004226:	684b      	ldr	r3, [r1, #4]
 8004228:	4393      	bics	r3, r2
 800422a:	d001      	beq.n	8004230 <stm32_clock_control_get_status+0x28>
			return CLOCK_CONTROL_STATUS_OFF;
 800422c:	2001      	movs	r0, #1
}
 800422e:	bd08      	pop	{r3, pc}
			return CLOCK_CONTROL_STATUS_ON;
 8004230:	2002      	movs	r0, #2
 8004232:	e7fc      	b.n	800422e <stm32_clock_control_get_status+0x26>
		if (enabled_clock(pclken->bus) == 0) {
 8004234:	f7fd fa10 	bl	8001658 <enabled_clock>
 8004238:	b108      	cbz	r0, 800423e <stm32_clock_control_get_status+0x36>
			return CLOCK_CONTROL_STATUS_OFF;
 800423a:	2001      	movs	r0, #1
 800423c:	e7f7      	b.n	800422e <stm32_clock_control_get_status+0x26>
			return CLOCK_CONTROL_STATUS_ON;
 800423e:	2002      	movs	r0, #2
 8004240:	e7f5      	b.n	800422e <stm32_clock_control_get_status+0x26>

08004242 <config_regulator_voltage>:
{
	stm32_hse_css_callback();
}
#endif /* STM32_HSE_CSS */

void __weak config_regulator_voltage(uint32_t hclk_freq) {}
 8004242:	4770      	bx	lr

08004244 <get_pll_source>:
}
 8004244:	f44f 0080 	mov.w	r0, #4194304	@ 0x400000
 8004248:	4770      	bx	lr

0800424a <sys_slist_remove>:
 */
static inline void sys_slist_remove(sys_slist_t *list,
				    sys_snode_t *prev_node,
				    sys_snode_t *node);

Z_GENLIST_REMOVE(slist, snode)
 800424a:	460b      	mov	r3, r1
 800424c:	b139      	cbz	r1, 800425e <sys_slist_remove+0x14>
	return node->next;
 800424e:	6811      	ldr	r1, [r2, #0]
	parent->next = child;
 8004250:	6019      	str	r1, [r3, #0]
	return list->tail;
 8004252:	6841      	ldr	r1, [r0, #4]
Z_GENLIST_REMOVE(slist, snode)
 8004254:	428a      	cmp	r2, r1
 8004256:	d009      	beq.n	800426c <sys_slist_remove+0x22>
	parent->next = child;
 8004258:	2300      	movs	r3, #0
 800425a:	6013      	str	r3, [r2, #0]
Z_GENLIST_REMOVE(slist, snode)
 800425c:	4770      	bx	lr
	return node->next;
 800425e:	6813      	ldr	r3, [r2, #0]
	list->head = node;
 8004260:	6003      	str	r3, [r0, #0]
	return list->tail;
 8004262:	6841      	ldr	r1, [r0, #4]
Z_GENLIST_REMOVE(slist, snode)
 8004264:	428a      	cmp	r2, r1
 8004266:	d1f7      	bne.n	8004258 <sys_slist_remove+0xe>
	list->tail = node;
 8004268:	6043      	str	r3, [r0, #4]
}
 800426a:	e7f5      	b.n	8004258 <sys_slist_remove+0xe>
	list->tail = node;
 800426c:	6043      	str	r3, [r0, #4]
}
 800426e:	e7f3      	b.n	8004258 <sys_slist_remove+0xe>

08004270 <sys_slist_find_and_remove>:
static inline size_t sys_slist_len(const sys_slist_t *list);

Z_GENLIST_LEN(slist, snode)

/** @} */
Z_GENLIST_FIND_AND_REMOVE(slist, snode)
 8004270:	b508      	push	{r3, lr}
 8004272:	460a      	mov	r2, r1
	return list->head;
 8004274:	6803      	ldr	r3, [r0, #0]
Z_GENLIST_FIND_AND_REMOVE(slist, snode)
 8004276:	2100      	movs	r1, #0
 8004278:	e001      	b.n	800427e <sys_slist_find_and_remove+0xe>
 800427a:	4619      	mov	r1, r3
 800427c:	681b      	ldr	r3, [r3, #0]
 800427e:	b12b      	cbz	r3, 800428c <sys_slist_find_and_remove+0x1c>
 8004280:	4293      	cmp	r3, r2
 8004282:	d1fa      	bne.n	800427a <sys_slist_find_and_remove+0xa>
 8004284:	f7ff ffe1 	bl	800424a <sys_slist_remove>
 8004288:	2001      	movs	r0, #1
 800428a:	e000      	b.n	800428e <sys_slist_find_and_remove+0x1e>
 800428c:	2000      	movs	r0, #0
 800428e:	bd08      	pop	{r3, pc}

08004290 <gpio_manage_callback>:
 * @return 0 on success, negative errno otherwise.
 */
static inline int gpio_manage_callback(sys_slist_t *callbacks,
					struct gpio_callback *callback,
					bool set)
{
 8004290:	b570      	push	{r4, r5, r6, lr}
 8004292:	4604      	mov	r4, r0
 8004294:	460d      	mov	r5, r1
 8004296:	4616      	mov	r6, r2
	return list->head;
 8004298:	6803      	ldr	r3, [r0, #0]
	__ASSERT(callback, "No callback!");
	__ASSERT(callback->handler, "No callback handler!");

	if (!sys_slist_is_empty(callbacks)) {
 800429a:	b133      	cbz	r3, 80042aa <gpio_manage_callback+0x1a>
		if (!sys_slist_find_and_remove(callbacks, &callback->node)) {
 800429c:	f7ff ffe8 	bl	8004270 <sys_slist_find_and_remove>
 80042a0:	b970      	cbnz	r0, 80042c0 <gpio_manage_callback+0x30>
			if (!set) {
 80042a2:	b91e      	cbnz	r6, 80042ac <gpio_manage_callback+0x1c>
				return -EINVAL;
 80042a4:	f06f 0015 	mvn.w	r0, #21
 80042a8:	e006      	b.n	80042b8 <gpio_manage_callback+0x28>
			}
		}
	} else if (!set) {
 80042aa:	b132      	cbz	r2, 80042ba <gpio_manage_callback+0x2a>
 80042ac:	6823      	ldr	r3, [r4, #0]
	parent->next = child;
 80042ae:	602b      	str	r3, [r5, #0]
	list->head = node;
 80042b0:	6025      	str	r5, [r4, #0]
	return list->tail;
 80042b2:	6863      	ldr	r3, [r4, #4]
Z_GENLIST_PREPEND(slist, snode)
 80042b4:	b143      	cbz	r3, 80042c8 <gpio_manage_callback+0x38>

	if (set) {
		sys_slist_prepend(callbacks, &callback->node);
	}

	return 0;
 80042b6:	2000      	movs	r0, #0
}
 80042b8:	bd70      	pop	{r4, r5, r6, pc}
		return -EINVAL;
 80042ba:	f06f 0015 	mvn.w	r0, #21
 80042be:	e7fb      	b.n	80042b8 <gpio_manage_callback+0x28>
	if (set) {
 80042c0:	2e00      	cmp	r6, #0
 80042c2:	d1f3      	bne.n	80042ac <gpio_manage_callback+0x1c>
	return 0;
 80042c4:	2000      	movs	r0, #0
 80042c6:	e7f7      	b.n	80042b8 <gpio_manage_callback+0x28>
	list->tail = node;
 80042c8:	6065      	str	r5, [r4, #4]
 80042ca:	2000      	movs	r0, #0
}
 80042cc:	e7f4      	b.n	80042b8 <gpio_manage_callback+0x28>

080042ce <gpio_fire_callbacks>:
 * @param pins The actual pin mask that triggered the interrupt
 */
static inline void gpio_fire_callbacks(sys_slist_t *list,
					const struct device *port,
					uint32_t pins)
{
 80042ce:	b570      	push	{r4, r5, r6, lr}
 80042d0:	460e      	mov	r6, r1
 80042d2:	4615      	mov	r5, r2
	return list->head;
 80042d4:	6801      	ldr	r1, [r0, #0]
	struct gpio_callback *cb, *tmp;

	sys_port_trace_gpio_fire_callbacks_enter(list, port, pins);

	SYS_SLIST_FOR_EACH_CONTAINER_SAFE(list, cb, tmp, node) {
 80042d6:	b121      	cbz	r1, 80042e2 <gpio_fire_callbacks+0x14>
	return node->next;
 80042d8:	680c      	ldr	r4, [r1, #0]
 80042da:	b13c      	cbz	r4, 80042ec <gpio_fire_callbacks+0x1e>
Z_GENLIST_PEEK_NEXT(slist, snode)
 80042dc:	b931      	cbnz	r1, 80042ec <gpio_fire_callbacks+0x1e>
 80042de:	460c      	mov	r4, r1
 80042e0:	e004      	b.n	80042ec <gpio_fire_callbacks+0x1e>
 80042e2:	460c      	mov	r4, r1
 80042e4:	e002      	b.n	80042ec <gpio_fire_callbacks+0x1e>
 80042e6:	4623      	mov	r3, r4
 80042e8:	4621      	mov	r1, r4
 80042ea:	461c      	mov	r4, r3
 80042ec:	b171      	cbz	r1, 800430c <gpio_fire_callbacks+0x3e>
		if (cb->pin_mask & pins) {
 80042ee:	688a      	ldr	r2, [r1, #8]
 80042f0:	402a      	ands	r2, r5
 80042f2:	d002      	beq.n	80042fa <gpio_fire_callbacks+0x2c>
			__ASSERT(cb->handler, "No callback handler!");

			cb->handler(port, cb, cb->pin_mask & pins);
 80042f4:	684b      	ldr	r3, [r1, #4]
 80042f6:	4630      	mov	r0, r6
 80042f8:	4798      	blx	r3
	SYS_SLIST_FOR_EACH_CONTAINER_SAFE(list, cb, tmp, node) {
 80042fa:	2c00      	cmp	r4, #0
 80042fc:	d0f3      	beq.n	80042e6 <gpio_fire_callbacks+0x18>
	return node->next;
 80042fe:	6823      	ldr	r3, [r4, #0]
 8004300:	2b00      	cmp	r3, #0
 8004302:	d0f1      	beq.n	80042e8 <gpio_fire_callbacks+0x1a>
Z_GENLIST_PEEK_NEXT(slist, snode)
 8004304:	2c00      	cmp	r4, #0
 8004306:	d1ef      	bne.n	80042e8 <gpio_fire_callbacks+0x1a>
 8004308:	4623      	mov	r3, r4
 800430a:	e7ed      	b.n	80042e8 <gpio_fire_callbacks+0x1a>
			sys_port_trace_gpio_fire_callback(port, cb);
		}
	}
}
 800430c:	bd70      	pop	{r4, r5, r6, pc}

0800430e <gpio_stm32_isr>:
{
 800430e:	b508      	push	{r3, lr}
 8004310:	4602      	mov	r2, r0
	struct gpio_stm32_data *data = dev->data;
 8004312:	6908      	ldr	r0, [r1, #16]
	gpio_fire_callbacks(&data->cb, dev, pin);
 8004314:	3008      	adds	r0, #8
 8004316:	f7ff ffda 	bl	80042ce <gpio_fire_callbacks>
}
 800431a:	bd08      	pop	{r3, pc}

0800431c <gpio_stm32_flags_to_conf>:
	if ((flags & GPIO_OUTPUT) != 0) {
 800431c:	f410 3f00 	tst.w	r0, #131072	@ 0x20000
 8004320:	d014      	beq.n	800434c <gpio_stm32_flags_to_conf+0x30>
		if ((flags & GPIO_SINGLE_ENDED) != 0) {
 8004322:	f010 0f02 	tst.w	r0, #2
 8004326:	d004      	beq.n	8004332 <gpio_stm32_flags_to_conf+0x16>
			if (flags & GPIO_LINE_OPEN_DRAIN) {
 8004328:	f010 0f04 	tst.w	r0, #4
 800432c:	d034      	beq.n	8004398 <gpio_stm32_flags_to_conf+0x7c>
				cfg |= STM32_PINCFG_OPEN_DRAIN;
 800432e:	2350      	movs	r3, #80	@ 0x50
 8004330:	e000      	b.n	8004334 <gpio_stm32_flags_to_conf+0x18>
			cfg |= STM32_PINCFG_PUSH_PULL;
 8004332:	2310      	movs	r3, #16
		if ((flags & GPIO_PULL_UP) != 0) {
 8004334:	f010 0f10 	tst.w	r0, #16
 8004338:	d002      	beq.n	8004340 <gpio_stm32_flags_to_conf+0x24>
			cfg |= STM32_PINCFG_PULL_UP;
 800433a:	f443 7300 	orr.w	r3, r3, #512	@ 0x200
 800433e:	e012      	b.n	8004366 <gpio_stm32_flags_to_conf+0x4a>
		} else if ((flags & GPIO_PULL_DOWN) != 0) {
 8004340:	f010 0f20 	tst.w	r0, #32
 8004344:	d00f      	beq.n	8004366 <gpio_stm32_flags_to_conf+0x4a>
			cfg |= STM32_PINCFG_PULL_DOWN;
 8004346:	f443 6380 	orr.w	r3, r3, #1024	@ 0x400
 800434a:	e00c      	b.n	8004366 <gpio_stm32_flags_to_conf+0x4a>
	} else if  ((flags & GPIO_INPUT) != 0) {
 800434c:	f410 3f80 	tst.w	r0, #65536	@ 0x10000
 8004350:	d008      	beq.n	8004364 <gpio_stm32_flags_to_conf+0x48>
		if ((flags & GPIO_PULL_UP) != 0) {
 8004352:	f010 0f10 	tst.w	r0, #16
 8004356:	d114      	bne.n	8004382 <gpio_stm32_flags_to_conf+0x66>
		} else if ((flags & GPIO_PULL_DOWN) != 0) {
 8004358:	f010 0320 	ands.w	r3, r0, #32
 800435c:	d003      	beq.n	8004366 <gpio_stm32_flags_to_conf+0x4a>
			cfg |= STM32_PINCFG_PULL_DOWN;
 800435e:	f44f 6380 	mov.w	r3, #1024	@ 0x400
 8004362:	e000      	b.n	8004366 <gpio_stm32_flags_to_conf+0x4a>
		cfg = STM32_PINCFG_MODE_ANALOG;
 8004364:	2330      	movs	r3, #48	@ 0x30
	switch (flags & (STM32_GPIO_SPEED_MASK << STM32_GPIO_SPEED_SHIFT)) {
 8004366:	f400 60c0 	and.w	r0, r0, #1536	@ 0x600
 800436a:	f5b0 6f80 	cmp.w	r0, #1024	@ 0x400
 800436e:	d010      	beq.n	8004392 <gpio_stm32_flags_to_conf+0x76>
 8004370:	f5b0 6fc0 	cmp.w	r0, #1536	@ 0x600
 8004374:	d008      	beq.n	8004388 <gpio_stm32_flags_to_conf+0x6c>
 8004376:	f5b0 7f00 	cmp.w	r0, #512	@ 0x200
 800437a:	d107      	bne.n	800438c <gpio_stm32_flags_to_conf+0x70>
		cfg |= STM32_OSPEEDR_MEDIUM_SPEED;
 800437c:	f043 0380 	orr.w	r3, r3, #128	@ 0x80
		break;
 8004380:	e004      	b.n	800438c <gpio_stm32_flags_to_conf+0x70>
			cfg |= STM32_PINCFG_PULL_UP;
 8004382:	f44f 7300 	mov.w	r3, #512	@ 0x200
 8004386:	e7ee      	b.n	8004366 <gpio_stm32_flags_to_conf+0x4a>
		cfg |= STM32_OSPEEDR_VERY_HIGH_SPEED;
 8004388:	f443 73c0 	orr.w	r3, r3, #384	@ 0x180
	*pincfg = cfg;
 800438c:	600b      	str	r3, [r1, #0]
	return 0;
 800438e:	2000      	movs	r0, #0
 8004390:	4770      	bx	lr
		cfg |= STM32_OSPEEDR_HIGH_SPEED;
 8004392:	f443 7380 	orr.w	r3, r3, #256	@ 0x100
		break;
 8004396:	e7f9      	b.n	800438c <gpio_stm32_flags_to_conf+0x70>
				return -ENOTSUP;
 8004398:	f06f 0085 	mvn.w	r0, #133	@ 0x85
}
 800439c:	4770      	bx	lr

0800439e <gpio_stm32_port_get_raw>:
	const struct gpio_stm32_config *cfg = dev->config;
 800439e:	6843      	ldr	r3, [r0, #4]
	GPIO_TypeDef *gpio = (GPIO_TypeDef *)cfg->base;
 80043a0:	685b      	ldr	r3, [r3, #4]
  * @param  GPIOx GPIO Port
  * @retval Input data register value of port
  */
__STATIC_INLINE uint32_t LL_GPIO_ReadInputPort(GPIO_TypeDef *GPIOx)
{
  return (uint32_t)(READ_REG(GPIOx->IDR));
 80043a2:	691b      	ldr	r3, [r3, #16]
	*value = LL_GPIO_ReadInputPort(gpio);
 80043a4:	600b      	str	r3, [r1, #0]
}
 80043a6:	2000      	movs	r0, #0
 80043a8:	4770      	bx	lr

080043aa <gpio_stm32_port_set_masked_raw>:
	const struct gpio_stm32_config *cfg = dev->config;
 80043aa:	6843      	ldr	r3, [r0, #4]
	GPIO_TypeDef *gpio = (GPIO_TypeDef *)cfg->base;
 80043ac:	685b      	ldr	r3, [r3, #4]
  * @param  GPIOx GPIO Port
  * @retval Output data register value of port
  */
__STATIC_INLINE uint32_t LL_GPIO_ReadOutputPort(GPIO_TypeDef *GPIOx)
{
  return (uint32_t)(READ_REG(GPIOx->ODR));
 80043ae:	6958      	ldr	r0, [r3, #20]
	LL_GPIO_WriteOutputPort(gpio, (port_value & ~mask) | (mask & value));
 80043b0:	4042      	eors	r2, r0
 80043b2:	400a      	ands	r2, r1
 80043b4:	4042      	eors	r2, r0
  WRITE_REG(GPIOx->ODR, PortValue);
 80043b6:	615a      	str	r2, [r3, #20]
}
 80043b8:	2000      	movs	r0, #0
 80043ba:	4770      	bx	lr

080043bc <gpio_stm32_port_set_bits_raw>:
	const struct gpio_stm32_config *cfg = dev->config;
 80043bc:	6843      	ldr	r3, [r0, #4]
	GPIO_TypeDef *gpio = (GPIO_TypeDef *)cfg->base;
 80043be:	685b      	ldr	r3, [r3, #4]
	*(volatile uint32_t *)addr = data;
 80043c0:	6199      	str	r1, [r3, #24]
}
 80043c2:	2000      	movs	r0, #0
 80043c4:	4770      	bx	lr

080043c6 <gpio_stm32_port_clear_bits_raw>:
	const struct gpio_stm32_config *cfg = dev->config;
 80043c6:	6843      	ldr	r3, [r0, #4]
	GPIO_TypeDef *gpio = (GPIO_TypeDef *)cfg->base;
 80043c8:	685b      	ldr	r3, [r3, #4]
  *         @arg @ref LL_GPIO_PIN_ALL
  * @retval None
  */
__STATIC_INLINE void LL_GPIO_ResetOutputPin(GPIO_TypeDef *GPIOx, uint32_t PinMask)
{
  WRITE_REG(GPIOx->BSRR, (PinMask << 16));
 80043ca:	0409      	lsls	r1, r1, #16
 80043cc:	6199      	str	r1, [r3, #24]
}
 80043ce:	2000      	movs	r0, #0
 80043d0:	4770      	bx	lr

080043d2 <gpio_stm32_port_toggle_bits>:
	const struct gpio_stm32_config *cfg = dev->config;
 80043d2:	6843      	ldr	r3, [r0, #4]
	GPIO_TypeDef *gpio = (GPIO_TypeDef *)cfg->base;
 80043d4:	685b      	ldr	r3, [r3, #4]
	return *(volatile uint32_t *)addr;
 80043d6:	695a      	ldr	r2, [r3, #20]
	stm32_reg_write(&gpio->ODR, stm32_reg_read(&gpio->ODR) ^ pins);
 80043d8:	4051      	eors	r1, r2
	*(volatile uint32_t *)addr = data;
 80043da:	6159      	str	r1, [r3, #20]
}
 80043dc:	2000      	movs	r0, #0
 80043de:	4770      	bx	lr

080043e0 <gpio_stm32_manage_callback>:

static int gpio_stm32_manage_callback(const struct device *dev,
				      struct gpio_callback *callback,
				      bool set)
{
 80043e0:	b508      	push	{r3, lr}
	struct gpio_stm32_data *data = dev->data;
 80043e2:	6900      	ldr	r0, [r0, #16]

	return gpio_manage_callback(&data->cb, callback, set);
 80043e4:	3008      	adds	r0, #8
 80043e6:	f7ff ff53 	bl	8004290 <gpio_manage_callback>
}
 80043ea:	bd08      	pop	{r3, pc}

080043ec <gpio_stm32_disable_pin_irqs>:
{
 80043ec:	b538      	push	{r3, r4, r5, lr}
 80043ee:	4604      	mov	r4, r0
 80043f0:	460d      	mov	r5, r1
	if (port != stm32_exti_get_line_src_port(pin)) {
 80043f2:	4608      	mov	r0, r1
 80043f4:	f7ff fe94 	bl	8004120 <stm32_exti_get_line_src_port>
 80043f8:	42a0      	cmp	r0, r4
 80043fa:	d000      	beq.n	80043fe <gpio_stm32_disable_pin_irqs+0x12>
}
 80043fc:	bd38      	pop	{r3, r4, r5, pc}
	stm32_gpio_irq_line_t irq_line = stm32_gpio_intc_get_pin_irq_line(port, pin);
 80043fe:	4629      	mov	r1, r5
 8004400:	4620      	mov	r0, r4
 8004402:	f7ff fe7a 	bl	80040fa <stm32_gpio_intc_get_pin_irq_line>
 8004406:	4604      	mov	r4, r0
	stm32_gpio_intc_disable_line(irq_line);
 8004408:	f7fc ffba 	bl	8001380 <stm32_gpio_intc_disable_line>
	stm32_gpio_intc_remove_irq_callback(irq_line);
 800440c:	4620      	mov	r0, r4
 800440e:	f7fd f811 	bl	8001434 <stm32_gpio_intc_remove_irq_callback>
	stm32_gpio_intc_select_line_trigger(irq_line, STM32_GPIO_IRQ_TRIG_NONE);
 8004412:	2100      	movs	r1, #0
 8004414:	4620      	mov	r0, r4
 8004416:	f7fc ffbb 	bl	8001390 <stm32_gpio_intc_select_line_trigger>
 800441a:	e7ef      	b.n	80043fc <gpio_stm32_disable_pin_irqs+0x10>

0800441c <gpio_stm32_config>:
{
 800441c:	e92d 43f0 	stmdb	sp!, {r4, r5, r6, r7, r8, r9, lr}
 8004420:	b083      	sub	sp, #12
 8004422:	4605      	mov	r5, r0
 8004424:	460e      	mov	r6, r1
 8004426:	4614      	mov	r4, r2
	struct gpio_stm32_data *data = dev->data;
 8004428:	f8d0 8010 	ldr.w	r8, [r0, #16]
	err = gpio_stm32_flags_to_conf(flags, &pincfg);
 800442c:	a901      	add	r1, sp, #4
 800442e:	4610      	mov	r0, r2
 8004430:	f7ff ff74 	bl	800431c <gpio_stm32_flags_to_conf>
	if (err != 0) {
 8004434:	4607      	mov	r7, r0
 8004436:	bb68      	cbnz	r0, 8004494 <gpio_stm32_config+0x78>
	if ((((flags & GPIO_OUTPUT) != 0) || ((flags & GPIO_INPUT) != 0)) &&
 8004438:	f414 3940 	ands.w	r9, r4, #196608	@ 0x30000
 800443c:	d014      	beq.n	8004468 <gpio_stm32_config+0x4c>
	    !(data->pin_has_clock_enabled & BIT(pin))) {
 800443e:	f8d8 3004 	ldr.w	r3, [r8, #4]
 8004442:	fa23 f206 	lsr.w	r2, r3, r6
	if ((((flags & GPIO_OUTPUT) != 0) || ((flags & GPIO_INPUT) != 0)) &&
 8004446:	f012 0f01 	tst.w	r2, #1
 800444a:	d104      	bne.n	8004456 <gpio_stm32_config+0x3a>
		data->pin_has_clock_enabled |= BIT(pin);
 800444c:	2201      	movs	r2, #1
 800444e:	40b2      	lsls	r2, r6
 8004450:	4313      	orrs	r3, r2
 8004452:	f8c8 3004 	str.w	r3, [r8, #4]
	if ((flags & GPIO_OUTPUT) != 0) {
 8004456:	f414 3f00 	tst.w	r4, #131072	@ 0x20000
 800445a:	d005      	beq.n	8004468 <gpio_stm32_config+0x4c>
		if ((flags & GPIO_OUTPUT_INIT_HIGH) != 0) {
 800445c:	f414 2f00 	tst.w	r4, #524288	@ 0x80000
 8004460:	d11c      	bne.n	800449c <gpio_stm32_config+0x80>
		} else if ((flags & GPIO_OUTPUT_INIT_LOW) != 0) {
 8004462:	f414 2f80 	tst.w	r4, #262144	@ 0x40000
 8004466:	d11f      	bne.n	80044a8 <gpio_stm32_config+0x8c>
	stm32_gpioport_configure_pin(dev, pin, pincfg, 0);
 8004468:	2300      	movs	r3, #0
 800446a:	9a01      	ldr	r2, [sp, #4]
 800446c:	4631      	mov	r1, r6
 800446e:	4628      	mov	r0, r5
 8004470:	f7ff fbf6 	bl	8003c60 <stm32_gpioport_configure_pin>
	if (((flags & GPIO_OUTPUT) == 0) && ((flags & GPIO_INPUT) == 0) &&
 8004474:	f1b9 0f00 	cmp.w	r9, #0
 8004478:	d10c      	bne.n	8004494 <gpio_stm32_config+0x78>
	    (data->pin_has_clock_enabled & BIT(pin))) {
 800447a:	f8d8 3004 	ldr.w	r3, [r8, #4]
	if (((flags & GPIO_OUTPUT) == 0) && ((flags & GPIO_INPUT) == 0) &&
 800447e:	fa23 f206 	lsr.w	r2, r3, r6
 8004482:	f012 0f01 	tst.w	r2, #1
 8004486:	d005      	beq.n	8004494 <gpio_stm32_config+0x78>
		data->pin_has_clock_enabled &= ~BIT(pin);
 8004488:	2201      	movs	r2, #1
 800448a:	40b2      	lsls	r2, r6
 800448c:	ea23 0302 	bic.w	r3, r3, r2
 8004490:	f8c8 3004 	str.w	r3, [r8, #4]
}
 8004494:	4638      	mov	r0, r7
 8004496:	b003      	add	sp, #12
 8004498:	e8bd 83f0 	ldmia.w	sp!, {r4, r5, r6, r7, r8, r9, pc}
			gpio_stm32_port_set_bits_raw(dev, BIT(pin));
 800449c:	2101      	movs	r1, #1
 800449e:	40b1      	lsls	r1, r6
 80044a0:	4628      	mov	r0, r5
 80044a2:	f7ff ff8b 	bl	80043bc <gpio_stm32_port_set_bits_raw>
 80044a6:	e7df      	b.n	8004468 <gpio_stm32_config+0x4c>
			gpio_stm32_port_clear_bits_raw(dev, BIT(pin));
 80044a8:	2101      	movs	r1, #1
 80044aa:	40b1      	lsls	r1, r6
 80044ac:	4628      	mov	r0, r5
 80044ae:	f7ff ff8a 	bl	80043c6 <gpio_stm32_port_clear_bits_raw>
 80044b2:	e7d9      	b.n	8004468 <gpio_stm32_config+0x4c>

080044b4 <pinctrl_lookup_state>:

#include <zephyr/drivers/pinctrl.h>

int pinctrl_lookup_state(const struct pinctrl_dev_config *config, uint8_t id,
			 const struct pinctrl_state **state)
{
 80044b4:	b500      	push	{lr}
	*state = &config->states[0];
 80044b6:	6803      	ldr	r3, [r0, #0]
 80044b8:	6013      	str	r3, [r2, #0]
	while (*state < &config->states[config->state_cnt]) {
 80044ba:	e001      	b.n	80044c0 <pinctrl_lookup_state+0xc>
		if (id == (*state)->id) {
			return 0;
		}

		(*state)++;
 80044bc:	3308      	adds	r3, #8
 80044be:	6013      	str	r3, [r2, #0]
	while (*state < &config->states[config->state_cnt]) {
 80044c0:	6813      	ldr	r3, [r2, #0]
 80044c2:	f890 c004 	ldrb.w	ip, [r0, #4]
 80044c6:	f8d0 e000 	ldr.w	lr, [r0]
 80044ca:	eb0e 0ccc 	add.w	ip, lr, ip, lsl #3
 80044ce:	4563      	cmp	r3, ip
 80044d0:	d205      	bcs.n	80044de <pinctrl_lookup_state+0x2a>
		if (id == (*state)->id) {
 80044d2:	f893 c005 	ldrb.w	ip, [r3, #5]
 80044d6:	458c      	cmp	ip, r1
 80044d8:	d1f0      	bne.n	80044bc <pinctrl_lookup_state+0x8>
			return 0;
 80044da:	2000      	movs	r0, #0
 80044dc:	e001      	b.n	80044e2 <pinctrl_lookup_state+0x2e>
	}

	return -ENOENT;
 80044de:	f06f 0001 	mvn.w	r0, #1
}
 80044e2:	f85d fb04 	ldr.w	pc, [sp], #4

080044e6 <pinctrl_configure_pins>:
#define IS_GPIO_OUT STM32_GPIO
#endif

int pinctrl_configure_pins(const pinctrl_soc_pin_t *pins, uint8_t pin_cnt,
			   uintptr_t reg)
{
 80044e6:	e92d 4ff8 	stmdb	sp!, {r3, r4, r5, r6, r7, r8, r9, sl, fp, lr}
 80044ea:	4680      	mov	r8, r0
 80044ec:	468a      	mov	sl, r1
	if (ret < 0) {
		return ret;
	}
#endif /* DT_HAS_COMPAT_STATUS_OKAY(st_stm32f1_pinctrl) */

	for (uint8_t i = 0U; i < pin_cnt; i++) {
 80044ee:	2400      	movs	r4, #0
	uint32_t pin_cfg = 0;
 80044f0:	4626      	mov	r6, r4
	for (uint8_t i = 0U; i < pin_cnt; i++) {
 80044f2:	e01a      	b.n	800452a <pinctrl_configure_pins+0x44>
			__ASSERT_NO_MSG(STM32_DT_PINMUX_FUNC(mux));
		}
#else
		if (STM32_DT_PINMUX_FUNC(mux) < STM32_ANALOG) {
			pin_cfg = pins[i].pincfg | STM32_MODER_ALT_MODE;
		} else if (STM32_DT_PINMUX_FUNC(mux) == STM32_ANALOG) {
 80044f4:	f005 021f 	and.w	r2, r5, #31
 80044f8:	2a10      	cmp	r2, #16
 80044fa:	d025      	beq.n	8004548 <pinctrl_configure_pins+0x62>
			pin_cfg = STM32_MODER_ANALOG_MODE;
		} else if (STM32_DT_PINMUX_FUNC(mux) == STM32_GPIO) {
 80044fc:	2a11      	cmp	r2, #17
 80044fe:	d021      	beq.n	8004544 <pinctrl_configure_pins+0x5e>
		} else {
			/* Not supported */
			__ASSERT_NO_MSG(STM32_DT_PINMUX_FUNC(mux));
		}
#endif /* DT_HAS_COMPAT_STATUS_OKAY(st_stm32f1_pinctrl) */
		port = stm32_gpioport_get(STM32_DT_PINMUX_PORT(mux));
 8004500:	f3c5 2044 	ubfx	r0, r5, #9, #5
 8004504:	f7fc f8ee 	bl	80006e4 <stm32_gpioport_get>
		if (port == NULL) {
 8004508:	4681      	mov	r9, r0
 800450a:	b398      	cbz	r0, 8004574 <pinctrl_configure_pins+0x8e>
		ret = pm_device_runtime_get(port);
		if (ret < 0) {
			return ret;
		}

		line = STM32_DT_PINMUX_LINE(mux);
 800450c:	f3c5 1b43 	ubfx	fp, r5, #5, #4
		func = STM32_DT_PINMUX_FUNC(mux);
 8004510:	f005 071f 	and.w	r7, r5, #31

		cfg_ret = stm32_gpioport_configure_pin(port, line, pin_cfg, func);
 8004514:	463b      	mov	r3, r7
 8004516:	4632      	mov	r2, r6
 8004518:	4659      	mov	r1, fp
 800451a:	f7ff fba1 	bl	8003c60 <stm32_gpioport_configure_pin>

		if (cfg_ret >= 0 && func == IS_GPIO_OUT) {
 800451e:	2800      	cmp	r0, #0
 8004520:	db26      	blt.n	8004570 <pinctrl_configure_pins+0x8a>
 8004522:	2f11      	cmp	r7, #17
 8004524:	d012      	beq.n	800454c <pinctrl_configure_pins+0x66>
	for (uint8_t i = 0U; i < pin_cnt; i++) {
 8004526:	3401      	adds	r4, #1
 8004528:	b2e4      	uxtb	r4, r4
 800452a:	4554      	cmp	r4, sl
 800452c:	d21f      	bcs.n	800456e <pinctrl_configure_pins+0x88>
		mux = pins[i].pinmux;
 800452e:	eb08 03c4 	add.w	r3, r8, r4, lsl #3
 8004532:	f858 5034 	ldr.w	r5, [r8, r4, lsl #3]
		if (STM32_DT_PINMUX_FUNC(mux) < STM32_ANALOG) {
 8004536:	f015 0f10 	tst.w	r5, #16
 800453a:	d1db      	bne.n	80044f4 <pinctrl_configure_pins+0xe>
			pin_cfg = pins[i].pincfg | STM32_MODER_ALT_MODE;
 800453c:	685e      	ldr	r6, [r3, #4]
 800453e:	f046 0620 	orr.w	r6, r6, #32
 8004542:	e7dd      	b.n	8004500 <pinctrl_configure_pins+0x1a>
			pin_cfg = pins[i].pincfg;
 8004544:	685e      	ldr	r6, [r3, #4]
 8004546:	e7db      	b.n	8004500 <pinctrl_configure_pins+0x1a>
			pin_cfg = STM32_MODER_ANALOG_MODE;
 8004548:	2630      	movs	r6, #48	@ 0x30
 800454a:	e7d9      	b.n	8004500 <pinctrl_configure_pins+0x1a>
			/* Apply output level configuration */
			const struct gpio_stm32_config *cfg = port->config;
 800454c:	f8d9 3004 	ldr.w	r3, [r9, #4]
			GPIO_TypeDef *gpio = cfg->base;
 8004550:	685a      	ldr	r2, [r3, #4]
			uint32_t gpio_out = pin_cfg & (STM32_ODR_MASK << STM32_ODR_SHIFT);

			if (gpio_out == STM32_ODR_1) {
 8004552:	f416 6f00 	tst.w	r6, #2048	@ 0x800
 8004556:	d004      	beq.n	8004562 <pinctrl_configure_pins+0x7c>
				stm32_reg_write(&gpio->BSRR, BIT(line));
 8004558:	2301      	movs	r3, #1
 800455a:	fa03 f30b 	lsl.w	r3, r3, fp
 800455e:	6193      	str	r3, [r2, #24]
}
 8004560:	e7e1      	b.n	8004526 <pinctrl_configure_pins+0x40>
			} else {
				/* c.f. gpio_stm32_port_clear_bits_raw() for rationale */
#ifdef CONFIG_SOC_SERIES_STM32F1X
				stm32_reg_write(&gpio->BRR, BIT(line));
#else /* CONFIG_SOC_SERIES_STM32F1X */
				LL_GPIO_ResetOutputPin(gpio, BIT(line));
 8004562:	2301      	movs	r3, #1
 8004564:	fa03 f30b 	lsl.w	r3, r3, fp
 8004568:	041b      	lsls	r3, r3, #16
 800456a:	6193      	str	r3, [r2, #24]
}
 800456c:	e7db      	b.n	8004526 <pinctrl_configure_pins+0x40>
		if (cfg_ret < 0) {
			return cfg_ret;
		}
	}

	return 0;
 800456e:	2000      	movs	r0, #0
}
 8004570:	e8bd 8ff8 	ldmia.w	sp!, {r3, r4, r5, r6, r7, r8, r9, sl, fp, pc}
			return -ENODEV;
 8004574:	f06f 0012 	mvn.w	r0, #18
 8004578:	e7fa      	b.n	8004570 <pinctrl_configure_pins+0x8a>

0800457a <reset_stm32_status>:
};

static int reset_stm32_status(const struct device *dev, uint32_t id,
			      uint8_t *status)
{
	const struct reset_stm32_config *config = dev->config;
 800457a:	6843      	ldr	r3, [r0, #4]

	*status = !!sys_test_bit(config->base + STM32_RESET_SET_OFFSET(id),
 800457c:	6818      	ldr	r0, [r3, #0]
 800457e:	f3c1 134b 	ubfx	r3, r1, #5, #12
 8004582:	f001 011f 	and.w	r1, r1, #31
	uint32_t temp = *(volatile uint32_t *)addr;
 8004586:	58c3      	ldr	r3, [r0, r3]
	return temp & (1U << bit);
 8004588:	2001      	movs	r0, #1
 800458a:	fa00 f101 	lsl.w	r1, r0, r1
 800458e:	400b      	ands	r3, r1
 8004590:	3b00      	subs	r3, #0
 8004592:	bf18      	it	ne
 8004594:	2301      	movne	r3, #1
 8004596:	7013      	strb	r3, [r2, #0]
				 STM32_RESET_REG_BIT(id));

	return 0;
}
 8004598:	2000      	movs	r0, #0
 800459a:	4770      	bx	lr

0800459c <reset_stm32_line_assert>:

static int reset_stm32_line_assert(const struct device *dev, uint32_t id)
{
 800459c:	b410      	push	{r4}
	const struct reset_stm32_config *config = dev->config;
 800459e:	6843      	ldr	r3, [r0, #4]

	sys_set_bit(config->base + STM32_RESET_SET_OFFSET(id),
 80045a0:	681c      	ldr	r4, [r3, #0]
 80045a2:	f3c1 104b 	ubfx	r0, r1, #5, #12
 80045a6:	f001 011f 	and.w	r1, r1, #31
	uint32_t temp = *(volatile uint32_t *)addr;
 80045aa:	5823      	ldr	r3, [r4, r0]
	*(volatile uint32_t *)addr = temp | (1U << bit);
 80045ac:	2201      	movs	r2, #1
 80045ae:	408a      	lsls	r2, r1
 80045b0:	4313      	orrs	r3, r2
 80045b2:	5023      	str	r3, [r4, r0]
		    STM32_RESET_REG_BIT(id));

	return 0;
}
 80045b4:	2000      	movs	r0, #0
 80045b6:	bc10      	pop	{r4}
 80045b8:	4770      	bx	lr

080045ba <reset_stm32_line_deassert>:

static int reset_stm32_line_deassert(const struct device *dev, uint32_t id)
{
 80045ba:	b410      	push	{r4}
	const struct reset_stm32_config *config = dev->config;
 80045bc:	6843      	ldr	r3, [r0, #4]

#if DT_INST_PROP(0, set_bit_to_deassert)
	sys_set_bit(config->base + STM32_RESET_CLR_OFFSET(id),
		    STM32_RESET_REG_BIT(id));
#else
	sys_clear_bit(config->base + STM32_RESET_SET_OFFSET(id),
 80045be:	681c      	ldr	r4, [r3, #0]
 80045c0:	f3c1 104b 	ubfx	r0, r1, #5, #12
 80045c4:	f001 011f 	and.w	r1, r1, #31
	uint32_t temp = *(volatile uint32_t *)addr;
 80045c8:	5823      	ldr	r3, [r4, r0]
	*(volatile uint32_t *)addr = temp & ~(1U << bit);
 80045ca:	2201      	movs	r2, #1
 80045cc:	408a      	lsls	r2, r1
 80045ce:	ea23 0302 	bic.w	r3, r3, r2
 80045d2:	5023      	str	r3, [r4, r0]
		      STM32_RESET_REG_BIT(id));
#endif

	return 0;
}
 80045d4:	2000      	movs	r0, #0
 80045d6:	bc10      	pop	{r4}
 80045d8:	4770      	bx	lr

080045da <reset_stm32_line_toggle>:

static int reset_stm32_line_toggle(const struct device *dev, uint32_t id)
{
 80045da:	b538      	push	{r3, r4, r5, lr}
 80045dc:	4604      	mov	r4, r0
 80045de:	460d      	mov	r5, r1
	reset_stm32_line_assert(dev, id);
 80045e0:	f7ff ffdc 	bl	800459c <reset_stm32_line_assert>
	reset_stm32_line_deassert(dev, id);
 80045e4:	4629      	mov	r1, r5
 80045e6:	4620      	mov	r0, r4
 80045e8:	f7ff ffe7 	bl	80045ba <reset_stm32_line_deassert>

	return 0;
}
 80045ec:	2000      	movs	r0, #0
 80045ee:	bd38      	pop	{r3, r4, r5, pc}

080045f0 <reset_line_toggle>:

extern int z_impl_reset_line_toggle(const struct device * dev, uint32_t id);

__pinned_func
static inline int reset_line_toggle(const struct device * dev, uint32_t id)
{
 80045f0:	b508      	push	{r3, lr}
 */
__syscall int reset_line_toggle(const struct device *dev, uint32_t id);

static inline int z_impl_reset_line_toggle(const struct device *dev, uint32_t id)
{
	const struct reset_driver_api *api = (const struct reset_driver_api *)dev->api;
 80045f2:	6883      	ldr	r3, [r0, #8]

	if (api->line_toggle == NULL) {
 80045f4:	68db      	ldr	r3, [r3, #12]
 80045f6:	b10b      	cbz	r3, 80045fc <reset_line_toggle+0xc>
		return -ENOSYS;
	}

	return api->line_toggle(dev, id);
 80045f8:	4798      	blx	r3
		return (int) arch_syscall_invoke2(parm0.x, parm1.x, K_SYSCALL_RESET_LINE_TOGGLE);
	}
#endif
	compiler_barrier();
	return z_impl_reset_line_toggle(dev, id);
}
 80045fa:	bd08      	pop	{r3, pc}
		return -ENOSYS;
 80045fc:	f06f 0057 	mvn.w	r0, #87	@ 0x57
	return z_impl_reset_line_toggle(dev, id);
 8004600:	e7fb      	b.n	80045fa <reset_line_toggle+0xa>

08004602 <uart_stm32_parameters_set>:
{
 8004602:	b5f8      	push	{r3, r4, r5, r6, r7, lr}
 8004604:	460c      	mov	r4, r1
	const struct uart_stm32_config *config = dev->config;
 8004606:	6847      	ldr	r7, [r0, #4]
	struct uart_stm32_data *data = dev->data;
 8004608:	6903      	ldr	r3, [r0, #16]
	struct uart_config *uart_cfg = data->uart_cfg;
 800460a:	681d      	ldr	r5, [r3, #0]
	const uint32_t parity = uart_stm32_cfg2ll_parity(cfg->parity);
 800460c:	7909      	ldrb	r1, [r1, #4]
	switch (parity) {
 800460e:	2901      	cmp	r1, #1
 8004610:	d004      	beq.n	800461c <uart_stm32_parameters_set+0x1a>
 8004612:	2902      	cmp	r1, #2
 8004614:	d10e      	bne.n	8004634 <uart_stm32_parameters_set+0x32>
		return LL_USART_PARITY_EVEN;
 8004616:	f44f 6380 	mov.w	r3, #1024	@ 0x400
 800461a:	e001      	b.n	8004620 <uart_stm32_parameters_set+0x1e>
	switch (parity) {
 800461c:	f44f 63c0 	mov.w	r3, #1536	@ 0x600
	const uint32_t stopbits = uart_stm32_cfg2ll_stopbits(config, cfg->stop_bits);
 8004620:	7962      	ldrb	r2, [r4, #5]
	switch (sb) {
 8004622:	2a01      	cmp	r2, #1
 8004624:	d008      	beq.n	8004638 <uart_stm32_parameters_set+0x36>
 8004626:	2a02      	cmp	r2, #2
 8004628:	d008      	beq.n	800463c <uart_stm32_parameters_set+0x3a>
 800462a:	2a00      	cmp	r2, #0
 800462c:	d14b      	bne.n	80046c6 <uart_stm32_parameters_set+0xc4>
 800462e:	f44f 5280 	mov.w	r2, #4096	@ 0x1000
 8004632:	e005      	b.n	8004640 <uart_stm32_parameters_set+0x3e>
		return LL_USART_PARITY_NONE;
 8004634:	2300      	movs	r3, #0
 8004636:	e7f3      	b.n	8004620 <uart_stm32_parameters_set+0x1e>
		return STM32_USART_STOP_BIT_1;
 8004638:	2200      	movs	r2, #0
 800463a:	e001      	b.n	8004640 <uart_stm32_parameters_set+0x3e>
		return STM32_USART_STOP_BIT_1_5;
 800463c:	f44f 5240 	mov.w	r2, #12288	@ 0x3000
	const uint32_t databits = uart_stm32_cfg2ll_databits(cfg->data_bits,
 8004640:	79a6      	ldrb	r6, [r4, #6]
	switch (db) {
 8004642:	2e04      	cmp	r6, #4
 8004644:	d042      	beq.n	80046cc <uart_stm32_parameters_set+0xca>
		if (p != UART_CFG_PARITY_NONE) {
 8004646:	2900      	cmp	r1, #0
 8004648:	d143      	bne.n	80046d2 <uart_stm32_parameters_set+0xd0>
		return STM32_USART_DATAWIDTH_8_BIT;
 800464a:	f04f 0c00 	mov.w	ip, #0
	const uint32_t flowctrl = uart_stm32_cfg2ll_hwctrl(cfg->flow_ctrl);
 800464e:	79e1      	ldrb	r1, [r4, #7]
	if (fc == UART_CFG_FLOW_CTRL_RTS_CTS) {
 8004650:	2901      	cmp	r1, #1
 8004652:	d041      	beq.n	80046d8 <uart_stm32_parameters_set+0xd6>
	return LL_USART_HWCONTROL_NONE;
 8004654:	2100      	movs	r1, #0
	if (cfg == uart_cfg) {
 8004656:	42a5      	cmp	r5, r4
 8004658:	d041      	beq.n	80046de <uart_stm32_parameters_set+0xdc>
	return LL_USART_GetParity(config->usart);
 800465a:	683f      	ldr	r7, [r7, #0]
  return (uint32_t)(READ_BIT(USARTx->CR1, USART_CR1_PS | USART_CR1_PCE));
 800465c:	68fe      	ldr	r6, [r7, #12]
 800465e:	f406 6ec0 	and.w	lr, r6, #1536	@ 0x600
		if (parity != uart_stm32_get_parity(dev)) {
 8004662:	4573      	cmp	r3, lr
 8004664:	d004      	beq.n	8004670 <uart_stm32_parameters_set+0x6e>
  MODIFY_REG(USARTx->CR1, USART_CR1_PS | USART_CR1_PCE, Parity);
 8004666:	68fe      	ldr	r6, [r7, #12]
 8004668:	f426 66c0 	bic.w	r6, r6, #1536	@ 0x600
 800466c:	4333      	orrs	r3, r6
 800466e:	60fb      	str	r3, [r7, #12]
	const struct uart_stm32_config *config = dev->config;
 8004670:	6843      	ldr	r3, [r0, #4]
	return LL_USART_GetStopBitsLength(config->usart);
 8004672:	681e      	ldr	r6, [r3, #0]
  return (uint32_t)(READ_BIT(USARTx->CR2, USART_CR2_STOP));
 8004674:	6933      	ldr	r3, [r6, #16]
 8004676:	f403 5340 	and.w	r3, r3, #12288	@ 0x3000
		if (stopbits != uart_stm32_get_stopbits(dev)) {
 800467a:	429a      	cmp	r2, r3
 800467c:	d004      	beq.n	8004688 <uart_stm32_parameters_set+0x86>
  MODIFY_REG(USARTx->CR2, USART_CR2_STOP, StopBits);
 800467e:	6933      	ldr	r3, [r6, #16]
 8004680:	f423 5340 	bic.w	r3, r3, #12288	@ 0x3000
 8004684:	431a      	orrs	r2, r3
 8004686:	6132      	str	r2, [r6, #16]
	const struct uart_stm32_config *config = dev->config;
 8004688:	6843      	ldr	r3, [r0, #4]
	return LL_USART_GetDataWidth(config->usart);
 800468a:	681e      	ldr	r6, [r3, #0]
  return (uint32_t)(READ_BIT(USARTx->CR1, USART_CR1_M));
 800468c:	68f3      	ldr	r3, [r6, #12]
 800468e:	f403 5380 	and.w	r3, r3, #4096	@ 0x1000
		if (databits != uart_stm32_get_databits(dev)) {
 8004692:	459c      	cmp	ip, r3
 8004694:	d005      	beq.n	80046a2 <uart_stm32_parameters_set+0xa0>
  MODIFY_REG(USARTx->CR1, USART_CR1_M, DataWidth);
 8004696:	68f3      	ldr	r3, [r6, #12]
 8004698:	f423 5380 	bic.w	r3, r3, #4096	@ 0x1000
 800469c:	ea4c 0303 	orr.w	r3, ip, r3
 80046a0:	60f3      	str	r3, [r6, #12]
	const struct uart_stm32_config *config = dev->config;
 80046a2:	6843      	ldr	r3, [r0, #4]
	return LL_USART_GetHWFlowCtrl(config->usart);
 80046a4:	681a      	ldr	r2, [r3, #0]
  return (uint32_t)(READ_BIT(USARTx->CR3, USART_CR3_RTSE | USART_CR3_CTSE));
 80046a6:	6953      	ldr	r3, [r2, #20]
 80046a8:	f403 7340 	and.w	r3, r3, #768	@ 0x300
		if (flowctrl != uart_stm32_get_hwctrl(dev)) {
 80046ac:	4299      	cmp	r1, r3
 80046ae:	d004      	beq.n	80046ba <uart_stm32_parameters_set+0xb8>
  MODIFY_REG(USARTx->CR3, USART_CR3_RTSE | USART_CR3_CTSE, HardwareFlowControl);
 80046b0:	6953      	ldr	r3, [r2, #20]
 80046b2:	f423 7340 	bic.w	r3, r3, #768	@ 0x300
 80046b6:	430b      	orrs	r3, r1
 80046b8:	6153      	str	r3, [r2, #20]
		if (cfg->baudrate != uart_cfg->baudrate) {
 80046ba:	6821      	ldr	r1, [r4, #0]
 80046bc:	682b      	ldr	r3, [r5, #0]
 80046be:	4299      	cmp	r1, r3
 80046c0:	d128      	bne.n	8004714 <uart_stm32_parameters_set+0x112>
	return 0;
 80046c2:	2000      	movs	r0, #0
}
 80046c4:	bdf8      	pop	{r3, r4, r5, r6, r7, pc}
		return STM32_USART_STOP_BIT_2;
 80046c6:	f44f 5200 	mov.w	r2, #8192	@ 0x2000
 80046ca:	e7b9      	b.n	8004640 <uart_stm32_parameters_set+0x3e>
		return STM32_USART_DATAWIDTH_9_BIT;
 80046cc:	f44f 5c80 	mov.w	ip, #4096	@ 0x1000
 80046d0:	e7bd      	b.n	800464e <uart_stm32_parameters_set+0x4c>
			return STM32_USART_DATAWIDTH_9_BIT;
 80046d2:	f44f 5c80 	mov.w	ip, #4096	@ 0x1000
 80046d6:	e7ba      	b.n	800464e <uart_stm32_parameters_set+0x4c>
		return LL_USART_HWCONTROL_RTS_CTS;
 80046d8:	f44f 7140 	mov.w	r1, #768	@ 0x300
 80046dc:	e7bb      	b.n	8004656 <uart_stm32_parameters_set+0x54>
		LL_USART_ConfigCharacter(config->usart,
 80046de:	683e      	ldr	r6, [r7, #0]
  MODIFY_REG(USARTx->CR1, USART_CR1_PS | USART_CR1_PCE | USART_CR1_M, Parity | DataWidth);
 80046e0:	68f5      	ldr	r5, [r6, #12]
 80046e2:	f425 55b0 	bic.w	r5, r5, #5632	@ 0x1600
 80046e6:	ea43 030c 	orr.w	r3, r3, ip
 80046ea:	432b      	orrs	r3, r5
 80046ec:	60f3      	str	r3, [r6, #12]
  MODIFY_REG(USARTx->CR2, USART_CR2_STOP, StopBits);
 80046ee:	6933      	ldr	r3, [r6, #16]
 80046f0:	f423 5340 	bic.w	r3, r3, #12288	@ 0x3000
 80046f4:	4313      	orrs	r3, r2
 80046f6:	6133      	str	r3, [r6, #16]
	const struct uart_stm32_config *config = dev->config;
 80046f8:	6843      	ldr	r3, [r0, #4]
	LL_USART_SetHWFlowCtrl(config->usart, hwctrl);
 80046fa:	681a      	ldr	r2, [r3, #0]
  MODIFY_REG(USARTx->CR3, USART_CR3_RTSE | USART_CR3_CTSE, HardwareFlowControl);
 80046fc:	6953      	ldr	r3, [r2, #20]
 80046fe:	f423 7340 	bic.w	r3, r3, #768	@ 0x300
 8004702:	430b      	orrs	r3, r1
 8004704:	6153      	str	r3, [r2, #20]
		ret = uart_stm32_set_baudrate(dev, cfg->baudrate);
 8004706:	6821      	ldr	r1, [r4, #0]
 8004708:	f7fd f920 	bl	800194c <uart_stm32_set_baudrate>
		if (ret < 0) {
 800470c:	2800      	cmp	r0, #0
 800470e:	dbd9      	blt.n	80046c4 <uart_stm32_parameters_set+0xc2>
	return 0;
 8004710:	2000      	movs	r0, #0
 8004712:	e7d7      	b.n	80046c4 <uart_stm32_parameters_set+0xc2>
			ret = uart_stm32_set_baudrate(dev, cfg->baudrate);
 8004714:	f7fd f91a 	bl	800194c <uart_stm32_set_baudrate>
			if (ret < 0) {
 8004718:	2800      	cmp	r0, #0
 800471a:	dbd3      	blt.n	80046c4 <uart_stm32_parameters_set+0xc2>
			uart_cfg->baudrate = cfg->baudrate;
 800471c:	6823      	ldr	r3, [r4, #0]
 800471e:	602b      	str	r3, [r5, #0]
	return 0;
 8004720:	2000      	movs	r0, #0
 8004722:	e7cf      	b.n	80046c4 <uart_stm32_parameters_set+0xc2>

08004724 <uart_stm32_config_get>:
	struct uart_stm32_data *data = dev->data;
 8004724:	6903      	ldr	r3, [r0, #16]
	struct uart_config *uart_cfg = data->uart_cfg;
 8004726:	681b      	ldr	r3, [r3, #0]
	cfg->baudrate = uart_cfg->baudrate;
 8004728:	681b      	ldr	r3, [r3, #0]
 800472a:	600b      	str	r3, [r1, #0]
	const struct uart_stm32_config *config = dev->config;
 800472c:	6843      	ldr	r3, [r0, #4]
	return LL_USART_GetParity(config->usart);
 800472e:	681b      	ldr	r3, [r3, #0]
  return (uint32_t)(READ_BIT(USARTx->CR1, USART_CR1_PS | USART_CR1_PCE));
 8004730:	68db      	ldr	r3, [r3, #12]
 8004732:	f403 63c0 	and.w	r3, r3, #1536	@ 0x600
	switch (parity) {
 8004736:	f5b3 6f80 	cmp.w	r3, #1024	@ 0x400
 800473a:	d004      	beq.n	8004746 <uart_stm32_config_get+0x22>
 800473c:	f5b3 6fc0 	cmp.w	r3, #1536	@ 0x600
 8004740:	d111      	bne.n	8004766 <uart_stm32_config_get+0x42>
 8004742:	2301      	movs	r3, #1
 8004744:	e000      	b.n	8004748 <uart_stm32_config_get+0x24>
		return UART_CFG_PARITY_EVEN;
 8004746:	2302      	movs	r3, #2
	cfg->parity = uart_stm32_ll2cfg_parity(uart_stm32_get_parity(dev));
 8004748:	710b      	strb	r3, [r1, #4]
	const struct uart_stm32_config *config = dev->config;
 800474a:	6843      	ldr	r3, [r0, #4]
	return LL_USART_GetStopBitsLength(config->usart);
 800474c:	681b      	ldr	r3, [r3, #0]
  return (uint32_t)(READ_BIT(USARTx->CR2, USART_CR2_STOP));
 800474e:	691b      	ldr	r3, [r3, #16]
 8004750:	f403 5340 	and.w	r3, r3, #12288	@ 0x3000
	switch (sb) {
 8004754:	f5b3 5f80 	cmp.w	r3, #4096	@ 0x1000
 8004758:	d007      	beq.n	800476a <uart_stm32_config_get+0x46>
 800475a:	f5b3 5f40 	cmp.w	r3, #12288	@ 0x3000
 800475e:	d006      	beq.n	800476e <uart_stm32_config_get+0x4a>
 8004760:	b9fb      	cbnz	r3, 80047a2 <uart_stm32_config_get+0x7e>
		return UART_CFG_STOP_BITS_1;
 8004762:	2301      	movs	r3, #1
 8004764:	e004      	b.n	8004770 <uart_stm32_config_get+0x4c>
		return UART_CFG_PARITY_NONE;
 8004766:	2300      	movs	r3, #0
 8004768:	e7ee      	b.n	8004748 <uart_stm32_config_get+0x24>
	switch (sb) {
 800476a:	2300      	movs	r3, #0
 800476c:	e000      	b.n	8004770 <uart_stm32_config_get+0x4c>
		return UART_CFG_STOP_BITS_1_5;
 800476e:	2302      	movs	r3, #2
	cfg->stop_bits = uart_stm32_ll2cfg_stopbits(
 8004770:	714b      	strb	r3, [r1, #5]
	const struct uart_stm32_config *config = dev->config;
 8004772:	6843      	ldr	r3, [r0, #4]
	return LL_USART_GetDataWidth(config->usart);
 8004774:	681b      	ldr	r3, [r3, #0]
  return (uint32_t)(READ_BIT(USARTx->CR1, USART_CR1_M));
 8004776:	68da      	ldr	r2, [r3, #12]
  return (uint32_t)(READ_BIT(USARTx->CR1, USART_CR1_PS | USART_CR1_PCE));
 8004778:	68db      	ldr	r3, [r3, #12]
 800477a:	f403 63c0 	and.w	r3, r3, #1536	@ 0x600
	switch (db) {
 800477e:	f412 5f80 	tst.w	r2, #4096	@ 0x1000
 8004782:	d110      	bne.n	80047a6 <uart_stm32_config_get+0x82>
		if (p == LL_USART_PARITY_NONE) {
 8004784:	b9a3      	cbnz	r3, 80047b0 <uart_stm32_config_get+0x8c>
			return UART_CFG_DATA_BITS_8;
 8004786:	2303      	movs	r3, #3
	cfg->data_bits = uart_stm32_ll2cfg_databits(
 8004788:	718b      	strb	r3, [r1, #6]
	const struct uart_stm32_config *config = dev->config;
 800478a:	6843      	ldr	r3, [r0, #4]
	return LL_USART_GetHWFlowCtrl(config->usart);
 800478c:	681b      	ldr	r3, [r3, #0]
  return (uint32_t)(READ_BIT(USARTx->CR3, USART_CR3_RTSE | USART_CR3_CTSE));
 800478e:	695b      	ldr	r3, [r3, #20]
 8004790:	f403 7340 	and.w	r3, r3, #768	@ 0x300
	if (fc == LL_USART_HWCONTROL_RTS_CTS) {
 8004794:	f5b3 7f40 	cmp.w	r3, #768	@ 0x300
 8004798:	d00c      	beq.n	80047b4 <uart_stm32_config_get+0x90>
	return UART_CFG_FLOW_CTRL_NONE;
 800479a:	2300      	movs	r3, #0
	cfg->flow_ctrl = uart_stm32_ll2cfg_hwctrl(
 800479c:	71cb      	strb	r3, [r1, #7]
}
 800479e:	2000      	movs	r0, #0
 80047a0:	4770      	bx	lr
		return UART_CFG_STOP_BITS_2;
 80047a2:	2303      	movs	r3, #3
 80047a4:	e7e4      	b.n	8004770 <uart_stm32_config_get+0x4c>
		if (p == LL_USART_PARITY_NONE) {
 80047a6:	b90b      	cbnz	r3, 80047ac <uart_stm32_config_get+0x88>
			return UART_CFG_DATA_BITS_9;
 80047a8:	2304      	movs	r3, #4
 80047aa:	e7ed      	b.n	8004788 <uart_stm32_config_get+0x64>
			return UART_CFG_DATA_BITS_8;
 80047ac:	2303      	movs	r3, #3
 80047ae:	e7eb      	b.n	8004788 <uart_stm32_config_get+0x64>
			return UART_CFG_DATA_BITS_7;
 80047b0:	2302      	movs	r3, #2
 80047b2:	e7e9      	b.n	8004788 <uart_stm32_config_get+0x64>
		return UART_CFG_FLOW_CTRL_RTS_CTS;
 80047b4:	2301      	movs	r3, #1
 80047b6:	e7f1      	b.n	800479c <uart_stm32_config_get+0x78>

080047b8 <uart_stm32_poll_in_visitor>:
{
 80047b8:	b500      	push	{lr}
 80047ba:	b083      	sub	sp, #12
	const struct uart_stm32_config *config = dev->config;
 80047bc:	6843      	ldr	r3, [r0, #4]
	USART_TypeDef *usart = config->usart;
 80047be:	6818      	ldr	r0, [r3, #0]
  * @param  USARTx USART Instance
  * @retval State of bit (1 or 0).
  */
__STATIC_INLINE uint32_t LL_USART_IsActiveFlag_ORE(const USART_TypeDef *USARTx)
{
  return (READ_BIT(USARTx->SR, USART_SR_ORE) == (USART_SR_ORE));
 80047c0:	6803      	ldr	r3, [r0, #0]
	if (LL_USART_IsActiveFlag_ORE(usart)) {
 80047c2:	f013 0f08 	tst.w	r3, #8
 80047c6:	d005      	beq.n	80047d4 <uart_stm32_poll_in_visitor+0x1c>
  * @retval None
  */
__STATIC_INLINE void LL_USART_ClearFlag_ORE(USART_TypeDef *USARTx)
{
  __IO uint32_t tmpreg;
  tmpreg = USARTx->SR;
 80047c8:	6803      	ldr	r3, [r0, #0]
 80047ca:	9301      	str	r3, [sp, #4]
  (void) tmpreg;
 80047cc:	9b01      	ldr	r3, [sp, #4]
  tmpreg = USARTx->DR;
 80047ce:	6843      	ldr	r3, [r0, #4]
 80047d0:	9301      	str	r3, [sp, #4]
  (void) tmpreg;
 80047d2:	9b01      	ldr	r3, [sp, #4]
  return (READ_BIT(USARTx->SR, USART_SR_RXNE) == (USART_SR_RXNE));
 80047d4:	6803      	ldr	r3, [r0, #0]
	if (!ll_usart_is_active_rxne(usart)) {
 80047d6:	f013 0f20 	tst.w	r3, #32
 80047da:	d004      	beq.n	80047e6 <uart_stm32_poll_in_visitor+0x2e>
	get_fn(usart, in);
 80047dc:	4790      	blx	r2
	return 0;
 80047de:	2000      	movs	r0, #0
}
 80047e0:	b003      	add	sp, #12
 80047e2:	f85d fb04 	ldr.w	pc, [sp], #4
		return -1;
 80047e6:	f04f 30ff 	mov.w	r0, #4294967295
 80047ea:	e7f9      	b.n	80047e0 <uart_stm32_poll_in_visitor+0x28>

080047ec <uart_stm32_poll_out_visitor>:
{
 80047ec:	b510      	push	{r4, lr}
	const struct uart_stm32_config *config = dev->config;
 80047ee:	6843      	ldr	r3, [r0, #4]
	USART_TypeDef *usart = config->usart;
 80047f0:	6818      	ldr	r0, [r3, #0]
  return (READ_BIT(USARTx->SR, USART_SR_TXE) == (USART_SR_TXE));
 80047f2:	6803      	ldr	r3, [r0, #0]
		if (ll_usart_is_active_txe(usart)) {
 80047f4:	f013 0f80 	tst.w	r3, #128	@ 0x80
 80047f8:	d0fb      	beq.n	80047f2 <uart_stm32_poll_out_visitor+0x6>
  __ASM volatile ("MRS %0, basepri" : "=r" (result) );
 80047fa:	f3ef 8411 	mrs	r4, BASEPRI
  __ASM volatile ("MSR basepri_max, %0" : : "r" (basePri) : "memory");
 80047fe:	2310      	movs	r3, #16
 8004800:	f383 8812 	msr	BASEPRI_MAX, r3
 8004804:	f3bf 8f6f 	isb	sy
 8004808:	6803      	ldr	r3, [r0, #0]
			if (ll_usart_is_active_txe(usart)) {
 800480a:	f013 0f80 	tst.w	r3, #128	@ 0x80
 800480e:	d104      	bne.n	800481a <uart_stm32_poll_out_visitor+0x2e>
  __ASM volatile ("MSR basepri, %0" : : "r" (basePri) : "memory");
 8004810:	f384 8811 	msr	BASEPRI, r4
 8004814:	f3bf 8f6f 	isb	sy
	}
	__enable_irq();
#else
#error Unknown ARM architecture
#endif /* CONFIG_ARMV6_M_ARMV8_M_BASELINE */
}
 8004818:	e7eb      	b.n	80047f2 <uart_stm32_poll_out_visitor+0x6>
	set_fn(usart, out);
 800481a:	4790      	blx	r2
 800481c:	f384 8811 	msr	BASEPRI, r4
 8004820:	f3bf 8f6f 	isb	sy
}
 8004824:	bd10      	pop	{r4, pc}

08004826 <poll_in_u8>:
  * @param  USARTx USART Instance
  * @retval Value between Min_Data=0x00 and Max_Data=0xFF
  */
__STATIC_INLINE uint8_t LL_USART_ReceiveData8(const USART_TypeDef *USARTx)
{
  return (uint8_t)(READ_BIT(USARTx->DR, USART_DR_DR));
 8004826:	6843      	ldr	r3, [r0, #4]
	*((unsigned char *)in) = (unsigned char)LL_USART_ReceiveData8(usart);
 8004828:	700b      	strb	r3, [r1, #0]
}
 800482a:	4770      	bx	lr

0800482c <poll_out_u8>:
	LL_USART_TransmitData8(usart, (uint8_t)out);
 800482c:	b2c9      	uxtb	r1, r1
  * @param  Value between Min_Data=0x00 and Max_Data=0xFF
  * @retval None
  */
__STATIC_INLINE void LL_USART_TransmitData8(USART_TypeDef *USARTx, uint8_t Value)
{
  USARTx->DR = Value;
 800482e:	6041      	str	r1, [r0, #4]
}
 8004830:	4770      	bx	lr

08004832 <uart_stm32_err_check>:
}

#endif

static int uart_stm32_err_check(const struct device *dev)
{
 8004832:	b084      	sub	sp, #16
	const struct uart_stm32_config *config = dev->config;
 8004834:	6843      	ldr	r3, [r0, #4]
	USART_TypeDef *usart = config->usart;
 8004836:	681b      	ldr	r3, [r3, #0]
  return (READ_BIT(USARTx->SR, USART_SR_ORE) == (USART_SR_ORE));
 8004838:	6818      	ldr	r0, [r3, #0]
	/* Check for errors, then clear them.
	 * Some SoC clear all error flags when at least
	 * one is cleared. (e.g. F4X, F1X, and F2X).
	 * The stm32 F4X, F1X, and F2X also reads the usart DR when clearing Errors
	 */
	if (LL_USART_IsActiveFlag_ORE(usart)) {
 800483a:	f010 0008 	ands.w	r0, r0, #8
 800483e:	d000      	beq.n	8004842 <uart_stm32_err_check+0x10>
		err |= UART_ERROR_OVERRUN;
 8004840:	2001      	movs	r0, #1
  return (READ_BIT(USARTx->SR, USART_SR_PE) == (USART_SR_PE));
 8004842:	681a      	ldr	r2, [r3, #0]
	}

	if (LL_USART_IsActiveFlag_PE(usart)) {
 8004844:	f012 0f01 	tst.w	r2, #1
 8004848:	d001      	beq.n	800484e <uart_stm32_err_check+0x1c>
		err |= UART_ERROR_PARITY;
 800484a:	f040 0002 	orr.w	r0, r0, #2
  return (READ_BIT(USARTx->SR, USART_SR_FE) == (USART_SR_FE));
 800484e:	681a      	ldr	r2, [r3, #0]
	}

	if (LL_USART_IsActiveFlag_FE(usart)) {
 8004850:	f012 0f02 	tst.w	r2, #2
 8004854:	d001      	beq.n	800485a <uart_stm32_err_check+0x28>
		err |= UART_ERROR_FRAMING;
 8004856:	f040 0004 	orr.w	r0, r0, #4
  return (READ_BIT(USARTx->SR, USART_SR_NE) == (USART_SR_NE));
 800485a:	681a      	ldr	r2, [r3, #0]
	}

	if (LL_USART_IsActiveFlag_NE(usart)) {
 800485c:	f012 0f04 	tst.w	r2, #4
 8004860:	d001      	beq.n	8004866 <uart_stm32_err_check+0x34>
		err |= UART_ERROR_NOISE;
 8004862:	f040 0020 	orr.w	r0, r0, #32
  return (READ_BIT(USARTx->SR, USART_SR_LBD) == (USART_SR_LBD));
 8004866:	681a      	ldr	r2, [r3, #0]
	}

#if !defined(CONFIG_SOC_SERIES_STM32F0X) || defined(USART_LIN_SUPPORT)
	if (LL_USART_IsActiveFlag_LBD(usart)) {
 8004868:	f412 7f80 	tst.w	r2, #256	@ 0x100
 800486c:	d02a      	beq.n	80048c4 <uart_stm32_err_check+0x92>
		err |= UART_BREAK;
 800486e:	f040 0008 	orr.w	r0, r0, #8
  WRITE_REG(USARTx->SR, ~(USART_SR_LBD));
 8004872:	f46f 7280 	mvn.w	r2, #256	@ 0x100
 8004876:	601a      	str	r2, [r3, #0]
	/* Clearing error :
	 * the stm32 F4X, F1X, and F2X sw sequence is reading the usart SR
	 * then the usart DR to clear the Error flags ORE, PE, FE, NE
	 * --> so is the RXNE flag also cleared !
	 */
	if (err & UART_ERROR_OVERRUN) {
 8004878:	f010 0f01 	tst.w	r0, #1
 800487c:	d005      	beq.n	800488a <uart_stm32_err_check+0x58>
  tmpreg = USARTx->SR;
 800487e:	681a      	ldr	r2, [r3, #0]
 8004880:	9200      	str	r2, [sp, #0]
  (void) tmpreg;
 8004882:	9a00      	ldr	r2, [sp, #0]
  tmpreg = USARTx->DR;
 8004884:	685a      	ldr	r2, [r3, #4]
 8004886:	9200      	str	r2, [sp, #0]
  (void) tmpreg;
 8004888:	9a00      	ldr	r2, [sp, #0]
		LL_USART_ClearFlag_ORE(usart);
	}

	if (err & UART_ERROR_PARITY) {
 800488a:	f010 0f02 	tst.w	r0, #2
 800488e:	d005      	beq.n	800489c <uart_stm32_err_check+0x6a>
  tmpreg = USARTx->SR;
 8004890:	681a      	ldr	r2, [r3, #0]
 8004892:	9201      	str	r2, [sp, #4]
  (void) tmpreg;
 8004894:	9a01      	ldr	r2, [sp, #4]
  tmpreg = USARTx->DR;
 8004896:	685a      	ldr	r2, [r3, #4]
 8004898:	9201      	str	r2, [sp, #4]
  (void) tmpreg;
 800489a:	9a01      	ldr	r2, [sp, #4]
		LL_USART_ClearFlag_PE(usart);
	}

	if (err & UART_ERROR_FRAMING) {
 800489c:	f010 0f04 	tst.w	r0, #4
 80048a0:	d005      	beq.n	80048ae <uart_stm32_err_check+0x7c>
  tmpreg = USARTx->SR;
 80048a2:	681a      	ldr	r2, [r3, #0]
 80048a4:	9202      	str	r2, [sp, #8]
  (void) tmpreg;
 80048a6:	9a02      	ldr	r2, [sp, #8]
  tmpreg = USARTx->DR;
 80048a8:	685a      	ldr	r2, [r3, #4]
 80048aa:	9202      	str	r2, [sp, #8]
  (void) tmpreg;
 80048ac:	9a02      	ldr	r2, [sp, #8]
		LL_USART_ClearFlag_FE(usart);
	}

	if (err & UART_ERROR_NOISE) {
 80048ae:	f010 0f20 	tst.w	r0, #32
 80048b2:	d005      	beq.n	80048c0 <uart_stm32_err_check+0x8e>
  tmpreg = USARTx->SR;
 80048b4:	681a      	ldr	r2, [r3, #0]
 80048b6:	9203      	str	r2, [sp, #12]
  (void) tmpreg;
 80048b8:	9a03      	ldr	r2, [sp, #12]
  tmpreg = USARTx->DR;
 80048ba:	685b      	ldr	r3, [r3, #4]
 80048bc:	9303      	str	r3, [sp, #12]
  (void) tmpreg;
 80048be:	9b03      	ldr	r3, [sp, #12]
		LL_USART_ClearFlag_NE(usart);
	}

	return err;
}
 80048c0:	b004      	add	sp, #16
 80048c2:	4770      	bx	lr
	if (err & UART_BREAK) {
 80048c4:	f010 0f08 	tst.w	r0, #8
 80048c8:	d0d6      	beq.n	8004878 <uart_stm32_err_check+0x46>
 80048ca:	e7d2      	b.n	8004872 <uart_stm32_err_check+0x40>

080048cc <uart_stm32_clocks_enable>:
#endif
#endif /* CONFIG_UART_ASYNC_API */
};

static int uart_stm32_clocks_enable(const struct device *dev)
{
 80048cc:	b508      	push	{r3, lr}
	const struct uart_stm32_config *config = dev->config;
 80048ce:	6843      	ldr	r3, [r0, #4]
	int err;

	/* enable clock */
	err = clock_control_on(config->clock, (clock_control_subsys_t)&config->pclken[0]);
 80048d0:	6858      	ldr	r0, [r3, #4]
 80048d2:	6919      	ldr	r1, [r3, #16]
	const struct clock_control_driver_api *api =
 80048d4:	6883      	ldr	r3, [r0, #8]
	if (api->on == NULL) {
 80048d6:	681b      	ldr	r3, [r3, #0]
 80048d8:	b10b      	cbz	r3, 80048de <uart_stm32_clocks_enable+0x12>
	return api->on(dev, sys);
 80048da:	4798      	blx	r3
			return err;
		}
	}

	return 0;
}
 80048dc:	bd08      	pop	{r3, pc}
		return -ENOSYS;
 80048de:	f06f 0057 	mvn.w	r0, #87	@ 0x57
		return err;
 80048e2:	e7fb      	b.n	80048dc <uart_stm32_clocks_enable+0x10>

080048e4 <pinctrl_apply_state>:
 * @retval -ENOENT If given state id does not exist.
 * @retval -errno Negative errno for other failures.
 */
static inline int pinctrl_apply_state(const struct pinctrl_dev_config *config,
				      uint8_t id)
{
 80048e4:	b500      	push	{lr}
 80048e6:	b083      	sub	sp, #12
	int ret;
	const struct pinctrl_state *state;

	ret = pinctrl_lookup_state(config, id, &state);
 80048e8:	aa01      	add	r2, sp, #4
 80048ea:	f7ff fde3 	bl	80044b4 <pinctrl_lookup_state>
	if (ret < 0) {
 80048ee:	2800      	cmp	r0, #0
 80048f0:	db05      	blt.n	80048fe <pinctrl_apply_state+0x1a>
		return ret;
	}

	return pinctrl_apply_state_direct(config, state);
 80048f2:	9b01      	ldr	r3, [sp, #4]
	return pinctrl_configure_pins(state->pins, state->pin_cnt, reg);
 80048f4:	2200      	movs	r2, #0
 80048f6:	7919      	ldrb	r1, [r3, #4]
 80048f8:	6818      	ldr	r0, [r3, #0]
 80048fa:	f7ff fdf4 	bl	80044e6 <pinctrl_configure_pins>
}
 80048fe:	b003      	add	sp, #12
 8004900:	f85d fb04 	ldr.w	pc, [sp], #4

08004904 <uart_stm32_registers_configure>:

static int uart_stm32_registers_configure(const struct device *dev)
{
 8004904:	b5f8      	push	{r3, r4, r5, r6, r7, lr}
 8004906:	4605      	mov	r5, r0
	const struct uart_stm32_config *config = dev->config;
 8004908:	6846      	ldr	r6, [r0, #4]
	USART_TypeDef *usart = config->usart;
 800490a:	6834      	ldr	r4, [r6, #0]
	struct uart_stm32_data *data = dev->data;
 800490c:	6903      	ldr	r3, [r0, #16]
	struct uart_config *uart_cfg = data->uart_cfg;
 800490e:	681f      	ldr	r7, [r3, #0]
  CLEAR_BIT(USARTx->CR1, USART_CR1_UE);
 8004910:	68e3      	ldr	r3, [r4, #12]
 8004912:	f423 5300 	bic.w	r3, r3, #8192	@ 0x2000
 8004916:	60e3      	str	r3, [r4, #12]

	LL_USART_Disable(usart);

	if (!device_is_ready(config->reset.dev)) {
 8004918:	68b0      	ldr	r0, [r6, #8]
 800491a:	f000 f861 	bl	80049e0 <z_impl_device_is_ready>
 800491e:	b308      	cbz	r0, 8004964 <uart_stm32_registers_configure+0x60>
 *
 * @return a value from reset_line_toggle()
 */
static inline int reset_line_toggle_dt(const struct reset_dt_spec *spec)
{
	return reset_line_toggle(spec->dev, spec->id);
 8004920:	68f1      	ldr	r1, [r6, #12]
 8004922:	68b0      	ldr	r0, [r6, #8]
 8004924:	f7ff fe64 	bl	80045f0 <reset_line_toggle>
  __ASM volatile ("ldrex %0, %1" : "=r" (result) : "Q" (*addr) );
 8004928:	f104 030c 	add.w	r3, r4, #12
 800492c:	e853 3f00 	ldrex	r3, [r3]
  ATOMIC_MODIFY_REG(USARTx->CR1, USART_CR1_RE | USART_CR1_TE, TransferDirection);
 8004930:	f043 030c 	orr.w	r3, r3, #12
  __ASM volatile ("strex %0, %2, %1" : "=&r" (result), "=Q" (*addr) : "r" (value) );
 8004934:	f104 010c 	add.w	r1, r4, #12
 8004938:	e841 3200 	strex	r2, r3, [r1]
 800493c:	2a00      	cmp	r2, #0
 800493e:	d1f3      	bne.n	8004928 <uart_stm32_registers_configure+0x24>

	/* TX/RX direction */
	LL_USART_SetTransferDirection(usart, LL_USART_DIRECTION_TX_RX);

	/* Set basic parameters, such as data-/stop-bit, parity, and baudrate */
	if (uart_stm32_parameters_set(dev, uart_cfg) < 0) {
 8004940:	4639      	mov	r1, r7
 8004942:	4628      	mov	r0, r5
 8004944:	f7ff fe5d 	bl	8004602 <uart_stm32_parameters_set>
 8004948:	2800      	cmp	r0, #0
 800494a:	db0e      	blt.n	800496a <uart_stm32_registers_configure+0x66>
		return -EINVAL;
	}

	/* Enable the single wire / half-duplex mode */
	if (config->single_wire) {
 800494c:	7e33      	ldrb	r3, [r6, #24]
 800494e:	b11b      	cbz	r3, 8004958 <uart_stm32_registers_configure+0x54>
  SET_BIT(USARTx->CR3, USART_CR3_HDSEL);
 8004950:	6963      	ldr	r3, [r4, #20]
 8004952:	f043 0308 	orr.w	r3, r3, #8
 8004956:	6163      	str	r3, [r4, #20]
  SET_BIT(USARTx->CR1, USART_CR1_UE);
 8004958:	68e3      	ldr	r3, [r4, #12]
 800495a:	f443 5300 	orr.w	r3, r3, #8192	@ 0x2000
 800495e:	60e3      	str	r3, [r4, #12]
	/* Wait until REACK flag is set */
	while (!(LL_USART_IsActiveFlag_REACK(usart))) {
	}
#endif /* USART_ISR_REACK */

	return 0;
 8004960:	2000      	movs	r0, #0
}
 8004962:	bdf8      	pop	{r3, r4, r5, r6, r7, pc}
		return -ENODEV;
 8004964:	f06f 0012 	mvn.w	r0, #18
 8004968:	e7fb      	b.n	8004962 <uart_stm32_registers_configure+0x5e>
		return -EINVAL;
 800496a:	f06f 0015 	mvn.w	r0, #21
 800496e:	e7f8      	b.n	8004962 <uart_stm32_registers_configure+0x5e>

08004970 <uart_stm32_init>:
 * @param dev UART device struct
 *
 * @return 0
 */
static int uart_stm32_init(const struct device *dev)
{
 8004970:	b538      	push	{r3, r4, r5, lr}
 8004972:	4604      	mov	r4, r0
	const struct uart_stm32_config *config = dev->config;
 8004974:	6845      	ldr	r5, [r0, #4]
	int err;

	err = uart_stm32_clocks_enable(dev);
 8004976:	f7ff ffa9 	bl	80048cc <uart_stm32_clocks_enable>
	if (err < 0) {
 800497a:	2800      	cmp	r0, #0
 800497c:	db0b      	blt.n	8004996 <uart_stm32_init+0x26>
		return err;
	}

	/* Configure dt provided device signals when available */
	err = pinctrl_apply_state(config->pcfg, PINCTRL_STATE_DEFAULT);
 800497e:	2100      	movs	r1, #0
 8004980:	6a68      	ldr	r0, [r5, #36]	@ 0x24
 8004982:	f7ff ffaf 	bl	80048e4 <pinctrl_apply_state>
	if (err < 0) {
 8004986:	2800      	cmp	r0, #0
 8004988:	db05      	blt.n	8004996 <uart_stm32_init+0x26>
		return err;
	}

	err = uart_stm32_registers_configure(dev);
 800498a:	4620      	mov	r0, r4
 800498c:	f7ff ffba 	bl	8004904 <uart_stm32_registers_configure>
	if (err < 0) {
 8004990:	2800      	cmp	r0, #0
 8004992:	db00      	blt.n	8004996 <uart_stm32_init+0x26>
#endif /* CONFIG_PM || CONFIG_UART_INTERRUPT_DRIVEN || CONFIG_UART_ASYNC_API */

#ifdef CONFIG_UART_ASYNC_API
	return uart_stm32_async_init(dev);
#else
	return 0;
 8004994:	2000      	movs	r0, #0
#endif
}
 8004996:	bd38      	pop	{r3, r4, r5, pc}

08004998 <sys_clock_announce>:
 * driver state and tick accounting under a single lock.
 *
 * @param ticks Elapsed time, in ticks
 */
static inline void sys_clock_announce(int32_t ticks)
{
 8004998:	b508      	push	{r3, lr}
  __ASM volatile ("MRS %0, basepri" : "=r" (result) );
 800499a:	f3ef 8111 	mrs	r1, BASEPRI
  __ASM volatile ("MSR basepri_max, %0" : : "r" (basePri) : "memory");
 800499e:	2310      	movs	r3, #16
 80049a0:	f383 8812 	msr	BASEPRI_MAX, r3
  __ASM volatile ("isb 0xF":::"memory");
 80049a4:	f3bf 8f6f 	isb	sy
	sys_clock_announce_locked(ticks, sys_clock_lock());
 80049a8:	f7fe f966 	bl	8002c78 <sys_clock_announce_locked>
}
 80049ac:	bd08      	pop	{r3, pc}

080049ae <do_device_init>:
#include <zephyr/internal/syscall_handler.h>
#include <zephyr/toolchain.h>
#include <zephyr/pm/device_runtime.h>

int do_device_init(const struct device *dev)
{
 80049ae:	b510      	push	{r4, lr}
 80049b0:	4604      	mov	r4, r0
	int rc = 0;

	if (dev->ops.init != NULL) {
 80049b2:	6943      	ldr	r3, [r0, #20]
 80049b4:	b193      	cbz	r3, 80049dc <do_device_init+0x2e>
		rc = dev->ops.init(dev);
 80049b6:	4798      	blx	r3
		/* If initialization failed, record in dev->state->init_res
		 * the POSITIVE value of the resulting errno
		 */
		if (rc != 0) {
 80049b8:	4602      	mov	r2, r0
 80049ba:	b130      	cbz	r0, 80049ca <do_device_init+0x1c>
			 * errno value maps to an uint8_t range as of now.
			 */
			__ASSERT(rc >= -UINT8_MAX && rc < 0, "device %s init: invalid error (%d)",
				 dev->name, rc);

			if (rc < 0) {
 80049bc:	2800      	cmp	r0, #0
 80049be:	db0b      	blt.n	80049d8 <do_device_init+0x2a>
				rc = -rc;
			}
			/* handle error value overflow in production
			 * this is likely a bug in the device's init function. Signals it
			 */
			if (rc > UINT8_MAX) {
 80049c0:	2aff      	cmp	r2, #255	@ 0xff
 80049c2:	dd00      	ble.n	80049c6 <do_device_init+0x18>
				rc = UINT8_MAX;
 80049c4:	22ff      	movs	r2, #255	@ 0xff
			}
			dev->state->init_res = rc;
 80049c6:	68e3      	ldr	r3, [r4, #12]
 80049c8:	701a      	strb	r2, [r3, #0]
		}
	}

	/* device initialization has been invoked */
	dev->state->initialized = true;
 80049ca:	68e1      	ldr	r1, [r4, #12]
 80049cc:	784b      	ldrb	r3, [r1, #1]
 80049ce:	f043 0301 	orr.w	r3, r3, #1
 80049d2:	704b      	strb	r3, [r1, #1]

	/* here, the value of rc is either 0 or +errno
	 * flip the sign to return a negative value on failure as expected
	 */
	return -rc;
}
 80049d4:	4250      	negs	r0, r2
 80049d6:	bd10      	pop	{r4, pc}
				rc = -rc;
 80049d8:	4242      	negs	r2, r0
 80049da:	e7f1      	b.n	80049c0 <do_device_init+0x12>
	int rc = 0;
 80049dc:	2200      	movs	r2, #0
 80049de:	e7f4      	b.n	80049ca <do_device_init+0x1c>

080049e0 <z_impl_device_is_ready>:
{
	/*
	 * if an invalid device pointer is passed as argument, this call
	 * reports the `device` as not ready for usage.
	 */
	if (dev == NULL) {
 80049e0:	b160      	cbz	r0, 80049fc <z_impl_device_is_ready+0x1c>
		return false;
	}

	return dev->state->initialized && (dev->state->init_res == 0U);
 80049e2:	68c3      	ldr	r3, [r0, #12]
 80049e4:	785a      	ldrb	r2, [r3, #1]
 80049e6:	f012 0f01 	tst.w	r2, #1
 80049ea:	d003      	beq.n	80049f4 <z_impl_device_is_ready+0x14>
 80049ec:	781b      	ldrb	r3, [r3, #0]
 80049ee:	b11b      	cbz	r3, 80049f8 <z_impl_device_is_ready+0x18>
 80049f0:	2000      	movs	r0, #0
 80049f2:	4770      	bx	lr
 80049f4:	2000      	movs	r0, #0
 80049f6:	4770      	bx	lr
 80049f8:	2001      	movs	r0, #1
 80049fa:	4770      	bx	lr
		return false;
 80049fc:	2000      	movs	r0, #0
}
 80049fe:	4770      	bx	lr

08004a00 <arch_system_halt>:
  __ASM volatile ("MRS %0, basepri" : "=r" (result) );
 8004a00:	f3ef 8311 	mrs	r3, BASEPRI
  __ASM volatile ("MSR basepri_max, %0" : : "r" (basePri) : "memory");
 8004a04:	2310      	movs	r3, #16
 8004a06:	f383 8812 	msr	BASEPRI_MAX, r3
 8004a0a:	f3bf 8f6f 	isb	sy
	for (;;) {
 8004a0e:	e7fe      	b.n	8004a0e <arch_system_halt+0xe>

08004a10 <k_sys_fatal_error_handler>:
{
 8004a10:	b508      	push	{r3, lr}
	arch_system_halt(reason);
 8004a12:	f7ff fff5 	bl	8004a00 <arch_system_halt>

08004a16 <idle>:
#include <wait_q.h>

LOG_MODULE_DECLARE(os, CONFIG_KERNEL_LOG_LEVEL);

void idle(void *unused1, void *unused2, void *unused3)
{
 8004a16:	b508      	push	{r3, lr}
  __ASM volatile ("MRS %0, basepri" : "=r" (result) );
 8004a18:	f3ef 8311 	mrs	r3, BASEPRI
  __ASM volatile ("MSR basepri_max, %0" : : "r" (basePri) : "memory");
 8004a1c:	2310      	movs	r3, #16
 8004a1e:	f383 8812 	msr	BASEPRI_MAX, r3
 8004a22:	f3bf 8f6f 	isb	sy
 * @note In some architectures, before returning, the function unmasks interrupts
 * unconditionally.
 */
static inline void k_cpu_idle(void)
{
	arch_cpu_idle();
 8004a26:	f7ff f9ae 	bl	8003d86 <arch_cpu_idle>
	ARG_UNUSED(unused2);
	ARG_UNUSED(unused3);

	__ASSERT_NO_MSG(_current->base.prio >= 0);

	while (true) {
 8004a2a:	e7f5      	b.n	8004a18 <idle+0x2>

08004a2c <arch_spin_relax>:
	return sys_clock_cycle_get_64();
}

static ALWAYS_INLINE void arch_nop(void)
{
	__asm__ volatile("nop");
 8004a2c:	bf00      	nop
{
	__ASSERT(!arch_irq_unlocked(arch_irq_lock()),
		 "this is meant to be called with IRQs disabled");

	arch_nop();
}
 8004a2e:	4770      	bx	lr

08004a30 <setup_thread_stack>:
{
 8004a30:	b5f8      	push	{r3, r4, r5, r6, r7, lr}
 8004a32:	4605      	mov	r5, r0
		stack_obj_size = K_KERNEL_STACK_LEN(stack_size);
 8004a34:	1dd3      	adds	r3, r2, #7
 8004a36:	f023 0307 	bic.w	r3, r3, #7
 8004a3a:	337f      	adds	r3, #127	@ 0x7f
 8004a3c:	f023 033f 	bic.w	r3, r3, #63	@ 0x3f

/** @} */

static inline char *K_KERNEL_STACK_BUFFER(k_thread_stack_t *sym)
{
	return (char *)sym + K_KERNEL_STACK_RESERVED;
 8004a40:	f101 0740 	add.w	r7, r1, #64	@ 0x40
		stack_buf_size = stack_obj_size - K_KERNEL_STACK_RESERVED;
 8004a44:	f1a3 0640 	sub.w	r6, r3, #64	@ 0x40
		if (K_KERNEL_STACK_RESERVED > stack_obj_size) {
 8004a48:	2b3f      	cmp	r3, #63	@ 0x3f
 8004a4a:	d807      	bhi.n	8004a5c <setup_thread_stack+0x2c>
  __ASM volatile ("MSR basepri, %0" : : "r" (basePri) : "memory");
 8004a4c:	2200      	movs	r2, #0
 8004a4e:	f382 8811 	msr	BASEPRI, r2
 8004a52:	f3bf 8f6f 	isb	sy
			k_panic();
 8004a56:	2204      	movs	r2, #4
 8004a58:	4610      	mov	r0, r2
 8004a5a:	df02      	svc	2
	stack_ptr = (char *)stack + stack_obj_size;
 8004a5c:	18cc      	adds	r4, r1, r3
	delta += arch_tls_stack_setup(new_thread, stack_ptr);
 8004a5e:	4621      	mov	r1, r4
 8004a60:	4628      	mov	r0, r5
 8004a62:	f7fb fee5 	bl	8000830 <arch_tls_stack_setup>
	delta = ROUND_UP(delta, ARCH_STACK_PTR_ALIGN);
 8004a66:	3007      	adds	r0, #7
 8004a68:	f020 0007 	bic.w	r0, r0, #7
	new_thread->stack_info.start = (uintptr_t)stack_buf_start;
 8004a6c:	f8c5 7094 	str.w	r7, [r5, #148]	@ 0x94
	new_thread->stack_info.size = stack_buf_size;
 8004a70:	f8c5 6098 	str.w	r6, [r5, #152]	@ 0x98
	new_thread->stack_info.delta = delta;
 8004a74:	f8c5 009c 	str.w	r0, [r5, #156]	@ 0x9c
}
 8004a78:	1a20      	subs	r0, r4, r0
 8004a7a:	bdf8      	pop	{r3, r4, r5, r6, r7, pc}

08004a7c <z_init_thread_base>:
{
 8004a7c:	b410      	push	{r4}
	thread_base->pended_on = NULL;
 8004a7e:	2400      	movs	r4, #0
 8004a80:	6084      	str	r4, [r0, #8]
	thread_base->user_options = (uint16_t)options;
 8004a82:	8183      	strh	r3, [r0, #12]
	thread_base->thread_state = (uint8_t)initial_state;
 8004a84:	7402      	strb	r2, [r0, #16]
	thread_base->prio = priority;
 8004a86:	7381      	strb	r1, [r0, #14]
	thread_base->sched_locked = 0U;
 8004a88:	73c4      	strb	r4, [r0, #15]
	node->next = NULL;
 8004a8a:	6184      	str	r4, [r0, #24]
	node->prev = NULL;
 8004a8c:	61c4      	str	r4, [r0, #28]
}
 8004a8e:	bc10      	pop	{r4}
 8004a90:	4770      	bx	lr

08004a92 <thread_active_elsewhere>:
}
 8004a92:	2000      	movs	r0, #0
 8004a94:	4770      	bx	lr

08004a96 <add_to_waitq_locked>:
{
 8004a96:	b538      	push	{r3, r4, r5, lr}
 8004a98:	4604      	mov	r4, r0
 8004a9a:	460d      	mov	r5, r1
	unready_thread(thread);
 8004a9c:	f7fd fc86 	bl	80023ac <unready_thread>
	thread->base.thread_state |= _THREAD_PENDING;
 8004aa0:	7c23      	ldrb	r3, [r4, #16]
 8004aa2:	f043 0302 	orr.w	r3, r3, #2
 8004aa6:	7423      	strb	r3, [r4, #16]
	if (wait_q != NULL) {
 8004aa8:	b325      	cbz	r5, 8004af4 <add_to_waitq_locked+0x5e>
		thread->base.pended_on = wait_q;
 8004aaa:	60a5      	str	r5, [r4, #8]
	return list->head == list;
 8004aac:	682b      	ldr	r3, [r5, #0]
	return sys_dlist_is_empty(list) ? NULL : list->head;
 8004aae:	429d      	cmp	r5, r3
 8004ab0:	d107      	bne.n	8004ac2 <add_to_waitq_locked+0x2c>
	SYS_DLIST_FOR_EACH_CONTAINER(pq, t, base.qnode_dlist) {
 8004ab2:	2300      	movs	r3, #0
 8004ab4:	e005      	b.n	8004ac2 <add_to_waitq_locked+0x2c>
 8004ab6:	4619      	mov	r1, r3
	return (node == list->tail) ? NULL : node->next;
 8004ab8:	686a      	ldr	r2, [r5, #4]
 8004aba:	4293      	cmp	r3, r2
 8004abc:	d015      	beq.n	8004aea <add_to_waitq_locked+0x54>
 8004abe:	681b      	ldr	r3, [r3, #0]
 8004ac0:	b97b      	cbnz	r3, 8004ae2 <add_to_waitq_locked+0x4c>
 8004ac2:	b193      	cbz	r3, 8004aea <add_to_waitq_locked+0x54>
	int32_t b1 = thread_1->base.prio;
 8004ac4:	f994 100e 	ldrsb.w	r1, [r4, #14]
	int32_t b2 = thread_2->base.prio;
 8004ac8:	f993 200e 	ldrsb.w	r2, [r3, #14]
	if (b1 != b2) {
 8004acc:	4291      	cmp	r1, r2
 8004ace:	d0f2      	beq.n	8004ab6 <add_to_waitq_locked+0x20>
		return b2 - b1;
 8004ad0:	1a52      	subs	r2, r2, r1
		if (z_sched_prio_cmp(thread, t) > 0) {
 8004ad2:	2a00      	cmp	r2, #0
 8004ad4:	ddef      	ble.n	8004ab6 <add_to_waitq_locked+0x20>
	sys_dnode_t *const prev = successor->prev;
 8004ad6:	685a      	ldr	r2, [r3, #4]
	node->prev = prev;
 8004ad8:	6062      	str	r2, [r4, #4]
	node->next = successor;
 8004ada:	6023      	str	r3, [r4, #0]
	prev->next = node;
 8004adc:	6014      	str	r4, [r2, #0]
	successor->prev = node;
 8004ade:	605c      	str	r4, [r3, #4]
			return;
 8004ae0:	e008      	b.n	8004af4 <add_to_waitq_locked+0x5e>
	return (node != NULL) ? sys_dlist_peek_next_no_check(list, node) : NULL;
 8004ae2:	2900      	cmp	r1, #0
 8004ae4:	d1ed      	bne.n	8004ac2 <add_to_waitq_locked+0x2c>
 8004ae6:	460b      	mov	r3, r1
 8004ae8:	e7eb      	b.n	8004ac2 <add_to_waitq_locked+0x2c>
	sys_dnode_t *const tail = list->tail;
 8004aea:	686b      	ldr	r3, [r5, #4]
	node->next = list;
 8004aec:	6025      	str	r5, [r4, #0]
	node->prev = tail;
 8004aee:	6063      	str	r3, [r4, #4]
	tail->next = node;
 8004af0:	601c      	str	r4, [r3, #0]
	list->tail = node;
 8004af2:	606c      	str	r4, [r5, #4]
}
 8004af4:	bd38      	pop	{r3, r4, r5, pc}

08004af6 <unpend_all>:
{
 8004af6:	b570      	push	{r4, r5, r6, lr}
 8004af8:	4606      	mov	r6, r0
	return list->head == list;
 8004afa:	6804      	ldr	r4, [r0, #0]
	return sys_dlist_is_empty(list) ? NULL : list->head;
 8004afc:	4284      	cmp	r4, r0
 8004afe:	d01a      	beq.n	8004b36 <unpend_all+0x40>
	for (thread = z_waitq_head(wait_q); thread != NULL; thread = z_waitq_head(wait_q)) {
 8004b00:	b1dc      	cbz	r4, 8004b3a <unpend_all+0x44>
	sys_dnode_t *const prev = node->prev;
 8004b02:	6862      	ldr	r2, [r4, #4]
	sys_dnode_t *const next = node->next;
 8004b04:	6823      	ldr	r3, [r4, #0]
	prev->next = next;
 8004b06:	6013      	str	r3, [r2, #0]
	next->prev = prev;
 8004b08:	605a      	str	r2, [r3, #4]
	node->next = NULL;
 8004b0a:	2500      	movs	r5, #0
 8004b0c:	6025      	str	r5, [r4, #0]
	node->prev = NULL;
 8004b0e:	6065      	str	r5, [r4, #4]
	thread->base.thread_state &= ~_THREAD_PENDING;
 8004b10:	7c23      	ldrb	r3, [r4, #16]
 8004b12:	f023 0302 	bic.w	r3, r3, #2
 8004b16:	7423      	strb	r3, [r4, #16]
 8004b18:	60a5      	str	r5, [r4, #8]
 8004b1a:	f104 0018 	add.w	r0, r4, #24
 8004b1e:	f000 f88f 	bl	8004c40 <z_abort_timeout>
	thread->arch.swap_return_value = value;
 8004b22:	f8c4 50ac 	str.w	r5, [r4, #172]	@ 0xac
		ready_thread(thread);
 8004b26:	4620      	mov	r0, r4
 8004b28:	f7fd fbe8 	bl	80022fc <ready_thread>
	return list->head == list;
 8004b2c:	6834      	ldr	r4, [r6, #0]
	return sys_dlist_is_empty(list) ? NULL : list->head;
 8004b2e:	42a6      	cmp	r6, r4
 8004b30:	d1e6      	bne.n	8004b00 <unpend_all+0xa>
 8004b32:	2400      	movs	r4, #0
 8004b34:	e7e4      	b.n	8004b00 <unpend_all+0xa>
 8004b36:	2400      	movs	r4, #0
 8004b38:	e7e2      	b.n	8004b00 <unpend_all+0xa>
}
 8004b3a:	bd70      	pop	{r4, r5, r6, pc}

08004b3c <z_ready_thread>:
{
 8004b3c:	b538      	push	{r3, r4, r5, lr}
 8004b3e:	4604      	mov	r4, r0
	K_SPINLOCK(&_sched_spinlock) {
 8004b40:	2300      	movs	r3, #0
  __ASM volatile ("MRS %0, basepri" : "=r" (result) );
 8004b42:	f3ef 8511 	mrs	r5, BASEPRI
  __ASM volatile ("MSR basepri_max, %0" : : "r" (basePri) : "memory");
 8004b46:	2210      	movs	r2, #16
 8004b48:	f382 8812 	msr	BASEPRI_MAX, r2
 8004b4c:	f3bf 8f6f 	isb	sy
 8004b50:	e004      	b.n	8004b5c <z_ready_thread+0x20>
  __ASM volatile ("MSR basepri, %0" : : "r" (basePri) : "memory");
 8004b52:	f385 8811 	msr	BASEPRI, r5
 8004b56:	f3bf 8f6f 	isb	sy
 8004b5a:	2301      	movs	r3, #1
 8004b5c:	b943      	cbnz	r3, 8004b70 <z_ready_thread+0x34>
		if (thread_active_elsewhere(thread) == NULL) {
 8004b5e:	4620      	mov	r0, r4
 8004b60:	f7ff ff97 	bl	8004a92 <thread_active_elsewhere>
 8004b64:	2800      	cmp	r0, #0
 8004b66:	d1f4      	bne.n	8004b52 <z_ready_thread+0x16>
			ready_thread(thread);
 8004b68:	4620      	mov	r0, r4
 8004b6a:	f7fd fbc7 	bl	80022fc <ready_thread>
 8004b6e:	e7f0      	b.n	8004b52 <z_ready_thread+0x16>
}
 8004b70:	bd38      	pop	{r3, r4, r5, pc}

08004b72 <z_sched_wake_thread_locked>:
{
 8004b72:	b508      	push	{r3, lr}
	bool killed = (thread->base.thread_state &
 8004b74:	7c03      	ldrb	r3, [r0, #16]
	if (!killed) {
 8004b76:	f013 0f28 	tst.w	r3, #40	@ 0x28
 8004b7a:	d113      	bne.n	8004ba4 <z_sched_wake_thread_locked+0x32>
		if (thread->base.pended_on != NULL) {
 8004b7c:	6883      	ldr	r3, [r0, #8]
 8004b7e:	b15b      	cbz	r3, 8004b98 <z_sched_wake_thread_locked+0x26>
	sys_dnode_t *const prev = node->prev;
 8004b80:	6842      	ldr	r2, [r0, #4]
	sys_dnode_t *const next = node->next;
 8004b82:	6803      	ldr	r3, [r0, #0]
	prev->next = next;
 8004b84:	6013      	str	r3, [r2, #0]
	next->prev = prev;
 8004b86:	605a      	str	r2, [r3, #4]
	node->next = NULL;
 8004b88:	2300      	movs	r3, #0
 8004b8a:	6003      	str	r3, [r0, #0]
	node->prev = NULL;
 8004b8c:	6043      	str	r3, [r0, #4]
 8004b8e:	7c02      	ldrb	r2, [r0, #16]
 8004b90:	f022 0202 	bic.w	r2, r2, #2
 8004b94:	7402      	strb	r2, [r0, #16]
 8004b96:	6083      	str	r3, [r0, #8]
	thread->base.thread_state &= ~_THREAD_SLEEPING;
 8004b98:	7c03      	ldrb	r3, [r0, #16]
 8004b9a:	f023 0304 	bic.w	r3, r3, #4
 8004b9e:	7403      	strb	r3, [r0, #16]
		ready_thread(thread);
 8004ba0:	f7fd fbac 	bl	80022fc <ready_thread>
}
 8004ba4:	bd08      	pop	{r3, pc}

08004ba6 <z_thread_timeout>:
{
 8004ba6:	b538      	push	{r3, r4, r5, lr}
	struct k_thread *thread = CONTAINER_OF(timeout,
 8004ba8:	f1a0 0518 	sub.w	r5, r0, #24
	K_SPINLOCK(&_sched_spinlock) {
 8004bac:	2300      	movs	r3, #0
  __ASM volatile ("MRS %0, basepri" : "=r" (result) );
 8004bae:	f3ef 8411 	mrs	r4, BASEPRI
  __ASM volatile ("MSR basepri_max, %0" : : "r" (basePri) : "memory");
 8004bb2:	2210      	movs	r2, #16
 8004bb4:	f382 8812 	msr	BASEPRI_MAX, r2
 8004bb8:	f3bf 8f6f 	isb	sy
 8004bbc:	e007      	b.n	8004bce <z_thread_timeout+0x28>
		z_sched_wake_thread_locked(thread);
 8004bbe:	4628      	mov	r0, r5
 8004bc0:	f7ff ffd7 	bl	8004b72 <z_sched_wake_thread_locked>
  __ASM volatile ("MSR basepri, %0" : : "r" (basePri) : "memory");
 8004bc4:	f384 8811 	msr	BASEPRI, r4
 8004bc8:	f3bf 8f6f 	isb	sy
	K_SPINLOCK(&_sched_spinlock) {
 8004bcc:	2301      	movs	r3, #1
 8004bce:	2b00      	cmp	r3, #0
 8004bd0:	d0f5      	beq.n	8004bbe <z_thread_timeout+0x18>
}
 8004bd2:	bd38      	pop	{r3, r4, r5, pc}

08004bd4 <init_ready_q>:
	_priq_run_init(&ready_q->runq);
 8004bd4:	1d03      	adds	r3, r0, #4
	list->head = (sys_dnode_t *)list;
 8004bd6:	6043      	str	r3, [r0, #4]
	list->tail = (sys_dnode_t *)list;
 8004bd8:	6083      	str	r3, [r0, #8]
}
 8004bda:	4770      	bx	lr

08004bdc <remove_timeout>:
{
 8004bdc:	b510      	push	{r4, lr}
 8004bde:	4604      	mov	r4, r0
	if (next(t) != NULL) {
 8004be0:	f7fd ff98 	bl	8002b14 <next>
 8004be4:	b148      	cbz	r0, 8004bfa <remove_timeout+0x1e>
 8004be6:	4602      	mov	r2, r0
		next(t)->dticks += t->dticks;
 8004be8:	6903      	ldr	r3, [r0, #16]
 8004bea:	6941      	ldr	r1, [r0, #20]
 8004bec:	6920      	ldr	r0, [r4, #16]
 8004bee:	181b      	adds	r3, r3, r0
 8004bf0:	6960      	ldr	r0, [r4, #20]
 8004bf2:	eb41 0100 	adc.w	r1, r1, r0
 8004bf6:	6113      	str	r3, [r2, #16]
 8004bf8:	6151      	str	r1, [r2, #20]
	sys_dnode_t *const prev = node->prev;
 8004bfa:	6862      	ldr	r2, [r4, #4]
	sys_dnode_t *const next = node->next;
 8004bfc:	6823      	ldr	r3, [r4, #0]
	prev->next = next;
 8004bfe:	6013      	str	r3, [r2, #0]
	next->prev = prev;
 8004c00:	605a      	str	r2, [r3, #4]
	node->next = NULL;
 8004c02:	2300      	movs	r3, #0
 8004c04:	6023      	str	r3, [r4, #0]
	node->prev = NULL;
 8004c06:	6063      	str	r3, [r4, #4]
}
 8004c08:	bd10      	pop	{r4, pc}

08004c0a <next_timeout>:
{
 8004c0a:	b510      	push	{r4, lr}
 8004c0c:	4604      	mov	r4, r0
	struct _timeout *to = first();
 8004c0e:	f7fd ff77 	bl	8002b00 <first>
	if ((to == NULL) ||
 8004c12:	b178      	cbz	r0, 8004c34 <next_timeout+0x2a>
	    ((int64_t)(to->dticks - ticks_elapsed) > (int64_t)INT_MAX)) {
 8004c14:	6903      	ldr	r3, [r0, #16]
 8004c16:	6942      	ldr	r2, [r0, #20]
 8004c18:	1b1b      	subs	r3, r3, r4
 8004c1a:	eb62 72e4 	sbc.w	r2, r2, r4, asr #31
	if ((to == NULL) ||
 8004c1e:	f1b3 4f00 	cmp.w	r3, #2147483648	@ 0x80000000
 8004c22:	f172 0100 	sbcs.w	r1, r2, #0
 8004c26:	da08      	bge.n	8004c3a <next_timeout+0x30>
		ret = max(0, to->dticks - ticks_elapsed);
 8004c28:	2a00      	cmp	r2, #0
 8004c2a:	db01      	blt.n	8004c30 <next_timeout+0x26>
 8004c2c:	4618      	mov	r0, r3
}
 8004c2e:	bd10      	pop	{r4, pc}
		ret = max(0, to->dticks - ticks_elapsed);
 8004c30:	2300      	movs	r3, #0
 8004c32:	e7fb      	b.n	8004c2c <next_timeout+0x22>
		ret = SYS_CLOCK_MAX_WAIT;
 8004c34:	f06f 4000 	mvn.w	r0, #2147483648	@ 0x80000000
 8004c38:	e7f9      	b.n	8004c2e <next_timeout+0x24>
 8004c3a:	f06f 4000 	mvn.w	r0, #2147483648	@ 0x80000000
	return ret;
 8004c3e:	e7f6      	b.n	8004c2e <next_timeout+0x24>

08004c40 <z_abort_timeout>:
{
 8004c40:	e92d 41f0 	stmdb	sp!, {r4, r5, r6, r7, r8, lr}
 8004c44:	4604      	mov	r4, r0
	K_SPINLOCK(&timeout_lock) {
 8004c46:	2500      	movs	r5, #0
  __ASM volatile ("MRS %0, basepri" : "=r" (result) );
 8004c48:	f3ef 8711 	mrs	r7, BASEPRI
  __ASM volatile ("MSR basepri_max, %0" : : "r" (basePri) : "memory");
 8004c4c:	2310      	movs	r3, #16
 8004c4e:	f383 8812 	msr	BASEPRI_MAX, r3
 8004c52:	f3bf 8f6f 	isb	sy
	int ret = -EINVAL;
 8004c56:	f06f 0015 	mvn.w	r0, #21
 8004c5a:	e014      	b.n	8004c86 <z_abort_timeout+0x46>
				sys_clock_set_timeout(next_timeout(elapsed()), false);
 8004c5c:	f7fd ff66 	bl	8002b2c <elapsed>
 8004c60:	f7ff ffd3 	bl	8004c0a <next_timeout>
 8004c64:	2100      	movs	r1, #0
 8004c66:	f7fc ffdd 	bl	8001c24 <sys_clock_set_timeout>
			ret = 0;
 8004c6a:	4640      	mov	r0, r8
 8004c6c:	e006      	b.n	8004c7c <z_abort_timeout+0x3c>
		} else if (to->dticks == TIMEOUT_DTICKS_ANNOUNCING) {
 8004c6e:	6922      	ldr	r2, [r4, #16]
 8004c70:	6963      	ldr	r3, [r4, #20]
 8004c72:	f1b3 4f00 	cmp.w	r3, #2147483648	@ 0x80000000
 8004c76:	bf08      	it	eq
 8004c78:	2a01      	cmpeq	r2, #1
 8004c7a:	d018      	beq.n	8004cae <z_abort_timeout+0x6e>
  __ASM volatile ("MSR basepri, %0" : : "r" (basePri) : "memory");
 8004c7c:	f387 8811 	msr	BASEPRI, r7
 8004c80:	f3bf 8f6f 	isb	sy
	K_SPINLOCK(&timeout_lock) {
 8004c84:	2501      	movs	r5, #1
 8004c86:	46a8      	mov	r8, r5
 8004c88:	b9bd      	cbnz	r5, 8004cba <z_abort_timeout+0x7a>
	return node->next != NULL;
 8004c8a:	6823      	ldr	r3, [r4, #0]
		if (sys_dnode_is_linked(&to->node)) {
 8004c8c:	2b00      	cmp	r3, #0
 8004c8e:	d0ee      	beq.n	8004c6e <z_abort_timeout+0x2e>
			bool is_first = (to == first());
 8004c90:	f7fd ff36 	bl	8002b00 <first>
 8004c94:	4606      	mov	r6, r0
			remove_timeout(to);
 8004c96:	4620      	mov	r0, r4
 8004c98:	f7ff ffa0 	bl	8004bdc <remove_timeout>
			to->dticks = TIMEOUT_DTICKS_ABORTED;
 8004c9c:	2200      	movs	r2, #0
 8004c9e:	f04f 4300 	mov.w	r3, #2147483648	@ 0x80000000
 8004ca2:	e9c4 2304 	strd	r2, r3, [r4, #16]
			if (is_first) {
 8004ca6:	42a6      	cmp	r6, r4
 8004ca8:	d0d8      	beq.n	8004c5c <z_abort_timeout+0x1c>
			ret = 0;
 8004caa:	4628      	mov	r0, r5
 8004cac:	e7e6      	b.n	8004c7c <z_abort_timeout+0x3c>
			to->dticks = TIMEOUT_DTICKS_ABORTED;
 8004cae:	2200      	movs	r2, #0
 8004cb0:	f04f 4300 	mov.w	r3, #2147483648	@ 0x80000000
 8004cb4:	e9c4 2304 	strd	r2, r3, [r4, #16]
 8004cb8:	e7e0      	b.n	8004c7c <z_abort_timeout+0x3c>
}
 8004cba:	e8bd 81f0 	ldmia.w	sp!, {r4, r5, r6, r7, r8, pc}

08004cbe <sys_clock_tick_get_32>:

uint32_t sys_clock_tick_get_32(void)
{
 8004cbe:	b508      	push	{r3, lr}
#ifdef CONFIG_TICKLESS_KERNEL
	return (uint32_t)sys_clock_tick_get();
 8004cc0:	f7fe f83c 	bl	8002d3c <sys_clock_tick_get>
#else
	return (uint32_t)curr_tick;
#endif /* CONFIG_TICKLESS_KERNEL */
}
 8004cc4:	bd08      	pop	{r3, pc}
	...
