
zephyr.elf:     file format elf32-littlearm


Disassembly of section rom_start:

08000000 <_vector_table>:
 8000000:	00 12 00 20 01 0d 00 08 67 3a 00 08 ed 0c 00 08     ... ....g:......
 8000010:	ed 0c 00 08 ed 0c 00 08 ed 0c 00 08 00 00 00 00     ................
	...
 800002c:	41 0d 00 08 ed 0c 00 08 00 00 00 00 29 0f 00 08     A...........)...
 800003c:	75 1b 00 08                                         u...

08000040 <_irq_vector_table>:
 8000040:	c1 0f 00 08 c1 0f 00 08 c1 0f 00 08 c1 0f 00 08     ................
 8000050:	c1 0f 00 08 c1 0f 00 08 c1 0f 00 08 c1 0f 00 08     ................
 8000060:	c1 0f 00 08 c1 0f 00 08 c1 0f 00 08 c1 0f 00 08     ................
 8000070:	c1 0f 00 08 c1 0f 00 08 c1 0f 00 08 c1 0f 00 08     ................
 8000080:	c1 0f 00 08 c1 0f 00 08 c1 0f 00 08 c1 0f 00 08     ................
 8000090:	c1 0f 00 08 c1 0f 00 08 c1 0f 00 08 c1 0f 00 08     ................
 80000a0:	c1 0f 00 08 c1 0f 00 08 c1 0f 00 08 c1 0f 00 08     ................
 80000b0:	c1 0f 00 08 c1 0f 00 08 c1 0f 00 08 c1 0f 00 08     ................
 80000c0:	c1 0f 00 08 c1 0f 00 08 c1 0f 00 08 c1 0f 00 08     ................
 80000d0:	c1 0f 00 08 c1 0f 00 08 c1 0f 00 08 c1 0f 00 08     ................
 80000e0:	c1 0f 00 08 c1 0f 00 08 c1 0f 00 08 c1 0f 00 08     ................
 80000f0:	c1 0f 00 08 c1 0f 00 08 c1 0f 00 08 c1 0f 00 08     ................
 8000100:	c1 0f 00 08 c1 0f 00 08 c1 0f 00 08 c1 0f 00 08     ................
 8000110:	c1 0f 00 08 c1 0f 00 08 c1 0f 00 08 c1 0f 00 08     ................
 8000120:	c1 0f 00 08 c1 0f 00 08 c1 0f 00 08 c1 0f 00 08     ................
 8000130:	c1 0f 00 08 c1 0f 00 08 c1 0f 00 08 c1 0f 00 08     ................
 8000140:	c1 0f 00 08 c1 0f 00 08 c1 0f 00 08 c1 0f 00 08     ................
 8000150:	c1 0f 00 08 c1 0f 00 08 c1 0f 00 08 c1 0f 00 08     ................
 8000160:	c1 0f 00 08 c1 0f 00 08                             ........

Disassembly of section text:

08000168 <__aeabi_memcpy>:
 8000168:	4684      	mov	ip, r0
 800016a:	ea41 0300 	orr.w	r3, r1, r0
 800016e:	f013 0303 	ands.w	r3, r3, #3
 8000172:	d16d      	bne.n	8000250 <__aeabi_memcpy+0xe8>
 8000174:	3a40      	subs	r2, #64	@ 0x40
 8000176:	d341      	bcc.n	80001fc <__aeabi_memcpy+0x94>
 8000178:	f851 3b04 	ldr.w	r3, [r1], #4
 800017c:	f840 3b04 	str.w	r3, [r0], #4
 8000180:	f851 3b04 	ldr.w	r3, [r1], #4
 8000184:	f840 3b04 	str.w	r3, [r0], #4
 8000188:	f851 3b04 	ldr.w	r3, [r1], #4
 800018c:	f840 3b04 	str.w	r3, [r0], #4
 8000190:	f851 3b04 	ldr.w	r3, [r1], #4
 8000194:	f840 3b04 	str.w	r3, [r0], #4
 8000198:	f851 3b04 	ldr.w	r3, [r1], #4
 800019c:	f840 3b04 	str.w	r3, [r0], #4
 80001a0:	f851 3b04 	ldr.w	r3, [r1], #4
 80001a4:	f840 3b04 	str.w	r3, [r0], #4
 80001a8:	f851 3b04 	ldr.w	r3, [r1], #4
 80001ac:	f840 3b04 	str.w	r3, [r0], #4
 80001b0:	f851 3b04 	ldr.w	r3, [r1], #4
 80001b4:	f840 3b04 	str.w	r3, [r0], #4
 80001b8:	f851 3b04 	ldr.w	r3, [r1], #4
 80001bc:	f840 3b04 	str.w	r3, [r0], #4
 80001c0:	f851 3b04 	ldr.w	r3, [r1], #4
 80001c4:	f840 3b04 	str.w	r3, [r0], #4
 80001c8:	f851 3b04 	ldr.w	r3, [r1], #4
 80001cc:	f840 3b04 	str.w	r3, [r0], #4
 80001d0:	f851 3b04 	ldr.w	r3, [r1], #4
 80001d4:	f840 3b04 	str.w	r3, [r0], #4
 80001d8:	f851 3b04 	ldr.w	r3, [r1], #4
 80001dc:	f840 3b04 	str.w	r3, [r0], #4
 80001e0:	f851 3b04 	ldr.w	r3, [r1], #4
 80001e4:	f840 3b04 	str.w	r3, [r0], #4
 80001e8:	f851 3b04 	ldr.w	r3, [r1], #4
 80001ec:	f840 3b04 	str.w	r3, [r0], #4
 80001f0:	f851 3b04 	ldr.w	r3, [r1], #4
 80001f4:	f840 3b04 	str.w	r3, [r0], #4
 80001f8:	3a40      	subs	r2, #64	@ 0x40
 80001fa:	d2bd      	bcs.n	8000178 <__aeabi_memcpy+0x10>
 80001fc:	3230      	adds	r2, #48	@ 0x30
 80001fe:	d311      	bcc.n	8000224 <__aeabi_memcpy+0xbc>
 8000200:	f851 3b04 	ldr.w	r3, [r1], #4
 8000204:	f840 3b04 	str.w	r3, [r0], #4
 8000208:	f851 3b04 	ldr.w	r3, [r1], #4
 800020c:	f840 3b04 	str.w	r3, [r0], #4
 8000210:	f851 3b04 	ldr.w	r3, [r1], #4
 8000214:	f840 3b04 	str.w	r3, [r0], #4
 8000218:	f851 3b04 	ldr.w	r3, [r1], #4
 800021c:	f840 3b04 	str.w	r3, [r0], #4
 8000220:	3a10      	subs	r2, #16
 8000222:	d2ed      	bcs.n	8000200 <__aeabi_memcpy+0x98>
 8000224:	320c      	adds	r2, #12
 8000226:	d305      	bcc.n	8000234 <__aeabi_memcpy+0xcc>
 8000228:	f851 3b04 	ldr.w	r3, [r1], #4
 800022c:	f840 3b04 	str.w	r3, [r0], #4
 8000230:	3a04      	subs	r2, #4
 8000232:	d2f9      	bcs.n	8000228 <__aeabi_memcpy+0xc0>
 8000234:	3204      	adds	r2, #4
 8000236:	d008      	beq.n	800024a <__aeabi_memcpy+0xe2>
 8000238:	07d2      	lsls	r2, r2, #31
 800023a:	bf1c      	itt	ne
 800023c:	f811 3b01 	ldrbne.w	r3, [r1], #1
 8000240:	f800 3b01 	strbne.w	r3, [r0], #1
 8000244:	d301      	bcc.n	800024a <__aeabi_memcpy+0xe2>
 8000246:	880b      	ldrh	r3, [r1, #0]
 8000248:	8003      	strh	r3, [r0, #0]
 800024a:	4660      	mov	r0, ip
 800024c:	4770      	bx	lr
 800024e:	bf00      	nop
 8000250:	2a08      	cmp	r2, #8
 8000252:	d313      	bcc.n	800027c <__aeabi_memcpy+0x114>
 8000254:	078b      	lsls	r3, r1, #30
 8000256:	d08d      	beq.n	8000174 <__aeabi_memcpy+0xc>
 8000258:	f010 0303 	ands.w	r3, r0, #3
 800025c:	d08a      	beq.n	8000174 <__aeabi_memcpy+0xc>
 800025e:	f1c3 0304 	rsb	r3, r3, #4
 8000262:	1ad2      	subs	r2, r2, r3
 8000264:	07db      	lsls	r3, r3, #31
 8000266:	bf1c      	itt	ne
 8000268:	f811 3b01 	ldrbne.w	r3, [r1], #1
 800026c:	f800 3b01 	strbne.w	r3, [r0], #1
 8000270:	d380      	bcc.n	8000174 <__aeabi_memcpy+0xc>
 8000272:	f831 3b02 	ldrh.w	r3, [r1], #2
 8000276:	f820 3b02 	strh.w	r3, [r0], #2
 800027a:	e77b      	b.n	8000174 <__aeabi_memcpy+0xc>
 800027c:	3a04      	subs	r2, #4
 800027e:	d3d9      	bcc.n	8000234 <__aeabi_memcpy+0xcc>
 8000280:	3a01      	subs	r2, #1
 8000282:	f811 3b01 	ldrb.w	r3, [r1], #1
 8000286:	f800 3b01 	strb.w	r3, [r0], #1
 800028a:	d2f9      	bcs.n	8000280 <__aeabi_memcpy+0x118>
 800028c:	780b      	ldrb	r3, [r1, #0]
 800028e:	7003      	strb	r3, [r0, #0]
 8000290:	784b      	ldrb	r3, [r1, #1]
 8000292:	7043      	strb	r3, [r0, #1]
 8000294:	788b      	ldrb	r3, [r1, #2]
 8000296:	7083      	strb	r3, [r0, #2]
 8000298:	4660      	mov	r0, ip
 800029a:	4770      	bx	lr

0800029c <__aeabi_uldivmod>:
 800029c:	b953      	cbnz	r3, 80002b4 <__aeabi_uldivmod+0x18>
 800029e:	b94a      	cbnz	r2, 80002b4 <__aeabi_uldivmod+0x18>
 80002a0:	2900      	cmp	r1, #0
 80002a2:	bf08      	it	eq
 80002a4:	2800      	cmpeq	r0, #0
 80002a6:	bf1c      	itt	ne
 80002a8:	f04f 31ff 	movne.w	r1, #4294967295
 80002ac:	f04f 30ff 	movne.w	r0, #4294967295
 80002b0:	f000 b80c 	b.w	80002cc <__aeabi_idiv0>
 80002b4:	f1ad 0c08 	sub.w	ip, sp, #8
 80002b8:	e96d ce04 	strd	ip, lr, [sp, #-16]!
 80002bc:	f000 f808 	bl	80002d0 <__udivmoddi4>
 80002c0:	f8dd e004 	ldr.w	lr, [sp, #4]
 80002c4:	e9dd 2302 	ldrd	r2, r3, [sp, #8]
 80002c8:	b004      	add	sp, #16
 80002ca:	4770      	bx	lr

080002cc <__aeabi_idiv0>:
 80002cc:	4770      	bx	lr
 80002ce:	bf00      	nop

080002d0 <__udivmoddi4>:
 80002d0:	e92d 47f0 	stmdb	sp!, {r4, r5, r6, r7, r8, r9, sl, lr}
 80002d4:	468c      	mov	ip, r1
 80002d6:	468e      	mov	lr, r1
 80002d8:	9e08      	ldr	r6, [sp, #32]
 80002da:	4615      	mov	r5, r2
 80002dc:	4604      	mov	r4, r0
 80002de:	4619      	mov	r1, r3
 80002e0:	2b00      	cmp	r3, #0
 80002e2:	f040 80d0 	bne.w	8000486 <__udivmoddi4+0x1b6>
 80002e6:	4572      	cmp	r2, lr
 80002e8:	d947      	bls.n	800037a <__udivmoddi4+0xaa>
 80002ea:	fab2 f782 	clz	r7, r2
 80002ee:	b14f      	cbz	r7, 8000304 <__udivmoddi4+0x34>
 80002f0:	f1c7 0320 	rsb	r3, r7, #32
 80002f4:	fa0e fc07 	lsl.w	ip, lr, r7
 80002f8:	fa20 f303 	lsr.w	r3, r0, r3
 80002fc:	40bd      	lsls	r5, r7
 80002fe:	ea43 0c0c 	orr.w	ip, r3, ip
 8000302:	40bc      	lsls	r4, r7
 8000304:	ea4f 4e15 	mov.w	lr, r5, lsr #16
 8000308:	b2a8      	uxth	r0, r5
 800030a:	fbbc f8fe 	udiv	r8, ip, lr
 800030e:	0c23      	lsrs	r3, r4, #16
 8000310:	fb0e cc18 	mls	ip, lr, r8, ip
 8000314:	fb08 f900 	mul.w	r9, r8, r0
 8000318:	ea43 430c 	orr.w	r3, r3, ip, lsl #16
 800031c:	4599      	cmp	r9, r3
 800031e:	d928      	bls.n	8000372 <__udivmoddi4+0xa2>
 8000320:	18eb      	adds	r3, r5, r3
 8000322:	f108 32ff 	add.w	r2, r8, #4294967295
 8000326:	d204      	bcs.n	8000332 <__udivmoddi4+0x62>
 8000328:	4599      	cmp	r9, r3
 800032a:	d902      	bls.n	8000332 <__udivmoddi4+0x62>
 800032c:	f1a8 0202 	sub.w	r2, r8, #2
 8000330:	442b      	add	r3, r5
 8000332:	eba3 0309 	sub.w	r3, r3, r9
 8000336:	b2a4      	uxth	r4, r4
 8000338:	fbb3 fcfe 	udiv	ip, r3, lr
 800033c:	fb0e 331c 	mls	r3, lr, ip, r3
 8000340:	fb0c f000 	mul.w	r0, ip, r0
 8000344:	ea44 4403 	orr.w	r4, r4, r3, lsl #16
 8000348:	42a0      	cmp	r0, r4
 800034a:	d914      	bls.n	8000376 <__udivmoddi4+0xa6>
 800034c:	192c      	adds	r4, r5, r4
 800034e:	f10c 33ff 	add.w	r3, ip, #4294967295
 8000352:	d204      	bcs.n	800035e <__udivmoddi4+0x8e>
 8000354:	42a0      	cmp	r0, r4
 8000356:	d902      	bls.n	800035e <__udivmoddi4+0x8e>
 8000358:	f1ac 0302 	sub.w	r3, ip, #2
 800035c:	442c      	add	r4, r5
 800035e:	1a24      	subs	r4, r4, r0
 8000360:	ea43 4002 	orr.w	r0, r3, r2, lsl #16
 8000364:	b11e      	cbz	r6, 800036e <__udivmoddi4+0x9e>
 8000366:	40fc      	lsrs	r4, r7
 8000368:	2300      	movs	r3, #0
 800036a:	6034      	str	r4, [r6, #0]
 800036c:	6073      	str	r3, [r6, #4]
 800036e:	e8bd 87f0 	ldmia.w	sp!, {r4, r5, r6, r7, r8, r9, sl, pc}
 8000372:	4642      	mov	r2, r8
 8000374:	e7dd      	b.n	8000332 <__udivmoddi4+0x62>
 8000376:	4663      	mov	r3, ip
 8000378:	e7f1      	b.n	800035e <__udivmoddi4+0x8e>
 800037a:	2a00      	cmp	r2, #0
 800037c:	d079      	beq.n	8000472 <__udivmoddi4+0x1a2>
 800037e:	fab2 f382 	clz	r3, r2
 8000382:	2b00      	cmp	r3, #0
 8000384:	d03f      	beq.n	8000406 <__udivmoddi4+0x136>
 8000386:	4619      	mov	r1, r3
 8000388:	f1c1 0320 	rsb	r3, r1, #32
 800038c:	fa02 f501 	lsl.w	r5, r2, r1
 8000390:	fa2e f203 	lsr.w	r2, lr, r3
 8000394:	fa0e fe01 	lsl.w	lr, lr, r1
 8000398:	fa20 f303 	lsr.w	r3, r0, r3
 800039c:	ea43 030e 	orr.w	r3, r3, lr
 80003a0:	ea4f 4e15 	mov.w	lr, r5, lsr #16
 80003a4:	fa00 f401 	lsl.w	r4, r0, r1
 80003a8:	fbb2 fcfe 	udiv	ip, r2, lr
 80003ac:	b2af      	uxth	r7, r5
 80003ae:	fb0e 201c 	mls	r0, lr, ip, r2
 80003b2:	0c1a      	lsrs	r2, r3, #16
 80003b4:	fb0c f807 	mul.w	r8, ip, r7
 80003b8:	ea42 4200 	orr.w	r2, r2, r0, lsl #16
 80003bc:	4590      	cmp	r8, r2
 80003be:	d95a      	bls.n	8000476 <__udivmoddi4+0x1a6>
 80003c0:	18aa      	adds	r2, r5, r2
 80003c2:	f10c 30ff 	add.w	r0, ip, #4294967295
 80003c6:	d204      	bcs.n	80003d2 <__udivmoddi4+0x102>
 80003c8:	4590      	cmp	r8, r2
 80003ca:	d902      	bls.n	80003d2 <__udivmoddi4+0x102>
 80003cc:	f1ac 0002 	sub.w	r0, ip, #2
 80003d0:	442a      	add	r2, r5
 80003d2:	eba2 0208 	sub.w	r2, r2, r8
 80003d6:	b29b      	uxth	r3, r3
 80003d8:	fbb2 fcfe 	udiv	ip, r2, lr
 80003dc:	fb0e 221c 	mls	r2, lr, ip, r2
 80003e0:	fb0c f707 	mul.w	r7, ip, r7
 80003e4:	ea43 4302 	orr.w	r3, r3, r2, lsl #16
 80003e8:	429f      	cmp	r7, r3
 80003ea:	d946      	bls.n	800047a <__udivmoddi4+0x1aa>
 80003ec:	18eb      	adds	r3, r5, r3
 80003ee:	f10c 32ff 	add.w	r2, ip, #4294967295
 80003f2:	d204      	bcs.n	80003fe <__udivmoddi4+0x12e>
 80003f4:	429f      	cmp	r7, r3
 80003f6:	d902      	bls.n	80003fe <__udivmoddi4+0x12e>
 80003f8:	f1ac 0202 	sub.w	r2, ip, #2
 80003fc:	442b      	add	r3, r5
 80003fe:	1bdb      	subs	r3, r3, r7
 8000400:	ea42 4200 	orr.w	r2, r2, r0, lsl #16
 8000404:	e002      	b.n	800040c <__udivmoddi4+0x13c>
 8000406:	ebae 0302 	sub.w	r3, lr, r2
 800040a:	2201      	movs	r2, #1
 800040c:	ea4f 4e15 	mov.w	lr, r5, lsr #16
 8000410:	b2af      	uxth	r7, r5
 8000412:	fbb3 fcfe 	udiv	ip, r3, lr
 8000416:	0c20      	lsrs	r0, r4, #16
 8000418:	fb0e 331c 	mls	r3, lr, ip, r3
 800041c:	fb0c f807 	mul.w	r8, ip, r7
 8000420:	ea40 4303 	orr.w	r3, r0, r3, lsl #16
 8000424:	4598      	cmp	r8, r3
 8000426:	d92a      	bls.n	800047e <__udivmoddi4+0x1ae>
 8000428:	18eb      	adds	r3, r5, r3
 800042a:	f10c 30ff 	add.w	r0, ip, #4294967295
 800042e:	d204      	bcs.n	800043a <__udivmoddi4+0x16a>
 8000430:	4598      	cmp	r8, r3
 8000432:	d902      	bls.n	800043a <__udivmoddi4+0x16a>
 8000434:	f1ac 0002 	sub.w	r0, ip, #2
 8000438:	442b      	add	r3, r5
 800043a:	eba3 0308 	sub.w	r3, r3, r8
 800043e:	b2a4      	uxth	r4, r4
 8000440:	fbb3 fcfe 	udiv	ip, r3, lr
 8000444:	fb0e 331c 	mls	r3, lr, ip, r3
 8000448:	fb0c f707 	mul.w	r7, ip, r7
 800044c:	ea44 4403 	orr.w	r4, r4, r3, lsl #16
 8000450:	42a7      	cmp	r7, r4
 8000452:	d916      	bls.n	8000482 <__udivmoddi4+0x1b2>
 8000454:	192c      	adds	r4, r5, r4
 8000456:	f10c 33ff 	add.w	r3, ip, #4294967295
 800045a:	d204      	bcs.n	8000466 <__udivmoddi4+0x196>
 800045c:	42a7      	cmp	r7, r4
 800045e:	d902      	bls.n	8000466 <__udivmoddi4+0x196>
 8000460:	f1ac 0302 	sub.w	r3, ip, #2
 8000464:	442c      	add	r4, r5
 8000466:	1be4      	subs	r4, r4, r7
 8000468:	ea43 4000 	orr.w	r0, r3, r0, lsl #16
 800046c:	460f      	mov	r7, r1
 800046e:	4611      	mov	r1, r2
 8000470:	e778      	b.n	8000364 <__udivmoddi4+0x94>
 8000472:	211f      	movs	r1, #31
 8000474:	e788      	b.n	8000388 <__udivmoddi4+0xb8>
 8000476:	4660      	mov	r0, ip
 8000478:	e7ab      	b.n	80003d2 <__udivmoddi4+0x102>
 800047a:	4662      	mov	r2, ip
 800047c:	e7bf      	b.n	80003fe <__udivmoddi4+0x12e>
 800047e:	4660      	mov	r0, ip
 8000480:	e7db      	b.n	800043a <__udivmoddi4+0x16a>
 8000482:	4663      	mov	r3, ip
 8000484:	e7ef      	b.n	8000466 <__udivmoddi4+0x196>
 8000486:	4573      	cmp	r3, lr
 8000488:	d906      	bls.n	8000498 <__udivmoddi4+0x1c8>
 800048a:	b916      	cbnz	r6, 8000492 <__udivmoddi4+0x1c2>
 800048c:	2100      	movs	r1, #0
 800048e:	4608      	mov	r0, r1
 8000490:	e76d      	b.n	800036e <__udivmoddi4+0x9e>
 8000492:	e9c6 0e00 	strd	r0, lr, [r6]
 8000496:	e7f9      	b.n	800048c <__udivmoddi4+0x1bc>
 8000498:	fab3 f783 	clz	r7, r3
 800049c:	b987      	cbnz	r7, 80004c0 <__udivmoddi4+0x1f0>
 800049e:	4573      	cmp	r3, lr
 80004a0:	d301      	bcc.n	80004a6 <__udivmoddi4+0x1d6>
 80004a2:	4282      	cmp	r2, r0
 80004a4:	d807      	bhi.n	80004b6 <__udivmoddi4+0x1e6>
 80004a6:	1a84      	subs	r4, r0, r2
 80004a8:	eb6e 0303 	sbc.w	r3, lr, r3
 80004ac:	2001      	movs	r0, #1
 80004ae:	469c      	mov	ip, r3
 80004b0:	b91e      	cbnz	r6, 80004ba <__udivmoddi4+0x1ea>
 80004b2:	2100      	movs	r1, #0
 80004b4:	e75b      	b.n	800036e <__udivmoddi4+0x9e>
 80004b6:	4638      	mov	r0, r7
 80004b8:	e7fa      	b.n	80004b0 <__udivmoddi4+0x1e0>
 80004ba:	e9c6 4c00 	strd	r4, ip, [r6]
 80004be:	e7f8      	b.n	80004b2 <__udivmoddi4+0x1e2>
 80004c0:	f1c7 0c20 	rsb	ip, r7, #32
 80004c4:	40bb      	lsls	r3, r7
 80004c6:	fa22 f50c 	lsr.w	r5, r2, ip
 80004ca:	431d      	orrs	r5, r3
 80004cc:	fa20 f10c 	lsr.w	r1, r0, ip
 80004d0:	fa2e f30c 	lsr.w	r3, lr, ip
 80004d4:	fa0e fe07 	lsl.w	lr, lr, r7
 80004d8:	ea41 010e 	orr.w	r1, r1, lr
 80004dc:	ea4f 4915 	mov.w	r9, r5, lsr #16
 80004e0:	fa00 f407 	lsl.w	r4, r0, r7
 80004e4:	fbb3 f8f9 	udiv	r8, r3, r9
 80004e8:	fa1f fe85 	uxth.w	lr, r5
 80004ec:	fb09 3018 	mls	r0, r9, r8, r3
 80004f0:	0c0b      	lsrs	r3, r1, #16
 80004f2:	fb08 fa0e 	mul.w	sl, r8, lr
 80004f6:	ea43 4300 	orr.w	r3, r3, r0, lsl #16
 80004fa:	459a      	cmp	sl, r3
 80004fc:	fa02 f207 	lsl.w	r2, r2, r7
 8000500:	d940      	bls.n	8000584 <__udivmoddi4+0x2b4>
 8000502:	18eb      	adds	r3, r5, r3
 8000504:	f108 30ff 	add.w	r0, r8, #4294967295
 8000508:	d204      	bcs.n	8000514 <__udivmoddi4+0x244>
 800050a:	459a      	cmp	sl, r3
 800050c:	d902      	bls.n	8000514 <__udivmoddi4+0x244>
 800050e:	f1a8 0002 	sub.w	r0, r8, #2
 8000512:	442b      	add	r3, r5
 8000514:	eba3 030a 	sub.w	r3, r3, sl
 8000518:	b289      	uxth	r1, r1
 800051a:	fbb3 f8f9 	udiv	r8, r3, r9
 800051e:	fb09 3318 	mls	r3, r9, r8, r3
 8000522:	fb08 fe0e 	mul.w	lr, r8, lr
 8000526:	ea41 4103 	orr.w	r1, r1, r3, lsl #16
 800052a:	458e      	cmp	lr, r1
 800052c:	d92c      	bls.n	8000588 <__udivmoddi4+0x2b8>
 800052e:	1869      	adds	r1, r5, r1
 8000530:	f108 33ff 	add.w	r3, r8, #4294967295
 8000534:	d204      	bcs.n	8000540 <__udivmoddi4+0x270>
 8000536:	458e      	cmp	lr, r1
 8000538:	d902      	bls.n	8000540 <__udivmoddi4+0x270>
 800053a:	f1a8 0302 	sub.w	r3, r8, #2
 800053e:	4429      	add	r1, r5
 8000540:	ea43 4000 	orr.w	r0, r3, r0, lsl #16
 8000544:	fba0 9802 	umull	r9, r8, r0, r2
 8000548:	eba1 010e 	sub.w	r1, r1, lr
 800054c:	4541      	cmp	r1, r8
 800054e:	46ce      	mov	lr, r9
 8000550:	4643      	mov	r3, r8
 8000552:	d302      	bcc.n	800055a <__udivmoddi4+0x28a>
 8000554:	d106      	bne.n	8000564 <__udivmoddi4+0x294>
 8000556:	454c      	cmp	r4, r9
 8000558:	d204      	bcs.n	8000564 <__udivmoddi4+0x294>
 800055a:	ebb9 0e02 	subs.w	lr, r9, r2
 800055e:	eb68 0305 	sbc.w	r3, r8, r5
 8000562:	3801      	subs	r0, #1
 8000564:	2e00      	cmp	r6, #0
 8000566:	d0a4      	beq.n	80004b2 <__udivmoddi4+0x1e2>
 8000568:	ebb4 020e 	subs.w	r2, r4, lr
 800056c:	eb61 0103 	sbc.w	r1, r1, r3
 8000570:	fa01 fc0c 	lsl.w	ip, r1, ip
 8000574:	fa22 f307 	lsr.w	r3, r2, r7
 8000578:	ea4c 0303 	orr.w	r3, ip, r3
 800057c:	40f9      	lsrs	r1, r7
 800057e:	e9c6 3100 	strd	r3, r1, [r6]
 8000582:	e796      	b.n	80004b2 <__udivmoddi4+0x1e2>
 8000584:	4640      	mov	r0, r8
 8000586:	e7c5      	b.n	8000514 <__udivmoddi4+0x244>
 8000588:	4643      	mov	r3, r8
 800058a:	e7d9      	b.n	8000540 <__udivmoddi4+0x270>

0800058c <main>:
 */

#include <stdio.h>

int main(void)
{
 800058c:	b508      	push	{r3, lr}
	printf("Hello World! %s\n", CONFIG_BOARD_TARGET);
 800058e:	4903      	ldr	r1, [pc, #12]	@ (800059c <main+0x10>)
 8000590:	4803      	ldr	r0, [pc, #12]	@ (80005a0 <main+0x14>)
 8000592:	f002 fb85 	bl	8002ca0 <printf>

	return 0;
}
 8000596:	2000      	movs	r0, #0
 8000598:	bd08      	pop	{r3, pc}
 800059a:	bf00      	nop
 800059c:	08004f3c 	.word	0x08004f3c
 80005a0:	08004f58 	.word	0x08004f58

080005a4 <char_out>:

	return c;
}

static int char_out(int c, void *ctx_p)
{
 80005a4:	b508      	push	{r3, lr}
	ARG_UNUSED(ctx_p);
	return _char_out(c);
 80005a6:	4b02      	ldr	r3, [pc, #8]	@ (80005b0 <char_out+0xc>)
 80005a8:	681b      	ldr	r3, [r3, #0]
 80005aa:	4798      	blx	r3
}
 80005ac:	bd08      	pop	{r3, pc}
 80005ae:	bf00      	nop
 80005b0:	20000000 	.word	0x20000000

080005b4 <__printk_hook_install>:
	_char_out = fn;
 80005b4:	4b01      	ldr	r3, [pc, #4]	@ (80005bc <__printk_hook_install+0x8>)
 80005b6:	6018      	str	r0, [r3, #0]
}
 80005b8:	4770      	bx	lr
 80005ba:	bf00      	nop
 80005bc:	20000000 	.word	0x20000000

080005c0 <vprintk>:

void vprintk(const char *fmt, va_list ap)
{
 80005c0:	b500      	push	{lr}
 80005c2:	b085      	sub	sp, #20
 80005c4:	4684      	mov	ip, r0
 80005c6:	460a      	mov	r2, r1
#ifdef CONFIG_PRINTK_SYNC
		k_spinlock_key_t key = k_spin_lock(&lock);
#endif

#ifdef CONFIG_PICOLIBC
		FILE console = FDEV_SETUP_STREAM((int(*)(char, FILE *))char_out,
 80005c8:	4668      	mov	r0, sp
 80005ca:	2300      	movs	r3, #0
 80005cc:	9300      	str	r3, [sp, #0]
 80005ce:	9301      	str	r3, [sp, #4]
 80005d0:	9302      	str	r3, [sp, #8]
 80005d2:	9303      	str	r3, [sp, #12]
 80005d4:	2302      	movs	r3, #2
 80005d6:	f88d 3002 	strb.w	r3, [sp, #2]
 80005da:	4b04      	ldr	r3, [pc, #16]	@ (80005ec <vprintk+0x2c>)
 80005dc:	9301      	str	r3, [sp, #4]
						 NULL, NULL, _FDEV_SETUP_WRITE);
		(void) vfprintf(&console, fmt, ap);
 80005de:	4661      	mov	r1, ip
 80005e0:	f002 fbee 	bl	8002dc0 <__l_vfprintf>

#ifdef CONFIG_PRINTK_SYNC
		k_spin_unlock(&lock, key);
#endif
	}
}
 80005e4:	b005      	add	sp, #20
 80005e6:	f85d fb04 	ldr.w	pc, [sp], #4
 80005ea:	bf00      	nop
 80005ec:	080005a5 	.word	0x080005a5

080005f0 <z_thread_entry>:
 * This routine does not return, and is marked as such so the compiler won't
 * generate preamble code that is only used by functions that actually return.
 */
FUNC_NORETURN void z_thread_entry(k_thread_entry_t entry,
				 void *p1, void *p2, void *p3)
{
 80005f0:	b580      	push	{r7, lr}
 80005f2:	4605      	mov	r5, r0
 80005f4:	460e      	mov	r6, r1
 80005f6:	4617      	mov	r7, r2
 80005f8:	4698      	mov	r8, r3
	if (z_syscall_trap()) {
		return (k_tid_t) arch_syscall_invoke0(K_SYSCALL_K_SCHED_CURRENT_THREAD_QUERY);
	}
#endif
	compiler_barrier();
	return z_impl_k_sched_current_thread_query();
 80005fa:	f002 f82f 	bl	800265c <z_impl_k_sched_current_thread_query>
 80005fe:	4603      	mov	r3, r0
 * otherwise lead to reading invalid memory and cause faults during
 * unwinding or debugging.
 */
	ARCH_CFI_UNDEFINED_RETURN_ADDRESS();
#ifdef CONFIG_CURRENT_THREAD_USE_TLS
	z_tls_current = k_sched_current_thread_query();
 8000600:	f000 fcee 	bl	8000fe0 <__aeabi_read_tp>
 8000604:	4604      	mov	r4, r0
 8000606:	f8df 9018 	ldr.w	r9, [pc, #24]	@ 8000620 <z_thread_entry+0x30>
 800060a:	f849 3000 	str.w	r3, [r9, r0]

	sys_rand_get((uint8_t *)&stack_guard, sizeof(stack_guard));
	__stack_chk_guard = stack_guard;
	__stack_chk_guard <<= 8;
#endif	/* CONFIG_STACK_CANARIES */
	entry(p1, p2, p3);
 800060e:	4642      	mov	r2, r8
 8000610:	4639      	mov	r1, r7
 8000612:	4630      	mov	r0, r6
 8000614:	47a8      	blx	r5
#ifdef CONFIG_CURRENT_THREAD_USE_TLS

	/* Thread-local cache of current thread ID, set in z_thread_entry() */
	extern Z_THREAD_LOCAL k_tid_t z_tls_current;

	return z_tls_current;
 8000616:	f854 0009 	ldr.w	r0, [r4, r9]
		(void) arch_syscall_invoke1(parm0.x, K_SYSCALL_K_THREAD_ABORT);
		return;
	}
#endif
	compiler_barrier();
	z_impl_k_thread_abort(thread);
 800061a:	f000 fc6b 	bl	8000ef4 <z_impl_k_thread_abort>
	/*
	 * Compiler can't tell that k_thread_abort() won't return and issues a
	 * warning unless we tell it that control never gets this far.
	 */

	CODE_UNREACHABLE; /* LCOV_EXCL_LINE */
 800061e:	bf00      	nop
 8000620:	00000008 	.word	0x00000008

08000624 <st_stm32_common_config>:
  * @rmtoll DBGMCU_CR    DBG_STOP      LL_DBGMCU_DisableDBGStopMode
  * @retval None
  */
__STATIC_INLINE void LL_DBGMCU_DisableDBGStopMode(void)
{
  CLEAR_BIT(DBGMCU->CR, DBGMCU_CR_DBG_STOP);
 8000624:	4a03      	ldr	r2, [pc, #12]	@ (8000634 <st_stm32_common_config+0x10>)
 8000626:	6853      	ldr	r3, [r2, #4]
 8000628:	f023 0302 	bic.w	r3, r3, #2
 800062c:	6053      	str	r3, [r2, #4]
#elif defined(LL_APB2_GRP1_PERIPH_DBGMCU)
	LL_APB2_GRP1_DisableClock(LL_APB2_GRP1_PERIPH_DBGMCU);
#endif /* LL_APB1_GRP1_PERIPH_DBGMCU */

	return 0;
}
 800062e:	2000      	movs	r0, #0
 8000630:	4770      	bx	lr
 8000632:	bf00      	nop
 8000634:	e0042000 	.word	0xe0042000

08000638 <stm32_gpioport_pm_action>:
	return 0;
}

static int stm32_gpioport_pm_action(const struct device *dev,
				    enum pm_device_action action)
{
 8000638:	b508      	push	{r3, lr}
 800063a:	460b      	mov	r3, r1
	const struct device *const clk = DEVICE_DT_GET(STM32_CLOCK_CONTROL_NODE);
	const struct gpio_stm32_config *cfg = dev->config;
 800063c:	6841      	ldr	r1, [r0, #4]
	clock_control_subsys_t subsys = (void *)&cfg->pclken;
 800063e:	310c      	adds	r1, #12

	switch (action) {
 8000640:	2b01      	cmp	r3, #1
 8000642:	d014      	beq.n	800066e <stm32_gpioport_pm_action+0x36>
 8000644:	d80a      	bhi.n	800065c <stm32_gpioport_pm_action+0x24>
 8000646:	b933      	cbnz	r3, 8000656 <stm32_gpioport_pm_action+0x1e>
 * @return 0 on success, negative errno on failure.
 */
static inline int clock_control_off(const struct device *dev,
				    clock_control_subsys_t sys)
{
	const struct clock_control_driver_api *api =
 8000648:	4b0f      	ldr	r3, [pc, #60]	@ (8000688 <stm32_gpioport_pm_action+0x50>)
 800064a:	689b      	ldr	r3, [r3, #8]
		(const struct clock_control_driver_api *)dev->api;

	if (api->off == NULL) {
 800064c:	685b      	ldr	r3, [r3, #4]
 800064e:	b1c3      	cbz	r3, 8000682 <stm32_gpioport_pm_action+0x4a>
		return -ENOSYS;
	}

	return api->off(dev, sys);
 8000650:	480d      	ldr	r0, [pc, #52]	@ (8000688 <stm32_gpioport_pm_action+0x50>)
 8000652:	4798      	blx	r3
 8000654:	e007      	b.n	8000666 <stm32_gpioport_pm_action+0x2e>
 8000656:	f06f 0085 	mvn.w	r0, #133	@ 0x85
 800065a:	e004      	b.n	8000666 <stm32_gpioport_pm_action+0x2e>
 800065c:	3b02      	subs	r3, #2
 800065e:	b2db      	uxtb	r3, r3
 8000660:	2b01      	cmp	r3, #1
 8000662:	d801      	bhi.n	8000668 <stm32_gpioport_pm_action+0x30>
		break;
	default:
		return -ENOTSUP;
	}

	return 0;
 8000664:	2000      	movs	r0, #0
}
 8000666:	bd08      	pop	{r3, pc}
	switch (action) {
 8000668:	f06f 0085 	mvn.w	r0, #133	@ 0x85
 800066c:	e7fb      	b.n	8000666 <stm32_gpioport_pm_action+0x2e>
	const struct clock_control_driver_api *api =
 800066e:	4b06      	ldr	r3, [pc, #24]	@ (8000688 <stm32_gpioport_pm_action+0x50>)
 8000670:	689b      	ldr	r3, [r3, #8]
	if (api->on == NULL) {
 8000672:	681b      	ldr	r3, [r3, #0]
 8000674:	b113      	cbz	r3, 800067c <stm32_gpioport_pm_action+0x44>
	return api->on(dev, sys);
 8000676:	4804      	ldr	r0, [pc, #16]	@ (8000688 <stm32_gpioport_pm_action+0x50>)
 8000678:	4798      	blx	r3
 800067a:	e7f4      	b.n	8000666 <stm32_gpioport_pm_action+0x2e>
		return -ENOSYS;
 800067c:	f06f 0057 	mvn.w	r0, #87	@ 0x57
 8000680:	e7f1      	b.n	8000666 <stm32_gpioport_pm_action+0x2e>
		return -ENOSYS;
 8000682:	f06f 0057 	mvn.w	r0, #87	@ 0x57
 8000686:	e7ee      	b.n	8000666 <stm32_gpioport_pm_action+0x2e>
 8000688:	08004ad0 	.word	0x08004ad0

0800068c <stm32_gpioport_init>:

__maybe_unused static int stm32_gpioport_init(const struct device *dev)
{
 800068c:	b508      	push	{r3, lr}
	LL_PWR_EnableVddIO2();
#endif
	z_stm32_hsem_unlock(CFG_HW_RCC_SEMID);
#endif

	return pm_device_driver_init(dev, stm32_gpioport_pm_action);
 800068e:	4902      	ldr	r1, [pc, #8]	@ (8000698 <stm32_gpioport_init+0xc>)
 8000690:	f003 f8fa 	bl	8003888 <pm_device_driver_init>
}
 8000694:	bd08      	pop	{r3, pc}
 8000696:	bf00      	nop
 8000698:	08000639 	.word	0x08000639

0800069c <stm32_gpioport_get>:
{
 800069c:	b510      	push	{r4, lr}
	if (port_index >= ARRAY_SIZE(gpio_ports)) {
 800069e:	2819      	cmp	r0, #25
 80006a0:	d808      	bhi.n	80006b4 <stm32_gpioport_get+0x18>
	dev = gpio_ports[port_index];
 80006a2:	4b06      	ldr	r3, [pc, #24]	@ (80006bc <stm32_gpioport_get+0x20>)
 80006a4:	f853 4020 	ldr.w	r4, [r3, r0, lsl #2]
		union { uintptr_t x; const struct device * val; } parm0 = { .val = dev };
		return (bool) arch_syscall_invoke1(parm0.x, K_SYSCALL_DEVICE_IS_READY);
	}
#endif
	compiler_barrier();
	return z_impl_device_is_ready(dev);
 80006a8:	4620      	mov	r0, r4
 80006aa:	f004 f855 	bl	8004758 <z_impl_device_is_ready>
	return device_is_ready(dev) ? dev : NULL;
 80006ae:	b118      	cbz	r0, 80006b8 <stm32_gpioport_get+0x1c>
}
 80006b0:	4620      	mov	r0, r4
 80006b2:	bd10      	pop	{r4, pc}
		return NULL;
 80006b4:	2400      	movs	r4, #0
 80006b6:	e7fb      	b.n	80006b0 <stm32_gpioport_get+0x14>
	return device_is_ready(dev) ? dev : NULL;
 80006b8:	2400      	movs	r4, #0
 80006ba:	e7f9      	b.n	80006b0 <stm32_gpioport_get+0x14>
 80006bc:	0800557c 	.word	0x0800557c

080006c0 <soc_early_init_hook>:
  * @rmtoll FLASH_ACR    PRFTEN        LL_FLASH_EnablePrefetch
  * @retval None
  */
__STATIC_INLINE void LL_FLASH_EnablePrefetch(void)
{
  SET_BIT(FLASH->ACR, FLASH_ACR_PRFTEN);
 80006c0:	4b08      	ldr	r3, [pc, #32]	@ (80006e4 <soc_early_init_hook+0x24>)
 80006c2:	681a      	ldr	r2, [r3, #0]
 80006c4:	f442 7280 	orr.w	r2, r2, #256	@ 0x100
 80006c8:	601a      	str	r2, [r3, #0]
  * @rmtoll FLASH_ACR    ICEN          LL_FLASH_EnableInstCache
  * @retval None
  */
__STATIC_INLINE void LL_FLASH_EnableInstCache(void)
{
  SET_BIT(FLASH->ACR, FLASH_ACR_ICEN);
 80006ca:	681a      	ldr	r2, [r3, #0]
 80006cc:	f442 7200 	orr.w	r2, r2, #512	@ 0x200
 80006d0:	601a      	str	r2, [r3, #0]
  * @rmtoll FLASH_ACR    DCEN          LL_FLASH_EnableDataCache
  * @retval None
  */
__STATIC_INLINE void LL_FLASH_EnableDataCache(void)
{
  SET_BIT(FLASH->ACR, FLASH_ACR_DCEN);
 80006d2:	681a      	ldr	r2, [r3, #0]
 80006d4:	f442 6280 	orr.w	r2, r2, #1024	@ 0x400
 80006d8:	601a      	str	r2, [r3, #0]
	LL_FLASH_EnableInstCache();
	LL_FLASH_EnableDataCache();

	/* Update CMSIS SystemCoreClock variable (HCLK) */
	/* At reset, system core clock is set to 16 MHz from HSI */
	SystemCoreClock = 16000000;
 80006da:	4b03      	ldr	r3, [pc, #12]	@ (80006e8 <soc_early_init_hook+0x28>)
 80006dc:	4a03      	ldr	r2, [pc, #12]	@ (80006ec <soc_early_init_hook+0x2c>)
 80006de:	601a      	str	r2, [r3, #0]
#if CONFIG_PM
	stm32_power_init();
#endif
}
 80006e0:	4770      	bx	lr
 80006e2:	bf00      	nop
 80006e4:	40023c00 	.word	0x40023c00
 80006e8:	2000003c 	.word	0x2000003c
 80006ec:	00f42400 	.word	0x00f42400

080006f0 <mem_attr_get_regions>:
	DT_MEMORY_ATTR_FOREACH_STATUS_OKAY_NODE(_BUILD_MEM_ATTR_REGION)
};

size_t mem_attr_get_regions(const struct mem_attr_region_t **region)
{
	*region = mem_attr_region;
 80006f0:	4b01      	ldr	r3, [pc, #4]	@ (80006f8 <mem_attr_get_regions+0x8>)
 80006f2:	6003      	str	r3, [r0, #0]

	return ARRAY_SIZE(mem_attr_region);
}
 80006f4:	2000      	movs	r0, #0
 80006f6:	4770      	bx	lr
 80006f8:	080055e4 	.word	0x080055e4

080006fc <arch_bss_zero>:
 *
 * This routine clears the BSS region, so all bytes are 0.
 */
__boot_func
void arch_bss_zero(void)
{
 80006fc:	b508      	push	{r3, lr}
	if (IS_ENABLED(CONFIG_SKIP_BSS_CLEAR)) {
		return;
	}

	arch_early_memset(__bss_start, 0, __bss_end - __bss_start);
 80006fe:	4803      	ldr	r0, [pc, #12]	@ (800070c <arch_bss_zero+0x10>)
 8000700:	4a03      	ldr	r2, [pc, #12]	@ (8000710 <arch_bss_zero+0x14>)
 8000702:	1a12      	subs	r2, r2, r0
 8000704:	2100      	movs	r1, #0
 8000706:	f003 f9a0 	bl	8003a4a <arch_early_memset>
#endif /* CONFIG_COVERAGE_GCOV */
#ifdef CONFIG_NOCACHE_MEMORY
	arch_early_memset(&_nocache_ram_start, 0,
			(uintptr_t) &_nocache_ram_end - (uintptr_t) &_nocache_ram_start);
#endif
}
 800070a:	bd08      	pop	{r3, pc}
 800070c:	20000068 	.word	0x20000068
 8000710:	20000408 	.word	0x20000408

08000714 <arch_data_copy>:
 * @brief Copy the data section from ROM to RAM
 *
 * This routine copies the data section from ROM to RAM.
 */
void arch_data_copy(void)
{
 8000714:	b508      	push	{r3, lr}
	arch_early_memcpy(&__data_region_start, &__data_region_load_start,
		       __data_region_end - __data_region_start);
 8000716:	4806      	ldr	r0, [pc, #24]	@ (8000730 <arch_data_copy+0x1c>)
	arch_early_memcpy(&__data_region_start, &__data_region_load_start,
 8000718:	4a06      	ldr	r2, [pc, #24]	@ (8000734 <arch_data_copy+0x20>)
 800071a:	1a12      	subs	r2, r2, r0
 800071c:	4906      	ldr	r1, [pc, #24]	@ (8000738 <arch_data_copy+0x24>)
 800071e:	f003 f998 	bl	8003a52 <arch_early_memcpy>
#ifdef CONFIG_ARCH_HAS_RAMFUNC_SUPPORT
	arch_early_memcpy(&__ramfunc_region_start, &__ramfunc_load_start,
		       __ramfunc_end - __ramfunc_region_start);
 8000722:	4806      	ldr	r0, [pc, #24]	@ (800073c <arch_data_copy+0x28>)
	arch_early_memcpy(&__ramfunc_region_start, &__ramfunc_load_start,
 8000724:	4a06      	ldr	r2, [pc, #24]	@ (8000740 <arch_data_copy+0x2c>)
 8000726:	1a12      	subs	r2, r2, r0
 8000728:	4906      	ldr	r1, [pc, #24]	@ (8000744 <arch_data_copy+0x30>)
 800072a:	f003 f992 	bl	8003a52 <arch_early_memcpy>
#else
	arch_early_memcpy(&_app_smem_start, &_app_smem_rom_start,
		       _app_smem_end - _app_smem_start);
#endif /* CONFIG_REQUIRES_STACK_CANARIES */
#endif /* CONFIG_USERSPACE */
}
 800072e:	bd08      	pop	{r3, pc}
 8000730:	20000000 	.word	0x20000000
 8000734:	20000068 	.word	0x20000068
 8000738:	080056fc 	.word	0x080056fc
 800073c:	20000000 	.word	0x20000000
 8000740:	20000000 	.word	0x20000000
 8000744:	080056fc 	.word	0x080056fc

08000748 <esf_dump>:

extern void z_arm_unwind_stack(const struct arch_esf *esf);

#ifdef CONFIG_EXCEPTION_DEBUG
static void esf_dump(const struct arch_esf *esf)
{
 8000748:	b510      	push	{r4, lr}
 800074a:	4604      	mov	r4, r0
	EXCEPTION_DUMP("r0/a1:  0x%08x  r1/a2:  0x%08x  r2/a3:  0x%08x",
 800074c:	6883      	ldr	r3, [r0, #8]
 800074e:	6842      	ldr	r2, [r0, #4]
 8000750:	6801      	ldr	r1, [r0, #0]
 8000752:	4809      	ldr	r0, [pc, #36]	@ (8000778 <esf_dump+0x30>)
 8000754:	f003 f889 	bl	800386a <printk>
		esf->basic.a1, esf->basic.a2, esf->basic.a3);
	EXCEPTION_DUMP("r3/a4:  0x%08x r12/ip:  0x%08x r14/lr:  0x%08x",
 8000758:	6963      	ldr	r3, [r4, #20]
 800075a:	6922      	ldr	r2, [r4, #16]
 800075c:	68e1      	ldr	r1, [r4, #12]
 800075e:	4807      	ldr	r0, [pc, #28]	@ (800077c <esf_dump+0x34>)
 8000760:	f003 f883 	bl	800386a <printk>
		esf->basic.a4, esf->basic.ip, esf->basic.lr);
	EXCEPTION_DUMP(" xpsr:  0x%08x", esf->basic.xpsr);
 8000764:	69e1      	ldr	r1, [r4, #28]
 8000766:	4806      	ldr	r0, [pc, #24]	@ (8000780 <esf_dump+0x38>)
 8000768:	f003 f87f 	bl	800386a <printk>
	}

	EXCEPTION_DUMP("EXC_RETURN: 0x%0x", esf->extra_info.exc_return);

#endif /* CONFIG_EXTRA_EXCEPTION_INFO */
	EXCEPTION_DUMP("Faulting instruction address (r15/pc): 0x%08x",
 800076c:	69a1      	ldr	r1, [r4, #24]
 800076e:	4805      	ldr	r0, [pc, #20]	@ (8000784 <esf_dump+0x3c>)
 8000770:	f003 f87b 	bl	800386a <printk>
		esf->basic.pc);
}
 8000774:	bd10      	pop	{r4, pc}
 8000776:	bf00      	nop
 8000778:	08004fec 	.word	0x08004fec
 800077c:	0800501c 	.word	0x0800501c
 8000780:	0800504c 	.word	0x0800504c
 8000784:	0800505c 	.word	0x0800505c

08000788 <z_arm_fatal_error>:
#endif /* CONFIG_EXCEPTION_DEBUG */

void z_arm_fatal_error(unsigned int reason, const struct arch_esf *esf)
{
 8000788:	b538      	push	{r3, r4, r5, lr}
 800078a:	4604      	mov	r4, r0
#ifdef CONFIG_EXCEPTION_DEBUG
	if (esf != NULL) {
 800078c:	460d      	mov	r5, r1
 800078e:	b111      	cbz	r1, 8000796 <z_arm_fatal_error+0xe>
		esf_dump(esf);
 8000790:	4608      	mov	r0, r1
 8000792:	f7ff ffd9 	bl	8000748 <esf_dump>
	}
#endif /* CONFIG_EXCEPTION_DEBUG */

	/* LOG the IRQn that was unhandled */
#if defined(CONFIG_CPU_CORTEX_M)
	if (reason == K_ERR_SPURIOUS_IRQ) {
 8000796:	2c01      	cmp	r4, #1
 8000798:	d004      	beq.n	80007a4 <z_arm_fatal_error+0x1c>

#ifdef CONFIG_EXCEPTION_STACK_TRACE
	z_arm_unwind_stack(esf);
#endif /* CONFIG_EXCEPTION_STACK_TRACE */

	z_fatal_error(reason, esf);
 800079a:	4629      	mov	r1, r5
 800079c:	4620      	mov	r0, r4
 800079e:	f001 fb89 	bl	8001eb4 <z_fatal_error>
}
 80007a2:	bd38      	pop	{r3, r4, r5, pc}
 */
__STATIC_FORCEINLINE uint32_t __get_IPSR(void)
{
  uint32_t result;

  __ASM volatile ("MRS %0, ipsr" : "=r" (result) );
 80007a4:	f3ef 8105 	mrs	r1, IPSR
		EXCEPTION_DUMP("Unhandled IRQn: %d", irqn);
 80007a8:	3910      	subs	r1, #16
 80007aa:	4802      	ldr	r0, [pc, #8]	@ (80007b4 <z_arm_fatal_error+0x2c>)
 80007ac:	f003 f85d 	bl	800386a <printk>
 80007b0:	e7f3      	b.n	800079a <z_arm_fatal_error+0x12>
 80007b2:	bf00      	nop
 80007b4:	0800508c 	.word	0x0800508c

080007b8 <z_SysNmiOnReset>:
_ASM_FILE_PROLOGUE

GTEXT(z_SysNmiOnReset)

SECTION_FUNC(TEXT, z_SysNmiOnReset)
    wfi
 80007b8:	bf30      	wfi
    b z_SysNmiOnReset
 80007ba:	f7ff bffd 	b.w	80007b8 <z_SysNmiOnReset>
 80007be:	bf00      	nop

080007c0 <z_tls_copy>:
 * of TLS bss size after the data section.
 *
 * @param dest Pointer to destination
 */
static inline void z_tls_copy(char *dest)
{
 80007c0:	b538      	push	{r3, r4, r5, lr}
 80007c2:	4604      	mov	r4, r0
	/* Copy initialized data (tdata) */
	memcpy(dest, __tdata_start, (size_t)(uintptr_t)__tdata_size);
 80007c4:	4d05      	ldr	r5, [pc, #20]	@ (80007dc <z_tls_copy+0x1c>)
 80007c6:	462a      	mov	r2, r5
 80007c8:	4905      	ldr	r1, [pc, #20]	@ (80007e0 <z_tls_copy+0x20>)
 80007ca:	f7ff fccd 	bl	8000168 <__aeabi_memcpy>

	/* Clear BSS data (tbss) */
	dest += (size_t)(uintptr_t)__tdata_size;
	memset(dest, 0, (size_t)(uintptr_t)__tbss_size);
 80007ce:	4a05      	ldr	r2, [pc, #20]	@ (80007e4 <z_tls_copy+0x24>)
 80007d0:	2100      	movs	r1, #0
 80007d2:	1960      	adds	r0, r4, r5
 80007d4:	f002 f9ce 	bl	8002b74 <memset>
}
 80007d8:	bd38      	pop	{r3, r4, r5, pc}
 80007da:	bf00      	nop
 80007dc:	00000000 	.word	0x00000000
 80007e0:	08004f34 	.word	0x08004f34
 80007e4:	00000004 	.word	0x00000004

080007e8 <arch_tls_stack_setup>:
 */
K_APP_DMEM(z_libc_partition) uintptr_t z_arm_tls_ptr;
#endif

size_t arch_tls_stack_setup(struct k_thread *new_thread, char *stack_ptr)
{
 80007e8:	b570      	push	{r4, r5, r6, lr}
 80007ea:	4606      	mov	r6, r0
	return (size_t)(uintptr_t)__tdata_size +
 80007ec:	4d06      	ldr	r5, [pc, #24]	@ (8000808 <arch_tls_stack_setup+0x20>)
 80007ee:	4b07      	ldr	r3, [pc, #28]	@ (800080c <arch_tls_stack_setup+0x24>)
 80007f0:	441d      	add	r5, r3

	/*
	 * Since we are populating things backwards,
	 * setup the TLS data/bss area first.
	 */
	stack_ptr -= z_tls_data_size();
 80007f2:	1b4c      	subs	r4, r1, r5
	z_tls_copy(stack_ptr);
 80007f4:	4620      	mov	r0, r4
 80007f6:	f7ff ffe3 	bl	80007c0 <z_tls_copy>

#ifndef __IAR_SYSTEMS_ICC__
	/* Skip two pointers due to toolchain */
	stack_ptr -= sizeof(uintptr_t) * 2;
 80007fa:	3c08      	subs	r4, #8

	/*
	 * Set thread TLS pointer which is used in
	 * context switch to point to TLS area.
	 */
	new_thread->tls = POINTER_TO_UINT(stack_ptr);
 80007fc:	f8c6 40a4 	str.w	r4, [r6, #164]	@ 0xa4

	return (z_tls_data_size() + (sizeof(uintptr_t) * 2));
}
 8000800:	f105 0008 	add.w	r0, r5, #8
 8000804:	bd70      	pop	{r4, r5, r6, pc}
 8000806:	bf00      	nop
 8000808:	00000000 	.word	0x00000000
 800080c:	00000004 	.word	0x00000004

08000810 <z_arm_is_synchronous_svc>:
#error Unknown ARM architecture
#endif /* CONFIG_ARMV6_M_ARMV8_M_BASELINE */

static inline bool z_arm_is_synchronous_svc(struct arch_esf *esf)
{
	uint16_t *ret_addr = (uint16_t *)esf->basic.pc;
 8000810:	6981      	ldr	r1, [r0, #24]
	/* Note: ARMv6-M does not support CCR.BFHFNMIGN so this access
	 * could generate a fault if the pc was invalid.
	 */
	uint16_t fault_insn = *(ret_addr - 1);
#else
	SCB->CCR |= SCB_CCR_BFHFNMIGN_Msk;
 8000812:	4b10      	ldr	r3, [pc, #64]	@ (8000854 <z_arm_is_synchronous_svc+0x44>)
 8000814:	695a      	ldr	r2, [r3, #20]
 8000816:	f442 7280 	orr.w	r2, r2, #256	@ 0x100
 800081a:	615a      	str	r2, [r3, #20]
  \details Acts as a special kind of Data Memory Barrier.
           It completes when all explicit memory accesses before this instruction complete.
 */
__STATIC_FORCEINLINE void __DSB(void)
{
  __ASM volatile ("dsb 0xF":::"memory");
 800081c:	f3bf 8f4f 	dsb	sy
  __ASM volatile ("isb 0xF":::"memory");
 8000820:	f3bf 8f6f 	isb	sy
	barrier_dsync_fence_full();
	barrier_isync_fence_full();

	uint16_t fault_insn = *(ret_addr - 1);
 8000824:	f831 1c02 	ldrh.w	r1, [r1, #-2]

	SCB->CCR &= ~SCB_CCR_BFHFNMIGN_Msk;
 8000828:	695a      	ldr	r2, [r3, #20]
 800082a:	f422 7280 	bic.w	r2, r2, #256	@ 0x100
 800082e:	615a      	str	r2, [r3, #20]
  __ASM volatile ("dsb 0xF":::"memory");
 8000830:	f3bf 8f4f 	dsb	sy
  __ASM volatile ("isb 0xF":::"memory");
 8000834:	f3bf 8f6f 	isb	sy
	barrier_dsync_fence_full();
	barrier_isync_fence_full();
#endif /* ARMV6_M_ARMV8_M_BASELINE && !ARMV8_M_BASELINE */

	if (((fault_insn & 0xff00) == _SVC_OPCODE) &&
 8000838:	f401 437f 	and.w	r3, r1, #65280	@ 0xff00
 800083c:	f5b3 4f5f 	cmp.w	r3, #57088	@ 0xdf00
 8000840:	d001      	beq.n	8000846 <z_arm_is_synchronous_svc+0x36>
	    ((fault_insn & 0x00ff) == _SVC_CALL_RUNTIME_EXCEPT)) {
		return true;
	}
#undef _SVC_OPCODE
	return false;
 8000842:	2000      	movs	r0, #0
 8000844:	4770      	bx	lr
	if (((fault_insn & 0xff00) == _SVC_OPCODE) &&
 8000846:	b2c9      	uxtb	r1, r1
 8000848:	2902      	cmp	r1, #2
 800084a:	d001      	beq.n	8000850 <z_arm_is_synchronous_svc+0x40>
	return false;
 800084c:	2000      	movs	r0, #0
 800084e:	4770      	bx	lr
		return true;
 8000850:	2001      	movs	r0, #1
}
 8000852:	4770      	bx	lr
 8000854:	e000ed00 	.word	0xe000ed00

08000858 <get_esf>:
				       bool *nested_exc)
{
	bool alternative_state_exc = false;
	struct arch_esf *ptr_esf = NULL;

	*nested_exc = false;
 8000858:	f04f 0c00 	mov.w	ip, #0
 800085c:	f883 c000 	strb.w	ip, [r3]

	if ((exc_return & EXC_RETURN_INDICATOR_PREFIX) != EXC_RETURN_INDICATOR_PREFIX) {
 8000860:	f002 4c7f 	and.w	ip, r2, #4278190080	@ 0xff000000
 8000864:	f1bc 4f7f 	cmp.w	ip, #4278190080	@ 0xff000000
 8000868:	d112      	bne.n	8000890 <get_esf+0x38>
	}
#else
	/* The processor has a single execution state.
	 * We verify that the Thread mode is using PSP.
	 */
	if ((exc_return & EXC_RETURN_MODE_THREAD) && (!(exc_return & EXC_RETURN_SPSEL_PROCESS))) {
 800086a:	f002 0c0c 	and.w	ip, r2, #12
 800086e:	f1bc 0f08 	cmp.w	ip, #8
 8000872:	d004      	beq.n	800087e <get_esf+0x26>
		return NULL;
	}
#endif /* CONFIG_ARM_SECURE_FIRMWARE */

	if (!alternative_state_exc) {
		if (exc_return & EXC_RETURN_MODE_THREAD) {
 8000874:	f012 0f08 	tst.w	r2, #8
 8000878:	d007      	beq.n	800088a <get_esf+0x32>
			/* Returning to thread mode */
			ptr_esf = (struct arch_esf *)psp;
 800087a:	4608      	mov	r0, r1
 800087c:	4770      	bx	lr
{
 800087e:	b508      	push	{r3, lr}
		PR_EXC("SPSEL in thread mode does not indicate PSP");
 8000880:	4804      	ldr	r0, [pc, #16]	@ (8000894 <get_esf+0x3c>)
 8000882:	f002 fff2 	bl	800386a <printk>
		return NULL;
 8000886:	2000      	movs	r0, #0
			*nested_exc = true;
		}
	}

	return ptr_esf;
}
 8000888:	bd08      	pop	{r3, pc}
			*nested_exc = true;
 800088a:	2201      	movs	r2, #1
 800088c:	701a      	strb	r2, [r3, #0]
 800088e:	4770      	bx	lr
		return NULL;
 8000890:	2000      	movs	r0, #0
}
 8000892:	4770      	bx	lr
 8000894:	080050a0 	.word	0x080050a0

08000898 <bus_fault>:
{
 8000898:	b5f8      	push	{r3, r4, r5, r6, r7, lr}
 800089a:	4605      	mov	r5, r0
 800089c:	460f      	mov	r7, r1
 800089e:	4614      	mov	r4, r2
	PR_FAULT_INFO("***** BUS FAULT *****");
 80008a0:	482f      	ldr	r0, [pc, #188]	@ (8000960 <bus_fault+0xc8>)
 80008a2:	f002 ffe2 	bl	800386a <printk>
	if (SCB->CFSR & SCB_CFSR_STKERR_Msk) {
 80008a6:	4b2f      	ldr	r3, [pc, #188]	@ (8000964 <bus_fault+0xcc>)
 80008a8:	6a9b      	ldr	r3, [r3, #40]	@ 0x28
 80008aa:	f413 5f80 	tst.w	r3, #4096	@ 0x1000
 80008ae:	d125      	bne.n	80008fc <bus_fault+0x64>
	uint32_t reason = K_ERR_ARM_BUS_GENERIC;
 80008b0:	2616      	movs	r6, #22
	if (SCB->CFSR & SCB_CFSR_UNSTKERR_Msk) {
 80008b2:	4b2c      	ldr	r3, [pc, #176]	@ (8000964 <bus_fault+0xcc>)
 80008b4:	6a9b      	ldr	r3, [r3, #40]	@ 0x28
 80008b6:	f413 6f00 	tst.w	r3, #2048	@ 0x800
 80008ba:	d124      	bne.n	8000906 <bus_fault+0x6e>
	if (SCB->CFSR & SCB_CFSR_PRECISERR_Msk) {
 80008bc:	4b29      	ldr	r3, [pc, #164]	@ (8000964 <bus_fault+0xcc>)
 80008be:	6a9b      	ldr	r3, [r3, #40]	@ 0x28
 80008c0:	f413 7f00 	tst.w	r3, #512	@ 0x200
 80008c4:	d124      	bne.n	8000910 <bus_fault+0x78>
	if (SCB->CFSR & SCB_CFSR_IMPRECISERR_Msk) {
 80008c6:	4b27      	ldr	r3, [pc, #156]	@ (8000964 <bus_fault+0xcc>)
 80008c8:	6a9b      	ldr	r3, [r3, #40]	@ 0x28
 80008ca:	f413 6f80 	tst.w	r3, #1024	@ 0x400
 80008ce:	d137      	bne.n	8000940 <bus_fault+0xa8>
	if ((SCB->CFSR & SCB_CFSR_IBUSERR_Msk) != 0) {
 80008d0:	4b24      	ldr	r3, [pc, #144]	@ (8000964 <bus_fault+0xcc>)
 80008d2:	6a9b      	ldr	r3, [r3, #40]	@ 0x28
 80008d4:	f413 7f80 	tst.w	r3, #256	@ 0x100
 80008d8:	d137      	bne.n	800094a <bus_fault+0xb2>
	} else if (SCB->CFSR & SCB_CFSR_LSPERR_Msk) {
 80008da:	4b22      	ldr	r3, [pc, #136]	@ (8000964 <bus_fault+0xcc>)
 80008dc:	6a9b      	ldr	r3, [r3, #40]	@ 0x28
 80008de:	f413 5f00 	tst.w	r3, #8192	@ 0x2000
 80008e2:	d137      	bne.n	8000954 <bus_fault+0xbc>
	SCB->CFSR |= SCB_CFSR_BUSFAULTSR_Msk;
 80008e4:	4a1f      	ldr	r2, [pc, #124]	@ (8000964 <bus_fault+0xcc>)
 80008e6:	6a93      	ldr	r3, [r2, #40]	@ 0x28
 80008e8:	f443 437f 	orr.w	r3, r3, #65280	@ 0xff00
 80008ec:	6293      	str	r3, [r2, #40]	@ 0x28
	*recoverable = memory_fault_recoverable(esf, true);
 80008ee:	2101      	movs	r1, #1
 80008f0:	4628      	mov	r0, r5
 80008f2:	f003 f8be 	bl	8003a72 <memory_fault_recoverable>
 80008f6:	7020      	strb	r0, [r4, #0]
}
 80008f8:	4630      	mov	r0, r6
 80008fa:	bdf8      	pop	{r3, r4, r5, r6, r7, pc}
		PR_FAULT_INFO("  Stacking error");
 80008fc:	481a      	ldr	r0, [pc, #104]	@ (8000968 <bus_fault+0xd0>)
 80008fe:	f002 ffb4 	bl	800386a <printk>
		reason = K_ERR_ARM_BUS_STACKING;
 8000902:	2617      	movs	r6, #23
 8000904:	e7d5      	b.n	80008b2 <bus_fault+0x1a>
		PR_FAULT_INFO("  Unstacking error");
 8000906:	4819      	ldr	r0, [pc, #100]	@ (800096c <bus_fault+0xd4>)
 8000908:	f002 ffaf 	bl	800386a <printk>
		reason = K_ERR_ARM_BUS_UNSTACKING;
 800090c:	2618      	movs	r6, #24
 800090e:	e7d5      	b.n	80008bc <bus_fault+0x24>
		PR_FAULT_INFO("  Precise data bus error");
 8000910:	4817      	ldr	r0, [pc, #92]	@ (8000970 <bus_fault+0xd8>)
 8000912:	f002 ffaa 	bl	800386a <printk>
		STORE_xFAR(bfar, SCB->BFAR);
 8000916:	4b13      	ldr	r3, [pc, #76]	@ (8000964 <bus_fault+0xcc>)
 8000918:	6b99      	ldr	r1, [r3, #56]	@ 0x38
		if ((SCB->CFSR & SCB_CFSR_BFARVALID_Msk) != 0) {
 800091a:	6a9b      	ldr	r3, [r3, #40]	@ 0x28
 800091c:	f413 4f00 	tst.w	r3, #32768	@ 0x8000
 8000920:	d101      	bne.n	8000926 <bus_fault+0x8e>
		reason = K_ERR_ARM_BUS_PRECISE_DATA_BUS;
 8000922:	2619      	movs	r6, #25
 8000924:	e7cf      	b.n	80008c6 <bus_fault+0x2e>
			PR_EXC("  BFAR Address: 0x%x", bfar);
 8000926:	4813      	ldr	r0, [pc, #76]	@ (8000974 <bus_fault+0xdc>)
 8000928:	f002 ff9f 	bl	800386a <printk>
			if (from_hard_fault != 0) {
 800092c:	b137      	cbz	r7, 800093c <bus_fault+0xa4>
				SCB->CFSR &= ~SCB_CFSR_BFARVALID_Msk;
 800092e:	4a0d      	ldr	r2, [pc, #52]	@ (8000964 <bus_fault+0xcc>)
 8000930:	6a93      	ldr	r3, [r2, #40]	@ 0x28
 8000932:	f423 4300 	bic.w	r3, r3, #32768	@ 0x8000
 8000936:	6293      	str	r3, [r2, #40]	@ 0x28
		reason = K_ERR_ARM_BUS_PRECISE_DATA_BUS;
 8000938:	2619      	movs	r6, #25
 800093a:	e7c4      	b.n	80008c6 <bus_fault+0x2e>
 800093c:	2619      	movs	r6, #25
 800093e:	e7c2      	b.n	80008c6 <bus_fault+0x2e>
		PR_FAULT_INFO("  Imprecise data bus error");
 8000940:	480d      	ldr	r0, [pc, #52]	@ (8000978 <bus_fault+0xe0>)
 8000942:	f002 ff92 	bl	800386a <printk>
		reason = K_ERR_ARM_BUS_IMPRECISE_DATA_BUS;
 8000946:	261a      	movs	r6, #26
 8000948:	e7c2      	b.n	80008d0 <bus_fault+0x38>
		PR_FAULT_INFO("  Instruction bus error");
 800094a:	480c      	ldr	r0, [pc, #48]	@ (800097c <bus_fault+0xe4>)
 800094c:	f002 ff8d 	bl	800386a <printk>
		reason = K_ERR_ARM_BUS_INSTRUCTION_BUS;
 8000950:	261b      	movs	r6, #27
 8000952:	e7c7      	b.n	80008e4 <bus_fault+0x4c>
		PR_FAULT_INFO("  Floating-point lazy state preservation error");
 8000954:	480a      	ldr	r0, [pc, #40]	@ (8000980 <bus_fault+0xe8>)
 8000956:	f002 ff88 	bl	800386a <printk>
		reason = K_ERR_ARM_BUS_FP_LAZY_STATE_PRESERVATION;
 800095a:	261c      	movs	r6, #28
 800095c:	e7c2      	b.n	80008e4 <bus_fault+0x4c>
 800095e:	bf00      	nop
 8000960:	080050cc 	.word	0x080050cc
 8000964:	e000ed00 	.word	0xe000ed00
 8000968:	080050e4 	.word	0x080050e4
 800096c:	080050f8 	.word	0x080050f8
 8000970:	0800510c 	.word	0x0800510c
 8000974:	08005128 	.word	0x08005128
 8000978:	08005140 	.word	0x08005140
 800097c:	0800515c 	.word	0x0800515c
 8000980:	08005178 	.word	0x08005178

08000984 <usage_fault>:
{
 8000984:	b508      	push	{r3, lr}
	PR_FAULT_INFO("***** USAGE FAULT *****");
 8000986:	4824      	ldr	r0, [pc, #144]	@ (8000a18 <usage_fault+0x94>)
 8000988:	f002 ff6f 	bl	800386a <printk>
	if ((SCB->CFSR & SCB_CFSR_DIVBYZERO_Msk) != 0) {
 800098c:	4b23      	ldr	r3, [pc, #140]	@ (8000a1c <usage_fault+0x98>)
 800098e:	6a9b      	ldr	r3, [r3, #40]	@ 0x28
 8000990:	f013 7f00 	tst.w	r3, #33554432	@ 0x2000000
 8000994:	d121      	bne.n	80009da <usage_fault+0x56>
	uint32_t reason = K_ERR_ARM_USAGE_GENERIC;
 8000996:	201d      	movs	r0, #29
	if ((SCB->CFSR & SCB_CFSR_UNALIGNED_Msk) != 0) {
 8000998:	4b20      	ldr	r3, [pc, #128]	@ (8000a1c <usage_fault+0x98>)
 800099a:	6a9b      	ldr	r3, [r3, #40]	@ 0x28
 800099c:	f013 7f80 	tst.w	r3, #16777216	@ 0x1000000
 80009a0:	d120      	bne.n	80009e4 <usage_fault+0x60>
	if ((SCB->CFSR & SCB_CFSR_NOCP_Msk) != 0) {
 80009a2:	4b1e      	ldr	r3, [pc, #120]	@ (8000a1c <usage_fault+0x98>)
 80009a4:	6a9b      	ldr	r3, [r3, #40]	@ 0x28
 80009a6:	f413 2f00 	tst.w	r3, #524288	@ 0x80000
 80009aa:	d120      	bne.n	80009ee <usage_fault+0x6a>
	if ((SCB->CFSR & SCB_CFSR_INVPC_Msk) != 0) {
 80009ac:	4b1b      	ldr	r3, [pc, #108]	@ (8000a1c <usage_fault+0x98>)
 80009ae:	6a9b      	ldr	r3, [r3, #40]	@ 0x28
 80009b0:	f413 2f80 	tst.w	r3, #262144	@ 0x40000
 80009b4:	d120      	bne.n	80009f8 <usage_fault+0x74>
	if ((SCB->CFSR & SCB_CFSR_INVSTATE_Msk) != 0) {
 80009b6:	4b19      	ldr	r3, [pc, #100]	@ (8000a1c <usage_fault+0x98>)
 80009b8:	6a9b      	ldr	r3, [r3, #40]	@ 0x28
 80009ba:	f413 3f00 	tst.w	r3, #131072	@ 0x20000
 80009be:	d120      	bne.n	8000a02 <usage_fault+0x7e>
	if ((SCB->CFSR & SCB_CFSR_UNDEFINSTR_Msk) != 0) {
 80009c0:	4b16      	ldr	r3, [pc, #88]	@ (8000a1c <usage_fault+0x98>)
 80009c2:	6a9b      	ldr	r3, [r3, #40]	@ 0x28
 80009c4:	f413 3f80 	tst.w	r3, #65536	@ 0x10000
 80009c8:	d120      	bne.n	8000a0c <usage_fault+0x88>
	SCB->CFSR |= SCB_CFSR_USGFAULTSR_Msk;
 80009ca:	4a14      	ldr	r2, [pc, #80]	@ (8000a1c <usage_fault+0x98>)
 80009cc:	6a93      	ldr	r3, [r2, #40]	@ 0x28
 80009ce:	ea6f 4303 	mvn.w	r3, r3, lsl #16
 80009d2:	ea6f 4313 	mvn.w	r3, r3, lsr #16
 80009d6:	6293      	str	r3, [r2, #40]	@ 0x28
}
 80009d8:	bd08      	pop	{r3, pc}
		PR_FAULT_INFO("  Division by zero");
 80009da:	4811      	ldr	r0, [pc, #68]	@ (8000a20 <usage_fault+0x9c>)
 80009dc:	f002 ff45 	bl	800386a <printk>
		reason = K_ERR_ARM_USAGE_DIV_0;
 80009e0:	201e      	movs	r0, #30
 80009e2:	e7d9      	b.n	8000998 <usage_fault+0x14>
		PR_FAULT_INFO("  Unaligned memory access");
 80009e4:	480f      	ldr	r0, [pc, #60]	@ (8000a24 <usage_fault+0xa0>)
 80009e6:	f002 ff40 	bl	800386a <printk>
		reason = K_ERR_ARM_USAGE_UNALIGNED_ACCESS;
 80009ea:	201f      	movs	r0, #31
 80009ec:	e7d9      	b.n	80009a2 <usage_fault+0x1e>
		PR_FAULT_INFO("  No coprocessor instructions");
 80009ee:	480e      	ldr	r0, [pc, #56]	@ (8000a28 <usage_fault+0xa4>)
 80009f0:	f002 ff3b 	bl	800386a <printk>
		reason = K_ERR_ARM_USAGE_NO_COPROCESSOR;
 80009f4:	2021      	movs	r0, #33	@ 0x21
 80009f6:	e7d9      	b.n	80009ac <usage_fault+0x28>
		PR_FAULT_INFO("  Illegal load of EXC_RETURN into PC");
 80009f8:	480c      	ldr	r0, [pc, #48]	@ (8000a2c <usage_fault+0xa8>)
 80009fa:	f002 ff36 	bl	800386a <printk>
		reason = K_ERR_ARM_USAGE_ILLEGAL_EXC_RETURN;
 80009fe:	2022      	movs	r0, #34	@ 0x22
 8000a00:	e7d9      	b.n	80009b6 <usage_fault+0x32>
		PR_FAULT_INFO("  Illegal use of the EPSR");
 8000a02:	480b      	ldr	r0, [pc, #44]	@ (8000a30 <usage_fault+0xac>)
 8000a04:	f002 ff31 	bl	800386a <printk>
		reason = K_ERR_ARM_USAGE_ILLEGAL_EPSR;
 8000a08:	2023      	movs	r0, #35	@ 0x23
 8000a0a:	e7d9      	b.n	80009c0 <usage_fault+0x3c>
		PR_FAULT_INFO("  Attempt to execute undefined instruction");
 8000a0c:	4809      	ldr	r0, [pc, #36]	@ (8000a34 <usage_fault+0xb0>)
 8000a0e:	f002 ff2c 	bl	800386a <printk>
		reason = K_ERR_ARM_USAGE_UNDEFINED_INSTRUCTION;
 8000a12:	2024      	movs	r0, #36	@ 0x24
 8000a14:	e7d9      	b.n	80009ca <usage_fault+0x46>
 8000a16:	bf00      	nop
 8000a18:	080051a8 	.word	0x080051a8
 8000a1c:	e000ed00 	.word	0xe000ed00
 8000a20:	080051c4 	.word	0x080051c4
 8000a24:	080051d8 	.word	0x080051d8
 8000a28:	080051f4 	.word	0x080051f4
 8000a2c:	08005214 	.word	0x08005214
 8000a30:	0800523c 	.word	0x0800523c
 8000a34:	08005258 	.word	0x08005258

08000a38 <debug_monitor>:
{
 8000a38:	b508      	push	{r3, lr}
	*recoverable = false;
 8000a3a:	2300      	movs	r3, #0
 8000a3c:	700b      	strb	r3, [r1, #0]
	PR_FAULT_INFO("***** Debug monitor exception *****");
 8000a3e:	4802      	ldr	r0, [pc, #8]	@ (8000a48 <debug_monitor+0x10>)
 8000a40:	f002 ff13 	bl	800386a <printk>
}
 8000a44:	bd08      	pop	{r3, pc}
 8000a46:	bf00      	nop
 8000a48:	08005284 	.word	0x08005284

08000a4c <reserved_exception>:
{
 8000a4c:	b508      	push	{r3, lr}
 8000a4e:	460a      	mov	r2, r1
	PR_FAULT_INFO("***** %s %d) *****",
 8000a50:	290f      	cmp	r1, #15
 8000a52:	dc05      	bgt.n	8000a60 <reserved_exception+0x14>
 8000a54:	4903      	ldr	r1, [pc, #12]	@ (8000a64 <reserved_exception+0x18>)
 8000a56:	3a10      	subs	r2, #16
 8000a58:	4803      	ldr	r0, [pc, #12]	@ (8000a68 <reserved_exception+0x1c>)
 8000a5a:	f002 ff06 	bl	800386a <printk>
}
 8000a5e:	bd08      	pop	{r3, pc}
	PR_FAULT_INFO("***** %s %d) *****",
 8000a60:	4902      	ldr	r1, [pc, #8]	@ (8000a6c <reserved_exception+0x20>)
 8000a62:	e7f8      	b.n	8000a56 <reserved_exception+0xa>
 8000a64:	080052ac 	.word	0x080052ac
 8000a68:	080052e0 	.word	0x080052e0
 8000a6c:	080052c4 	.word	0x080052c4

08000a70 <mem_manage_fault>:
{
 8000a70:	e92d 41f0 	stmdb	sp!, {r4, r5, r6, r7, r8, lr}
 8000a74:	4604      	mov	r4, r0
 8000a76:	460f      	mov	r7, r1
 8000a78:	4615      	mov	r5, r2
	PR_FAULT_INFO("***** MPU FAULT *****");
 8000a7a:	483f      	ldr	r0, [pc, #252]	@ (8000b78 <mem_manage_fault+0x108>)
 8000a7c:	f002 fef5 	bl	800386a <printk>
	if ((SCB->CFSR & SCB_CFSR_MSTKERR_Msk) != 0) {
 8000a80:	4b3e      	ldr	r3, [pc, #248]	@ (8000b7c <mem_manage_fault+0x10c>)
 8000a82:	6a9b      	ldr	r3, [r3, #40]	@ 0x28
 8000a84:	f013 0f10 	tst.w	r3, #16
 8000a88:	d13c      	bne.n	8000b04 <mem_manage_fault+0x94>
	uint32_t reason = K_ERR_ARM_MEM_GENERIC;
 8000a8a:	2610      	movs	r6, #16
	if ((SCB->CFSR & SCB_CFSR_MUNSTKERR_Msk) != 0) {
 8000a8c:	4b3b      	ldr	r3, [pc, #236]	@ (8000b7c <mem_manage_fault+0x10c>)
 8000a8e:	6a9b      	ldr	r3, [r3, #40]	@ 0x28
 8000a90:	f013 0f08 	tst.w	r3, #8
 8000a94:	d13b      	bne.n	8000b0e <mem_manage_fault+0x9e>
	if ((SCB->CFSR & SCB_CFSR_DACCVIOL_Msk) != 0) {
 8000a96:	4b39      	ldr	r3, [pc, #228]	@ (8000b7c <mem_manage_fault+0x10c>)
 8000a98:	6a9b      	ldr	r3, [r3, #40]	@ 0x28
 8000a9a:	f013 0f02 	tst.w	r3, #2
 8000a9e:	d13b      	bne.n	8000b18 <mem_manage_fault+0xa8>
	uint32_t mmfar = -EINVAL;
 8000aa0:	f06f 0815 	mvn.w	r8, #21
	if ((SCB->CFSR & SCB_CFSR_IACCVIOL_Msk) != 0) {
 8000aa4:	4b35      	ldr	r3, [pc, #212]	@ (8000b7c <mem_manage_fault+0x10c>)
 8000aa6:	6a9b      	ldr	r3, [r3, #40]	@ 0x28
 8000aa8:	f013 0f01 	tst.w	r3, #1
 8000aac:	d150      	bne.n	8000b50 <mem_manage_fault+0xe0>
	if ((SCB->CFSR & SCB_CFSR_MLSPERR_Msk) != 0) {
 8000aae:	4b33      	ldr	r3, [pc, #204]	@ (8000b7c <mem_manage_fault+0x10c>)
 8000ab0:	6a9b      	ldr	r3, [r3, #40]	@ 0x28
 8000ab2:	f013 0f20 	tst.w	r3, #32
 8000ab6:	d150      	bne.n	8000b5a <mem_manage_fault+0xea>
	if ((SCB->CFSR & SCB_CFSR_MSTKERR_Msk) || (SCB->CFSR & SCB_CFSR_DACCVIOL_Msk)) {
 8000ab8:	4b30      	ldr	r3, [pc, #192]	@ (8000b7c <mem_manage_fault+0x10c>)
 8000aba:	6a9b      	ldr	r3, [r3, #40]	@ 0x28
 8000abc:	f013 0f10 	tst.w	r3, #16
 8000ac0:	d104      	bne.n	8000acc <mem_manage_fault+0x5c>
 8000ac2:	4b2e      	ldr	r3, [pc, #184]	@ (8000b7c <mem_manage_fault+0x10c>)
 8000ac4:	6a9b      	ldr	r3, [r3, #40]	@ 0x28
 8000ac6:	f013 0f02 	tst.w	r3, #2
 8000aca:	d004      	beq.n	8000ad6 <mem_manage_fault+0x66>
		if (SCB->ICSR & SCB_ICSR_RETTOBASE_Msk) {
 8000acc:	4b2b      	ldr	r3, [pc, #172]	@ (8000b7c <mem_manage_fault+0x10c>)
 8000ace:	685b      	ldr	r3, [r3, #4]
 8000ad0:	f413 6f00 	tst.w	r3, #2048	@ 0x800
 8000ad4:	d146      	bne.n	8000b64 <mem_manage_fault+0xf4>
	if ((SCB->CFSR & SCB_CFSR_MLSPERR_Msk) != 0) {
 8000ad6:	4b29      	ldr	r3, [pc, #164]	@ (8000b7c <mem_manage_fault+0x10c>)
 8000ad8:	6a9b      	ldr	r3, [r3, #40]	@ 0x28
 8000ada:	f013 0f20 	tst.w	r3, #32
 8000ade:	d004      	beq.n	8000aea <mem_manage_fault+0x7a>
		SCB->SHCSR &= ~SCB_SHCSR_MEMFAULTPENDED_Msk;
 8000ae0:	4a26      	ldr	r2, [pc, #152]	@ (8000b7c <mem_manage_fault+0x10c>)
 8000ae2:	6a53      	ldr	r3, [r2, #36]	@ 0x24
 8000ae4:	f423 5300 	bic.w	r3, r3, #8192	@ 0x2000
 8000ae8:	6253      	str	r3, [r2, #36]	@ 0x24
	SCB->CFSR |= SCB_CFSR_MEMFAULTSR_Msk;
 8000aea:	4a24      	ldr	r2, [pc, #144]	@ (8000b7c <mem_manage_fault+0x10c>)
 8000aec:	6a93      	ldr	r3, [r2, #40]	@ 0x28
 8000aee:	f043 03ff 	orr.w	r3, r3, #255	@ 0xff
 8000af2:	6293      	str	r3, [r2, #40]	@ 0x28
	*recoverable = memory_fault_recoverable(esf, true);
 8000af4:	2101      	movs	r1, #1
 8000af6:	4620      	mov	r0, r4
 8000af8:	f002 ffbb 	bl	8003a72 <memory_fault_recoverable>
 8000afc:	7028      	strb	r0, [r5, #0]
}
 8000afe:	4630      	mov	r0, r6
 8000b00:	e8bd 81f0 	ldmia.w	sp!, {r4, r5, r6, r7, r8, pc}
		PR_FAULT_INFO("  Stacking error (context area might be"
 8000b04:	481e      	ldr	r0, [pc, #120]	@ (8000b80 <mem_manage_fault+0x110>)
 8000b06:	f002 feb0 	bl	800386a <printk>
		reason = K_ERR_ARM_MEM_STACKING;
 8000b0a:	2611      	movs	r6, #17
 8000b0c:	e7be      	b.n	8000a8c <mem_manage_fault+0x1c>
		PR_FAULT_INFO("  Unstacking error");
 8000b0e:	481d      	ldr	r0, [pc, #116]	@ (8000b84 <mem_manage_fault+0x114>)
 8000b10:	f002 feab 	bl	800386a <printk>
		reason = K_ERR_ARM_MEM_UNSTACKING;
 8000b14:	2612      	movs	r6, #18
 8000b16:	e7be      	b.n	8000a96 <mem_manage_fault+0x26>
		PR_FAULT_INFO("  Data Access Violation");
 8000b18:	481b      	ldr	r0, [pc, #108]	@ (8000b88 <mem_manage_fault+0x118>)
 8000b1a:	f002 fea6 	bl	800386a <printk>
		uint32_t temp = SCB->MMFAR;
 8000b1e:	4b17      	ldr	r3, [pc, #92]	@ (8000b7c <mem_manage_fault+0x10c>)
 8000b20:	f8d3 8034 	ldr.w	r8, [r3, #52]	@ 0x34
		if ((SCB->CFSR & SCB_CFSR_MMARVALID_Msk) != 0) {
 8000b24:	6a9b      	ldr	r3, [r3, #40]	@ 0x28
 8000b26:	f013 0f80 	tst.w	r3, #128	@ 0x80
 8000b2a:	d103      	bne.n	8000b34 <mem_manage_fault+0xc4>
	uint32_t mmfar = -EINVAL;
 8000b2c:	f06f 0815 	mvn.w	r8, #21
		reason = K_ERR_ARM_MEM_DATA_ACCESS;
 8000b30:	2613      	movs	r6, #19
 8000b32:	e7b7      	b.n	8000aa4 <mem_manage_fault+0x34>
			PR_EXC("  MMFAR Address: 0x%x", mmfar);
 8000b34:	4641      	mov	r1, r8
 8000b36:	4815      	ldr	r0, [pc, #84]	@ (8000b8c <mem_manage_fault+0x11c>)
 8000b38:	f002 fe97 	bl	800386a <printk>
			if (from_hard_fault != 0) {
 8000b3c:	b137      	cbz	r7, 8000b4c <mem_manage_fault+0xdc>
				SCB->CFSR &= ~SCB_CFSR_MMARVALID_Msk;
 8000b3e:	4a0f      	ldr	r2, [pc, #60]	@ (8000b7c <mem_manage_fault+0x10c>)
 8000b40:	6a93      	ldr	r3, [r2, #40]	@ 0x28
 8000b42:	f023 0380 	bic.w	r3, r3, #128	@ 0x80
 8000b46:	6293      	str	r3, [r2, #40]	@ 0x28
		reason = K_ERR_ARM_MEM_DATA_ACCESS;
 8000b48:	2613      	movs	r6, #19
 8000b4a:	e7ab      	b.n	8000aa4 <mem_manage_fault+0x34>
 8000b4c:	2613      	movs	r6, #19
 8000b4e:	e7a9      	b.n	8000aa4 <mem_manage_fault+0x34>
		PR_FAULT_INFO("  Instruction Access Violation");
 8000b50:	480f      	ldr	r0, [pc, #60]	@ (8000b90 <mem_manage_fault+0x120>)
 8000b52:	f002 fe8a 	bl	800386a <printk>
		reason = K_ERR_ARM_MEM_INSTRUCTION_ACCESS;
 8000b56:	2614      	movs	r6, #20
 8000b58:	e7a9      	b.n	8000aae <mem_manage_fault+0x3e>
		PR_FAULT_INFO("  Floating-point lazy state preservation error");
 8000b5a:	480e      	ldr	r0, [pc, #56]	@ (8000b94 <mem_manage_fault+0x124>)
 8000b5c:	f002 fe85 	bl	800386a <printk>
		reason = K_ERR_ARM_MEM_FP_LAZY_STATE_PRESERVATION;
 8000b60:	2615      	movs	r6, #21
 8000b62:	e7a9      	b.n	8000ab8 <mem_manage_fault+0x48>
				z_check_thread_stack_fail(mmfar, ((uint32_t)&esf[0]));
 8000b64:	4621      	mov	r1, r4
 8000b66:	4640      	mov	r0, r8
 8000b68:	f002 ffbb 	bl	8003ae2 <z_check_thread_stack_fail>
			if (min_stack_ptr) {
 8000b6c:	2800      	cmp	r0, #0
 8000b6e:	d0b2      	beq.n	8000ad6 <mem_manage_fault+0x66>
  \details Assigns the given value to the Process Stack Pointer (PSP).
  \param [in]    topOfProcStack  Process Stack Pointer value to set
 */
__STATIC_FORCEINLINE void __set_PSP(uint32_t topOfProcStack)
{
  __ASM volatile ("MSR psp, %0" : : "r" (topOfProcStack) : );
 8000b70:	f380 8809 	msr	PSP, r0
				reason = K_ERR_STACK_CHK_FAIL;
 8000b74:	2602      	movs	r6, #2
 8000b76:	e7ae      	b.n	8000ad6 <mem_manage_fault+0x66>
 8000b78:	080052f4 	.word	0x080052f4
 8000b7c:	e000ed00 	.word	0xe000ed00
 8000b80:	0800530c 	.word	0x0800530c
 8000b84:	080050f8 	.word	0x080050f8
 8000b88:	08005340 	.word	0x08005340
 8000b8c:	0800535c 	.word	0x0800535c
 8000b90:	08005374 	.word	0x08005374
 8000b94:	08005178 	.word	0x08005178

08000b98 <hard_fault>:
{
 8000b98:	b570      	push	{r4, r5, r6, lr}
 8000b9a:	4606      	mov	r6, r0
 8000b9c:	460d      	mov	r5, r1
	PR_FAULT_INFO("***** HARD FAULT *****");
 8000b9e:	4826      	ldr	r0, [pc, #152]	@ (8000c38 <hard_fault+0xa0>)
 8000ba0:	f002 fe63 	bl	800386a <printk>
	*recoverable = false;
 8000ba4:	2300      	movs	r3, #0
 8000ba6:	702b      	strb	r3, [r5, #0]
	if ((SCB->HFSR & SCB_HFSR_VECTTBL_Msk) != 0) {
 8000ba8:	4b24      	ldr	r3, [pc, #144]	@ (8000c3c <hard_fault+0xa4>)
 8000baa:	6adc      	ldr	r4, [r3, #44]	@ 0x2c
 8000bac:	f014 0402 	ands.w	r4, r4, #2
 8000bb0:	d10a      	bne.n	8000bc8 <hard_fault+0x30>
	} else if ((SCB->HFSR & SCB_HFSR_DEBUGEVT_Msk) != 0) {
 8000bb2:	4b22      	ldr	r3, [pc, #136]	@ (8000c3c <hard_fault+0xa4>)
 8000bb4:	6adb      	ldr	r3, [r3, #44]	@ 0x2c
 8000bb6:	2b00      	cmp	r3, #0
 8000bb8:	db0b      	blt.n	8000bd2 <hard_fault+0x3a>
	} else if ((SCB->HFSR & SCB_HFSR_FORCED_Msk) != 0) {
 8000bba:	4b20      	ldr	r3, [pc, #128]	@ (8000c3c <hard_fault+0xa4>)
 8000bbc:	6adc      	ldr	r4, [r3, #44]	@ 0x2c
 8000bbe:	f014 4480 	ands.w	r4, r4, #1073741824	@ 0x40000000
 8000bc2:	d10a      	bne.n	8000bda <hard_fault+0x42>
}
 8000bc4:	4620      	mov	r0, r4
 8000bc6:	bd70      	pop	{r4, r5, r6, pc}
		PR_EXC("  Bus fault on vector table read");
 8000bc8:	481d      	ldr	r0, [pc, #116]	@ (8000c40 <hard_fault+0xa8>)
 8000bca:	f002 fe4e 	bl	800386a <printk>
	uint32_t reason = K_ERR_CPU_EXCEPTION;
 8000bce:	2400      	movs	r4, #0
 8000bd0:	e7f8      	b.n	8000bc4 <hard_fault+0x2c>
		PR_EXC("  Debug event");
 8000bd2:	481c      	ldr	r0, [pc, #112]	@ (8000c44 <hard_fault+0xac>)
 8000bd4:	f002 fe49 	bl	800386a <printk>
 8000bd8:	e7f4      	b.n	8000bc4 <hard_fault+0x2c>
		PR_EXC("  Fault escalation (see below)");
 8000bda:	481b      	ldr	r0, [pc, #108]	@ (8000c48 <hard_fault+0xb0>)
 8000bdc:	f002 fe45 	bl	800386a <printk>
		if (z_arm_is_synchronous_svc(esf)) {
 8000be0:	4630      	mov	r0, r6
 8000be2:	f7ff fe15 	bl	8000810 <z_arm_is_synchronous_svc>
 8000be6:	b998      	cbnz	r0, 8000c10 <hard_fault+0x78>
		} else if ((SCB->CFSR & SCB_CFSR_MEMFAULTSR_Msk) != 0) {
 8000be8:	4b14      	ldr	r3, [pc, #80]	@ (8000c3c <hard_fault+0xa4>)
 8000bea:	6a9b      	ldr	r3, [r3, #40]	@ 0x28
 8000bec:	f013 0fff 	tst.w	r3, #255	@ 0xff
 8000bf0:	d114      	bne.n	8000c1c <hard_fault+0x84>
		} else if ((SCB->CFSR & SCB_CFSR_BUSFAULTSR_Msk) != 0) {
 8000bf2:	4b12      	ldr	r3, [pc, #72]	@ (8000c3c <hard_fault+0xa4>)
 8000bf4:	6a9c      	ldr	r4, [r3, #40]	@ 0x28
 8000bf6:	f414 447f 	ands.w	r4, r4, #65280	@ 0xff00
 8000bfa:	d116      	bne.n	8000c2a <hard_fault+0x92>
		} else if ((SCB->CFSR & SCB_CFSR_USGFAULTSR_Msk) != 0) {
 8000bfc:	4b0f      	ldr	r3, [pc, #60]	@ (8000c3c <hard_fault+0xa4>)
 8000bfe:	6a9b      	ldr	r3, [r3, #40]	@ 0x28
 8000c00:	f5b3 3f80 	cmp.w	r3, #65536	@ 0x10000
 8000c04:	d3de      	bcc.n	8000bc4 <hard_fault+0x2c>
			reason = usage_fault(esf);
 8000c06:	4630      	mov	r0, r6
 8000c08:	f7ff febc 	bl	8000984 <usage_fault>
 8000c0c:	4604      	mov	r4, r0
	return reason;
 8000c0e:	e7d9      	b.n	8000bc4 <hard_fault+0x2c>
			PR_EXC("ARCH_EXCEPT with reason %x\n", esf->basic.r0);
 8000c10:	6831      	ldr	r1, [r6, #0]
 8000c12:	480e      	ldr	r0, [pc, #56]	@ (8000c4c <hard_fault+0xb4>)
 8000c14:	f002 fe29 	bl	800386a <printk>
			reason = esf->basic.r0;
 8000c18:	6834      	ldr	r4, [r6, #0]
 8000c1a:	e7d3      	b.n	8000bc4 <hard_fault+0x2c>
			reason = mem_manage_fault(esf, 1, recoverable);
 8000c1c:	462a      	mov	r2, r5
 8000c1e:	2101      	movs	r1, #1
 8000c20:	4630      	mov	r0, r6
 8000c22:	f7ff ff25 	bl	8000a70 <mem_manage_fault>
 8000c26:	4604      	mov	r4, r0
 8000c28:	e7cc      	b.n	8000bc4 <hard_fault+0x2c>
			reason = bus_fault(esf, 1, recoverable);
 8000c2a:	462a      	mov	r2, r5
 8000c2c:	2101      	movs	r1, #1
 8000c2e:	4630      	mov	r0, r6
 8000c30:	f7ff fe32 	bl	8000898 <bus_fault>
 8000c34:	4604      	mov	r4, r0
 8000c36:	e7c5      	b.n	8000bc4 <hard_fault+0x2c>
 8000c38:	08005394 	.word	0x08005394
 8000c3c:	e000ed00 	.word	0xe000ed00
 8000c40:	080053ac 	.word	0x080053ac
 8000c44:	080053d0 	.word	0x080053d0
 8000c48:	080053e0 	.word	0x080053e0
 8000c4c:	08005400 	.word	0x08005400

08000c50 <z_arm_fault>:
 * @param exc_return EXC_RETURN value present in LR after exception entry.
 * @param callee_regs Callee-saved registers (R4-R11, PSP)
 *
 */
void z_arm_fault(uint32_t msp, uint32_t psp, uint32_t exc_return, _callee_saved_t *callee_regs)
{
 8000c50:	b530      	push	{r4, r5, lr}
 8000c52:	b08b      	sub	sp, #44	@ 0x2c
	uint32_t reason = K_ERR_CPU_EXCEPTION;
	int fault = SCB->ICSR & SCB_ICSR_VECTACTIVE_Msk;
 8000c54:	4b1e      	ldr	r3, [pc, #120]	@ (8000cd0 <z_arm_fault+0x80>)
 8000c56:	685d      	ldr	r5, [r3, #4]
 8000c58:	f3c5 0508 	ubfx	r5, r5, #0, #9
  \details Assigns the given value to the Base Priority register.
  \param [in]    basePri  Base Priority value to set
 */
__STATIC_FORCEINLINE void __set_BASEPRI(uint32_t basePri)
{
  __ASM volatile ("MSR basepri, %0" : : "r" (basePri) : "memory");
 8000c5c:	2300      	movs	r3, #0
 8000c5e:	f383 8811 	msr	BASEPRI, r3
 8000c62:	f3bf 8f6f 	isb	sy
	arch_irq_unlock(0);

	/* Retrieve the Exception Stack Frame (ESF) to be supplied
	 * as argument to the remainder of the fault handling process.
	 */
	esf = get_esf(msp, psp, exc_return, &nested_exc);
 8000c66:	f10d 0326 	add.w	r3, sp, #38	@ 0x26
 8000c6a:	f7ff fdf5 	bl	8000858 <get_esf>
 8000c6e:	4604      	mov	r4, r0
	__ASSERT(esf != NULL, "ESF could not be retrieved successfully. Shall never occur.");

	z_arm_set_fault_sp(esf, exc_return);

	reason = fault_handle(esf, fault, &recoverable);
 8000c70:	f10d 0227 	add.w	r2, sp, #39	@ 0x27
 8000c74:	4629      	mov	r1, r5
 8000c76:	f002 fefe 	bl	8003a76 <fault_handle>
	if (recoverable) {
 8000c7a:	f89d 3027 	ldrb.w	r3, [sp, #39]	@ 0x27
 8000c7e:	b10b      	cbz	r3, 8000c84 <z_arm_fault+0x34>
	 */
	if ((exc_return & 0xf000000f) == 0xf000000d) {
		arm_m_exc_tail();
	}
#endif
}
 8000c80:	b00b      	add	sp, #44	@ 0x2c
 8000c82:	bd30      	pop	{r4, r5, pc}
 8000c84:	4605      	mov	r5, r0
	memcpy(&esf_copy, esf, sizeof(struct arch_esf));
 8000c86:	f10d 0c04 	add.w	ip, sp, #4
 8000c8a:	6820      	ldr	r0, [r4, #0]
 8000c8c:	6861      	ldr	r1, [r4, #4]
 8000c8e:	68a2      	ldr	r2, [r4, #8]
 8000c90:	68e3      	ldr	r3, [r4, #12]
 8000c92:	e8ac 000f 	stmia.w	ip!, {r0, r1, r2, r3}
 8000c96:	6920      	ldr	r0, [r4, #16]
 8000c98:	6961      	ldr	r1, [r4, #20]
 8000c9a:	69a2      	ldr	r2, [r4, #24]
 8000c9c:	69e3      	ldr	r3, [r4, #28]
 8000c9e:	e8ac 000f 	stmia.w	ip!, {r0, r1, r2, r3}
	if (nested_exc) {
 8000ca2:	f89d 3026 	ldrb.w	r3, [sp, #38]	@ 0x26
 8000ca6:	b14b      	cbz	r3, 8000cbc <z_arm_fault+0x6c>
		if ((esf_copy.basic.xpsr & IPSR_ISR_Msk) == 0) {
 8000ca8:	9b08      	ldr	r3, [sp, #32]
 8000caa:	f3c3 0208 	ubfx	r2, r3, #0, #9
 8000cae:	b94a      	cbnz	r2, 8000cc4 <z_arm_fault+0x74>
			esf_copy.basic.xpsr |= IPSR_ISR_Msk;
 8000cb0:	ea6f 2353 	mvn.w	r3, r3, lsr #9
 8000cb4:	ea6f 2343 	mvn.w	r3, r3, lsl #9
 8000cb8:	9308      	str	r3, [sp, #32]
 8000cba:	e003      	b.n	8000cc4 <z_arm_fault+0x74>
		esf_copy.basic.xpsr &= ~(IPSR_ISR_Msk);
 8000cbc:	9b08      	ldr	r3, [sp, #32]
 8000cbe:	f36f 0308 	bfc	r3, #0, #9
 8000cc2:	9308      	str	r3, [sp, #32]
	z_arm_fatal_error(reason, &esf_copy);
 8000cc4:	a901      	add	r1, sp, #4
 8000cc6:	4628      	mov	r0, r5
 8000cc8:	f7ff fd5e 	bl	8000788 <z_arm_fatal_error>
 8000ccc:	e7d8      	b.n	8000c80 <z_arm_fault+0x30>
 8000cce:	bf00      	nop
 8000cd0:	e000ed00 	.word	0xe000ed00

08000cd4 <z_arm_fault_init>:
 */
void z_arm_fault_init(void)
{
#if defined(CONFIG_ARMV6_M_ARMV8_M_BASELINE)
#elif defined(CONFIG_ARMV7_M_ARMV8_M_MAINLINE)
	SCB->CCR |= SCB_CCR_DIV_0_TRP_Msk;
 8000cd4:	4b04      	ldr	r3, [pc, #16]	@ (8000ce8 <z_arm_fault_init+0x14>)
 8000cd6:	695a      	ldr	r2, [r3, #20]
 8000cd8:	f042 0210 	orr.w	r2, r2, #16
 8000cdc:	615a      	str	r2, [r3, #20]
	SCB->CCR |= SCB_CCR_STKOFHFNMIGN_Msk;
#endif /* CONFIG_BUILTIN_STACK_GUARD */
#ifdef CONFIG_TRAP_UNALIGNED_ACCESS
	SCB->CCR |= SCB_CCR_UNALIGN_TRP_Msk;
#else
	SCB->CCR &= ~SCB_CCR_UNALIGN_TRP_Msk;
 8000cde:	695a      	ldr	r2, [r3, #20]
 8000ce0:	f022 0208 	bic.w	r2, r2, #8
 8000ce4:	615a      	str	r2, [r3, #20]
#endif /* CONFIG_TRAP_UNALIGNED_ACCESS */
}
 8000ce6:	4770      	bx	lr
 8000ce8:	e000ed00 	.word	0xe000ed00

08000cec <z_arm_bus_fault>:
#else
#error Unknown ARM architecture
#endif /* CONFIG_ARMV6_M_ARMV8_M_BASELINE */
SECTION_SUBSEC_FUNC(TEXT,__fault,z_arm_exc_spurious)

	mrs r0, MSP
 8000cec:	f3ef 8008 	mrs	r0, MSP
	mrs r1, PSP
 8000cf0:	f3ef 8109 	mrs	r1, PSP
	push {r0, lr}
 8000cf4:	b501      	push	{r0, lr}
#elif defined(CONFIG_ARMV7_M_ARMV8_M_MAINLINE)
	push {r4-r11}
#endif
	mov  r3, sp /* pointer to _callee_saved_t */
#endif /* CONFIG_EXTRA_EXCEPTION_INFO */
	mov r2, lr /* EXC_RETURN */
 8000cf6:	4672      	mov	r2, lr
	bl z_arm_fault
 8000cf8:	f7ff ffaa 	bl	8000c50 <z_arm_fault>
	 * in this routine. Therefore, we can just reset
	 * the MSP to its value prior to entering the function
	 */
	add sp, #40
#endif
	pop {r0, pc}
 8000cfc:	bd01      	pop	{r0, pc}
 8000cfe:	bf00      	nop

08000d00 <__start>:
     *
     * Since these scenarios cover most of the cases, we set MSP to
     * z_main_stack here.
     *
     */
    ldr r0, =z_main_stack + CONFIG_MAIN_STACK_SIZE
 8000d00:	480c      	ldr	r0, [pc, #48]	@ (8000d34 <__start+0x34>)
    msr msp, r0
 8000d02:	f380 8808 	msr	MSP, r0
     *       to avoid any issues with suspend/resume path.
     *       Refer issue #83660 for more details.
     */
#if defined(CONFIG_DEBUG_THREAD_INFO)
    /* Clear z_sys_post_kernel flag for RTOS aware debuggers */
    movs.n r0, #0
 8000d06:	2000      	movs	r0, #0
    ldr r1, =z_sys_post_kernel
 8000d08:	490b      	ldr	r1, [pc, #44]	@ (8000d38 <__start+0x38>)
    strb r0, [r1]
 8000d0a:	7008      	strb	r0, [r1, #0]

    /* lock interrupts: will get unlocked when switch to main task */
#if defined(CONFIG_ARMV6_M_ARMV8_M_BASELINE)
    cpsid i
#elif defined(CONFIG_ARMV7_M_ARMV8_M_MAINLINE)
    movs.n r0, #_EXC_IRQ_DEFAULT_PRIO
 8000d0c:	2010      	movs	r0, #16
    msr BASEPRI, r0
 8000d0e:	f380 8811 	msr	BASEPRI, r0

    /*
     * Set PSP and use it to boot without using MSP, so that it
     * gets set to z_interrupt_stacks during initialization.
     */
    ldr r0, =z_interrupt_stacks
 8000d12:	480a      	ldr	r0, [pc, #40]	@ (8000d3c <__start+0x3c>)
    ldr r1, =CONFIG_ISR_STACK_SIZE + MPU_GUARD_ALIGN_AND_SIZE
 8000d14:	f44f 6104 	mov.w	r1, #2112	@ 0x840
    adds r0, r0, r1
 8000d18:	1840      	adds	r0, r0, r1
    msr PSP, r0
 8000d1a:	f380 8809 	msr	PSP, r0
    mrs r0, CONTROL
 8000d1e:	f3ef 8014 	mrs	r0, CONTROL
    movs r1, #(2 | CONTROL_ARM_PAC_MASK | CONTROL_ARM_BTI_MASK)
 8000d22:	2102      	movs	r1, #2
    orrs r0, r1 /* CONTROL_SPSEL_Msk */
 8000d24:	4308      	orrs	r0, r1
    msr CONTROL, r0
 8000d26:	f380 8814 	msr	CONTROL, r0
    /*
     * When changing the stack pointer, software must use an ISB instruction
     * immediately after the MSR instruction. This ensures that instructions
     * after the ISB instruction execute using the new stack pointer.
     */
    isb
 8000d2a:	f3bf 8f6f 	isb	sy
    /*
     * 'bl' jumps the furthest of the branch instructions that are
     * supported on all platforms. So it is used when jumping to z_prep_c
     * (even though we do not intend to return).
     */
    bl z_prep_c
 8000d2e:	f000 f849 	bl	8000dc4 <z_prep_c>
 8000d32:	0000      	.short	0x0000
    ldr r0, =z_main_stack + CONFIG_MAIN_STACK_SIZE
 8000d34:	20001200 	.word	0x20001200
    ldr r1, =z_sys_post_kernel
 8000d38:	20000405 	.word	0x20000405
    ldr r0, =z_interrupt_stacks
 8000d3c:	20000440 	.word	0x20000440

08000d40 <z_arm_svc>:
  bne .L_stack_frame_endif
.L_stack_frame_msp:
  mrs r0, MSP
.L_stack_frame_endif:
#elif defined(CONFIG_ARMV7_M_ARMV8_M_MAINLINE)
    tst lr, #_EXC_RETURN_SPSEL_Msk /* did we come from thread mode ? */
 8000d40:	f01e 0f04 	tst.w	lr, #4
    ite eq  /* if zero (equal), came from handler mode */
 8000d44:	bf0c      	ite	eq
        mrseq r0, MSP   /* handler mode, stack frame is on MSP */
 8000d46:	f3ef 8008 	mrseq	r0, MSP
        mrsne r0, PSP   /* thread mode, stack frame is on PSP */
 8000d4a:	f3ef 8009 	mrsne	r0, PSP
#endif


    /* Figure out what SVC call number was invoked */

    ldr r1, [r0, #24]   /* grab address of PC from stack frame */
 8000d4e:	6981      	ldr	r1, [r0, #24]
     */
#if defined(CONFIG_ARMV6_M_ARMV8_M_BASELINE)
    subs r1, r1, #2
    ldrb r1, [r1]
#elif defined(CONFIG_ARMV7_M_ARMV8_M_MAINLINE)
    ldrb r1, [r1, #-2]
 8000d50:	f811 1c02 	ldrb.w	r1, [r1, #-2]
#endif
    bne .L_oops

#endif /* CONFIG_USERSPACE */

    cmp r1, #2
 8000d54:	2902      	cmp	r1, #2
    beq .L_oops
 8000d56:	d0ff      	beq.n	8000d58 <z_arm_svc+0x18>
#endif

#endif

.L_oops:
    push {r0, lr}
 8000d58:	b501      	push	{r0, lr}
#else
#error Unknown ARM architecture
#endif
    mov  r1, sp /* pointer to _callee_saved_t */
#endif /* CONFIG_EXTRA_EXCEPTION_INFO */
    mov r2, lr /* EXC_RETURN */
 8000d5a:	4672      	mov	r2, lr
    bl z_do_kernel_oops
 8000d5c:	f002 fe7d 	bl	8003a5a <z_do_kernel_oops>

#ifdef CONFIG_USE_SWITCH
    bl arm_m_legacy_exit
#endif

    pop {r0, pc}
 8000d60:	bd01      	pop	{r0, pc}
 8000d62:	bf00      	nop

08000d64 <__NVIC_EnableIRQ>:
  \param [in]      IRQn  Device specific interrupt number.
  \note    IRQn must not be negative.
 */
__STATIC_INLINE void __NVIC_EnableIRQ(IRQn_Type IRQn)
{
  if ((int32_t)(IRQn) >= 0)
 8000d64:	2800      	cmp	r0, #0
 8000d66:	db07      	blt.n	8000d78 <__NVIC_EnableIRQ+0x14>
  {
    __COMPILER_BARRIER();
    NVIC->ISER[(((uint32_t)IRQn) >> 5UL)] = (uint32_t)(1UL << (((uint32_t)IRQn) & 0x1FUL));
 8000d68:	f000 021f 	and.w	r2, r0, #31
 8000d6c:	0940      	lsrs	r0, r0, #5
 8000d6e:	2301      	movs	r3, #1
 8000d70:	4093      	lsls	r3, r2
 8000d72:	4a02      	ldr	r2, [pc, #8]	@ (8000d7c <__NVIC_EnableIRQ+0x18>)
 8000d74:	f842 3020 	str.w	r3, [r2, r0, lsl #2]
    __COMPILER_BARRIER();
  }
}
 8000d78:	4770      	bx	lr
 8000d7a:	bf00      	nop
 8000d7c:	e000e100 	.word	0xe000e100

08000d80 <__NVIC_SetPriority>:
  \param [in]  priority  Priority to set.
  \note    The priority cannot be set for every processor exception.
 */
__STATIC_INLINE void __NVIC_SetPriority(IRQn_Type IRQn, uint32_t priority)
{
  if ((int32_t)(IRQn) >= 0)
 8000d80:	2800      	cmp	r0, #0
 8000d82:	db08      	blt.n	8000d96 <__NVIC_SetPriority+0x16>
  {
    NVIC->IPR[((uint32_t)IRQn)]               = (uint8_t)((priority << (8U - __NVIC_PRIO_BITS)) & (uint32_t)0xFFUL);
 8000d84:	0109      	lsls	r1, r1, #4
 8000d86:	b2c9      	uxtb	r1, r1
 8000d88:	f100 4060 	add.w	r0, r0, #3758096384	@ 0xe0000000
 8000d8c:	f500 4061 	add.w	r0, r0, #57600	@ 0xe100
 8000d90:	f880 1300 	strb.w	r1, [r0, #768]	@ 0x300
 8000d94:	4770      	bx	lr
  }
  else
  {
    SCB->SHPR[(((uint32_t)IRQn) & 0xFUL)-4UL] = (uint8_t)((priority << (8U - __NVIC_PRIO_BITS)) & (uint32_t)0xFFUL);
 8000d96:	f000 000f 	and.w	r0, r0, #15
 8000d9a:	0109      	lsls	r1, r1, #4
 8000d9c:	b2c9      	uxtb	r1, r1
 8000d9e:	4b01      	ldr	r3, [pc, #4]	@ (8000da4 <__NVIC_SetPriority+0x24>)
 8000da0:	5419      	strb	r1, [r3, r0]
  }
}
 8000da2:	4770      	bx	lr
 8000da4:	e000ed14 	.word	0xe000ed14

08000da8 <relocate_vector_table>:
	/* Copy vector table to its location in SRAM */
	size_t vector_size = (size_t)_vector_end - (size_t)_vector_start;

	arch_early_memcpy(_sram_vector_start, _vector_start, vector_size);
#endif
	SCB->VTOR = VECTOR_ADDRESS & VTOR_MASK;
 8000da8:	4b04      	ldr	r3, [pc, #16]	@ (8000dbc <relocate_vector_table+0x14>)
 8000daa:	f023 037f 	bic.w	r3, r3, #127	@ 0x7f
 8000dae:	4a04      	ldr	r2, [pc, #16]	@ (8000dc0 <relocate_vector_table+0x18>)
 8000db0:	6093      	str	r3, [r2, #8]
  __ASM volatile ("dsb 0xF":::"memory");
 8000db2:	f3bf 8f4f 	dsb	sy
  __ASM volatile ("isb 0xF":::"memory");
 8000db6:	f3bf 8f6f 	isb	sy
	barrier_dsync_fence_full();
	barrier_isync_fence_full();
}
 8000dba:	4770      	bx	lr
 8000dbc:	08000000 	.word	0x08000000
 8000dc0:	e000ed00 	.word	0xe000ed00

08000dc4 <z_prep_c>:
 *
 * This routine prepares for the execution of and runs C code.
 *
 */
FUNC_NORETURN void z_prep_c(void)
{
 8000dc4:	b508      	push	{r3, lr}
	soc_prep_hook();

	relocate_vector_table();
 8000dc6:	f7ff ffef 	bl	8000da8 <relocate_vector_table>
	SCB->CPACR &= (~(CPACR_CP10_Msk | CPACR_CP11_Msk));
 8000dca:	4a0b      	ldr	r2, [pc, #44]	@ (8000df8 <z_prep_c+0x34>)
 8000dcc:	f8d2 3088 	ldr.w	r3, [r2, #136]	@ 0x88
 8000dd0:	f423 0370 	bic.w	r3, r3, #15728640	@ 0xf00000
 8000dd4:	f8c2 3088 	str.w	r3, [r2, #136]	@ 0x88
  __ASM volatile ("MRS %0, control" : "=r" (result) );
 8000dd8:	f3ef 8314 	mrs	r3, CONTROL
	__set_CONTROL(__get_CONTROL() & (~(CONTROL_FPCA_Msk)));
 8000ddc:	f023 0304 	bic.w	r3, r3, #4
  __ASM volatile ("MSR control, %0" : : "r" (control) : "memory");
 8000de0:	f383 8814 	msr	CONTROL, r3
 8000de4:	f3bf 8f6f 	isb	sy
#if defined(CONFIG_CPU_HAS_FPU)
	z_arm_floating_point_init();
#endif
	arch_bss_zero();
 8000de8:	f7ff fc88 	bl	80006fc <arch_bss_zero>
	arch_data_copy();
 8000dec:	f7ff fc92 	bl	8000714 <arch_data_copy>
#if defined(CONFIG_ARM_CUSTOM_INTERRUPT_CONTROLLER)
	/* Invoke SoC-specific interrupt controller initialization */
	z_soc_irq_init();
#else
	z_arm_interrupt_init();
 8000df0:	f000 f8cc 	bl	8000f8c <z_arm_interrupt_init>
#endif

#ifdef CONFIG_NULL_POINTER_EXCEPTION_DETECTION_DWT
	z_arm_debug_enable_null_pointer_detection();
#endif
	z_cstart();
 8000df4:	f001 f97c 	bl	80020f0 <z_cstart>
 8000df8:	e000ed00 	.word	0xe000ed00

08000dfc <min_stack>:
 *         thread stack corruption, otherwise return 0.
 */
static uint32_t min_stack(const uint32_t fault_addr, const uint32_t psp)
{
#if defined(CONFIG_MULTITHREADING)
	const struct k_thread *thread = _current;
 8000dfc:	4b10      	ldr	r3, [pc, #64]	@ (8000e40 <min_stack+0x44>)
 8000dfe:	689b      	ldr	r3, [r3, #8]

	if (thread == NULL) {
 8000e00:	b1bb      	cbz	r3, 8000e32 <min_stack+0x36>
			return thread->stack_info.start;
		}
	}
#else /* CONFIG_USERSPACE */
#if defined(CONFIG_MULTITHREADING)
	if (IS_MPU_GUARD_VIOLATION(thread->stack_info.start - guard_len, guard_len, fault_addr,
 8000e02:	f110 0f16 	cmn.w	r0, #22
 8000e06:	d00b      	beq.n	8000e20 <min_stack+0x24>
 8000e08:	f8d3 2094 	ldr.w	r2, [r3, #148]	@ 0x94
 8000e0c:	f1a2 0c40 	sub.w	ip, r2, #64	@ 0x40
 8000e10:	4584      	cmp	ip, r0
 8000e12:	d810      	bhi.n	8000e36 <min_stack+0x3a>
 8000e14:	4282      	cmp	r2, r0
 8000e16:	d910      	bls.n	8000e3a <min_stack+0x3e>
 8000e18:	428a      	cmp	r2, r1
 8000e1a:	d807      	bhi.n	8000e2c <min_stack+0x30>
		return (uint32_t)K_THREAD_STACK_BUFFER(z_main_stack);
	}
#endif
#endif /* CONFIG_USERSPACE */

	return 0;
 8000e1c:	2000      	movs	r0, #0
 8000e1e:	4770      	bx	lr
	if (IS_MPU_GUARD_VIOLATION(thread->stack_info.start - guard_len, guard_len, fault_addr,
 8000e20:	f8d3 2094 	ldr.w	r2, [r3, #148]	@ 0x94
 8000e24:	428a      	cmp	r2, r1
 8000e26:	d801      	bhi.n	8000e2c <min_stack+0x30>
	return 0;
 8000e28:	2000      	movs	r0, #0
}
 8000e2a:	4770      	bx	lr
		return thread->stack_info.start;
 8000e2c:	f8d3 0094 	ldr.w	r0, [r3, #148]	@ 0x94
 8000e30:	4770      	bx	lr
		return 0;
 8000e32:	2000      	movs	r0, #0
 8000e34:	4770      	bx	lr
	return 0;
 8000e36:	2000      	movs	r0, #0
 8000e38:	4770      	bx	lr
 8000e3a:	2000      	movs	r0, #0
 8000e3c:	4770      	bx	lr
 8000e3e:	bf00      	nop
 8000e40:	200003d0 	.word	0x200003d0

08000e44 <arch_new_thread>:
{
 8000e44:	b410      	push	{r4}
	struct __basic_sf *iframe = Z_STACK_PTR_TO_FRAME(struct __basic_sf, stack_ptr);
 8000e46:	f1a2 0420 	sub.w	r4, r2, #32
	iframe->pc = (uint32_t)entry_wrapper;
 8000e4a:	490e      	ldr	r1, [pc, #56]	@ (8000e84 <arch_new_thread+0x40>)
 8000e4c:	f842 1c08 	str.w	r1, [r2, #-8]
	iframe->pc &= 0xfffffffe;
 8000e50:	f021 0101 	bic.w	r1, r1, #1
 8000e54:	f842 1c08 	str.w	r1, [r2, #-8]
	iframe->a1 = (uint32_t)entry;
 8000e58:	f842 3c20 	str.w	r3, [r2, #-32]
	iframe->a2 = (uint32_t)p1;
 8000e5c:	9b01      	ldr	r3, [sp, #4]
 8000e5e:	f842 3c1c 	str.w	r3, [r2, #-28]
	iframe->a3 = (uint32_t)p2;
 8000e62:	9b02      	ldr	r3, [sp, #8]
 8000e64:	f842 3c18 	str.w	r3, [r2, #-24]
	iframe->a4 = (uint32_t)p3;
 8000e68:	9b03      	ldr	r3, [sp, #12]
 8000e6a:	f842 3c14 	str.w	r3, [r2, #-20]
	iframe->xpsr = 0x01000000UL; /* clear all, thumb bit is 1, even if RO */
 8000e6e:	f04f 7380 	mov.w	r3, #16777216	@ 0x1000000
 8000e72:	f842 3c04 	str.w	r3, [r2, #-4]
	thread->callee_saved.psp = (uint32_t)iframe;
 8000e76:	6504      	str	r4, [r0, #80]	@ 0x50
	thread->arch.basepri = 0;
 8000e78:	2300      	movs	r3, #0
 8000e7a:	f8c0 30a8 	str.w	r3, [r0, #168]	@ 0xa8
}
 8000e7e:	bc10      	pop	{r4}
 8000e80:	4770      	bx	lr
 8000e82:	bf00      	nop
 8000e84:	080005f1 	.word	0x080005f1

08000e88 <arch_switch_to_main_thread>:
#endif /* CONFIG_FPU */
}

void arch_switch_to_main_thread(struct k_thread *main_thread, char *stack_ptr,
				k_thread_entry_t _main)
{
 8000e88:	b508      	push	{r3, lr}
 8000e8a:	460e      	mov	r6, r1
 8000e8c:	4615      	mov	r5, r2
	z_arm_prepare_switch_to_main();

	z_current_thread_set(main_thread);
 8000e8e:	4a0c      	ldr	r2, [pc, #48]	@ (8000ec0 <arch_switch_to_main_thread+0x38>)
 8000e90:	6090      	str	r0, [r2, #8]
	 * thread for the first time, as the pointer is only set
	 * during context switching.
	 */
	extern uintptr_t z_arm_tls_ptr;

	z_arm_tls_ptr = main_thread->tls;
 8000e92:	f8d0 20a4 	ldr.w	r2, [r0, #164]	@ 0xa4
 8000e96:	4b0b      	ldr	r3, [pc, #44]	@ (8000ec4 <arch_switch_to_main_thread+0x3c>)
 8000e98:	601a      	str	r2, [r3, #0]
#if defined(CONFIG_MPU_STACK_GUARD) || defined(CONFIG_USERSPACE)
	/*
	 * If stack protection is enabled, make sure to set it
	 * before jumping to thread entry function
	 */
	z_arm_configure_dynamic_mpu_regions(main_thread);
 8000e9a:	f000 f8b5 	bl	8001008 <z_arm_configure_dynamic_mpu_regions>
	 * with the thread entry process.
	 *
	 * When calling arch_irq_unlock_outlined, LR is lost which is fine since
	 * we do not intend to return after calling z_thread_entry.
	 */
	__asm__ volatile("mov   r4,  %0\n" /* force _main to be stored in a register */
 8000e9e:	462c      	mov	r4, r5
 8000ea0:	f386 8809 	msr	PSP, r6
 8000ea4:	2000      	movs	r0, #0
 8000ea6:	4b04      	ldr	r3, [pc, #16]	@ (8000eb8 <arch_switch_to_main_thread+0x30>)
 8000ea8:	4798      	blx	r3
 8000eaa:	4620      	mov	r0, r4
 8000eac:	2100      	movs	r1, #0
 8000eae:	2200      	movs	r2, #0
 8000eb0:	2300      	movs	r3, #0
 8000eb2:	4c02      	ldr	r4, [pc, #8]	@ (8000ebc <arch_switch_to_main_thread+0x34>)
 8000eb4:	4720      	bx	r4
 8000eb6:	0000      	.short	0x0000
 8000eb8:	08003af1 	.word	0x08003af1
 8000ebc:	080005f1 	.word	0x080005f1
#endif
			 :
			 : "r"(_main), "r"(stack_ptr)
			 : "r0", "r1", "r2", "r3", "r4", "ip", "lr", "memory");

	CODE_UNREACHABLE;
 8000ec0:	200003d0 	.word	0x200003d0
 8000ec4:	20000328 	.word	0x20000328

08000ec8 <z_arm_cpu_idle_init>:
 * Only called by arch_kernel_init(). Sets SEVONPEND bit once for the system's
 * duration.
 */
void z_arm_cpu_idle_init(void)
{
	SCB->SCR = SCB_SCR_SEVONPEND_Msk;
 8000ec8:	4b01      	ldr	r3, [pc, #4]	@ (8000ed0 <z_arm_cpu_idle_init+0x8>)
 8000eca:	2210      	movs	r2, #16
 8000ecc:	611a      	str	r2, [r3, #16]
}
 8000ece:	4770      	bx	lr
 8000ed0:	e000ed00 	.word	0xe000ed00

08000ed4 <z_arm_exc_exit>:
 *
 */
Z_GENERIC_SECTION(.text._HandlerModeExit) void z_arm_exc_exit(void)
{
#ifdef CONFIG_PREEMPT_ENABLED
	if (_kernel.ready_q.cache != _kernel.cpus->current) {
 8000ed4:	4b05      	ldr	r3, [pc, #20]	@ (8000eec <z_arm_exc_exit+0x18>)
 8000ed6:	695a      	ldr	r2, [r3, #20]
 8000ed8:	689b      	ldr	r3, [r3, #8]
 8000eda:	429a      	cmp	r2, r3
 8000edc:	d004      	beq.n	8000ee8 <z_arm_exc_exit+0x14>
		SCB->ICSR |= SCB_ICSR_PENDSVSET_Msk;
 8000ede:	4a04      	ldr	r2, [pc, #16]	@ (8000ef0 <z_arm_exc_exit+0x1c>)
 8000ee0:	6853      	ldr	r3, [r2, #4]
 8000ee2:	f043 5380 	orr.w	r3, r3, #268435456	@ 0x10000000
 8000ee6:	6053      	str	r3, [r2, #4]
#endif /* CONFIG_PREEMPT_ENABLED */

#ifdef CONFIG_STACK_SENTINEL
	z_check_stack_sentinel();
#endif /* CONFIG_STACK_SENTINEL */
}
 8000ee8:	4770      	bx	lr
 8000eea:	bf00      	nop
 8000eec:	200003d0 	.word	0x200003d0
 8000ef0:	e000ed00 	.word	0xe000ed00

08000ef4 <z_impl_k_thread_abort>:
#include <zephyr/linker/sections.h>
#include <kswap.h>
#include <zephyr/sys/__assert.h>

void z_impl_k_thread_abort(k_tid_t thread)
{
 8000ef4:	b508      	push	{r3, lr}
	SYS_PORT_TRACING_OBJ_FUNC_ENTER(k_thread, abort, thread);

	if (_current == thread) {
 8000ef6:	4b0a      	ldr	r3, [pc, #40]	@ (8000f20 <z_impl_k_thread_abort+0x2c>)
 8000ef8:	689b      	ldr	r3, [r3, #8]
 8000efa:	4283      	cmp	r3, r0
 8000efc:	d002      	beq.n	8000f04 <z_impl_k_thread_abort+0x10>
			 */
			SCB->SHCSR &= ~SCB_SHCSR_SVCALLPENDED_Msk;
		}
	}

	z_thread_abort(thread);
 8000efe:	f001 fbb3 	bl	8002668 <z_thread_abort>

	SYS_PORT_TRACING_OBJ_FUNC_EXIT(k_thread, abort, thread);
}
 8000f02:	bd08      	pop	{r3, pc}
  __ASM volatile ("MRS %0, ipsr" : "=r" (result) );
 8000f04:	f3ef 8305 	mrs	r3, IPSR
		if (arch_is_in_isr()) {
 8000f08:	2b00      	cmp	r3, #0
 8000f0a:	d0f8      	beq.n	8000efe <z_impl_k_thread_abort+0xa>
			SCB->ICSR |= SCB_ICSR_PENDSVSET_Msk;
 8000f0c:	4b05      	ldr	r3, [pc, #20]	@ (8000f24 <z_impl_k_thread_abort+0x30>)
 8000f0e:	685a      	ldr	r2, [r3, #4]
 8000f10:	f042 5280 	orr.w	r2, r2, #268435456	@ 0x10000000
 8000f14:	605a      	str	r2, [r3, #4]
			SCB->SHCSR &= ~SCB_SHCSR_SVCALLPENDED_Msk;
 8000f16:	6a5a      	ldr	r2, [r3, #36]	@ 0x24
 8000f18:	f422 4200 	bic.w	r2, r2, #32768	@ 0x8000
 8000f1c:	625a      	str	r2, [r3, #36]	@ 0x24
 8000f1e:	e7ee      	b.n	8000efe <z_impl_k_thread_abort+0xa>
 8000f20:	200003d0 	.word	0x200003d0
 8000f24:	e000ed00 	.word	0xe000ed00

08000f28 <z_arm_pendsv>:
    /* load _kernel into r1 and current k_thread into r2 */
#if defined(CONFIG_SLOW_FLASH_DATA)
    movw r1, #:lower16:_kernel
    movt r1, #:upper16:_kernel
#else
    ldr r1, =_kernel
 8000f28:	4915      	ldr	r1, [pc, #84]	@ (8000f80 <z_arm_pendsv+0x58>)
#endif
    ldr r2, [r1, #_kernel_offset_to_current]
 8000f2a:	688a      	ldr	r2, [r1, #8]
    /* Store LSB of LR (EXC_RETURN) to the thread's 'mode' word. */
    strb lr, [r2, #_thread_offset_to_mode_exc_return]
#endif

    /* addr of callee-saved regs in thread in r0 */
    ldr r0, =_thread_offset_to_callee_saved
 8000f2c:	f04f 0030 	mov.w	r0, #48	@ 0x30
    add r0, r2
 8000f30:	4410      	add	r0, r2

    /* save callee-saved + psp in thread */
    mrs ip, PSP
 8000f32:	f3ef 8c09 	mrs	ip, PSP
    mov r6, r11
    mov r7, ip
    /* store r8-12 */
    stmea r0!, {r3-r7}
#elif defined(CONFIG_ARMV7_M_ARMV8_M_MAINLINE)
    stmia r0, {r4-r11, ip}
 8000f36:	e880 1ff0 	stmia.w	r0, {r4, r5, r6, r7, r8, r9, sl, fp, ip}

    /* Protect the kernel state while we play with the thread lists */
#if defined(CONFIG_ARMV6_M_ARMV8_M_BASELINE)
    cpsid i
#elif defined(CONFIG_ARMV7_M_ARMV8_M_MAINLINE)
    movs.n r0, #_EXC_IRQ_DEFAULT_PRIO
 8000f3a:	2010      	movs	r0, #16
    msr BASEPRI_MAX, r0
 8000f3c:	f380 8812 	msr	BASEPRI_MAX, r0
    isb /* Make the effect of disabling interrupts be realized immediately */
 8000f40:	f3bf 8f6f 	isb	sy
     */
#if defined(CONFIG_SLOW_FLASH_DATA)
    movw r7, #:lower16:_SCS_ICSR
    movt r7, #:upper16:_SCS_ICSR
#else
    ldr r7, =_SCS_ICSR
 8000f44:	4f0f      	ldr	r7, [pc, #60]	@ (8000f84 <z_arm_pendsv+0x5c>)
#endif
    ldr r6, =_SCS_ICSR_UNPENDSV
 8000f46:	f04f 6600 	mov.w	r6, #134217728	@ 0x8000000

    /* _kernel is still in r1 */

    /* fetch the thread to run from the ready queue cache */
    ldr r2, [r1, #_kernel_offset_to_ready_q_cache]
 8000f4a:	694a      	ldr	r2, [r1, #20]

    str r2, [r1, #_kernel_offset_to_current]
 8000f4c:	608a      	str	r2, [r1, #8]
     * since they were based on the previous kernel state and this
     * has been handled.
     */

    /* _SCS_ICSR is still in r7 and _SCS_ICSR_UNPENDSV in r6 */
    str r6, [r7, #0]
 8000f4e:	603e      	str	r6, [r7, #0]
#if defined(CONFIG_ARMV6_M_ARMV8_M_BASELINE)
    ldr r4, =_thread_offset_to_tls
    adds r4, r2, r4
    ldr r0, [r4]
#else
    ldr r0, [r2, #_thread_offset_to_tls]
 8000f50:	f8d2 00a4 	ldr.w	r0, [r2, #164]	@ 0xa4

    /* For Cortex-M, store TLS pointer in a global variable,
     * as it lacks the process ID or thread ID register
     * to be used by toolchain to access thread data.
     */
    ldr r4, =z_arm_tls_ptr
 8000f54:	4c0c      	ldr	r4, [pc, #48]	@ (8000f88 <z_arm_pendsv+0x60>)
    str r0, [r4]
 8000f56:	6020      	str	r0, [r4, #0]

    ldr r0, [r4]
    movs.n r3, #0
    str r3, [r4]
#else
    ldr r0, [r2, #_thread_offset_to_basepri]
 8000f58:	f8d2 00a8 	ldr.w	r0, [r2, #168]	@ 0xa8
    movs r3, #0
 8000f5c:	2300      	movs	r3, #0
    str r3, [r2, #_thread_offset_to_basepri]
 8000f5e:	f8c2 30a8 	str.w	r3, [r2, #168]	@ 0xa8
    /* restore r4-r7, go back 9*4 bytes to the start of the stored block */
    subs r0, #36
    ldmia r0!, {r4-r7}
#elif defined(CONFIG_ARMV7_M_ARMV8_M_MAINLINE)
    /* restore BASEPRI for the incoming thread */
    msr BASEPRI, r0
 8000f62:	f380 8811 	msr	BASEPRI, r0
    isb
#endif

#if defined(CONFIG_MPU_STACK_GUARD) || defined(CONFIG_USERSPACE)
    /* Re-program dynamic memory map */
    push {r2,lr}
 8000f66:	b504      	push	{r2, lr}
    mov r0, r2 /* _current thread */
 8000f68:	4610      	mov	r0, r2
    bl z_arm_configure_dynamic_mpu_regions
 8000f6a:	f000 f84d 	bl	8001008 <z_arm_configure_dynamic_mpu_regions>
    pop {r2,lr}
 8000f6e:	e8bd 4004 	ldmia.w	sp!, {r2, lr}
    msr  PAC_KEY_P_3, r6
    clrm {r3-r6}
#endif /* CONFIG_ARM_PAC_PER_THREAD */

    /* load callee-saved + psp from thread */
    add r0, r2, #_thread_offset_to_callee_saved
 8000f72:	f102 0030 	add.w	r0, r2, #48	@ 0x30
    ldmia r0, {r4-r11, ip}
 8000f76:	e890 1ff0 	ldmia.w	r0, {r4, r5, r6, r7, r8, r9, sl, fp, ip}
#else
#error Unknown ARM architecture
#endif /* CONFIG_ARMV6_M_ARMV8_M_BASELINE */

    msr PSP, ip
 8000f7a:	f38c 8809 	msr	PSP, ip
#endif /* CONFIG_INSTRUMENT_THREAD_SWITCHING */

    /*
     * Cortex-M: return from PendSV exception
     */
    bx lr
 8000f7e:	4770      	bx	lr
    ldr r1, =_kernel
 8000f80:	200003d0 	.word	0x200003d0
    ldr r7, =_SCS_ICSR
 8000f84:	e000ed04 	.word	0xe000ed04
    ldr r4, =z_arm_tls_ptr
 8000f88:	20000328 	.word	0x20000328

08000f8c <z_arm_interrupt_init>:
 *
 */

void z_arm_interrupt_init(void)
{
	int irq = 0;
 8000f8c:	2200      	movs	r2, #0

/* CONFIG_2ND_LVL_ISR_TBL_OFFSET could be treated as total number of level1 interrupts */
#if defined(CONFIG_MULTI_LEVEL_INTERRUPTS) && defined(CONFIG_2ND_LVL_ISR_TBL_OFFSET)
	for (; irq < CONFIG_2ND_LVL_ISR_TBL_OFFSET; irq++) {
#else
	for (; irq < CONFIG_NUM_IRQS; irq++) {
 8000f8e:	e006      	b.n	8000f9e <z_arm_interrupt_init+0x12>
    SCB->SHPR[(((uint32_t)IRQn) & 0xFUL)-4UL] = (uint8_t)((priority << (8U - __NVIC_PRIO_BITS)) & (uint32_t)0xFFUL);
 8000f90:	f003 030f 	and.w	r3, r3, #15
 8000f94:	4909      	ldr	r1, [pc, #36]	@ (8000fbc <z_arm_interrupt_init+0x30>)
 8000f96:	4419      	add	r1, r3
 8000f98:	2310      	movs	r3, #16
 8000f9a:	760b      	strb	r3, [r1, #24]
 8000f9c:	3201      	adds	r2, #1
 8000f9e:	2a49      	cmp	r2, #73	@ 0x49
 8000fa0:	dc0a      	bgt.n	8000fb8 <z_arm_interrupt_init+0x2c>
#endif
		NVIC_SetPriority((IRQn_Type)irq, _IRQ_PRIO_OFFSET);
 8000fa2:	b253      	sxtb	r3, r2
  if ((int32_t)(IRQn) >= 0)
 8000fa4:	2b00      	cmp	r3, #0
 8000fa6:	dbf3      	blt.n	8000f90 <z_arm_interrupt_init+0x4>
    NVIC->IPR[((uint32_t)IRQn)]               = (uint8_t)((priority << (8U - __NVIC_PRIO_BITS)) & (uint32_t)0xFFUL);
 8000fa8:	f103 4360 	add.w	r3, r3, #3758096384	@ 0xe0000000
 8000fac:	f503 4361 	add.w	r3, r3, #57600	@ 0xe100
 8000fb0:	2110      	movs	r1, #16
 8000fb2:	f883 1300 	strb.w	r1, [r3, #768]	@ 0x300
 8000fb6:	e7f1      	b.n	8000f9c <z_arm_interrupt_init+0x10>
	}
}
 8000fb8:	4770      	bx	lr
 8000fba:	bf00      	nop
 8000fbc:	e000ecfc 	.word	0xe000ecfc

08000fc0 <_isr_wrapper>:
 * z_arm_pendsv()) and pends the PendSV exception if so: the latter will
 * perform the context switch itself.
 *
 */
void _isr_wrapper(void)
{
 8000fc0:	b508      	push	{r3, lr}
 8000fc2:	f3ef 8305 	mrs	r3, IPSR
#endif
	/* _sw_isr_table does not map the core system exceptions,
	 * which take first 16 interrupt numbers, only the external
	 * interrupts.
	 */
	irq_number -= 16;
 8000fc6:	3b10      	subs	r3, #16

	const struct _isr_table_entry *entry = &_sw_isr_table[irq_number];
	(entry->isr)(entry->arg);
 8000fc8:	4a04      	ldr	r2, [pc, #16]	@ (8000fdc <_isr_wrapper+0x1c>)
 8000fca:	eb02 01c3 	add.w	r1, r2, r3, lsl #3
 8000fce:	6849      	ldr	r1, [r1, #4]
 8000fd0:	f852 0033 	ldr.w	r0, [r2, r3, lsl #3]
 8000fd4:	4788      	blx	r1

#ifdef CONFIG_TRACING_ISR
	sys_trace_isr_exit();
#endif /* CONFIG_TRACING_ISR */

	z_arm_exc_exit();
 8000fd6:	f7ff ff7d 	bl	8000ed4 <z_arm_exc_exit>
}
 8000fda:	bd08      	pop	{r3, pc}
 8000fdc:	08004c3c 	.word	0x08004c3c

08000fe0 <__aeabi_read_tp>:
 *
 * This can only be guaranteed by either implementing a naked C function with
 * inline assembly, or plain assembly.
 */
SECTION_FUNC(TEXT, __aeabi_read_tp)
	ldr r0, =z_arm_tls_ptr
 8000fe0:	4801      	ldr	r0, [pc, #4]	@ (8000fe8 <__aeabi_read_tp+0x8>)
	ldr r0, [r0]
 8000fe2:	6800      	ldr	r0, [r0, #0]
	bx lr
 8000fe4:	4770      	bx	lr
 8000fe6:	0000      	.short	0x0000
	ldr r0, =z_arm_tls_ptr
 8000fe8:	20000328 	.word	0x20000328

08000fec <z_arm_configure_static_mpu_regions>:
 *
 * For some MPU architectures, such as the unmodified ARMv8-M MPU,
 * the function must execute with MPU enabled.
 */
void z_arm_configure_static_mpu_regions(void)
{
 8000fec:	b508      	push	{r3, lr}
	 * into account the unused SRAM area, as well.
	 */
#ifdef CONFIG_AARCH32_ARMV8_R
	arm_core_mpu_disable();
#endif
	arm_core_mpu_configure_static_mpu_regions(static_regions,
 8000fee:	4b03      	ldr	r3, [pc, #12]	@ (8000ffc <z_arm_configure_static_mpu_regions+0x10>)
 8000ff0:	4a03      	ldr	r2, [pc, #12]	@ (8001000 <z_arm_configure_static_mpu_regions+0x14>)
 8000ff2:	2101      	movs	r1, #1
 8000ff4:	4803      	ldr	r0, [pc, #12]	@ (8001004 <z_arm_configure_static_mpu_regions+0x18>)
 8000ff6:	f002 fee2 	bl	8003dbe <arm_core_mpu_configure_static_mpu_regions>
	};

	arm_core_mpu_mark_areas_for_dynamic_regions(dyn_region_areas,
		ARRAY_SIZE(dyn_region_areas));
#endif /* CONFIG_MPU_REQUIRES_NON_OVERLAPPING_REGIONS */
}
 8000ffa:	bd08      	pop	{r3, pc}
 8000ffc:	20018000 	.word	0x20018000
 8001000:	20000000 	.word	0x20000000
 8001004:	080055e4 	.word	0x080055e4

08001008 <z_arm_configure_dynamic_mpu_regions>:
 *
 * This function is not inherently thread-safe, but the memory domain
 * spinlock needs to be held anyway.
 */
void z_arm_configure_dynamic_mpu_regions(struct k_thread *thread)
{
 8001008:	b508      	push	{r3, lr}
#endif /* CONFIG_USERSPACE */
	{
		/* A supervisor thread only has the normal thread stack to
		 * protect with a stack guard.
		 */
		guard_start = thread->stack_info.start - guard_size;
 800100a:	f8d0 3094 	ldr.w	r3, [r0, #148]	@ 0x94
 800100e:	3b40      	subs	r3, #64	@ 0x40
	}

	__ASSERT(region_num < _MAX_DYNAMIC_MPU_REGIONS_NUM,
		"Out-of-bounds error for dynamic region map.");

	dynamic_regions[region_num].start = guard_start;
 8001010:	4804      	ldr	r0, [pc, #16]	@ (8001024 <z_arm_configure_dynamic_mpu_regions+0x1c>)
 8001012:	6003      	str	r3, [r0, #0]
	dynamic_regions[region_num].size = guard_size;
 8001014:	2340      	movs	r3, #64	@ 0x40
 8001016:	6043      	str	r3, [r0, #4]
	dynamic_regions[region_num].attr = K_MEM_PARTITION_P_RO_U_NA;
 8001018:	4b03      	ldr	r3, [pc, #12]	@ (8001028 <z_arm_configure_dynamic_mpu_regions+0x20>)
 800101a:	6083      	str	r3, [r0, #8]

	/* Configure the dynamic MPU regions */
#ifdef CONFIG_AARCH32_ARMV8_R
	arm_core_mpu_disable();
#endif
	arm_core_mpu_configure_dynamic_mpu_regions(dynamic_regions,
 800101c:	2101      	movs	r1, #1
 800101e:	f002 fed2 	bl	8003dc6 <arm_core_mpu_configure_dynamic_mpu_regions>
						   region_num);
#ifdef CONFIG_AARCH32_ARMV8_R
	arm_core_mpu_enable();
#endif
}
 8001022:	bd08      	pop	{r3, pc}
 8001024:	2000032c 	.word	0x2000032c
 8001028:	150b0000 	.word	0x150b0000

0800102c <region_init>:
	return (uint8_t)type;
}

static inline void set_region_number(uint32_t index)
{
	MPU->RNR = index;
 800102c:	4a08      	ldr	r2, [pc, #32]	@ (8001050 <region_init+0x24>)
 800102e:	f8c2 0098 	str.w	r0, [r2, #152]	@ 0x98

	set_region_base_address(region_conf->base & MPU_RBAR_ADDR_Msk);
	set_region_attributes(region_conf->attr.rasr);
	set_region_size(region_conf->size | MPU_RASR_ENABLE_Msk);
#else
	MPU->RBAR = (region_conf->base & MPU_RBAR_ADDR_Msk)
 8001032:	680b      	ldr	r3, [r1, #0]
 8001034:	f023 031f 	bic.w	r3, r3, #31
				| MPU_RBAR_VALID_Msk | index;
 8001038:	4303      	orrs	r3, r0
 800103a:	f043 0310 	orr.w	r3, r3, #16
	MPU->RBAR = (region_conf->base & MPU_RBAR_ADDR_Msk)
 800103e:	f8c2 309c 	str.w	r3, [r2, #156]	@ 0x9c
	MPU->RASR = region_conf->attr.rasr | MPU_RASR_ENABLE_Msk;
 8001042:	688b      	ldr	r3, [r1, #8]
 8001044:	f043 0301 	orr.w	r3, r3, #1
 8001048:	f8c2 30a0 	str.w	r3, [r2, #160]	@ 0xa0
	LOG_DBG("[%d] 0x%08x 0x%08x",
		index, region_conf->base, region_conf->attr.rasr);
#endif
}
 800104c:	4770      	bx	lr
 800104e:	bf00      	nop
 8001050:	e000ed00 	.word	0xe000ed00

08001054 <region_allocate_and_init>:
	uint32_t type = MPU->TYPE;
 8001054:	4b08      	ldr	r3, [pc, #32]	@ (8001078 <region_allocate_and_init+0x24>)
 8001056:	f8d3 3090 	ldr.w	r3, [r3, #144]	@ 0x90

static int region_allocate_and_init(const uint8_t index,
	const struct arm_mpu_region *region_conf)
{
	/* Attempt to allocate new region index. */
	if (index > (get_num_regions() - 1U)) {
 800105a:	f3c3 2307 	ubfx	r3, r3, #8, #8
 800105e:	3b01      	subs	r3, #1
 8001060:	4298      	cmp	r0, r3
 8001062:	d805      	bhi.n	8001070 <region_allocate_and_init+0x1c>
{
 8001064:	b510      	push	{r4, lr}
 8001066:	4604      	mov	r4, r0
	}

	LOG_DBG("Program MPU region at index 0x%x", index);

	/* Program region */
	region_init(index, region_conf);
 8001068:	f7ff ffe0 	bl	800102c <region_init>

	return index;
 800106c:	4620      	mov	r0, r4
}
 800106e:	bd10      	pop	{r4, pc}
		return -EINVAL;
 8001070:	f06f 0015 	mvn.w	r0, #21
}
 8001074:	4770      	bx	lr
 8001076:	bf00      	nop
 8001078:	e000ed00 	.word	0xe000ed00

0800107c <mpu_configure_static_mpu_regions>:
 */
static int mpu_configure_static_mpu_regions(const struct z_arm_mpu_partition
	static_regions[], const uint8_t regions_num,
	const uint32_t background_area_base,
	const uint32_t background_area_end)
{
 800107c:	b510      	push	{r4, lr}
	int mpu_reg_index = static_regions_num;
 800107e:	4c03      	ldr	r4, [pc, #12]	@ (800108c <mpu_configure_static_mpu_regions+0x10>)
	 * programmed on top of SRAM region configuration.
	 */
	ARG_UNUSED(background_area_base);
	ARG_UNUSED(background_area_end);

	mpu_reg_index = mpu_configure_regions(static_regions,
 8001080:	2301      	movs	r3, #1
 8001082:	7822      	ldrb	r2, [r4, #0]
 8001084:	f002 fd78 	bl	8003b78 <mpu_configure_regions>
		regions_num, mpu_reg_index, true);

	static_regions_num = mpu_reg_index;
 8001088:	7020      	strb	r0, [r4, #0]

	return mpu_reg_index;
}
 800108a:	bd10      	pop	{r4, pc}
 800108c:	20000404 	.word	0x20000404

08001090 <mpu_configure_dynamic_mpu_regions>:
 * If the dynamic MPU regions configuration has not been successfully
 * performed, the error signal is propagated to the caller of the function.
 */
static int mpu_configure_dynamic_mpu_regions(const struct z_arm_mpu_partition
	dynamic_regions[], uint8_t regions_num)
{
 8001090:	b508      	push	{r3, lr}

	/* In ARMv7-M architecture the dynamic regions are
	 * programmed on top of existing SRAM region configuration.
	 */

	mpu_reg_index = mpu_configure_regions(dynamic_regions,
 8001092:	2300      	movs	r3, #0
 8001094:	4a0b      	ldr	r2, [pc, #44]	@ (80010c4 <mpu_configure_dynamic_mpu_regions+0x34>)
 8001096:	7812      	ldrb	r2, [r2, #0]
 8001098:	f002 fd6e 	bl	8003b78 <mpu_configure_regions>
		regions_num, mpu_reg_index, false);

	if (mpu_reg_index != -EINVAL) {
 800109c:	f110 0f16 	cmn.w	r0, #22
 80010a0:	d00f      	beq.n	80010c2 <mpu_configure_dynamic_mpu_regions+0x32>

		/* Disable the non-programmed MPU regions. */
		for (int i = mpu_reg_index; i < get_num_regions(); i++) {
 80010a2:	4602      	mov	r2, r0
 80010a4:	e006      	b.n	80010b4 <mpu_configure_dynamic_mpu_regions+0x24>
/** Clear and disable the given MPU region.
* \param rnr Region number to be cleared.
*/
__STATIC_INLINE void ARM_MPU_ClrRegion(uint32_t rnr)
{
  MPU->RNR = rnr;
 80010a6:	4b08      	ldr	r3, [pc, #32]	@ (80010c8 <mpu_configure_dynamic_mpu_regions+0x38>)
 80010a8:	f8c3 2098 	str.w	r2, [r3, #152]	@ 0x98
  MPU->RASR = 0U;
 80010ac:	2100      	movs	r1, #0
 80010ae:	f8c3 10a0 	str.w	r1, [r3, #160]	@ 0xa0
 80010b2:	3201      	adds	r2, #1
 80010b4:	4b04      	ldr	r3, [pc, #16]	@ (80010c8 <mpu_configure_dynamic_mpu_regions+0x38>)
 80010b6:	f8d3 3090 	ldr.w	r3, [r3, #144]	@ 0x90
 80010ba:	f3c3 2307 	ubfx	r3, r3, #8, #8
 80010be:	4293      	cmp	r3, r2
 80010c0:	dcf1      	bgt.n	80010a6 <mpu_configure_dynamic_mpu_regions+0x16>
			ARM_MPU_ClrRegion(i);
		}
	}

	return mpu_reg_index;
}
 80010c2:	bd08      	pop	{r3, pc}
 80010c4:	20000404 	.word	0x20000404
 80010c8:	e000ed00 	.word	0xe000ed00

080010cc <arm_core_mpu_enable>:
	 * background region for privileged software access if desired.
	 */
#if defined(CONFIG_MPU_DISABLE_BACKGROUND_MAP)
	MPU->CTRL = MPU_CTRL_ENABLE_Msk;
#else
	MPU->CTRL = MPU_CTRL_ENABLE_Msk | MPU_CTRL_PRIVDEFENA_Msk;
 80010cc:	4b04      	ldr	r3, [pc, #16]	@ (80010e0 <arm_core_mpu_enable+0x14>)
 80010ce:	2205      	movs	r2, #5
 80010d0:	f8c3 2094 	str.w	r2, [r3, #148]	@ 0x94
  __ASM volatile ("dsb 0xF":::"memory");
 80010d4:	f3bf 8f4f 	dsb	sy
  __ASM volatile ("isb 0xF":::"memory");
 80010d8:	f3bf 8f6f 	isb	sy
#endif

	/* Make sure that all the registers are set before proceeding */
	barrier_dsync_fence_full();
	barrier_isync_fence_full();
}
 80010dc:	4770      	bx	lr
 80010de:	bf00      	nop
 80010e0:	e000ed00 	.word	0xe000ed00

080010e4 <arm_core_mpu_disable>:
  \details Ensures the apparent order of the explicit memory operations before
           and after the instruction, without ensuring their completion.
 */
__STATIC_FORCEINLINE void __DMB(void)
{
  __ASM volatile ("dmb 0xF":::"memory");
 80010e4:	f3bf 8f5f 	dmb	sy
{
	/* Force any outstanding transfers to complete before disabling MPU */
	barrier_dmem_fence_full();

	/* Disable MPU */
	MPU->CTRL = 0;
 80010e8:	4b02      	ldr	r3, [pc, #8]	@ (80010f4 <arm_core_mpu_disable+0x10>)
 80010ea:	2200      	movs	r2, #0
 80010ec:	f8c3 2094 	str.w	r2, [r3, #148]	@ 0x94
}
 80010f0:	4770      	bx	lr
 80010f2:	bf00      	nop
 80010f4:	e000ed00 	.word	0xe000ed00

080010f8 <z_arm_mpu_init>:
 *
 * This function provides the default configuration mechanism for the Memory
 * Protection Unit (MPU).
 */
int z_arm_mpu_init(void)
{
 80010f8:	b538      	push	{r3, r4, r5, lr}
	uint32_t r_index;

	if (mpu_config.num_regions > get_num_regions()) {
 80010fa:	4b1c      	ldr	r3, [pc, #112]	@ (800116c <z_arm_mpu_init+0x74>)
 80010fc:	681d      	ldr	r5, [r3, #0]
 80010fe:	4b1c      	ldr	r3, [pc, #112]	@ (8001170 <z_arm_mpu_init+0x78>)
 8001100:	f8d3 3090 	ldr.w	r3, [r3, #144]	@ 0x90
 8001104:	f3c3 2307 	ubfx	r3, r3, #8, #8
 8001108:	429d      	cmp	r5, r3
 800110a:	d82b      	bhi.n	8001164 <z_arm_mpu_init+0x6c>
		return -1;
	}

	LOG_DBG("total region count: %d", get_num_regions());

	arm_core_mpu_disable();
 800110c:	f7ff ffea 	bl	80010e4 <arm_core_mpu_disable>

	/* Architecture-specific configuration */
	mpu_init();

	/* Program fixed regions configured at SOC definition. */
	for (r_index = 0U; r_index < mpu_config.num_regions; r_index++) {
 8001110:	2400      	movs	r4, #0
 8001112:	e009      	b.n	8001128 <z_arm_mpu_init+0x30>
		region_init(r_index, &mpu_config.mpu_regions[r_index]);
 8001114:	4b15      	ldr	r3, [pc, #84]	@ (800116c <z_arm_mpu_init+0x74>)
 8001116:	685b      	ldr	r3, [r3, #4]
 8001118:	eb04 0144 	add.w	r1, r4, r4, lsl #1
 800111c:	eb03 0181 	add.w	r1, r3, r1, lsl #2
 8001120:	4620      	mov	r0, r4
 8001122:	f7ff ff83 	bl	800102c <region_init>
	for (r_index = 0U; r_index < mpu_config.num_regions; r_index++) {
 8001126:	3401      	adds	r4, #1
 8001128:	42a5      	cmp	r5, r4
 800112a:	d8f3      	bhi.n	8001114 <z_arm_mpu_init+0x1c>
	}

	/* Update the number of programmed MPU regions. */
	static_regions_num = mpu_config.num_regions;
 800112c:	4811      	ldr	r0, [pc, #68]	@ (8001174 <z_arm_mpu_init+0x7c>)
 800112e:	7005      	strb	r5, [r0, #0]
#ifdef CONFIG_MEM_ATTR
	/* DT-defined MPU regions. */
	if (mpu_configure_regions_from_dt(&static_regions_num) == -EINVAL) {
 8001130:	f002 fd4a 	bl	8003bc8 <mpu_configure_regions_from_dt>
 8001134:	f110 0f16 	cmn.w	r0, #22
 8001138:	d013      	beq.n	8001162 <z_arm_mpu_init+0x6a>
		__ASSERT(0, "Failed to allocate MPU regions from DT\n");
		return -EINVAL;
	}
#endif /* CONFIG_MEM_ATTR */
	/* Clear all regions before enabling MPU */
	for (int i = static_regions_num; i < get_num_regions(); i++) {
 800113a:	4b0e      	ldr	r3, [pc, #56]	@ (8001174 <z_arm_mpu_init+0x7c>)
 800113c:	781a      	ldrb	r2, [r3, #0]
 800113e:	4b0c      	ldr	r3, [pc, #48]	@ (8001170 <z_arm_mpu_init+0x78>)
 8001140:	f8d3 3090 	ldr.w	r3, [r3, #144]	@ 0x90
 8001144:	f3c3 2307 	ubfx	r3, r3, #8, #8
 8001148:	429a      	cmp	r2, r3
 800114a:	da07      	bge.n	800115c <z_arm_mpu_init+0x64>
  MPU->RNR = rnr;
 800114c:	4b08      	ldr	r3, [pc, #32]	@ (8001170 <z_arm_mpu_init+0x78>)
 800114e:	f8c3 2098 	str.w	r2, [r3, #152]	@ 0x98
  MPU->RASR = 0U;
 8001152:	2100      	movs	r1, #0
 8001154:	f8c3 10a0 	str.w	r1, [r3, #160]	@ 0xa0
 8001158:	3201      	adds	r2, #1
 800115a:	e7f0      	b.n	800113e <z_arm_mpu_init+0x46>
		mpu_clear_region(i);
	}

	arm_core_mpu_enable();
 800115c:	f7ff ffb6 	bl	80010cc <arm_core_mpu_enable>
	__ASSERT(
		(MPU->TYPE & MPU_TYPE_DREGION_Msk) >> MPU_TYPE_DREGION_Pos == 8,
		"Invalid number of MPU regions\n");
#endif /* CORTEX_M0PLUS || CPU_CORTEX_M3 || CPU_CORTEX_M4 */

	return 0;
 8001160:	2000      	movs	r0, #0
}
 8001162:	bd38      	pop	{r3, r4, r5, pc}
		return -1;
 8001164:	f04f 30ff 	mov.w	r0, #4294967295
 8001168:	e7fb      	b.n	8001162 <z_arm_mpu_init+0x6a>
 800116a:	bf00      	nop
 800116c:	080055f0 	.word	0x080055f0
 8001170:	e000ed00 	.word	0xe000ed00
 8001174:	20000404 	.word	0x20000404

08001178 <z_impl_zephyr_fputc>:
#include "picolibc-hooks.h"

static LIBC_DATA int (*_stdout_hook)(int);

int z_impl_zephyr_fputc(int a, FILE *out)
{
 8001178:	b508      	push	{r3, lr}
	(*_stdout_hook)(a);
 800117a:	4b02      	ldr	r3, [pc, #8]	@ (8001184 <z_impl_zephyr_fputc+0xc>)
 800117c:	681b      	ldr	r3, [r3, #0]
 800117e:	4798      	blx	r3
	return 0;
}
 8001180:	2000      	movs	r0, #0
 8001182:	bd08      	pop	{r3, pc}
 8001184:	20000338 	.word	0x20000338

08001188 <__stdout_hook_install>:
FILE *const stdout = &__stdout;
STDIO_ALIAS(stderr);

void __stdout_hook_install(int (*hook)(int))
{
	_stdout_hook = hook;
 8001188:	4b03      	ldr	r3, [pc, #12]	@ (8001198 <__stdout_hook_install+0x10>)
 800118a:	6018      	str	r0, [r3, #0]
	__stdout.flags |= _FDEV_SETUP_WRITE;
 800118c:	4a03      	ldr	r2, [pc, #12]	@ (800119c <__stdout_hook_install+0x14>)
 800118e:	7893      	ldrb	r3, [r2, #2]
 8001190:	f043 0302 	orr.w	r3, r3, #2
 8001194:	7093      	strb	r3, [r2, #2]
}
 8001196:	4770      	bx	lr
 8001198:	20000338 	.word	0x20000338
 800119c:	20000004 	.word	0x20000004

080011a0 <malloc_prepare>:
	return aligned_alloc(alignment, size);
}
#endif

static int malloc_prepare(void)
{
 80011a0:	b508      	push	{r3, lr}
			break;
		}
		heap_size >>= 1;
	}
#else
	heap_base = UINT_TO_POINTER(HEAP_BASE);
 80011a2:	4906      	ldr	r1, [pc, #24]	@ (80011bc <malloc_prepare+0x1c>)
 80011a4:	f021 0107 	bic.w	r1, r1, #7
	z_malloc_partition.start = POINTER_TO_UINT(heap_base);
	z_malloc_partition.size = heap_size;
	z_malloc_partition.attr = K_MEM_PARTITION_P_RW_U_RW;
#endif

	sys_heap_init(&z_malloc_heap, heap_base, heap_size);
 80011a8:	f1c1 5200 	rsb	r2, r1, #536870912	@ 0x20000000
 80011ac:	f502 32c0 	add.w	r2, r2, #98304	@ 0x18000
 80011b0:	4803      	ldr	r0, [pc, #12]	@ (80011c0 <malloc_prepare+0x20>)
 80011b2:	f002 fb13 	bl	80037dc <sys_heap_init>

	return 0;
}
 80011b6:	2000      	movs	r0, #0
 80011b8:	bd08      	pop	{r3, pc}
 80011ba:	bf00      	nop
 80011bc:	20001247 	.word	0x20001247
 80011c0:	2000033c 	.word	0x2000033c

080011c4 <stm32_exti_enable_clocks>:
	return 0;
}

/** Enables the peripheral clock required to access EXTI registers */
static int stm32_exti_enable_clocks(void)
{
 80011c4:	b500      	push	{lr}
 80011c6:	b083      	sub	sp, #12
	/* Initialize to 0 for series where there is nothing to do. */
	int ret = 0;

#if DT_NODE_HAS_PROP(EXTI_NODE, clocks)
	const struct device *const clk = DEVICE_DT_GET(STM32_CLOCK_CONTROL_NODE);
	const struct stm32_pclken pclken = STM32_CLOCK_INFO(0, EXTI_NODE);
 80011c8:	4b09      	ldr	r3, [pc, #36]	@ (80011f0 <stm32_exti_enable_clocks+0x2c>)
 80011ca:	e893 0003 	ldmia.w	r3, {r0, r1}
 80011ce:	ab02      	add	r3, sp, #8
 80011d0:	e903 0003 	stmdb	r3, {r0, r1}
	const struct clock_control_driver_api *api =
 80011d4:	4b07      	ldr	r3, [pc, #28]	@ (80011f4 <stm32_exti_enable_clocks+0x30>)
 80011d6:	689b      	ldr	r3, [r3, #8]
	if (api->on == NULL) {
 80011d8:	681b      	ldr	r3, [r3, #0]
 80011da:	b12b      	cbz	r3, 80011e8 <stm32_exti_enable_clocks+0x24>
	return api->on(dev, sys);
 80011dc:	4669      	mov	r1, sp
 80011de:	4805      	ldr	r0, [pc, #20]	@ (80011f4 <stm32_exti_enable_clocks+0x30>)
 80011e0:	4798      	blx	r3

	ret = clock_control_on(clk, (clock_control_subsys_t) &pclken);
#endif
	return ret;
}
 80011e2:	b003      	add	sp, #12
 80011e4:	f85d fb04 	ldr.w	pc, [sp], #4
		return -ENOSYS;
 80011e8:	f06f 0057 	mvn.w	r0, #87	@ 0x57
	return ret;
 80011ec:	e7f9      	b.n	80011e2 <stm32_exti_enable_clocks+0x1e>
 80011ee:	bf00      	nop
 80011f0:	08004f34 	.word	0x08004f34
 80011f4:	08004ad0 	.word	0x08004ad0

080011f8 <stm32_exti_is_pending>:
/**
 * @returns LL_EXTI_LINE_n define corresponding to EXTI line number
 */
static inline uint32_t exti_linenum_to_ll_exti_line(uint32_t line_num)
{
	return BIT(line_num % 32);
 80011f8:	f000 021f 	and.w	r2, r0, #31
 80011fc:	2301      	movs	r3, #1
 80011fe:	4093      	lsls	r3, r2
	if (!IS_VALID_EXTI_LINE_NUM(line_num)) {
 8001200:	281f      	cmp	r0, #31
 8001202:	d806      	bhi.n	8001212 <stm32_exti_is_pending+0x1a>
  * @note   Please check each device line mapping for EXTI Line availability
  * @retval State of bit (1 or 0).
  */
__STATIC_INLINE uint32_t LL_EXTI_IsActiveFlag_0_31(uint32_t ExtiLine)
{
  return (READ_BIT(EXTI->PR, ExtiLine) == (ExtiLine));
 8001204:	4a04      	ldr	r2, [pc, #16]	@ (8001218 <stm32_exti_is_pending+0x20>)
 8001206:	6952      	ldr	r2, [r2, #20]
	EXTI_FN_RET_HANDLER(EXTI_IS_ACTIVE_FLAG, &ret, line_num, line);
 8001208:	4393      	bics	r3, r2
 800120a:	bf0c      	ite	eq
 800120c:	2001      	moveq	r0, #1
 800120e:	2000      	movne	r0, #0
	return ret;
 8001210:	4770      	bx	lr
		return false;
 8001212:	2000      	movs	r0, #0
}
 8001214:	4770      	bx	lr
 8001216:	bf00      	nop
 8001218:	40013c00 	.word	0x40013c00

0800121c <stm32_exti_clear_pending>:
 800121c:	f000 021f 	and.w	r2, r0, #31
 8001220:	2301      	movs	r3, #1
 8001222:	4093      	lsls	r3, r2
	if (!IS_VALID_EXTI_LINE_NUM(line_num)) {
 8001224:	281f      	cmp	r0, #31
 8001226:	d803      	bhi.n	8001230 <stm32_exti_clear_pending+0x14>
  * @note   Please check each device line mapping for EXTI Line availability
  * @retval None
  */
__STATIC_INLINE void LL_EXTI_ClearFlag_0_31(uint32_t ExtiLine)
{
  WRITE_REG(EXTI->PR, ExtiLine);
 8001228:	4a03      	ldr	r2, [pc, #12]	@ (8001238 <stm32_exti_clear_pending+0x1c>)
 800122a:	6153      	str	r3, [r2, #20]
	return 0;
 800122c:	2000      	movs	r0, #0
 800122e:	4770      	bx	lr
		return -EINVAL;
 8001230:	f06f 0015 	mvn.w	r0, #21
}
 8001234:	4770      	bx	lr
 8001236:	bf00      	nop
 8001238:	40013c00 	.word	0x40013c00

0800123c <stm32_fill_irq_table>:
	}
}

static void stm32_fill_irq_table(int8_t start, int8_t len, int32_t irqn)
{
	for (int i = 0; i < len; i++) {
 800123c:	2300      	movs	r3, #0
 800123e:	4299      	cmp	r1, r3
 8001240:	dd0a      	ble.n	8001258 <stm32_fill_irq_table+0x1c>
{
 8001242:	b410      	push	{r4}
		exti_irq_table[start + i] = irqn;
 8001244:	eb00 0c03 	add.w	ip, r0, r3
 8001248:	4c04      	ldr	r4, [pc, #16]	@ (800125c <stm32_fill_irq_table+0x20>)
 800124a:	f804 200c 	strb.w	r2, [r4, ip]
	for (int i = 0; i < len; i++) {
 800124e:	3301      	adds	r3, #1
 8001250:	4299      	cmp	r1, r3
 8001252:	dcf7      	bgt.n	8001244 <stm32_fill_irq_table+0x8>
	}
}
 8001254:	bc10      	pop	{r4}
 8001256:	4770      	bx	lr
 8001258:	4770      	bx	lr
 800125a:	bf00      	nop
 800125c:	20000014 	.word	0x20000014

08001260 <stm32_intc_gpio_isr>:
{
 8001260:	b5f8      	push	{r3, r4, r5, r6, r7, lr}
 8001262:	4607      	mov	r7, r0
	for (uint8_t i = 0; i < range->len; i++) {
 8001264:	2400      	movs	r4, #0
 8001266:	e001      	b.n	800126c <stm32_intc_gpio_isr+0xc>
 8001268:	3401      	adds	r4, #1
 800126a:	b2e4      	uxtb	r4, r4
 800126c:	787b      	ldrb	r3, [r7, #1]
 800126e:	42a3      	cmp	r3, r4
 8001270:	d917      	bls.n	80012a2 <stm32_intc_gpio_isr+0x42>
		line_num = range->start + i;
 8001272:	783d      	ldrb	r5, [r7, #0]
 8001274:	1966      	adds	r6, r4, r5
		if (stm32_exti_is_pending(line_num)) {
 8001276:	4630      	mov	r0, r6
 8001278:	f7ff ffbe 	bl	80011f8 <stm32_exti_is_pending>
 800127c:	2800      	cmp	r0, #0
 800127e:	d0f3      	beq.n	8001268 <stm32_intc_gpio_isr+0x8>
			stm32_exti_clear_pending(line_num);
 8001280:	4630      	mov	r0, r6
 8001282:	f7ff ffcb 	bl	800121c <stm32_exti_clear_pending>
			if (!data->cb[line_num].cb) {
 8001286:	4b07      	ldr	r3, [pc, #28]	@ (80012a4 <stm32_intc_gpio_isr+0x44>)
 8001288:	f853 2036 	ldr.w	r2, [r3, r6, lsl #3]
 800128c:	2a00      	cmp	r2, #0
 800128e:	d0eb      	beq.n	8001268 <stm32_intc_gpio_isr+0x8>
 8001290:	f006 051f 	and.w	r5, r6, #31
			data->cb[line_num].cb(line, data->cb[line_num].data);
 8001294:	eb03 03c6 	add.w	r3, r3, r6, lsl #3
 8001298:	6859      	ldr	r1, [r3, #4]
 800129a:	2001      	movs	r0, #1
 800129c:	40a8      	lsls	r0, r5
 800129e:	4790      	blx	r2
 80012a0:	e7e2      	b.n	8001268 <stm32_intc_gpio_isr+0x8>
}
 80012a2:	bdf8      	pop	{r3, r4, r5, r6, r7, pc}
 80012a4:	20000348 	.word	0x20000348

080012a8 <LL_SYSCFG_SetEXTISource>:
  MODIFY_REG(SYSCFG->EXTICR[Line & 0xFF], (Line >> 16), Port << POSITION_VAL((Line >> 16)));
 80012a8:	fa5f fc81 	uxtb.w	ip, r1
 80012ac:	f10c 0202 	add.w	r2, ip, #2
 80012b0:	4b0a      	ldr	r3, [pc, #40]	@ (80012dc <LL_SYSCFG_SetEXTISource+0x34>)
 80012b2:	f853 2022 	ldr.w	r2, [r3, r2, lsl #2]
 80012b6:	0c0b      	lsrs	r3, r1, #16
 80012b8:	ea22 4111 	bic.w	r1, r2, r1, lsr #16
__STATIC_FORCEINLINE uint32_t __RBIT(uint32_t value)
{
  uint32_t result;

#if (__ARM_ARCH_ISA_THUMB >= 2)
   __ASM ("rbit %0, %1" : "=r" (result) : "r" (value) );
 80012bc:	fa93 f3a3 	rbit	r3, r3
     optimisations using the logic "value was passed to __builtin_clz, so it
     is non-zero".
     ARM GCC 7.3 and possibly earlier will optimise this test away, leaving a
     single CLZ instruction.
   */
  if (value == 0U)
 80012c0:	b14b      	cbz	r3, 80012d6 <LL_SYSCFG_SetEXTISource+0x2e>
  {
    return 32U;
  }
  return __builtin_clz(value);
 80012c2:	fab3 f383 	clz	r3, r3
 80012c6:	4098      	lsls	r0, r3
 80012c8:	4301      	orrs	r1, r0
 80012ca:	f10c 0c02 	add.w	ip, ip, #2
 80012ce:	4a03      	ldr	r2, [pc, #12]	@ (80012dc <LL_SYSCFG_SetEXTISource+0x34>)
 80012d0:	f842 102c 	str.w	r1, [r2, ip, lsl #2]
}
 80012d4:	4770      	bx	lr
    return 32U;
 80012d6:	2320      	movs	r3, #32
 80012d8:	e7f5      	b.n	80012c6 <LL_SYSCFG_SetEXTISource+0x1e>
 80012da:	bf00      	nop
 80012dc:	40013800 	.word	0x40013800

080012e0 <LL_SYSCFG_GetEXTISource>:
  return (uint32_t)(READ_BIT(SYSCFG->EXTICR[Line & 0xFF], (Line >> 16)) >> POSITION_VAL(Line >> 16));
 80012e0:	b2c3      	uxtb	r3, r0
 80012e2:	3302      	adds	r3, #2
 80012e4:	4a07      	ldr	r2, [pc, #28]	@ (8001304 <LL_SYSCFG_GetEXTISource+0x24>)
 80012e6:	f852 2023 	ldr.w	r2, [r2, r3, lsl #2]
 80012ea:	0c03      	lsrs	r3, r0, #16
 80012ec:	ea02 4010 	and.w	r0, r2, r0, lsr #16
   __ASM ("rbit %0, %1" : "=r" (result) : "r" (value) );
 80012f0:	fa93 f3a3 	rbit	r3, r3
  if (value == 0U)
 80012f4:	b11b      	cbz	r3, 80012fe <LL_SYSCFG_GetEXTISource+0x1e>
  return __builtin_clz(value);
 80012f6:	fab3 f383 	clz	r3, r3
}
 80012fa:	40d8      	lsrs	r0, r3
 80012fc:	4770      	bx	lr
    return 32U;
 80012fe:	2320      	movs	r3, #32
 8001300:	e7fb      	b.n	80012fa <LL_SYSCFG_GetEXTISource+0x1a>
 8001302:	bf00      	nop
 8001304:	40013800 	.word	0x40013800

08001308 <stm32_gpio_intc_enable_line>:
	ARG_UNUSED(port);
	return exti_linenum_to_ll_exti_line(pin);
}

void stm32_gpio_intc_enable_line(stm32_gpio_irq_line_t line)
{
 8001308:	b508      	push	{r3, lr}
	return LOG2(line);
 800130a:	4603      	mov	r3, r0
 800130c:	b168      	cbz	r0, 800132a <stm32_gpio_intc_enable_line+0x22>
 800130e:	fab0 f280 	clz	r2, r0
 8001312:	f1c2 021f 	rsb	r2, r2, #31
 8001316:	b2d2      	uxtb	r2, r2
	unsigned int irqnum;
	uint32_t line_num = ll_exti_line_to_linenum(line);

	/* Get matching exti irq provided line thanks to irq_table */
	irqnum = exti_irq_table[line_num];
 8001318:	4905      	ldr	r1, [pc, #20]	@ (8001330 <stm32_gpio_intc_enable_line+0x28>)
 800131a:	5688      	ldrsb	r0, [r1, r2]
  SET_BIT(EXTI->IMR, ExtiLine);
 800131c:	4a05      	ldr	r2, [pc, #20]	@ (8001334 <stm32_gpio_intc_enable_line+0x2c>)
 800131e:	6811      	ldr	r1, [r2, #0]
 8001320:	430b      	orrs	r3, r1
 8001322:	6013      	str	r3, [r2, #0]

	/* Enable requested line interrupt */
	EXTI_ENABLE_IT(0_31, line);

	/* Enable exti irq interrupt */
	irq_enable(irqnum);
 8001324:	f002 fbcc 	bl	8003ac0 <arm_irq_enable>
}
 8001328:	bd08      	pop	{r3, pc}
	return LOG2(line);
 800132a:	22ff      	movs	r2, #255	@ 0xff
 800132c:	e7f4      	b.n	8001318 <stm32_gpio_intc_enable_line+0x10>
 800132e:	bf00      	nop
 8001330:	20000014 	.word	0x20000014
 8001334:	40013c00 	.word	0x40013c00

08001338 <stm32_gpio_intc_disable_line>:
  CLEAR_BIT(EXTI->IMR, ExtiLine);
 8001338:	4a02      	ldr	r2, [pc, #8]	@ (8001344 <stm32_gpio_intc_disable_line+0xc>)
 800133a:	6813      	ldr	r3, [r2, #0]
 800133c:	ea23 0300 	bic.w	r3, r3, r0
 8001340:	6013      	str	r3, [r2, #0]

void stm32_gpio_intc_disable_line(stm32_gpio_irq_line_t line)
{
	EXTI_DISABLE_IT(0_31, line);
}
 8001342:	4770      	bx	lr
 8001344:	40013c00 	.word	0x40013c00

08001348 <stm32_gpio_intc_select_line_trigger>:

void stm32_gpio_intc_select_line_trigger(stm32_gpio_irq_line_t line, uint32_t trg)
{
	z_stm32_hsem_lock(CFG_HW_EXTI_SEMID, HSEM_LOCK_DEFAULT_RETRY);

	switch (trg) {
 8001348:	2903      	cmp	r1, #3
 800134a:	d826      	bhi.n	800139a <stm32_gpio_intc_select_line_trigger+0x52>
 800134c:	e8df f001 	tbb	[pc, r1]
 8001350:	1e150c02 	.word	0x1e150c02
  CLEAR_BIT(EXTI->RTSR, ExtiLine);
 8001354:	4b11      	ldr	r3, [pc, #68]	@ (800139c <stm32_gpio_intc_select_line_trigger+0x54>)
 8001356:	689a      	ldr	r2, [r3, #8]
 8001358:	ea22 0200 	bic.w	r2, r2, r0
 800135c:	609a      	str	r2, [r3, #8]
  CLEAR_BIT(EXTI->FTSR, ExtiLine);
 800135e:	68da      	ldr	r2, [r3, #12]
 8001360:	ea22 0200 	bic.w	r2, r2, r0
 8001364:	60da      	str	r2, [r3, #12]
}
 8001366:	4770      	bx	lr
  SET_BIT(EXTI->RTSR, ExtiLine);
 8001368:	4b0c      	ldr	r3, [pc, #48]	@ (800139c <stm32_gpio_intc_select_line_trigger+0x54>)
 800136a:	689a      	ldr	r2, [r3, #8]
 800136c:	4302      	orrs	r2, r0
 800136e:	609a      	str	r2, [r3, #8]
  CLEAR_BIT(EXTI->FTSR, ExtiLine);
 8001370:	68da      	ldr	r2, [r3, #12]
 8001372:	ea22 0200 	bic.w	r2, r2, r0
 8001376:	60da      	str	r2, [r3, #12]
}
 8001378:	4770      	bx	lr
  SET_BIT(EXTI->FTSR, ExtiLine);
 800137a:	4b08      	ldr	r3, [pc, #32]	@ (800139c <stm32_gpio_intc_select_line_trigger+0x54>)
 800137c:	68da      	ldr	r2, [r3, #12]
 800137e:	4302      	orrs	r2, r0
 8001380:	60da      	str	r2, [r3, #12]
  CLEAR_BIT(EXTI->RTSR, ExtiLine);
 8001382:	689a      	ldr	r2, [r3, #8]
 8001384:	ea22 0200 	bic.w	r2, r2, r0
 8001388:	609a      	str	r2, [r3, #8]
}
 800138a:	4770      	bx	lr
  SET_BIT(EXTI->RTSR, ExtiLine);
 800138c:	4b03      	ldr	r3, [pc, #12]	@ (800139c <stm32_gpio_intc_select_line_trigger+0x54>)
 800138e:	689a      	ldr	r2, [r3, #8]
 8001390:	4302      	orrs	r2, r0
 8001392:	609a      	str	r2, [r3, #8]
  SET_BIT(EXTI->FTSR, ExtiLine);
 8001394:	68da      	ldr	r2, [r3, #12]
 8001396:	4310      	orrs	r0, r2
 8001398:	60d8      	str	r0, [r3, #12]
	default:
		__ASSERT_NO_MSG(0);
		break;
	}
	z_stm32_hsem_unlock(CFG_HW_EXTI_SEMID);
}
 800139a:	4770      	bx	lr
 800139c:	40013c00 	.word	0x40013c00

080013a0 <stm32_gpio_intc_set_irq_callback>:

int stm32_gpio_intc_set_irq_callback(stm32_gpio_irq_line_t line, stm32_gpio_irq_cb_t cb, void *user)
{
 80013a0:	b410      	push	{r4}
	return LOG2(line);
 80013a2:	b198      	cbz	r0, 80013cc <stm32_gpio_intc_set_irq_callback+0x2c>
 80013a4:	fab0 f380 	clz	r3, r0
 80013a8:	f1c3 031f 	rsb	r3, r3, #31
 80013ac:	b2db      	uxtb	r3, r3
	struct stm32_intc_gpio_data *data = &intc_gpio_data;
	uint32_t line_num = ll_exti_line_to_linenum(line);
 80013ae:	469c      	mov	ip, r3

	if ((data->cb[line_num].cb == cb) && (data->cb[line_num].data == user)) {
 80013b0:	480d      	ldr	r0, [pc, #52]	@ (80013e8 <stm32_gpio_intc_set_irq_callback+0x48>)
 80013b2:	f850 0033 	ldr.w	r0, [r0, r3, lsl #3]
 80013b6:	4288      	cmp	r0, r1
 80013b8:	d00a      	beq.n	80013d0 <stm32_gpio_intc_set_irq_callback+0x30>
		return 0;
	}

	/* if callback already exists/is running, return busy */
	if (data->cb[line_num].cb != NULL) {
 80013ba:	b988      	cbnz	r0, 80013e0 <stm32_gpio_intc_set_irq_callback+0x40>
		return -EBUSY;
	}

	data->cb[line_num].cb = cb;
 80013bc:	4b0a      	ldr	r3, [pc, #40]	@ (80013e8 <stm32_gpio_intc_set_irq_callback+0x48>)
 80013be:	f843 103c 	str.w	r1, [r3, ip, lsl #3]
	data->cb[line_num].data = user;
 80013c2:	eb03 03cc 	add.w	r3, r3, ip, lsl #3
 80013c6:	605a      	str	r2, [r3, #4]

	return 0;
}
 80013c8:	bc10      	pop	{r4}
 80013ca:	4770      	bx	lr
	return LOG2(line);
 80013cc:	23ff      	movs	r3, #255	@ 0xff
 80013ce:	e7ee      	b.n	80013ae <stm32_gpio_intc_set_irq_callback+0xe>
	if ((data->cb[line_num].cb == cb) && (data->cb[line_num].data == user)) {
 80013d0:	4c05      	ldr	r4, [pc, #20]	@ (80013e8 <stm32_gpio_intc_set_irq_callback+0x48>)
 80013d2:	eb04 03c3 	add.w	r3, r4, r3, lsl #3
 80013d6:	685b      	ldr	r3, [r3, #4]
 80013d8:	4293      	cmp	r3, r2
 80013da:	d1ee      	bne.n	80013ba <stm32_gpio_intc_set_irq_callback+0x1a>
		return 0;
 80013dc:	2000      	movs	r0, #0
 80013de:	e7f3      	b.n	80013c8 <stm32_gpio_intc_set_irq_callback+0x28>
		return -EBUSY;
 80013e0:	f06f 000f 	mvn.w	r0, #15
 80013e4:	e7f0      	b.n	80013c8 <stm32_gpio_intc_set_irq_callback+0x28>
 80013e6:	bf00      	nop
 80013e8:	20000348 	.word	0x20000348

080013ec <stm32_gpio_intc_remove_irq_callback>:
	return LOG2(line);
 80013ec:	b160      	cbz	r0, 8001408 <stm32_gpio_intc_remove_irq_callback+0x1c>
 80013ee:	fab0 f380 	clz	r3, r0
 80013f2:	f1c3 031f 	rsb	r3, r3, #31
 80013f6:	b2db      	uxtb	r3, r3
void stm32_gpio_intc_remove_irq_callback(stm32_gpio_irq_line_t line)
{
	struct stm32_intc_gpio_data *data = &intc_gpio_data;
	uint32_t line_num = ll_exti_line_to_linenum(line);

	data->cb[line_num].cb = NULL;
 80013f8:	4a04      	ldr	r2, [pc, #16]	@ (800140c <stm32_gpio_intc_remove_irq_callback+0x20>)
 80013fa:	2100      	movs	r1, #0
 80013fc:	f842 1033 	str.w	r1, [r2, r3, lsl #3]
	data->cb[line_num].data = NULL;
 8001400:	eb02 02c3 	add.w	r2, r2, r3, lsl #3
 8001404:	6051      	str	r1, [r2, #4]
}
 8001406:	4770      	bx	lr
	return LOG2(line);
 8001408:	23ff      	movs	r3, #255	@ 0xff
 800140a:	e7f5      	b.n	80013f8 <stm32_gpio_intc_remove_irq_callback+0xc>
 800140c:	20000348 	.word	0x20000348

08001410 <stm32_clock_switch_to_hsi>:
  * @rmtoll CR           HSIRDY        LL_RCC_HSI_IsReady
  * @retval State of bit (1 or 0).
  */
__STATIC_INLINE uint32_t LL_RCC_HSI_IsReady(void)
{
  return (READ_BIT(RCC->CR, RCC_CR_HSIRDY) == (RCC_CR_HSIRDY));
 8001410:	4b0c      	ldr	r3, [pc, #48]	@ (8001444 <stm32_clock_switch_to_hsi+0x34>)
 8001412:	681b      	ldr	r3, [r3, #0]
 */
__unused
static void stm32_clock_switch_to_hsi(void)
{
	/* Enable HSI if not enabled */
	if (LL_RCC_HSI_IsReady() != 1) {
 8001414:	f013 0f02 	tst.w	r3, #2
 8001418:	d109      	bne.n	800142e <stm32_clock_switch_to_hsi+0x1e>
  SET_BIT(RCC->CR, RCC_CR_HSION);
 800141a:	4a0a      	ldr	r2, [pc, #40]	@ (8001444 <stm32_clock_switch_to_hsi+0x34>)
 800141c:	6813      	ldr	r3, [r2, #0]
 800141e:	f043 0301 	orr.w	r3, r3, #1
 8001422:	6013      	str	r3, [r2, #0]
  return (READ_BIT(RCC->CR, RCC_CR_HSIRDY) == (RCC_CR_HSIRDY));
 8001424:	4b07      	ldr	r3, [pc, #28]	@ (8001444 <stm32_clock_switch_to_hsi+0x34>)
 8001426:	681b      	ldr	r3, [r3, #0]
		/* Enable HSI */
		LL_RCC_HSI_Enable();
		while (LL_RCC_HSI_IsReady() != 1) {
 8001428:	f013 0f02 	tst.w	r3, #2
 800142c:	d0fa      	beq.n	8001424 <stm32_clock_switch_to_hsi+0x14>
  *         (*) value not defined in all devices.
  * @retval None
  */
__STATIC_INLINE void LL_RCC_SetSysClkSource(uint32_t Source)
{
  MODIFY_REG(RCC->CFGR, RCC_CFGR_SW, Source);
 800142e:	4a05      	ldr	r2, [pc, #20]	@ (8001444 <stm32_clock_switch_to_hsi+0x34>)
 8001430:	6893      	ldr	r3, [r2, #8]
 8001432:	f023 0303 	bic.w	r3, r3, #3
 8001436:	6093      	str	r3, [r2, #8]
  *
  *         (*) value not defined in all devices.
  */
__STATIC_INLINE uint32_t LL_RCC_GetSysClkSource(void)
{
  return (uint32_t)(READ_BIT(RCC->CFGR, RCC_CFGR_SWS));
 8001438:	4b02      	ldr	r3, [pc, #8]	@ (8001444 <stm32_clock_switch_to_hsi+0x34>)
 800143a:	689b      	ldr	r3, [r3, #8]
		}
	}

	/* Set HSI as SYSCLCK source */
	LL_RCC_SetSysClkSource(LL_RCC_SYS_CLKSOURCE_HSI);
	while (LL_RCC_GetSysClkSource() != LL_RCC_SYS_CLKSOURCE_STATUS_HSI) {
 800143c:	f013 0f0c 	tst.w	r3, #12
 8001440:	d1fa      	bne.n	8001438 <stm32_clock_switch_to_hsi+0x28>
	}
}
 8001442:	4770      	bx	lr
 8001444:	40023800 	.word	0x40023800

08001448 <set_up_fixed_clock_sources>:
  SET_BIT(RCC->CR, RCC_CR_HSEBYP);
 8001448:	4b0c      	ldr	r3, [pc, #48]	@ (800147c <set_up_fixed_clock_sources+0x34>)
 800144a:	681a      	ldr	r2, [r3, #0]
 800144c:	f442 2280 	orr.w	r2, r2, #262144	@ 0x40000
 8001450:	601a      	str	r2, [r3, #0]
  SET_BIT(RCC->CR, RCC_CR_HSEON);
 8001452:	681a      	ldr	r2, [r3, #0]
 8001454:	f442 3280 	orr.w	r2, r2, #65536	@ 0x10000
 8001458:	601a      	str	r2, [r3, #0]
  return (READ_BIT(RCC->CR, RCC_CR_HSERDY) == (RCC_CR_HSERDY));
 800145a:	4b08      	ldr	r3, [pc, #32]	@ (800147c <set_up_fixed_clock_sources+0x34>)
 800145c:	681b      	ldr	r3, [r3, #0]
#if STM32_HSE_DIV2
		LL_RCC_HSE_EnableDiv2();
#endif
		/* Enable HSE */
		LL_RCC_HSE_Enable();
		while (LL_RCC_HSE_IsReady() != 1) {
 800145e:	f413 3f00 	tst.w	r3, #131072	@ 0x20000
 8001462:	d0fa      	beq.n	800145a <set_up_fixed_clock_sources+0x12>
  SET_BIT(RCC->CSR, RCC_CSR_LSION);
 8001464:	4a05      	ldr	r2, [pc, #20]	@ (800147c <set_up_fixed_clock_sources+0x34>)
 8001466:	6f53      	ldr	r3, [r2, #116]	@ 0x74
 8001468:	f043 0301 	orr.w	r3, r3, #1
 800146c:	6753      	str	r3, [r2, #116]	@ 0x74
  return (READ_BIT(RCC->CSR, RCC_CSR_LSIRDY) == (RCC_CSR_LSIRDY));
 800146e:	4b03      	ldr	r3, [pc, #12]	@ (800147c <set_up_fixed_clock_sources+0x34>)
 8001470:	6f5b      	ldr	r3, [r3, #116]	@ 0x74
		LL_RCC_LSI1_Enable();
		while (LL_RCC_LSI1_IsReady() != 1) {
		}
#else
		LL_RCC_LSI_Enable();
		while (LL_RCC_LSI_IsReady() != 1) {
 8001472:	f013 0f02 	tst.w	r3, #2
 8001476:	d0fa      	beq.n	800146e <set_up_fixed_clock_sources+0x26>
		LL_RCC_HSI48_Enable();
		while (LL_RCC_HSI48_IsReady() != 1) {
		}
	}
#endif /* STM32_HSI48_ENABLED */
}
 8001478:	4770      	bx	lr
 800147a:	bf00      	nop
 800147c:	40023800 	.word	0x40023800

08001480 <stm32_clock_control_get_subsys_rate>:
{
 8001480:	b5f8      	push	{r3, r4, r5, r6, r7, lr}
 8001482:	460c      	mov	r4, r1
 8001484:	4615      	mov	r5, r2
	uint32_t ahb_clock = SystemCoreClock;
 8001486:	4b42      	ldr	r3, [pc, #264]	@ (8001590 <stm32_clock_control_get_subsys_rate+0x110>)
 8001488:	681e      	ldr	r6, [r3, #0]
	uint32_t apb1_clock = get_bus_clock(ahb_clock, STM32_APB1_PRESCALER);
 800148a:	2102      	movs	r1, #2
 800148c:	4630      	mov	r0, r6
 800148e:	f002 fd17 	bl	8003ec0 <get_bus_clock>
 8001492:	4607      	mov	r7, r0
	uint32_t apb2_clock = get_bus_clock(ahb_clock, STM32_APB2_PRESCALER);
 8001494:	2101      	movs	r1, #1
 8001496:	4630      	mov	r0, r6
 8001498:	f002 fd12 	bl	8003ec0 <get_bus_clock>
	switch (pclken->bus) {
 800149c:	8823      	ldrh	r3, [r4, #0]
 800149e:	f3c3 010b 	ubfx	r1, r3, #0, #12
 80014a2:	460b      	mov	r3, r1
 80014a4:	2944      	cmp	r1, #68	@ 0x44
 80014a6:	d829      	bhi.n	80014fc <stm32_clock_control_get_subsys_rate+0x7c>
 80014a8:	b209      	sxth	r1, r1
 80014aa:	2900      	cmp	r1, #0
 80014ac:	d068      	beq.n	8001580 <stm32_clock_control_get_subsys_rate+0x100>
 80014ae:	3b01      	subs	r3, #1
 80014b0:	2b43      	cmp	r3, #67	@ 0x43
 80014b2:	d868      	bhi.n	8001586 <stm32_clock_control_get_subsys_rate+0x106>
 80014b4:	e8df f003 	tbb	[pc, r3]
 80014b8:	5a56533d 	.word	0x5a56533d
 80014bc:	67493f5d 	.word	0x67493f5d
 80014c0:	67676767 	.word	0x67676767
 80014c4:	67676767 	.word	0x67676767
 80014c8:	67676767 	.word	0x67676767
 80014cc:	67676260 	.word	0x67676260
 80014d0:	67676767 	.word	0x67676767
 80014d4:	67676767 	.word	0x67676767
 80014d8:	67676767 	.word	0x67676767
 80014dc:	67676767 	.word	0x67676767
 80014e0:	67676767 	.word	0x67676767
 80014e4:	35676767 	.word	0x35676767
 80014e8:	35676767 	.word	0x35676767
 80014ec:	37676767 	.word	0x37676767
 80014f0:	67676767 	.word	0x67676767
 80014f4:	39676767 	.word	0x39676767
 80014f8:	3b676767 	.word	0x3b676767
 80014fc:	29a8      	cmp	r1, #168	@ 0xa8
 80014fe:	d10d      	bne.n	800151c <stm32_clock_control_get_subsys_rate+0x9c>
		*rate = ahb3_clock;
 8001500:	602e      	str	r6, [r5, #0]
	if (pclken->div) {
 8001502:	6823      	ldr	r3, [r4, #0]
 8001504:	f5b3 5f80 	cmp.w	r3, #4096	@ 0x1000
 8001508:	d340      	bcc.n	800158c <stm32_clock_control_get_subsys_rate+0x10c>
		*rate /= (pclken->div + 1);
 800150a:	682a      	ldr	r2, [r5, #0]
 800150c:	f3c3 3313 	ubfx	r3, r3, #12, #20
 8001510:	3301      	adds	r3, #1
 8001512:	fbb2 f2f3 	udiv	r2, r2, r3
 8001516:	602a      	str	r2, [r5, #0]
	return 0;
 8001518:	2000      	movs	r0, #0
 800151a:	e036      	b.n	800158a <stm32_clock_control_get_subsys_rate+0x10a>
	switch (pclken->bus) {
 800151c:	f06f 0085 	mvn.w	r0, #133	@ 0x85
 8001520:	e033      	b.n	800158a <stm32_clock_control_get_subsys_rate+0x10a>
		*rate = ahb_clock;
 8001522:	602e      	str	r6, [r5, #0]
		break;
 8001524:	e7ed      	b.n	8001502 <stm32_clock_control_get_subsys_rate+0x82>
		*rate = ahb3_clock;
 8001526:	602e      	str	r6, [r5, #0]
		break;
 8001528:	e7eb      	b.n	8001502 <stm32_clock_control_get_subsys_rate+0x82>
		*rate = apb1_clock;
 800152a:	602f      	str	r7, [r5, #0]
		break;
 800152c:	e7e9      	b.n	8001502 <stm32_clock_control_get_subsys_rate+0x82>
		*rate = apb2_clock;
 800152e:	6028      	str	r0, [r5, #0]
		break;
 8001530:	e7e7      	b.n	8001502 <stm32_clock_control_get_subsys_rate+0x82>
		*rate = SystemCoreClock * STM32_CORE_PRESCALER;
 8001532:	602e      	str	r6, [r5, #0]
		break;
 8001534:	e7e5      	b.n	8001502 <stm32_clock_control_get_subsys_rate+0x82>
		*rate = get_pll_div_frequency(get_pllsrc_frequency(),
 8001536:	f000 f8cf 	bl	80016d8 <get_pllsrc_frequency>
 800153a:	2304      	movs	r3, #4
 800153c:	f44f 72a8 	mov.w	r2, #336	@ 0x150
 8001540:	2108      	movs	r1, #8
 8001542:	f002 fcb6 	bl	8003eb2 <get_pll_div_frequency>
 8001546:	6028      	str	r0, [r5, #0]
		break;
 8001548:	e7db      	b.n	8001502 <stm32_clock_control_get_subsys_rate+0x82>
		*rate = get_pll_div_frequency(get_pllsrc_frequency(),
 800154a:	f000 f8c5 	bl	80016d8 <get_pllsrc_frequency>
 800154e:	2307      	movs	r3, #7
 8001550:	f44f 72a8 	mov.w	r2, #336	@ 0x150
 8001554:	2108      	movs	r1, #8
 8001556:	f002 fcac 	bl	8003eb2 <get_pll_div_frequency>
 800155a:	6028      	str	r0, [r5, #0]
		break;
 800155c:	e7d1      	b.n	8001502 <stm32_clock_control_get_subsys_rate+0x82>
		*rate = STM32_LSE_FREQ;
 800155e:	2300      	movs	r3, #0
 8001560:	602b      	str	r3, [r5, #0]
		break;
 8001562:	e7ce      	b.n	8001502 <stm32_clock_control_get_subsys_rate+0x82>
		*rate = STM32_LSI_FREQ;
 8001564:	f44f 43fa 	mov.w	r3, #32000	@ 0x7d00
 8001568:	602b      	str	r3, [r5, #0]
		break;
 800156a:	e7ca      	b.n	8001502 <stm32_clock_control_get_subsys_rate+0x82>
		*rate = STM32_HSI_FREQ;
 800156c:	2300      	movs	r3, #0
 800156e:	602b      	str	r3, [r5, #0]
		break;
 8001570:	e7c7      	b.n	8001502 <stm32_clock_control_get_subsys_rate+0x82>
		*rate = STM32_HSE_FREQ;
 8001572:	4b08      	ldr	r3, [pc, #32]	@ (8001594 <stm32_clock_control_get_subsys_rate+0x114>)
 8001574:	602b      	str	r3, [r5, #0]
		break;
 8001576:	e7c4      	b.n	8001502 <stm32_clock_control_get_subsys_rate+0x82>
		*rate = STM32_APB1_PRESCALER <= 2 ? ahb_clock : apb1_clock * 2;
 8001578:	602e      	str	r6, [r5, #0]
		break;
 800157a:	e7c2      	b.n	8001502 <stm32_clock_control_get_subsys_rate+0x82>
		*rate = STM32_APB2_PRESCALER <= 2 ? ahb_clock : apb2_clock * 2;
 800157c:	602e      	str	r6, [r5, #0]
		break;
 800157e:	e7c0      	b.n	8001502 <stm32_clock_control_get_subsys_rate+0x82>
	switch (pclken->bus) {
 8001580:	f06f 0085 	mvn.w	r0, #133	@ 0x85
 8001584:	e001      	b.n	800158a <stm32_clock_control_get_subsys_rate+0x10a>
 8001586:	f06f 0085 	mvn.w	r0, #133	@ 0x85
}
 800158a:	bdf8      	pop	{r3, r4, r5, r6, r7, pc}
	return 0;
 800158c:	2000      	movs	r0, #0
 800158e:	e7fc      	b.n	800158a <stm32_clock_control_get_subsys_rate+0x10a>
 8001590:	2000003c 	.word	0x2000003c
 8001594:	007a1200 	.word	0x007a1200

08001598 <set_up_plls>:
{
 8001598:	b508      	push	{r3, lr}
  return (uint32_t)(READ_BIT(RCC->CFGR, RCC_CFGR_SWS));
 800159a:	4b1b      	ldr	r3, [pc, #108]	@ (8001608 <set_up_plls+0x70>)
 800159c:	689b      	ldr	r3, [r3, #8]
 800159e:	f003 030c 	and.w	r3, r3, #12
	if (LL_RCC_GetSysClkSource() == LL_RCC_SYS_CLKSOURCE_STATUS_PLL) {
 80015a2:	2b08      	cmp	r3, #8
 80015a4:	d027      	beq.n	80015f6 <set_up_plls+0x5e>
  * @rmtoll CR           PLLON         LL_RCC_PLL_Disable
  * @retval None
  */
__STATIC_INLINE void LL_RCC_PLL_Disable(void)
{
  CLEAR_BIT(RCC->CR, RCC_CR_PLLON);
 80015a6:	4a18      	ldr	r2, [pc, #96]	@ (8001608 <set_up_plls+0x70>)
 80015a8:	6813      	ldr	r3, [r2, #0]
 80015aa:	f023 7380 	bic.w	r3, r3, #16777216	@ 0x1000000
 80015ae:	6013      	str	r3, [r2, #0]
  * @rmtoll CR           PLLRDY        LL_RCC_PLL_IsReady
  * @retval State of bit (1 or 0).
  */
__STATIC_INLINE uint32_t LL_RCC_PLL_IsReady(void)
{
  return (READ_BIT(RCC->CR, RCC_CR_PLLRDY) == (RCC_CR_PLLRDY));
 80015b0:	4b15      	ldr	r3, [pc, #84]	@ (8001608 <set_up_plls+0x70>)
 80015b2:	681b      	ldr	r3, [r3, #0]
	while (LL_RCC_PLL_IsReady() != 0U) {
 80015b4:	f013 7f00 	tst.w	r3, #33554432	@ 0x2000000
 80015b8:	d1fa      	bne.n	80015b0 <set_up_plls+0x18>
	*(volatile uint16_t *)addr = data;
}

static ALWAYS_INLINE uint32_t sys_read32(mem_addr_t addr)
{
	return *(volatile uint32_t *)addr;
 80015ba:	4a14      	ldr	r2, [pc, #80]	@ (800160c <set_up_plls+0x74>)
 80015bc:	f8d2 3804 	ldr.w	r3, [r2, #2052]	@ 0x804
}

static ALWAYS_INLINE void stm32_reg_modify_bits(volatile uint32_t *addr, uint32_t mask,
						uint32_t value)
{
	stm32_reg_write(addr, (stm32_reg_read(addr) & ~mask) | value);
 80015c0:	f423 3340 	bic.w	r3, r3, #196608	@ 0x30000
 80015c4:	f443 3380 	orr.w	r3, r3, #65536	@ 0x10000
}

static ALWAYS_INLINE void sys_write32(uint32_t data, mem_addr_t addr)
{
	*(volatile uint32_t *)addr = data;
 80015c8:	f8c2 3804 	str.w	r3, [r2, #2052]	@ 0x804
	return *(volatile uint32_t *)addr;
 80015cc:	f8d2 3804 	ldr.w	r3, [r2, #2052]	@ 0x804
 80015d0:	f023 6370 	bic.w	r3, r3, #251658240	@ 0xf000000
 80015d4:	f043 63e0 	orr.w	r3, r3, #117440512	@ 0x7000000
	*(volatile uint32_t *)addr = data;
 80015d8:	f8c2 3804 	str.w	r3, [r2, #2052]	@ 0x804
	config_pll_sysclock();
 80015dc:	f000 f880 	bl	80016e0 <config_pll_sysclock>
  SET_BIT(RCC->CR, RCC_CR_PLLON);
 80015e0:	4a09      	ldr	r2, [pc, #36]	@ (8001608 <set_up_plls+0x70>)
 80015e2:	6813      	ldr	r3, [r2, #0]
 80015e4:	f043 7380 	orr.w	r3, r3, #16777216	@ 0x1000000
 80015e8:	6013      	str	r3, [r2, #0]
  return (READ_BIT(RCC->CR, RCC_CR_PLLRDY) == (RCC_CR_PLLRDY));
 80015ea:	4b07      	ldr	r3, [pc, #28]	@ (8001608 <set_up_plls+0x70>)
 80015ec:	681b      	ldr	r3, [r3, #0]
	while (LL_RCC_PLL_IsReady() != 1U) {
 80015ee:	f013 7f00 	tst.w	r3, #33554432	@ 0x2000000
 80015f2:	d0fa      	beq.n	80015ea <set_up_plls+0x52>
}
 80015f4:	bd08      	pop	{r3, pc}
		stm32_clock_switch_to_hsi();
 80015f6:	f7ff ff0b 	bl	8001410 <stm32_clock_switch_to_hsi>
  MODIFY_REG(RCC->CFGR, RCC_CFGR_HPRE, Prescaler);
 80015fa:	4a03      	ldr	r2, [pc, #12]	@ (8001608 <set_up_plls+0x70>)
 80015fc:	6893      	ldr	r3, [r2, #8]
 80015fe:	f023 03f0 	bic.w	r3, r3, #240	@ 0xf0
 8001602:	6093      	str	r3, [r2, #8]
}
 8001604:	e7cf      	b.n	80015a6 <set_up_plls+0xe>
 8001606:	bf00      	nop
 8001608:	40023800 	.word	0x40023800
 800160c:	40023000 	.word	0x40023000

08001610 <enabled_clock>:
	switch (src_clk) {
 8001610:	2816      	cmp	r0, #22
 8001612:	d806      	bhi.n	8001622 <enabled_clock+0x12>
 8001614:	4b06      	ldr	r3, [pc, #24]	@ (8001630 <enabled_clock+0x20>)
 8001616:	40c3      	lsrs	r3, r0
 8001618:	f013 0f01 	tst.w	r3, #1
 800161c:	d004      	beq.n	8001628 <enabled_clock+0x18>
	int r = 0;
 800161e:	2000      	movs	r0, #0
 8001620:	4770      	bx	lr
	switch (src_clk) {
 8001622:	f06f 0085 	mvn.w	r0, #133	@ 0x85
 8001626:	4770      	bx	lr
 8001628:	f06f 0085 	mvn.w	r0, #133	@ 0x85
}
 800162c:	4770      	bx	lr
 800162e:	bf00      	nop
 8001630:	006000ea 	.word	0x006000ea

08001634 <stm32_clock_control_init>:
 * @param dev clock device struct
 *
 * @return 0
 */
int stm32_clock_control_init(const struct device *dev)
{
 8001634:	b538      	push	{r3, r4, r5, lr}
	ARG_UNUSED(dev);

	/* Some clocks would be activated by default */
	config_enable_default_clocks();
 8001636:	f000 f877 	bl	8001728 <config_enable_default_clocks>
	config_regulator_voltage(CONFIG_SYS_CLOCK_HW_CYCLES_PER_SEC);
 800163a:	4c23      	ldr	r4, [pc, #140]	@ (80016c8 <stm32_clock_control_init+0x94>)
 800163c:	4620      	mov	r0, r4
 800163e:	f002 fcbc 	bl	8003fba <config_regulator_voltage>

#if defined(FLASH_ACR_LATENCY)
	uint32_t old_flash_freq;
	uint32_t new_flash_freq;

	old_flash_freq = RCC_CALC_FLASH_FREQ(HAL_RCC_GetSysClockFreq(),
 8001642:	f000 fb7d 	bl	8001d40 <HAL_RCC_GetSysClockFreq>
  return (uint32_t)(READ_BIT(RCC->CFGR, RCC_CFGR_HPRE));
 8001646:	4b21      	ldr	r3, [pc, #132]	@ (80016cc <stm32_clock_control_init+0x98>)
 8001648:	689b      	ldr	r3, [r3, #8]
 800164a:	f3c3 1303 	ubfx	r3, r3, #4, #4
 800164e:	4a20      	ldr	r2, [pc, #128]	@ (80016d0 <stm32_clock_control_init+0x9c>)
 8001650:	5cd3      	ldrb	r3, [r2, r3]
 8001652:	fa20 f503 	lsr.w	r5, r0, r3
					       GET_CURRENT_FLASH_PRESCALER());

	new_flash_freq = RCC_CALC_FLASH_FREQ(CONFIG_SYS_CLOCK_HW_CYCLES_PER_SEC,
 8001656:	7813      	ldrb	r3, [r2, #0]
 8001658:	411c      	asrs	r4, r3
				      STM32_FLASH_PRESCALER);

	/* If HCLK increases, set flash latency before any clock setting */
	if (old_flash_freq < new_flash_freq) {
 800165a:	42a5      	cmp	r5, r4
 800165c:	d32c      	bcc.n	80016b8 <stm32_clock_control_init+0x84>
		LL_SetFlashLatency(new_flash_freq);
	}
#endif /* FLASH_ACR_LATENCY */

	/* Set up individual enabled clocks */
	set_up_fixed_clock_sources();
 800165e:	f7ff fef3 	bl	8001448 <set_up_fixed_clock_sources>

	/* Set up PLLs */
	set_up_plls();
 8001662:	f7ff ff99 	bl	8001598 <set_up_plls>
  MODIFY_REG(RCC->CFGR, RCC_CFGR_HPRE, Prescaler);
 8001666:	4a19      	ldr	r2, [pc, #100]	@ (80016cc <stm32_clock_control_init+0x98>)
 8001668:	6893      	ldr	r3, [r2, #8]
 800166a:	f023 03f0 	bic.w	r3, r3, #240	@ 0xf0
 800166e:	6093      	str	r3, [r2, #8]
  MODIFY_REG(RCC->CFGR, RCC_CFGR_SW, Source);
 8001670:	6893      	ldr	r3, [r2, #8]
 8001672:	f023 0303 	bic.w	r3, r3, #3
 8001676:	f043 0302 	orr.w	r3, r3, #2
 800167a:	6093      	str	r3, [r2, #8]
  return (uint32_t)(READ_BIT(RCC->CFGR, RCC_CFGR_SWS));
 800167c:	4b13      	ldr	r3, [pc, #76]	@ (80016cc <stm32_clock_control_init+0x98>)
 800167e:	689b      	ldr	r3, [r3, #8]
 8001680:	f003 030c 	and.w	r3, r3, #12
	}

#if STM32_SYSCLK_SRC_PLL
	/* Set PLL as System Clock Source */
	LL_RCC_SetSysClkSource(LL_RCC_SYS_CLKSOURCE_PLL);
	while (LL_RCC_GetSysClkSource() != LL_RCC_SYS_CLKSOURCE_STATUS_PLL) {
 8001684:	2b08      	cmp	r3, #8
 8001686:	d1f9      	bne.n	800167c <stm32_clock_control_init+0x48>
		LL_RCC_SetAHBPrescaler(ahb_prescaler(STM32_CORE_PRESCALER));
	}

#if defined(FLASH_ACR_LATENCY)
	/* If HCLK not increased, set flash latency after all clock setting */
	if (old_flash_freq >= new_flash_freq) {
 8001688:	42a5      	cmp	r5, r4
 800168a:	d219      	bcs.n	80016c0 <stm32_clock_control_init+0x8c>
		LL_SetFlashLatency(new_flash_freq);
	}
#endif /* FLASH_ACR_LATENCY */

	SystemCoreClock = CONFIG_SYS_CLOCK_HW_CYCLES_PER_SEC;
 800168c:	4b11      	ldr	r3, [pc, #68]	@ (80016d4 <stm32_clock_control_init+0xa0>)
 800168e:	4a0e      	ldr	r2, [pc, #56]	@ (80016c8 <stm32_clock_control_init+0x94>)
 8001690:	601a      	str	r2, [r3, #0]
  MODIFY_REG(RCC->CFGR, RCC_CFGR_PPRE1, Prescaler);
 8001692:	4b0e      	ldr	r3, [pc, #56]	@ (80016cc <stm32_clock_control_init+0x98>)
 8001694:	689a      	ldr	r2, [r3, #8]
 8001696:	f422 52e0 	bic.w	r2, r2, #7168	@ 0x1c00
 800169a:	f442 5280 	orr.w	r2, r2, #4096	@ 0x1000
 800169e:	609a      	str	r2, [r3, #8]
  MODIFY_REG(RCC->CFGR, RCC_CFGR_PPRE2, Prescaler);
 80016a0:	689a      	ldr	r2, [r3, #8]
 80016a2:	f422 4260 	bic.w	r2, r2, #57344	@ 0xe000
 80016a6:	609a      	str	r2, [r3, #8]
  MODIFY_REG(RCC->DCKCFGR, RCC_DCKCFGR_TIMPRE, Prescaler);
 80016a8:	f8d3 208c 	ldr.w	r2, [r3, #140]	@ 0x8c
 80016ac:	f022 7280 	bic.w	r2, r2, #16777216	@ 0x1000000
 80016b0:	f8c3 208c 	str.w	r2, [r3, #140]	@ 0x8c
		LL_RCC_SetTIMPrescaler(LL_RCC_TIM_PRESCALER_TWICE);
	}
#endif

	return 0;
}
 80016b4:	2000      	movs	r0, #0
 80016b6:	bd38      	pop	{r3, r4, r5, pc}
		LL_SetFlashLatency(new_flash_freq);
 80016b8:	4620      	mov	r0, r4
 80016ba:	f000 fbaf 	bl	8001e1c <LL_SetFlashLatency>
 80016be:	e7ce      	b.n	800165e <stm32_clock_control_init+0x2a>
		LL_SetFlashLatency(new_flash_freq);
 80016c0:	4620      	mov	r0, r4
 80016c2:	f000 fbab 	bl	8001e1c <LL_SetFlashLatency>
 80016c6:	e7e1      	b.n	800168c <stm32_clock_control_init+0x58>
 80016c8:	0501bd00 	.word	0x0501bd00
 80016cc:	40023800 	.word	0x40023800
 80016d0:	080056d4 	.word	0x080056d4
 80016d4:	2000003c 	.word	0x2000003c

080016d8 <get_pllsrc_frequency>:
		return STM32_HSE_FREQ;
	}

	__ASSERT(0, "Invalid source");
	return 0;
}
 80016d8:	4800      	ldr	r0, [pc, #0]	@ (80016dc <get_pllsrc_frequency+0x4>)
 80016da:	4770      	bx	lr
 80016dc:	007a1200 	.word	0x007a1200

080016e0 <config_pll_sysclock>:

/**
 * @brief Set up pll configuration
 */
void config_pll_sysclock(void)
{
 80016e0:	b508      	push	{r3, lr}
#if STM32_PLL_P_ENABLED
	/* All STM32F2x, F4x and F7x */
	LL_RCC_PLL_ConfigDomain_SYS(get_pll_source(),
 80016e2:	f002 fc6b 	bl	8003fbc <get_pll_source>
  *         (*) value not defined in all devices.
  * @retval None
  */
__STATIC_INLINE void LL_RCC_PLL_ConfigDomain_SYS(uint32_t Source, uint32_t PLLM, uint32_t PLLN, uint32_t PLLP_R)
{
  MODIFY_REG(RCC->PLLCFGR, RCC_PLLCFGR_PLLSRC | RCC_PLLCFGR_PLLM | RCC_PLLCFGR_PLLN,
 80016e6:	4b0c      	ldr	r3, [pc, #48]	@ (8001718 <config_pll_sysclock+0x38>)
 80016e8:	6859      	ldr	r1, [r3, #4]
 80016ea:	4a0c      	ldr	r2, [pc, #48]	@ (800171c <config_pll_sysclock+0x3c>)
 80016ec:	400a      	ands	r2, r1
 80016ee:	f440 41a8 	orr.w	r1, r0, #21504	@ 0x5400
 80016f2:	f041 0108 	orr.w	r1, r1, #8
 80016f6:	430a      	orrs	r2, r1
 80016f8:	605a      	str	r2, [r3, #4]
             Source | PLLM | PLLN << RCC_PLLCFGR_PLLN_Pos);
  MODIFY_REG(RCC->PLLCFGR, RCC_PLLCFGR_PLLP, PLLP_R);
 80016fa:	685a      	ldr	r2, [r3, #4]
 80016fc:	f422 3240 	bic.w	r2, r2, #196608	@ 0x30000
 8001700:	f442 3280 	orr.w	r2, r2, #65536	@ 0x10000
 8001704:	605a      	str	r2, [r3, #4]
  *         @arg @ref LL_RCC_PLLQ_DIV_15
  * @retval None
  */
__STATIC_INLINE void LL_RCC_PLL_ConfigDomain_48M(uint32_t Source, uint32_t PLLM, uint32_t PLLN, uint32_t PLLQ)
{
  MODIFY_REG(RCC->PLLCFGR, RCC_PLLCFGR_PLLSRC | RCC_PLLCFGR_PLLM | RCC_PLLCFGR_PLLN | RCC_PLLCFGR_PLLQ,
 8001706:	6859      	ldr	r1, [r3, #4]
 8001708:	4a05      	ldr	r2, [pc, #20]	@ (8001720 <config_pll_sysclock+0x40>)
 800170a:	400a      	ands	r2, r1
 800170c:	4905      	ldr	r1, [pc, #20]	@ (8001724 <config_pll_sysclock+0x44>)
 800170e:	4301      	orrs	r1, r0
 8001710:	430a      	orrs	r2, r1
 8001712:	605a      	str	r2, [r3, #4]
		 * for the overdrive function. The caller will try to turn on the PLL
		 * And start waiting for the PLL locking phase to complete.
		 */
	}
#endif /* CONFIG_SOC_SERIES_STM32F7X */
}
 8001714:	bd08      	pop	{r3, pc}
 8001716:	bf00      	nop
 8001718:	40023800 	.word	0x40023800
 800171c:	ffbf8000 	.word	0xffbf8000
 8001720:	f0bf8000 	.word	0xf0bf8000
 8001724:	07005408 	.word	0x07005408

08001728 <config_enable_default_clocks>:

/**
 * @brief Activate default clocks
 */
void config_enable_default_clocks(void)
{
 8001728:	b082      	sub	sp, #8
  * @retval None
  */
__STATIC_INLINE void LL_APB1_GRP1_EnableClock(uint32_t Periphs)
{
  __IO uint32_t tmpreg;
  SET_BIT(RCC->APB1ENR, Periphs);
 800172a:	4b06      	ldr	r3, [pc, #24]	@ (8001744 <config_enable_default_clocks+0x1c>)
 800172c:	6c1a      	ldr	r2, [r3, #64]	@ 0x40
 800172e:	f042 5280 	orr.w	r2, r2, #268435456	@ 0x10000000
 8001732:	641a      	str	r2, [r3, #64]	@ 0x40
  /* Delay after an RCC peripheral clock enabling */
  tmpreg = READ_BIT(RCC->APB1ENR, Periphs);
 8001734:	6c1b      	ldr	r3, [r3, #64]	@ 0x40
 8001736:	f003 5380 	and.w	r3, r3, #268435456	@ 0x10000000
 800173a:	9301      	str	r3, [sp, #4]
  (void)tmpreg;
 800173c:	9b01      	ldr	r3, [sp, #4]
	/* Power Interface clock enabled by default */
	LL_APB1_GRP1_EnableClock(LL_APB1_GRP1_PERIPH_PWR);
}
 800173e:	b002      	add	sp, #8
 8001740:	4770      	bx	lr
 8001742:	bf00      	nop
 8001744:	40023800 	.word	0x40023800

08001748 <console_out>:
 *
 * @return The character passed as input.
 */

static int console_out(int c)
{
 8001748:	b510      	push	{r4, lr}
 800174a:	4604      	mov	r4, r0
		 * function MUST return the byte output.
		 */
		return c;
	}

	if ('\n' == c) {
 800174c:	280a      	cmp	r0, #10
 800174e:	d006      	beq.n	800175e <console_out+0x16>
		uart_poll_out(uart_console_dev, '\r');
	}
	uart_poll_out(uart_console_dev, c);
 8001750:	b2e1      	uxtb	r1, r4
#endif
}

static inline void z_impl_uart_poll_out(const struct device *dev, unsigned char out_char)
{
	const struct uart_driver_api *api = (const struct uart_driver_api *)dev->api;
 8001752:	4806      	ldr	r0, [pc, #24]	@ (800176c <console_out+0x24>)
 8001754:	6883      	ldr	r3, [r0, #8]

	api->poll_out(dev, out_char);
 8001756:	685b      	ldr	r3, [r3, #4]
 8001758:	4798      	blx	r3
	 * As errors cannot be returned, ignore the return value
	 */
	(void)pm_device_runtime_put_async(uart_console_dev, K_MSEC(1));

	return c;
}
 800175a:	4620      	mov	r0, r4
 800175c:	bd10      	pop	{r4, pc}
	const struct uart_driver_api *api = (const struct uart_driver_api *)dev->api;
 800175e:	4803      	ldr	r0, [pc, #12]	@ (800176c <console_out+0x24>)
 8001760:	6883      	ldr	r3, [r0, #8]
	api->poll_out(dev, out_char);
 8001762:	685b      	ldr	r3, [r3, #4]
 8001764:	210d      	movs	r1, #13
 8001766:	4798      	blx	r3
		return;
	}
#endif
	compiler_barrier();
	z_impl_uart_poll_out(dev, out_char);
}
 8001768:	e7f2      	b.n	8001750 <console_out+0x8>
 800176a:	bf00      	nop
 800176c:	08004c04 	.word	0x08004c04

08001770 <uart_console_hook_install>:
/**
 * @brief Install printk/stdout hook for UART console output
 */

static void uart_console_hook_install(void)
{
 8001770:	b510      	push	{r4, lr}
#if defined(CONFIG_STDOUT_CONSOLE)
	__stdout_hook_install(console_out);
 8001772:	4c04      	ldr	r4, [pc, #16]	@ (8001784 <uart_console_hook_install+0x14>)
 8001774:	4620      	mov	r0, r4
 8001776:	f7ff fd07 	bl	8001188 <__stdout_hook_install>
#endif
#if defined(CONFIG_PRINTK)
	__printk_hook_install(console_out);
 800177a:	4620      	mov	r0, r4
 800177c:	f7fe ff1a 	bl	80005b4 <__printk_hook_install>
#endif
}
 8001780:	bd10      	pop	{r4, pc}
 8001782:	bf00      	nop
 8001784:	08001749 	.word	0x08001749

08001788 <uart_console_init>:
 * @brief Initialize one UART as the console/debug port
 *
 * @return 0 if successful, otherwise failed.
 */
static int uart_console_init(void)
{
 8001788:	b508      	push	{r3, lr}
 800178a:	4805      	ldr	r0, [pc, #20]	@ (80017a0 <uart_console_init+0x18>)
 800178c:	f002 ffe4 	bl	8004758 <z_impl_device_is_ready>
	if (!device_is_ready(uart_console_dev)) {
 8001790:	b118      	cbz	r0, 800179a <uart_console_init+0x12>
		return -ENODEV;
	}

	uart_console_hook_install();
 8001792:	f7ff ffed 	bl	8001770 <uart_console_hook_install>

	return 0;
 8001796:	2000      	movs	r0, #0
}
 8001798:	bd08      	pop	{r3, pc}
		return -ENODEV;
 800179a:	f06f 0012 	mvn.w	r0, #18
 800179e:	e7fb      	b.n	8001798 <uart_console_init+0x10>
 80017a0:	08004c04 	.word	0x08004c04

080017a4 <gpio_stm32_pin_interrupt_configure>:

static int gpio_stm32_pin_interrupt_configure(const struct device *dev,
					      gpio_pin_t pin,
					      enum gpio_int_mode mode,
					      enum gpio_int_trig trig)
{
 80017a4:	e92d 43f8 	stmdb	sp!, {r3, r4, r5, r6, r7, r8, r9, lr}
 80017a8:	4680      	mov	r8, r0
 80017aa:	460f      	mov	r7, r1
 80017ac:	4616      	mov	r6, r2
 80017ae:	461c      	mov	r4, r3
	const struct gpio_stm32_config *cfg = dev->config;
 80017b0:	f8d0 9004 	ldr.w	r9, [r0, #4]
	const stm32_gpio_irq_line_t irq_line = stm32_gpio_intc_get_pin_irq_line(cfg->port, pin);
 80017b4:	f8d9 0008 	ldr.w	r0, [r9, #8]
 80017b8:	f002 fb5b 	bl	8003e72 <stm32_gpio_intc_get_pin_irq_line>
		stm32_gpio_intc_enable_line(irq_line);
		goto exit;
	}
#endif /* CONFIG_GPIO_ENABLE_DISABLE_INTERRUPT */

	if (mode == GPIO_INT_MODE_DISABLED) {
 80017bc:	f5b6 1f00 	cmp.w	r6, #2097152	@ 0x200000
 80017c0:	d00e      	beq.n	80017e0 <gpio_stm32_pin_interrupt_configure+0x3c>
 80017c2:	4605      	mov	r5, r0
		gpio_stm32_disable_pin_irqs(cfg->port, pin);
		goto exit;
	}

	if (mode == GPIO_INT_MODE_LEVEL) {
 80017c4:	f5b6 0f80 	cmp.w	r6, #4194304	@ 0x400000
 80017c8:	d02a      	beq.n	8001820 <gpio_stm32_pin_interrupt_configure+0x7c>
				err = -EINVAL;
				goto exit;
			}
		}
	} else {
		switch (trig) {
 80017ca:	f1b4 6f80 	cmp.w	r4, #67108864	@ 0x4000000
 80017ce:	d00e      	beq.n	80017ee <gpio_stm32_pin_interrupt_configure+0x4a>
 80017d0:	f1b4 6fc0 	cmp.w	r4, #100663296	@ 0x6000000
 80017d4:	d00d      	beq.n	80017f2 <gpio_stm32_pin_interrupt_configure+0x4e>
 80017d6:	f1b4 7f00 	cmp.w	r4, #33554432	@ 0x2000000
 80017da:	d124      	bne.n	8001826 <gpio_stm32_pin_interrupt_configure+0x82>
 80017dc:	2602      	movs	r6, #2
 80017de:	e009      	b.n	80017f4 <gpio_stm32_pin_interrupt_configure+0x50>
		gpio_stm32_disable_pin_irqs(cfg->port, pin);
 80017e0:	4639      	mov	r1, r7
 80017e2:	f8d9 0008 	ldr.w	r0, [r9, #8]
 80017e6:	f002 fcbd 	bl	8004164 <gpio_stm32_disable_pin_irqs>
	int err = 0;
 80017ea:	2400      	movs	r4, #0
		goto exit;
 80017ec:	e015      	b.n	800181a <gpio_stm32_pin_interrupt_configure+0x76>
		case GPIO_INT_TRIG_LOW:
			irq_trigger = STM32_GPIO_IRQ_TRIG_FALLING;
			break;
		case GPIO_INT_TRIG_HIGH:
			irq_trigger = STM32_GPIO_IRQ_TRIG_RISING;
 80017ee:	2601      	movs	r6, #1
 80017f0:	e000      	b.n	80017f4 <gpio_stm32_pin_interrupt_configure+0x50>
			break;
		case GPIO_INT_TRIG_BOTH:
			irq_trigger = STM32_GPIO_IRQ_TRIG_BOTH;
 80017f2:	2603      	movs	r6, #3
			err = -EINVAL;
			goto exit;
		}
	}

	if (stm32_gpio_intc_set_irq_callback(irq_line, gpio_stm32_isr, (void *)dev) != 0) {
 80017f4:	4642      	mov	r2, r8
 80017f6:	490f      	ldr	r1, [pc, #60]	@ (8001834 <gpio_stm32_pin_interrupt_configure+0x90>)
 80017f8:	4628      	mov	r0, r5
 80017fa:	f7ff fdd1 	bl	80013a0 <stm32_gpio_intc_set_irq_callback>
 80017fe:	4604      	mov	r4, r0
 8001800:	b9a0      	cbnz	r0, 800182c <gpio_stm32_pin_interrupt_configure+0x88>
		err = -EBUSY;
		goto exit;
	}

#if defined(CONFIG_EXTI_STM32)
	stm32_exti_set_line_src_port(pin, cfg->port);
 8001802:	f8d9 1008 	ldr.w	r1, [r9, #8]
 8001806:	4638      	mov	r0, r7
 8001808:	f002 fb38 	bl	8003e7c <stm32_exti_set_line_src_port>
#endif

	stm32_gpio_intc_select_line_trigger(irq_line, irq_trigger);
 800180c:	4631      	mov	r1, r6
 800180e:	4628      	mov	r0, r5
 8001810:	f7ff fd9a 	bl	8001348 <stm32_gpio_intc_select_line_trigger>

	stm32_gpio_intc_enable_line(irq_line);
 8001814:	4628      	mov	r0, r5
 8001816:	f7ff fd77 	bl	8001308 <stm32_gpio_intc_enable_line>

exit:
	return err;
}
 800181a:	4620      	mov	r0, r4
 800181c:	e8bd 83f8 	ldmia.w	sp!, {r3, r4, r5, r6, r7, r8, r9, pc}
			err = -ENOTSUP;
 8001820:	f06f 0485 	mvn.w	r4, #133	@ 0x85
 8001824:	e7f9      	b.n	800181a <gpio_stm32_pin_interrupt_configure+0x76>
		switch (trig) {
 8001826:	f06f 0415 	mvn.w	r4, #21
 800182a:	e7f6      	b.n	800181a <gpio_stm32_pin_interrupt_configure+0x76>
		err = -EBUSY;
 800182c:	f06f 040f 	mvn.w	r4, #15
	return err;
 8001830:	e7f3      	b.n	800181a <gpio_stm32_pin_interrupt_configure+0x76>
 8001832:	bf00      	nop
 8001834:	08004087 	.word	0x08004087

08001838 <LL_USART_SetBaudRate>:
  * @param  BaudRate Baud Rate
  * @retval None
  */
__STATIC_INLINE void LL_USART_SetBaudRate(USART_TypeDef *USARTx, uint32_t PeriphClk, uint32_t OverSampling,
                                          uint32_t BaudRate)
{
 8001838:	b510      	push	{r4, lr}
 800183a:	4604      	mov	r4, r0
  if (OverSampling == LL_USART_OVERSAMPLING_8)
 800183c:	f5b2 4f00 	cmp.w	r2, #32768	@ 0x8000
 8001840:	d02f      	beq.n	80018a2 <LL_USART_SetBaudRate+0x6a>
  {
    USARTx->BRR = (uint16_t)(__LL_USART_DIV_SAMPLING8(PeriphClk, BaudRate));
  }
  else
  {
    USARTx->BRR = (uint16_t)(__LL_USART_DIV_SAMPLING16(PeriphClk, BaudRate));
 8001842:	f04f 0c00 	mov.w	ip, #0
 8001846:	1848      	adds	r0, r1, r1
 8001848:	eb4c 0c0c 	adc.w	ip, ip, ip
 800184c:	1840      	adds	r0, r0, r1
 800184e:	f14c 0c00 	adc.w	ip, ip, #0
 8001852:	ea4f 0ccc 	mov.w	ip, ip, lsl #3
 8001856:	ea4c 7c50 	orr.w	ip, ip, r0, lsr #29
 800185a:	00c0      	lsls	r0, r0, #3
 800185c:	1840      	adds	r0, r0, r1
 800185e:	ea4f 0283 	mov.w	r2, r3, lsl #2
 8001862:	ea4f 7393 	mov.w	r3, r3, lsr #30
 8001866:	f14c 0100 	adc.w	r1, ip, #0
 800186a:	f7fe fd17 	bl	800029c <__aeabi_uldivmod>
 800186e:	4924      	ldr	r1, [pc, #144]	@ (8001900 <LL_USART_SetBaudRate+0xc8>)
 8001870:	fba1 2300 	umull	r2, r3, r1, r0
 8001874:	095b      	lsrs	r3, r3, #5
 8001876:	011a      	lsls	r2, r3, #4
 8001878:	b292      	uxth	r2, r2
 800187a:	f04f 0c64 	mov.w	ip, #100	@ 0x64
 800187e:	fb0c 0313 	mls	r3, ip, r3, r0
 8001882:	011b      	lsls	r3, r3, #4
 8001884:	3332      	adds	r3, #50	@ 0x32
 8001886:	fba1 1303 	umull	r1, r3, r1, r3
 800188a:	f3c3 134f 	ubfx	r3, r3, #5, #16
 800188e:	f003 01f0 	and.w	r1, r3, #240	@ 0xf0
 8001892:	440a      	add	r2, r1
 8001894:	b292      	uxth	r2, r2
 8001896:	f003 030f 	and.w	r3, r3, #15
 800189a:	4413      	add	r3, r2
 800189c:	b29b      	uxth	r3, r3
 800189e:	60a3      	str	r3, [r4, #8]
  }
}
 80018a0:	bd10      	pop	{r4, pc}
    USARTx->BRR = (uint16_t)(__LL_USART_DIV_SAMPLING8(PeriphClk, BaudRate));
 80018a2:	f04f 0c00 	mov.w	ip, #0
 80018a6:	1848      	adds	r0, r1, r1
 80018a8:	eb4c 020c 	adc.w	r2, ip, ip
 80018ac:	1840      	adds	r0, r0, r1
 80018ae:	f142 0200 	adc.w	r2, r2, #0
 80018b2:	00d2      	lsls	r2, r2, #3
 80018b4:	ea42 7250 	orr.w	r2, r2, r0, lsr #29
 80018b8:	00c0      	lsls	r0, r0, #3
 80018ba:	1840      	adds	r0, r0, r1
 80018bc:	f142 0100 	adc.w	r1, r2, #0
 80018c0:	18da      	adds	r2, r3, r3
 80018c2:	eb4c 030c 	adc.w	r3, ip, ip
 80018c6:	f7fe fce9 	bl	800029c <__aeabi_uldivmod>
 80018ca:	490d      	ldr	r1, [pc, #52]	@ (8001900 <LL_USART_SetBaudRate+0xc8>)
 80018cc:	fba1 2300 	umull	r2, r3, r1, r0
 80018d0:	095b      	lsrs	r3, r3, #5
 80018d2:	011a      	lsls	r2, r3, #4
 80018d4:	b292      	uxth	r2, r2
 80018d6:	f04f 0c64 	mov.w	ip, #100	@ 0x64
 80018da:	fb0c 0313 	mls	r3, ip, r3, r0
 80018de:	00db      	lsls	r3, r3, #3
 80018e0:	3332      	adds	r3, #50	@ 0x32
 80018e2:	fba1 1303 	umull	r1, r3, r1, r3
 80018e6:	f3c3 134f 	ubfx	r3, r3, #5, #16
 80018ea:	0059      	lsls	r1, r3, #1
 80018ec:	f401 71f8 	and.w	r1, r1, #496	@ 0x1f0
 80018f0:	440a      	add	r2, r1
 80018f2:	b292      	uxth	r2, r2
 80018f4:	f003 0307 	and.w	r3, r3, #7
 80018f8:	4413      	add	r3, r2
 80018fa:	b29b      	uxth	r3, r3
 80018fc:	60a3      	str	r3, [r4, #8]
 80018fe:	e7cf      	b.n	80018a0 <LL_USART_SetBaudRate+0x68>
 8001900:	51eb851f 	.word	0x51eb851f

08001904 <uart_stm32_set_baudrate>:
	}
}
#endif /* CONFIG_PM */

static inline int uart_stm32_set_baudrate(const struct device *dev, uint32_t baud_rate)
{
 8001904:	b570      	push	{r4, r5, r6, lr}
 8001906:	b082      	sub	sp, #8
	const struct uart_stm32_config *config = dev->config;
 8001908:	6843      	ldr	r3, [r0, #4]
	USART_TypeDef *usart = config->usart;
 800190a:	681d      	ldr	r5, [r3, #0]

	if (baud_rate == 0) {
 800190c:	2900      	cmp	r1, #0
 800190e:	d043      	beq.n	8001998 <uart_stm32_set_baudrate+0x94>
 8001910:	460e      	mov	r6, r1
		if (ret < 0) {
			LOG_ERR("Failed call clock_control_get_rate(pclken[1])");
			return ret;
		}
	} else {
		int ret = clock_control_get_rate(config->clock,
 8001912:	6858      	ldr	r0, [r3, #4]
						 (clock_control_subsys_t)&config->pclken[0],
 8001914:	6919      	ldr	r1, [r3, #16]
 */
static inline int clock_control_get_rate(const struct device *dev,
					 clock_control_subsys_t sys,
					 uint32_t *rate)
{
	const struct clock_control_driver_api *api =
 8001916:	6883      	ldr	r3, [r0, #8]
		(const struct clock_control_driver_api *)dev->api;

	if (api->get_rate == NULL) {
 8001918:	68db      	ldr	r3, [r3, #12]
 800191a:	2b00      	cmp	r3, #0
 800191c:	d039      	beq.n	8001992 <uart_stm32_set_baudrate+0x8e>
		return -ENOSYS;
	}

	return api->get_rate(dev, sys, rate);
 800191e:	aa01      	add	r2, sp, #4
 8001920:	4798      	blx	r3
						 &clock_rate);
		if (ret < 0) {
 8001922:	2800      	cmp	r0, #0
 8001924:	db33      	blt.n	800198e <uart_stm32_set_baudrate+0x8a>
  MODIFY_REG(USARTx->CR1, USART_CR1_OVER8, OverSampling);
 8001926:	68eb      	ldr	r3, [r5, #12]
 8001928:	f423 4300 	bic.w	r3, r3, #32768	@ 0x8000
 800192c:	60eb      	str	r3, [r5, #12]
#ifdef USART_CR1_OVER8
		LL_USART_SetOverSampling(usart,
					 LL_USART_OVERSAMPLING_16);
#endif

		uint32_t usartdiv = STM32_USART_DIV_SAMPLING16(clock_rate,
 800192e:	9c01      	ldr	r4, [sp, #4]
 8001930:	2100      	movs	r1, #0
 8001932:	1920      	adds	r0, r4, r4
 8001934:	4149      	adcs	r1, r1
 8001936:	1900      	adds	r0, r0, r4
 8001938:	f141 0100 	adc.w	r1, r1, #0
 800193c:	00c9      	lsls	r1, r1, #3
 800193e:	ea41 7150 	orr.w	r1, r1, r0, lsr #29
 8001942:	00c0      	lsls	r0, r0, #3
 8001944:	1900      	adds	r0, r0, r4
 8001946:	ea4f 0286 	mov.w	r2, r6, lsl #2
 800194a:	ea4f 7396 	mov.w	r3, r6, lsr #30
 800194e:	f141 0100 	adc.w	r1, r1, #0
 8001952:	f7fe fca3 	bl	800029c <__aeabi_uldivmod>
 8001956:	4a13      	ldr	r2, [pc, #76]	@ (80019a4 <uart_stm32_set_baudrate+0xa0>)
 8001958:	fba2 3100 	umull	r3, r1, r2, r0
 800195c:	0949      	lsrs	r1, r1, #5
 800195e:	2364      	movs	r3, #100	@ 0x64
 8001960:	fb03 0311 	mls	r3, r3, r1, r0
 8001964:	011b      	lsls	r3, r3, #4
 8001966:	3332      	adds	r3, #50	@ 0x32
 8001968:	fba2 2303 	umull	r2, r3, r2, r3
 800196c:	095b      	lsrs	r3, r3, #5
 800196e:	f003 02f0 	and.w	r2, r3, #240	@ 0xf0
 8001972:	eb02 1201 	add.w	r2, r2, r1, lsl #4
 8001976:	f003 030f 	and.w	r3, r3, #15
 800197a:	4413      	add	r3, r2
#ifdef USART_PRESC_PRESCALER
							       LL_USART_PRESCALER_DIV1,
#endif
							       baud_rate);
		if (usartdiv < 16) {
 800197c:	2b0f      	cmp	r3, #15
 800197e:	d90e      	bls.n	800199e <uart_stm32_set_baudrate+0x9a>
			LOG_ERR("Unable to set %s to %d", dev->name, baud_rate);
			return -EINVAL;
		}

		LL_USART_SetBaudRate(usart,
 8001980:	4633      	mov	r3, r6
 8001982:	2200      	movs	r2, #0
 8001984:	4621      	mov	r1, r4
 8001986:	4628      	mov	r0, r5
 8001988:	f7ff ff56 	bl	8001838 <LL_USART_SetBaudRate>

#if HAS_LPUART
	}
#endif /* HAS_LPUART */

	return 0;
 800198c:	2000      	movs	r0, #0
}
 800198e:	b002      	add	sp, #8
 8001990:	bd70      	pop	{r4, r5, r6, pc}
		return -ENOSYS;
 8001992:	f06f 0057 	mvn.w	r0, #87	@ 0x57
			return ret;
 8001996:	e7fa      	b.n	800198e <uart_stm32_set_baudrate+0x8a>
		return -EINVAL;
 8001998:	f06f 0015 	mvn.w	r0, #21
 800199c:	e7f7      	b.n	800198e <uart_stm32_set_baudrate+0x8a>
			return -EINVAL;
 800199e:	f06f 0015 	mvn.w	r0, #21
 80019a2:	e7f4      	b.n	800198e <uart_stm32_set_baudrate+0x8a>
 80019a4:	51eb851f 	.word	0x51eb851f

080019a8 <uart_stm32_configure>:
}

#ifdef CONFIG_UART_USE_RUNTIME_CONFIGURE
static int uart_stm32_configure(const struct device *dev,
				const struct uart_config *cfg)
{
 80019a8:	e92d 41f0 	stmdb	sp!, {r4, r5, r6, r7, r8, lr}
 80019ac:	460c      	mov	r4, r1
	const struct uart_stm32_config *config = dev->config;
 80019ae:	6843      	ldr	r3, [r0, #4]
	USART_TypeDef *usart = config->usart;
 80019b0:	681d      	ldr	r5, [r3, #0]
	struct uart_stm32_data *data = dev->data;
 80019b2:	6903      	ldr	r3, [r0, #16]
	struct uart_config *uart_cfg = data->uart_cfg;
 80019b4:	681e      	ldr	r6, [r3, #0]
	const uint32_t parity = uart_stm32_cfg2ll_parity(cfg->parity);
 80019b6:	790b      	ldrb	r3, [r1, #4]
	switch (parity) {
 80019b8:	2b01      	cmp	r3, #1
 80019ba:	d004      	beq.n	80019c6 <uart_stm32_configure+0x1e>
 80019bc:	2b02      	cmp	r3, #2
 80019be:	d10d      	bne.n	80019dc <uart_stm32_configure+0x34>
		return LL_USART_PARITY_EVEN;
 80019c0:	f44f 6880 	mov.w	r8, #1024	@ 0x400
 80019c4:	e001      	b.n	80019ca <uart_stm32_configure+0x22>
	switch (parity) {
 80019c6:	f44f 68c0 	mov.w	r8, #1536	@ 0x600
	const uint32_t stopbits = uart_stm32_cfg2ll_stopbits(config, cfg->stop_bits);
 80019ca:	7962      	ldrb	r2, [r4, #5]
	switch (sb) {
 80019cc:	2a01      	cmp	r2, #1
 80019ce:	d008      	beq.n	80019e2 <uart_stm32_configure+0x3a>
 80019d0:	2a02      	cmp	r2, #2
 80019d2:	d008      	beq.n	80019e6 <uart_stm32_configure+0x3e>
 80019d4:	bb1a      	cbnz	r2, 8001a1e <uart_stm32_configure+0x76>
 80019d6:	f44f 5780 	mov.w	r7, #4096	@ 0x1000
 80019da:	e006      	b.n	80019ea <uart_stm32_configure+0x42>
		return LL_USART_PARITY_NONE;
 80019dc:	f04f 0800 	mov.w	r8, #0
 80019e0:	e7f3      	b.n	80019ca <uart_stm32_configure+0x22>
		return STM32_USART_STOP_BIT_1;
 80019e2:	2700      	movs	r7, #0
 80019e4:	e001      	b.n	80019ea <uart_stm32_configure+0x42>
		return STM32_USART_STOP_BIT_1_5;
 80019e6:	f44f 5740 	mov.w	r7, #12288	@ 0x3000
	const uint32_t databits = uart_stm32_cfg2ll_databits(cfg->data_bits,
 80019ea:	f894 c006 	ldrb.w	ip, [r4, #6]
	switch (db) {
 80019ee:	f1bc 0f04 	cmp.w	ip, #4
 80019f2:	d017      	beq.n	8001a24 <uart_stm32_configure+0x7c>
		if (p != UART_CFG_PARITY_NONE) {
 80019f4:	b9cb      	cbnz	r3, 8001a2a <uart_stm32_configure+0x82>
		return STM32_USART_DATAWIDTH_8_BIT;
 80019f6:	f04f 0e00 	mov.w	lr, #0
							     cfg->parity);

	/* Hardware doesn't support mark or space parity */
	if ((cfg->parity == UART_CFG_PARITY_MARK) ||
 80019fa:	1ed9      	subs	r1, r3, #3
 80019fc:	b2c9      	uxtb	r1, r1
 80019fe:	2901      	cmp	r1, #1
 8001a00:	d952      	bls.n	8001aa8 <uart_stm32_configure+0x100>
	    (cfg->parity == UART_CFG_PARITY_SPACE)) {
		return -ENOTSUP;
	}

	/* Driver does not supports parity + 9 databits */
	if ((cfg->parity != UART_CFG_PARITY_NONE) &&
 8001a02:	b113      	cbz	r3, 8001a0a <uart_stm32_configure+0x62>
 8001a04:	f1bc 0f04 	cmp.w	ip, #4
 8001a08:	d051      	beq.n	8001aae <uart_stm32_configure+0x106>
	switch (sb) {
 8001a0a:	f5b7 5f80 	cmp.w	r7, #4096	@ 0x1000
 8001a0e:	d00f      	beq.n	8001a30 <uart_stm32_configure+0x88>
 8001a10:	f5b7 5f40 	cmp.w	r7, #12288	@ 0x3000
 8001a14:	d00e      	beq.n	8001a34 <uart_stm32_configure+0x8c>
 8001a16:	2f00      	cmp	r7, #0
 8001a18:	d13b      	bne.n	8001a92 <uart_stm32_configure+0xea>
		return UART_CFG_STOP_BITS_1;
 8001a1a:	2301      	movs	r3, #1
 8001a1c:	e00b      	b.n	8001a36 <uart_stm32_configure+0x8e>
		return STM32_USART_STOP_BIT_2;
 8001a1e:	f44f 5700 	mov.w	r7, #8192	@ 0x2000
 8001a22:	e7e2      	b.n	80019ea <uart_stm32_configure+0x42>
		return STM32_USART_DATAWIDTH_9_BIT;
 8001a24:	f44f 5e80 	mov.w	lr, #4096	@ 0x1000
 8001a28:	e7e7      	b.n	80019fa <uart_stm32_configure+0x52>
			return STM32_USART_DATAWIDTH_9_BIT;
 8001a2a:	f44f 5e80 	mov.w	lr, #4096	@ 0x1000
 8001a2e:	e7e4      	b.n	80019fa <uart_stm32_configure+0x52>
	switch (sb) {
 8001a30:	2300      	movs	r3, #0
 8001a32:	e000      	b.n	8001a36 <uart_stm32_configure+0x8e>
		return UART_CFG_STOP_BITS_1_5;
 8001a34:	2302      	movs	r3, #2
	}

	/* When the transformed ll stop bits don't match with what was requested, then it's not
	 * supported
	 */
	if (uart_stm32_ll2cfg_stopbits(stopbits) != cfg->stop_bits) {
 8001a36:	429a      	cmp	r2, r3
 8001a38:	d13c      	bne.n	8001ab4 <uart_stm32_configure+0x10c>
	switch (db) {
 8001a3a:	f1be 0f00 	cmp.w	lr, #0
 8001a3e:	d12a      	bne.n	8001a96 <uart_stm32_configure+0xee>
		if (p == LL_USART_PARITY_NONE) {
 8001a40:	f1b8 0f00 	cmp.w	r8, #0
 8001a44:	d12e      	bne.n	8001aa4 <uart_stm32_configure+0xfc>
			return UART_CFG_DATA_BITS_8;
 8001a46:	2303      	movs	r3, #3
	}

	/* When the transformed ll databits don't match with what was requested, then it's not
	 * supported
	 */
	if (uart_stm32_ll2cfg_databits(databits, parity) != cfg->data_bits) {
 8001a48:	459c      	cmp	ip, r3
 8001a4a:	d136      	bne.n	8001aba <uart_stm32_configure+0x112>
		return -ENOTSUP;
	}

	/* Driver supports only RTS/CTS and RS485 flow control */
	if (!(cfg->flow_ctrl == UART_CFG_FLOW_CTRL_NONE
 8001a4c:	79e3      	ldrb	r3, [r4, #7]
 8001a4e:	b163      	cbz	r3, 8001a6a <uart_stm32_configure+0xc2>
 8001a50:	2b01      	cmp	r3, #1
 8001a52:	d135      	bne.n	8001ac0 <uart_stm32_configure+0x118>
		|| (cfg->flow_ctrl == UART_CFG_FLOW_CTRL_RTS_CTS &&
 8001a54:	4b1f      	ldr	r3, [pc, #124]	@ (8001ad4 <uart_stm32_configure+0x12c>)
 8001a56:	429d      	cmp	r5, r3
 8001a58:	d007      	beq.n	8001a6a <uart_stm32_configure+0xc2>
			IS_UART_HWFLOW_INSTANCE(usart))
 8001a5a:	f5a3 434c 	sub.w	r3, r3, #52224	@ 0xcc00
 8001a5e:	429d      	cmp	r5, r3
 8001a60:	d003      	beq.n	8001a6a <uart_stm32_configure+0xc2>
 8001a62:	f503 4350 	add.w	r3, r3, #53248	@ 0xd000
 8001a66:	429d      	cmp	r5, r3
 8001a68:	d12d      	bne.n	8001ac6 <uart_stm32_configure+0x11e>
  CLEAR_BIT(USARTx->CR1, USART_CR1_UE);
 8001a6a:	68eb      	ldr	r3, [r5, #12]
 8001a6c:	f423 5300 	bic.w	r3, r3, #8192	@ 0x2000
 8001a70:	60eb      	str	r3, [r5, #12]
	}

	LL_USART_Disable(usart);

	/* Set basic parameters, such as data-/stop-bit, parity, and baudrate */
	if (uart_stm32_parameters_set(dev, cfg) < 0) {
 8001a72:	4621      	mov	r1, r4
 8001a74:	f002 fc81 	bl	800437a <uart_stm32_parameters_set>
 8001a78:	2800      	cmp	r0, #0
 8001a7a:	db27      	blt.n	8001acc <uart_stm32_configure+0x124>
  SET_BIT(USARTx->CR1, USART_CR1_UE);
 8001a7c:	68eb      	ldr	r3, [r5, #12]
 8001a7e:	f443 5300 	orr.w	r3, r3, #8192	@ 0x2000
 8001a82:	60eb      	str	r3, [r5, #12]
	/* Upon successful configuration, persist the syscall-passed
	 * uart_config.
	 * This allows restoring it, should the device return from a low-power
	 * mode in which register contents are lost.
	 */
	*uart_cfg = *cfg;
 8001a84:	e894 0003 	ldmia.w	r4, {r0, r1}
 8001a88:	e886 0003 	stmia.w	r6, {r0, r1}

	return 0;
 8001a8c:	2000      	movs	r0, #0
};
 8001a8e:	e8bd 81f0 	ldmia.w	sp!, {r4, r5, r6, r7, r8, pc}
		return UART_CFG_STOP_BITS_2;
 8001a92:	2303      	movs	r3, #3
 8001a94:	e7cf      	b.n	8001a36 <uart_stm32_configure+0x8e>
		if (p == LL_USART_PARITY_NONE) {
 8001a96:	f1b8 0f00 	cmp.w	r8, #0
 8001a9a:	d101      	bne.n	8001aa0 <uart_stm32_configure+0xf8>
			return UART_CFG_DATA_BITS_9;
 8001a9c:	2304      	movs	r3, #4
 8001a9e:	e7d3      	b.n	8001a48 <uart_stm32_configure+0xa0>
			return UART_CFG_DATA_BITS_8;
 8001aa0:	2303      	movs	r3, #3
 8001aa2:	e7d1      	b.n	8001a48 <uart_stm32_configure+0xa0>
			return UART_CFG_DATA_BITS_7;
 8001aa4:	2302      	movs	r3, #2
 8001aa6:	e7cf      	b.n	8001a48 <uart_stm32_configure+0xa0>
		return -ENOTSUP;
 8001aa8:	f06f 0085 	mvn.w	r0, #133	@ 0x85
 8001aac:	e7ef      	b.n	8001a8e <uart_stm32_configure+0xe6>
		return -ENOTSUP;
 8001aae:	f06f 0085 	mvn.w	r0, #133	@ 0x85
 8001ab2:	e7ec      	b.n	8001a8e <uart_stm32_configure+0xe6>
		return -ENOTSUP;
 8001ab4:	f06f 0085 	mvn.w	r0, #133	@ 0x85
 8001ab8:	e7e9      	b.n	8001a8e <uart_stm32_configure+0xe6>
		return -ENOTSUP;
 8001aba:	f06f 0085 	mvn.w	r0, #133	@ 0x85
 8001abe:	e7e6      	b.n	8001a8e <uart_stm32_configure+0xe6>
		return -ENOTSUP;
 8001ac0:	f06f 0085 	mvn.w	r0, #133	@ 0x85
 8001ac4:	e7e3      	b.n	8001a8e <uart_stm32_configure+0xe6>
 8001ac6:	f06f 0085 	mvn.w	r0, #133	@ 0x85
 8001aca:	e7e0      	b.n	8001a8e <uart_stm32_configure+0xe6>
		return -ENOTSUP;
 8001acc:	f06f 0085 	mvn.w	r0, #133	@ 0x85
 8001ad0:	e7dd      	b.n	8001a8e <uart_stm32_configure+0xe6>
 8001ad2:	bf00      	nop
 8001ad4:	40011000 	.word	0x40011000

08001ad8 <uart_stm32_poll_in>:
{
	LL_USART_TransmitData8(usart, (uint8_t)out);
}

static int uart_stm32_poll_in(const struct device *dev, unsigned char *c)
{
 8001ad8:	b508      	push	{r3, lr}
	return uart_stm32_poll_in_visitor(dev, (void *)c, poll_in_u8);
 8001ada:	4a02      	ldr	r2, [pc, #8]	@ (8001ae4 <uart_stm32_poll_in+0xc>)
 8001adc:	f002 fd28 	bl	8004530 <uart_stm32_poll_in_visitor>
}
 8001ae0:	bd08      	pop	{r3, pc}
 8001ae2:	bf00      	nop
 8001ae4:	0800459f 	.word	0x0800459f

08001ae8 <uart_stm32_poll_out>:

static void uart_stm32_poll_out(const struct device *dev, unsigned char c)
{
 8001ae8:	b508      	push	{r3, lr}
	uart_stm32_poll_out_visitor(dev, c, poll_out_u8);
 8001aea:	4a02      	ldr	r2, [pc, #8]	@ (8001af4 <uart_stm32_poll_out+0xc>)
 8001aec:	f002 fd3a 	bl	8004564 <uart_stm32_poll_out_visitor>
}
 8001af0:	bd08      	pop	{r3, pc}
 8001af2:	bf00      	nop
 8001af4:	080045a5 	.word	0x080045a5

08001af8 <elapsed>:
 *     - and until the current call of the function is completed.
 * - the function is invoked with interrupts disabled.
 */
static uint32_t elapsed(void)
{
	uint32_t val1 = SysTick->VAL;	/* A */
 8001af8:	f04f 23e0 	mov.w	r3, #3758153728	@ 0xe000e000
 8001afc:	6999      	ldr	r1, [r3, #24]
	uint32_t ctrl = SysTick->CTRL;	/* B */
 8001afe:	6918      	ldr	r0, [r3, #16]
	uint32_t val2 = SysTick->VAL;	/* C */
 8001b00:	699a      	ldr	r2, [r3, #24]
	 * 4) After C we'll see it next time
	 *
	 * So the count in val2 is post-wrap and last_load needs to be
	 * added if and only if COUNTFLAG is set or val1 < val2.
	 */
	if (val1 == 0) {
 8001b02:	b909      	cbnz	r1, 8001b08 <elapsed+0x10>
		val1 = last_load;
 8001b04:	4b0c      	ldr	r3, [pc, #48]	@ (8001b38 <elapsed+0x40>)
 8001b06:	6819      	ldr	r1, [r3, #0]
	}
	if (val2 == 0) {
 8001b08:	b90a      	cbnz	r2, 8001b0e <elapsed+0x16>
		val2 = last_load;
 8001b0a:	4b0b      	ldr	r3, [pc, #44]	@ (8001b38 <elapsed+0x40>)
 8001b0c:	681a      	ldr	r2, [r3, #0]
	}

	if ((ctrl & SysTick_CTRL_COUNTFLAG_Msk)
 8001b0e:	f410 3f80 	tst.w	r0, #65536	@ 0x10000
 8001b12:	d101      	bne.n	8001b18 <elapsed+0x20>
	    || (val1 < val2)) {
 8001b14:	4291      	cmp	r1, r2
 8001b16:	d208      	bcs.n	8001b2a <elapsed+0x32>
		overflow_cyc += last_load;
 8001b18:	4908      	ldr	r1, [pc, #32]	@ (8001b3c <elapsed+0x44>)
 8001b1a:	680b      	ldr	r3, [r1, #0]
 8001b1c:	4806      	ldr	r0, [pc, #24]	@ (8001b38 <elapsed+0x40>)
 8001b1e:	6800      	ldr	r0, [r0, #0]
 8001b20:	4403      	add	r3, r0
 8001b22:	600b      	str	r3, [r1, #0]

		/* We know there was a wrap, but we might not have
		 * seen it in CTRL, so clear it. */
		(void)SysTick->CTRL;
 8001b24:	f04f 23e0 	mov.w	r3, #3758153728	@ 0xe000e000
 8001b28:	691b      	ldr	r3, [r3, #16]
	}

	return (last_load - val2) + overflow_cyc;
 8001b2a:	4b03      	ldr	r3, [pc, #12]	@ (8001b38 <elapsed+0x40>)
 8001b2c:	681b      	ldr	r3, [r3, #0]
 8001b2e:	1a9b      	subs	r3, r3, r2
 8001b30:	4a02      	ldr	r2, [pc, #8]	@ (8001b3c <elapsed+0x44>)
 8001b32:	6810      	ldr	r0, [r2, #0]
}
 8001b34:	4418      	add	r0, r3
 8001b36:	4770      	bx	lr
 8001b38:	200003cc 	.word	0x200003cc
 8001b3c:	200003c8 	.word	0x200003c8

08001b40 <sys_clock_driver_init>:
    SCB->SHPR[(((uint32_t)IRQn) & 0xFUL)-4UL] = (uint8_t)((priority << (8U - __NVIC_PRIO_BITS)) & (uint32_t)0xFFUL);
 8001b40:	4b09      	ldr	r3, [pc, #36]	@ (8001b68 <sys_clock_driver_init+0x28>)
 8001b42:	2210      	movs	r2, #16
 8001b44:	f883 2023 	strb.w	r2, [r3, #35]	@ 0x23

static int sys_clock_driver_init(void)
{

	NVIC_SetPriority(SysTick_IRQn, _IRQ_PRIO_OFFSET);
	last_load = CYC_PER_TICK;
 8001b48:	4b08      	ldr	r3, [pc, #32]	@ (8001b6c <sys_clock_driver_init+0x2c>)
 8001b4a:	f242 02d0 	movw	r2, #8400	@ 0x20d0
 8001b4e:	601a      	str	r2, [r3, #0]
	overflow_cyc = 0U;
 8001b50:	2000      	movs	r0, #0
 8001b52:	4b07      	ldr	r3, [pc, #28]	@ (8001b70 <sys_clock_driver_init+0x30>)
 8001b54:	6018      	str	r0, [r3, #0]
	SysTick->LOAD = last_load - 1;
 8001b56:	f04f 23e0 	mov.w	r3, #3758153728	@ 0xe000e000
 8001b5a:	f242 02cf 	movw	r2, #8399	@ 0x20cf
 8001b5e:	615a      	str	r2, [r3, #20]
	SysTick->VAL = 0; /* resets timer to last_load */
 8001b60:	6198      	str	r0, [r3, #24]

	uint32_t ctrl_flags = SysTick_CTRL_ENABLE_Msk |
			      SysTick_CTRL_TICKINT_Msk |
			      SYSTICK_CTRL_CLKSOURCE_MSK_GET();

	SysTick->CTRL = ctrl_flags;
 8001b62:	2207      	movs	r2, #7
 8001b64:	611a      	str	r2, [r3, #16]

	return 0;
}
 8001b66:	4770      	bx	lr
 8001b68:	e000ed00 	.word	0xe000ed00
 8001b6c:	200003cc 	.word	0x200003cc
 8001b70:	200003c8 	.word	0x200003c8

08001b74 <sys_clock_isr>:
{
 8001b74:	4668      	mov	r0, sp
 8001b76:	f020 0107 	bic.w	r1, r0, #7
 8001b7a:	468d      	mov	sp, r1
 8001b7c:	b519      	push	{r0, r3, r4, lr}
	elapsed();
 8001b7e:	f7ff ffbb 	bl	8001af8 <elapsed>
	cycle_count += overflow_cyc;
 8001b82:	4812      	ldr	r0, [pc, #72]	@ (8001bcc <sys_clock_isr+0x58>)
 8001b84:	6803      	ldr	r3, [r0, #0]
 8001b86:	4a12      	ldr	r2, [pc, #72]	@ (8001bd0 <sys_clock_isr+0x5c>)
 8001b88:	6851      	ldr	r1, [r2, #4]
 8001b8a:	6814      	ldr	r4, [r2, #0]
 8001b8c:	191b      	adds	r3, r3, r4
 8001b8e:	f141 0100 	adc.w	r1, r1, #0
 8001b92:	6013      	str	r3, [r2, #0]
 8001b94:	6051      	str	r1, [r2, #4]
	overflow_cyc = 0;
 8001b96:	2200      	movs	r2, #0
 8001b98:	6002      	str	r2, [r0, #0]
		dcycles = cycle_count - announced_cycles;
 8001b9a:	490e      	ldr	r1, [pc, #56]	@ (8001bd4 <sys_clock_isr+0x60>)
 8001b9c:	680a      	ldr	r2, [r1, #0]
 8001b9e:	1a98      	subs	r0, r3, r2
		dticks = dcycles / CYC_PER_TICK;
 8001ba0:	4b0d      	ldr	r3, [pc, #52]	@ (8001bd8 <sys_clock_isr+0x64>)
 8001ba2:	fba3 3000 	umull	r3, r0, r3, r0
 8001ba6:	0b40      	lsrs	r0, r0, #13
		announced_cycles += dticks * CYC_PER_TICK;
 8001ba8:	f242 03d0 	movw	r3, #8400	@ 0x20d0
 8001bac:	fb00 f303 	mul.w	r3, r0, r3
 8001bb0:	18d2      	adds	r2, r2, r3
 8001bb2:	684b      	ldr	r3, [r1, #4]
 8001bb4:	f143 0300 	adc.w	r3, r3, #0
 8001bb8:	600a      	str	r2, [r1, #0]
 8001bba:	604b      	str	r3, [r1, #4]
		sys_clock_announce(dticks);
 8001bbc:	f002 fda8 	bl	8004710 <sys_clock_announce>
	z_arm_int_exit();
 8001bc0:	f7ff f988 	bl	8000ed4 <z_arm_exc_exit>
}
 8001bc4:	e8bd 4019 	ldmia.w	sp!, {r0, r3, r4, lr}
 8001bc8:	4685      	mov	sp, r0
 8001bca:	4770      	bx	lr
 8001bcc:	200003c8 	.word	0x200003c8
 8001bd0:	20000070 	.word	0x20000070
 8001bd4:	20000068 	.word	0x20000068
 8001bd8:	f9a9342d 	.word	0xf9a9342d

08001bdc <sys_clock_set_timeout>:
{
 8001bdc:	b5f8      	push	{r3, r4, r5, r6, r7, lr}
	if (IS_ENABLED(CONFIG_TICKLESS_KERNEL) && idle && ticks == K_TICKS_FOREVER) {
 8001bde:	2900      	cmp	r1, #0
 8001be0:	d04d      	beq.n	8001c7e <sys_clock_set_timeout+0xa2>
 8001be2:	f1b0 3fff 	cmp.w	r0, #4294967295
 8001be6:	d03f      	beq.n	8001c68 <sys_clock_set_timeout+0x8c>
	uint32_t last_load_ = last_load;
 8001be8:	4b3f      	ldr	r3, [pc, #252]	@ (8001ce8 <sys_clock_set_timeout+0x10c>)
 8001bea:	681c      	ldr	r4, [r3, #0]
	ticks = CLAMP(ticks - 1, 0, (int32_t)MAX_TICKS);
 8001bec:	2801      	cmp	r0, #1
 8001bee:	dd4e      	ble.n	8001c8e <sys_clock_set_timeout+0xb2>
 8001bf0:	f240 73cd 	movw	r3, #1997	@ 0x7cd
 8001bf4:	4298      	cmp	r0, r3
 8001bf6:	bfa8      	it	ge
 8001bf8:	4618      	movge	r0, r3
 8001bfa:	1e46      	subs	r6, r0, #1
  __ASM volatile ("MRS %0, basepri" : "=r" (result) );
 8001bfc:	f3ef 8511 	mrs	r5, BASEPRI
           or the new value increases the BASEPRI priority level.
  \param [in]    basePri  Base Priority value to set
 */
__STATIC_FORCEINLINE void __set_BASEPRI_MAX(uint32_t basePri)
{
  __ASM volatile ("MSR basepri_max, %0" : : "r" (basePri) : "memory");
 8001c00:	2310      	movs	r3, #16
 8001c02:	f383 8812 	msr	BASEPRI_MAX, r3
  __ASM volatile ("isb 0xF":::"memory");
 8001c06:	f3bf 8f6f 	isb	sy
	uint32_t pending = elapsed();
 8001c0a:	f7ff ff75 	bl	8001af8 <elapsed>
	val1 = SysTick->VAL;
 8001c0e:	f04f 23e0 	mov.w	r3, #3758153728	@ 0xe000e000
 8001c12:	699f      	ldr	r7, [r3, #24]
	cycle_count += pending;
 8001c14:	4a35      	ldr	r2, [pc, #212]	@ (8001cec <sys_clock_set_timeout+0x110>)
 8001c16:	6813      	ldr	r3, [r2, #0]
 8001c18:	6851      	ldr	r1, [r2, #4]
 8001c1a:	18c3      	adds	r3, r0, r3
 8001c1c:	f141 0100 	adc.w	r1, r1, #0
 8001c20:	6013      	str	r3, [r2, #0]
 8001c22:	6051      	str	r1, [r2, #4]
	overflow_cyc = 0U;
 8001c24:	2100      	movs	r1, #0
 8001c26:	4a32      	ldr	r2, [pc, #200]	@ (8001cf0 <sys_clock_set_timeout+0x114>)
 8001c28:	6011      	str	r1, [r2, #0]
	uint32_t unannounced = cycle_count - announced_cycles;
 8001c2a:	4a32      	ldr	r2, [pc, #200]	@ (8001cf4 <sys_clock_set_timeout+0x118>)
 8001c2c:	6811      	ldr	r1, [r2, #0]
	if ((int32_t)unannounced < 0) {
 8001c2e:	1a5a      	subs	r2, r3, r1
 8001c30:	d42f      	bmi.n	8001c92 <sys_clock_set_timeout+0xb6>
		delay = ticks * CYC_PER_TICK;
 8001c32:	f242 00d0 	movw	r0, #8400	@ 0x20d0
		delay += unannounced;
 8001c36:	fb00 2206 	mla	r2, r0, r6, r2
		delay = DIV_ROUND_UP(delay, CYC_PER_TICK) * CYC_PER_TICK;
 8001c3a:	f502 5203 	add.w	r2, r2, #8384	@ 0x20c0
 8001c3e:	320f      	adds	r2, #15
 8001c40:	4e2d      	ldr	r6, [pc, #180]	@ (8001cf8 <sys_clock_set_timeout+0x11c>)
 8001c42:	fba6 6202 	umull	r6, r2, r6, r2
 8001c46:	0b52      	lsrs	r2, r2, #13
		delay -= unannounced;
 8001c48:	1ac9      	subs	r1, r1, r3
 8001c4a:	fb00 1102 	mla	r1, r0, r2, r1
		delay = MAX(delay, MIN_DELAY);
 8001c4e:	460a      	mov	r2, r1
 8001c50:	f5b1 6f80 	cmp.w	r1, #1024	@ 0x400
 8001c54:	bf38      	it	cc
 8001c56:	f44f 6280 	movcc.w	r2, #1024	@ 0x400
		if (delay > MAX_CYCLES) {
 8001c5a:	4b28      	ldr	r3, [pc, #160]	@ (8001cfc <sys_clock_set_timeout+0x120>)
 8001c5c:	4299      	cmp	r1, r3
 8001c5e:	d936      	bls.n	8001cce <sys_clock_set_timeout+0xf2>
			last_load = MAX_CYCLES;
 8001c60:	4b21      	ldr	r3, [pc, #132]	@ (8001ce8 <sys_clock_set_timeout+0x10c>)
 8001c62:	4a26      	ldr	r2, [pc, #152]	@ (8001cfc <sys_clock_set_timeout+0x120>)
 8001c64:	601a      	str	r2, [r3, #0]
 8001c66:	e018      	b.n	8001c9a <sys_clock_set_timeout+0xbe>
		SysTick->CTRL &= ~SysTick_CTRL_ENABLE_Msk;
 8001c68:	f04f 22e0 	mov.w	r2, #3758153728	@ 0xe000e000
 8001c6c:	6913      	ldr	r3, [r2, #16]
 8001c6e:	f023 0301 	bic.w	r3, r3, #1
 8001c72:	6113      	str	r3, [r2, #16]
		last_load = TIMER_STOPPED;
 8001c74:	4b1c      	ldr	r3, [pc, #112]	@ (8001ce8 <sys_clock_set_timeout+0x10c>)
 8001c76:	f04f 427f 	mov.w	r2, #4278190080	@ 0xff000000
 8001c7a:	601a      	str	r2, [r3, #0]
		return;
 8001c7c:	e026      	b.n	8001ccc <sys_clock_set_timeout+0xf0>
	uint32_t last_load_ = last_load;
 8001c7e:	4b1a      	ldr	r3, [pc, #104]	@ (8001ce8 <sys_clock_set_timeout+0x10c>)
 8001c80:	681c      	ldr	r4, [r3, #0]
	ticks = (ticks == K_TICKS_FOREVER) ? MAX_TICKS : ticks;
 8001c82:	f1b0 3fff 	cmp.w	r0, #4294967295
 8001c86:	d1b1      	bne.n	8001bec <sys_clock_set_timeout+0x10>
 8001c88:	f240 70cc 	movw	r0, #1996	@ 0x7cc
 8001c8c:	e7b0      	b.n	8001bf0 <sys_clock_set_timeout+0x14>
	ticks = CLAMP(ticks - 1, 0, (int32_t)MAX_TICKS);
 8001c8e:	2600      	movs	r6, #0
 8001c90:	e7b4      	b.n	8001bfc <sys_clock_set_timeout+0x20>
		last_load = MIN_DELAY;
 8001c92:	4b15      	ldr	r3, [pc, #84]	@ (8001ce8 <sys_clock_set_timeout+0x10c>)
 8001c94:	f44f 6280 	mov.w	r2, #1024	@ 0x400
 8001c98:	601a      	str	r2, [r3, #0]
	val2 = SysTick->VAL;
 8001c9a:	f04f 23e0 	mov.w	r3, #3758153728	@ 0xe000e000
 8001c9e:	6999      	ldr	r1, [r3, #24]
	SysTick->LOAD = last_load - 1;
 8001ca0:	4a11      	ldr	r2, [pc, #68]	@ (8001ce8 <sys_clock_set_timeout+0x10c>)
 8001ca2:	6812      	ldr	r2, [r2, #0]
 8001ca4:	3a01      	subs	r2, #1
 8001ca6:	615a      	str	r2, [r3, #20]
	SysTick->VAL = 0; /* resets timer to last_load */
 8001ca8:	2200      	movs	r2, #0
 8001caa:	619a      	str	r2, [r3, #24]
	if (val1 < val2) {
 8001cac:	428f      	cmp	r7, r1
 8001cae:	d211      	bcs.n	8001cd4 <sys_clock_set_timeout+0xf8>
		cycle_count += (val1 + (last_load_ - val2));
 8001cb0:	1a64      	subs	r4, r4, r1
 8001cb2:	443c      	add	r4, r7
 8001cb4:	4a0d      	ldr	r2, [pc, #52]	@ (8001cec <sys_clock_set_timeout+0x110>)
 8001cb6:	6813      	ldr	r3, [r2, #0]
 8001cb8:	6851      	ldr	r1, [r2, #4]
 8001cba:	191b      	adds	r3, r3, r4
 8001cbc:	f141 0100 	adc.w	r1, r1, #0
 8001cc0:	6013      	str	r3, [r2, #0]
 8001cc2:	6051      	str	r1, [r2, #4]
  __ASM volatile ("MSR basepri, %0" : : "r" (basePri) : "memory");
 8001cc4:	f385 8811 	msr	BASEPRI, r5
 8001cc8:	f3bf 8f6f 	isb	sy
}
 8001ccc:	bdf8      	pop	{r3, r4, r5, r6, r7, pc}
			last_load = delay;
 8001cce:	4b06      	ldr	r3, [pc, #24]	@ (8001ce8 <sys_clock_set_timeout+0x10c>)
 8001cd0:	601a      	str	r2, [r3, #0]
 8001cd2:	e7e2      	b.n	8001c9a <sys_clock_set_timeout+0xbe>
		cycle_count += (val1 - val2);
 8001cd4:	1a7f      	subs	r7, r7, r1
 8001cd6:	4a05      	ldr	r2, [pc, #20]	@ (8001cec <sys_clock_set_timeout+0x110>)
 8001cd8:	6813      	ldr	r3, [r2, #0]
 8001cda:	6851      	ldr	r1, [r2, #4]
 8001cdc:	19db      	adds	r3, r3, r7
 8001cde:	f141 0100 	adc.w	r1, r1, #0
 8001ce2:	6013      	str	r3, [r2, #0]
 8001ce4:	6051      	str	r1, [r2, #4]
 8001ce6:	e7ed      	b.n	8001cc4 <sys_clock_set_timeout+0xe8>
 8001ce8:	200003cc 	.word	0x200003cc
 8001cec:	20000070 	.word	0x20000070
 8001cf0:	200003c8 	.word	0x200003c8
 8001cf4:	20000068 	.word	0x20000068
 8001cf8:	f9a9342d 	.word	0xf9a9342d
 8001cfc:	00ffd5c0 	.word	0x00ffd5c0

08001d00 <sys_clock_elapsed>:
{
 8001d00:	b538      	push	{r3, r4, r5, lr}
  __ASM volatile ("MRS %0, basepri" : "=r" (result) );
 8001d02:	f3ef 8511 	mrs	r5, BASEPRI
  __ASM volatile ("MSR basepri_max, %0" : : "r" (basePri) : "memory");
 8001d06:	2310      	movs	r3, #16
 8001d08:	f383 8812 	msr	BASEPRI_MAX, r3
 8001d0c:	f3bf 8f6f 	isb	sy
	uint32_t unannounced = cycle_count - announced_cycles;
 8001d10:	4b08      	ldr	r3, [pc, #32]	@ (8001d34 <sys_clock_elapsed+0x34>)
 8001d12:	681c      	ldr	r4, [r3, #0]
 8001d14:	4b08      	ldr	r3, [pc, #32]	@ (8001d38 <sys_clock_elapsed+0x38>)
 8001d16:	681b      	ldr	r3, [r3, #0]
 8001d18:	1ae4      	subs	r4, r4, r3
	uint32_t cyc = elapsed() + unannounced;
 8001d1a:	f7ff feed 	bl	8001af8 <elapsed>
 8001d1e:	4420      	add	r0, r4
  __ASM volatile ("MSR basepri, %0" : : "r" (basePri) : "memory");
 8001d20:	f385 8811 	msr	BASEPRI, r5
 8001d24:	f3bf 8f6f 	isb	sy
	return cyc / CYC_PER_TICK;
 8001d28:	4b04      	ldr	r3, [pc, #16]	@ (8001d3c <sys_clock_elapsed+0x3c>)
 8001d2a:	fba3 3000 	umull	r3, r0, r3, r0
}
 8001d2e:	0b40      	lsrs	r0, r0, #13
 8001d30:	bd38      	pop	{r3, r4, r5, pc}
 8001d32:	bf00      	nop
 8001d34:	20000070 	.word	0x20000070
 8001d38:	20000068 	.word	0x20000068
 8001d3c:	f9a9342d 	.word	0xf9a9342d

08001d40 <HAL_RCC_GetSysClockFreq>:
  *
  *
  * @retval SYSCLK frequency
  */
__weak uint32_t HAL_RCC_GetSysClockFreq(void)
{
 8001d40:	b508      	push	{r3, lr}
  uint32_t pllvco = 0U;
  uint32_t pllp = 0U;
  uint32_t sysclockfreq = 0U;

  /* Get SYSCLK source -------------------------------------------------------*/
  switch (RCC->CFGR & RCC_CFGR_SWS)
 8001d42:	4b33      	ldr	r3, [pc, #204]	@ (8001e10 <HAL_RCC_GetSysClockFreq+0xd0>)
 8001d44:	689b      	ldr	r3, [r3, #8]
 8001d46:	f003 030c 	and.w	r3, r3, #12
 8001d4a:	2b04      	cmp	r3, #4
 8001d4c:	d05b      	beq.n	8001e06 <HAL_RCC_GetSysClockFreq+0xc6>
 8001d4e:	2b08      	cmp	r3, #8
 8001d50:	d15b      	bne.n	8001e0a <HAL_RCC_GetSysClockFreq+0xca>
    }
    case RCC_CFGR_SWS_PLL:  /* PLL used as system clock  source */
    {
      /* PLL_VCO = (HSE_VALUE or HSI_VALUE / PLLM) * PLLN
      SYSCLK = PLL_VCO / PLLP */
      pllm = RCC->PLLCFGR & RCC_PLLCFGR_PLLM;
 8001d52:	4b2f      	ldr	r3, [pc, #188]	@ (8001e10 <HAL_RCC_GetSysClockFreq+0xd0>)
 8001d54:	685a      	ldr	r2, [r3, #4]
 8001d56:	f002 023f 	and.w	r2, r2, #63	@ 0x3f
      if (__HAL_RCC_GET_PLL_OSCSOURCE() != RCC_PLLSOURCE_HSI)
 8001d5a:	685b      	ldr	r3, [r3, #4]
 8001d5c:	f413 0f80 	tst.w	r3, #4194304	@ 0x400000
 8001d60:	d02c      	beq.n	8001dbc <HAL_RCC_GetSysClockFreq+0x7c>
      {
        /* HSE used as PLL clock source */
        pllvco = (uint32_t)((((uint64_t) HSE_VALUE * ((uint64_t)((RCC->PLLCFGR & RCC_PLLCFGR_PLLN) >> RCC_PLLCFGR_PLLN_Pos)))) / (uint64_t)pllm);
 8001d62:	4b2b      	ldr	r3, [pc, #172]	@ (8001e10 <HAL_RCC_GetSysClockFreq+0xd0>)
 8001d64:	6858      	ldr	r0, [r3, #4]
 8001d66:	f3c0 1088 	ubfx	r0, r0, #6, #9
 8001d6a:	ea4f 1c40 	mov.w	ip, r0, lsl #5
 8001d6e:	ebbc 0c00 	subs.w	ip, ip, r0
 8001d72:	eb6e 0e0e 	sbc.w	lr, lr, lr
 8001d76:	ea4f 138e 	mov.w	r3, lr, lsl #6
 8001d7a:	ea43 639c 	orr.w	r3, r3, ip, lsr #26
 8001d7e:	ea4f 118c 	mov.w	r1, ip, lsl #6
 8001d82:	ebb1 010c 	subs.w	r1, r1, ip
 8001d86:	eb63 030e 	sbc.w	r3, r3, lr
 8001d8a:	00db      	lsls	r3, r3, #3
 8001d8c:	ea43 7351 	orr.w	r3, r3, r1, lsr #29
 8001d90:	00c9      	lsls	r1, r1, #3
 8001d92:	eb11 0c00 	adds.w	ip, r1, r0
 8001d96:	f143 0300 	adc.w	r3, r3, #0
 8001d9a:	0259      	lsls	r1, r3, #9
 8001d9c:	2300      	movs	r3, #0
 8001d9e:	ea4f 204c 	mov.w	r0, ip, lsl #9
 8001da2:	ea41 51dc 	orr.w	r1, r1, ip, lsr #23
 8001da6:	f7fe fa79 	bl	800029c <__aeabi_uldivmod>
      else
      {
        /* HSI used as PLL clock source */
        pllvco = (uint32_t)((((uint64_t) HSI_VALUE * ((uint64_t)((RCC->PLLCFGR & RCC_PLLCFGR_PLLN) >> RCC_PLLCFGR_PLLN_Pos)))) / (uint64_t)pllm);
      }
      pllp = ((((RCC->PLLCFGR & RCC_PLLCFGR_PLLP) >> RCC_PLLCFGR_PLLP_Pos) + 1U) * 2U);
 8001daa:	4b19      	ldr	r3, [pc, #100]	@ (8001e10 <HAL_RCC_GetSysClockFreq+0xd0>)
 8001dac:	685b      	ldr	r3, [r3, #4]
 8001dae:	f3c3 4301 	ubfx	r3, r3, #16, #2
 8001db2:	3301      	adds	r3, #1
 8001db4:	005b      	lsls	r3, r3, #1

      sysclockfreq = pllvco / pllp;
 8001db6:	fbb0 f0f3 	udiv	r0, r0, r3
      sysclockfreq = HSI_VALUE;
      break;
    }
  }
  return sysclockfreq;
}
 8001dba:	bd08      	pop	{r3, pc}
        pllvco = (uint32_t)((((uint64_t) HSI_VALUE * ((uint64_t)((RCC->PLLCFGR & RCC_PLLCFGR_PLLN) >> RCC_PLLCFGR_PLLN_Pos)))) / (uint64_t)pllm);
 8001dbc:	4b14      	ldr	r3, [pc, #80]	@ (8001e10 <HAL_RCC_GetSysClockFreq+0xd0>)
 8001dbe:	6858      	ldr	r0, [r3, #4]
 8001dc0:	f3c0 1088 	ubfx	r0, r0, #6, #9
 8001dc4:	ea4f 1c40 	mov.w	ip, r0, lsl #5
 8001dc8:	ebbc 0c00 	subs.w	ip, ip, r0
 8001dcc:	eb6e 0e0e 	sbc.w	lr, lr, lr
 8001dd0:	ea4f 138e 	mov.w	r3, lr, lsl #6
 8001dd4:	ea43 639c 	orr.w	r3, r3, ip, lsr #26
 8001dd8:	ea4f 118c 	mov.w	r1, ip, lsl #6
 8001ddc:	ebb1 010c 	subs.w	r1, r1, ip
 8001de0:	eb63 030e 	sbc.w	r3, r3, lr
 8001de4:	00db      	lsls	r3, r3, #3
 8001de6:	ea43 7351 	orr.w	r3, r3, r1, lsr #29
 8001dea:	00c9      	lsls	r1, r1, #3
 8001dec:	eb11 0c00 	adds.w	ip, r1, r0
 8001df0:	f143 0300 	adc.w	r3, r3, #0
 8001df4:	0299      	lsls	r1, r3, #10
 8001df6:	2300      	movs	r3, #0
 8001df8:	ea4f 208c 	mov.w	r0, ip, lsl #10
 8001dfc:	ea41 519c 	orr.w	r1, r1, ip, lsr #22
 8001e00:	f7fe fa4c 	bl	800029c <__aeabi_uldivmod>
 8001e04:	e7d1      	b.n	8001daa <HAL_RCC_GetSysClockFreq+0x6a>
      sysclockfreq = HSE_VALUE;
 8001e06:	4803      	ldr	r0, [pc, #12]	@ (8001e14 <HAL_RCC_GetSysClockFreq+0xd4>)
 8001e08:	e7d7      	b.n	8001dba <HAL_RCC_GetSysClockFreq+0x7a>
  switch (RCC->CFGR & RCC_CFGR_SWS)
 8001e0a:	4803      	ldr	r0, [pc, #12]	@ (8001e18 <HAL_RCC_GetSysClockFreq+0xd8>)
  return sysclockfreq;
 8001e0c:	e7d5      	b.n	8001dba <HAL_RCC_GetSysClockFreq+0x7a>
 8001e0e:	bf00      	nop
 8001e10:	40023800 	.word	0x40023800
 8001e14:	007a1200 	.word	0x007a1200
 8001e18:	00f42400 	.word	0x00f42400

08001e1c <LL_SetFlashLatency>:
  uint32_t latency = LL_FLASH_LATENCY_0;  /* default value 0WS */
  ErrorStatus status = SUCCESS;


  /* Frequency cannot be equal to 0 */
  if(HCLK_Frequency == 0U)
 8001e1c:	4602      	mov	r2, r0
 8001e1e:	2800      	cmp	r0, #0
 8001e20:	d03c      	beq.n	8001e9c <LL_SetFlashLatency+0x80>
  *         @arg @ref LL_PWR_REGU_VOLTAGE_SCALE3
  *         (*) LL_PWR_REGU_VOLTAGE_SCALE1 is not available for STM32F401xx devices
  */
__STATIC_INLINE uint32_t LL_PWR_GetRegulVoltageScaling(void)
{
  return (uint32_t)(READ_BIT(PWR->CR, PWR_CR_VOS));
 8001e22:	4b20      	ldr	r3, [pc, #128]	@ (8001ea4 <LL_SetFlashLatency+0x88>)
 8001e24:	6819      	ldr	r1, [r3, #0]
 8001e26:	681b      	ldr	r3, [r3, #0]
 8001e28:	f403 4340 	and.w	r3, r3, #49152	@ 0xc000
          latency = LL_FLASH_LATENCY_1;
        }
      }
#endif /* UTILS_SCALE1_LATENCY2_FREQ */
    }
    if(LL_PWR_GetRegulVoltageScaling() == LL_PWR_REGU_VOLTAGE_SCALE2)
 8001e2c:	f5b3 4f00 	cmp.w	r3, #32768	@ 0x8000
 8001e30:	d01b      	beq.n	8001e6a <LL_SetFlashLatency+0x4e>
  uint32_t latency = LL_FLASH_LATENCY_0;  /* default value 0WS */
 8001e32:	2100      	movs	r1, #0
 8001e34:	4b1b      	ldr	r3, [pc, #108]	@ (8001ea4 <LL_SetFlashLatency+0x88>)
 8001e36:	681b      	ldr	r3, [r3, #0]
 8001e38:	f403 4340 	and.w	r3, r3, #49152	@ 0xc000
          latency = LL_FLASH_LATENCY_1;
        }
      }
    }
#if defined (LL_PWR_REGU_VOLTAGE_SCALE3)
    if(LL_PWR_GetRegulVoltageScaling() == LL_PWR_REGU_VOLTAGE_SCALE3)
 8001e3c:	f5b3 4f80 	cmp.w	r3, #16384	@ 0x4000
 8001e40:	d01f      	beq.n	8001e82 <LL_SetFlashLatency+0x66>
  MODIFY_REG(FLASH->ACR, FLASH_ACR_LATENCY, Latency);
 8001e42:	4a19      	ldr	r2, [pc, #100]	@ (8001ea8 <LL_SetFlashLatency+0x8c>)
 8001e44:	6813      	ldr	r3, [r2, #0]
 8001e46:	f023 0307 	bic.w	r3, r3, #7
 8001e4a:	430b      	orrs	r3, r1
 8001e4c:	6013      	str	r3, [r2, #0]
#endif /* LL_PWR_REGU_VOLTAGE_SCALE3 */

    LL_FLASH_SetLatency(latency);
    /* Check that the new number of wait states is taken into account to access the Flash
       memory by reading the FLASH_ACR register */
    timeout = 2;
 8001e4e:	2202      	movs	r2, #2
  return (uint32_t)(READ_BIT(FLASH->ACR, FLASH_ACR_LATENCY));
 8001e50:	4b15      	ldr	r3, [pc, #84]	@ (8001ea8 <LL_SetFlashLatency+0x8c>)
 8001e52:	681b      	ldr	r3, [r3, #0]
 8001e54:	f003 0307 	and.w	r3, r3, #7
    do
    {
    /* Wait for Flash latency to be updated */
    getlatency = LL_FLASH_GetLatency();
    timeout--;
 8001e58:	3a01      	subs	r2, #1
    } while ((getlatency != latency) && (timeout > 0));
 8001e5a:	4299      	cmp	r1, r3
 8001e5c:	d001      	beq.n	8001e62 <LL_SetFlashLatency+0x46>
 8001e5e:	2a00      	cmp	r2, #0
 8001e60:	d1f6      	bne.n	8001e50 <LL_SetFlashLatency+0x34>

    if(getlatency != latency)
 8001e62:	4299      	cmp	r1, r3
 8001e64:	d01c      	beq.n	8001ea0 <LL_SetFlashLatency+0x84>
    {
      status = ERROR;
 8001e66:	2001      	movs	r0, #1
 8001e68:	4770      	bx	lr
      if((HCLK_Frequency > UTILS_SCALE2_LATENCY2_FREQ)&&(latency == LL_FLASH_LATENCY_0))
 8001e6a:	4b10      	ldr	r3, [pc, #64]	@ (8001eac <LL_SetFlashLatency+0x90>)
 8001e6c:	4298      	cmp	r0, r3
 8001e6e:	d804      	bhi.n	8001e7a <LL_SetFlashLatency+0x5e>
        if((HCLK_Frequency > UTILS_SCALE2_LATENCY1_FREQ)&&(latency == LL_FLASH_LATENCY_0))
 8001e70:	4b0f      	ldr	r3, [pc, #60]	@ (8001eb0 <LL_SetFlashLatency+0x94>)
 8001e72:	4298      	cmp	r0, r3
 8001e74:	d803      	bhi.n	8001e7e <LL_SetFlashLatency+0x62>
  uint32_t latency = LL_FLASH_LATENCY_0;  /* default value 0WS */
 8001e76:	2100      	movs	r1, #0
 8001e78:	e7dc      	b.n	8001e34 <LL_SetFlashLatency+0x18>
        latency = LL_FLASH_LATENCY_2;
 8001e7a:	2102      	movs	r1, #2
 8001e7c:	e7da      	b.n	8001e34 <LL_SetFlashLatency+0x18>
          latency = LL_FLASH_LATENCY_1;
 8001e7e:	2101      	movs	r1, #1
 8001e80:	e7d8      	b.n	8001e34 <LL_SetFlashLatency+0x18>
      if((HCLK_Frequency > UTILS_SCALE3_LATENCY2_FREQ)&&(latency == LL_FLASH_LATENCY_0))
 8001e82:	4b0a      	ldr	r3, [pc, #40]	@ (8001eac <LL_SetFlashLatency+0x90>)
 8001e84:	429a      	cmp	r2, r3
 8001e86:	d900      	bls.n	8001e8a <LL_SetFlashLatency+0x6e>
 8001e88:	b131      	cbz	r1, 8001e98 <LL_SetFlashLatency+0x7c>
        if((HCLK_Frequency > UTILS_SCALE3_LATENCY1_FREQ)&&(latency == LL_FLASH_LATENCY_0))
 8001e8a:	4b09      	ldr	r3, [pc, #36]	@ (8001eb0 <LL_SetFlashLatency+0x94>)
 8001e8c:	429a      	cmp	r2, r3
 8001e8e:	d9d8      	bls.n	8001e42 <LL_SetFlashLatency+0x26>
 8001e90:	2900      	cmp	r1, #0
 8001e92:	d1d6      	bne.n	8001e42 <LL_SetFlashLatency+0x26>
          latency = LL_FLASH_LATENCY_1;
 8001e94:	2101      	movs	r1, #1
 8001e96:	e7d4      	b.n	8001e42 <LL_SetFlashLatency+0x26>
        latency = LL_FLASH_LATENCY_2;
 8001e98:	2102      	movs	r1, #2
 8001e9a:	e7d2      	b.n	8001e42 <LL_SetFlashLatency+0x26>
    status = ERROR;
 8001e9c:	2001      	movs	r0, #1
 8001e9e:	4770      	bx	lr
    }
    else
    {
      status = SUCCESS;
 8001ea0:	2000      	movs	r0, #0
    }
  }
  return status;
}
 8001ea2:	4770      	bx	lr
 8001ea4:	40007000 	.word	0x40007000
 8001ea8:	40023c00 	.word	0x40023c00
 8001eac:	03938700 	.word	0x03938700
 8001eb0:	01c9c380 	.word	0x01c9c380

08001eb4 <z_fatal_error>:
	arch_system_halt(reason);
}
/* LCOV_EXCL_STOP */

void z_fatal_error(unsigned int reason, const struct arch_esf *esf)
{
 8001eb4:	b538      	push	{r3, r4, r5, lr}
  __ASM volatile ("MRS %0, basepri" : "=r" (result) );
 8001eb6:	f3ef 8511 	mrs	r5, BASEPRI
  __ASM volatile ("MSR basepri_max, %0" : : "r" (basePri) : "memory");
 8001eba:	2310      	movs	r3, #16
 8001ebc:	f383 8812 	msr	BASEPRI_MAX, r3
 8001ec0:	f3bf 8f6f 	isb	sy
	/* We can't allow this code to be preempted, but don't need to
	 * synchronize between CPUs, so an arch-layer lock is
	 * appropriate.
	 */
	unsigned int key = arch_irq_lock();
	struct k_thread *thread = IS_ENABLED(CONFIG_MULTITHREADING) ?
 8001ec4:	4b05      	ldr	r3, [pc, #20]	@ (8001edc <z_fatal_error+0x28>)
 8001ec6:	689c      	ldr	r4, [r3, #8]
		LOG_ERR("Current thread: %p (%s)", thread, thread_name_get(thread));
	}

	coredump(reason, esf, thread);

	k_sys_fatal_error_handler(reason, esf);
 8001ec8:	f002 fc5e 	bl	8004788 <k_sys_fatal_error_handler>
  __ASM volatile ("MSR basepri, %0" : : "r" (basePri) : "memory");
 8001ecc:	f385 8811 	msr	BASEPRI, r5
 8001ed0:	f3bf 8f6f 	isb	sy
 8001ed4:	4620      	mov	r0, r4
 8001ed6:	f7ff f80d 	bl	8000ef4 <z_impl_k_thread_abort>
	arch_irq_unlock(key);

	if (IS_ENABLED(CONFIG_MULTITHREADING)) {
		k_thread_abort(thread);
	}
}
 8001eda:	bd38      	pop	{r3, r4, r5, pc}
 8001edc:	200003d0 	.word	0x200003d0

08001ee0 <init_idle_thread>:
} /* LCOV_EXCL_LINE ... because we just dumped final coverage data */

#if defined(CONFIG_MULTITHREADING)
__boot_func
static void init_idle_thread(int i)
{
 8001ee0:	b510      	push	{r4, lr}
 8001ee2:	b086      	sub	sp, #24
	struct k_thread *thread = &z_idle_threads[i];
 8001ee4:	23b0      	movs	r3, #176	@ 0xb0
 8001ee6:	4c11      	ldr	r4, [pc, #68]	@ (8001f2c <init_idle_thread+0x4c>)
 8001ee8:	fb03 4400 	mla	r4, r3, r0, r4
	k_thread_stack_t *stack = z_idle_stacks[i];
 8001eec:	eb00 0c40 	add.w	ip, r0, r0, lsl #1
#else
	char *tname = NULL;
#endif /* CONFIG_THREAD_NAME */

	z_setup_new_thread(thread, stack,
			  stack_size, idle, &_kernel.cpus[i],
 8001ef0:	eb00 0080 	add.w	r0, r0, r0, lsl #2
 8001ef4:	4b0e      	ldr	r3, [pc, #56]	@ (8001f30 <init_idle_thread+0x50>)
 8001ef6:	eb03 0380 	add.w	r3, r3, r0, lsl #2
	z_setup_new_thread(thread, stack,
 8001efa:	4a0e      	ldr	r2, [pc, #56]	@ (8001f34 <init_idle_thread+0x54>)
 8001efc:	9205      	str	r2, [sp, #20]
 8001efe:	2201      	movs	r2, #1
 8001f00:	9204      	str	r2, [sp, #16]
 8001f02:	220f      	movs	r2, #15
 8001f04:	9203      	str	r2, [sp, #12]
 8001f06:	2200      	movs	r2, #0
 8001f08:	9202      	str	r2, [sp, #8]
 8001f0a:	9201      	str	r2, [sp, #4]
 8001f0c:	9300      	str	r3, [sp, #0]
 8001f0e:	4b0a      	ldr	r3, [pc, #40]	@ (8001f38 <init_idle_thread+0x58>)
 8001f10:	f44f 72a0 	mov.w	r2, #320	@ 0x140
 8001f14:	4909      	ldr	r1, [pc, #36]	@ (8001f3c <init_idle_thread+0x5c>)
 8001f16:	eb01 11cc 	add.w	r1, r1, ip, lsl #7
 8001f1a:	4620      	mov	r0, r4
 8001f1c:	f000 f924 	bl	8002168 <z_setup_new_thread>
	thread->base.thread_state |= _THREAD_SLEEPING;
}

static inline void z_mark_thread_as_not_sleeping(struct k_thread *thread)
{
	thread->base.thread_state &= ~_THREAD_SLEEPING;
 8001f20:	7c23      	ldrb	r3, [r4, #16]
 8001f22:	f023 0304 	bic.w	r3, r3, #4
 8001f26:	7423      	strb	r3, [r4, #16]
	z_mark_thread_as_not_sleeping(thread);

#ifdef CONFIG_SMP
	thread->base.is_idle = 1U;
#endif /* CONFIG_SMP */
}
 8001f28:	b006      	add	sp, #24
 8001f2a:	bd10      	pop	{r4, pc}
 8001f2c:	20000078 	.word	0x20000078
 8001f30:	200003d0 	.word	0x200003d0
 8001f34:	08005494 	.word	0x08005494
 8001f38:	0800478f 	.word	0x0800478f
 8001f3c:	20000c80 	.word	0x20000c80

08001f40 <z_sys_init_run_level>:
{
 8001f40:	b538      	push	{r3, r4, r5, lr}
 8001f42:	4605      	mov	r5, r0
	for (entry = levels[level]; entry < levels[level+1]; entry++) {
 8001f44:	4b0b      	ldr	r3, [pc, #44]	@ (8001f74 <z_sys_init_run_level+0x34>)
 8001f46:	f853 4020 	ldr.w	r4, [r3, r0, lsl #2]
 8001f4a:	e002      	b.n	8001f52 <z_sys_init_run_level+0x12>
			result = entry->init_fn();
 8001f4c:	6823      	ldr	r3, [r4, #0]
 8001f4e:	4798      	blx	r3
	for (entry = levels[level]; entry < levels[level+1]; entry++) {
 8001f50:	3408      	adds	r4, #8
 8001f52:	1c6b      	adds	r3, r5, #1
 8001f54:	4a07      	ldr	r2, [pc, #28]	@ (8001f74 <z_sys_init_run_level+0x34>)
 8001f56:	f852 3023 	ldr.w	r3, [r2, r3, lsl #2]
 8001f5a:	42a3      	cmp	r3, r4
 8001f5c:	d909      	bls.n	8001f72 <z_sys_init_run_level+0x32>
		const struct device *dev = entry->dev;
 8001f5e:	6860      	ldr	r0, [r4, #4]
		if (dev != NULL) {
 8001f60:	2800      	cmp	r0, #0
 8001f62:	d0f3      	beq.n	8001f4c <z_sys_init_run_level+0xc>
			if ((dev->flags & DEVICE_FLAG_INIT_DEFERRED) == 0U) {
 8001f64:	7e03      	ldrb	r3, [r0, #24]
 8001f66:	f013 0f01 	tst.w	r3, #1
 8001f6a:	d1f1      	bne.n	8001f50 <z_sys_init_run_level+0x10>
				result = do_device_init(dev);
 8001f6c:	f002 fbdb 	bl	8004726 <do_device_init>
 8001f70:	e7ee      	b.n	8001f50 <z_sys_init_run_level+0x10>
}
 8001f72:	bd38      	pop	{r3, r4, r5, pc}
 8001f74:	080056e4 	.word	0x080056e4

08001f78 <thread_schedule_new>:
{
 8001f78:	b508      	push	{r3, lr}
	if (K_TIMEOUT_EQ(delay, K_NO_WAIT)) {
 8001f7a:	ea53 0102 	orrs.w	r1, r3, r2
 8001f7e:	d102      	bne.n	8001f86 <thread_schedule_new+0xe>
	z_impl_k_wakeup(thread);
 8001f80:	f000 fb48 	bl	8002614 <z_impl_k_wakeup>
}
 8001f84:	bd08      	pop	{r3, pc}

extern void z_thread_timeout(struct _timeout *timeout);

static inline k_ticks_t z_add_thread_timeout(struct k_thread *thread, k_timeout_t ticks)
{
	return z_add_timeout(&thread->base.timeout, z_thread_timeout, ticks);
 8001f86:	4902      	ldr	r1, [pc, #8]	@ (8001f90 <thread_schedule_new+0x18>)
 8001f88:	3018      	adds	r0, #24
 8001f8a:	f000 fcef 	bl	800296c <z_add_timeout>
 8001f8e:	e7f9      	b.n	8001f84 <thread_schedule_new+0xc>
 8001f90:	0800491f 	.word	0x0800491f

08001f94 <z_init_static_threads>:
{
 8001f94:	b510      	push	{r4, lr}
 8001f96:	b086      	sub	sp, #24
	STRUCT_SECTION_FOREACH(_static_thread_data, thread_data) {
 8001f98:	4c18      	ldr	r4, [pc, #96]	@ (8001ffc <z_init_static_threads+0x68>)
 8001f9a:	e014      	b.n	8001fc6 <z_init_static_threads+0x32>
		z_setup_new_thread(
 8001f9c:	6a63      	ldr	r3, [r4, #36]	@ 0x24
 8001f9e:	9305      	str	r3, [sp, #20]
 8001fa0:	6a23      	ldr	r3, [r4, #32]
 8001fa2:	9304      	str	r3, [sp, #16]
 8001fa4:	69e3      	ldr	r3, [r4, #28]
 8001fa6:	9303      	str	r3, [sp, #12]
 8001fa8:	69a3      	ldr	r3, [r4, #24]
 8001faa:	9302      	str	r3, [sp, #8]
 8001fac:	6963      	ldr	r3, [r4, #20]
 8001fae:	9301      	str	r3, [sp, #4]
 8001fb0:	6923      	ldr	r3, [r4, #16]
 8001fb2:	9300      	str	r3, [sp, #0]
 8001fb4:	68e3      	ldr	r3, [r4, #12]
 8001fb6:	68a2      	ldr	r2, [r4, #8]
 8001fb8:	6861      	ldr	r1, [r4, #4]
 8001fba:	6820      	ldr	r0, [r4, #0]
 8001fbc:	f000 f8d4 	bl	8002168 <z_setup_new_thread>
		thread_data->init_thread->init_data = thread_data;
 8001fc0:	6823      	ldr	r3, [r4, #0]
 8001fc2:	655c      	str	r4, [r3, #84]	@ 0x54
	STRUCT_SECTION_FOREACH(_static_thread_data, thread_data) {
 8001fc4:	3430      	adds	r4, #48	@ 0x30
 8001fc6:	4b0e      	ldr	r3, [pc, #56]	@ (8002000 <z_init_static_threads+0x6c>)
 8001fc8:	429c      	cmp	r4, r3
 8001fca:	d3e7      	bcc.n	8001f9c <z_init_static_threads+0x8>
	k_sched_lock();
 8001fcc:	f000 fad0 	bl	8002570 <k_sched_lock>
	STRUCT_SECTION_FOREACH(_static_thread_data, thread_data) {
 8001fd0:	4c0a      	ldr	r4, [pc, #40]	@ (8001ffc <z_init_static_threads+0x68>)
 8001fd2:	e003      	b.n	8001fdc <z_init_static_threads+0x48>
			thread_schedule_new(thread_data->init_thread,
 8001fd4:	6820      	ldr	r0, [r4, #0]
 8001fd6:	f7ff ffcf 	bl	8001f78 <thread_schedule_new>
	STRUCT_SECTION_FOREACH(_static_thread_data, thread_data) {
 8001fda:	3430      	adds	r4, #48	@ 0x30
 8001fdc:	4b08      	ldr	r3, [pc, #32]	@ (8002000 <z_init_static_threads+0x6c>)
 8001fde:	429c      	cmp	r4, r3
 8001fe0:	d208      	bcs.n	8001ff4 <z_init_static_threads+0x60>
		k_timeout_t init_delay = Z_THREAD_INIT_DELAY(thread_data);
 8001fe2:	6aa2      	ldr	r2, [r4, #40]	@ 0x28
 8001fe4:	6ae3      	ldr	r3, [r4, #44]	@ 0x2c
		if (!K_TIMEOUT_EQ(init_delay, K_FOREVER)) {
 8001fe6:	f1b3 3fff 	cmp.w	r3, #4294967295
 8001fea:	bf08      	it	eq
 8001fec:	f1b2 3fff 	cmpeq.w	r2, #4294967295
 8001ff0:	d0f3      	beq.n	8001fda <z_init_static_threads+0x46>
 8001ff2:	e7ef      	b.n	8001fd4 <z_init_static_threads+0x40>
	k_sched_unlock();
 8001ff4:	f000 fad4 	bl	80025a0 <k_sched_unlock>
}
 8001ff8:	b006      	add	sp, #24
 8001ffa:	bd10      	pop	{r4, pc}
 8001ffc:	08004e8c 	.word	0x08004e8c
 8002000:	08004e8c 	.word	0x08004e8c

08002004 <bg_thread_main>:
{
 8002004:	b508      	push	{r3, lr}
	z_sys_post_kernel = true;
 8002006:	4b0a      	ldr	r3, [pc, #40]	@ (8002030 <bg_thread_main+0x2c>)
 8002008:	2201      	movs	r2, #1
 800200a:	701a      	strb	r2, [r3, #0]
	z_sys_init_run_level(INIT_LEVEL_POST_KERNEL);
 800200c:	2003      	movs	r0, #3
 800200e:	f7ff ff97 	bl	8001f40 <z_sys_init_run_level>
	boot_banner();
 8002012:	f000 fda7 	bl	8002b64 <boot_banner>
	z_sys_init_run_level(INIT_LEVEL_APPLICATION);
 8002016:	2004      	movs	r0, #4
 8002018:	f7ff ff92 	bl	8001f40 <z_sys_init_run_level>
	z_init_static_threads();
 800201c:	f7ff ffba 	bl	8001f94 <z_init_static_threads>
	(void)main();
 8002020:	f7fe fab4 	bl	800058c <main>
 * Exceptions raised by this thread may be recoverable.
 * (This is the default tag for a thread.)
 */
static inline void z_thread_essential_clear(struct k_thread *thread)
{
	thread->base.user_options &= ~K_ESSENTIAL;
 8002024:	4a03      	ldr	r2, [pc, #12]	@ (8002034 <bg_thread_main+0x30>)
 8002026:	8993      	ldrh	r3, [r2, #12]
 8002028:	f023 0301 	bic.w	r3, r3, #1
 800202c:	8193      	strh	r3, [r2, #12]
} /* LCOV_EXCL_LINE ... because we just dumped final coverage data */
 800202e:	bd08      	pop	{r3, pc}
 8002030:	20000405 	.word	0x20000405
 8002034:	20000128 	.word	0x20000128

08002038 <switch_to_main_thread>:
	return stack_ptr;
}

__boot_func
static FUNC_NORETURN void switch_to_main_thread(char *stack_ptr)
{
 8002038:	b508      	push	{r3, lr}
 800203a:	4601      	mov	r1, r0
#ifdef CONFIG_ARCH_HAS_CUSTOM_SWAP_TO_MAIN
	arch_switch_to_main_thread(&z_main_thread, stack_ptr, bg_thread_main);
 800203c:	4a01      	ldr	r2, [pc, #4]	@ (8002044 <switch_to_main_thread+0xc>)
 800203e:	4802      	ldr	r0, [pc, #8]	@ (8002048 <switch_to_main_thread+0x10>)
 8002040:	f7fe ff22 	bl	8000e88 <arch_switch_to_main_thread>
	 * current fake thread is not on a wait queue or ready queue, so it
	 * will never be rescheduled in.
	 */
	z_swap_unlocked();
#endif /* CONFIG_ARCH_HAS_CUSTOM_SWAP_TO_MAIN */
	CODE_UNREACHABLE; /* LCOV_EXCL_LINE */
 8002044:	08002005 	.word	0x08002005
 8002048:	20000128 	.word	0x20000128

0800204c <z_init_cpu>:
{
 800204c:	b510      	push	{r4, lr}
 800204e:	4604      	mov	r4, r0
	init_idle_thread(id);
 8002050:	f7ff ff46 	bl	8001ee0 <init_idle_thread>
	_kernel.cpus[id].idle_thread = &z_idle_threads[id];
 8002054:	23b0      	movs	r3, #176	@ 0xb0
 8002056:	490b      	ldr	r1, [pc, #44]	@ (8002084 <z_init_cpu+0x38>)
 8002058:	fb03 1104 	mla	r1, r3, r4, r1
 800205c:	4a0a      	ldr	r2, [pc, #40]	@ (8002088 <z_init_cpu+0x3c>)
 800205e:	eb04 0384 	add.w	r3, r4, r4, lsl #2
 8002062:	eb02 0383 	add.w	r3, r2, r3, lsl #2
 8002066:	60d9      	str	r1, [r3, #12]
	_kernel.cpus[id].id = id;
 8002068:	741c      	strb	r4, [r3, #16]
		(K_KERNEL_STACK_BUFFER(z_interrupt_stacks[id]) +
 800206a:	eb04 1144 	add.w	r1, r4, r4, lsl #5
 800206e:	4b07      	ldr	r3, [pc, #28]	@ (800208c <z_init_cpu+0x40>)
 8002070:	eb03 1381 	add.w	r3, r3, r1, lsl #6
 8002074:	f503 6304 	add.w	r3, r3, #2112	@ 0x840
	_kernel.cpus[id].irq_stack =
 8002078:	eb04 0484 	add.w	r4, r4, r4, lsl #2
 800207c:	eb02 0284 	add.w	r2, r2, r4, lsl #2
 8002080:	6053      	str	r3, [r2, #4]
}
 8002082:	bd10      	pop	{r4, pc}
 8002084:	20000078 	.word	0x20000078
 8002088:	200003d0 	.word	0x200003d0
 800208c:	20000440 	.word	0x20000440

08002090 <prepare_multithreading>:
{
 8002090:	b570      	push	{r4, r5, r6, lr}
 8002092:	b086      	sub	sp, #24
	z_sched_init();
 8002094:	f000 fab6 	bl	8002604 <z_sched_init>
	_kernel.ready_q.cache = &z_main_thread;
 8002098:	4d10      	ldr	r5, [pc, #64]	@ (80020dc <prepare_multithreading+0x4c>)
 800209a:	4b11      	ldr	r3, [pc, #68]	@ (80020e0 <prepare_multithreading+0x50>)
 800209c:	615d      	str	r5, [r3, #20]
	stack_ptr = z_setup_new_thread(&z_main_thread, z_main_stack,
 800209e:	4b11      	ldr	r3, [pc, #68]	@ (80020e4 <prepare_multithreading+0x54>)
 80020a0:	9305      	str	r3, [sp, #20]
 80020a2:	2301      	movs	r3, #1
 80020a4:	9304      	str	r3, [sp, #16]
 80020a6:	2400      	movs	r4, #0
 80020a8:	9403      	str	r4, [sp, #12]
 80020aa:	9402      	str	r4, [sp, #8]
 80020ac:	9401      	str	r4, [sp, #4]
 80020ae:	9400      	str	r4, [sp, #0]
 80020b0:	4b0d      	ldr	r3, [pc, #52]	@ (80020e8 <prepare_multithreading+0x58>)
 80020b2:	f44f 6280 	mov.w	r2, #1024	@ 0x400
 80020b6:	490d      	ldr	r1, [pc, #52]	@ (80020ec <prepare_multithreading+0x5c>)
 80020b8:	4628      	mov	r0, r5
 80020ba:	f000 f855 	bl	8002168 <z_setup_new_thread>
 80020be:	4606      	mov	r6, r0
	thread->base.thread_state &= ~_THREAD_SLEEPING;
 80020c0:	7c2b      	ldrb	r3, [r5, #16]
 80020c2:	f023 0304 	bic.w	r3, r3, #4
 80020c6:	742b      	strb	r3, [r5, #16]
	z_ready_thread(&z_main_thread);
 80020c8:	4628      	mov	r0, r5
 80020ca:	f002 fbf3 	bl	80048b4 <z_ready_thread>
	z_init_cpu(0);
 80020ce:	4620      	mov	r0, r4
 80020d0:	f7ff ffbc 	bl	800204c <z_init_cpu>
}
 80020d4:	4630      	mov	r0, r6
 80020d6:	b006      	add	sp, #24
 80020d8:	bd70      	pop	{r4, r5, r6, pc}
 80020da:	bf00      	nop
 80020dc:	20000128 	.word	0x20000128
 80020e0:	200003d0 	.word	0x200003d0
 80020e4:	0800549c 	.word	0x0800549c
 80020e8:	08002005 	.word	0x08002005
 80020ec:	20000e00 	.word	0x20000e00

080020f0 <z_cstart>:
 * @return Does not return
 */
__boot_func
FUNC_NO_STACK_PROTECTOR
FUNC_NORETURN void z_cstart(void)
{
 80020f0:	b508      	push	{r3, lr}
	/* gcov hook needed to get the coverage report.*/
	gcov_static_init();

	/* initialize early init calls */
	z_sys_init_run_level(INIT_LEVEL_EARLY);
 80020f2:	2000      	movs	r0, #0
 80020f4:	f7ff ff24 	bl	8001f40 <z_sys_init_run_level>
 * pointer) register, and switched to automatically when taking an exception.
 *
 */
static ALWAYS_INLINE void z_arm_interrupt_stack_setup(void)
{
	uint32_t msp = (uint32_t)(K_KERNEL_STACK_BUFFER(z_interrupt_stacks[0])) +
 80020f8:	4b18      	ldr	r3, [pc, #96]	@ (800215c <z_cstart+0x6c>)
  __ASM volatile ("MSR msp, %0" : : "r" (topOfMainStack) : );
 80020fa:	f383 8808 	msr	MSP, r3
	 * for Cortex-M3 and Cortex-M4 (ARMv7-M) MCUs. For the rest
	 * of ARM Cortex-M processors this setting is enforced by
	 * default and it is not configurable.
	 */
#if defined(CONFIG_CPU_CORTEX_M3) || defined(CONFIG_CPU_CORTEX_M4)
	SCB->CCR |= SCB_CCR_STKALIGN_Msk;
 80020fe:	4c18      	ldr	r4, [pc, #96]	@ (8002160 <z_cstart+0x70>)
 8002100:	6963      	ldr	r3, [r4, #20]
 8002102:	f443 7300 	orr.w	r3, r3, #512	@ 0x200
 8002106:	6163      	str	r3, [r4, #20]
 8002108:	23f0      	movs	r3, #240	@ 0xf0
 800210a:	f884 3022 	strb.w	r3, [r4, #34]	@ 0x22
 800210e:	2300      	movs	r3, #0
 8002110:	77e3      	strb	r3, [r4, #31]
 8002112:	7623      	strb	r3, [r4, #24]
 8002114:	7663      	strb	r3, [r4, #25]
 8002116:	76a3      	strb	r3, [r4, #26]
 8002118:	f884 3020 	strb.w	r3, [r4, #32]
#if defined(CONFIG_ARM_SECURE_FIRMWARE)
	NVIC_SetPriority(SecureFault_IRQn, _EXC_FAULT_PRIO);
#endif /* CONFIG_ARM_SECURE_FIRMWARE */

	/* Enable Usage, Mem, & Bus Faults */
	SCB->SHCSR |=
 800211c:	6a63      	ldr	r3, [r4, #36]	@ 0x24
 800211e:	f443 23e0 	orr.w	r3, r3, #458752	@ 0x70000
 8002122:	6263      	str	r3, [r4, #36]	@ 0x24

static ALWAYS_INLINE void arch_kernel_init(void)
{
	z_arm_interrupt_stack_setup();
	z_arm_exc_setup();
	z_arm_fault_init();
 8002124:	f7fe fdd6 	bl	8000cd4 <z_arm_fault_init>
	z_arm_cpu_idle_init();
 8002128:	f7fe fece 	bl	8000ec8 <z_arm_cpu_idle_init>
static ALWAYS_INLINE void z_arm_clear_faults(void)
{
#if defined(CONFIG_ARMV6_M_ARMV8_M_BASELINE)
#elif defined(CONFIG_ARMV7_M_ARMV8_M_MAINLINE)
	/* Reset all faults */
	SCB->CFSR = SCB_CFSR_USGFAULTSR_Msk | SCB_CFSR_MEMFAULTSR_Msk | SCB_CFSR_BUSFAULTSR_Msk;
 800212c:	f04f 33ff 	mov.w	r3, #4294967295
 8002130:	62a3      	str	r3, [r4, #40]	@ 0x28

	/* Clear all Hard Faults - HFSR is write-one-to-clear */
	SCB->HFSR = 0xffffffff;
 8002132:	62e3      	str	r3, [r4, #44]	@ 0x2c
	z_arm_clear_faults();
#if defined(CONFIG_ARM_MPU)
	z_arm_mpu_init();
 8002134:	f7fe ffe0 	bl	80010f8 <z_arm_mpu_init>
	 * to set up access permissions for fixed memory sections, such
	 * as Application Memory or No-Cacheable SRAM area.
	 *
	 * This function is invoked once, upon system initialization.
	 */
	z_arm_configure_static_mpu_regions();
 8002138:	f7fe ff58 	bl	8000fec <z_arm_configure_static_mpu_regions>
	arch_kernel_init();

	LOG_CORE_INIT();

#if defined(CONFIG_MULTITHREADING)
	z_dummy_thread_init(&_thread_dummy);
 800213c:	4809      	ldr	r0, [pc, #36]	@ (8002164 <z_cstart+0x74>)
 800213e:	f000 f875 	bl	800222c <z_dummy_thread_init>
#endif /* CONFIG_MULTITHREADING */
	/* do any necessary initialization of static devices */
	z_device_state_init();

	soc_early_init_hook();
 8002142:	f7fe fabd 	bl	80006c0 <soc_early_init_hook>

	board_early_init_hook();

	/* perform basic hardware initialization */
	z_sys_init_run_level(INIT_LEVEL_PRE_KERNEL_1);
 8002146:	2001      	movs	r0, #1
 8002148:	f7ff fefa 	bl	8001f40 <z_sys_init_run_level>
#if defined(CONFIG_SMP)
	arch_smp_init();
#endif
	z_sys_init_run_level(INIT_LEVEL_PRE_KERNEL_2);
 800214c:	2002      	movs	r0, #2
 800214e:	f7ff fef7 	bl	8001f40 <z_sys_init_run_level>
	timing_init();
	timing_start();
#endif /* CONFIG_TIMING_FUNCTIONS_NEED_AT_BOOT */

#ifdef CONFIG_MULTITHREADING
	switch_to_main_thread(prepare_multithreading());
 8002152:	f7ff ff9d 	bl	8002090 <prepare_multithreading>
 8002156:	f7ff ff6f 	bl	8002038 <switch_to_main_thread>
 800215a:	bf00      	nop
 800215c:	20000c80 	.word	0x20000c80
 8002160:	e000ed00 	.word	0xe000ed00
 8002164:	200001d8 	.word	0x200001d8

08002168 <z_setup_new_thread>:
char *z_setup_new_thread(struct k_thread *new_thread,
			 k_thread_stack_t *stack, size_t stack_size,
			 k_thread_entry_t entry,
			 void *p1, void *p2, void *p3,
			 int prio, uint32_t options, const char *name)
{
 8002168:	e92d 4ff0 	stmdb	sp!, {r4, r5, r6, r7, r8, r9, sl, fp, lr}
 800216c:	b085      	sub	sp, #20
 800216e:	4604      	mov	r4, r0
 8002170:	460f      	mov	r7, r1
 8002172:	4615      	mov	r5, r2
 8002174:	461e      	mov	r6, r3
 8002176:	f8dd a038 	ldr.w	sl, [sp, #56]	@ 0x38
 800217a:	f8dd 903c 	ldr.w	r9, [sp, #60]	@ 0x3c
 800217e:	f8dd 8040 	ldr.w	r8, [sp, #64]	@ 0x40
 8002182:	f8dd b04c 	ldr.w	fp, [sp, #76]	@ 0x4c
	SYS_DLIST_FOR_EACH_CONTAINER_SAFE(&((wq)->waitq), thread_ptr, \
					  loop_ptr, base.qnode_dlist)

static inline void z_waitq_init(_wait_q_t *w)
{
	sys_dlist_init(&w->waitq);
 8002186:	f100 0358 	add.w	r3, r0, #88	@ 0x58
 * @param list the doubly-linked list
 */

static inline void sys_dlist_init(sys_dlist_t *list)
{
	list->head = (sys_dnode_t *)list;
 800218a:	6583      	str	r3, [r0, #88]	@ 0x58
	list->tail = (sys_dnode_t *)list;
 800218c:	65c3      	str	r3, [r0, #92]	@ 0x5c
	k_object_access_grant(new_thread, new_thread);
#endif /* CONFIG_USERSPACE */
	z_waitq_init(&new_thread->join_queue);

	/* Initialize various struct k_thread members */
	z_init_thread_base(&new_thread->base, prio, _THREAD_SLEEPING, options);
 800218e:	9b12      	ldr	r3, [sp, #72]	@ 0x48
 8002190:	2204      	movs	r2, #4
 8002192:	9911      	ldr	r1, [sp, #68]	@ 0x44
 8002194:	f002 fb2e 	bl	80047f4 <z_init_thread_base>
	stack_ptr = setup_thread_stack(new_thread, stack, stack_size);
 8002198:	462a      	mov	r2, r5
 800219a:	4639      	mov	r1, r7
 800219c:	4620      	mov	r0, r4
 800219e:	f002 fb03 	bl	80047a8 <setup_thread_stack>
 80021a2:	4605      	mov	r5, r0
	__ASSERT_NO_MSG(!sys_cache_is_mem_coherent(stack));
#endif  /* CONFIG_DYNAMIC_THREAD */

#endif /* CONFIG_KERNEL_COHERENCE */

	arch_new_thread(new_thread, stack, stack_ptr, entry, p1, p2, p3);
 80021a4:	f8cd 8008 	str.w	r8, [sp, #8]
 80021a8:	f8cd 9004 	str.w	r9, [sp, #4]
 80021ac:	f8cd a000 	str.w	sl, [sp]
 80021b0:	4633      	mov	r3, r6
 80021b2:	4602      	mov	r2, r0
 80021b4:	4639      	mov	r1, r7
 80021b6:	4620      	mov	r0, r4
 80021b8:	f7fe fe44 	bl	8000e44 <arch_new_thread>

	/* static threads overwrite it afterwards with real value */
	new_thread->init_data = NULL;
 80021bc:	2300      	movs	r3, #0
 80021be:	6563      	str	r3, [r4, #84]	@ 0x54
#ifdef CONFIG_THREAD_CUSTOM_DATA
	/* Initialize custom data field (value is opaque to kernel) */
	new_thread->custom_data = NULL;
#endif /* CONFIG_THREAD_CUSTOM_DATA */
#ifdef CONFIG_THREAD_MONITOR
	new_thread->entry.pEntry = entry;
 80021c0:	6626      	str	r6, [r4, #96]	@ 0x60
	new_thread->entry.parameter1 = p1;
 80021c2:	f8c4 a064 	str.w	sl, [r4, #100]	@ 0x64
	new_thread->entry.parameter2 = p2;
 80021c6:	f8c4 9068 	str.w	r9, [r4, #104]	@ 0x68
	new_thread->entry.parameter3 = p3;
 80021ca:	f8c4 806c 	str.w	r8, [r4, #108]	@ 0x6c
  __ASM volatile ("MRS %0, basepri" : "=r" (result) );
 80021ce:	f3ef 8211 	mrs	r2, BASEPRI
  __ASM volatile ("MSR basepri_max, %0" : : "r" (basePri) : "memory");
 80021d2:	2310      	movs	r3, #16
 80021d4:	f383 8812 	msr	BASEPRI_MAX, r3
 80021d8:	f3bf 8f6f 	isb	sy

	k_spinlock_key_t key = k_spin_lock(&z_thread_monitor_lock);

	new_thread->next_thread = _kernel.threads;
 80021dc:	4b12      	ldr	r3, [pc, #72]	@ (8002228 <z_setup_new_thread+0xc0>)
 80021de:	6a19      	ldr	r1, [r3, #32]
 80021e0:	6721      	str	r1, [r4, #112]	@ 0x70
	_kernel.threads = new_thread;
 80021e2:	621c      	str	r4, [r3, #32]
  __ASM volatile ("MSR basepri, %0" : : "r" (basePri) : "memory");
 80021e4:	f382 8811 	msr	BASEPRI, r2
 80021e8:	f3bf 8f6f 	isb	sy
	k_spin_unlock(&z_thread_monitor_lock, key);
#endif /* CONFIG_THREAD_MONITOR */
#ifdef CONFIG_THREAD_NAME
	if (name != NULL) {
 80021ec:	f1bb 0f00 	cmp.w	fp, #0
 80021f0:	d013      	beq.n	800221a <z_setup_new_thread+0xb2>
		strncpy(new_thread->name, name,
 80021f2:	221f      	movs	r2, #31
 80021f4:	4659      	mov	r1, fp
 80021f6:	f104 0074 	add.w	r0, r4, #116	@ 0x74
 80021fa:	f000 fd13 	bl	8002c24 <strncpy>
			CONFIG_THREAD_MAX_NAME_LEN - 1);
		/* Ensure NULL termination, truncate if longer */
		new_thread->name[CONFIG_THREAD_MAX_NAME_LEN - 1] = '\0';
 80021fe:	2300      	movs	r3, #0
 8002200:	f884 3093 	strb.w	r3, [r4, #147]	@ 0x93
		new_thread->base.cpu_mask = -1; /* allow all cpus */
	}
#endif /* CONFIG_SCHED_CPU_MASK */
#ifdef CONFIG_ARCH_HAS_CUSTOM_SWAP_TO_MAIN
	/* _current may be null if the dummy thread is not used */
	if (!_current) {
 8002204:	4b08      	ldr	r3, [pc, #32]	@ (8002228 <z_setup_new_thread+0xc0>)
 8002206:	689b      	ldr	r3, [r3, #8]
 8002208:	b15b      	cbz	r3, 8002222 <z_setup_new_thread+0xba>
	}
#endif /* CONFIG_USERSPACE */
#ifdef CONFIG_SCHED_DEADLINE
	new_thread->base.prio_deadline = 0;
#endif /* CONFIG_SCHED_DEADLINE */
	new_thread->resource_pool = _current->resource_pool;
 800220a:	f8d3 30a0 	ldr.w	r3, [r3, #160]	@ 0xa0
 800220e:	f8c4 30a0 	str.w	r3, [r4, #160]	@ 0xa0
#endif /* CONFIG_SCHED_THREAD_USAGE */

	SYS_PORT_TRACING_OBJ_FUNC(k_thread, create, new_thread);

	return stack_ptr;
}
 8002212:	4628      	mov	r0, r5
 8002214:	b005      	add	sp, #20
 8002216:	e8bd 8ff0 	ldmia.w	sp!, {r4, r5, r6, r7, r8, r9, sl, fp, pc}
		new_thread->name[0] = '\0';
 800221a:	2300      	movs	r3, #0
 800221c:	f884 3074 	strb.w	r3, [r4, #116]	@ 0x74
 8002220:	e7f0      	b.n	8002204 <z_setup_new_thread+0x9c>
		new_thread->resource_pool = NULL;
 8002222:	f8c4 30a0 	str.w	r3, [r4, #160]	@ 0xa0
		return stack_ptr;
 8002226:	e7f4      	b.n	8002212 <z_setup_new_thread+0xaa>
 8002228:	200003d0 	.word	0x200003d0

0800222c <z_dummy_thread_init>:

#endif /* CONFIG_THREAD_ABORT_NEED_CLEANUP */

void z_dummy_thread_init(struct k_thread *dummy_thread)
{
	dummy_thread->base.thread_state = _THREAD_DUMMY;
 800222c:	2301      	movs	r3, #1
 800222e:	7403      	strb	r3, [r0, #16]
#ifdef CONFIG_SCHED_CPU_MASK
	dummy_thread->base.cpu_mask = -1;
#endif /* CONFIG_SCHED_CPU_MASK */
	dummy_thread->base.user_options = K_ESSENTIAL;
 8002230:	8183      	strh	r3, [r0, #12]
#ifdef CONFIG_THREAD_STACK_INFO
	dummy_thread->stack_info.start = 0U;
 8002232:	2300      	movs	r3, #0
 8002234:	f8c0 3094 	str.w	r3, [r0, #148]	@ 0x94
	dummy_thread->stack_info.size = 0U;
 8002238:	f8c0 3098 	str.w	r3, [r0, #152]	@ 0x98
	dummy_thread->mem_domain_info.mem_domain = &k_mem_domain_default;
#endif /* CONFIG_USERSPACE */
#if (K_HEAP_MEM_POOL_SIZE > 0)
	k_thread_system_pool_assign(dummy_thread);
#else
	dummy_thread->resource_pool = NULL;
 800223c:	f8c0 30a0 	str.w	r3, [r0, #160]	@ 0xa0

#ifdef CONFIG_TIMESLICE_PER_THREAD
	dummy_thread->base.slice_ticks = 0;
#endif /* CONFIG_TIMESLICE_PER_THREAD */

	z_current_thread_set(dummy_thread);
 8002240:	4b01      	ldr	r3, [pc, #4]	@ (8002248 <z_dummy_thread_init+0x1c>)
 8002242:	6098      	str	r0, [r3, #8]
}
 8002244:	4770      	bx	lr
 8002246:	bf00      	nop
 8002248:	200003d0 	.word	0x200003d0

0800224c <z_swap_irqlock>:

#ifndef CONFIG_USE_SWITCH
static ALWAYS_INLINE int arch_swap(unsigned int key)
{
	/* store off key and return value */
	_current->arch.basepri = key;
 800224c:	4a0a      	ldr	r2, [pc, #40]	@ (8002278 <z_swap_irqlock+0x2c>)
 800224e:	6893      	ldr	r3, [r2, #8]
 8002250:	f8c3 00a8 	str.w	r0, [r3, #168]	@ 0xa8
	_current->arch.swap_return_value = -EAGAIN;
 8002254:	f06f 010a 	mvn.w	r1, #10
 8002258:	f8c3 10ac 	str.w	r1, [r3, #172]	@ 0xac

	/* set pending bit to make sure we will take a PendSV exception */
	SCB->ICSR |= SCB_ICSR_PENDSVSET_Msk;
 800225c:	4907      	ldr	r1, [pc, #28]	@ (800227c <z_swap_irqlock+0x30>)
 800225e:	684b      	ldr	r3, [r1, #4]
 8002260:	f043 5380 	orr.w	r3, r3, #268435456	@ 0x10000000
 8002264:	604b      	str	r3, [r1, #4]
 8002266:	2300      	movs	r3, #0
 8002268:	f383 8811 	msr	BASEPRI, r3
 800226c:	f3bf 8f6f 	isb	sy
	irq_unlock(0);

	/* Context switch is performed here. Returning implies the
	 * thread has been context-switched-in again.
	 */
	return _current->arch.swap_return_value;
 8002270:	6893      	ldr	r3, [r2, #8]
# endif /* CONFIG_ARM64 */
#endif /* CONFIG_SPIN_VALIDATE */

	ret = arch_swap(key);
	return ret;
}
 8002272:	f8d3 00ac 	ldr.w	r0, [r3, #172]	@ 0xac
 8002276:	4770      	bx	lr
 8002278:	200003d0 	.word	0x200003d0
 800227c:	e000ed00 	.word	0xe000ed00

08002280 <reschedule>:
{
#ifdef CONFIG_SMP
	_current_cpu->swap_ok = 0;
#endif /* CONFIG_SMP */

	return arch_irq_unlocked(key) && !arch_is_in_isr();
 8002280:	4608      	mov	r0, r1
 8002282:	b981      	cbnz	r1, 80022a6 <reschedule+0x26>
	return new_thread != _current;
#endif /* CONFIG_SMP */
}

static void reschedule(struct k_spinlock *lock, k_spinlock_key_t key)
{
 8002284:	b508      	push	{r3, lr}
  __ASM volatile ("MRS %0, ipsr" : "=r" (result) );
 8002286:	f3ef 8305 	mrs	r3, IPSR
	return arch_irq_unlocked(key) && !arch_is_in_isr();
 800228a:	b93b      	cbnz	r3, 800229c <reschedule+0x1c>
	new_thread = _kernel.ready_q.cache;
 800228c:	4b08      	ldr	r3, [pc, #32]	@ (80022b0 <reschedule+0x30>)
 800228e:	695a      	ldr	r2, [r3, #20]
	return new_thread != _current;
 8002290:	689b      	ldr	r3, [r3, #8]
	if (resched(key.key) && need_swap()) {
 8002292:	429a      	cmp	r2, r3
 8002294:	d002      	beq.n	800229c <reschedule+0x1c>
 * handling.
 */
static ALWAYS_INLINE int z_swap(struct k_spinlock *lock, k_spinlock_key_t key)
{
	k_spin_release(lock);
	return z_swap_irqlock(key.key);
 8002296:	f7ff ffd9 	bl	800224c <z_swap_irqlock>
		z_swap(lock, key);
 800229a:	e003      	b.n	80022a4 <reschedule+0x24>
  __ASM volatile ("MSR basepri, %0" : : "r" (basePri) : "memory");
 800229c:	f380 8811 	msr	BASEPRI, r0
 80022a0:	f3bf 8f6f 	isb	sy
	} else {
		signal_pending_ipi();
		k_spin_unlock(lock, key);
	}
}
 80022a4:	bd08      	pop	{r3, pc}
 80022a6:	f381 8811 	msr	BASEPRI, r1
 80022aa:	f3bf 8f6f 	isb	sy
 80022ae:	4770      	bx	lr
 80022b0:	200003d0 	.word	0x200003d0

080022b4 <ready_thread>:
	return (thread->base.thread_state & state) != 0U;
 80022b4:	7c03      	ldrb	r3, [r0, #16]
	if (!z_is_thread_queued(thread) && z_is_thread_ready(thread)) {
 80022b6:	f990 2010 	ldrsb.w	r2, [r0, #16]
 80022ba:	2a00      	cmp	r2, #0
 80022bc:	db4e      	blt.n	800235c <ready_thread+0xa8>
 80022be:	f013 0f1f 	tst.w	r3, #31
 80022c2:	d14b      	bne.n	800235c <ready_thread+0xa8>
{
 80022c4:	b510      	push	{r4, lr}
	thread->base.thread_state |= _THREAD_QUEUED;
 80022c6:	f063 037f 	orn	r3, r3, #127	@ 0x7f
 80022ca:	7403      	strb	r3, [r0, #16]
 * @return true if empty, false otherwise
 */

static inline bool sys_dlist_is_empty(const sys_dlist_t *list)
{
	return list->head == list;
 80022cc:	4a24      	ldr	r2, [pc, #144]	@ (8002360 <ready_thread+0xac>)
 80022ce:	f852 3f18 	ldr.w	r3, [r2, #24]!
 * @return a pointer to the head element, NULL if list is empty
 */

static inline sys_dnode_t *sys_dlist_peek_head(const sys_dlist_t *list)
{
	return sys_dlist_is_empty(list) ? NULL : list->head;
 80022d2:	4293      	cmp	r3, r2
 80022d4:	d03a      	beq.n	800234c <ready_thread+0x98>

static ALWAYS_INLINE void z_priq_simple_add(sys_dlist_t *pq, struct k_thread *thread)
{
	struct k_thread *t;

	SYS_DLIST_FOR_EACH_CONTAINER(pq, t, base.qnode_dlist) {
 80022d6:	b17b      	cbz	r3, 80022f8 <ready_thread+0x44>
	int32_t b1 = thread_1->base.prio;
 80022d8:	f990 100e 	ldrsb.w	r1, [r0, #14]
	int32_t b2 = thread_2->base.prio;
 80022dc:	f993 200e 	ldrsb.w	r2, [r3, #14]
	if (b1 != b2) {
 80022e0:	4291      	cmp	r1, r2
 80022e2:	d002      	beq.n	80022ea <ready_thread+0x36>
		return b2 - b1;
 80022e4:	1a52      	subs	r2, r2, r1
		if (z_sched_prio_cmp(thread, t) > 0) {
 80022e6:	2a00      	cmp	r2, #0
 80022e8:	dc27      	bgt.n	800233a <ready_thread+0x86>
	SYS_DLIST_FOR_EACH_CONTAINER(pq, t, base.qnode_dlist) {
 80022ea:	4619      	mov	r1, r3
 */

static inline sys_dnode_t *sys_dlist_peek_next_no_check(const sys_dlist_t *list,
							const sys_dnode_t *node)
{
	return (node == list->tail) ? NULL : node->next;
 80022ec:	4a1c      	ldr	r2, [pc, #112]	@ (8002360 <ready_thread+0xac>)
 80022ee:	69d2      	ldr	r2, [r2, #28]
 80022f0:	4293      	cmp	r3, r2
 80022f2:	d001      	beq.n	80022f8 <ready_thread+0x44>
 80022f4:	681b      	ldr	r3, [r3, #0]
 80022f6:	bb33      	cbnz	r3, 8002346 <ready_thread+0x92>
 * @param node the element to append
 */

static inline void sys_dlist_append(sys_dlist_t *list, sys_dnode_t *node)
{
	sys_dnode_t *const tail = list->tail;
 80022f8:	4b19      	ldr	r3, [pc, #100]	@ (8002360 <ready_thread+0xac>)
 80022fa:	69da      	ldr	r2, [r3, #28]

	node->next = list;
 80022fc:	f103 0118 	add.w	r1, r3, #24
 8002300:	6001      	str	r1, [r0, #0]
	node->prev = tail;
 8002302:	6042      	str	r2, [r0, #4]

	tail->next = node;
 8002304:	6010      	str	r0, [r2, #0]
	list->tail = node;
 8002306:	61d8      	str	r0, [r3, #28]
	return list->head == list;
 8002308:	4b15      	ldr	r3, [pc, #84]	@ (8002360 <ready_thread+0xac>)
 800230a:	f853 4f18 	ldr.w	r4, [r3, #24]!
	return sys_dlist_is_empty(list) ? NULL : list->head;
 800230e:	429c      	cmp	r4, r3
 8002310:	d01e      	beq.n	8002350 <ready_thread+0x9c>
static ALWAYS_INLINE struct k_thread *z_priq_simple_best(sys_dlist_t *pq)
{
	struct k_thread *thread = NULL;
	sys_dnode_t *n = sys_dlist_peek_head(pq);

	if (n != NULL) {
 8002312:	b1ec      	cbz	r4, 8002350 <ready_thread+0x9c>
	}

	__ASSERT(_current != NULL, "");

	/* Or if we're pended/suspended/dummy (duh) */
	if (z_is_thread_prevented_from_running(_current)) {
 8002314:	4b12      	ldr	r3, [pc, #72]	@ (8002360 <ready_thread+0xac>)
 8002316:	689b      	ldr	r3, [r3, #8]
	uint8_t state = thread->base.thread_state;
 8002318:	7c1a      	ldrb	r2, [r3, #16]
	if (z_is_thread_prevented_from_running(_current)) {
 800231a:	f012 0f1f 	tst.w	r2, #31
 800231e:	d104      	bne.n	800232a <ready_thread+0x76>
	return thread->base.preempt <= _PREEMPT_THRESHOLD;
 8002320:	89da      	ldrh	r2, [r3, #14]
	}

	/* Otherwise we have to be running a preemptible thread or
	 * switching to a metairq
	 */
	if (thread_is_preemptible(_current) || thread_is_metairq(thread)) {
 8002322:	2a7f      	cmp	r2, #127	@ 0x7f
 8002324:	d901      	bls.n	800232a <ready_thread+0x76>
	return node->next != NULL;
 8002326:	69a2      	ldr	r2, [r4, #24]
	/* Edge case on ARM where a thread can be pended out of an
	 * interrupt handler before the "synchronous" swap starts
	 * context switching.  Platforms with atomic swap can never
	 * hit this.
	 */
	if (IS_ENABLED(CONFIG_SWAP_NONATOMIC)
 8002328:	b1aa      	cbz	r2, 8002356 <ready_thread+0xa2>
		if (thread != _current) {
 800232a:	42a3      	cmp	r3, r4
 800232c:	d002      	beq.n	8002334 <ready_thread+0x80>
			z_reset_time_slice(thread);
 800232e:	4620      	mov	r0, r4
 8002330:	f000 fa82 	bl	8002838 <z_reset_time_slice>
		_kernel.ready_q.cache = thread;
 8002334:	4b0a      	ldr	r3, [pc, #40]	@ (8002360 <ready_thread+0xac>)
 8002336:	615c      	str	r4, [r3, #20]
}
 8002338:	bd10      	pop	{r4, pc}
 * @param successor the position before which "node" will be inserted
 * @param node the element to insert
 */
static inline void sys_dlist_insert(sys_dnode_t *successor, sys_dnode_t *node)
{
	sys_dnode_t *const prev = successor->prev;
 800233a:	685a      	ldr	r2, [r3, #4]

	node->prev = prev;
 800233c:	6042      	str	r2, [r0, #4]
	node->next = successor;
 800233e:	6003      	str	r3, [r0, #0]
	prev->next = node;
 8002340:	6010      	str	r0, [r2, #0]
	successor->prev = node;
 8002342:	6058      	str	r0, [r3, #4]
			return;
 8002344:	e7e0      	b.n	8002308 <ready_thread+0x54>
	return (node != NULL) ? sys_dlist_peek_next_no_check(list, node) : NULL;
 8002346:	2900      	cmp	r1, #0
 8002348:	d1c5      	bne.n	80022d6 <ready_thread+0x22>
 800234a:	e7d5      	b.n	80022f8 <ready_thread+0x44>
	SYS_DLIST_FOR_EACH_CONTAINER(pq, t, base.qnode_dlist) {
 800234c:	2300      	movs	r3, #0
 800234e:	e7c2      	b.n	80022d6 <ready_thread+0x22>
	return (thread != NULL) ? thread : _current_cpu->idle_thread;
 8002350:	4b03      	ldr	r3, [pc, #12]	@ (8002360 <ready_thread+0xac>)
 8002352:	68dc      	ldr	r4, [r3, #12]
 8002354:	e7de      	b.n	8002314 <ready_thread+0x60>
		_kernel.ready_q.cache = _current;
 8002356:	4a02      	ldr	r2, [pc, #8]	@ (8002360 <ready_thread+0xac>)
 8002358:	6153      	str	r3, [r2, #20]
 800235a:	e7ed      	b.n	8002338 <ready_thread+0x84>
 800235c:	4770      	bx	lr
 800235e:	bf00      	nop
 8002360:	200003d0 	.word	0x200003d0

08002364 <unready_thread>:
}
#include <zephyr/syscalls/k_thread_resume_mrsh.c>
#endif /* CONFIG_USERSPACE */

static void unready_thread(struct k_thread *thread)
{
 8002364:	b510      	push	{r4, lr}
	return (thread->base.thread_state & state) != 0U;
 8002366:	7c03      	ldrb	r3, [r0, #16]
	if (z_is_thread_queued(thread)) {
 8002368:	f990 2010 	ldrsb.w	r2, [r0, #16]
 800236c:	2a00      	cmp	r2, #0
 800236e:	db19      	blt.n	80023a4 <unready_thread+0x40>
		dequeue_thread(thread);
	}
	update_cache(thread == _current);
 8002370:	4b15      	ldr	r3, [pc, #84]	@ (80023c8 <unready_thread+0x64>)
 8002372:	689a      	ldr	r2, [r3, #8]
	return list->head == list;
 8002374:	f853 4f18 	ldr.w	r4, [r3, #24]!
	return sys_dlist_is_empty(list) ? NULL : list->head;
 8002378:	429c      	cmp	r4, r3
 800237a:	d01e      	beq.n	80023ba <unready_thread+0x56>
	if (n != NULL) {
 800237c:	b1ec      	cbz	r4, 80023ba <unready_thread+0x56>
	if (preempt_ok != 0) {
 800237e:	4282      	cmp	r2, r0
 8002380:	d008      	beq.n	8002394 <unready_thread+0x30>
	uint8_t state = thread->base.thread_state;
 8002382:	7c13      	ldrb	r3, [r2, #16]
	if (z_is_thread_prevented_from_running(_current)) {
 8002384:	f013 0f1f 	tst.w	r3, #31
 8002388:	d104      	bne.n	8002394 <unready_thread+0x30>
	return thread->base.preempt <= _PREEMPT_THRESHOLD;
 800238a:	89d3      	ldrh	r3, [r2, #14]
	if (thread_is_preemptible(_current) || thread_is_metairq(thread)) {
 800238c:	2b7f      	cmp	r3, #127	@ 0x7f
 800238e:	d901      	bls.n	8002394 <unready_thread+0x30>
	return node->next != NULL;
 8002390:	69a3      	ldr	r3, [r4, #24]
	if (IS_ENABLED(CONFIG_SWAP_NONATOMIC)
 8002392:	b1ab      	cbz	r3, 80023c0 <unready_thread+0x5c>
		if (thread != _current) {
 8002394:	42a2      	cmp	r2, r4
 8002396:	d002      	beq.n	800239e <unready_thread+0x3a>
			z_reset_time_slice(thread);
 8002398:	4620      	mov	r0, r4
 800239a:	f000 fa4d 	bl	8002838 <z_reset_time_slice>
		_kernel.ready_q.cache = thread;
 800239e:	4b0a      	ldr	r3, [pc, #40]	@ (80023c8 <unready_thread+0x64>)
 80023a0:	615c      	str	r4, [r3, #20]
}
 80023a2:	bd10      	pop	{r4, pc}
	thread->base.thread_state &= ~_THREAD_QUEUED;
 80023a4:	f003 037f 	and.w	r3, r3, #127	@ 0x7f
 80023a8:	7403      	strb	r3, [r0, #16]
 * @param node the node to remove
 */

static inline void sys_dlist_remove(sys_dnode_t *node)
{
	sys_dnode_t *const prev = node->prev;
 80023aa:	6842      	ldr	r2, [r0, #4]
	sys_dnode_t *const next = node->next;
 80023ac:	6803      	ldr	r3, [r0, #0]

	prev->next = next;
 80023ae:	6013      	str	r3, [r2, #0]
	next->prev = prev;
 80023b0:	605a      	str	r2, [r3, #4]
	node->next = NULL;
 80023b2:	2300      	movs	r3, #0
 80023b4:	6003      	str	r3, [r0, #0]
	node->prev = NULL;
 80023b6:	6043      	str	r3, [r0, #4]
}
 80023b8:	e7da      	b.n	8002370 <unready_thread+0xc>
	return (thread != NULL) ? thread : _current_cpu->idle_thread;
 80023ba:	4b03      	ldr	r3, [pc, #12]	@ (80023c8 <unready_thread+0x64>)
 80023bc:	68dc      	ldr	r4, [r3, #12]
 80023be:	e7de      	b.n	800237e <unready_thread+0x1a>
		_kernel.ready_q.cache = _current;
 80023c0:	4b01      	ldr	r3, [pc, #4]	@ (80023c8 <unready_thread+0x64>)
 80023c2:	615a      	str	r2, [r3, #20]
 80023c4:	e7ed      	b.n	80023a2 <unready_thread+0x3e>
 80023c6:	bf00      	nop
 80023c8:	200003d0 	.word	0x200003d0

080023cc <thread_halt_spin>:
{
 80023cc:	e92d 43f8 	stmdb	sp!, {r3, r4, r5, r6, r7, r8, r9, lr}
 80023d0:	4605      	mov	r5, r0
 80023d2:	460c      	mov	r4, r1
	if (z_is_thread_halting(_current)) {
 80023d4:	4b42      	ldr	r3, [pc, #264]	@ (80024e0 <thread_halt_spin+0x114>)
 80023d6:	689e      	ldr	r6, [r3, #8]
	return (thread->base.thread_state &
 80023d8:	7c33      	ldrb	r3, [r6, #16]
 80023da:	f013 0f60 	tst.w	r3, #96	@ 0x60
 80023de:	d02b      	beq.n	8002438 <thread_halt_spin+0x6c>
		halt_thread(_current,
 80023e0:	f013 0f20 	tst.w	r3, #32
 80023e4:	d02d      	beq.n	8002442 <thread_halt_spin+0x76>
 80023e6:	2708      	movs	r7, #8
	bool dummify = false;

	/* We hold the lock, and the thread is known not to be running
	 * anywhere.
	 */
	if ((thread->base.thread_state & new_state) == 0U) {
 80023e8:	421f      	tst	r7, r3
 80023ea:	d125      	bne.n	8002438 <thread_halt_spin+0x6c>
		thread->base.thread_state |= new_state;
 80023ec:	433b      	orrs	r3, r7
 80023ee:	7433      	strb	r3, [r6, #16]
		if (z_is_thread_queued(thread)) {
 80023f0:	f013 0f80 	tst.w	r3, #128	@ 0x80
 80023f4:	d127      	bne.n	8002446 <thread_halt_spin+0x7a>
			dequeue_thread(thread);
		}

		if (new_state == _THREAD_DEAD) {
 80023f6:	2f08      	cmp	r7, #8
 80023f8:	d030      	beq.n	800245c <thread_halt_spin+0x90>
	bool dummify = false;
 80023fa:	f04f 0900 	mov.w	r9, #0
	return list->head == list;
 80023fe:	4b38      	ldr	r3, [pc, #224]	@ (80024e0 <thread_halt_spin+0x114>)
 8002400:	f853 8f18 	ldr.w	r8, [r3, #24]!
	return sys_dlist_is_empty(list) ? NULL : list->head;
 8002404:	4598      	cmp	r8, r3
 8002406:	d04f      	beq.n	80024a8 <thread_halt_spin+0xdc>
 8002408:	f1b8 0f00 	cmp.w	r8, #0
 800240c:	d04c      	beq.n	80024a8 <thread_halt_spin+0xdc>
		if (thread != _current) {
 800240e:	4b34      	ldr	r3, [pc, #208]	@ (80024e0 <thread_halt_spin+0x114>)
 8002410:	689b      	ldr	r3, [r3, #8]
 8002412:	4543      	cmp	r3, r8
 8002414:	d002      	beq.n	800241c <thread_halt_spin+0x50>
			z_reset_time_slice(thread);
 8002416:	4640      	mov	r0, r8
 8002418:	f000 fa0e 	bl	8002838 <z_reset_time_slice>
		_kernel.ready_q.cache = thread;
 800241c:	4b30      	ldr	r3, [pc, #192]	@ (80024e0 <thread_halt_spin+0x114>)
 800241e:	f8c3 8014 	str.w	r8, [r3, #20]
#ifdef CONFIG_SMP
		unpend_all(&thread->halt_queue);
#endif /* CONFIG_SMP */
		update_cache(1);

		if (new_state == _THREAD_SUSPENDED) {
 8002422:	2f10      	cmp	r7, #16
 8002424:	d008      	beq.n	8002438 <thread_halt_spin+0x6c>
			clear_halting(thread);
			return;
		}

		arch_coprocessors_disable(thread);
 8002426:	4630      	mov	r0, r6
 8002428:	f001 fb5f 	bl	8003aea <arch_coprocessors_disable>

		SYS_PORT_TRACING_FUNC(k_thread, sched_abort, thread);

		z_thread_monitor_exit(thread);
 800242c:	4630      	mov	r0, r6
 800242e:	f000 fa5d 	bl	80028ec <z_thread_monitor_exit>
		 * handle for any threads spinning in join() (this can
		 * never be used, as our thread is flagged dead, but
		 * it must not be NULL otherwise join can deadlock).
		 * Use 1 as a clearly invalid but non-NULL value.
		 */
		if (dummify && !IS_ENABLED(CONFIG_ARCH_POSIX)) {
 8002432:	f1b9 0f00 	cmp.w	r9, #0
 8002436:	d13b      	bne.n	80024b0 <thread_halt_spin+0xe4>
 8002438:	f384 8811 	msr	BASEPRI, r4
 800243c:	f3bf 8f6f 	isb	sy
	while (z_is_thread_halting(thread)) {
 8002440:	e047      	b.n	80024d2 <thread_halt_spin+0x106>
		halt_thread(_current,
 8002442:	2710      	movs	r7, #16
 8002444:	e7d0      	b.n	80023e8 <thread_halt_spin+0x1c>
	thread->base.thread_state &= ~_THREAD_QUEUED;
 8002446:	f003 037f 	and.w	r3, r3, #127	@ 0x7f
 800244a:	7433      	strb	r3, [r6, #16]
	sys_dnode_t *const prev = node->prev;
 800244c:	6872      	ldr	r2, [r6, #4]
	sys_dnode_t *const next = node->next;
 800244e:	6833      	ldr	r3, [r6, #0]
	prev->next = next;
 8002450:	6013      	str	r3, [r2, #0]
	next->prev = prev;
 8002452:	605a      	str	r2, [r3, #4]
	node->next = NULL;
 8002454:	2300      	movs	r3, #0
 8002456:	6033      	str	r3, [r6, #0]
	node->prev = NULL;
 8002458:	6073      	str	r3, [r6, #4]
}
 800245a:	e7cc      	b.n	80023f6 <thread_halt_spin+0x2a>
			if (thread->base.pended_on != NULL) {
 800245c:	68b3      	ldr	r3, [r6, #8]
 800245e:	b15b      	cbz	r3, 8002478 <thread_halt_spin+0xac>
	sys_dnode_t *const prev = node->prev;
 8002460:	6872      	ldr	r2, [r6, #4]
	sys_dnode_t *const next = node->next;
 8002462:	6833      	ldr	r3, [r6, #0]
	prev->next = next;
 8002464:	6013      	str	r3, [r2, #0]
	next->prev = prev;
 8002466:	605a      	str	r2, [r3, #4]
	node->next = NULL;
 8002468:	2300      	movs	r3, #0
 800246a:	6033      	str	r3, [r6, #0]
	node->prev = NULL;
 800246c:	6073      	str	r3, [r6, #4]
	thread->base.thread_state &= ~_THREAD_PENDING;
 800246e:	7c32      	ldrb	r2, [r6, #16]
 8002470:	f022 0202 	bic.w	r2, r2, #2
 8002474:	7432      	strb	r2, [r6, #16]

static inline void unpend_thread_no_timeout(struct k_thread *thread)
{
	_priq_wait_remove(&pended_on_thread(thread)->waitq, thread);
	z_mark_thread_as_not_pending(thread);
	thread->base.pended_on = NULL;
 8002476:	60b3      	str	r3, [r6, #8]
}

static inline void z_abort_thread_timeout(struct k_thread *thread)
{
	z_abort_timeout(&thread->base.timeout);
 8002478:	f106 0018 	add.w	r0, r6, #24
 800247c:	f002 fa9c 	bl	80049b8 <z_abort_timeout>
			unpend_all(&thread->join_queue);
 8002480:	f106 0058 	add.w	r0, r6, #88	@ 0x58
 8002484:	f002 f9f3 	bl	800486e <unpend_all>
			if (thread == _current && arch_is_in_isr()) {
 8002488:	4b15      	ldr	r3, [pc, #84]	@ (80024e0 <thread_halt_spin+0x114>)
 800248a:	689b      	ldr	r3, [r3, #8]
 800248c:	429e      	cmp	r6, r3
 800248e:	d002      	beq.n	8002496 <thread_halt_spin+0xca>
	bool dummify = false;
 8002490:	f04f 0900 	mov.w	r9, #0
 8002494:	e7b3      	b.n	80023fe <thread_halt_spin+0x32>
  __ASM volatile ("MRS %0, ipsr" : "=r" (result) );
 8002496:	f3ef 8305 	mrs	r3, IPSR
			if (thread == _current && arch_is_in_isr()) {
 800249a:	b913      	cbnz	r3, 80024a2 <thread_halt_spin+0xd6>
	bool dummify = false;
 800249c:	f04f 0900 	mov.w	r9, #0
 80024a0:	e7ad      	b.n	80023fe <thread_halt_spin+0x32>
				dummify = true;
 80024a2:	f04f 0901 	mov.w	r9, #1
 80024a6:	e7aa      	b.n	80023fe <thread_halt_spin+0x32>
	return (thread != NULL) ? thread : _current_cpu->idle_thread;
 80024a8:	4b0d      	ldr	r3, [pc, #52]	@ (80024e0 <thread_halt_spin+0x114>)
 80024aa:	f8d3 800c 	ldr.w	r8, [r3, #12]
 80024ae:	e7ae      	b.n	800240e <thread_halt_spin+0x42>
#ifdef CONFIG_USE_SWITCH
			_current->switch_handle = (void *)1;
#endif
			z_dummy_thread_init(&_thread_dummy);
 80024b0:	480c      	ldr	r0, [pc, #48]	@ (80024e4 <thread_halt_spin+0x118>)
 80024b2:	f7ff febb 	bl	800222c <z_dummy_thread_init>
 80024b6:	e7bf      	b.n	8002438 <thread_halt_spin+0x6c>
  __ASM volatile ("MRS %0, basepri" : "=r" (result) );
 80024b8:	f3ef 8411 	mrs	r4, BASEPRI
  __ASM volatile ("MSR basepri_max, %0" : : "r" (basePri) : "memory");
 80024bc:	2310      	movs	r3, #16
 80024be:	f383 8812 	msr	BASEPRI_MAX, r3
 80024c2:	f3bf 8f6f 	isb	sy
		arch_spin_relax(); /* Requires interrupts be masked */
 80024c6:	f002 f96d 	bl	80047a4 <arch_spin_relax>
  __ASM volatile ("MSR basepri, %0" : : "r" (basePri) : "memory");
 80024ca:	f384 8811 	msr	BASEPRI, r4
 80024ce:	f3bf 8f6f 	isb	sy
	return (thread->base.thread_state &
 80024d2:	7c2b      	ldrb	r3, [r5, #16]
	while (z_is_thread_halting(thread)) {
 80024d4:	f013 0f60 	tst.w	r3, #96	@ 0x60
 80024d8:	d1ee      	bne.n	80024b8 <thread_halt_spin+0xec>
}
 80024da:	e8bd 83f8 	ldmia.w	sp!, {r3, r4, r5, r6, r7, r8, r9, pc}
 80024de:	bf00      	nop
 80024e0:	200003d0 	.word	0x200003d0
 80024e4:	200001d8 	.word	0x200001d8

080024e8 <move_current_to_end_of_prio_q>:
{
 80024e8:	b510      	push	{r4, lr}
	n = sys_dlist_peek_next_no_check(pq, &_current->base.qnode_dlist);
 80024ea:	4b20      	ldr	r3, [pc, #128]	@ (800256c <move_current_to_end_of_prio_q+0x84>)
 80024ec:	689a      	ldr	r2, [r3, #8]
	return (node == list->tail) ? NULL : node->next;
 80024ee:	69db      	ldr	r3, [r3, #28]
 80024f0:	429a      	cmp	r2, r3
 80024f2:	d005      	beq.n	8002500 <move_current_to_end_of_prio_q+0x18>
 80024f4:	6813      	ldr	r3, [r2, #0]
	sys_dnode_t *const prev = node->prev;
 80024f6:	6851      	ldr	r1, [r2, #4]
	sys_dnode_t *const next = node->next;
 80024f8:	6812      	ldr	r2, [r2, #0]
	prev->next = next;
 80024fa:	600a      	str	r2, [r1, #0]
	next->prev = prev;
 80024fc:	6051      	str	r1, [r2, #4]
}
 80024fe:	e006      	b.n	800250e <move_current_to_end_of_prio_q+0x26>
	return (node == list->tail) ? NULL : node->next;
 8002500:	2300      	movs	r3, #0
 8002502:	e7f8      	b.n	80024f6 <move_current_to_end_of_prio_q+0xe>
 8002504:	4a19      	ldr	r2, [pc, #100]	@ (800256c <move_current_to_end_of_prio_q+0x84>)
 8002506:	69d2      	ldr	r2, [r2, #28]
 8002508:	4293      	cmp	r3, r2
 800250a:	d012      	beq.n	8002532 <move_current_to_end_of_prio_q+0x4a>
 800250c:	681b      	ldr	r3, [r3, #0]
	while (n != NULL) {
 800250e:	b183      	cbz	r3, 8002532 <move_current_to_end_of_prio_q+0x4a>
		if (z_sched_prio_cmp(_current, t) > 0) {
 8002510:	4a16      	ldr	r2, [pc, #88]	@ (800256c <move_current_to_end_of_prio_q+0x84>)
 8002512:	6890      	ldr	r0, [r2, #8]
	int32_t b1 = thread_1->base.prio;
 8002514:	f990 100e 	ldrsb.w	r1, [r0, #14]
	int32_t b2 = thread_2->base.prio;
 8002518:	f993 200e 	ldrsb.w	r2, [r3, #14]
	if (b1 != b2) {
 800251c:	4291      	cmp	r1, r2
 800251e:	d0f1      	beq.n	8002504 <move_current_to_end_of_prio_q+0x1c>
		return b2 - b1;
 8002520:	1a52      	subs	r2, r2, r1
		if (z_sched_prio_cmp(_current, t) > 0) {
 8002522:	2a00      	cmp	r2, #0
 8002524:	ddee      	ble.n	8002504 <move_current_to_end_of_prio_q+0x1c>
	sys_dnode_t *const prev = successor->prev;
 8002526:	685a      	ldr	r2, [r3, #4]
	node->prev = prev;
 8002528:	6042      	str	r2, [r0, #4]
	node->next = successor;
 800252a:	6003      	str	r3, [r0, #0]
	prev->next = node;
 800252c:	6010      	str	r0, [r2, #0]
	successor->prev = node;
 800252e:	6058      	str	r0, [r3, #4]
			return;
 8002530:	e008      	b.n	8002544 <move_current_to_end_of_prio_q+0x5c>
	sys_dlist_append(pq, &_current->base.qnode_dlist);
 8002532:	4b0e      	ldr	r3, [pc, #56]	@ (800256c <move_current_to_end_of_prio_q+0x84>)
 8002534:	689a      	ldr	r2, [r3, #8]
	sys_dnode_t *const tail = list->tail;
 8002536:	69d9      	ldr	r1, [r3, #28]
	node->next = list;
 8002538:	f103 0018 	add.w	r0, r3, #24
 800253c:	6010      	str	r0, [r2, #0]
	node->prev = tail;
 800253e:	6051      	str	r1, [r2, #4]
	tail->next = node;
 8002540:	600a      	str	r2, [r1, #0]
	list->tail = node;
 8002542:	61da      	str	r2, [r3, #28]
	return list->head == list;
 8002544:	4b09      	ldr	r3, [pc, #36]	@ (800256c <move_current_to_end_of_prio_q+0x84>)
 8002546:	f853 4f18 	ldr.w	r4, [r3, #24]!
	return sys_dlist_is_empty(list) ? NULL : list->head;
 800254a:	429c      	cmp	r4, r3
 800254c:	d00a      	beq.n	8002564 <move_current_to_end_of_prio_q+0x7c>
	if (n != NULL) {
 800254e:	b14c      	cbz	r4, 8002564 <move_current_to_end_of_prio_q+0x7c>
		if (thread != _current) {
 8002550:	4b06      	ldr	r3, [pc, #24]	@ (800256c <move_current_to_end_of_prio_q+0x84>)
 8002552:	689b      	ldr	r3, [r3, #8]
 8002554:	429c      	cmp	r4, r3
 8002556:	d002      	beq.n	800255e <move_current_to_end_of_prio_q+0x76>
			z_reset_time_slice(thread);
 8002558:	4620      	mov	r0, r4
 800255a:	f000 f96d 	bl	8002838 <z_reset_time_slice>
		_kernel.ready_q.cache = thread;
 800255e:	4b03      	ldr	r3, [pc, #12]	@ (800256c <move_current_to_end_of_prio_q+0x84>)
 8002560:	615c      	str	r4, [r3, #20]
}
 8002562:	bd10      	pop	{r4, pc}
	return (thread != NULL) ? thread : _current_cpu->idle_thread;
 8002564:	4b01      	ldr	r3, [pc, #4]	@ (800256c <move_current_to_end_of_prio_q+0x84>)
 8002566:	68dc      	ldr	r4, [r3, #12]
 8002568:	e7f2      	b.n	8002550 <move_current_to_end_of_prio_q+0x68>
 800256a:	bf00      	nop
 800256c:	200003d0 	.word	0x200003d0

08002570 <k_sched_lock>:
	K_SPINLOCK(&_sched_spinlock) {
 8002570:	2300      	movs	r3, #0
  __ASM volatile ("MRS %0, basepri" : "=r" (result) );
 8002572:	f3ef 8111 	mrs	r1, BASEPRI
  __ASM volatile ("MSR basepri_max, %0" : : "r" (basePri) : "memory");
 8002576:	2210      	movs	r2, #16
 8002578:	f382 8812 	msr	BASEPRI_MAX, r2
 800257c:	f3bf 8f6f 	isb	sy
	}
#endif /* CONFIG_TICKET_SPINLOCKS */
#endif /* CONFIG_SMP */
	z_spinlock_validate_post(l);

	return k;
 8002580:	e009      	b.n	8002596 <k_sched_lock+0x26>
		--_current->base.sched_locked;
 8002582:	4b06      	ldr	r3, [pc, #24]	@ (800259c <k_sched_lock+0x2c>)
 8002584:	689a      	ldr	r2, [r3, #8]
 8002586:	7bd3      	ldrb	r3, [r2, #15]
 8002588:	3b01      	subs	r3, #1
 800258a:	73d3      	strb	r3, [r2, #15]
  __ASM volatile ("MSR basepri, %0" : : "r" (basePri) : "memory");
 800258c:	f381 8811 	msr	BASEPRI, r1
 8002590:	f3bf 8f6f 	isb	sy
	K_SPINLOCK(&_sched_spinlock) {
 8002594:	2301      	movs	r3, #1
 8002596:	2b00      	cmp	r3, #0
 8002598:	d0f3      	beq.n	8002582 <k_sched_lock+0x12>
}
 800259a:	4770      	bx	lr
 800259c:	200003d0 	.word	0x200003d0

080025a0 <k_sched_unlock>:
{
 80025a0:	b538      	push	{r3, r4, r5, lr}
  __ASM volatile ("MRS %0, basepri" : "=r" (result) );
 80025a2:	f3ef 8511 	mrs	r5, BASEPRI
  __ASM volatile ("MSR basepri_max, %0" : : "r" (basePri) : "memory");
 80025a6:	2310      	movs	r3, #16
 80025a8:	f383 8812 	msr	BASEPRI_MAX, r3
 80025ac:	f3bf 8f6f 	isb	sy
	++_current->base.sched_locked;
 80025b0:	4b12      	ldr	r3, [pc, #72]	@ (80025fc <k_sched_unlock+0x5c>)
 80025b2:	689a      	ldr	r2, [r3, #8]
 80025b4:	7bd1      	ldrb	r1, [r2, #15]
 80025b6:	3101      	adds	r1, #1
 80025b8:	73d1      	strb	r1, [r2, #15]
	return list->head == list;
 80025ba:	f853 4f18 	ldr.w	r4, [r3, #24]!
	return sys_dlist_is_empty(list) ? NULL : list->head;
 80025be:	429c      	cmp	r4, r3
 80025c0:	d015      	beq.n	80025ee <k_sched_unlock+0x4e>
 80025c2:	b1a4      	cbz	r4, 80025ee <k_sched_unlock+0x4e>
	uint8_t state = thread->base.thread_state;
 80025c4:	7c13      	ldrb	r3, [r2, #16]
	if (z_is_thread_prevented_from_running(_current)) {
 80025c6:	f013 0f1f 	tst.w	r3, #31
 80025ca:	d104      	bne.n	80025d6 <k_sched_unlock+0x36>
	return thread->base.preempt <= _PREEMPT_THRESHOLD;
 80025cc:	89d3      	ldrh	r3, [r2, #14]
	if (thread_is_preemptible(_current) || thread_is_metairq(thread)) {
 80025ce:	2b7f      	cmp	r3, #127	@ 0x7f
 80025d0:	d901      	bls.n	80025d6 <k_sched_unlock+0x36>
	return node->next != NULL;
 80025d2:	69a3      	ldr	r3, [r4, #24]
	if (IS_ENABLED(CONFIG_SWAP_NONATOMIC)
 80025d4:	b173      	cbz	r3, 80025f4 <k_sched_unlock+0x54>
		if (thread != _current) {
 80025d6:	4294      	cmp	r4, r2
 80025d8:	d002      	beq.n	80025e0 <k_sched_unlock+0x40>
			z_reset_time_slice(thread);
 80025da:	4620      	mov	r0, r4
 80025dc:	f000 f92c 	bl	8002838 <z_reset_time_slice>
		_kernel.ready_q.cache = thread;
 80025e0:	4b06      	ldr	r3, [pc, #24]	@ (80025fc <k_sched_unlock+0x5c>)
 80025e2:	615c      	str	r4, [r3, #20]
	reschedule(&_sched_spinlock, key);
 80025e4:	4629      	mov	r1, r5
 80025e6:	4806      	ldr	r0, [pc, #24]	@ (8002600 <k_sched_unlock+0x60>)
 80025e8:	f7ff fe4a 	bl	8002280 <reschedule>
}
 80025ec:	bd38      	pop	{r3, r4, r5, pc}
	return (thread != NULL) ? thread : _current_cpu->idle_thread;
 80025ee:	4b03      	ldr	r3, [pc, #12]	@ (80025fc <k_sched_unlock+0x5c>)
 80025f0:	68dc      	ldr	r4, [r3, #12]
 80025f2:	e7e7      	b.n	80025c4 <k_sched_unlock+0x24>
		_kernel.ready_q.cache = _current;
 80025f4:	4b01      	ldr	r3, [pc, #4]	@ (80025fc <k_sched_unlock+0x5c>)
 80025f6:	615a      	str	r2, [r3, #20]
 80025f8:	e7f4      	b.n	80025e4 <k_sched_unlock+0x44>
 80025fa:	bf00      	nop
 80025fc:	200003d0 	.word	0x200003d0
 8002600:	200003f4 	.word	0x200003f4

08002604 <z_sched_init>:
{
 8002604:	b508      	push	{r3, lr}
	init_ready_q(&_kernel.ready_q);
 8002606:	4802      	ldr	r0, [pc, #8]	@ (8002610 <z_sched_init+0xc>)
 8002608:	f002 f9a0 	bl	800494c <init_ready_q>
}
 800260c:	bd08      	pop	{r3, pc}
 800260e:	bf00      	nop
 8002610:	200003e4 	.word	0x200003e4

08002614 <z_impl_k_wakeup>:
{
 8002614:	b538      	push	{r3, r4, r5, lr}
  __ASM volatile ("MRS %0, basepri" : "=r" (result) );
 8002616:	f3ef 8511 	mrs	r5, BASEPRI
  __ASM volatile ("MSR basepri_max, %0" : : "r" (basePri) : "memory");
 800261a:	2310      	movs	r3, #16
 800261c:	f383 8812 	msr	BASEPRI_MAX, r3
 8002620:	f3bf 8f6f 	isb	sy
	return (thread->base.thread_state & _THREAD_SLEEPING) != 0U;
 8002624:	7c03      	ldrb	r3, [r0, #16]
	if (z_is_thread_sleeping(thread)) {
 8002626:	f013 0f04 	tst.w	r3, #4
 800262a:	d104      	bne.n	8002636 <z_impl_k_wakeup+0x22>
  __ASM volatile ("MSR basepri, %0" : : "r" (basePri) : "memory");
 800262c:	f385 8811 	msr	BASEPRI, r5
 8002630:	f3bf 8f6f 	isb	sy
}
 8002634:	bd38      	pop	{r3, r4, r5, pc}
 8002636:	4604      	mov	r4, r0
 8002638:	3018      	adds	r0, #24
 800263a:	f002 f9bd 	bl	80049b8 <z_abort_timeout>
	thread->base.thread_state &= ~_THREAD_SLEEPING;
 800263e:	7c23      	ldrb	r3, [r4, #16]
 8002640:	f023 0304 	bic.w	r3, r3, #4
 8002644:	7423      	strb	r3, [r4, #16]
		ready_thread(thread);
 8002646:	4620      	mov	r0, r4
 8002648:	f7ff fe34 	bl	80022b4 <ready_thread>
		reschedule(&_sched_spinlock, key);
 800264c:	4629      	mov	r1, r5
 800264e:	4802      	ldr	r0, [pc, #8]	@ (8002658 <z_impl_k_wakeup+0x44>)
 8002650:	f7ff fe16 	bl	8002280 <reschedule>
 8002654:	e7ee      	b.n	8002634 <z_impl_k_wakeup+0x20>
 8002656:	bf00      	nop
 8002658:	200003f4 	.word	0x200003f4

0800265c <z_impl_k_sched_current_thread_query>:
}
 800265c:	4b01      	ldr	r3, [pc, #4]	@ (8002664 <z_impl_k_sched_current_thread_query+0x8>)
 800265e:	6898      	ldr	r0, [r3, #8]
 8002660:	4770      	bx	lr
 8002662:	bf00      	nop
 8002664:	200003d0 	.word	0x200003d0

08002668 <z_thread_abort>:
#ifdef IAR_SUPPRESS_ALWAYS_INLINE_WARNING_FLAG
TOOLCHAIN_ENABLE_WARNING(TOOLCHAIN_WARNING_ALWAYS_INLINE)
#endif

void z_thread_abort(struct k_thread *thread)
{
 8002668:	e92d 43f8 	stmdb	sp!, {r3, r4, r5, r6, r7, r8, r9, lr}
	return (thread->base.user_options & K_ESSENTIAL) == K_ESSENTIAL;
 800266c:	8983      	ldrh	r3, [r0, #12]
 800266e:	f003 0701 	and.w	r7, r3, #1
  __ASM volatile ("MRS %0, basepri" : "=r" (result) );
 8002672:	f3ef 8611 	mrs	r6, BASEPRI
  __ASM volatile ("MSR basepri_max, %0" : : "r" (basePri) : "memory");
 8002676:	2310      	movs	r3, #16
 8002678:	f383 8812 	msr	BASEPRI_MAX, r3
 800267c:	f3bf 8f6f 	isb	sy
	return (thread->base.thread_state & _THREAD_DEAD) != 0U;
 8002680:	7c05      	ldrb	r5, [r0, #16]
	bool essential = z_is_thread_essential(thread);
	k_spinlock_key_t key = k_spin_lock(&_sched_spinlock);

	if (z_is_thread_dead(thread)) {
 8002682:	f015 0f08 	tst.w	r5, #8
 8002686:	d11a      	bne.n	80026be <z_thread_abort+0x56>
 8002688:	4604      	mov	r4, r0
		k_spin_unlock(&_sched_spinlock, key);
		return;
	}

	z_thread_halt(thread, key, true);
 800268a:	46b1      	mov	r9, r6
	_wait_q_t *wq = &thread->join_queue;
 800268c:	f100 0858 	add.w	r8, r0, #88	@ 0x58
	struct _cpu *cpu = thread_active_elsewhere(thread);
 8002690:	f002 f8bb 	bl	800480a <thread_active_elsewhere>
	if (cpu != NULL) {
 8002694:	b310      	cbz	r0, 80026dc <z_thread_abort+0x74>
		thread->base.thread_state |= (terminate ? _THREAD_ABORTING
 8002696:	f045 0520 	orr.w	r5, r5, #32
 800269a:	7425      	strb	r5, [r4, #16]
  __ASM volatile ("MRS %0, ipsr" : "=r" (result) );
 800269c:	f3ef 8305 	mrs	r3, IPSR
		if (arch_is_in_isr()) {
 80026a0:	b19b      	cbz	r3, 80026ca <z_thread_abort+0x62>
			thread_halt_spin(thread, key);
 80026a2:	4631      	mov	r1, r6
 80026a4:	4620      	mov	r0, r4
 80026a6:	f7ff fe91 	bl	80023cc <thread_halt_spin>

	if (essential) {
 80026aa:	b167      	cbz	r7, 80026c6 <z_thread_abort+0x5e>
  __ASM volatile ("MSR basepri, %0" : : "r" (basePri) : "memory");
 80026ac:	2300      	movs	r3, #0
 80026ae:	f383 8811 	msr	BASEPRI, r3
 80026b2:	f3bf 8f6f 	isb	sy
		__ASSERT(!essential, "aborted essential thread %p", thread);
		k_panic();
 80026b6:	2304      	movs	r3, #4
 80026b8:	4618      	mov	r0, r3
 80026ba:	df02      	svc	2
 80026bc:	e003      	b.n	80026c6 <z_thread_abort+0x5e>
 80026be:	f386 8811 	msr	BASEPRI, r6
 80026c2:	f3bf 8f6f 	isb	sy
	}
}
 80026c6:	e8bd 83f8 	ldmia.w	sp!, {r3, r4, r5, r6, r7, r8, r9, pc}
			add_to_waitq_locked(_current, wq);
 80026ca:	4641      	mov	r1, r8
 80026cc:	4b3f      	ldr	r3, [pc, #252]	@ (80027cc <z_thread_abort+0x164>)
 80026ce:	6898      	ldr	r0, [r3, #8]
 80026d0:	f002 f89d 	bl	800480e <add_to_waitq_locked>
 80026d4:	4630      	mov	r0, r6
 80026d6:	f7ff fdb9 	bl	800224c <z_swap_irqlock>
 80026da:	e7e6      	b.n	80026aa <z_thread_abort+0x42>
		thread->base.thread_state |= new_state;
 80026dc:	f045 0308 	orr.w	r3, r5, #8
 80026e0:	7423      	strb	r3, [r4, #16]
		if (z_is_thread_queued(thread)) {
 80026e2:	f013 0f80 	tst.w	r3, #128	@ 0x80
 80026e6:	d136      	bne.n	8002756 <z_thread_abort+0xee>
			if (thread->base.pended_on != NULL) {
 80026e8:	68a3      	ldr	r3, [r4, #8]
 80026ea:	b15b      	cbz	r3, 8002704 <z_thread_abort+0x9c>
	sys_dnode_t *const prev = node->prev;
 80026ec:	6862      	ldr	r2, [r4, #4]
	sys_dnode_t *const next = node->next;
 80026ee:	6823      	ldr	r3, [r4, #0]
	prev->next = next;
 80026f0:	6013      	str	r3, [r2, #0]
	next->prev = prev;
 80026f2:	605a      	str	r2, [r3, #4]
	node->next = NULL;
 80026f4:	2300      	movs	r3, #0
 80026f6:	6023      	str	r3, [r4, #0]
	node->prev = NULL;
 80026f8:	6063      	str	r3, [r4, #4]
	thread->base.thread_state &= ~_THREAD_PENDING;
 80026fa:	7c22      	ldrb	r2, [r4, #16]
 80026fc:	f022 0202 	bic.w	r2, r2, #2
 8002700:	7422      	strb	r2, [r4, #16]
 8002702:	60a3      	str	r3, [r4, #8]
 8002704:	f104 0018 	add.w	r0, r4, #24
 8002708:	f002 f956 	bl	80049b8 <z_abort_timeout>
			unpend_all(&thread->join_queue);
 800270c:	4640      	mov	r0, r8
 800270e:	f002 f8ae 	bl	800486e <unpend_all>
			if (thread == _current && arch_is_in_isr()) {
 8002712:	4b2e      	ldr	r3, [pc, #184]	@ (80027cc <z_thread_abort+0x164>)
 8002714:	689a      	ldr	r2, [r3, #8]
 8002716:	4294      	cmp	r4, r2
 8002718:	d02a      	beq.n	8002770 <z_thread_abort+0x108>
	bool dummify = false;
 800271a:	2600      	movs	r6, #0
	return list->head == list;
 800271c:	4b2b      	ldr	r3, [pc, #172]	@ (80027cc <z_thread_abort+0x164>)
 800271e:	f853 5f18 	ldr.w	r5, [r3, #24]!
	return sys_dlist_is_empty(list) ? NULL : list->head;
 8002722:	429d      	cmp	r5, r3
 8002724:	d02b      	beq.n	800277e <z_thread_abort+0x116>
 8002726:	b355      	cbz	r5, 800277e <z_thread_abort+0x116>
		if (thread != _current) {
 8002728:	42aa      	cmp	r2, r5
 800272a:	d002      	beq.n	8002732 <z_thread_abort+0xca>
			z_reset_time_slice(thread);
 800272c:	4628      	mov	r0, r5
 800272e:	f000 f883 	bl	8002838 <z_reset_time_slice>
		_kernel.ready_q.cache = thread;
 8002732:	4b26      	ldr	r3, [pc, #152]	@ (80027cc <z_thread_abort+0x164>)
 8002734:	615d      	str	r5, [r3, #20]
		arch_coprocessors_disable(thread);
 8002736:	4620      	mov	r0, r4
 8002738:	f001 f9d7 	bl	8003aea <arch_coprocessors_disable>
		z_thread_monitor_exit(thread);
 800273c:	4620      	mov	r0, r4
 800273e:	f000 f8d5 	bl	80028ec <z_thread_monitor_exit>
		if (dummify && !IS_ENABLED(CONFIG_ARCH_POSIX)) {
 8002742:	b9fe      	cbnz	r6, 8002784 <z_thread_abort+0x11c>
		if ((thread == _current) && !arch_is_in_isr()) {
 8002744:	4b21      	ldr	r3, [pc, #132]	@ (80027cc <z_thread_abort+0x164>)
 8002746:	689b      	ldr	r3, [r3, #8]
 8002748:	429c      	cmp	r4, r3
 800274a:	d01f      	beq.n	800278c <z_thread_abort+0x124>
 800274c:	f389 8811 	msr	BASEPRI, r9
 8002750:	f3bf 8f6f 	isb	sy
 8002754:	e7a9      	b.n	80026aa <z_thread_abort+0x42>
	thread->base.thread_state &= ~_THREAD_QUEUED;
 8002756:	f005 057f 	and.w	r5, r5, #127	@ 0x7f
 800275a:	f045 0508 	orr.w	r5, r5, #8
 800275e:	7425      	strb	r5, [r4, #16]
	sys_dnode_t *const prev = node->prev;
 8002760:	6862      	ldr	r2, [r4, #4]
	sys_dnode_t *const next = node->next;
 8002762:	6823      	ldr	r3, [r4, #0]
	prev->next = next;
 8002764:	6013      	str	r3, [r2, #0]
	next->prev = prev;
 8002766:	605a      	str	r2, [r3, #4]
	node->next = NULL;
 8002768:	2300      	movs	r3, #0
 800276a:	6023      	str	r3, [r4, #0]
	node->prev = NULL;
 800276c:	6063      	str	r3, [r4, #4]
}
 800276e:	e7bb      	b.n	80026e8 <z_thread_abort+0x80>
  __ASM volatile ("MRS %0, ipsr" : "=r" (result) );
 8002770:	f3ef 8305 	mrs	r3, IPSR
			if (thread == _current && arch_is_in_isr()) {
 8002774:	b90b      	cbnz	r3, 800277a <z_thread_abort+0x112>
	bool dummify = false;
 8002776:	2600      	movs	r6, #0
 8002778:	e7d0      	b.n	800271c <z_thread_abort+0xb4>
				dummify = true;
 800277a:	2601      	movs	r6, #1
 800277c:	e7ce      	b.n	800271c <z_thread_abort+0xb4>
	return (thread != NULL) ? thread : _current_cpu->idle_thread;
 800277e:	4b13      	ldr	r3, [pc, #76]	@ (80027cc <z_thread_abort+0x164>)
 8002780:	68dd      	ldr	r5, [r3, #12]
 8002782:	e7d1      	b.n	8002728 <z_thread_abort+0xc0>
			z_dummy_thread_init(&_thread_dummy);
 8002784:	4812      	ldr	r0, [pc, #72]	@ (80027d0 <z_thread_abort+0x168>)
 8002786:	f7ff fd51 	bl	800222c <z_dummy_thread_init>
 800278a:	e7db      	b.n	8002744 <z_thread_abort+0xdc>
 800278c:	f3ef 8305 	mrs	r3, IPSR
		if ((thread == _current) && !arch_is_in_isr()) {
 8002790:	2b00      	cmp	r3, #0
 8002792:	d1db      	bne.n	800274c <z_thread_abort+0xe4>
	return (thread->base.user_options & K_ESSENTIAL) == K_ESSENTIAL;
 8002794:	89a3      	ldrh	r3, [r4, #12]
			if (z_is_thread_essential(thread)) {
 8002796:	f013 0f01 	tst.w	r3, #1
 800279a:	d012      	beq.n	80027c2 <z_thread_abort+0x15a>
  __ASM volatile ("MSR basepri, %0" : : "r" (basePri) : "memory");
 800279c:	f389 8811 	msr	BASEPRI, r9
 80027a0:	f3bf 8f6f 	isb	sy
 80027a4:	2300      	movs	r3, #0
 80027a6:	f383 8811 	msr	BASEPRI, r3
 80027aa:	f3bf 8f6f 	isb	sy
				k_panic();
 80027ae:	2304      	movs	r3, #4
 80027b0:	4618      	mov	r0, r3
 80027b2:	df02      	svc	2
  __ASM volatile ("MRS %0, basepri" : "=r" (result) );
 80027b4:	f3ef 8911 	mrs	r9, BASEPRI
  __ASM volatile ("MSR basepri_max, %0" : : "r" (basePri) : "memory");
 80027b8:	2310      	movs	r3, #16
 80027ba:	f383 8812 	msr	BASEPRI_MAX, r3
 80027be:	f3bf 8f6f 	isb	sy
 80027c2:	4648      	mov	r0, r9
 80027c4:	f7ff fd42 	bl	800224c <z_swap_irqlock>
			z_swap(&_sched_spinlock, key);
 80027c8:	e76f      	b.n	80026aa <z_thread_abort+0x42>
 80027ca:	bf00      	nop
 80027cc:	200003d0 	.word	0x200003d0
 80027d0:	200001d8 	.word	0x200001d8

080027d4 <z_time_slice_size>:
#endif
	return ret;
}

static int z_time_slice_size(struct k_thread *thread)
{
 80027d4:	4603      	mov	r3, r0
	uint8_t state = thread->base.thread_state;
 80027d6:	7c02      	ldrb	r2, [r0, #16]
	if (z_is_thread_prevented_from_running(thread) ||
 80027d8:	f012 0f1f 	tst.w	r2, #31
 80027dc:	d110      	bne.n	8002800 <z_time_slice_size+0x2c>
 80027de:	4a0b      	ldr	r2, [pc, #44]	@ (800280c <z_time_slice_size+0x38>)
 80027e0:	4290      	cmp	r0, r2
 80027e2:	d00f      	beq.n	8002804 <z_time_slice_size+0x30>
	int ret = slice_ticks;
 80027e4:	4a0a      	ldr	r2, [pc, #40]	@ (8002810 <z_time_slice_size+0x3c>)
 80027e6:	6810      	ldr	r0, [r2, #0]
	    z_is_idle_thread_object(thread) ||
 80027e8:	b178      	cbz	r0, 800280a <z_time_slice_size+0x36>
	return thread->base.preempt <= _PREEMPT_THRESHOLD;
 80027ea:	89da      	ldrh	r2, [r3, #14]
	if (thread->base.slice_ticks != 0) {
		return thread->base.slice_ticks;
	}
#endif

	if (thread_is_preemptible(thread) &&
 80027ec:	2a7f      	cmp	r2, #127	@ 0x7f
 80027ee:	d80b      	bhi.n	8002808 <z_time_slice_size+0x34>
	    !z_is_prio_higher(thread->base.prio, slice_max_prio)) {
 80027f0:	f993 200e 	ldrsb.w	r2, [r3, #14]
 80027f4:	4b07      	ldr	r3, [pc, #28]	@ (8002814 <z_time_slice_size+0x40>)
 80027f6:	681b      	ldr	r3, [r3, #0]
	if (thread_is_preemptible(thread) &&
 80027f8:	429a      	cmp	r2, r3
 80027fa:	da06      	bge.n	800280a <z_time_slice_size+0x36>
		return slice_ticks;
	}

	return 0;
 80027fc:	2000      	movs	r0, #0
 80027fe:	4770      	bx	lr
		return 0;
 8002800:	2000      	movs	r0, #0
 8002802:	4770      	bx	lr
 8002804:	2000      	movs	r0, #0
 8002806:	4770      	bx	lr
	return 0;
 8002808:	2000      	movs	r0, #0
}
 800280a:	4770      	bx	lr
 800280c:	20000078 	.word	0x20000078
 8002810:	20000040 	.word	0x20000040
 8002814:	200003fc 	.word	0x200003fc

08002818 <slice_timeout>:

static void slice_timeout(struct _timeout *timeout)
{
	int cpu = ARRAY_INDEX(slice_timeouts, timeout);
 8002818:	4b04      	ldr	r3, [pc, #16]	@ (800282c <slice_timeout+0x14>)
 800281a:	1ac0      	subs	r0, r0, r3
 800281c:	10c0      	asrs	r0, r0, #3
 800281e:	4b04      	ldr	r3, [pc, #16]	@ (8002830 <slice_timeout+0x18>)
 8002820:	fb03 f000 	mul.w	r0, r3, r0

	slice_expired[cpu] = true;
 8002824:	4b03      	ldr	r3, [pc, #12]	@ (8002834 <slice_timeout+0x1c>)
 8002826:	2201      	movs	r2, #1
 8002828:	541a      	strb	r2, [r3, r0]
	 * for a different CPU.
	 */
	if (cpu != _current_cpu->id) {
		flag_ipi(IPI_CPU_MASK(cpu));
	}
}
 800282a:	4770      	bx	lr
 800282c:	20000288 	.word	0x20000288
 8002830:	aaaaaaab 	.word	0xaaaaaaab
 8002834:	200003f8 	.word	0x200003f8

08002838 <z_reset_time_slice>:

void z_reset_time_slice(struct k_thread *thread)
{
 8002838:	b570      	push	{r4, r5, r6, lr}
	int cpu = _current_cpu->id;
 800283a:	4b0c      	ldr	r3, [pc, #48]	@ (800286c <z_reset_time_slice+0x34>)
 800283c:	7c1e      	ldrb	r6, [r3, #16]
	int slice_size = z_time_slice_size(thread);
 800283e:	f7ff ffc9 	bl	80027d4 <z_time_slice_size>
 8002842:	4604      	mov	r4, r0

	z_abort_timeout(&slice_timeouts[cpu]);
 8002844:	eb06 0346 	add.w	r3, r6, r6, lsl #1
 8002848:	4d09      	ldr	r5, [pc, #36]	@ (8002870 <z_reset_time_slice+0x38>)
 800284a:	eb05 05c3 	add.w	r5, r5, r3, lsl #3
 800284e:	4628      	mov	r0, r5
 8002850:	f002 f8b2 	bl	80049b8 <z_abort_timeout>
	slice_expired[cpu] = false;
 8002854:	4b07      	ldr	r3, [pc, #28]	@ (8002874 <z_reset_time_slice+0x3c>)
 8002856:	2200      	movs	r2, #0
 8002858:	559a      	strb	r2, [r3, r6]
	if (slice_size != 0) {
 800285a:	b904      	cbnz	r4, 800285e <z_reset_time_slice+0x26>
		z_add_timeout(&slice_timeouts[cpu], slice_timeout,
			      K_TICKS(slice_size - 1));
	}
}
 800285c:	bd70      	pop	{r4, r5, r6, pc}
			      K_TICKS(slice_size - 1));
 800285e:	1e62      	subs	r2, r4, #1
		z_add_timeout(&slice_timeouts[cpu], slice_timeout,
 8002860:	17d3      	asrs	r3, r2, #31
 8002862:	4905      	ldr	r1, [pc, #20]	@ (8002878 <z_reset_time_slice+0x40>)
 8002864:	4628      	mov	r0, r5
 8002866:	f000 f881 	bl	800296c <z_add_timeout>
}
 800286a:	e7f7      	b.n	800285c <z_reset_time_slice+0x24>
 800286c:	200003d0 	.word	0x200003d0
 8002870:	20000288 	.word	0x20000288
 8002874:	200003f8 	.word	0x200003f8
 8002878:	08002819 	.word	0x08002819

0800287c <z_time_slice>:
}
#endif

/* Called out of each timer and IPI interrupt */
void z_time_slice(void)
{
 800287c:	b538      	push	{r3, r4, r5, lr}
  __ASM volatile ("MRS %0, basepri" : "=r" (result) );
 800287e:	f3ef 8511 	mrs	r5, BASEPRI
  __ASM volatile ("MSR basepri_max, %0" : : "r" (basePri) : "memory");
 8002882:	2310      	movs	r3, #16
 8002884:	f383 8812 	msr	BASEPRI_MAX, r3
 8002888:	f3bf 8f6f 	isb	sy
	k_spinlock_key_t key = k_spin_lock(&_sched_spinlock);
	struct k_thread *curr = _current;
 800288c:	4b14      	ldr	r3, [pc, #80]	@ (80028e0 <z_time_slice+0x64>)
 800288e:	689c      	ldr	r4, [r3, #8]

#ifdef CONFIG_SWAP_NONATOMIC
	if (pending_current == curr) {
 8002890:	4b14      	ldr	r3, [pc, #80]	@ (80028e4 <z_time_slice+0x68>)
 8002892:	681b      	ldr	r3, [r3, #0]
 8002894:	42a3      	cmp	r3, r4
 8002896:	d017      	beq.n	80028c8 <z_time_slice+0x4c>
		z_reset_time_slice(curr);
		k_spin_unlock(&_sched_spinlock, key);
		return;
	}
	pending_current = NULL;
 8002898:	4b12      	ldr	r3, [pc, #72]	@ (80028e4 <z_time_slice+0x68>)
 800289a:	2200      	movs	r2, #0
 800289c:	601a      	str	r2, [r3, #0]
#endif

	if (slice_expired[_current_cpu->id] && (z_time_slice_size(curr) != 0)) {
 800289e:	4b10      	ldr	r3, [pc, #64]	@ (80028e0 <z_time_slice+0x64>)
 80028a0:	7c1b      	ldrb	r3, [r3, #16]
 80028a2:	4a11      	ldr	r2, [pc, #68]	@ (80028e8 <z_time_slice+0x6c>)
 80028a4:	5cd3      	ldrb	r3, [r2, r3]
 80028a6:	b153      	cbz	r3, 80028be <z_time_slice+0x42>
 80028a8:	4620      	mov	r0, r4
 80028aa:	f7ff ff93 	bl	80027d4 <z_time_slice_size>
 80028ae:	b130      	cbz	r0, 80028be <z_time_slice+0x42>
	uint8_t state = thread->base.thread_state;
 80028b0:	7c23      	ldrb	r3, [r4, #16]
			k_spin_unlock(&_sched_spinlock, key);
			handler(curr, curr->base.slice_data);
			key = k_spin_lock(&_sched_spinlock);
		}
#endif
		if (!z_is_thread_prevented_from_running(curr)) {
 80028b2:	f013 0f1f 	tst.w	r3, #31
 80028b6:	d00f      	beq.n	80028d8 <z_time_slice+0x5c>
			move_current_to_end_of_prio_q();
		}
		z_reset_time_slice(curr);
 80028b8:	4620      	mov	r0, r4
 80028ba:	f7ff ffbd 	bl	8002838 <z_reset_time_slice>
  __ASM volatile ("MSR basepri, %0" : : "r" (basePri) : "memory");
 80028be:	f385 8811 	msr	BASEPRI, r5
 80028c2:	f3bf 8f6f 	isb	sy
	}
	k_spin_unlock(&_sched_spinlock, key);
}
 80028c6:	bd38      	pop	{r3, r4, r5, pc}
		z_reset_time_slice(curr);
 80028c8:	4620      	mov	r0, r4
 80028ca:	f7ff ffb5 	bl	8002838 <z_reset_time_slice>
 80028ce:	f385 8811 	msr	BASEPRI, r5
 80028d2:	f3bf 8f6f 	isb	sy
		return;
 80028d6:	e7f6      	b.n	80028c6 <z_time_slice+0x4a>
			move_current_to_end_of_prio_q();
 80028d8:	f7ff fe06 	bl	80024e8 <move_current_to_end_of_prio_q>
 80028dc:	e7ec      	b.n	80028b8 <z_time_slice+0x3c>
 80028de:	bf00      	nop
 80028e0:	200003d0 	.word	0x200003d0
 80028e4:	200003f4 	.word	0x200003f4
 80028e8:	200003f8 	.word	0x200003f8

080028ec <z_thread_monitor_exit>:
  __ASM volatile ("MRS %0, basepri" : "=r" (result) );
 80028ec:	f3ef 8111 	mrs	r1, BASEPRI
  __ASM volatile ("MSR basepri_max, %0" : : "r" (basePri) : "memory");
 80028f0:	2310      	movs	r3, #16
 80028f2:	f383 8812 	msr	BASEPRI_MAX, r3
 80028f6:	f3bf 8f6f 	isb	sy
 */
void z_thread_monitor_exit(struct k_thread *thread)
{
	k_spinlock_key_t key = k_spin_lock(&z_thread_monitor_lock);

	if (thread == _kernel.threads) {
 80028fa:	4b0a      	ldr	r3, [pc, #40]	@ (8002924 <z_thread_monitor_exit+0x38>)
 80028fc:	6a1b      	ldr	r3, [r3, #32]
 80028fe:	4283      	cmp	r3, r0
 8002900:	d104      	bne.n	800290c <z_thread_monitor_exit+0x20>
		_kernel.threads = _kernel.threads->next_thread;
 8002902:	6f1a      	ldr	r2, [r3, #112]	@ 0x70
 8002904:	4b07      	ldr	r3, [pc, #28]	@ (8002924 <z_thread_monitor_exit+0x38>)
 8002906:	621a      	str	r2, [r3, #32]
 8002908:	e007      	b.n	800291a <z_thread_monitor_exit+0x2e>
		struct k_thread *prev_thread;

		prev_thread = _kernel.threads;
		while ((prev_thread != NULL) &&
			(thread != prev_thread->next_thread)) {
			prev_thread = prev_thread->next_thread;
 800290a:	4613      	mov	r3, r2
		while ((prev_thread != NULL) &&
 800290c:	b113      	cbz	r3, 8002914 <z_thread_monitor_exit+0x28>
			(thread != prev_thread->next_thread)) {
 800290e:	6f1a      	ldr	r2, [r3, #112]	@ 0x70
		while ((prev_thread != NULL) &&
 8002910:	4282      	cmp	r2, r0
 8002912:	d1fa      	bne.n	800290a <z_thread_monitor_exit+0x1e>
		}
		if (prev_thread != NULL) {
 8002914:	b10b      	cbz	r3, 800291a <z_thread_monitor_exit+0x2e>
			prev_thread->next_thread = thread->next_thread;
 8002916:	6f02      	ldr	r2, [r0, #112]	@ 0x70
 8002918:	671a      	str	r2, [r3, #112]	@ 0x70
  __ASM volatile ("MSR basepri, %0" : : "r" (basePri) : "memory");
 800291a:	f381 8811 	msr	BASEPRI, r1
 800291e:	f3bf 8f6f 	isb	sy
		}
	}

	k_spin_unlock(&z_thread_monitor_lock, key);
}
 8002922:	4770      	bx	lr
 8002924:	200003d0 	.word	0x200003d0

08002928 <first>:
	return list->head == list;
 8002928:	4b03      	ldr	r3, [pc, #12]	@ (8002938 <first+0x10>)
 800292a:	6818      	ldr	r0, [r3, #0]
	return sys_dlist_is_empty(list) ? NULL : list->head;
 800292c:	4298      	cmp	r0, r3
 800292e:	d000      	beq.n	8002932 <first+0xa>
static struct _timeout *first(void)
{
	sys_dnode_t *t = sys_dlist_peek_head(&timeout_list);

	return (t == NULL) ? NULL : CONTAINER_OF(t, struct _timeout, node);
}
 8002930:	4770      	bx	lr
 8002932:	2000      	movs	r0, #0
	return (t == NULL) ? NULL : CONTAINER_OF(t, struct _timeout, node);
 8002934:	e7fc      	b.n	8002930 <first+0x8>
 8002936:	bf00      	nop
 8002938:	20000044 	.word	0x20000044

0800293c <next>:
	return (node != NULL) ? sys_dlist_peek_next_no_check(list, node) : NULL;
 800293c:	b130      	cbz	r0, 800294c <next+0x10>
	return (node == list->tail) ? NULL : node->next;
 800293e:	4a04      	ldr	r2, [pc, #16]	@ (8002950 <next+0x14>)
 8002940:	6852      	ldr	r2, [r2, #4]
 8002942:	4290      	cmp	r0, r2
 8002944:	d001      	beq.n	800294a <next+0xe>
 8002946:	6800      	ldr	r0, [r0, #0]
 8002948:	4770      	bx	lr
 800294a:	2000      	movs	r0, #0
static struct _timeout *next(struct _timeout *t)
{
	sys_dnode_t *n = sys_dlist_peek_next(&timeout_list, &t->node);

	return (n == NULL) ? NULL : CONTAINER_OF(n, struct _timeout, node);
}
 800294c:	4770      	bx	lr
 800294e:	bf00      	nop
 8002950:	20000044 	.word	0x20000044

08002954 <elapsed>:

	sys_dlist_remove(&t->node);
}

static int32_t elapsed(void)
{
 8002954:	b508      	push	{r3, lr}
	 *
	 * The distinction is implemented by looking at announce_remaining which
	 * will be non-zero while sys_clock_announce() is executing and zero
	 * otherwise.
	 */
	return announce_remaining == 0 ? sys_clock_elapsed() : 0U;
 8002956:	4b04      	ldr	r3, [pc, #16]	@ (8002968 <elapsed+0x14>)
 8002958:	681b      	ldr	r3, [r3, #0]
 800295a:	b10b      	cbz	r3, 8002960 <elapsed+0xc>
 800295c:	2000      	movs	r0, #0
}
 800295e:	bd08      	pop	{r3, pc}
	return announce_remaining == 0 ? sys_clock_elapsed() : 0U;
 8002960:	f7ff f9ce 	bl	8001d00 <sys_clock_elapsed>
 8002964:	e7fb      	b.n	800295e <elapsed+0xa>
 8002966:	bf00      	nop
 8002968:	20000400 	.word	0x20000400

0800296c <z_add_timeout>:

	return ret;
}

k_ticks_t z_add_timeout(struct _timeout *to, _timeout_func_t fn, k_timeout_t timeout)
{
 800296c:	e92d 4ff0 	stmdb	sp!, {r4, r5, r6, r7, r8, r9, sl, fp, lr}
 8002970:	b083      	sub	sp, #12
	k_ticks_t ticks = 0;

	if (K_TIMEOUT_EQ(timeout, K_FOREVER)) {
 8002972:	f1b3 3fff 	cmp.w	r3, #4294967295
 8002976:	bf08      	it	eq
 8002978:	f1b2 3fff 	cmpeq.w	r2, #4294967295
 800297c:	d00e      	beq.n	800299c <z_add_timeout+0x30>
 800297e:	4604      	mov	r4, r0
 8002980:	4691      	mov	r9, r2
 8002982:	461f      	mov	r7, r3
#ifdef CONFIG_KERNEL_COHERENCE
	__ASSERT_NO_MSG(sys_cache_is_mem_coherent(to));
#endif /* CONFIG_KERNEL_COHERENCE */

	__ASSERT(!sys_dnode_is_linked(&to->node), "");
	to->fn = fn;
 8002984:	6081      	str	r1, [r0, #8]

	K_SPINLOCK(&timeout_lock) {
 8002986:	2300      	movs	r3, #0
  __ASM volatile ("MRS %0, basepri" : "=r" (result) );
 8002988:	f3ef 8a11 	mrs	sl, BASEPRI
  __ASM volatile ("MSR basepri_max, %0" : : "r" (basePri) : "memory");
 800298c:	2210      	movs	r2, #16
 800298e:	f382 8812 	msr	BASEPRI_MAX, r2
 8002992:	f3bf 8f6f 	isb	sy
	k_ticks_t ticks = 0;
 8002996:	461d      	mov	r5, r3
 8002998:	9301      	str	r3, [sp, #4]
 800299a:	e035      	b.n	8002a08 <z_add_timeout+0x9c>
		return 0;
 800299c:	2500      	movs	r5, #0
 800299e:	9501      	str	r5, [sp, #4]
			sys_clock_set_timeout(next_timeout(ticks_elapsed), false);
		}
	}

	return ticks;
}
 80029a0:	4628      	mov	r0, r5
 80029a2:	9901      	ldr	r1, [sp, #4]
 80029a4:	b003      	add	sp, #12
 80029a6:	e8bd 8ff0 	ldmia.w	sp!, {r4, r5, r6, r7, r8, r9, sl, fp, pc}
			ticks_elapsed = elapsed();
 80029aa:	f7ff ffd3 	bl	8002954 <elapsed>
 80029ae:	4680      	mov	r8, r0
			to->dticks = timeout.ticks + 1 + ticks_elapsed;
 80029b0:	3501      	adds	r5, #1
 80029b2:	f147 0600 	adc.w	r6, r7, #0
 80029b6:	1945      	adds	r5, r0, r5
 80029b8:	eb46 76e0 	adc.w	r6, r6, r0, asr #31
 80029bc:	6125      	str	r5, [r4, #16]
 80029be:	6166      	str	r6, [r4, #20]
			ticks = curr_tick + to->dticks;
 80029c0:	4a34      	ldr	r2, [pc, #208]	@ (8002a94 <z_add_timeout+0x128>)
 80029c2:	6813      	ldr	r3, [r2, #0]
 80029c4:	6852      	ldr	r2, [r2, #4]
 80029c6:	18ed      	adds	r5, r5, r3
 80029c8:	eb46 0302 	adc.w	r3, r6, r2
 80029cc:	9301      	str	r3, [sp, #4]
			has_elapsed = true;
 80029ce:	f04f 0b01 	mov.w	fp, #1
 80029d2:	e038      	b.n	8002a46 <z_add_timeout+0xda>
				t->dticks -= to->dticks;
 80029d4:	1ac9      	subs	r1, r1, r3
 80029d6:	eb66 0202 	sbc.w	r2, r6, r2
 80029da:	6101      	str	r1, [r0, #16]
 80029dc:	6142      	str	r2, [r0, #20]
	sys_dnode_t *const prev = successor->prev;
 80029de:	6843      	ldr	r3, [r0, #4]
	node->prev = prev;
 80029e0:	6063      	str	r3, [r4, #4]
	node->next = successor;
 80029e2:	6020      	str	r0, [r4, #0]
	prev->next = node;
 80029e4:	601c      	str	r4, [r3, #0]
	successor->prev = node;
 80029e6:	6044      	str	r4, [r0, #4]
		if (t == NULL) {
 80029e8:	e005      	b.n	80029f6 <z_add_timeout+0x8a>
	sys_dnode_t *const tail = list->tail;
 80029ea:	4b2b      	ldr	r3, [pc, #172]	@ (8002a98 <z_add_timeout+0x12c>)
 80029ec:	685a      	ldr	r2, [r3, #4]
	node->next = list;
 80029ee:	6023      	str	r3, [r4, #0]
	node->prev = tail;
 80029f0:	6062      	str	r2, [r4, #4]
	tail->next = node;
 80029f2:	6014      	str	r4, [r2, #0]
	list->tail = node;
 80029f4:	605c      	str	r4, [r3, #4]
		if (to == first() && announce_remaining == 0) {
 80029f6:	f7ff ff97 	bl	8002928 <first>
 80029fa:	4284      	cmp	r4, r0
 80029fc:	d037      	beq.n	8002a6e <z_add_timeout+0x102>
  __ASM volatile ("MSR basepri, %0" : : "r" (basePri) : "memory");
 80029fe:	f38a 8811 	msr	BASEPRI, sl
 8002a02:	f3bf 8f6f 	isb	sy
	K_SPINLOCK(&timeout_lock) {
 8002a06:	2301      	movs	r3, #1
 8002a08:	2b00      	cmp	r3, #0
 8002a0a:	d1c9      	bne.n	80029a0 <z_add_timeout+0x34>
		if (Z_IS_TIMEOUT_RELATIVE(timeout)) {
 8002a0c:	464d      	mov	r5, r9
 8002a0e:	9701      	str	r7, [sp, #4]
 8002a10:	2f00      	cmp	r7, #0
 8002a12:	daca      	bge.n	80029aa <z_add_timeout+0x3e>
			k_ticks_t dticks = Z_TICK_ABS(timeout.ticks) - curr_tick;
 8002a14:	4b1f      	ldr	r3, [pc, #124]	@ (8002a94 <z_add_timeout+0x128>)
 8002a16:	6819      	ldr	r1, [r3, #0]
 8002a18:	685b      	ldr	r3, [r3, #4]
 8002a1a:	1869      	adds	r1, r5, r1
 8002a1c:	eb43 0307 	adc.w	r3, r3, r7
 8002a20:	f06f 0201 	mvn.w	r2, #1
 8002a24:	1a52      	subs	r2, r2, r1
 8002a26:	f04f 31ff 	mov.w	r1, #4294967295
 8002a2a:	eb61 0303 	sbc.w	r3, r1, r3
			to->dticks = max(1, dticks);
 8002a2e:	4610      	mov	r0, r2
 8002a30:	4619      	mov	r1, r3
 8002a32:	2a01      	cmp	r2, #1
 8002a34:	f173 0300 	sbcs.w	r3, r3, #0
 8002a38:	da01      	bge.n	8002a3e <z_add_timeout+0xd2>
 8002a3a:	2001      	movs	r0, #1
 8002a3c:	2100      	movs	r1, #0
 8002a3e:	6120      	str	r0, [r4, #16]
 8002a40:	6161      	str	r1, [r4, #20]
		bool has_elapsed = false;
 8002a42:	f04f 0b00 	mov.w	fp, #0
		for (t = first(); t != NULL; t = next(t)) {
 8002a46:	f7ff ff6f 	bl	8002928 <first>
 8002a4a:	2800      	cmp	r0, #0
 8002a4c:	d0cd      	beq.n	80029ea <z_add_timeout+0x7e>
			if (t->dticks > to->dticks) {
 8002a4e:	6901      	ldr	r1, [r0, #16]
 8002a50:	6946      	ldr	r6, [r0, #20]
 8002a52:	6923      	ldr	r3, [r4, #16]
 8002a54:	6962      	ldr	r2, [r4, #20]
 8002a56:	428b      	cmp	r3, r1
 8002a58:	eb72 0e06 	sbcs.w	lr, r2, r6
 8002a5c:	dbba      	blt.n	80029d4 <z_add_timeout+0x68>
			to->dticks -= t->dticks;
 8002a5e:	1a5b      	subs	r3, r3, r1
 8002a60:	eb62 0206 	sbc.w	r2, r2, r6
 8002a64:	6123      	str	r3, [r4, #16]
 8002a66:	6162      	str	r2, [r4, #20]
		for (t = first(); t != NULL; t = next(t)) {
 8002a68:	f7ff ff68 	bl	800293c <next>
 8002a6c:	e7ed      	b.n	8002a4a <z_add_timeout+0xde>
		if (to == first() && announce_remaining == 0) {
 8002a6e:	4b0b      	ldr	r3, [pc, #44]	@ (8002a9c <z_add_timeout+0x130>)
 8002a70:	681b      	ldr	r3, [r3, #0]
 8002a72:	2b00      	cmp	r3, #0
 8002a74:	d1c3      	bne.n	80029fe <z_add_timeout+0x92>
			if (!has_elapsed) {
 8002a76:	f1bb 0f00 	cmp.w	fp, #0
 8002a7a:	d006      	beq.n	8002a8a <z_add_timeout+0x11e>
			sys_clock_set_timeout(next_timeout(ticks_elapsed), false);
 8002a7c:	4640      	mov	r0, r8
 8002a7e:	f001 ff80 	bl	8004982 <next_timeout>
 8002a82:	2100      	movs	r1, #0
 8002a84:	f7ff f8aa 	bl	8001bdc <sys_clock_set_timeout>
 8002a88:	e7b9      	b.n	80029fe <z_add_timeout+0x92>
				ticks_elapsed = elapsed();
 8002a8a:	f7ff ff63 	bl	8002954 <elapsed>
 8002a8e:	4680      	mov	r8, r0
 8002a90:	e7f4      	b.n	8002a7c <z_add_timeout+0x110>
 8002a92:	bf00      	nop
 8002a94:	200002a0 	.word	0x200002a0
 8002a98:	20000044 	.word	0x20000044
 8002a9c:	20000400 	.word	0x20000400

08002aa0 <sys_clock_announce_locked>:
	}
	return ret;
}

void sys_clock_announce_locked(int32_t ticks, k_spinlock_key_t key)
{
 8002aa0:	b570      	push	{r4, r5, r6, lr}
 8002aa2:	460e      	mov	r6, r1
		announce_remaining += ticks;
		k_spin_unlock(&timeout_lock, key);
		return;
	}

	announce_remaining = ticks;
 8002aa4:	4b2d      	ldr	r3, [pc, #180]	@ (8002b5c <sys_clock_announce_locked+0xbc>)
 8002aa6:	6018      	str	r0, [r3, #0]

	struct _timeout *t;

	for (t = first();
 8002aa8:	f7ff ff3e 	bl	8002928 <first>
 8002aac:	4604      	mov	r4, r0
 8002aae:	e028      	b.n	8002b02 <sys_clock_announce_locked+0x62>
	     (t != NULL) && (t->dticks <= announce_remaining);
	     t = first()) {
		int dt = t->dticks;

		curr_tick += dt;
 8002ab0:	4a2b      	ldr	r2, [pc, #172]	@ (8002b60 <sys_clock_announce_locked+0xc0>)
 8002ab2:	6813      	ldr	r3, [r2, #0]
 8002ab4:	6851      	ldr	r1, [r2, #4]
 8002ab6:	195b      	adds	r3, r3, r5
 8002ab8:	eb41 71e5 	adc.w	r1, r1, r5, asr #31
 8002abc:	6013      	str	r3, [r2, #0]
 8002abe:	6051      	str	r1, [r2, #4]
		t->dticks = 0;
 8002ac0:	2200      	movs	r2, #0
 8002ac2:	2300      	movs	r3, #0
 8002ac4:	e9c4 2304 	strd	r2, r3, [r4, #16]
		remove_timeout(t);
 8002ac8:	4620      	mov	r0, r4
 8002aca:	f001 ff43 	bl	8004954 <remove_timeout>
		t->dticks = TIMEOUT_DTICKS_ANNOUNCING;
 8002ace:	2201      	movs	r2, #1
 8002ad0:	f04f 4300 	mov.w	r3, #2147483648	@ 0x80000000
 8002ad4:	e9c4 2304 	strd	r2, r3, [r4, #16]
 8002ad8:	f386 8811 	msr	BASEPRI, r6
 8002adc:	f3bf 8f6f 	isb	sy

		k_spin_unlock(&timeout_lock, key);
		t->fn(t);
 8002ae0:	68a3      	ldr	r3, [r4, #8]
 8002ae2:	4620      	mov	r0, r4
 8002ae4:	4798      	blx	r3
  __ASM volatile ("MRS %0, basepri" : "=r" (result) );
 8002ae6:	f3ef 8611 	mrs	r6, BASEPRI
  __ASM volatile ("MSR basepri_max, %0" : : "r" (basePri) : "memory");
 8002aea:	2310      	movs	r3, #16
 8002aec:	f383 8812 	msr	BASEPRI_MAX, r3
 8002af0:	f3bf 8f6f 	isb	sy
		key = k_spin_lock(&timeout_lock);
		announce_remaining -= dt;
 8002af4:	4a19      	ldr	r2, [pc, #100]	@ (8002b5c <sys_clock_announce_locked+0xbc>)
 8002af6:	6813      	ldr	r3, [r2, #0]
 8002af8:	1b5b      	subs	r3, r3, r5
 8002afa:	6013      	str	r3, [r2, #0]
	     t = first()) {
 8002afc:	f7ff ff14 	bl	8002928 <first>
 8002b00:	4604      	mov	r4, r0
	     (t != NULL) && (t->dticks <= announce_remaining);
 8002b02:	b13c      	cbz	r4, 8002b14 <sys_clock_announce_locked+0x74>
 8002b04:	6925      	ldr	r5, [r4, #16]
 8002b06:	6961      	ldr	r1, [r4, #20]
 8002b08:	4b14      	ldr	r3, [pc, #80]	@ (8002b5c <sys_clock_announce_locked+0xbc>)
 8002b0a:	681a      	ldr	r2, [r3, #0]
 8002b0c:	17d3      	asrs	r3, r2, #31
 8002b0e:	42aa      	cmp	r2, r5
 8002b10:	418b      	sbcs	r3, r1
 8002b12:	dacd      	bge.n	8002ab0 <sys_clock_announce_locked+0x10>
	}

	if (t != NULL) {
 8002b14:	b144      	cbz	r4, 8002b28 <sys_clock_announce_locked+0x88>
		t->dticks -= announce_remaining;
 8002b16:	6923      	ldr	r3, [r4, #16]
 8002b18:	6962      	ldr	r2, [r4, #20]
 8002b1a:	4910      	ldr	r1, [pc, #64]	@ (8002b5c <sys_clock_announce_locked+0xbc>)
 8002b1c:	6809      	ldr	r1, [r1, #0]
 8002b1e:	1a5b      	subs	r3, r3, r1
 8002b20:	eb62 72e1 	sbc.w	r2, r2, r1, asr #31
 8002b24:	6123      	str	r3, [r4, #16]
 8002b26:	6162      	str	r2, [r4, #20]
	}

	curr_tick += announce_remaining;
 8002b28:	4a0d      	ldr	r2, [pc, #52]	@ (8002b60 <sys_clock_announce_locked+0xc0>)
 8002b2a:	4d0c      	ldr	r5, [pc, #48]	@ (8002b5c <sys_clock_announce_locked+0xbc>)
 8002b2c:	6828      	ldr	r0, [r5, #0]
 8002b2e:	6813      	ldr	r3, [r2, #0]
 8002b30:	6851      	ldr	r1, [r2, #4]
 8002b32:	181b      	adds	r3, r3, r0
 8002b34:	eb41 71e0 	adc.w	r1, r1, r0, asr #31
 8002b38:	6013      	str	r3, [r2, #0]
 8002b3a:	6051      	str	r1, [r2, #4]
	announce_remaining = 0;
 8002b3c:	2400      	movs	r4, #0
 8002b3e:	602c      	str	r4, [r5, #0]

	sys_clock_set_timeout(next_timeout(0), false);
 8002b40:	4620      	mov	r0, r4
 8002b42:	f001 ff1e 	bl	8004982 <next_timeout>
 8002b46:	4621      	mov	r1, r4
 8002b48:	f7ff f848 	bl	8001bdc <sys_clock_set_timeout>
  __ASM volatile ("MSR basepri, %0" : : "r" (basePri) : "memory");
 8002b4c:	f386 8811 	msr	BASEPRI, r6
 8002b50:	f3bf 8f6f 	isb	sy

	k_spin_unlock(&timeout_lock, key);

#ifdef CONFIG_TIMESLICING
	z_time_slice();
 8002b54:	f7ff fe92 	bl	800287c <z_time_slice>
#endif /* CONFIG_TIMESLICING */
}
 8002b58:	bd70      	pop	{r4, r5, r6, pc}
 8002b5a:	bf00      	nop
 8002b5c:	20000400 	.word	0x20000400
 8002b60:	200002a0 	.word	0x200002a0

08002b64 <boot_banner>:
#define BANNER_VERSION KERNEL_VERSION_STRING
#endif /* BUILD_VERSION */
#endif /* !BANNER_VERSION */

void boot_banner(void)
{
 8002b64:	b508      	push	{r3, lr}
	  */
	printk("\x1b[3J\x1b[2J\x1b[H");
#endif /* CONFIG_BOOT_CLEAR_SCREEN */

#ifdef CONFIG_BOOT_BANNER
	printk("*** " CONFIG_BOOT_BANNER_STRING " " BANNER_VERSION BANNER_POSTFIX " ***\n");
 8002b66:	4802      	ldr	r0, [pc, #8]	@ (8002b70 <boot_banner+0xc>)
 8002b68:	f000 fe7f 	bl	800386a <printk>
#endif /* CONFIG_BOOT_BANNER */
}
 8002b6c:	bd08      	pop	{r3, pc}
 8002b6e:	bf00      	nop
 8002b70:	080054a4 	.word	0x080054a4

08002b74 <memset>:
 8002b74:	b570      	push	{r4, r5, r6, lr}
 8002b76:	0786      	lsls	r6, r0, #30
 8002b78:	d04f      	beq.n	8002c1a <memset+0xa6>
 8002b7a:	1884      	adds	r4, r0, r2
 8002b7c:	4684      	mov	ip, r0
 8002b7e:	e004      	b.n	8002b8a <memset+0x16>
 8002b80:	f803 1b01 	strb.w	r1, [r3], #1
 8002b84:	079d      	lsls	r5, r3, #30
 8002b86:	d004      	beq.n	8002b92 <memset+0x1e>
 8002b88:	469c      	mov	ip, r3
 8002b8a:	4564      	cmp	r4, ip
 8002b8c:	4663      	mov	r3, ip
 8002b8e:	d1f7      	bne.n	8002b80 <memset+0xc>
 8002b90:	bd70      	pop	{r4, r5, r6, pc}
 8002b92:	3a01      	subs	r2, #1
 8002b94:	4402      	add	r2, r0
 8002b96:	eba2 020c 	sub.w	r2, r2, ip
 8002b9a:	2a03      	cmp	r2, #3
 8002b9c:	d92f      	bls.n	8002bfe <memset+0x8a>
 8002b9e:	b2cc      	uxtb	r4, r1
 8002ba0:	eb04 2404 	add.w	r4, r4, r4, lsl #8
 8002ba4:	2a0f      	cmp	r2, #15
 8002ba6:	eb04 4404 	add.w	r4, r4, r4, lsl #16
 8002baa:	d938      	bls.n	8002c1e <memset+0xaa>
 8002bac:	f1a2 0610 	sub.w	r6, r2, #16
 8002bb0:	0935      	lsrs	r5, r6, #4
 8002bb2:	3501      	adds	r5, #1
 8002bb4:	469c      	mov	ip, r3
 8002bb6:	f04f 0e00 	mov.w	lr, #0
 8002bba:	f10e 0e01 	add.w	lr, lr, #1
 8002bbe:	45ae      	cmp	lr, r5
 8002bc0:	e9cc 4400 	strd	r4, r4, [ip]
 8002bc4:	e9cc 4402 	strd	r4, r4, [ip, #8]
 8002bc8:	f10c 0c10 	add.w	ip, ip, #16
 8002bcc:	d3f5      	bcc.n	8002bba <memset+0x46>
 8002bce:	f026 060f 	bic.w	r6, r6, #15
 8002bd2:	3310      	adds	r3, #16
 8002bd4:	f012 0f0c 	tst.w	r2, #12
 8002bd8:	4433      	add	r3, r6
 8002bda:	f002 050f 	and.w	r5, r2, #15
 8002bde:	d01a      	beq.n	8002c16 <memset+0xa2>
 8002be0:	1f2a      	subs	r2, r5, #4
 8002be2:	2a03      	cmp	r2, #3
 8002be4:	601c      	str	r4, [r3, #0]
 8002be6:	d905      	bls.n	8002bf4 <memset+0x80>
 8002be8:	f1a5 0208 	sub.w	r2, r5, #8
 8002bec:	2a03      	cmp	r2, #3
 8002bee:	605c      	str	r4, [r3, #4]
 8002bf0:	bf88      	it	hi
 8002bf2:	609c      	strhi	r4, [r3, #8]
 8002bf4:	f005 0203 	and.w	r2, r5, #3
 8002bf8:	f025 0503 	bic.w	r5, r5, #3
 8002bfc:	442b      	add	r3, r5
 8002bfe:	1e54      	subs	r4, r2, #1
 8002c00:	2a00      	cmp	r2, #0
 8002c02:	d0c5      	beq.n	8002b90 <memset+0x1c>
 8002c04:	b2c9      	uxtb	r1, r1
 8002c06:	7019      	strb	r1, [r3, #0]
 8002c08:	2c00      	cmp	r4, #0
 8002c0a:	d0c1      	beq.n	8002b90 <memset+0x1c>
 8002c0c:	2c01      	cmp	r4, #1
 8002c0e:	7059      	strb	r1, [r3, #1]
 8002c10:	bf18      	it	ne
 8002c12:	7099      	strbne	r1, [r3, #2]
 8002c14:	bd70      	pop	{r4, r5, r6, pc}
 8002c16:	462a      	mov	r2, r5
 8002c18:	e7f1      	b.n	8002bfe <memset+0x8a>
 8002c1a:	4603      	mov	r3, r0
 8002c1c:	e7bd      	b.n	8002b9a <memset+0x26>
 8002c1e:	4615      	mov	r5, r2
 8002c20:	e7de      	b.n	8002be0 <memset+0x6c>
 8002c22:	bf00      	nop

08002c24 <strncpy>:
 8002c24:	b538      	push	{r3, r4, r5, lr}
 8002c26:	ea40 0301 	orr.w	r3, r0, r1
 8002c2a:	079b      	lsls	r3, r3, #30
 8002c2c:	4604      	mov	r4, r0
 8002c2e:	d122      	bne.n	8002c76 <strncpy+0x52>
 8002c30:	2a03      	cmp	r2, #3
 8002c32:	d920      	bls.n	8002c76 <strncpy+0x52>
 8002c34:	468c      	mov	ip, r1
 8002c36:	f8dc 5000 	ldr.w	r5, [ip]
 8002c3a:	f1a5 3301 	sub.w	r3, r5, #16843009	@ 0x1010101
 8002c3e:	ea23 0305 	bic.w	r3, r3, r5
 8002c42:	f013 3f80 	tst.w	r3, #2155905152	@ 0x80808080
 8002c46:	4661      	mov	r1, ip
 8002c48:	f10c 0c04 	add.w	ip, ip, #4
 8002c4c:	d114      	bne.n	8002c78 <strncpy+0x54>
 8002c4e:	3a04      	subs	r2, #4
 8002c50:	2a03      	cmp	r2, #3
 8002c52:	f840 5b04 	str.w	r5, [r0], #4
 8002c56:	d8ee      	bhi.n	8002c36 <strncpy+0x12>
 8002c58:	4661      	mov	r1, ip
 8002c5a:	1e4b      	subs	r3, r1, #1
 8002c5c:	b14a      	cbz	r2, 8002c72 <strncpy+0x4e>
 8002c5e:	f813 1f01 	ldrb.w	r1, [r3, #1]!
 8002c62:	f800 1b01 	strb.w	r1, [r0], #1
 8002c66:	3a01      	subs	r2, #1
 8002c68:	2900      	cmp	r1, #0
 8002c6a:	d1f7      	bne.n	8002c5c <strncpy+0x38>
 8002c6c:	b10a      	cbz	r2, 8002c72 <strncpy+0x4e>
 8002c6e:	f7ff ff81 	bl	8002b74 <memset>
 8002c72:	4620      	mov	r0, r4
 8002c74:	bd38      	pop	{r3, r4, r5, pc}
 8002c76:	4620      	mov	r0, r4
 8002c78:	1e4b      	subs	r3, r1, #1
 8002c7a:	e7ef      	b.n	8002c5c <strncpy+0x38>

08002c7c <strnlen>:
 8002c7c:	b171      	cbz	r1, 8002c9c <strnlen+0x20>
 8002c7e:	4603      	mov	r3, r0
 8002c80:	eb01 0c00 	add.w	ip, r1, r0
 8002c84:	e001      	b.n	8002c8a <strnlen+0xe>
 8002c86:	4563      	cmp	r3, ip
 8002c88:	d006      	beq.n	8002c98 <strnlen+0x1c>
 8002c8a:	461a      	mov	r2, r3
 8002c8c:	3301      	adds	r3, #1
 8002c8e:	7811      	ldrb	r1, [r2, #0]
 8002c90:	2900      	cmp	r1, #0
 8002c92:	d1f8      	bne.n	8002c86 <strnlen+0xa>
 8002c94:	1a10      	subs	r0, r2, r0
 8002c96:	4770      	bx	lr
 8002c98:	1a18      	subs	r0, r3, r0
 8002c9a:	4770      	bx	lr
 8002c9c:	4608      	mov	r0, r1
 8002c9e:	4770      	bx	lr

08002ca0 <printf>:
 8002ca0:	b40f      	push	{r0, r1, r2, r3}
 8002ca2:	b500      	push	{lr}
 8002ca4:	b083      	sub	sp, #12
 8002ca6:	aa04      	add	r2, sp, #16
 8002ca8:	4b05      	ldr	r3, [pc, #20]	@ (8002cc0 <printf+0x20>)
 8002caa:	f852 1b04 	ldr.w	r1, [r2], #4
 8002cae:	6818      	ldr	r0, [r3, #0]
 8002cb0:	9201      	str	r2, [sp, #4]
 8002cb2:	f000 f885 	bl	8002dc0 <__l_vfprintf>
 8002cb6:	b003      	add	sp, #12
 8002cb8:	f85d eb04 	ldr.w	lr, [sp], #4
 8002cbc:	b004      	add	sp, #16
 8002cbe:	4770      	bx	lr
 8002cc0:	08005610 	.word	0x08005610

08002cc4 <__ultoa_invert>:
 8002cc4:	b570      	push	{r4, r5, r6, lr}
 8002cc6:	f003 051f 	and.w	r5, r3, #31
 8002cca:	2d08      	cmp	r5, #8
 8002ccc:	4684      	mov	ip, r0
 8002cce:	468e      	mov	lr, r1
 8002cd0:	d065      	beq.n	8002d9e <__ultoa_invert+0xda>
 8002cd2:	f1c3 0337 	rsb	r3, r3, #55	@ 0x37
 8002cd6:	2d10      	cmp	r5, #16
 8002cd8:	b2dc      	uxtb	r4, r3
 8002cda:	4610      	mov	r0, r2
 8002cdc:	d044      	beq.n	8002d68 <__ultoa_invert+0xa4>
 8002cde:	ea4f 039c 	mov.w	r3, ip, lsr #2
 8002ce2:	ea4f 025c 	mov.w	r2, ip, lsr #1
 8002ce6:	ea43 738e 	orr.w	r3, r3, lr, lsl #30
 8002cea:	ea42 72ce 	orr.w	r2, r2, lr, lsl #31
 8002cee:	189a      	adds	r2, r3, r2
 8002cf0:	ea4f 015e 	mov.w	r1, lr, lsr #1
 8002cf4:	eb41 019e 	adc.w	r1, r1, lr, lsr #2
 8002cf8:	0913      	lsrs	r3, r2, #4
 8002cfa:	ea43 7301 	orr.w	r3, r3, r1, lsl #28
 8002cfe:	189a      	adds	r2, r3, r2
 8002d00:	eb41 1111 	adc.w	r1, r1, r1, lsr #4
 8002d04:	0a13      	lsrs	r3, r2, #8
 8002d06:	ea43 6301 	orr.w	r3, r3, r1, lsl #24
 8002d0a:	189a      	adds	r2, r3, r2
 8002d0c:	eb41 2111 	adc.w	r1, r1, r1, lsr #8
 8002d10:	0c13      	lsrs	r3, r2, #16
 8002d12:	ea43 4301 	orr.w	r3, r3, r1, lsl #16
 8002d16:	189b      	adds	r3, r3, r2
 8002d18:	eb41 4111 	adc.w	r1, r1, r1, lsr #16
 8002d1c:	18cb      	adds	r3, r1, r3
 8002d1e:	fa5f f28c 	uxtb.w	r2, ip
 8002d22:	f141 0100 	adc.w	r1, r1, #0
 8002d26:	ea4f 0cd3 	mov.w	ip, r3, lsr #3
 8002d2a:	ea4c 7c41 	orr.w	ip, ip, r1, lsl #29
 8002d2e:	eb0c 038c 	add.w	r3, ip, ip, lsl #2
 8002d32:	eba2 0343 	sub.w	r3, r2, r3, lsl #1
 8002d36:	b2db      	uxtb	r3, r3
 8002d38:	f1a3 020a 	sub.w	r2, r3, #10
 8002d3c:	b2d2      	uxtb	r2, r2
 8002d3e:	18a5      	adds	r5, r4, r2
 8002d40:	2b09      	cmp	r3, #9
 8002d42:	f103 0630 	add.w	r6, r3, #48	@ 0x30
 8002d46:	ea4f 0ed1 	mov.w	lr, r1, lsr #3
 8002d4a:	f105 0530 	add.w	r5, r5, #48	@ 0x30
 8002d4e:	d920      	bls.n	8002d92 <__ultoa_invert+0xce>
 8002d50:	f11c 0c01 	adds.w	ip, ip, #1
 8002d54:	f14e 0e00 	adc.w	lr, lr, #0
 8002d58:	2a09      	cmp	r2, #9
 8002d5a:	bf9a      	itte	ls
 8002d5c:	3326      	addls	r3, #38	@ 0x26
 8002d5e:	f800 3b01 	strbls.w	r3, [r0], #1
 8002d62:	f800 5b01 	strbhi.w	r5, [r0], #1
 8002d66:	e7ba      	b.n	8002cde <__ultoa_invert+0x1a>
 8002d68:	f00c 030f 	and.w	r3, ip, #15
 8002d6c:	2b09      	cmp	r3, #9
 8002d6e:	bf88      	it	hi
 8002d70:	191b      	addhi	r3, r3, r4
 8002d72:	ea4f 121c 	mov.w	r2, ip, lsr #4
 8002d76:	ea42 720e 	orr.w	r2, r2, lr, lsl #28
 8002d7a:	ea4f 111e 	mov.w	r1, lr, lsr #4
 8002d7e:	bf88      	it	hi
 8002d80:	b2db      	uxtbhi	r3, r3
 8002d82:	4694      	mov	ip, r2
 8002d84:	3330      	adds	r3, #48	@ 0x30
 8002d86:	430a      	orrs	r2, r1
 8002d88:	f800 3b01 	strb.w	r3, [r0], #1
 8002d8c:	468e      	mov	lr, r1
 8002d8e:	d1eb      	bne.n	8002d68 <__ultoa_invert+0xa4>
 8002d90:	bd70      	pop	{r4, r5, r6, pc}
 8002d92:	ea5c 030e 	orrs.w	r3, ip, lr
 8002d96:	f800 6b01 	strb.w	r6, [r0], #1
 8002d9a:	d1a0      	bne.n	8002cde <__ultoa_invert+0x1a>
 8002d9c:	bd70      	pop	{r4, r5, r6, pc}
 8002d9e:	4610      	mov	r0, r2
 8002da0:	f00c 0307 	and.w	r3, ip, #7
 8002da4:	ea4f 0cdc 	mov.w	ip, ip, lsr #3
 8002da8:	ea4c 7c4e 	orr.w	ip, ip, lr, lsl #29
 8002dac:	3330      	adds	r3, #48	@ 0x30
 8002dae:	ea4f 0ede 	mov.w	lr, lr, lsr #3
 8002db2:	f800 3b01 	strb.w	r3, [r0], #1
 8002db6:	ea5c 030e 	orrs.w	r3, ip, lr
 8002dba:	d1f1      	bne.n	8002da0 <__ultoa_invert+0xdc>
 8002dbc:	bd70      	pop	{r4, r5, r6, pc}
 8002dbe:	bf00      	nop

08002dc0 <__l_vfprintf>:
 8002dc0:	e92d 4ff0 	stmdb	sp!, {r4, r5, r6, r7, r8, r9, sl, fp, lr}
 8002dc4:	7883      	ldrb	r3, [r0, #2]
 8002dc6:	f8d0 9004 	ldr.w	r9, [r0, #4]
 8002dca:	079f      	lsls	r7, r3, #30
 8002dcc:	b08b      	sub	sp, #44	@ 0x2c
 8002dce:	f140 8132 	bpl.w	8003036 <__l_vfprintf+0x276>
 8002dd2:	460b      	mov	r3, r1
 8002dd4:	4680      	mov	r8, r0
 8002dd6:	f813 0b01 	ldrb.w	r0, [r3], #1
 8002dda:	460c      	mov	r4, r1
 8002ddc:	2800      	cmp	r0, #0
 8002dde:	f000 83d8 	beq.w	8003592 <__l_vfprintf+0x7d2>
 8002de2:	2500      	movs	r5, #0
 8002de4:	9200      	str	r2, [sp, #0]
 8002de6:	e00d      	b.n	8002e04 <__l_vfprintf+0x44>
 8002de8:	461c      	mov	r4, r3
 8002dea:	4641      	mov	r1, r8
 8002dec:	47c8      	blx	r9
 8002dee:	2800      	cmp	r0, #0
 8002df0:	f105 0501 	add.w	r5, r5, #1
 8002df4:	f2c0 8119 	blt.w	800302a <__l_vfprintf+0x26a>
 8002df8:	4623      	mov	r3, r4
 8002dfa:	f813 0b01 	ldrb.w	r0, [r3], #1
 8002dfe:	2800      	cmp	r0, #0
 8002e00:	f000 811b 	beq.w	800303a <__l_vfprintf+0x27a>
 8002e04:	2825      	cmp	r0, #37	@ 0x25
 8002e06:	d1ef      	bne.n	8002de8 <__l_vfprintf+0x28>
 8002e08:	7866      	ldrb	r6, [r4, #1]
 8002e0a:	2e25      	cmp	r6, #37	@ 0x25
 8002e0c:	f104 0402 	add.w	r4, r4, #2
 8002e10:	d0eb      	beq.n	8002dea <__l_vfprintf+0x2a>
 8002e12:	f04f 0b00 	mov.w	fp, #0
 8002e16:	46da      	mov	sl, fp
 8002e18:	465f      	mov	r7, fp
 8002e1a:	2f1f      	cmp	r7, #31
 8002e1c:	d95d      	bls.n	8002eda <__l_vfprintf+0x11a>
 8002e1e:	2f7f      	cmp	r7, #127	@ 0x7f
 8002e20:	f200 808a 	bhi.w	8002f38 <__l_vfprintf+0x178>
 8002e24:	f1a6 0330 	sub.w	r3, r6, #48	@ 0x30
 8002e28:	2b09      	cmp	r3, #9
 8002e2a:	d811      	bhi.n	8002e50 <__l_vfprintf+0x90>
 8002e2c:	067e      	lsls	r6, r7, #25
 8002e2e:	f100 8132 	bmi.w	8003096 <__l_vfprintf+0x2d6>
 8002e32:	f814 6b01 	ldrb.w	r6, [r4], #1
 8002e36:	eb0a 0a8a 	add.w	sl, sl, sl, lsl #2
 8002e3a:	eb03 0a4a 	add.w	sl, r3, sl, lsl #1
 8002e3e:	f047 0720 	orr.w	r7, r7, #32
 8002e42:	f1a6 0330 	sub.w	r3, r6, #48	@ 0x30
 8002e46:	2e00      	cmp	r6, #0
 8002e48:	f000 80e1 	beq.w	800300e <__l_vfprintf+0x24e>
 8002e4c:	2b09      	cmp	r3, #9
 8002e4e:	d9f0      	bls.n	8002e32 <__l_vfprintf+0x72>
 8002e50:	2e2a      	cmp	r6, #42	@ 0x2a
 8002e52:	f000 810e 	beq.w	8003072 <__l_vfprintf+0x2b2>
 8002e56:	2e2e      	cmp	r6, #46	@ 0x2e
 8002e58:	f000 81c3 	beq.w	80031e2 <__l_vfprintf+0x422>
 8002e5c:	f1a6 034c 	sub.w	r3, r6, #76	@ 0x4c
 8002e60:	2b2e      	cmp	r3, #46	@ 0x2e
 8002e62:	f200 8125 	bhi.w	80030b0 <__l_vfprintf+0x2f0>
 8002e66:	e8df f013 	tbh	[pc, r3, lsl #1]
 8002e6a:	0061      	.short	0x0061
 8002e6c:	01230123 	.word	0x01230123
 8002e70:	01230123 	.word	0x01230123
 8002e74:	01230123 	.word	0x01230123
 8002e78:	01230123 	.word	0x01230123
 8002e7c:	01230123 	.word	0x01230123
 8002e80:	01230123 	.word	0x01230123
 8002e84:	01230123 	.word	0x01230123
 8002e88:	01230123 	.word	0x01230123
 8002e8c:	01230123 	.word	0x01230123
 8002e90:	01230123 	.word	0x01230123
 8002e94:	01230123 	.word	0x01230123
 8002e98:	01230123 	.word	0x01230123
 8002e9c:	01230123 	.word	0x01230123
 8002ea0:	01510123 	.word	0x01510123
 8002ea4:	00610123 	.word	0x00610123
 8002ea8:	015d0123 	.word	0x015d0123
 8002eac:	01230123 	.word	0x01230123
 8002eb0:	01230123 	.word	0x01230123
 8002eb4:	01230123 	.word	0x01230123
 8002eb8:	00cd0123 	.word	0x00cd0123
 8002ebc:	01230123 	.word	0x01230123
 8002ec0:	01230123 	.word	0x01230123
 8002ec4:	00cd0123 	.word	0x00cd0123
 8002ec8:	f047 0702 	orr.w	r7, r7, #2
 8002ecc:	f814 6b01 	ldrb.w	r6, [r4], #1
 8002ed0:	f047 0704 	orr.w	r7, r7, #4
 8002ed4:	2e00      	cmp	r6, #0
 8002ed6:	f000 809a 	beq.w	800300e <__l_vfprintf+0x24e>
 8002eda:	f1a6 0320 	sub.w	r3, r6, #32
 8002ede:	2b10      	cmp	r3, #16
 8002ee0:	d8a0      	bhi.n	8002e24 <__l_vfprintf+0x64>
 8002ee2:	a201      	add	r2, pc, #4	@ (adr r2, 8002ee8 <__l_vfprintf+0x128>)
 8002ee4:	f852 f023 	ldr.w	pc, [r2, r3, lsl #2]
 8002ee8:	08002ecd 	.word	0x08002ecd
 8002eec:	08002e25 	.word	0x08002e25
 8002ef0:	08002e25 	.word	0x08002e25
 8002ef4:	08003043 	.word	0x08003043
 8002ef8:	08002e25 	.word	0x08002e25
 8002efc:	08002e25 	.word	0x08002e25
 8002f00:	08002e25 	.word	0x08002e25
 8002f04:	08003005 	.word	0x08003005
 8002f08:	08002e25 	.word	0x08002e25
 8002f0c:	08002e25 	.word	0x08002e25
 8002f10:	08002e25 	.word	0x08002e25
 8002f14:	08002ec9 	.word	0x08002ec9
 8002f18:	08002e25 	.word	0x08002e25
 8002f1c:	08003063 	.word	0x08003063
 8002f20:	08002e25 	.word	0x08002e25
 8002f24:	08002e25 	.word	0x08002e25
 8002f28:	08003053 	.word	0x08003053
 8002f2c:	f814 6b01 	ldrb.w	r6, [r4], #1
 8002f30:	f447 7720 	orr.w	r7, r7, #640	@ 0x280
 8002f34:	2e00      	cmp	r6, #0
 8002f36:	d06a      	beq.n	800300e <__l_vfprintf+0x24e>
 8002f38:	f1a6 034c 	sub.w	r3, r6, #76	@ 0x4c
 8002f3c:	2b2e      	cmp	r3, #46	@ 0x2e
 8002f3e:	f200 80b7 	bhi.w	80030b0 <__l_vfprintf+0x2f0>
 8002f42:	a201      	add	r2, pc, #4	@ (adr r2, 8002f48 <__l_vfprintf+0x188>)
 8002f44:	f852 f023 	ldr.w	pc, [r2, r3, lsl #2]
 8002f48:	08002f2d 	.word	0x08002f2d
 8002f4c:	080030b1 	.word	0x080030b1
 8002f50:	080030b1 	.word	0x080030b1
 8002f54:	080030b1 	.word	0x080030b1
 8002f58:	080030b1 	.word	0x080030b1
 8002f5c:	080030b1 	.word	0x080030b1
 8002f60:	080030b1 	.word	0x080030b1
 8002f64:	080030b1 	.word	0x080030b1
 8002f68:	080030b1 	.word	0x080030b1
 8002f6c:	080030b1 	.word	0x080030b1
 8002f70:	080030b1 	.word	0x080030b1
 8002f74:	080030b1 	.word	0x080030b1
 8002f78:	080030b1 	.word	0x080030b1
 8002f7c:	080030b1 	.word	0x080030b1
 8002f80:	080030b1 	.word	0x080030b1
 8002f84:	080030b1 	.word	0x080030b1
 8002f88:	080030b1 	.word	0x080030b1
 8002f8c:	080030b1 	.word	0x080030b1
 8002f90:	080030b1 	.word	0x080030b1
 8002f94:	080030b1 	.word	0x080030b1
 8002f98:	080030b1 	.word	0x080030b1
 8002f9c:	080030b1 	.word	0x080030b1
 8002fa0:	080030b1 	.word	0x080030b1
 8002fa4:	080030b1 	.word	0x080030b1
 8002fa8:	080030b1 	.word	0x080030b1
 8002fac:	080030b1 	.word	0x080030b1
 8002fb0:	080030b1 	.word	0x080030b1
 8002fb4:	080030b1 	.word	0x080030b1
 8002fb8:	08003105 	.word	0x08003105
 8002fbc:	080030b1 	.word	0x080030b1
 8002fc0:	08002f2d 	.word	0x08002f2d
 8002fc4:	080030b1 	.word	0x080030b1
 8002fc8:	0800311d 	.word	0x0800311d
 8002fcc:	080030b1 	.word	0x080030b1
 8002fd0:	080030b1 	.word	0x080030b1
 8002fd4:	080030b1 	.word	0x080030b1
 8002fd8:	080030b1 	.word	0x080030b1
 8002fdc:	080030b1 	.word	0x080030b1
 8002fe0:	080030b1 	.word	0x080030b1
 8002fe4:	080030b1 	.word	0x080030b1
 8002fe8:	080031f9 	.word	0x080031f9
 8002fec:	080030b1 	.word	0x080030b1
 8002ff0:	080030b1 	.word	0x080030b1
 8002ff4:	080030b1 	.word	0x080030b1
 8002ff8:	080030b1 	.word	0x080030b1
 8002ffc:	080030b1 	.word	0x080030b1
 8003000:	080031f9 	.word	0x080031f9
 8003004:	f814 6b01 	ldrb.w	r6, [r4], #1
 8003008:	2e00      	cmp	r6, #0
 800300a:	f47f af06 	bne.w	8002e1a <__l_vfprintf+0x5a>
 800300e:	2600      	movs	r6, #0
 8003010:	4641      	mov	r1, r8
 8003012:	2025      	movs	r0, #37	@ 0x25
 8003014:	47c8      	blx	r9
 8003016:	2800      	cmp	r0, #0
 8003018:	db07      	blt.n	800302a <__l_vfprintf+0x26a>
 800301a:	4630      	mov	r0, r6
 800301c:	4641      	mov	r1, r8
 800301e:	47c8      	blx	r9
 8003020:	2800      	cmp	r0, #0
 8003022:	f105 0502 	add.w	r5, r5, #2
 8003026:	f6bf aee7 	bge.w	8002df8 <__l_vfprintf+0x38>
 800302a:	f898 3002 	ldrb.w	r3, [r8, #2]
 800302e:	f043 0304 	orr.w	r3, r3, #4
 8003032:	f888 3002 	strb.w	r3, [r8, #2]
 8003036:	f04f 35ff 	mov.w	r5, #4294967295
 800303a:	4628      	mov	r0, r5
 800303c:	b00b      	add	sp, #44	@ 0x2c
 800303e:	e8bd 8ff0 	ldmia.w	sp!, {r4, r5, r6, r7, r8, r9, sl, fp, pc}
 8003042:	f814 6b01 	ldrb.w	r6, [r4], #1
 8003046:	f047 0710 	orr.w	r7, r7, #16
 800304a:	2e00      	cmp	r6, #0
 800304c:	f47f af45 	bne.w	8002eda <__l_vfprintf+0x11a>
 8003050:	e7dd      	b.n	800300e <__l_vfprintf+0x24e>
 8003052:	f814 6b01 	ldrb.w	r6, [r4], #1
 8003056:	f047 0701 	orr.w	r7, r7, #1
 800305a:	2e00      	cmp	r6, #0
 800305c:	f47f af3d 	bne.w	8002eda <__l_vfprintf+0x11a>
 8003060:	e7d5      	b.n	800300e <__l_vfprintf+0x24e>
 8003062:	f814 6b01 	ldrb.w	r6, [r4], #1
 8003066:	f047 0708 	orr.w	r7, r7, #8
 800306a:	2e00      	cmp	r6, #0
 800306c:	f47f af35 	bne.w	8002eda <__l_vfprintf+0x11a>
 8003070:	e7cd      	b.n	800300e <__l_vfprintf+0x24e>
 8003072:	9900      	ldr	r1, [sp, #0]
 8003074:	0678      	lsls	r0, r7, #25
 8003076:	f851 2b04 	ldr.w	r2, [r1], #4
 800307a:	f140 80c3 	bpl.w	8003204 <__l_vfprintf+0x444>
 800307e:	f814 6b01 	ldrb.w	r6, [r4], #1
 8003082:	2e00      	cmp	r6, #0
 8003084:	f000 825d 	beq.w	8003542 <__l_vfprintf+0x782>
 8003088:	f1a6 0330 	sub.w	r3, r6, #48	@ 0x30
 800308c:	2b09      	cmp	r3, #9
 800308e:	9100      	str	r1, [sp, #0]
 8003090:	4693      	mov	fp, r2
 8003092:	f63f aedd 	bhi.w	8002e50 <__l_vfprintf+0x90>
 8003096:	f814 6b01 	ldrb.w	r6, [r4], #1
 800309a:	eb0b 0b8b 	add.w	fp, fp, fp, lsl #2
 800309e:	eb03 0b4b 	add.w	fp, r3, fp, lsl #1
 80030a2:	2e00      	cmp	r6, #0
 80030a4:	d0b3      	beq.n	800300e <__l_vfprintf+0x24e>
 80030a6:	f1a6 0330 	sub.w	r3, r6, #48	@ 0x30
 80030aa:	2b09      	cmp	r3, #9
 80030ac:	d9f3      	bls.n	8003096 <__l_vfprintf+0x2d6>
 80030ae:	e6cf      	b.n	8002e50 <__l_vfprintf+0x90>
 80030b0:	f046 0320 	orr.w	r3, r6, #32
 80030b4:	f1bb 0f00 	cmp.w	fp, #0
 80030b8:	f1a3 0265 	sub.w	r2, r3, #101	@ 0x65
 80030bc:	da04      	bge.n	80030c8 <__l_vfprintf+0x308>
 80030be:	f027 0740 	bic.w	r7, r7, #64	@ 0x40
 80030c2:	b2bf      	uxth	r7, r7
 80030c4:	f04f 0b00 	mov.w	fp, #0
 80030c8:	2a02      	cmp	r2, #2
 80030ca:	d933      	bls.n	8003134 <__l_vfprintf+0x374>
 80030cc:	2b61      	cmp	r3, #97	@ 0x61
 80030ce:	d031      	beq.n	8003134 <__l_vfprintf+0x374>
 80030d0:	f1a6 0263 	sub.w	r2, r6, #99	@ 0x63
 80030d4:	2a12      	cmp	r2, #18
 80030d6:	f200 81fc 	bhi.w	80034d2 <__l_vfprintf+0x712>
 80030da:	e8df f012 	tbh	[pc, r2, lsl #1]
 80030de:	012e      	.short	0x012e
 80030e0:	01fa00a5 	.word	0x01fa00a5
 80030e4:	01fa01fa 	.word	0x01fa01fa
 80030e8:	00a501fa 	.word	0x00a501fa
 80030ec:	01fa01fa 	.word	0x01fa01fa
 80030f0:	01fa01fa 	.word	0x01fa01fa
 80030f4:	01f001fa 	.word	0x01f001fa
 80030f8:	01fa014e 	.word	0x01fa014e
 80030fc:	013801fa 	.word	0x013801fa
 8003100:	00ef01fa 	.word	0x00ef01fa
 8003104:	05fe      	lsls	r6, r7, #23
 8003106:	bf48      	it	mi
 8003108:	f447 7700 	orrmi.w	r7, r7, #512	@ 0x200
 800310c:	f814 6b01 	ldrb.w	r6, [r4], #1
 8003110:	f447 7780 	orr.w	r7, r7, #256	@ 0x100
 8003114:	2e00      	cmp	r6, #0
 8003116:	f47f af0f 	bne.w	8002f38 <__l_vfprintf+0x178>
 800311a:	e778      	b.n	800300e <__l_vfprintf+0x24e>
 800311c:	063b      	lsls	r3, r7, #24
 800311e:	bf48      	it	mi
 8003120:	f447 7700 	orrmi.w	r7, r7, #512	@ 0x200
 8003124:	f814 6b01 	ldrb.w	r6, [r4], #1
 8003128:	f047 0780 	orr.w	r7, r7, #128	@ 0x80
 800312c:	2e00      	cmp	r6, #0
 800312e:	f47f af03 	bne.w	8002f38 <__l_vfprintf+0x178>
 8003132:	e76c      	b.n	800300e <__l_vfprintf+0x24e>
 8003134:	9b00      	ldr	r3, [sp, #0]
 8003136:	f103 0b07 	add.w	fp, r3, #7
 800313a:	f02b 0b07 	bic.w	fp, fp, #7
 800313e:	f10b 0308 	add.w	r3, fp, #8
 8003142:	9300      	str	r3, [sp, #0]
 8003144:	4bba      	ldr	r3, [pc, #744]	@ (8003430 <__l_vfprintf+0x670>)
 8003146:	f04f 0b07 	mov.w	fp, #7
 800314a:	0738      	lsls	r0, r7, #28
 800314c:	4651      	mov	r1, sl
 800314e:	d418      	bmi.n	8003182 <__l_vfprintf+0x3c2>
 8003150:	45d3      	cmp	fp, sl
 8003152:	d216      	bcs.n	8003182 <__l_vfprintf+0x3c2>
 8003154:	464e      	mov	r6, r9
 8003156:	461f      	mov	r7, r3
 8003158:	46d1      	mov	r9, sl
 800315a:	e002      	b.n	8003162 <__l_vfprintf+0x3a2>
 800315c:	4583      	cmp	fp, r0
 800315e:	d208      	bcs.n	8003172 <__l_vfprintf+0x3b2>
 8003160:	4682      	mov	sl, r0
 8003162:	4641      	mov	r1, r8
 8003164:	2020      	movs	r0, #32
 8003166:	47b0      	blx	r6
 8003168:	2800      	cmp	r0, #0
 800316a:	f10a 30ff 	add.w	r0, sl, #4294967295
 800316e:	daf5      	bge.n	800315c <__l_vfprintf+0x39c>
 8003170:	e75b      	b.n	800302a <__l_vfprintf+0x26a>
 8003172:	4649      	mov	r1, r9
 8003174:	3501      	adds	r5, #1
 8003176:	440d      	add	r5, r1
 8003178:	463b      	mov	r3, r7
 800317a:	46b1      	mov	r9, r6
 800317c:	eba5 050a 	sub.w	r5, r5, sl
 8003180:	4601      	mov	r1, r0
 8003182:	461e      	mov	r6, r3
 8003184:	eb03 070b 	add.w	r7, r3, fp
 8003188:	9401      	str	r4, [sp, #4]
 800318a:	464c      	mov	r4, r9
 800318c:	4699      	mov	r9, r3
 800318e:	462b      	mov	r3, r5
 8003190:	468a      	mov	sl, r1
 8003192:	4635      	mov	r5, r6
 8003194:	461e      	mov	r6, r3
 8003196:	e005      	b.n	80031a4 <__l_vfprintf+0x3e4>
 8003198:	f815 0b01 	ldrb.w	r0, [r5], #1
 800319c:	47a0      	blx	r4
 800319e:	2800      	cmp	r0, #0
 80031a0:	f6ff af43 	blt.w	800302a <__l_vfprintf+0x26a>
 80031a4:	42bd      	cmp	r5, r7
 80031a6:	4641      	mov	r1, r8
 80031a8:	d1f6      	bne.n	8003198 <__l_vfprintf+0x3d8>
 80031aa:	464b      	mov	r3, r9
 80031ac:	4632      	mov	r2, r6
 80031ae:	46a1      	mov	r9, r4
 80031b0:	462e      	mov	r6, r5
 80031b2:	1ad3      	subs	r3, r2, r3
 80031b4:	9c01      	ldr	r4, [sp, #4]
 80031b6:	441e      	add	r6, r3
 80031b8:	ebaa 0a0b 	sub.w	sl, sl, fp
 80031bc:	4635      	mov	r5, r6
 80031be:	44b2      	add	sl, r6
 80031c0:	464e      	mov	r6, r9
 80031c2:	e005      	b.n	80031d0 <__l_vfprintf+0x410>
 80031c4:	47b0      	blx	r6
 80031c6:	2800      	cmp	r0, #0
 80031c8:	f105 0501 	add.w	r5, r5, #1
 80031cc:	f6ff af2d 	blt.w	800302a <__l_vfprintf+0x26a>
 80031d0:	ebaa 0305 	sub.w	r3, sl, r5
 80031d4:	2b00      	cmp	r3, #0
 80031d6:	4641      	mov	r1, r8
 80031d8:	f04f 0020 	mov.w	r0, #32
 80031dc:	dcf2      	bgt.n	80031c4 <__l_vfprintf+0x404>
 80031de:	46b1      	mov	r9, r6
 80031e0:	e60a      	b.n	8002df8 <__l_vfprintf+0x38>
 80031e2:	067a      	lsls	r2, r7, #25
 80031e4:	f53f af29 	bmi.w	800303a <__l_vfprintf+0x27a>
 80031e8:	f814 6b01 	ldrb.w	r6, [r4], #1
 80031ec:	f047 0740 	orr.w	r7, r7, #64	@ 0x40
 80031f0:	2e00      	cmp	r6, #0
 80031f2:	f47f af58 	bne.w	80030a6 <__l_vfprintf+0x2e6>
 80031f6:	e70a      	b.n	800300e <__l_vfprintf+0x24e>
 80031f8:	f814 6b01 	ldrb.w	r6, [r4], #1
 80031fc:	2e00      	cmp	r6, #0
 80031fe:	f47f ae0e 	bne.w	8002e1e <__l_vfprintf+0x5e>
 8003202:	e704      	b.n	800300e <__l_vfprintf+0x24e>
 8003204:	2a00      	cmp	r2, #0
 8003206:	f2c0 8122 	blt.w	800344e <__l_vfprintf+0x68e>
 800320a:	f814 6b01 	ldrb.w	r6, [r4], #1
 800320e:	f047 0720 	orr.w	r7, r7, #32
 8003212:	2e00      	cmp	r6, #0
 8003214:	f000 8195 	beq.w	8003542 <__l_vfprintf+0x782>
 8003218:	f1a6 0330 	sub.w	r3, r6, #48	@ 0x30
 800321c:	2b09      	cmp	r3, #9
 800321e:	9100      	str	r1, [sp, #0]
 8003220:	4692      	mov	sl, r2
 8003222:	f67f ae06 	bls.w	8002e32 <__l_vfprintf+0x72>
 8003226:	e613      	b.n	8002e50 <__l_vfprintf+0x90>
 8003228:	063a      	lsls	r2, r7, #24
 800322a:	9b00      	ldr	r3, [sp, #0]
 800322c:	f100 813b 	bmi.w	80034a6 <__l_vfprintf+0x6e6>
 8003230:	461a      	mov	r2, r3
 8003232:	05f9      	lsls	r1, r7, #23
 8003234:	f852 3b04 	ldr.w	r3, [r2], #4
 8003238:	9201      	str	r2, [sp, #4]
 800323a:	f100 81fd 	bmi.w	8003638 <__l_vfprintf+0x878>
 800323e:	4618      	mov	r0, r3
 8003240:	17db      	asrs	r3, r3, #31
 8003242:	f027 0110 	bic.w	r1, r7, #16
 8003246:	b28a      	uxth	r2, r1
 8003248:	2b00      	cmp	r3, #0
 800324a:	9200      	str	r2, [sp, #0]
 800324c:	f2c0 8186 	blt.w	800355c <__l_vfprintf+0x79c>
 8003250:	ea50 0103 	orrs.w	r1, r0, r3
 8003254:	f040 825e 	bne.w	8003714 <__l_vfprintf+0x954>
 8003258:	067b      	lsls	r3, r7, #25
 800325a:	f140 81d5 	bpl.w	8003608 <__l_vfprintf+0x848>
 800325e:	f1bb 0f00 	cmp.w	fp, #0
 8003262:	f040 8216 	bne.w	8003692 <__l_vfprintf+0x8d2>
 8003266:	f027 0711 	bic.w	r7, r7, #17
 800326a:	b2bb      	uxth	r3, r7
 800326c:	9300      	str	r3, [sp, #0]
 800326e:	4659      	mov	r1, fp
 8003270:	465b      	mov	r3, fp
 8003272:	f8dd c000 	ldr.w	ip, [sp]
 8003276:	f240 4706 	movw	r7, #1030	@ 0x406
 800327a:	f00c 0008 	and.w	r0, ip, #8
 800327e:	ea1c 0f07 	tst.w	ip, r7
 8003282:	4602      	mov	r2, r0
 8003284:	f000 826d 	beq.w	8003762 <__l_vfprintf+0x9a2>
 8003288:	3101      	adds	r1, #1
 800328a:	2800      	cmp	r0, #0
 800328c:	f000 81c7 	beq.w	800361e <__l_vfprintf+0x85e>
 8003290:	ebaa 0a01 	sub.w	sl, sl, r1
 8003294:	9302      	str	r3, [sp, #8]
 8003296:	9b00      	ldr	r3, [sp, #0]
 8003298:	f013 0f02 	tst.w	r3, #2
 800329c:	bf14      	ite	ne
 800329e:	202b      	movne	r0, #43	@ 0x2b
 80032a0:	2020      	moveq	r0, #32
 80032a2:	f413 6f80 	tst.w	r3, #1024	@ 0x400
 80032a6:	bf18      	it	ne
 80032a8:	202d      	movne	r0, #45	@ 0x2d
 80032aa:	4641      	mov	r1, r8
 80032ac:	47c8      	blx	r9
 80032ae:	2800      	cmp	r0, #0
 80032b0:	9b02      	ldr	r3, [sp, #8]
 80032b2:	f105 0601 	add.w	r6, r5, #1
 80032b6:	f280 80b1 	bge.w	800341c <__l_vfprintf+0x65c>
 80032ba:	e6b6      	b.n	800302a <__l_vfprintf+0x26a>
 80032bc:	f027 0710 	bic.w	r7, r7, #16
 80032c0:	b2bf      	uxth	r7, r7
 80032c2:	230a      	movs	r3, #10
 80032c4:	f017 0280 	ands.w	r2, r7, #128	@ 0x80
 80032c8:	d05c      	beq.n	8003384 <__l_vfprintf+0x5c4>
 80032ca:	f417 7100 	ands.w	r1, r7, #512	@ 0x200
 80032ce:	9a00      	ldr	r2, [sp, #0]
 80032d0:	f000 80cc 	beq.w	800346c <__l_vfprintf+0x6ac>
 80032d4:	3207      	adds	r2, #7
 80032d6:	f022 0207 	bic.w	r2, r2, #7
 80032da:	6851      	ldr	r1, [r2, #4]
 80032dc:	f852 0b08 	ldr.w	r0, [r2], #8
 80032e0:	9201      	str	r2, [sp, #4]
 80032e2:	f007 0c40 	and.w	ip, r7, #64	@ 0x40
 80032e6:	ea50 0201 	orrs.w	r2, r0, r1
 80032ea:	f8cd c000 	str.w	ip, [sp]
 80032ee:	d16c      	bne.n	80033ca <__l_vfprintf+0x60a>
 80032f0:	4662      	mov	r2, ip
 80032f2:	2a00      	cmp	r2, #0
 80032f4:	d054      	beq.n	80033a0 <__l_vfprintf+0x5e0>
 80032f6:	f1bb 0f00 	cmp.w	fp, #0
 80032fa:	f040 80bb 	bne.w	8003474 <__l_vfprintf+0x6b4>
 80032fe:	073b      	lsls	r3, r7, #28
 8003300:	f140 81d1 	bpl.w	80036a6 <__l_vfprintf+0x8e6>
 8003304:	465b      	mov	r3, fp
 8003306:	aa04      	add	r2, sp, #16
 8003308:	18d6      	adds	r6, r2, r3
 800330a:	4623      	mov	r3, r4
 800330c:	4637      	mov	r7, r6
 800330e:	464c      	mov	r4, r9
 8003310:	4693      	mov	fp, r2
 8003312:	4699      	mov	r9, r3
 8003314:	e005      	b.n	8003322 <__l_vfprintf+0x562>
 8003316:	f817 0d01 	ldrb.w	r0, [r7, #-1]!
 800331a:	47a0      	blx	r4
 800331c:	2800      	cmp	r0, #0
 800331e:	f6ff ae84 	blt.w	800302a <__l_vfprintf+0x26a>
 8003322:	45bb      	cmp	fp, r7
 8003324:	4641      	mov	r1, r8
 8003326:	d1f6      	bne.n	8003316 <__l_vfprintf+0x556>
 8003328:	464b      	mov	r3, r9
 800332a:	465a      	mov	r2, fp
 800332c:	46a1      	mov	r9, r4
 800332e:	442e      	add	r6, r5
 8003330:	461c      	mov	r4, r3
 8003332:	9b01      	ldr	r3, [sp, #4]
 8003334:	9300      	str	r3, [sp, #0]
 8003336:	1ab6      	subs	r6, r6, r2
 8003338:	e740      	b.n	80031bc <__l_vfprintf+0x3fc>
 800333a:	9a00      	ldr	r2, [sp, #0]
 800333c:	f852 3b04 	ldr.w	r3, [r2], #4
 8003340:	f88d 3010 	strb.w	r3, [sp, #16]
 8003344:	f04f 0b01 	mov.w	fp, #1
 8003348:	9200      	str	r2, [sp, #0]
 800334a:	ab04      	add	r3, sp, #16
 800334c:	e6fd      	b.n	800314a <__l_vfprintf+0x38a>
 800334e:	9e00      	ldr	r6, [sp, #0]
 8003350:	4a38      	ldr	r2, [pc, #224]	@ (8003434 <__l_vfprintf+0x674>)
 8003352:	f856 3b04 	ldr.w	r3, [r6], #4
 8003356:	2b00      	cmp	r3, #0
 8003358:	bf08      	it	eq
 800335a:	4613      	moveq	r3, r2
 800335c:	f017 0f40 	tst.w	r7, #64	@ 0x40
 8003360:	bf18      	it	ne
 8003362:	4659      	movne	r1, fp
 8003364:	4618      	mov	r0, r3
 8003366:	bf08      	it	eq
 8003368:	f04f 31ff 	moveq.w	r1, #4294967295
 800336c:	9301      	str	r3, [sp, #4]
 800336e:	f7ff fc85 	bl	8002c7c <strnlen>
 8003372:	9b01      	ldr	r3, [sp, #4]
 8003374:	9600      	str	r6, [sp, #0]
 8003376:	4683      	mov	fp, r0
 8003378:	e6e7      	b.n	800314a <__l_vfprintf+0x38a>
 800337a:	f047 0710 	orr.w	r7, r7, #16
 800337e:	2310      	movs	r3, #16
 8003380:	2678      	movs	r6, #120	@ 0x78
 8003382:	e79f      	b.n	80032c4 <__l_vfprintf+0x504>
 8003384:	9900      	ldr	r1, [sp, #0]
 8003386:	f851 0b04 	ldr.w	r0, [r1], #4
 800338a:	9101      	str	r1, [sp, #4]
 800338c:	f417 7180 	ands.w	r1, r7, #256	@ 0x100
 8003390:	d0a7      	beq.n	80032e2 <__l_vfprintf+0x522>
 8003392:	f417 7100 	ands.w	r1, r7, #512	@ 0x200
 8003396:	bf1a      	itte	ne
 8003398:	b2c0      	uxtbne	r0, r0
 800339a:	4611      	movne	r1, r2
 800339c:	b280      	uxtheq	r0, r0
 800339e:	e7a0      	b.n	80032e2 <__l_vfprintf+0x522>
 80033a0:	f027 0716 	bic.w	r7, r7, #22
 80033a4:	b2ba      	uxth	r2, r7
 80033a6:	9200      	str	r2, [sp, #0]
 80033a8:	2000      	movs	r0, #0
 80033aa:	aa04      	add	r2, sp, #16
 80033ac:	2100      	movs	r1, #0
 80033ae:	9202      	str	r2, [sp, #8]
 80033b0:	f7ff fc88 	bl	8002cc4 <__ultoa_invert>
 80033b4:	9a02      	ldr	r2, [sp, #8]
 80033b6:	1a83      	subs	r3, r0, r2
 80033b8:	9900      	ldr	r1, [sp, #0]
 80033ba:	f011 0108 	ands.w	r1, r1, #8
 80033be:	f000 8090 	beq.w	80034e2 <__l_vfprintf+0x722>
 80033c2:	ebaa 0a03 	sub.w	sl, sl, r3
 80033c6:	462e      	mov	r6, r5
 80033c8:	e028      	b.n	800341c <__l_vfprintf+0x65c>
 80033ca:	aa04      	add	r2, sp, #16
 80033cc:	9202      	str	r2, [sp, #8]
 80033ce:	f7ff fc79 	bl	8002cc4 <__ultoa_invert>
 80033d2:	9a02      	ldr	r2, [sp, #8]
 80033d4:	9900      	ldr	r1, [sp, #0]
 80033d6:	1a83      	subs	r3, r0, r2
 80033d8:	2900      	cmp	r1, #0
 80033da:	d073      	beq.n	80034c4 <__l_vfprintf+0x704>
 80033dc:	f027 0107 	bic.w	r1, r7, #7
 80033e0:	b289      	uxth	r1, r1
 80033e2:	455b      	cmp	r3, fp
 80033e4:	9100      	str	r1, [sp, #0]
 80033e6:	f2c0 80d6 	blt.w	8003596 <__l_vfprintf+0x7d6>
 80033ea:	06f9      	lsls	r1, r7, #27
 80033ec:	f140 813f 	bpl.w	800366e <__l_vfprintf+0x8ae>
 80033f0:	9a00      	ldr	r2, [sp, #0]
 80033f2:	f002 0208 	and.w	r2, r2, #8
 80033f6:	2e00      	cmp	r6, #0
 80033f8:	f040 80a9 	bne.w	800354e <__l_vfprintf+0x78e>
 80033fc:	1c59      	adds	r1, r3, #1
 80033fe:	2a00      	cmp	r2, #0
 8003400:	f000 8123 	beq.w	800364a <__l_vfprintf+0x88a>
 8003404:	ebaa 0a01 	sub.w	sl, sl, r1
 8003408:	2030      	movs	r0, #48	@ 0x30
 800340a:	4641      	mov	r1, r8
 800340c:	9300      	str	r3, [sp, #0]
 800340e:	47c8      	blx	r9
 8003410:	2800      	cmp	r0, #0
 8003412:	9b00      	ldr	r3, [sp, #0]
 8003414:	f105 0601 	add.w	r6, r5, #1
 8003418:	f6ff ae07 	blt.w	800302a <__l_vfprintf+0x26a>
 800341c:	459b      	cmp	fp, r3
 800341e:	f340 817e 	ble.w	800371e <__l_vfprintf+0x95e>
 8003422:	eb0b 0506 	add.w	r5, fp, r6
 8003426:	464f      	mov	r7, r9
 8003428:	1aed      	subs	r5, r5, r3
 800342a:	4699      	mov	r9, r3
 800342c:	e007      	b.n	800343e <__l_vfprintf+0x67e>
 800342e:	bf00      	nop
 8003430:	080054d4 	.word	0x080054d4
 8003434:	080054cc 	.word	0x080054cc
 8003438:	42ae      	cmp	r6, r5
 800343a:	f000 8084 	beq.w	8003546 <__l_vfprintf+0x786>
 800343e:	4641      	mov	r1, r8
 8003440:	2030      	movs	r0, #48	@ 0x30
 8003442:	47b8      	blx	r7
 8003444:	2800      	cmp	r0, #0
 8003446:	f106 0601 	add.w	r6, r6, #1
 800344a:	daf5      	bge.n	8003438 <__l_vfprintf+0x678>
 800344c:	e5ed      	b.n	800302a <__l_vfprintf+0x26a>
 800344e:	f814 6b01 	ldrb.w	r6, [r4], #1
 8003452:	f1c2 0a00 	rsb	sl, r2, #0
 8003456:	f047 0728 	orr.w	r7, r7, #40	@ 0x28
 800345a:	2e00      	cmp	r6, #0
 800345c:	d071      	beq.n	8003542 <__l_vfprintf+0x782>
 800345e:	f1a6 0330 	sub.w	r3, r6, #48	@ 0x30
 8003462:	2b09      	cmp	r3, #9
 8003464:	9100      	str	r1, [sp, #0]
 8003466:	f67f ace4 	bls.w	8002e32 <__l_vfprintf+0x72>
 800346a:	e4f1      	b.n	8002e50 <__l_vfprintf+0x90>
 800346c:	f852 0b04 	ldr.w	r0, [r2], #4
 8003470:	9201      	str	r2, [sp, #4]
 8003472:	e736      	b.n	80032e2 <__l_vfprintf+0x522>
 8003474:	aa04      	add	r2, sp, #16
 8003476:	2100      	movs	r1, #0
 8003478:	2000      	movs	r0, #0
 800347a:	9200      	str	r2, [sp, #0]
 800347c:	f7ff fc22 	bl	8002cc4 <__ultoa_invert>
 8003480:	9a00      	ldr	r2, [sp, #0]
 8003482:	f027 0117 	bic.w	r1, r7, #23
 8003486:	1a83      	subs	r3, r0, r2
 8003488:	b289      	uxth	r1, r1
 800348a:	459b      	cmp	fp, r3
 800348c:	9100      	str	r1, [sp, #0]
 800348e:	f340 80ee 	ble.w	800366e <__l_vfprintf+0x8ae>
 8003492:	2e00      	cmp	r6, #0
 8003494:	f040 8127 	bne.w	80036e6 <__l_vfprintf+0x926>
 8003498:	0739      	lsls	r1, r7, #28
 800349a:	f140 8086 	bpl.w	80035aa <__l_vfprintf+0x7ea>
 800349e:	ebaa 0a0b 	sub.w	sl, sl, fp
 80034a2:	462e      	mov	r6, r5
 80034a4:	e7bd      	b.n	8003422 <__l_vfprintf+0x662>
 80034a6:	05b8      	lsls	r0, r7, #22
 80034a8:	f140 80da 	bpl.w	8003660 <__l_vfprintf+0x8a0>
 80034ac:	3307      	adds	r3, #7
 80034ae:	f023 0307 	bic.w	r3, r3, #7
 80034b2:	461a      	mov	r2, r3
 80034b4:	685b      	ldr	r3, [r3, #4]
 80034b6:	f852 0b08 	ldr.w	r0, [r2], #8
 80034ba:	9201      	str	r2, [sp, #4]
 80034bc:	e6c1      	b.n	8003242 <__l_vfprintf+0x482>
 80034be:	2308      	movs	r3, #8
 80034c0:	2600      	movs	r6, #0
 80034c2:	e6ff      	b.n	80032c4 <__l_vfprintf+0x504>
 80034c4:	f027 0106 	bic.w	r1, r7, #6
 80034c8:	b289      	uxth	r1, r1
 80034ca:	9100      	str	r1, [sp, #0]
 80034cc:	06f9      	lsls	r1, r7, #27
 80034ce:	d48f      	bmi.n	80033f0 <__l_vfprintf+0x630>
 80034d0:	e772      	b.n	80033b8 <__l_vfprintf+0x5f8>
 80034d2:	2b78      	cmp	r3, #120	@ 0x78
 80034d4:	f47f ad9c 	bne.w	8003010 <__l_vfprintf+0x250>
 80034d8:	f1c6 0378 	rsb	r3, r6, #120	@ 0x78
 80034dc:	f043 0310 	orr.w	r3, r3, #16
 80034e0:	e6f0      	b.n	80032c4 <__l_vfprintf+0x504>
 80034e2:	9800      	ldr	r0, [sp, #0]
 80034e4:	07c0      	lsls	r0, r0, #31
 80034e6:	f140 8121 	bpl.w	800372c <__l_vfprintf+0x96c>
 80034ea:	459a      	cmp	sl, r3
 80034ec:	ebaa 0003 	sub.w	r0, sl, r3
 80034f0:	dd25      	ble.n	800353e <__l_vfprintf+0x77e>
 80034f2:	eb03 0b00 	add.w	fp, r3, r0
 80034f6:	2900      	cmp	r1, #0
 80034f8:	f000 8120 	beq.w	800373c <__l_vfprintf+0x97c>
 80034fc:	f04f 0a00 	mov.w	sl, #0
 8003500:	4641      	mov	r1, r8
 8003502:	2030      	movs	r0, #48	@ 0x30
 8003504:	9300      	str	r3, [sp, #0]
 8003506:	47c8      	blx	r9
 8003508:	2800      	cmp	r0, #0
 800350a:	f6ff ad8e 	blt.w	800302a <__l_vfprintf+0x26a>
 800350e:	9b00      	ldr	r3, [sp, #0]
 8003510:	2e00      	cmp	r6, #0
 8003512:	f000 80aa 	beq.w	800366a <__l_vfprintf+0x8aa>
 8003516:	4630      	mov	r0, r6
 8003518:	4641      	mov	r1, r8
 800351a:	9300      	str	r3, [sp, #0]
 800351c:	47c8      	blx	r9
 800351e:	2800      	cmp	r0, #0
 8003520:	9b00      	ldr	r3, [sp, #0]
 8003522:	f105 0602 	add.w	r6, r5, #2
 8003526:	f6bf af79 	bge.w	800341c <__l_vfprintf+0x65c>
 800352a:	e57e      	b.n	800302a <__l_vfprintf+0x26a>
 800352c:	9800      	ldr	r0, [sp, #0]
 800352e:	07c7      	lsls	r7, r0, #31
 8003530:	f140 810e 	bpl.w	8003750 <__l_vfprintf+0x990>
 8003534:	45d3      	cmp	fp, sl
 8003536:	ebaa 000b 	sub.w	r0, sl, fp
 800353a:	dbda      	blt.n	80034f2 <__l_vfprintf+0x732>
 800353c:	aa04      	add	r2, sp, #16
 800353e:	4682      	mov	sl, r0
 8003540:	e6e2      	b.n	8003308 <__l_vfprintf+0x548>
 8003542:	9100      	str	r1, [sp, #0]
 8003544:	e563      	b.n	800300e <__l_vfprintf+0x24e>
 8003546:	464b      	mov	r3, r9
 8003548:	aa04      	add	r2, sp, #16
 800354a:	46b9      	mov	r9, r7
 800354c:	e6dc      	b.n	8003308 <__l_vfprintf+0x548>
 800354e:	1c99      	adds	r1, r3, #2
 8003550:	2a00      	cmp	r2, #0
 8003552:	f000 8091 	beq.w	8003678 <__l_vfprintf+0x8b8>
 8003556:	ebaa 0a01 	sub.w	sl, sl, r1
 800355a:	e7d1      	b.n	8003500 <__l_vfprintf+0x740>
 800355c:	4240      	negs	r0, r0
 800355e:	eb63 0143 	sbc.w	r1, r3, r3, lsl #1
 8003562:	f442 6380 	orr.w	r3, r2, #1024	@ 0x400
 8003566:	9300      	str	r3, [sp, #0]
 8003568:	aa04      	add	r2, sp, #16
 800356a:	230a      	movs	r3, #10
 800356c:	9202      	str	r2, [sp, #8]
 800356e:	f7ff fba9 	bl	8002cc4 <__ultoa_invert>
 8003572:	9a02      	ldr	r2, [sp, #8]
 8003574:	1a83      	subs	r3, r0, r2
 8003576:	9a00      	ldr	r2, [sp, #0]
 8003578:	0650      	lsls	r0, r2, #25
 800357a:	f140 80c4 	bpl.w	8003706 <__l_vfprintf+0x946>
 800357e:	9a00      	ldr	r2, [sp, #0]
 8003580:	f022 0201 	bic.w	r2, r2, #1
 8003584:	b292      	uxth	r2, r2
 8003586:	459b      	cmp	fp, r3
 8003588:	4659      	mov	r1, fp
 800358a:	9200      	str	r2, [sp, #0]
 800358c:	bfb8      	it	lt
 800358e:	4619      	movlt	r1, r3
 8003590:	e66f      	b.n	8003272 <__l_vfprintf+0x4b2>
 8003592:	4605      	mov	r5, r0
 8003594:	e551      	b.n	800303a <__l_vfprintf+0x27a>
 8003596:	2e00      	cmp	r6, #0
 8003598:	f040 8090 	bne.w	80036bc <__l_vfprintf+0x8fc>
 800359c:	0738      	lsls	r0, r7, #28
 800359e:	f53f af7e 	bmi.w	800349e <__l_vfprintf+0x6de>
 80035a2:	f027 0717 	bic.w	r7, r7, #23
 80035a6:	b2ba      	uxth	r2, r7
 80035a8:	9200      	str	r2, [sp, #0]
 80035aa:	4659      	mov	r1, fp
 80035ac:	2600      	movs	r6, #0
 80035ae:	458a      	cmp	sl, r1
 80035b0:	f340 80d3 	ble.w	800375a <__l_vfprintf+0x99a>
 80035b4:	e9cd 3402 	strd	r3, r4, [sp, #8]
 80035b8:	462b      	mov	r3, r5
 80035ba:	464c      	mov	r4, r9
 80035bc:	460d      	mov	r5, r1
 80035be:	4689      	mov	r9, r1
 80035c0:	461f      	mov	r7, r3
 80035c2:	e002      	b.n	80035ca <__l_vfprintf+0x80a>
 80035c4:	4552      	cmp	r2, sl
 80035c6:	da08      	bge.n	80035da <__l_vfprintf+0x81a>
 80035c8:	4615      	mov	r5, r2
 80035ca:	4641      	mov	r1, r8
 80035cc:	2020      	movs	r0, #32
 80035ce:	47a0      	blx	r4
 80035d0:	2800      	cmp	r0, #0
 80035d2:	f105 0201 	add.w	r2, r5, #1
 80035d6:	daf5      	bge.n	80035c4 <__l_vfprintf+0x804>
 80035d8:	e527      	b.n	800302a <__l_vfprintf+0x26a>
 80035da:	4638      	mov	r0, r7
 80035dc:	462f      	mov	r7, r5
 80035de:	4605      	mov	r5, r0
 80035e0:	4649      	mov	r1, r9
 80035e2:	ebaa 0a02 	sub.w	sl, sl, r2
 80035e6:	3501      	adds	r5, #1
 80035e8:	9a00      	ldr	r2, [sp, #0]
 80035ea:	1a6d      	subs	r5, r5, r1
 80035ec:	443d      	add	r5, r7
 80035ee:	06d7      	lsls	r7, r2, #27
 80035f0:	46a1      	mov	r9, r4
 80035f2:	e9dd 3402 	ldrd	r3, r4, [sp, #8]
 80035f6:	d483      	bmi.n	8003500 <__l_vfprintf+0x740>
 80035f8:	4611      	mov	r1, r2
 80035fa:	f240 4206 	movw	r2, #1030	@ 0x406
 80035fe:	4211      	tst	r1, r2
 8003600:	f47f ae48 	bne.w	8003294 <__l_vfprintf+0x4d4>
 8003604:	462e      	mov	r6, r5
 8003606:	e709      	b.n	800341c <__l_vfprintf+0x65c>
 8003608:	aa04      	add	r2, sp, #16
 800360a:	230a      	movs	r3, #10
 800360c:	2100      	movs	r1, #0
 800360e:	2000      	movs	r0, #0
 8003610:	9202      	str	r2, [sp, #8]
 8003612:	f7ff fb57 	bl	8002cc4 <__ultoa_invert>
 8003616:	9a02      	ldr	r2, [sp, #8]
 8003618:	1a81      	subs	r1, r0, r2
 800361a:	460b      	mov	r3, r1
 800361c:	e629      	b.n	8003272 <__l_vfprintf+0x4b2>
 800361e:	ea5f 77cc 	movs.w	r7, ip, lsl #31
 8003622:	4660      	mov	r0, ip
 8003624:	d532      	bpl.n	800368c <__l_vfprintf+0x8cc>
 8003626:	458a      	cmp	sl, r1
 8003628:	ebaa 0001 	sub.w	r0, sl, r1
 800362c:	dd6d      	ble.n	800370a <__l_vfprintf+0x94a>
 800362e:	eb03 0b00 	add.w	fp, r3, r0
 8003632:	4610      	mov	r0, r2
 8003634:	4682      	mov	sl, r0
 8003636:	e62d      	b.n	8003294 <__l_vfprintf+0x4d4>
 8003638:	05ba      	lsls	r2, r7, #22
 800363a:	bf4b      	itete	mi
 800363c:	b258      	sxtbmi	r0, r3
 800363e:	b218      	sxthpl	r0, r3
 8003640:	f343 13c0 	sbfxmi	r3, r3, #7, #1
 8003644:	f343 33c0 	sbfxpl	r3, r3, #15, #1
 8003648:	e5fb      	b.n	8003242 <__l_vfprintf+0x482>
 800364a:	9a00      	ldr	r2, [sp, #0]
 800364c:	07d0      	lsls	r0, r2, #31
 800364e:	d556      	bpl.n	80036fe <__l_vfprintf+0x93e>
 8003650:	4551      	cmp	r1, sl
 8003652:	ebaa 0201 	sub.w	r2, sl, r1
 8003656:	da5f      	bge.n	8003718 <__l_vfprintf+0x958>
 8003658:	eb03 0b02 	add.w	fp, r3, r2
 800365c:	46b2      	mov	sl, r6
 800365e:	e74f      	b.n	8003500 <__l_vfprintf+0x740>
 8003660:	f853 0b04 	ldr.w	r0, [r3], #4
 8003664:	9301      	str	r3, [sp, #4]
 8003666:	17c3      	asrs	r3, r0, #31
 8003668:	e5eb      	b.n	8003242 <__l_vfprintf+0x482>
 800366a:	1c6e      	adds	r6, r5, #1
 800366c:	e6d6      	b.n	800341c <__l_vfprintf+0x65c>
 800366e:	0739      	lsls	r1, r7, #28
 8003670:	d56c      	bpl.n	800374c <__l_vfprintf+0x98c>
 8003672:	ebaa 0a03 	sub.w	sl, sl, r3
 8003676:	e647      	b.n	8003308 <__l_vfprintf+0x548>
 8003678:	9a00      	ldr	r2, [sp, #0]
 800367a:	07d2      	lsls	r2, r2, #31
 800367c:	d552      	bpl.n	8003724 <__l_vfprintf+0x964>
 800367e:	4551      	cmp	r1, sl
 8003680:	ebaa 0001 	sub.w	r0, sl, r1
 8003684:	db44      	blt.n	8003710 <__l_vfprintf+0x950>
 8003686:	4682      	mov	sl, r0
 8003688:	469b      	mov	fp, r3
 800368a:	e739      	b.n	8003500 <__l_vfprintf+0x740>
 800368c:	458a      	cmp	sl, r1
 800368e:	dc91      	bgt.n	80035b4 <__l_vfprintf+0x7f4>
 8003690:	e5fe      	b.n	8003290 <__l_vfprintf+0x4d0>
 8003692:	aa04      	add	r2, sp, #16
 8003694:	230a      	movs	r3, #10
 8003696:	2000      	movs	r0, #0
 8003698:	2100      	movs	r1, #0
 800369a:	9202      	str	r2, [sp, #8]
 800369c:	f7ff fb12 	bl	8002cc4 <__ultoa_invert>
 80036a0:	9a02      	ldr	r2, [sp, #8]
 80036a2:	1a83      	subs	r3, r0, r2
 80036a4:	e76b      	b.n	800357e <__l_vfprintf+0x7be>
 80036a6:	f1ba 0f00 	cmp.w	sl, #0
 80036aa:	f77f ae2b 	ble.w	8003304 <__l_vfprintf+0x544>
 80036ae:	f027 0717 	bic.w	r7, r7, #23
 80036b2:	b2bb      	uxth	r3, r7
 80036b4:	9300      	str	r3, [sp, #0]
 80036b6:	4659      	mov	r1, fp
 80036b8:	465b      	mov	r3, fp
 80036ba:	e77b      	b.n	80035b4 <__l_vfprintf+0x7f4>
 80036bc:	06fa      	lsls	r2, r7, #27
 80036be:	d540      	bpl.n	8003742 <__l_vfprintf+0x982>
 80036c0:	0738      	lsls	r0, r7, #28
 80036c2:	f10b 0102 	add.w	r1, fp, #2
 80036c6:	f53f af46 	bmi.w	8003556 <__l_vfprintf+0x796>
 80036ca:	458a      	cmp	sl, r1
 80036cc:	f73f af72 	bgt.w	80035b4 <__l_vfprintf+0x7f4>
 80036d0:	ebaa 0a01 	sub.w	sl, sl, r1
 80036d4:	2030      	movs	r0, #48	@ 0x30
 80036d6:	4641      	mov	r1, r8
 80036d8:	9300      	str	r3, [sp, #0]
 80036da:	47c8      	blx	r9
 80036dc:	2800      	cmp	r0, #0
 80036de:	9b00      	ldr	r3, [sp, #0]
 80036e0:	f6bf af19 	bge.w	8003516 <__l_vfprintf+0x756>
 80036e4:	e4a1      	b.n	800302a <__l_vfprintf+0x26a>
 80036e6:	465a      	mov	r2, fp
 80036e8:	f001 0008 	and.w	r0, r1, #8
 80036ec:	b281      	uxth	r1, r0
 80036ee:	2800      	cmp	r0, #0
 80036f0:	f43f af1c 	beq.w	800352c <__l_vfprintf+0x76c>
 80036f4:	ebaa 0a0b 	sub.w	sl, sl, fp
 80036f8:	462e      	mov	r6, r5
 80036fa:	4693      	mov	fp, r2
 80036fc:	e68e      	b.n	800341c <__l_vfprintf+0x65c>
 80036fe:	4551      	cmp	r1, sl
 8003700:	f6ff af58 	blt.w	80035b4 <__l_vfprintf+0x7f4>
 8003704:	e67e      	b.n	8003404 <__l_vfprintf+0x644>
 8003706:	4619      	mov	r1, r3
 8003708:	e5b3      	b.n	8003272 <__l_vfprintf+0x4b2>
 800370a:	469b      	mov	fp, r3
 800370c:	4682      	mov	sl, r0
 800370e:	e5c1      	b.n	8003294 <__l_vfprintf+0x4d4>
 8003710:	2110      	movs	r1, #16
 8003712:	e6ee      	b.n	80034f2 <__l_vfprintf+0x732>
 8003714:	4619      	mov	r1, r3
 8003716:	e727      	b.n	8003568 <__l_vfprintf+0x7a8>
 8003718:	4692      	mov	sl, r2
 800371a:	469b      	mov	fp, r3
 800371c:	e6f0      	b.n	8003500 <__l_vfprintf+0x740>
 800371e:	4635      	mov	r5, r6
 8003720:	aa04      	add	r2, sp, #16
 8003722:	e5f1      	b.n	8003308 <__l_vfprintf+0x548>
 8003724:	4551      	cmp	r1, sl
 8003726:	f6ff af45 	blt.w	80035b4 <__l_vfprintf+0x7f4>
 800372a:	e714      	b.n	8003556 <__l_vfprintf+0x796>
 800372c:	459a      	cmp	sl, r3
 800372e:	bfd8      	it	le
 8003730:	ebaa 0a03 	suble.w	sl, sl, r3
 8003734:	f77f af66 	ble.w	8003604 <__l_vfprintf+0x844>
 8003738:	4619      	mov	r1, r3
 800373a:	e73b      	b.n	80035b4 <__l_vfprintf+0x7f4>
 800373c:	462e      	mov	r6, r5
 800373e:	468a      	mov	sl, r1
 8003740:	e66c      	b.n	800341c <__l_vfprintf+0x65c>
 8003742:	9900      	ldr	r1, [sp, #0]
 8003744:	465a      	mov	r2, fp
 8003746:	f001 0008 	and.w	r0, r1, #8
 800374a:	e7cf      	b.n	80036ec <__l_vfprintf+0x92c>
 800374c:	4619      	mov	r1, r3
 800374e:	e72e      	b.n	80035ae <__l_vfprintf+0x7ee>
 8003750:	45d3      	cmp	fp, sl
 8003752:	da09      	bge.n	8003768 <__l_vfprintf+0x9a8>
 8003754:	4659      	mov	r1, fp
 8003756:	4693      	mov	fp, r2
 8003758:	e72c      	b.n	80035b4 <__l_vfprintf+0x7f4>
 800375a:	ebaa 0a01 	sub.w	sl, sl, r1
 800375e:	462e      	mov	r6, r5
 8003760:	e65c      	b.n	800341c <__l_vfprintf+0x65c>
 8003762:	465a      	mov	r2, fp
 8003764:	468b      	mov	fp, r1
 8003766:	e7c1      	b.n	80036ec <__l_vfprintf+0x92c>
 8003768:	ebaa 0a0b 	sub.w	sl, sl, fp
 800376c:	462e      	mov	r6, r5
 800376e:	4693      	mov	fp, r2
 8003770:	e654      	b.n	800341c <__l_vfprintf+0x65c>
 8003772:	bf00      	nop

08003774 <_OffsetAbsSyms>:

#include <gen_offset.h>

#include "offsets_aarch32.c"

GEN_ABS_SYM_END
 8003774:	4770      	bx	lr

08003776 <free_list_add_bidx>:
		free_list_remove_bidx(h, c, bidx);
	}
}

static void free_list_add_bidx(struct z_heap *h, chunkid_t c, int bidx)
{
 8003776:	b510      	push	{r4, lr}
	struct z_heap_bucket *b = &h->buckets[bidx];

	if (b->next == 0U) {
 8003778:	1d13      	adds	r3, r2, #4
 800377a:	f850 4023 	ldr.w	r4, [r0, r3, lsl #2]
 800377e:	b974      	cbnz	r4, 800379e <free_list_add_bidx+0x28>
		CHECK((h->avail_buckets & BIT(bidx)) == 0);

		/* Empty list, first item */
		h->avail_buckets |= BIT(bidx);
 8003780:	68c3      	ldr	r3, [r0, #12]
 8003782:	2401      	movs	r4, #1
 8003784:	4094      	lsls	r4, r2
 8003786:	4323      	orrs	r3, r4
 8003788:	60c3      	str	r3, [r0, #12]
		b->next = c;
 800378a:	3204      	adds	r2, #4
 800378c:	f840 1022 	str.w	r1, [r0, r2, lsl #2]
			     enum chunk_fields f, chunkid_t val)
{
	CHECK(c <= h->end_chunk);

	chunk_unit_t *buf = chunk_buf(h);
	void *cmem = &buf[c];
 8003790:	00cb      	lsls	r3, r1, #3
	if (big_heap(h)) {
		CHECK(val == (uint32_t)val);
		((uint32_t *)cmem)[f] = val;
	} else {
		CHECK(val == (uint16_t)val);
		((uint16_t *)cmem)[f] = val;
 8003792:	1d1a      	adds	r2, r3, #4
 8003794:	b289      	uxth	r1, r1
 8003796:	5281      	strh	r1, [r0, r2]
 8003798:	3306      	adds	r3, #6
 800379a:	52c1      	strh	r1, [r0, r3]
	}

#ifdef CONFIG_SYS_HEAP_RUNTIME_STATS
	h->free_bytes += chunk_usable_bytes(h, c);
#endif
}
 800379c:	bd10      	pop	{r4, pc}
	void *cmem = &buf[c];
 800379e:	00e2      	lsls	r2, r4, #3
		return ((uint16_t *)cmem)[f];
 80037a0:	3204      	adds	r2, #4
 80037a2:	5a83      	ldrh	r3, [r0, r2]
	void *cmem = &buf[c];
 80037a4:	ea4f 0cc1 	mov.w	ip, r1, lsl #3
		((uint16_t *)cmem)[f] = val;
 80037a8:	f10c 0e04 	add.w	lr, ip, #4
 80037ac:	f820 300e 	strh.w	r3, [r0, lr]
 80037b0:	f10c 0c06 	add.w	ip, ip, #6
 80037b4:	f820 400c 	strh.w	r4, [r0, ip]
	void *cmem = &buf[c];
 80037b8:	00db      	lsls	r3, r3, #3
		((uint16_t *)cmem)[f] = val;
 80037ba:	3306      	adds	r3, #6
 80037bc:	b289      	uxth	r1, r1
 80037be:	52c1      	strh	r1, [r0, r3]
 80037c0:	5281      	strh	r1, [r0, r2]
 80037c2:	e7eb      	b.n	800379c <free_list_add_bidx+0x26>

080037c4 <free_list_add>:

static void free_list_add(struct z_heap *h, chunkid_t c)
{
 80037c4:	b508      	push	{r3, lr}
		return ((uint16_t *)cmem)[f];
 80037c6:	eb00 03c1 	add.w	r3, r0, r1, lsl #3
 80037ca:	885a      	ldrh	r2, [r3, #2]
	return chunk_field(h, c, SIZE_AND_USED) & 1U;
}

static inline chunksz_t chunk_size(struct z_heap *h, chunkid_t c)
{
	return chunk_field(h, c, SIZE_AND_USED) >> 1;
 80037cc:	0852      	lsrs	r2, r2, #1
}

static inline int bucket_idx(struct z_heap *h, chunksz_t sz)
{
	unsigned int usable_sz = sz - min_chunk_size(h) + 1;
	return 31 - __builtin_clz(usable_sz);
 80037ce:	fab2 f282 	clz	r2, r2
	if (!undersized_chunk(h, c)) {
		int bidx = bucket_idx(h, chunk_size(h, c));
		free_list_add_bidx(h, c, bidx);
 80037d2:	f1c2 021f 	rsb	r2, r2, #31
 80037d6:	f7ff ffce 	bl	8003776 <free_list_add_bidx>
	}
}
 80037da:	bd08      	pop	{r3, pc}

080037dc <sys_heap_init>:
	}
	return ptr2;
}

void sys_heap_init(struct sys_heap *heap, void *mem, size_t bytes)
{
 80037dc:	b570      	push	{r4, r5, r6, lr}
 80037de:	4603      	mov	r3, r0
		__ASSERT(bytes / CHUNK_UNIT <= 0x7fffffffU, "heap size is too big");
	}

	/* Reserve the end marker chunk's header */
	__ASSERT(bytes > heap_footer_bytes(bytes), "heap size is too small");
	bytes -= heap_footer_bytes(bytes);
 80037e0:	3a04      	subs	r2, #4

	/* Round the start up, the end down */
	uintptr_t addr = ROUND_UP(mem, CHUNK_UNIT);
 80037e2:	1dc8      	adds	r0, r1, #7
 80037e4:	f020 0007 	bic.w	r0, r0, #7
	uintptr_t end = ROUND_DOWN((uint8_t *)mem + bytes, CHUNK_UNIT);
 80037e8:	440a      	add	r2, r1
 80037ea:	f022 0207 	bic.w	r2, r2, #7
	chunksz_t heap_sz = (end - addr) / CHUNK_UNIT;
 80037ee:	1a12      	subs	r2, r2, r0
 80037f0:	08d5      	lsrs	r5, r2, #3

	CHECK(end > addr);
	__ASSERT(heap_sz > chunksz(sizeof(struct z_heap)), "heap size is too small");

	struct z_heap *h = (struct z_heap *)addr;
	heap->heap = h;
 80037f2:	6018      	str	r0, [r3, #0]
	h->end_chunk = heap_sz;
 80037f4:	6085      	str	r5, [r0, #8]
	h->avail_buckets = 0;
 80037f6:	2300      	movs	r3, #0
 80037f8:	60c3      	str	r3, [r0, #12]
 80037fa:	fab5 f185 	clz	r1, r5

#if CONFIG_SYS_HEAP_ARRAY_SIZE
	sys_heap_array_save(heap);
#endif

	int nb_buckets = bucket_idx(h, heap_sz) + 1;
 80037fe:	f1c1 0e20 	rsb	lr, r1, #32
	chunksz_t chunk0_size = chunksz(sizeof(struct z_heap) +
 8003802:	f1c1 0124 	rsb	r1, r1, #36	@ 0x24
				     nb_buckets * sizeof(struct z_heap_bucket)) +
 8003806:	0089      	lsls	r1, r1, #2
	return (bytes + CHUNK_UNIT - 1U) / CHUNK_UNIT;
 8003808:	1dce      	adds	r6, r1, #7
 800380a:	08f1      	lsrs	r1, r6, #3
				CHUNK_TRAILER_SIZE;

	__ASSERT(chunk0_size + min_chunk_size(h) <= heap_sz, "heap size is too small");

	for (int i = 0; i < nb_buckets; i++) {
 800380c:	e005      	b.n	800381a <sys_heap_init+0x3e>
		h->buckets[i].next = 0;
 800380e:	f103 0c04 	add.w	ip, r3, #4
 8003812:	2400      	movs	r4, #0
 8003814:	f840 402c 	str.w	r4, [r0, ip, lsl #2]
	for (int i = 0; i < nb_buckets; i++) {
 8003818:	3301      	adds	r3, #1
 800381a:	4573      	cmp	r3, lr
 800381c:	dbf7      	blt.n	800380e <sys_heap_init+0x32>
		((uint16_t *)cmem)[f] = val;
 800381e:	fa1f fe81 	uxth.w	lr, r1
 8003822:	ea4f 044e 	mov.w	r4, lr, lsl #1
 8003826:	b2a4      	uxth	r4, r4
 8003828:	8044      	strh	r4, [r0, #2]
 800382a:	f04f 0c00 	mov.w	ip, #0
 800382e:	f8a0 c000 	strh.w	ip, [r0]
			((uint16_t *)cmem)[SIZE_AND_USED] |= 1U;
 8003832:	f044 0401 	orr.w	r4, r4, #1
 8003836:	8044      	strh	r4, [r0, #2]
	if (SYS_HEAP_HARDENING_FULL) {
		set_chunk_canary(h, 0);
	}

	/* chunk containing the free heap */
	set_chunk_size(h, chunk0_size, heap_sz - chunk0_size);
 8003838:	1a6b      	subs	r3, r5, r1
	void *cmem = &buf[c];
 800383a:	f026 0407 	bic.w	r4, r6, #7
		((uint16_t *)cmem)[f] = val;
 800383e:	1ca5      	adds	r5, r4, #2
 8003840:	b29b      	uxth	r3, r3
 8003842:	005e      	lsls	r6, r3, #1
 8003844:	5346      	strh	r6, [r0, r5]
 8003846:	f820 e004 	strh.w	lr, [r0, r4]
	void *cmem = &buf[c];
 800384a:	f022 0407 	bic.w	r4, r2, #7
		((uint16_t *)cmem)[f] = val;
 800384e:	1c95      	adds	r5, r2, #2
 8003850:	f820 c005 	strh.w	ip, [r0, r5]
 8003854:	4402      	add	r2, r0
 8003856:	5303      	strh	r3, [r0, r4]
			((uint16_t *)cmem)[SIZE_AND_USED] |= 1U;
 8003858:	8853      	ldrh	r3, [r2, #2]
 800385a:	f043 0301 	orr.w	r3, r3, #1
 800385e:	8053      	strh	r3, [r2, #2]
	/* the end marker chunk */
	set_chunk_size(h, heap_sz, 0);
	set_left_chunk_size(h, heap_sz, heap_sz - chunk0_size);
	set_chunk_used(h, heap_sz, true);

	free_list_add(h, chunk0_size);
 8003860:	f7ff ffb0 	bl	80037c4 <free_list_add>
}
 8003864:	bd70      	pop	{r4, r5, r6, pc}

08003866 <arch_printk_char_out>:
}
 8003866:	2000      	movs	r0, #0
 8003868:	4770      	bx	lr

0800386a <printk>:
 *
 * @param fmt formatted string to output
 */

void printk(const char *fmt, ...)
{
 800386a:	b40f      	push	{r0, r1, r2, r3}
 800386c:	b500      	push	{lr}
 800386e:	b083      	sub	sp, #12
 8003870:	a904      	add	r1, sp, #16
 8003872:	f851 0b04 	ldr.w	r0, [r1], #4
	va_list ap;

	va_start(ap, fmt);
 8003876:	9101      	str	r1, [sp, #4]

	vprintk(fmt, ap);
 8003878:	f7fc fea2 	bl	80005c0 <vprintk>

	va_end(ap);
}
 800387c:	b003      	add	sp, #12
 800387e:	f85d eb04 	ldr.w	lr, [sp], #4
 8003882:	b004      	add	sp, #16
 8003884:	4770      	bx	lr

08003886 <_ConfigAbsSyms>:
GEN_ABSOLUTE_SYM_KCONFIG(CONFIG_WARN_DEPRECATED, 1);
GEN_ABSOLUTE_SYM_KCONFIG(CONFIG_TAINT, 1);
GEN_ABSOLUTE_SYM_KCONFIG(CONFIG_ENFORCE_ZEPHYR_STDINT, 1);
GEN_ABSOLUTE_SYM_KCONFIG(CONFIG_LEGACY_GENERATED_INCLUDE_PATH, 1);

GEN_ABS_SYM_END
 8003886:	4770      	bx	lr

08003888 <pm_device_driver_init>:
	ARG_UNUSED(dev);
	return true;
}

static inline int pm_device_driver_init(const struct device *dev, pm_device_action_cb_t action_cb)
{
 8003888:	b538      	push	{r3, r4, r5, lr}
 800388a:	4605      	mov	r5, r0
 800388c:	460c      	mov	r4, r1
	int rc;

	/* When power management is not enabled, all drivers should initialise to active state */
	rc = action_cb(dev, PM_DEVICE_ACTION_TURN_ON);
 800388e:	2103      	movs	r1, #3
 8003890:	47a0      	blx	r4
	if ((rc < 0) && (rc != -ENOTSUP)) {
 8003892:	2800      	cmp	r0, #0
 8003894:	db06      	blt.n	80038a4 <pm_device_driver_init+0x1c>
		return rc;
	}

	rc = action_cb(dev, PM_DEVICE_ACTION_RESUME);
 8003896:	2101      	movs	r1, #1
 8003898:	4628      	mov	r0, r5
 800389a:	47a0      	blx	r4
	if (rc < 0) {
 800389c:	2800      	cmp	r0, #0
 800389e:	db00      	blt.n	80038a2 <pm_device_driver_init+0x1a>
		return rc;
	}

	return 0;
 80038a0:	2000      	movs	r0, #0
}
 80038a2:	bd38      	pop	{r3, r4, r5, pc}
	if ((rc < 0) && (rc != -ENOTSUP)) {
 80038a4:	f110 0f86 	cmn.w	r0, #134	@ 0x86
 80038a8:	d1fb      	bne.n	80038a2 <pm_device_driver_init+0x1a>
 80038aa:	e7f4      	b.n	8003896 <pm_device_driver_init+0xe>

080038ac <LL_GPIO_SetPinSpeed>:
  *         @arg @ref LL_GPIO_SPEED_FREQ_HIGH
  *         @arg @ref LL_GPIO_SPEED_FREQ_VERY_HIGH
  * @retval None
  */
__STATIC_INLINE void LL_GPIO_SetPinSpeed(GPIO_TypeDef *GPIOx, uint32_t Pin, uint32_t  Speed)
{
 80038ac:	b410      	push	{r4}
  MODIFY_REG(GPIOx->OSPEEDR, (GPIO_OSPEEDER_OSPEEDR0 << (POSITION_VAL(Pin) * 2U)),
 80038ae:	6884      	ldr	r4, [r0, #8]
   __ASM ("rbit %0, %1" : "=r" (result) : "r" (value) );
 80038b0:	fa91 f3a1 	rbit	r3, r1
  if (value == 0U)
 80038b4:	b19b      	cbz	r3, 80038de <LL_GPIO_SetPinSpeed+0x32>
  return __builtin_clz(value);
 80038b6:	fab3 f383 	clz	r3, r3
 80038ba:	005b      	lsls	r3, r3, #1
 80038bc:	f04f 0c03 	mov.w	ip, #3
 80038c0:	fa0c f303 	lsl.w	r3, ip, r3
 80038c4:	ea24 0303 	bic.w	r3, r4, r3
   __ASM ("rbit %0, %1" : "=r" (result) : "r" (value) );
 80038c8:	fa91 f1a1 	rbit	r1, r1
  if (value == 0U)
 80038cc:	b149      	cbz	r1, 80038e2 <LL_GPIO_SetPinSpeed+0x36>
  return __builtin_clz(value);
 80038ce:	fab1 f181 	clz	r1, r1
 80038d2:	0049      	lsls	r1, r1, #1
 80038d4:	408a      	lsls	r2, r1
 80038d6:	4313      	orrs	r3, r2
 80038d8:	6083      	str	r3, [r0, #8]
             (Speed << (POSITION_VAL(Pin) * 2U)));
}
 80038da:	bc10      	pop	{r4}
 80038dc:	4770      	bx	lr
    return 32U;
 80038de:	2320      	movs	r3, #32
 80038e0:	e7eb      	b.n	80038ba <LL_GPIO_SetPinSpeed+0xe>
 80038e2:	2120      	movs	r1, #32
 80038e4:	e7f5      	b.n	80038d2 <LL_GPIO_SetPinSpeed+0x26>

080038e6 <LL_GPIO_SetPinPull>:
  *         @arg @ref LL_GPIO_PULL_UP
  *         @arg @ref LL_GPIO_PULL_DOWN
  * @retval None
  */
__STATIC_INLINE void LL_GPIO_SetPinPull(GPIO_TypeDef *GPIOx, uint32_t Pin, uint32_t Pull)
{
 80038e6:	b410      	push	{r4}
  MODIFY_REG(GPIOx->PUPDR, (GPIO_PUPDR_PUPDR0 << (POSITION_VAL(Pin) * 2U)), (Pull << (POSITION_VAL(Pin) * 2U)));
 80038e8:	68c4      	ldr	r4, [r0, #12]
   __ASM ("rbit %0, %1" : "=r" (result) : "r" (value) );
 80038ea:	fa91 f3a1 	rbit	r3, r1
  if (value == 0U)
 80038ee:	b19b      	cbz	r3, 8003918 <LL_GPIO_SetPinPull+0x32>
  return __builtin_clz(value);
 80038f0:	fab3 f383 	clz	r3, r3
 80038f4:	005b      	lsls	r3, r3, #1
 80038f6:	f04f 0c03 	mov.w	ip, #3
 80038fa:	fa0c f303 	lsl.w	r3, ip, r3
 80038fe:	ea24 0303 	bic.w	r3, r4, r3
   __ASM ("rbit %0, %1" : "=r" (result) : "r" (value) );
 8003902:	fa91 f1a1 	rbit	r1, r1
  if (value == 0U)
 8003906:	b149      	cbz	r1, 800391c <LL_GPIO_SetPinPull+0x36>
  return __builtin_clz(value);
 8003908:	fab1 f181 	clz	r1, r1
 800390c:	0049      	lsls	r1, r1, #1
 800390e:	408a      	lsls	r2, r1
 8003910:	4313      	orrs	r3, r2
 8003912:	60c3      	str	r3, [r0, #12]
}
 8003914:	bc10      	pop	{r4}
 8003916:	4770      	bx	lr
    return 32U;
 8003918:	2320      	movs	r3, #32
 800391a:	e7eb      	b.n	80038f4 <LL_GPIO_SetPinPull+0xe>
 800391c:	2120      	movs	r1, #32
 800391e:	e7f5      	b.n	800390c <LL_GPIO_SetPinPull+0x26>

08003920 <ll_gpio_set_pin_pull>:
{
 8003920:	b508      	push	{r3, lr}
	LL_GPIO_SetPinPull(GPIOx, Pin, Pull);
 8003922:	f7ff ffe0 	bl	80038e6 <LL_GPIO_SetPinPull>
}
 8003926:	bd08      	pop	{r3, pc}

08003928 <LL_GPIO_SetAFPin_0_7>:
  *         @arg @ref LL_GPIO_AF_14
  *         @arg @ref LL_GPIO_AF_15
  * @retval None
  */
__STATIC_INLINE void LL_GPIO_SetAFPin_0_7(GPIO_TypeDef *GPIOx, uint32_t Pin, uint32_t Alternate)
{
 8003928:	b410      	push	{r4}
  MODIFY_REG(GPIOx->AFR[0], (GPIO_AFRL_AFSEL0 << (POSITION_VAL(Pin) * 4U)),
 800392a:	6a04      	ldr	r4, [r0, #32]
   __ASM ("rbit %0, %1" : "=r" (result) : "r" (value) );
 800392c:	fa91 f3a1 	rbit	r3, r1
  if (value == 0U)
 8003930:	b19b      	cbz	r3, 800395a <LL_GPIO_SetAFPin_0_7+0x32>
  return __builtin_clz(value);
 8003932:	fab3 f383 	clz	r3, r3
 8003936:	009b      	lsls	r3, r3, #2
 8003938:	f04f 0c0f 	mov.w	ip, #15
 800393c:	fa0c f303 	lsl.w	r3, ip, r3
 8003940:	ea24 0303 	bic.w	r3, r4, r3
   __ASM ("rbit %0, %1" : "=r" (result) : "r" (value) );
 8003944:	fa91 f1a1 	rbit	r1, r1
  if (value == 0U)
 8003948:	b149      	cbz	r1, 800395e <LL_GPIO_SetAFPin_0_7+0x36>
  return __builtin_clz(value);
 800394a:	fab1 f181 	clz	r1, r1
 800394e:	0089      	lsls	r1, r1, #2
 8003950:	408a      	lsls	r2, r1
 8003952:	4313      	orrs	r3, r2
 8003954:	6203      	str	r3, [r0, #32]
             (Alternate << (POSITION_VAL(Pin) * 4U)));
}
 8003956:	bc10      	pop	{r4}
 8003958:	4770      	bx	lr
    return 32U;
 800395a:	2320      	movs	r3, #32
 800395c:	e7eb      	b.n	8003936 <LL_GPIO_SetAFPin_0_7+0xe>
 800395e:	2120      	movs	r1, #32
 8003960:	e7f5      	b.n	800394e <LL_GPIO_SetAFPin_0_7+0x26>

08003962 <LL_GPIO_SetAFPin_8_15>:
  *         @arg @ref LL_GPIO_AF_14
  *         @arg @ref LL_GPIO_AF_15
  * @retval None
  */
__STATIC_INLINE void LL_GPIO_SetAFPin_8_15(GPIO_TypeDef *GPIOx, uint32_t Pin, uint32_t Alternate)
{
 8003962:	b410      	push	{r4}
  MODIFY_REG(GPIOx->AFR[1], (GPIO_AFRH_AFSEL8 << (POSITION_VAL(Pin >> 8U) * 4U)),
 8003964:	6a44      	ldr	r4, [r0, #36]	@ 0x24
 8003966:	0a09      	lsrs	r1, r1, #8
   __ASM ("rbit %0, %1" : "=r" (result) : "r" (value) );
 8003968:	fa91 f3a1 	rbit	r3, r1
  if (value == 0U)
 800396c:	b19b      	cbz	r3, 8003996 <LL_GPIO_SetAFPin_8_15+0x34>
  return __builtin_clz(value);
 800396e:	fab3 f383 	clz	r3, r3
 8003972:	009b      	lsls	r3, r3, #2
 8003974:	f04f 0c0f 	mov.w	ip, #15
 8003978:	fa0c f303 	lsl.w	r3, ip, r3
 800397c:	ea24 0403 	bic.w	r4, r4, r3
   __ASM ("rbit %0, %1" : "=r" (result) : "r" (value) );
 8003980:	fa91 f1a1 	rbit	r1, r1
  if (value == 0U)
 8003984:	b149      	cbz	r1, 800399a <LL_GPIO_SetAFPin_8_15+0x38>
  return __builtin_clz(value);
 8003986:	fab1 f181 	clz	r1, r1
 800398a:	0089      	lsls	r1, r1, #2
 800398c:	408a      	lsls	r2, r1
 800398e:	4314      	orrs	r4, r2
 8003990:	6244      	str	r4, [r0, #36]	@ 0x24
             (Alternate << (POSITION_VAL(Pin >> 8U) * 4U)));
}
 8003992:	bc10      	pop	{r4}
 8003994:	4770      	bx	lr
    return 32U;
 8003996:	2320      	movs	r3, #32
 8003998:	e7eb      	b.n	8003972 <LL_GPIO_SetAFPin_8_15+0x10>
 800399a:	2120      	movs	r1, #32
 800399c:	e7f5      	b.n	800398a <LL_GPIO_SetAFPin_8_15+0x28>

0800399e <LL_GPIO_SetPinMode>:
{
 800399e:	b410      	push	{r4}
  MODIFY_REG(GPIOx->MODER, (GPIO_MODER_MODER0 << (POSITION_VAL(Pin) * 2U)), (Mode << (POSITION_VAL(Pin) * 2U)));
 80039a0:	6804      	ldr	r4, [r0, #0]
   __ASM ("rbit %0, %1" : "=r" (result) : "r" (value) );
 80039a2:	fa91 f3a1 	rbit	r3, r1
  if (value == 0U)
 80039a6:	b19b      	cbz	r3, 80039d0 <LL_GPIO_SetPinMode+0x32>
  return __builtin_clz(value);
 80039a8:	fab3 f383 	clz	r3, r3
 80039ac:	005b      	lsls	r3, r3, #1
 80039ae:	f04f 0c03 	mov.w	ip, #3
 80039b2:	fa0c f303 	lsl.w	r3, ip, r3
 80039b6:	ea24 0303 	bic.w	r3, r4, r3
   __ASM ("rbit %0, %1" : "=r" (result) : "r" (value) );
 80039ba:	fa91 f1a1 	rbit	r1, r1
  if (value == 0U)
 80039be:	b149      	cbz	r1, 80039d4 <LL_GPIO_SetPinMode+0x36>
  return __builtin_clz(value);
 80039c0:	fab1 f181 	clz	r1, r1
 80039c4:	0049      	lsls	r1, r1, #1
 80039c6:	408a      	lsls	r2, r1
 80039c8:	4313      	orrs	r3, r2
 80039ca:	6003      	str	r3, [r0, #0]
}
 80039cc:	bc10      	pop	{r4}
 80039ce:	4770      	bx	lr
    return 32U;
 80039d0:	2320      	movs	r3, #32
 80039d2:	e7eb      	b.n	80039ac <LL_GPIO_SetPinMode+0xe>
 80039d4:	2120      	movs	r1, #32
 80039d6:	e7f5      	b.n	80039c4 <LL_GPIO_SetPinMode+0x26>

080039d8 <stm32_gpioport_configure_pin>:
{
 80039d8:	e92d 43f8 	stmdb	sp!, {r3, r4, r5, r6, r7, r8, r9, lr}
 80039dc:	460f      	mov	r7, r1
 80039de:	4615      	mov	r5, r2
 80039e0:	4698      	mov	r8, r3
	const struct gpio_stm32_config *dev_cfg = port->config;
 80039e2:	6843      	ldr	r3, [r0, #4]
	GPIO_TypeDef *gpio = (GPIO_TypeDef *)dev_cfg->base;
 80039e4:	685e      	ldr	r6, [r3, #4]
		pinval |= 1u << pinnum;
	} else {
		pinval |= (1u << (pinnum % 8)) | 0x04000000u;
	}
#else
	pinval = 1u << pinnum;
 80039e6:	2401      	movs	r4, #1
 80039e8:	408c      	lsls	r4, r1
	mode = config & (STM32_MODER_MASK << STM32_MODER_SHIFT);
 80039ea:	f002 0930 	and.w	r9, r2, #48	@ 0x30
	LL_GPIO_SetPinOutputType(gpio, pin_ll, otype >> STM32_OTYPER_SHIFT);
 80039ee:	f3c2 1380 	ubfx	r3, r2, #6, #1
  MODIFY_REG(GPIOx->OTYPER, PinMask, (PinMask * OutputType));
 80039f2:	6870      	ldr	r0, [r6, #4]
 80039f4:	ea20 0004 	bic.w	r0, r0, r4
 80039f8:	408b      	lsls	r3, r1
 80039fa:	4318      	orrs	r0, r3
 80039fc:	6070      	str	r0, [r6, #4]
	LL_GPIO_SetPinSpeed(gpio, pin_ll, ospeed >> STM32_OSPEEDR_SHIFT);
 80039fe:	f3c2 12c1 	ubfx	r2, r2, #7, #2
 8003a02:	4621      	mov	r1, r4
 8003a04:	4630      	mov	r0, r6
 8003a06:	f7ff ff51 	bl	80038ac <LL_GPIO_SetPinSpeed>
	ll_gpio_set_pin_pull(gpio, pin_ll, pupd >> STM32_PUPDR_SHIFT);
 8003a0a:	f3c5 2241 	ubfx	r2, r5, #9, #2
 8003a0e:	4621      	mov	r1, r4
 8003a10:	4630      	mov	r0, r6
 8003a12:	f7ff ff85 	bl	8003920 <ll_gpio_set_pin_pull>
	if (mode == STM32_MODER_ALT_MODE) {
 8003a16:	f1b9 0f20 	cmp.w	r9, #32
 8003a1a:	d008      	beq.n	8003a2e <stm32_gpioport_configure_pin+0x56>
	LL_GPIO_SetPinMode(gpio, pin_ll, mode >> STM32_MODER_SHIFT);
 8003a1c:	ea4f 1219 	mov.w	r2, r9, lsr #4
 8003a20:	4621      	mov	r1, r4
 8003a22:	4630      	mov	r0, r6
 8003a24:	f7ff ffbb 	bl	800399e <LL_GPIO_SetPinMode>
}
 8003a28:	2000      	movs	r0, #0
 8003a2a:	e8bd 83f8 	ldmia.w	sp!, {r3, r4, r5, r6, r7, r8, r9, pc}
		if (pin < 8) {
 8003a2e:	2f07      	cmp	r7, #7
 8003a30:	d805      	bhi.n	8003a3e <stm32_gpioport_configure_pin+0x66>
			LL_GPIO_SetAFPin_0_7(gpio, pin_ll, func);
 8003a32:	4642      	mov	r2, r8
 8003a34:	4621      	mov	r1, r4
 8003a36:	4630      	mov	r0, r6
 8003a38:	f7ff ff76 	bl	8003928 <LL_GPIO_SetAFPin_0_7>
 8003a3c:	e7ee      	b.n	8003a1c <stm32_gpioport_configure_pin+0x44>
			LL_GPIO_SetAFPin_8_15(gpio, pin_ll, func);
 8003a3e:	4642      	mov	r2, r8
 8003a40:	4621      	mov	r1, r4
 8003a42:	4630      	mov	r0, r6
 8003a44:	f7ff ff8d 	bl	8003962 <LL_GPIO_SetAFPin_8_15>
 8003a48:	e7e8      	b.n	8003a1c <stm32_gpioport_configure_pin+0x44>

08003a4a <arch_early_memset>:
{
 8003a4a:	b508      	push	{r3, lr}
	(void) memset(dst, c, n);
 8003a4c:	f7ff f892 	bl	8002b74 <memset>
}
 8003a50:	bd08      	pop	{r3, pc}

08003a52 <arch_early_memcpy>:
{
 8003a52:	b508      	push	{r3, lr}
	(void) memcpy(dst, src, n);
 8003a54:	f7fc fb88 	bl	8000168 <__aeabi_memcpy>
}
 8003a58:	bd08      	pop	{r3, pc}

08003a5a <z_do_kernel_oops>:
 * @param esf exception frame
 * @param callee_regs Callee-saved registers (R4-R11)
 * @param exc_return EXC_RETURN value present in LR after exception entry.
 */
void z_do_kernel_oops(const struct arch_esf *esf, _callee_saved_t *callee_regs, uint32_t exc_return)
{
 8003a5a:	b508      	push	{r3, lr}
 8003a5c:	4601      	mov	r1, r0
	}

#endif /* CONFIG_USERSPACE */

#if !defined(CONFIG_EXTRA_EXCEPTION_INFO)
	z_arm_fatal_error(reason, esf);
 8003a5e:	6800      	ldr	r0, [r0, #0]
 8003a60:	f7fc fe92 	bl	8000788 <z_arm_fatal_error>
		.exc_return = exc_return,
	};

	z_arm_fatal_error(reason, &esf_copy);
#endif /* CONFIG_EXTRA_EXCEPTION_INFO */
}
 8003a64:	bd08      	pop	{r3, pc}

08003a66 <z_arm_nmi>:
 * Simply call what is installed in 'static void(*handler)(void)'.
 *
 */

void z_arm_nmi(void)
{
 8003a66:	b508      	push	{r3, lr}
	handler();
 8003a68:	f7fc fea6 	bl	80007b8 <z_SysNmiOnReset>
	z_arm_int_exit();
 8003a6c:	f7fd fa32 	bl	8000ed4 <z_arm_exc_exit>
}
 8003a70:	bd08      	pop	{r3, pc}

08003a72 <memory_fault_recoverable>:
}
 8003a72:	2000      	movs	r0, #0
 8003a74:	4770      	bx	lr

08003a76 <fault_handle>:
{
 8003a76:	b508      	push	{r3, lr}
	*recoverable = false;
 8003a78:	2300      	movs	r3, #0
 8003a7a:	7013      	strb	r3, [r2, #0]
	switch (fault) {
 8003a7c:	1ecb      	subs	r3, r1, #3
 8003a7e:	2b09      	cmp	r3, #9
 8003a80:	d81a      	bhi.n	8003ab8 <fault_handle+0x42>
 8003a82:	e8df f003 	tbb	[pc, r3]
 8003a86:	0905      	.short	0x0905
 8003a88:	1919110d 	.word	0x1919110d
 8003a8c:	14191919 	.word	0x14191919
		reason = hard_fault(esf, recoverable);
 8003a90:	4611      	mov	r1, r2
 8003a92:	f7fd f881 	bl	8000b98 <hard_fault>
		break;
 8003a96:	e012      	b.n	8003abe <fault_handle+0x48>
		reason = mem_manage_fault(esf, 0, recoverable);
 8003a98:	2100      	movs	r1, #0
 8003a9a:	f7fc ffe9 	bl	8000a70 <mem_manage_fault>
		break;
 8003a9e:	e00e      	b.n	8003abe <fault_handle+0x48>
		reason = bus_fault(esf, 0, recoverable);
 8003aa0:	2100      	movs	r1, #0
 8003aa2:	f7fc fef9 	bl	8000898 <bus_fault>
		break;
 8003aa6:	e00a      	b.n	8003abe <fault_handle+0x48>
		reason = usage_fault(esf);
 8003aa8:	f7fc ff6c 	bl	8000984 <usage_fault>
		break;
 8003aac:	e007      	b.n	8003abe <fault_handle+0x48>
		debug_monitor(esf, recoverable);
 8003aae:	4611      	mov	r1, r2
 8003ab0:	f7fc ffc2 	bl	8000a38 <debug_monitor>
	uint32_t reason = K_ERR_CPU_EXCEPTION;
 8003ab4:	2000      	movs	r0, #0
		break;
 8003ab6:	e002      	b.n	8003abe <fault_handle+0x48>
		reserved_exception(esf, fault);
 8003ab8:	f7fc ffc8 	bl	8000a4c <reserved_exception>
	uint32_t reason = K_ERR_CPU_EXCEPTION;
 8003abc:	2000      	movs	r0, #0
}
 8003abe:	bd08      	pop	{r3, pc}

08003ac0 <arm_irq_enable>:
 */

#if !defined(CONFIG_ARM_CUSTOM_INTERRUPT_CONTROLLER)

void arm_irq_enable(unsigned int irq)
{
 8003ac0:	b508      	push	{r3, lr}
	NVIC_EnableIRQ((IRQn_Type)irq);
 8003ac2:	b240      	sxtb	r0, r0
 8003ac4:	f7fd f94e 	bl	8000d64 <__NVIC_EnableIRQ>
}
 8003ac8:	bd08      	pop	{r3, pc}

08003aca <arm_irq_priority_set>:
 * The priority is verified if ASSERT_ON is enabled. The maximum number
 * of priority levels is a little complex, as there are some hardware
 * priority levels which are reserved.
 */
void arm_irq_priority_set(unsigned int irq, unsigned int prio, uint32_t flags)
{
 8003aca:	b508      	push	{r3, lr}
	 * reduced set of priorities, like Cortex-M0/M0+).
	 */
	__ASSERT(prio <= (BIT(NUM_IRQ_PRIO_BITS) - 1),
		 "invalid priority %d for %d irq! values must be less than %lu\n",
		 prio - _IRQ_PRIO_OFFSET, irq, BIT(NUM_IRQ_PRIO_BITS) - (_IRQ_PRIO_OFFSET));
	NVIC_SetPriority((IRQn_Type)irq, prio);
 8003acc:	3101      	adds	r1, #1
 8003ace:	b240      	sxtb	r0, r0
 8003ad0:	f7fd f956 	bl	8000d80 <__NVIC_SetPriority>
}
 8003ad4:	bd08      	pop	{r3, pc}

08003ad6 <z_irq_spurious>:
 * Installed in all _sw_isr_table slots at boot time. Throws an error if
 * called.
 *
 */
void z_irq_spurious(const void *unused)
{
 8003ad6:	b508      	push	{r3, lr}
	ARG_UNUSED(unused);

	z_arm_fatal_error(K_ERR_SPURIOUS_IRQ, NULL);
 8003ad8:	2100      	movs	r1, #0
 8003ada:	2001      	movs	r0, #1
 8003adc:	f7fc fe54 	bl	8000788 <z_arm_fatal_error>
}
 8003ae0:	bd08      	pop	{r3, pc}

08003ae2 <z_check_thread_stack_fail>:
{
 8003ae2:	b508      	push	{r3, lr}
	uint32_t sp = min_stack(fault_addr, psp);
 8003ae4:	f7fd f98a 	bl	8000dfc <min_stack>
}
 8003ae8:	bd08      	pop	{r3, pc}

08003aea <arch_coprocessors_disable>:
}
 8003aea:	f06f 0085 	mvn.w	r0, #133	@ 0x85
 8003aee:	4770      	bx	lr

08003af0 <arch_irq_unlock_outlined>:
  \details Enables FIQ interrupts by clearing special-purpose register FAULTMASK.
             Can only be executed in Privileged modes.
   */
  __STATIC_FORCEINLINE void __enable_fault_irq(void)
  {
    __ASM volatile ("cpsie f" : : : "memory");
 8003af0:	b661      	cpsie	f
  __ASM volatile ("cpsie i" : : : "memory");
 8003af2:	b662      	cpsie	i
 8003af4:	f380 8811 	msr	BASEPRI, r0
  __ASM volatile ("isb 0xF":::"memory");
 8003af8:	f3bf 8f6f 	isb	sy
#if defined(CONFIG_ARMV7_M_ARMV8_M_MAINLINE)
	__enable_fault_irq(); /* alters FAULTMASK */
	__enable_irq();       /* alters PRIMASK */
#endif
	arch_irq_unlock(key);
}
 8003afc:	4770      	bx	lr

08003afe <arch_cpu_idle>:
  __ASM volatile ("cpsid i" : : : "memory");
 8003afe:	b672      	cpsid	i
 8003b00:	2300      	movs	r3, #0
 8003b02:	f383 8811 	msr	BASEPRI, r3
  __ASM volatile ("isb 0xF":::"memory");
 8003b06:	f3bf 8f6f 	isb	sy
  __ASM volatile ("dsb 0xF":::"memory");
 8003b0a:	f3bf 8f4f 	dsb	sy
	 * set by the caller as part of interrupt locking if necessary
	 * (i.e. if the caller sets _kernel.idle).
	 */
#endif

	SLEEP_IF_ALLOWED(__WFI);
 8003b0e:	bf30      	wfi
  __ASM volatile ("cpsie i" : : : "memory");
 8003b10:	b662      	cpsie	i
  __ASM volatile ("isb 0xF":::"memory");
 8003b12:	f3bf 8f6f 	isb	sy
#if defined(CONFIG_TRACING)
	sys_trace_idle_exit();
#endif
	__enable_irq();
	__ISB();
}
 8003b16:	4770      	bx	lr

08003b18 <mpu_partition_is_valid>:
		((part->size & (part->size - 1U)) == 0U)
 8003b18:	6843      	ldr	r3, [r0, #4]
 8003b1a:	1e5a      	subs	r2, r3, #1
		&&
 8003b1c:	4213      	tst	r3, r2
 8003b1e:	d106      	bne.n	8003b2e <mpu_partition_is_valid+0x16>
		&&
 8003b20:	2b1f      	cmp	r3, #31
 8003b22:	d906      	bls.n	8003b32 <mpu_partition_is_valid+0x1a>
		((part->start & (part->size - 1U)) == 0U);
 8003b24:	6803      	ldr	r3, [r0, #0]
		&&
 8003b26:	421a      	tst	r2, r3
 8003b28:	d005      	beq.n	8003b36 <mpu_partition_is_valid+0x1e>
 8003b2a:	2000      	movs	r0, #0
 8003b2c:	4770      	bx	lr
 8003b2e:	2000      	movs	r0, #0
 8003b30:	4770      	bx	lr
 8003b32:	2000      	movs	r0, #0
 8003b34:	4770      	bx	lr
 8003b36:	2001      	movs	r0, #1
}
 8003b38:	4770      	bx	lr

08003b3a <mpu_configure_region>:
{
 8003b3a:	b500      	push	{lr}
 8003b3c:	b085      	sub	sp, #20
	region_conf.base = new_region->start;
 8003b3e:	680b      	ldr	r3, [r1, #0]
 8003b40:	9301      	str	r3, [sp, #4]
		&new_region->attr, new_region->start, new_region->size);
 8003b42:	684b      	ldr	r3, [r1, #4]
	p_attr->rasr = attr->rasr_attr | size_to_mpu_rasr_size(size);
 8003b44:	688a      	ldr	r2, [r1, #8]
	if (size <= 32U) {
 8003b46:	2b20      	cmp	r3, #32
 8003b48:	d912      	bls.n	8003b70 <mpu_configure_region+0x36>
	if (size > (1UL << 31)) {
 8003b4a:	f1b3 4f00 	cmp.w	r3, #2147483648	@ 0x80000000
 8003b4e:	d811      	bhi.n	8003b74 <mpu_configure_region+0x3a>
	return ((32 - __builtin_clz(size - 1U) - 2 + 1) << MPU_RASR_SIZE_Pos) &
 8003b50:	3b01      	subs	r3, #1
 8003b52:	fab3 f383 	clz	r3, r3
 8003b56:	f1c3 031f 	rsb	r3, r3, #31
 8003b5a:	005b      	lsls	r3, r3, #1
 8003b5c:	f003 033e 	and.w	r3, r3, #62	@ 0x3e
	p_attr->rasr = attr->rasr_attr | size_to_mpu_rasr_size(size);
 8003b60:	4313      	orrs	r3, r2
 8003b62:	9303      	str	r3, [sp, #12]
	return region_allocate_and_init(index,
 8003b64:	a901      	add	r1, sp, #4
 8003b66:	f7fd fa75 	bl	8001054 <region_allocate_and_init>
}
 8003b6a:	b005      	add	sp, #20
 8003b6c:	f85d fb04 	ldr.w	pc, [sp], #4
		return REGION_32B;
 8003b70:	2308      	movs	r3, #8
 8003b72:	e7f5      	b.n	8003b60 <mpu_configure_region+0x26>
		return REGION_4G;
 8003b74:	233e      	movs	r3, #62	@ 0x3e
 8003b76:	e7f3      	b.n	8003b60 <mpu_configure_region+0x26>

08003b78 <mpu_configure_regions>:
{
 8003b78:	e92d 43f8 	stmdb	sp!, {r3, r4, r5, r6, r7, r8, r9, lr}
 8003b7c:	4680      	mov	r8, r0
 8003b7e:	460f      	mov	r7, r1
 8003b80:	4699      	mov	r9, r3
	int reg_index = start_reg_index;
 8003b82:	4616      	mov	r6, r2
	for (i = 0; i < regions_num; i++) {
 8003b84:	2500      	movs	r5, #0
 8003b86:	e009      	b.n	8003b9c <mpu_configure_regions+0x24>
		reg_index = mpu_configure_region(reg_index, &regions[i]);
 8003b88:	4621      	mov	r1, r4
 8003b8a:	b2f0      	uxtb	r0, r6
 8003b8c:	f7ff ffd5 	bl	8003b3a <mpu_configure_region>
 8003b90:	4606      	mov	r6, r0
		if (reg_index == -EINVAL) {
 8003b92:	f110 0f16 	cmn.w	r0, #22
 8003b96:	d014      	beq.n	8003bc2 <mpu_configure_regions+0x4a>
		reg_index++;
 8003b98:	3601      	adds	r6, #1
	for (i = 0; i < regions_num; i++) {
 8003b9a:	3501      	adds	r5, #1
 8003b9c:	42bd      	cmp	r5, r7
 8003b9e:	da10      	bge.n	8003bc2 <mpu_configure_regions+0x4a>
		if (regions[i].size == 0U) {
 8003ba0:	eb05 0445 	add.w	r4, r5, r5, lsl #1
 8003ba4:	eb08 0484 	add.w	r4, r8, r4, lsl #2
 8003ba8:	6862      	ldr	r2, [r4, #4]
 8003baa:	2a00      	cmp	r2, #0
 8003bac:	d0f5      	beq.n	8003b9a <mpu_configure_regions+0x22>
		if (do_coherence_check &&
 8003bae:	f1b9 0f00 	cmp.w	r9, #0
 8003bb2:	d0e9      	beq.n	8003b88 <mpu_configure_regions+0x10>
				(!mpu_partition_is_valid(&regions[i]))) {
 8003bb4:	4620      	mov	r0, r4
 8003bb6:	f7ff ffaf 	bl	8003b18 <mpu_partition_is_valid>
		if (do_coherence_check &&
 8003bba:	2800      	cmp	r0, #0
 8003bbc:	d1e4      	bne.n	8003b88 <mpu_configure_regions+0x10>
			return -EINVAL;
 8003bbe:	f06f 0615 	mvn.w	r6, #21
}
 8003bc2:	4630      	mov	r0, r6
 8003bc4:	e8bd 83f8 	ldmia.w	sp!, {r3, r4, r5, r6, r7, r8, r9, pc}

08003bc8 <mpu_configure_regions_from_dt>:
{
 8003bc8:	b5f0      	push	{r4, r5, r6, r7, lr}
 8003bca:	b085      	sub	sp, #20
 8003bcc:	4605      	mov	r5, r0
	num_regions = mem_attr_get_regions(&region);
 8003bce:	a803      	add	r0, sp, #12
 8003bd0:	f7fc fd8e 	bl	80006f0 <mem_attr_get_regions>
 8003bd4:	4606      	mov	r6, r0
	for (size_t idx = 0; idx < num_regions; idx++) {
 8003bd6:	2400      	movs	r4, #0
 8003bd8:	e035      	b.n	8003c46 <mpu_configure_regions_from_dt+0x7e>
		switch (DT_MEM_ARM_GET(region[idx].dt_attr)) {
 8003bda:	f1b3 7f00 	cmp.w	r3, #33554432	@ 0x2000000
 8003bde:	f000 80b2 	beq.w	8003d46 <mpu_configure_regions_from_dt+0x17e>
 8003be2:	f1b3 5f80 	cmp.w	r3, #268435456	@ 0x10000000
 8003be6:	f000 80c8 	beq.w	8003d7a <mpu_configure_regions_from_dt+0x1b2>
 8003bea:	f1b3 7f80 	cmp.w	r3, #16777216	@ 0x1000000
 8003bee:	d129      	bne.n	8003c44 <mpu_configure_regions_from_dt+0x7c>
			region_conf = _BUILD_REGION_CONF(region[idx], REGION_IO_ATTR);
 8003bf0:	6857      	ldr	r7, [r2, #4]
 8003bf2:	5809      	ldr	r1, [r1, r0]
 8003bf4:	6893      	ldr	r3, [r2, #8]
	if (size <= 32U) {
 8003bf6:	2b20      	cmp	r3, #32
 8003bf8:	f240 80a1 	bls.w	8003d3e <mpu_configure_regions_from_dt+0x176>
	if (size > (1UL << 31)) {
 8003bfc:	f1b3 4f00 	cmp.w	r3, #2147483648	@ 0x80000000
 8003c00:	f200 809f 	bhi.w	8003d42 <mpu_configure_regions_from_dt+0x17a>
	return ((32 - __builtin_clz(size - 1U) - 2 + 1) << MPU_RASR_SIZE_Pos) &
 8003c04:	3b01      	subs	r3, #1
 8003c06:	fab3 f383 	clz	r3, r3
 8003c0a:	f1c3 031f 	rsb	r3, r3, #31
 8003c0e:	005b      	lsls	r3, r3, #1
 8003c10:	f003 033e 	and.w	r3, r3, #62	@ 0x3e
 8003c14:	f043 7388 	orr.w	r3, r3, #17825792	@ 0x1100000
 8003c18:	9700      	str	r7, [sp, #0]
 8003c1a:	9101      	str	r1, [sp, #4]
 8003c1c:	9302      	str	r3, [sp, #8]
			break;
 8003c1e:	e007      	b.n	8003c30 <mpu_configure_regions_from_dt+0x68>
		return REGION_32B;
 8003c20:	2308      	movs	r3, #8
			region_conf = _BUILD_REGION_CONF(region[idx], REGION_RAM_ATTR);
 8003c22:	f043 5388 	orr.w	r3, r3, #285212672	@ 0x11000000
 8003c26:	f443 2330 	orr.w	r3, r3, #720896	@ 0xb0000
 8003c2a:	9700      	str	r7, [sp, #0]
 8003c2c:	9101      	str	r1, [sp, #4]
 8003c2e:	9302      	str	r3, [sp, #8]
		if (region_allocate_and_init((*reg_index),
 8003c30:	4669      	mov	r1, sp
 8003c32:	7828      	ldrb	r0, [r5, #0]
 8003c34:	f7fd fa0e 	bl	8001054 <region_allocate_and_init>
 8003c38:	2800      	cmp	r0, #0
 8003c3a:	f2c0 80ba 	blt.w	8003db2 <mpu_configure_regions_from_dt+0x1ea>
		(*reg_index)++;
 8003c3e:	782b      	ldrb	r3, [r5, #0]
 8003c40:	3301      	adds	r3, #1
 8003c42:	702b      	strb	r3, [r5, #0]
	for (size_t idx = 0; idx < num_regions; idx++) {
 8003c44:	3401      	adds	r4, #1
 8003c46:	42b4      	cmp	r4, r6
 8003c48:	f080 80b6 	bcs.w	8003db8 <mpu_configure_regions_from_dt+0x1f0>
		switch (DT_MEM_ARM_GET(region[idx].dt_attr)) {
 8003c4c:	0120      	lsls	r0, r4, #4
 8003c4e:	9903      	ldr	r1, [sp, #12]
 8003c50:	eb01 1204 	add.w	r2, r1, r4, lsl #4
 8003c54:	68d3      	ldr	r3, [r2, #12]
 8003c56:	f36f 0313 	bfc	r3, #0, #20
 8003c5a:	f5b3 0f00 	cmp.w	r3, #8388608	@ 0x800000
 8003c5e:	d054      	beq.n	8003d0a <mpu_configure_regions_from_dt+0x142>
 8003c60:	d8bb      	bhi.n	8003bda <mpu_configure_regions_from_dt+0x12>
 8003c62:	f5b3 1f00 	cmp.w	r3, #2097152	@ 0x200000
 8003c66:	d018      	beq.n	8003c9a <mpu_configure_regions_from_dt+0xd2>
 8003c68:	f5b3 0f80 	cmp.w	r3, #4194304	@ 0x400000
 8003c6c:	d031      	beq.n	8003cd2 <mpu_configure_regions_from_dt+0x10a>
 8003c6e:	f5b3 1f80 	cmp.w	r3, #1048576	@ 0x100000
 8003c72:	d1e7      	bne.n	8003c44 <mpu_configure_regions_from_dt+0x7c>
			region_conf = _BUILD_REGION_CONF(region[idx], REGION_RAM_ATTR);
 8003c74:	6857      	ldr	r7, [r2, #4]
 8003c76:	5809      	ldr	r1, [r1, r0]
 8003c78:	6893      	ldr	r3, [r2, #8]
	if (size <= 32U) {
 8003c7a:	2b20      	cmp	r3, #32
 8003c7c:	d9d0      	bls.n	8003c20 <mpu_configure_regions_from_dt+0x58>
	if (size > (1UL << 31)) {
 8003c7e:	f1b3 4f00 	cmp.w	r3, #2147483648	@ 0x80000000
 8003c82:	d808      	bhi.n	8003c96 <mpu_configure_regions_from_dt+0xce>
	return ((32 - __builtin_clz(size - 1U) - 2 + 1) << MPU_RASR_SIZE_Pos) &
 8003c84:	3b01      	subs	r3, #1
 8003c86:	fab3 f383 	clz	r3, r3
 8003c8a:	f1c3 031f 	rsb	r3, r3, #31
 8003c8e:	005b      	lsls	r3, r3, #1
 8003c90:	f003 033e 	and.w	r3, r3, #62	@ 0x3e
 8003c94:	e7c5      	b.n	8003c22 <mpu_configure_regions_from_dt+0x5a>
		return REGION_4G;
 8003c96:	233e      	movs	r3, #62	@ 0x3e
 8003c98:	e7c3      	b.n	8003c22 <mpu_configure_regions_from_dt+0x5a>
			region_conf = _BUILD_REGION_CONF(region[idx], REGION_RAM_NOCACHE_ATTR);
 8003c9a:	6857      	ldr	r7, [r2, #4]
 8003c9c:	5809      	ldr	r1, [r1, r0]
 8003c9e:	6893      	ldr	r3, [r2, #8]
	if (size <= 32U) {
 8003ca0:	2b20      	cmp	r3, #32
 8003ca2:	d912      	bls.n	8003cca <mpu_configure_regions_from_dt+0x102>
	if (size > (1UL << 31)) {
 8003ca4:	f1b3 4f00 	cmp.w	r3, #2147483648	@ 0x80000000
 8003ca8:	d811      	bhi.n	8003cce <mpu_configure_regions_from_dt+0x106>
	return ((32 - __builtin_clz(size - 1U) - 2 + 1) << MPU_RASR_SIZE_Pos) &
 8003caa:	3b01      	subs	r3, #1
 8003cac:	fab3 f383 	clz	r3, r3
 8003cb0:	f1c3 031f 	rsb	r3, r3, #31
 8003cb4:	005b      	lsls	r3, r3, #1
 8003cb6:	f003 033e 	and.w	r3, r3, #62	@ 0x3e
 8003cba:	f043 5388 	orr.w	r3, r3, #285212672	@ 0x11000000
 8003cbe:	f443 2300 	orr.w	r3, r3, #524288	@ 0x80000
 8003cc2:	9700      	str	r7, [sp, #0]
 8003cc4:	9101      	str	r1, [sp, #4]
 8003cc6:	9302      	str	r3, [sp, #8]
			break;
 8003cc8:	e7b2      	b.n	8003c30 <mpu_configure_regions_from_dt+0x68>
		return REGION_32B;
 8003cca:	2308      	movs	r3, #8
 8003ccc:	e7f5      	b.n	8003cba <mpu_configure_regions_from_dt+0xf2>
		return REGION_4G;
 8003cce:	233e      	movs	r3, #62	@ 0x3e
 8003cd0:	e7f3      	b.n	8003cba <mpu_configure_regions_from_dt+0xf2>
			region_conf = _BUILD_REGION_CONF(region[idx], REGION_FLASH_ATTR);
 8003cd2:	6857      	ldr	r7, [r2, #4]
 8003cd4:	5809      	ldr	r1, [r1, r0]
 8003cd6:	6893      	ldr	r3, [r2, #8]
	if (size <= 32U) {
 8003cd8:	2b20      	cmp	r3, #32
 8003cda:	d912      	bls.n	8003d02 <mpu_configure_regions_from_dt+0x13a>
	if (size > (1UL << 31)) {
 8003cdc:	f1b3 4f00 	cmp.w	r3, #2147483648	@ 0x80000000
 8003ce0:	d811      	bhi.n	8003d06 <mpu_configure_regions_from_dt+0x13e>
	return ((32 - __builtin_clz(size - 1U) - 2 + 1) << MPU_RASR_SIZE_Pos) &
 8003ce2:	3b01      	subs	r3, #1
 8003ce4:	fab3 f383 	clz	r3, r3
 8003ce8:	f1c3 031f 	rsb	r3, r3, #31
 8003cec:	005b      	lsls	r3, r3, #1
 8003cee:	f003 033e 	and.w	r3, r3, #62	@ 0x3e
 8003cf2:	f043 63c0 	orr.w	r3, r3, #100663296	@ 0x6000000
 8003cf6:	f443 3300 	orr.w	r3, r3, #131072	@ 0x20000
 8003cfa:	9700      	str	r7, [sp, #0]
 8003cfc:	9101      	str	r1, [sp, #4]
 8003cfe:	9302      	str	r3, [sp, #8]
			break;
 8003d00:	e796      	b.n	8003c30 <mpu_configure_regions_from_dt+0x68>
		return REGION_32B;
 8003d02:	2308      	movs	r3, #8
 8003d04:	e7f5      	b.n	8003cf2 <mpu_configure_regions_from_dt+0x12a>
		return REGION_4G;
 8003d06:	233e      	movs	r3, #62	@ 0x3e
 8003d08:	e7f3      	b.n	8003cf2 <mpu_configure_regions_from_dt+0x12a>
			region_conf = _BUILD_REGION_CONF(region[idx], REGION_PPB_ATTR);
 8003d0a:	6857      	ldr	r7, [r2, #4]
 8003d0c:	5809      	ldr	r1, [r1, r0]
 8003d0e:	6893      	ldr	r3, [r2, #8]
	if (size <= 32U) {
 8003d10:	2b20      	cmp	r3, #32
 8003d12:	d910      	bls.n	8003d36 <mpu_configure_regions_from_dt+0x16e>
	if (size > (1UL << 31)) {
 8003d14:	f1b3 4f00 	cmp.w	r3, #2147483648	@ 0x80000000
 8003d18:	d80f      	bhi.n	8003d3a <mpu_configure_regions_from_dt+0x172>
	return ((32 - __builtin_clz(size - 1U) - 2 + 1) << MPU_RASR_SIZE_Pos) &
 8003d1a:	3b01      	subs	r3, #1
 8003d1c:	fab3 f383 	clz	r3, r3
 8003d20:	f1c3 031f 	rsb	r3, r3, #31
 8003d24:	005b      	lsls	r3, r3, #1
 8003d26:	f003 033e 	and.w	r3, r3, #62	@ 0x3e
 8003d2a:	f043 7382 	orr.w	r3, r3, #17039360	@ 0x1040000
 8003d2e:	9700      	str	r7, [sp, #0]
 8003d30:	9101      	str	r1, [sp, #4]
 8003d32:	9302      	str	r3, [sp, #8]
			break;
 8003d34:	e77c      	b.n	8003c30 <mpu_configure_regions_from_dt+0x68>
		return REGION_32B;
 8003d36:	2308      	movs	r3, #8
 8003d38:	e7f7      	b.n	8003d2a <mpu_configure_regions_from_dt+0x162>
		return REGION_4G;
 8003d3a:	233e      	movs	r3, #62	@ 0x3e
 8003d3c:	e7f5      	b.n	8003d2a <mpu_configure_regions_from_dt+0x162>
		return REGION_32B;
 8003d3e:	2308      	movs	r3, #8
 8003d40:	e768      	b.n	8003c14 <mpu_configure_regions_from_dt+0x4c>
		return REGION_4G;
 8003d42:	233e      	movs	r3, #62	@ 0x3e
 8003d44:	e766      	b.n	8003c14 <mpu_configure_regions_from_dt+0x4c>
			region_conf = _BUILD_REGION_CONF(region[idx], REGION_EXTMEM_ATTR);
 8003d46:	6857      	ldr	r7, [r2, #4]
 8003d48:	5809      	ldr	r1, [r1, r0]
 8003d4a:	6893      	ldr	r3, [r2, #8]
	if (size <= 32U) {
 8003d4c:	2b20      	cmp	r3, #32
 8003d4e:	d910      	bls.n	8003d72 <mpu_configure_regions_from_dt+0x1aa>
	if (size > (1UL << 31)) {
 8003d50:	f1b3 4f00 	cmp.w	r3, #2147483648	@ 0x80000000
 8003d54:	d80f      	bhi.n	8003d76 <mpu_configure_regions_from_dt+0x1ae>
	return ((32 - __builtin_clz(size - 1U) - 2 + 1) << MPU_RASR_SIZE_Pos) &
 8003d56:	3b01      	subs	r3, #1
 8003d58:	fab3 f383 	clz	r3, r3
 8003d5c:	f1c3 031f 	rsb	r3, r3, #31
 8003d60:	005b      	lsls	r3, r3, #1
 8003d62:	f003 033e 	and.w	r3, r3, #62	@ 0x3e
 8003d66:	f443 2380 	orr.w	r3, r3, #262144	@ 0x40000
 8003d6a:	9700      	str	r7, [sp, #0]
 8003d6c:	9101      	str	r1, [sp, #4]
 8003d6e:	9302      	str	r3, [sp, #8]
			break;
 8003d70:	e75e      	b.n	8003c30 <mpu_configure_regions_from_dt+0x68>
		return REGION_32B;
 8003d72:	2308      	movs	r3, #8
 8003d74:	e7f7      	b.n	8003d66 <mpu_configure_regions_from_dt+0x19e>
		return REGION_4G;
 8003d76:	233e      	movs	r3, #62	@ 0x3e
 8003d78:	e7f5      	b.n	8003d66 <mpu_configure_regions_from_dt+0x19e>
			region_conf = _BUILD_REGION_CONF(region[idx], REGION_RAM_WT_ATTR);
 8003d7a:	6857      	ldr	r7, [r2, #4]
 8003d7c:	5809      	ldr	r1, [r1, r0]
 8003d7e:	6893      	ldr	r3, [r2, #8]
	if (size <= 32U) {
 8003d80:	2b20      	cmp	r3, #32
 8003d82:	d912      	bls.n	8003daa <mpu_configure_regions_from_dt+0x1e2>
	if (size > (1UL << 31)) {
 8003d84:	f1b3 4f00 	cmp.w	r3, #2147483648	@ 0x80000000
 8003d88:	d811      	bhi.n	8003dae <mpu_configure_regions_from_dt+0x1e6>
	return ((32 - __builtin_clz(size - 1U) - 2 + 1) << MPU_RASR_SIZE_Pos) &
 8003d8a:	3b01      	subs	r3, #1
 8003d8c:	fab3 f383 	clz	r3, r3
 8003d90:	f1c3 031f 	rsb	r3, r3, #31
 8003d94:	005b      	lsls	r3, r3, #1
 8003d96:	f003 033e 	and.w	r3, r3, #62	@ 0x3e
 8003d9a:	f043 5388 	orr.w	r3, r3, #285212672	@ 0x11000000
 8003d9e:	f443 3300 	orr.w	r3, r3, #131072	@ 0x20000
 8003da2:	9700      	str	r7, [sp, #0]
 8003da4:	9101      	str	r1, [sp, #4]
 8003da6:	9302      	str	r3, [sp, #8]
			break;
 8003da8:	e742      	b.n	8003c30 <mpu_configure_regions_from_dt+0x68>
		return REGION_32B;
 8003daa:	2308      	movs	r3, #8
 8003dac:	e7f5      	b.n	8003d9a <mpu_configure_regions_from_dt+0x1d2>
		return REGION_4G;
 8003dae:	233e      	movs	r3, #62	@ 0x3e
 8003db0:	e7f3      	b.n	8003d9a <mpu_configure_regions_from_dt+0x1d2>
			return -EINVAL;
 8003db2:	f06f 0015 	mvn.w	r0, #21
 8003db6:	e000      	b.n	8003dba <mpu_configure_regions_from_dt+0x1f2>
	return 0;
 8003db8:	2000      	movs	r0, #0
}
 8003dba:	b005      	add	sp, #20
 8003dbc:	bdf0      	pop	{r4, r5, r6, r7, pc}

08003dbe <arm_core_mpu_configure_static_mpu_regions>:
{
 8003dbe:	b508      	push	{r3, lr}
	if (mpu_configure_static_mpu_regions(static_regions, regions_num,
 8003dc0:	f7fd f95c 	bl	800107c <mpu_configure_static_mpu_regions>
}
 8003dc4:	bd08      	pop	{r3, pc}

08003dc6 <arm_core_mpu_configure_dynamic_mpu_regions>:
{
 8003dc6:	b508      	push	{r3, lr}
	if (mpu_configure_dynamic_mpu_regions(dynamic_regions, regions_num)
 8003dc8:	f7fd f962 	bl	8001090 <mpu_configure_dynamic_mpu_regions>
}
 8003dcc:	bd08      	pop	{r3, pc}

08003dce <picolibc_put>:
{
 8003dce:	b508      	push	{r3, lr}
		union { uintptr_t x; FILE * val; } parm1 = { .val = stream };
		return (int) arch_syscall_invoke2(parm0.x, parm1.x, K_SYSCALL_ZEPHYR_FPUTC);
	}
#endif
	compiler_barrier();
	return z_impl_zephyr_fputc(c, stream);
 8003dd0:	f7fd f9d2 	bl	8001178 <z_impl_zephyr_fputc>
}
 8003dd4:	2000      	movs	r0, #0
 8003dd6:	bd08      	pop	{r3, pc}

08003dd8 <stm32_exti_init>:

/**
 * @brief Initializes the EXTI interrupt controller driver
 */
static int stm32_exti_init(const struct device *dev)
{
 8003dd8:	b508      	push	{r3, lr}
	ARG_UNUSED(dev);

	return stm32_exti_enable_clocks();
 8003dda:	f7fd f9f3 	bl	80011c4 <stm32_exti_enable_clocks>
}
 8003dde:	bd08      	pop	{r3, pc}

08003de0 <stm32_exti_gpio_intc_init>:
{
 8003de0:	b508      	push	{r3, lr}
	DT_FOREACH_PROP_ELEM(EXTI_NODE,
 8003de2:	2206      	movs	r2, #6
 8003de4:	2101      	movs	r1, #1
 8003de6:	2000      	movs	r0, #0
 8003de8:	f7fd fa28 	bl	800123c <stm32_fill_irq_table>
 8003dec:	2200      	movs	r2, #0
 8003dee:	4611      	mov	r1, r2
 8003df0:	2006      	movs	r0, #6
 8003df2:	f7ff fe6a 	bl	8003aca <arm_irq_priority_set>
 8003df6:	2207      	movs	r2, #7
 8003df8:	2101      	movs	r1, #1
 8003dfa:	4608      	mov	r0, r1
 8003dfc:	f7fd fa1e 	bl	800123c <stm32_fill_irq_table>
 8003e00:	2200      	movs	r2, #0
 8003e02:	4611      	mov	r1, r2
 8003e04:	2007      	movs	r0, #7
 8003e06:	f7ff fe60 	bl	8003aca <arm_irq_priority_set>
 8003e0a:	2208      	movs	r2, #8
 8003e0c:	2101      	movs	r1, #1
 8003e0e:	2002      	movs	r0, #2
 8003e10:	f7fd fa14 	bl	800123c <stm32_fill_irq_table>
 8003e14:	2200      	movs	r2, #0
 8003e16:	4611      	mov	r1, r2
 8003e18:	2008      	movs	r0, #8
 8003e1a:	f7ff fe56 	bl	8003aca <arm_irq_priority_set>
 8003e1e:	2209      	movs	r2, #9
 8003e20:	2101      	movs	r1, #1
 8003e22:	2003      	movs	r0, #3
 8003e24:	f7fd fa0a 	bl	800123c <stm32_fill_irq_table>
 8003e28:	2200      	movs	r2, #0
 8003e2a:	4611      	mov	r1, r2
 8003e2c:	2009      	movs	r0, #9
 8003e2e:	f7ff fe4c 	bl	8003aca <arm_irq_priority_set>
 8003e32:	220a      	movs	r2, #10
 8003e34:	2101      	movs	r1, #1
 8003e36:	2004      	movs	r0, #4
 8003e38:	f7fd fa00 	bl	800123c <stm32_fill_irq_table>
 8003e3c:	2200      	movs	r2, #0
 8003e3e:	4611      	mov	r1, r2
 8003e40:	200a      	movs	r0, #10
 8003e42:	f7ff fe42 	bl	8003aca <arm_irq_priority_set>
 8003e46:	2217      	movs	r2, #23
 8003e48:	2105      	movs	r1, #5
 8003e4a:	4608      	mov	r0, r1
 8003e4c:	f7fd f9f6 	bl	800123c <stm32_fill_irq_table>
 8003e50:	2200      	movs	r2, #0
 8003e52:	4611      	mov	r1, r2
 8003e54:	2017      	movs	r0, #23
 8003e56:	f7ff fe38 	bl	8003aca <arm_irq_priority_set>
 8003e5a:	2228      	movs	r2, #40	@ 0x28
 8003e5c:	2106      	movs	r1, #6
 8003e5e:	200a      	movs	r0, #10
 8003e60:	f7fd f9ec 	bl	800123c <stm32_fill_irq_table>
 8003e64:	2200      	movs	r2, #0
 8003e66:	4611      	mov	r1, r2
 8003e68:	2028      	movs	r0, #40	@ 0x28
 8003e6a:	f7ff fe2e 	bl	8003aca <arm_irq_priority_set>
}
 8003e6e:	2000      	movs	r0, #0
 8003e70:	bd08      	pop	{r3, pc}

08003e72 <stm32_gpio_intc_get_pin_irq_line>:
 8003e72:	f001 011f 	and.w	r1, r1, #31
}
 8003e76:	2001      	movs	r0, #1
 8003e78:	4088      	lsls	r0, r1
 8003e7a:	4770      	bx	lr

08003e7c <stm32_exti_set_line_src_port>:

void stm32_exti_set_line_src_port(gpio_pin_t line, uint32_t port)
{
 8003e7c:	b508      	push	{r3, lr}
 8003e7e:	4602      	mov	r2, r0
 8003e80:	4608      	mov	r0, r1
	return (0xF << ((linenum % 4 * 4) + 16)) | (linenum / 4);
 8003e82:	f002 0303 	and.w	r3, r2, #3
 8003e86:	3304      	adds	r3, #4
 8003e88:	009b      	lsls	r3, r3, #2
 8003e8a:	210f      	movs	r1, #15
 8003e8c:	4099      	lsls	r1, r3
#elif DT_HAS_COMPAT_STATUS_OKAY(st_stm32h7rs_exti)
	LL_SBS_SetEXTISource(port, ll_line);
#elif defined(CONFIG_SOC_SERIES_STM32MP2X)
	LL_EXTI_SetEXTISource(EXTI2, port, ll_line);
#else
	LL_SYSCFG_SetEXTISource(port, ll_line);
 8003e8e:	ea41 0192 	orr.w	r1, r1, r2, lsr #2
 8003e92:	f7fd fa09 	bl	80012a8 <LL_SYSCFG_SetEXTISource>
#endif
	z_stm32_hsem_unlock(CFG_HW_EXTI_SEMID);
}
 8003e96:	bd08      	pop	{r3, pc}

08003e98 <stm32_exti_get_line_src_port>:

uint32_t stm32_exti_get_line_src_port(gpio_pin_t line)
{
 8003e98:	b508      	push	{r3, lr}
	return (0xF << ((linenum % 4 * 4) + 16)) | (linenum / 4);
 8003e9a:	f000 0303 	and.w	r3, r0, #3
 8003e9e:	3304      	adds	r3, #4
 8003ea0:	009b      	lsls	r3, r3, #2
 8003ea2:	220f      	movs	r2, #15
 8003ea4:	fa02 f303 	lsl.w	r3, r2, r3
#elif DT_HAS_COMPAT_STATUS_OKAY(st_stm32h7rs_exti)
	port = LL_SBS_GetEXTISource(ll_line);
#elif defined(CONFIG_SOC_SERIES_STM32MP2X)
	port = LL_EXTI_GetEXTISource(EXTI2, ll_line);
#else
	port = LL_SYSCFG_GetEXTISource(ll_line);
 8003ea8:	ea43 0090 	orr.w	r0, r3, r0, lsr #2
 8003eac:	f7fd fa18 	bl	80012e0 <LL_SYSCFG_GetEXTISource>
		port = port + STM32_PORT_GAP;
	}
#endif

	return port;
}
 8003eb0:	bd08      	pop	{r3, pc}

08003eb2 <get_pll_div_frequency>:
	return pllsrc_freq / pllm_div * plln_mul / pllout_div;
 8003eb2:	fbb0 f0f1 	udiv	r0, r0, r1
 8003eb6:	fb02 f000 	mul.w	r0, r2, r0
}
 8003eba:	fbb0 f0f3 	udiv	r0, r0, r3
 8003ebe:	4770      	bx	lr

08003ec0 <get_bus_clock>:
}
 8003ec0:	fbb0 f0f1 	udiv	r0, r0, r1
 8003ec4:	4770      	bx	lr

08003ec6 <stm32_clock_control_on>:
	if (!IN_RANGE(pclken->bus, STM32_PERIPH_BUS_MIN, STM32_PERIPH_BUS_MAX)) {
 8003ec6:	880b      	ldrh	r3, [r1, #0]
 8003ec8:	f3c3 030b 	ubfx	r3, r3, #0, #12
 8003ecc:	f503 627d 	add.w	r2, r3, #4048	@ 0xfd0
 8003ed0:	f3c2 020b 	ubfx	r2, r2, #0, #12
 8003ed4:	2a78      	cmp	r2, #120	@ 0x78
 8003ed6:	d815      	bhi.n	8003f04 <stm32_clock_control_on+0x3e>
{
 8003ed8:	b082      	sub	sp, #8
	sys_set_bits(DT_REG_ADDR(DT_NODELABEL(rcc)) + pclken->bus,
 8003eda:	f103 4380 	add.w	r3, r3, #1073741824	@ 0x40000000
 8003ede:	f503 330e 	add.w	r3, r3, #145408	@ 0x23800
 8003ee2:	684a      	ldr	r2, [r1, #4]
	return temp & (1U << bit);
}

static ALWAYS_INLINE void sys_set_bits(mem_addr_t addr, unsigned int mask)
{
	uint32_t temp = *(volatile uint32_t *)addr;
 8003ee4:	6818      	ldr	r0, [r3, #0]

	*(volatile uint32_t *)addr = temp | mask;
 8003ee6:	4302      	orrs	r2, r0
 8003ee8:	601a      	str	r2, [r3, #0]
	temp = sys_read32(DT_REG_ADDR(DT_NODELABEL(rcc)) + pclken->bus);
 8003eea:	880b      	ldrh	r3, [r1, #0]
 8003eec:	f3c3 030b 	ubfx	r3, r3, #0, #12
 8003ef0:	f103 4380 	add.w	r3, r3, #1073741824	@ 0x40000000
 8003ef4:	f503 330e 	add.w	r3, r3, #145408	@ 0x23800
	return *(volatile uint32_t *)addr;
 8003ef8:	681b      	ldr	r3, [r3, #0]
 8003efa:	9301      	str	r3, [sp, #4]
	UNUSED(temp);
 8003efc:	9b01      	ldr	r3, [sp, #4]
	return 0;
 8003efe:	2000      	movs	r0, #0
}
 8003f00:	b002      	add	sp, #8
 8003f02:	4770      	bx	lr
		return -ENOTSUP;
 8003f04:	f06f 0085 	mvn.w	r0, #133	@ 0x85
}
 8003f08:	4770      	bx	lr

08003f0a <stm32_clock_control_off>:
	if (!IN_RANGE(pclken->bus, STM32_PERIPH_BUS_MIN, STM32_PERIPH_BUS_MAX)) {
 8003f0a:	880b      	ldrh	r3, [r1, #0]
 8003f0c:	f3c3 030b 	ubfx	r3, r3, #0, #12
 8003f10:	f503 627d 	add.w	r2, r3, #4048	@ 0xfd0
 8003f14:	f3c2 020b 	ubfx	r2, r2, #0, #12
 8003f18:	2a78      	cmp	r2, #120	@ 0x78
 8003f1a:	d80a      	bhi.n	8003f32 <stm32_clock_control_off+0x28>
	sys_clear_bits(DT_REG_ADDR(DT_NODELABEL(rcc)) + pclken->bus,
 8003f1c:	f103 4380 	add.w	r3, r3, #1073741824	@ 0x40000000
 8003f20:	f503 330e 	add.w	r3, r3, #145408	@ 0x23800
 8003f24:	6849      	ldr	r1, [r1, #4]
}

static ALWAYS_INLINE void sys_clear_bits(mem_addr_t addr, unsigned int mask)
{
	uint32_t temp = *(volatile uint32_t *)addr;
 8003f26:	681a      	ldr	r2, [r3, #0]

	*(volatile uint32_t *)addr = temp & ~mask;
 8003f28:	ea22 0201 	bic.w	r2, r2, r1
 8003f2c:	601a      	str	r2, [r3, #0]
	return 0;
 8003f2e:	2000      	movs	r0, #0
 8003f30:	4770      	bx	lr
		return -ENOTSUP;
 8003f32:	f06f 0085 	mvn.w	r0, #133	@ 0x85
}
 8003f36:	4770      	bx	lr

08003f38 <stm32_clock_control_configure>:
{
 8003f38:	b570      	push	{r4, r5, r6, lr}
	uint32_t enr = pclken->enr;
 8003f3a:	684c      	ldr	r4, [r1, #4]
	uint32_t shift = STM32_DT_CLKSEL_SHIFT_GET(enr);
 8003f3c:	f3c4 4504 	ubfx	r5, r4, #16, #5
	err = enabled_clock(pclken->bus);
 8003f40:	8808      	ldrh	r0, [r1, #0]
 8003f42:	f3c0 000b 	ubfx	r0, r0, #0, #12
 8003f46:	f7fd fb63 	bl	8001610 <enabled_clock>
	if (err < 0) {
 8003f4a:	2800      	cmp	r0, #0
 8003f4c:	db15      	blt.n	8003f7a <stm32_clock_control_configure+0x42>
 8003f4e:	b2a6      	uxth	r6, r4
	if (pclken->enr == NO_SEL) {
 8003f50:	2cff      	cmp	r4, #255	@ 0xff
 8003f52:	d013      	beq.n	8003f7c <stm32_clock_control_configure+0x44>
	stm32_reg_modify_bits((uint32_t *)(DT_REG_ADDR(DT_NODELABEL(rcc)) + reg),
 8003f54:	f106 4280 	add.w	r2, r6, #1073741824	@ 0x40000000
 8003f58:	f502 320e 	add.w	r2, r2, #145408	@ 0x23800
			      STM32_DT_CLKSEL_MASK_GET(enr) << shift,
 8003f5c:	f3c4 5141 	ubfx	r1, r4, #21, #2
 8003f60:	3101      	adds	r1, #1
 8003f62:	2301      	movs	r3, #1
 8003f64:	408b      	lsls	r3, r1
 8003f66:	3b01      	subs	r3, #1
 8003f68:	40ab      	lsls	r3, r5
			      STM32_DT_CLKSEL_VAL_GET(enr) << shift);
 8003f6a:	0e24      	lsrs	r4, r4, #24
	stm32_reg_modify_bits((uint32_t *)(DT_REG_ADDR(DT_NODELABEL(rcc)) + reg),
 8003f6c:	40ac      	lsls	r4, r5
 8003f6e:	6811      	ldr	r1, [r2, #0]
 8003f70:	ea21 0303 	bic.w	r3, r1, r3
 8003f74:	431c      	orrs	r4, r3
	*(volatile uint32_t *)addr = data;
 8003f76:	6014      	str	r4, [r2, #0]
	return 0;
 8003f78:	2000      	movs	r0, #0
}
 8003f7a:	bd70      	pop	{r4, r5, r6, pc}
		return 0;
 8003f7c:	2000      	movs	r0, #0
 8003f7e:	e7fc      	b.n	8003f7a <stm32_clock_control_configure+0x42>

08003f80 <stm32_clock_control_get_status>:
{
 8003f80:	b508      	push	{r3, lr}
	if (IN_RANGE(pclken->bus, STM32_PERIPH_BUS_MIN, STM32_PERIPH_BUS_MAX)) {
 8003f82:	8808      	ldrh	r0, [r1, #0]
 8003f84:	f3c0 000b 	ubfx	r0, r0, #0, #12
 8003f88:	f500 637d 	add.w	r3, r0, #4048	@ 0xfd0
 8003f8c:	f3c3 030b 	ubfx	r3, r3, #0, #12
 8003f90:	2b78      	cmp	r3, #120	@ 0x78
 8003f92:	d80b      	bhi.n	8003fac <stm32_clock_control_get_status+0x2c>
		if ((sys_read32(DT_REG_ADDR(DT_NODELABEL(rcc)) + pclken->bus) & pclken->enr)
 8003f94:	f100 4080 	add.w	r0, r0, #1073741824	@ 0x40000000
 8003f98:	f500 300e 	add.w	r0, r0, #145408	@ 0x23800
	return *(volatile uint32_t *)addr;
 8003f9c:	6802      	ldr	r2, [r0, #0]
 8003f9e:	684b      	ldr	r3, [r1, #4]
 8003fa0:	4393      	bics	r3, r2
 8003fa2:	d001      	beq.n	8003fa8 <stm32_clock_control_get_status+0x28>
			return CLOCK_CONTROL_STATUS_OFF;
 8003fa4:	2001      	movs	r0, #1
}
 8003fa6:	bd08      	pop	{r3, pc}
			return CLOCK_CONTROL_STATUS_ON;
 8003fa8:	2002      	movs	r0, #2
 8003faa:	e7fc      	b.n	8003fa6 <stm32_clock_control_get_status+0x26>
		if (enabled_clock(pclken->bus) == 0) {
 8003fac:	f7fd fb30 	bl	8001610 <enabled_clock>
 8003fb0:	b108      	cbz	r0, 8003fb6 <stm32_clock_control_get_status+0x36>
			return CLOCK_CONTROL_STATUS_OFF;
 8003fb2:	2001      	movs	r0, #1
 8003fb4:	e7f7      	b.n	8003fa6 <stm32_clock_control_get_status+0x26>
			return CLOCK_CONTROL_STATUS_ON;
 8003fb6:	2002      	movs	r0, #2
 8003fb8:	e7f5      	b.n	8003fa6 <stm32_clock_control_get_status+0x26>

08003fba <config_regulator_voltage>:
{
	stm32_hse_css_callback();
}
#endif /* STM32_HSE_CSS */

void __weak config_regulator_voltage(uint32_t hclk_freq) {}
 8003fba:	4770      	bx	lr

08003fbc <get_pll_source>:
}
 8003fbc:	f44f 0080 	mov.w	r0, #4194304	@ 0x400000
 8003fc0:	4770      	bx	lr

08003fc2 <sys_slist_remove>:
 */
static inline void sys_slist_remove(sys_slist_t *list,
				    sys_snode_t *prev_node,
				    sys_snode_t *node);

Z_GENLIST_REMOVE(slist, snode)
 8003fc2:	460b      	mov	r3, r1
 8003fc4:	b139      	cbz	r1, 8003fd6 <sys_slist_remove+0x14>
	return node->next;
 8003fc6:	6811      	ldr	r1, [r2, #0]
	parent->next = child;
 8003fc8:	6019      	str	r1, [r3, #0]
	return list->tail;
 8003fca:	6841      	ldr	r1, [r0, #4]
Z_GENLIST_REMOVE(slist, snode)
 8003fcc:	428a      	cmp	r2, r1
 8003fce:	d009      	beq.n	8003fe4 <sys_slist_remove+0x22>
	parent->next = child;
 8003fd0:	2300      	movs	r3, #0
 8003fd2:	6013      	str	r3, [r2, #0]
Z_GENLIST_REMOVE(slist, snode)
 8003fd4:	4770      	bx	lr
	return node->next;
 8003fd6:	6813      	ldr	r3, [r2, #0]
	list->head = node;
 8003fd8:	6003      	str	r3, [r0, #0]
	return list->tail;
 8003fda:	6841      	ldr	r1, [r0, #4]
Z_GENLIST_REMOVE(slist, snode)
 8003fdc:	428a      	cmp	r2, r1
 8003fde:	d1f7      	bne.n	8003fd0 <sys_slist_remove+0xe>
	list->tail = node;
 8003fe0:	6043      	str	r3, [r0, #4]
}
 8003fe2:	e7f5      	b.n	8003fd0 <sys_slist_remove+0xe>
	list->tail = node;
 8003fe4:	6043      	str	r3, [r0, #4]
}
 8003fe6:	e7f3      	b.n	8003fd0 <sys_slist_remove+0xe>

08003fe8 <sys_slist_find_and_remove>:
static inline size_t sys_slist_len(const sys_slist_t *list);

Z_GENLIST_LEN(slist, snode)

/** @} */
Z_GENLIST_FIND_AND_REMOVE(slist, snode)
 8003fe8:	b508      	push	{r3, lr}
 8003fea:	460a      	mov	r2, r1
	return list->head;
 8003fec:	6803      	ldr	r3, [r0, #0]
Z_GENLIST_FIND_AND_REMOVE(slist, snode)
 8003fee:	2100      	movs	r1, #0
 8003ff0:	e001      	b.n	8003ff6 <sys_slist_find_and_remove+0xe>
 8003ff2:	4619      	mov	r1, r3
 8003ff4:	681b      	ldr	r3, [r3, #0]
 8003ff6:	b12b      	cbz	r3, 8004004 <sys_slist_find_and_remove+0x1c>
 8003ff8:	4293      	cmp	r3, r2
 8003ffa:	d1fa      	bne.n	8003ff2 <sys_slist_find_and_remove+0xa>
 8003ffc:	f7ff ffe1 	bl	8003fc2 <sys_slist_remove>
 8004000:	2001      	movs	r0, #1
 8004002:	e000      	b.n	8004006 <sys_slist_find_and_remove+0x1e>
 8004004:	2000      	movs	r0, #0
 8004006:	bd08      	pop	{r3, pc}

08004008 <gpio_manage_callback>:
 * @return 0 on success, negative errno otherwise.
 */
static inline int gpio_manage_callback(sys_slist_t *callbacks,
					struct gpio_callback *callback,
					bool set)
{
 8004008:	b570      	push	{r4, r5, r6, lr}
 800400a:	4604      	mov	r4, r0
 800400c:	460d      	mov	r5, r1
 800400e:	4616      	mov	r6, r2
	return list->head;
 8004010:	6803      	ldr	r3, [r0, #0]
	__ASSERT(callback, "No callback!");
	__ASSERT(callback->handler, "No callback handler!");

	if (!sys_slist_is_empty(callbacks)) {
 8004012:	b133      	cbz	r3, 8004022 <gpio_manage_callback+0x1a>
		if (!sys_slist_find_and_remove(callbacks, &callback->node)) {
 8004014:	f7ff ffe8 	bl	8003fe8 <sys_slist_find_and_remove>
 8004018:	b970      	cbnz	r0, 8004038 <gpio_manage_callback+0x30>
			if (!set) {
 800401a:	b91e      	cbnz	r6, 8004024 <gpio_manage_callback+0x1c>
				return -EINVAL;
 800401c:	f06f 0015 	mvn.w	r0, #21
 8004020:	e006      	b.n	8004030 <gpio_manage_callback+0x28>
			}
		}
	} else if (!set) {
 8004022:	b132      	cbz	r2, 8004032 <gpio_manage_callback+0x2a>
 8004024:	6823      	ldr	r3, [r4, #0]
	parent->next = child;
 8004026:	602b      	str	r3, [r5, #0]
	list->head = node;
 8004028:	6025      	str	r5, [r4, #0]
	return list->tail;
 800402a:	6863      	ldr	r3, [r4, #4]
Z_GENLIST_PREPEND(slist, snode)
 800402c:	b143      	cbz	r3, 8004040 <gpio_manage_callback+0x38>

	if (set) {
		sys_slist_prepend(callbacks, &callback->node);
	}

	return 0;
 800402e:	2000      	movs	r0, #0
}
 8004030:	bd70      	pop	{r4, r5, r6, pc}
		return -EINVAL;
 8004032:	f06f 0015 	mvn.w	r0, #21
 8004036:	e7fb      	b.n	8004030 <gpio_manage_callback+0x28>
	if (set) {
 8004038:	2e00      	cmp	r6, #0
 800403a:	d1f3      	bne.n	8004024 <gpio_manage_callback+0x1c>
	return 0;
 800403c:	2000      	movs	r0, #0
 800403e:	e7f7      	b.n	8004030 <gpio_manage_callback+0x28>
	list->tail = node;
 8004040:	6065      	str	r5, [r4, #4]
 8004042:	2000      	movs	r0, #0
}
 8004044:	e7f4      	b.n	8004030 <gpio_manage_callback+0x28>

08004046 <gpio_fire_callbacks>:
 * @param pins The actual pin mask that triggered the interrupt
 */
static inline void gpio_fire_callbacks(sys_slist_t *list,
					const struct device *port,
					uint32_t pins)
{
 8004046:	b570      	push	{r4, r5, r6, lr}
 8004048:	460e      	mov	r6, r1
 800404a:	4615      	mov	r5, r2
	return list->head;
 800404c:	6801      	ldr	r1, [r0, #0]
	struct gpio_callback *cb, *tmp;

	sys_port_trace_gpio_fire_callbacks_enter(list, port, pins);

	SYS_SLIST_FOR_EACH_CONTAINER_SAFE(list, cb, tmp, node) {
 800404e:	b121      	cbz	r1, 800405a <gpio_fire_callbacks+0x14>
	return node->next;
 8004050:	680c      	ldr	r4, [r1, #0]
 8004052:	b13c      	cbz	r4, 8004064 <gpio_fire_callbacks+0x1e>
Z_GENLIST_PEEK_NEXT(slist, snode)
 8004054:	b931      	cbnz	r1, 8004064 <gpio_fire_callbacks+0x1e>
 8004056:	460c      	mov	r4, r1
 8004058:	e004      	b.n	8004064 <gpio_fire_callbacks+0x1e>
 800405a:	460c      	mov	r4, r1
 800405c:	e002      	b.n	8004064 <gpio_fire_callbacks+0x1e>
 800405e:	4623      	mov	r3, r4
 8004060:	4621      	mov	r1, r4
 8004062:	461c      	mov	r4, r3
 8004064:	b171      	cbz	r1, 8004084 <gpio_fire_callbacks+0x3e>
		if (cb->pin_mask & pins) {
 8004066:	688a      	ldr	r2, [r1, #8]
 8004068:	402a      	ands	r2, r5
 800406a:	d002      	beq.n	8004072 <gpio_fire_callbacks+0x2c>
			__ASSERT(cb->handler, "No callback handler!");

			cb->handler(port, cb, cb->pin_mask & pins);
 800406c:	684b      	ldr	r3, [r1, #4]
 800406e:	4630      	mov	r0, r6
 8004070:	4798      	blx	r3
	SYS_SLIST_FOR_EACH_CONTAINER_SAFE(list, cb, tmp, node) {
 8004072:	2c00      	cmp	r4, #0
 8004074:	d0f3      	beq.n	800405e <gpio_fire_callbacks+0x18>
	return node->next;
 8004076:	6823      	ldr	r3, [r4, #0]
 8004078:	2b00      	cmp	r3, #0
 800407a:	d0f1      	beq.n	8004060 <gpio_fire_callbacks+0x1a>
Z_GENLIST_PEEK_NEXT(slist, snode)
 800407c:	2c00      	cmp	r4, #0
 800407e:	d1ef      	bne.n	8004060 <gpio_fire_callbacks+0x1a>
 8004080:	4623      	mov	r3, r4
 8004082:	e7ed      	b.n	8004060 <gpio_fire_callbacks+0x1a>
			sys_port_trace_gpio_fire_callback(port, cb);
		}
	}
}
 8004084:	bd70      	pop	{r4, r5, r6, pc}

08004086 <gpio_stm32_isr>:
{
 8004086:	b508      	push	{r3, lr}
 8004088:	4602      	mov	r2, r0
	struct gpio_stm32_data *data = dev->data;
 800408a:	6908      	ldr	r0, [r1, #16]
	gpio_fire_callbacks(&data->cb, dev, pin);
 800408c:	3008      	adds	r0, #8
 800408e:	f7ff ffda 	bl	8004046 <gpio_fire_callbacks>
}
 8004092:	bd08      	pop	{r3, pc}

08004094 <gpio_stm32_flags_to_conf>:
	if ((flags & GPIO_OUTPUT) != 0) {
 8004094:	f410 3f00 	tst.w	r0, #131072	@ 0x20000
 8004098:	d014      	beq.n	80040c4 <gpio_stm32_flags_to_conf+0x30>
		if ((flags & GPIO_SINGLE_ENDED) != 0) {
 800409a:	f010 0f02 	tst.w	r0, #2
 800409e:	d004      	beq.n	80040aa <gpio_stm32_flags_to_conf+0x16>
			if (flags & GPIO_LINE_OPEN_DRAIN) {
 80040a0:	f010 0f04 	tst.w	r0, #4
 80040a4:	d034      	beq.n	8004110 <gpio_stm32_flags_to_conf+0x7c>
				cfg |= STM32_PINCFG_OPEN_DRAIN;
 80040a6:	2350      	movs	r3, #80	@ 0x50
 80040a8:	e000      	b.n	80040ac <gpio_stm32_flags_to_conf+0x18>
			cfg |= STM32_PINCFG_PUSH_PULL;
 80040aa:	2310      	movs	r3, #16
		if ((flags & GPIO_PULL_UP) != 0) {
 80040ac:	f010 0f10 	tst.w	r0, #16
 80040b0:	d002      	beq.n	80040b8 <gpio_stm32_flags_to_conf+0x24>
			cfg |= STM32_PINCFG_PULL_UP;
 80040b2:	f443 7300 	orr.w	r3, r3, #512	@ 0x200
 80040b6:	e012      	b.n	80040de <gpio_stm32_flags_to_conf+0x4a>
		} else if ((flags & GPIO_PULL_DOWN) != 0) {
 80040b8:	f010 0f20 	tst.w	r0, #32
 80040bc:	d00f      	beq.n	80040de <gpio_stm32_flags_to_conf+0x4a>
			cfg |= STM32_PINCFG_PULL_DOWN;
 80040be:	f443 6380 	orr.w	r3, r3, #1024	@ 0x400
 80040c2:	e00c      	b.n	80040de <gpio_stm32_flags_to_conf+0x4a>
	} else if  ((flags & GPIO_INPUT) != 0) {
 80040c4:	f410 3f80 	tst.w	r0, #65536	@ 0x10000
 80040c8:	d008      	beq.n	80040dc <gpio_stm32_flags_to_conf+0x48>
		if ((flags & GPIO_PULL_UP) != 0) {
 80040ca:	f010 0f10 	tst.w	r0, #16
 80040ce:	d114      	bne.n	80040fa <gpio_stm32_flags_to_conf+0x66>
		} else if ((flags & GPIO_PULL_DOWN) != 0) {
 80040d0:	f010 0320 	ands.w	r3, r0, #32
 80040d4:	d003      	beq.n	80040de <gpio_stm32_flags_to_conf+0x4a>
			cfg |= STM32_PINCFG_PULL_DOWN;
 80040d6:	f44f 6380 	mov.w	r3, #1024	@ 0x400
 80040da:	e000      	b.n	80040de <gpio_stm32_flags_to_conf+0x4a>
		cfg = STM32_PINCFG_MODE_ANALOG;
 80040dc:	2330      	movs	r3, #48	@ 0x30
	switch (flags & (STM32_GPIO_SPEED_MASK << STM32_GPIO_SPEED_SHIFT)) {
 80040de:	f400 60c0 	and.w	r0, r0, #1536	@ 0x600
 80040e2:	f5b0 6f80 	cmp.w	r0, #1024	@ 0x400
 80040e6:	d010      	beq.n	800410a <gpio_stm32_flags_to_conf+0x76>
 80040e8:	f5b0 6fc0 	cmp.w	r0, #1536	@ 0x600
 80040ec:	d008      	beq.n	8004100 <gpio_stm32_flags_to_conf+0x6c>
 80040ee:	f5b0 7f00 	cmp.w	r0, #512	@ 0x200
 80040f2:	d107      	bne.n	8004104 <gpio_stm32_flags_to_conf+0x70>
		cfg |= STM32_OSPEEDR_MEDIUM_SPEED;
 80040f4:	f043 0380 	orr.w	r3, r3, #128	@ 0x80
		break;
 80040f8:	e004      	b.n	8004104 <gpio_stm32_flags_to_conf+0x70>
			cfg |= STM32_PINCFG_PULL_UP;
 80040fa:	f44f 7300 	mov.w	r3, #512	@ 0x200
 80040fe:	e7ee      	b.n	80040de <gpio_stm32_flags_to_conf+0x4a>
		cfg |= STM32_OSPEEDR_VERY_HIGH_SPEED;
 8004100:	f443 73c0 	orr.w	r3, r3, #384	@ 0x180
	*pincfg = cfg;
 8004104:	600b      	str	r3, [r1, #0]
	return 0;
 8004106:	2000      	movs	r0, #0
 8004108:	4770      	bx	lr
		cfg |= STM32_OSPEEDR_HIGH_SPEED;
 800410a:	f443 7380 	orr.w	r3, r3, #256	@ 0x100
		break;
 800410e:	e7f9      	b.n	8004104 <gpio_stm32_flags_to_conf+0x70>
				return -ENOTSUP;
 8004110:	f06f 0085 	mvn.w	r0, #133	@ 0x85
}
 8004114:	4770      	bx	lr

08004116 <gpio_stm32_port_get_raw>:
	const struct gpio_stm32_config *cfg = dev->config;
 8004116:	6843      	ldr	r3, [r0, #4]
	GPIO_TypeDef *gpio = (GPIO_TypeDef *)cfg->base;
 8004118:	685b      	ldr	r3, [r3, #4]
  * @param  GPIOx GPIO Port
  * @retval Input data register value of port
  */
__STATIC_INLINE uint32_t LL_GPIO_ReadInputPort(GPIO_TypeDef *GPIOx)
{
  return (uint32_t)(READ_REG(GPIOx->IDR));
 800411a:	691b      	ldr	r3, [r3, #16]
	*value = LL_GPIO_ReadInputPort(gpio);
 800411c:	600b      	str	r3, [r1, #0]
}
 800411e:	2000      	movs	r0, #0
 8004120:	4770      	bx	lr

08004122 <gpio_stm32_port_set_masked_raw>:
	const struct gpio_stm32_config *cfg = dev->config;
 8004122:	6843      	ldr	r3, [r0, #4]
	GPIO_TypeDef *gpio = (GPIO_TypeDef *)cfg->base;
 8004124:	685b      	ldr	r3, [r3, #4]
  * @param  GPIOx GPIO Port
  * @retval Output data register value of port
  */
__STATIC_INLINE uint32_t LL_GPIO_ReadOutputPort(GPIO_TypeDef *GPIOx)
{
  return (uint32_t)(READ_REG(GPIOx->ODR));
 8004126:	6958      	ldr	r0, [r3, #20]
	LL_GPIO_WriteOutputPort(gpio, (port_value & ~mask) | (mask & value));
 8004128:	4042      	eors	r2, r0
 800412a:	400a      	ands	r2, r1
 800412c:	4042      	eors	r2, r0
  WRITE_REG(GPIOx->ODR, PortValue);
 800412e:	615a      	str	r2, [r3, #20]
}
 8004130:	2000      	movs	r0, #0
 8004132:	4770      	bx	lr

08004134 <gpio_stm32_port_set_bits_raw>:
	const struct gpio_stm32_config *cfg = dev->config;
 8004134:	6843      	ldr	r3, [r0, #4]
	GPIO_TypeDef *gpio = (GPIO_TypeDef *)cfg->base;
 8004136:	685b      	ldr	r3, [r3, #4]
	*(volatile uint32_t *)addr = data;
 8004138:	6199      	str	r1, [r3, #24]
}
 800413a:	2000      	movs	r0, #0
 800413c:	4770      	bx	lr

0800413e <gpio_stm32_port_clear_bits_raw>:
	const struct gpio_stm32_config *cfg = dev->config;
 800413e:	6843      	ldr	r3, [r0, #4]
	GPIO_TypeDef *gpio = (GPIO_TypeDef *)cfg->base;
 8004140:	685b      	ldr	r3, [r3, #4]
  *         @arg @ref LL_GPIO_PIN_ALL
  * @retval None
  */
__STATIC_INLINE void LL_GPIO_ResetOutputPin(GPIO_TypeDef *GPIOx, uint32_t PinMask)
{
  WRITE_REG(GPIOx->BSRR, (PinMask << 16));
 8004142:	0409      	lsls	r1, r1, #16
 8004144:	6199      	str	r1, [r3, #24]
}
 8004146:	2000      	movs	r0, #0
 8004148:	4770      	bx	lr

0800414a <gpio_stm32_port_toggle_bits>:
	const struct gpio_stm32_config *cfg = dev->config;
 800414a:	6843      	ldr	r3, [r0, #4]
	GPIO_TypeDef *gpio = (GPIO_TypeDef *)cfg->base;
 800414c:	685b      	ldr	r3, [r3, #4]
	return *(volatile uint32_t *)addr;
 800414e:	695a      	ldr	r2, [r3, #20]
	stm32_reg_write(&gpio->ODR, stm32_reg_read(&gpio->ODR) ^ pins);
 8004150:	4051      	eors	r1, r2
	*(volatile uint32_t *)addr = data;
 8004152:	6159      	str	r1, [r3, #20]
}
 8004154:	2000      	movs	r0, #0
 8004156:	4770      	bx	lr

08004158 <gpio_stm32_manage_callback>:

static int gpio_stm32_manage_callback(const struct device *dev,
				      struct gpio_callback *callback,
				      bool set)
{
 8004158:	b508      	push	{r3, lr}
	struct gpio_stm32_data *data = dev->data;
 800415a:	6900      	ldr	r0, [r0, #16]

	return gpio_manage_callback(&data->cb, callback, set);
 800415c:	3008      	adds	r0, #8
 800415e:	f7ff ff53 	bl	8004008 <gpio_manage_callback>
}
 8004162:	bd08      	pop	{r3, pc}

08004164 <gpio_stm32_disable_pin_irqs>:
{
 8004164:	b538      	push	{r3, r4, r5, lr}
 8004166:	4604      	mov	r4, r0
 8004168:	460d      	mov	r5, r1
	if (port != stm32_exti_get_line_src_port(pin)) {
 800416a:	4608      	mov	r0, r1
 800416c:	f7ff fe94 	bl	8003e98 <stm32_exti_get_line_src_port>
 8004170:	42a0      	cmp	r0, r4
 8004172:	d000      	beq.n	8004176 <gpio_stm32_disable_pin_irqs+0x12>
}
 8004174:	bd38      	pop	{r3, r4, r5, pc}
	stm32_gpio_irq_line_t irq_line = stm32_gpio_intc_get_pin_irq_line(port, pin);
 8004176:	4629      	mov	r1, r5
 8004178:	4620      	mov	r0, r4
 800417a:	f7ff fe7a 	bl	8003e72 <stm32_gpio_intc_get_pin_irq_line>
 800417e:	4604      	mov	r4, r0
	stm32_gpio_intc_disable_line(irq_line);
 8004180:	f7fd f8da 	bl	8001338 <stm32_gpio_intc_disable_line>
	stm32_gpio_intc_remove_irq_callback(irq_line);
 8004184:	4620      	mov	r0, r4
 8004186:	f7fd f931 	bl	80013ec <stm32_gpio_intc_remove_irq_callback>
	stm32_gpio_intc_select_line_trigger(irq_line, STM32_GPIO_IRQ_TRIG_NONE);
 800418a:	2100      	movs	r1, #0
 800418c:	4620      	mov	r0, r4
 800418e:	f7fd f8db 	bl	8001348 <stm32_gpio_intc_select_line_trigger>
 8004192:	e7ef      	b.n	8004174 <gpio_stm32_disable_pin_irqs+0x10>

08004194 <gpio_stm32_config>:
{
 8004194:	e92d 43f0 	stmdb	sp!, {r4, r5, r6, r7, r8, r9, lr}
 8004198:	b083      	sub	sp, #12
 800419a:	4605      	mov	r5, r0
 800419c:	460e      	mov	r6, r1
 800419e:	4614      	mov	r4, r2
	struct gpio_stm32_data *data = dev->data;
 80041a0:	f8d0 8010 	ldr.w	r8, [r0, #16]
	err = gpio_stm32_flags_to_conf(flags, &pincfg);
 80041a4:	a901      	add	r1, sp, #4
 80041a6:	4610      	mov	r0, r2
 80041a8:	f7ff ff74 	bl	8004094 <gpio_stm32_flags_to_conf>
	if (err != 0) {
 80041ac:	4607      	mov	r7, r0
 80041ae:	bb68      	cbnz	r0, 800420c <gpio_stm32_config+0x78>
	if ((((flags & GPIO_OUTPUT) != 0) || ((flags & GPIO_INPUT) != 0)) &&
 80041b0:	f414 3940 	ands.w	r9, r4, #196608	@ 0x30000
 80041b4:	d014      	beq.n	80041e0 <gpio_stm32_config+0x4c>
	    !(data->pin_has_clock_enabled & BIT(pin))) {
 80041b6:	f8d8 3004 	ldr.w	r3, [r8, #4]
 80041ba:	fa23 f206 	lsr.w	r2, r3, r6
	if ((((flags & GPIO_OUTPUT) != 0) || ((flags & GPIO_INPUT) != 0)) &&
 80041be:	f012 0f01 	tst.w	r2, #1
 80041c2:	d104      	bne.n	80041ce <gpio_stm32_config+0x3a>
		data->pin_has_clock_enabled |= BIT(pin);
 80041c4:	2201      	movs	r2, #1
 80041c6:	40b2      	lsls	r2, r6
 80041c8:	4313      	orrs	r3, r2
 80041ca:	f8c8 3004 	str.w	r3, [r8, #4]
	if ((flags & GPIO_OUTPUT) != 0) {
 80041ce:	f414 3f00 	tst.w	r4, #131072	@ 0x20000
 80041d2:	d005      	beq.n	80041e0 <gpio_stm32_config+0x4c>
		if ((flags & GPIO_OUTPUT_INIT_HIGH) != 0) {
 80041d4:	f414 2f00 	tst.w	r4, #524288	@ 0x80000
 80041d8:	d11c      	bne.n	8004214 <gpio_stm32_config+0x80>
		} else if ((flags & GPIO_OUTPUT_INIT_LOW) != 0) {
 80041da:	f414 2f80 	tst.w	r4, #262144	@ 0x40000
 80041de:	d11f      	bne.n	8004220 <gpio_stm32_config+0x8c>
	stm32_gpioport_configure_pin(dev, pin, pincfg, 0);
 80041e0:	2300      	movs	r3, #0
 80041e2:	9a01      	ldr	r2, [sp, #4]
 80041e4:	4631      	mov	r1, r6
 80041e6:	4628      	mov	r0, r5
 80041e8:	f7ff fbf6 	bl	80039d8 <stm32_gpioport_configure_pin>
	if (((flags & GPIO_OUTPUT) == 0) && ((flags & GPIO_INPUT) == 0) &&
 80041ec:	f1b9 0f00 	cmp.w	r9, #0
 80041f0:	d10c      	bne.n	800420c <gpio_stm32_config+0x78>
	    (data->pin_has_clock_enabled & BIT(pin))) {
 80041f2:	f8d8 3004 	ldr.w	r3, [r8, #4]
	if (((flags & GPIO_OUTPUT) == 0) && ((flags & GPIO_INPUT) == 0) &&
 80041f6:	fa23 f206 	lsr.w	r2, r3, r6
 80041fa:	f012 0f01 	tst.w	r2, #1
 80041fe:	d005      	beq.n	800420c <gpio_stm32_config+0x78>
		data->pin_has_clock_enabled &= ~BIT(pin);
 8004200:	2201      	movs	r2, #1
 8004202:	40b2      	lsls	r2, r6
 8004204:	ea23 0302 	bic.w	r3, r3, r2
 8004208:	f8c8 3004 	str.w	r3, [r8, #4]
}
 800420c:	4638      	mov	r0, r7
 800420e:	b003      	add	sp, #12
 8004210:	e8bd 83f0 	ldmia.w	sp!, {r4, r5, r6, r7, r8, r9, pc}
			gpio_stm32_port_set_bits_raw(dev, BIT(pin));
 8004214:	2101      	movs	r1, #1
 8004216:	40b1      	lsls	r1, r6
 8004218:	4628      	mov	r0, r5
 800421a:	f7ff ff8b 	bl	8004134 <gpio_stm32_port_set_bits_raw>
 800421e:	e7df      	b.n	80041e0 <gpio_stm32_config+0x4c>
			gpio_stm32_port_clear_bits_raw(dev, BIT(pin));
 8004220:	2101      	movs	r1, #1
 8004222:	40b1      	lsls	r1, r6
 8004224:	4628      	mov	r0, r5
 8004226:	f7ff ff8a 	bl	800413e <gpio_stm32_port_clear_bits_raw>
 800422a:	e7d9      	b.n	80041e0 <gpio_stm32_config+0x4c>

0800422c <pinctrl_lookup_state>:

#include <zephyr/drivers/pinctrl.h>

int pinctrl_lookup_state(const struct pinctrl_dev_config *config, uint8_t id,
			 const struct pinctrl_state **state)
{
 800422c:	b500      	push	{lr}
	*state = &config->states[0];
 800422e:	6803      	ldr	r3, [r0, #0]
 8004230:	6013      	str	r3, [r2, #0]
	while (*state < &config->states[config->state_cnt]) {
 8004232:	e001      	b.n	8004238 <pinctrl_lookup_state+0xc>
		if (id == (*state)->id) {
			return 0;
		}

		(*state)++;
 8004234:	3308      	adds	r3, #8
 8004236:	6013      	str	r3, [r2, #0]
	while (*state < &config->states[config->state_cnt]) {
 8004238:	6813      	ldr	r3, [r2, #0]
 800423a:	f890 c004 	ldrb.w	ip, [r0, #4]
 800423e:	f8d0 e000 	ldr.w	lr, [r0]
 8004242:	eb0e 0ccc 	add.w	ip, lr, ip, lsl #3
 8004246:	4563      	cmp	r3, ip
 8004248:	d205      	bcs.n	8004256 <pinctrl_lookup_state+0x2a>
		if (id == (*state)->id) {
 800424a:	f893 c005 	ldrb.w	ip, [r3, #5]
 800424e:	458c      	cmp	ip, r1
 8004250:	d1f0      	bne.n	8004234 <pinctrl_lookup_state+0x8>
			return 0;
 8004252:	2000      	movs	r0, #0
 8004254:	e001      	b.n	800425a <pinctrl_lookup_state+0x2e>
	}

	return -ENOENT;
 8004256:	f06f 0001 	mvn.w	r0, #1
}
 800425a:	f85d fb04 	ldr.w	pc, [sp], #4

0800425e <pinctrl_configure_pins>:
#define IS_GPIO_OUT STM32_GPIO
#endif

int pinctrl_configure_pins(const pinctrl_soc_pin_t *pins, uint8_t pin_cnt,
			   uintptr_t reg)
{
 800425e:	e92d 4ff8 	stmdb	sp!, {r3, r4, r5, r6, r7, r8, r9, sl, fp, lr}
 8004262:	4680      	mov	r8, r0
 8004264:	468a      	mov	sl, r1
	if (ret < 0) {
		return ret;
	}
#endif /* DT_HAS_COMPAT_STATUS_OKAY(st_stm32f1_pinctrl) */

	for (uint8_t i = 0U; i < pin_cnt; i++) {
 8004266:	2400      	movs	r4, #0
	uint32_t pin_cfg = 0;
 8004268:	4626      	mov	r6, r4
	for (uint8_t i = 0U; i < pin_cnt; i++) {
 800426a:	e01a      	b.n	80042a2 <pinctrl_configure_pins+0x44>
			__ASSERT_NO_MSG(STM32_DT_PINMUX_FUNC(mux));
		}
#else
		if (STM32_DT_PINMUX_FUNC(mux) < STM32_ANALOG) {
			pin_cfg = pins[i].pincfg | STM32_MODER_ALT_MODE;
		} else if (STM32_DT_PINMUX_FUNC(mux) == STM32_ANALOG) {
 800426c:	f005 021f 	and.w	r2, r5, #31
 8004270:	2a10      	cmp	r2, #16
 8004272:	d025      	beq.n	80042c0 <pinctrl_configure_pins+0x62>
			pin_cfg = STM32_MODER_ANALOG_MODE;
		} else if (STM32_DT_PINMUX_FUNC(mux) == STM32_GPIO) {
 8004274:	2a11      	cmp	r2, #17
 8004276:	d021      	beq.n	80042bc <pinctrl_configure_pins+0x5e>
		} else {
			/* Not supported */
			__ASSERT_NO_MSG(STM32_DT_PINMUX_FUNC(mux));
		}
#endif /* DT_HAS_COMPAT_STATUS_OKAY(st_stm32f1_pinctrl) */
		port = stm32_gpioport_get(STM32_DT_PINMUX_PORT(mux));
 8004278:	f3c5 2044 	ubfx	r0, r5, #9, #5
 800427c:	f7fc fa0e 	bl	800069c <stm32_gpioport_get>
		if (port == NULL) {
 8004280:	4681      	mov	r9, r0
 8004282:	b398      	cbz	r0, 80042ec <pinctrl_configure_pins+0x8e>
		ret = pm_device_runtime_get(port);
		if (ret < 0) {
			return ret;
		}

		line = STM32_DT_PINMUX_LINE(mux);
 8004284:	f3c5 1b43 	ubfx	fp, r5, #5, #4
		func = STM32_DT_PINMUX_FUNC(mux);
 8004288:	f005 071f 	and.w	r7, r5, #31

		cfg_ret = stm32_gpioport_configure_pin(port, line, pin_cfg, func);
 800428c:	463b      	mov	r3, r7
 800428e:	4632      	mov	r2, r6
 8004290:	4659      	mov	r1, fp
 8004292:	f7ff fba1 	bl	80039d8 <stm32_gpioport_configure_pin>

		if (cfg_ret >= 0 && func == IS_GPIO_OUT) {
 8004296:	2800      	cmp	r0, #0
 8004298:	db26      	blt.n	80042e8 <pinctrl_configure_pins+0x8a>
 800429a:	2f11      	cmp	r7, #17
 800429c:	d012      	beq.n	80042c4 <pinctrl_configure_pins+0x66>
	for (uint8_t i = 0U; i < pin_cnt; i++) {
 800429e:	3401      	adds	r4, #1
 80042a0:	b2e4      	uxtb	r4, r4
 80042a2:	4554      	cmp	r4, sl
 80042a4:	d21f      	bcs.n	80042e6 <pinctrl_configure_pins+0x88>
		mux = pins[i].pinmux;
 80042a6:	eb08 03c4 	add.w	r3, r8, r4, lsl #3
 80042aa:	f858 5034 	ldr.w	r5, [r8, r4, lsl #3]
		if (STM32_DT_PINMUX_FUNC(mux) < STM32_ANALOG) {
 80042ae:	f015 0f10 	tst.w	r5, #16
 80042b2:	d1db      	bne.n	800426c <pinctrl_configure_pins+0xe>
			pin_cfg = pins[i].pincfg | STM32_MODER_ALT_MODE;
 80042b4:	685e      	ldr	r6, [r3, #4]
 80042b6:	f046 0620 	orr.w	r6, r6, #32
 80042ba:	e7dd      	b.n	8004278 <pinctrl_configure_pins+0x1a>
			pin_cfg = pins[i].pincfg;
 80042bc:	685e      	ldr	r6, [r3, #4]
 80042be:	e7db      	b.n	8004278 <pinctrl_configure_pins+0x1a>
			pin_cfg = STM32_MODER_ANALOG_MODE;
 80042c0:	2630      	movs	r6, #48	@ 0x30
 80042c2:	e7d9      	b.n	8004278 <pinctrl_configure_pins+0x1a>
			/* Apply output level configuration */
			const struct gpio_stm32_config *cfg = port->config;
 80042c4:	f8d9 3004 	ldr.w	r3, [r9, #4]
			GPIO_TypeDef *gpio = cfg->base;
 80042c8:	685a      	ldr	r2, [r3, #4]
			uint32_t gpio_out = pin_cfg & (STM32_ODR_MASK << STM32_ODR_SHIFT);

			if (gpio_out == STM32_ODR_1) {
 80042ca:	f416 6f00 	tst.w	r6, #2048	@ 0x800
 80042ce:	d004      	beq.n	80042da <pinctrl_configure_pins+0x7c>
				stm32_reg_write(&gpio->BSRR, BIT(line));
 80042d0:	2301      	movs	r3, #1
 80042d2:	fa03 f30b 	lsl.w	r3, r3, fp
 80042d6:	6193      	str	r3, [r2, #24]
}
 80042d8:	e7e1      	b.n	800429e <pinctrl_configure_pins+0x40>
			} else {
				/* c.f. gpio_stm32_port_clear_bits_raw() for rationale */
#ifdef CONFIG_SOC_SERIES_STM32F1X
				stm32_reg_write(&gpio->BRR, BIT(line));
#else /* CONFIG_SOC_SERIES_STM32F1X */
				LL_GPIO_ResetOutputPin(gpio, BIT(line));
 80042da:	2301      	movs	r3, #1
 80042dc:	fa03 f30b 	lsl.w	r3, r3, fp
 80042e0:	041b      	lsls	r3, r3, #16
 80042e2:	6193      	str	r3, [r2, #24]
}
 80042e4:	e7db      	b.n	800429e <pinctrl_configure_pins+0x40>
		if (cfg_ret < 0) {
			return cfg_ret;
		}
	}

	return 0;
 80042e6:	2000      	movs	r0, #0
}
 80042e8:	e8bd 8ff8 	ldmia.w	sp!, {r3, r4, r5, r6, r7, r8, r9, sl, fp, pc}
			return -ENODEV;
 80042ec:	f06f 0012 	mvn.w	r0, #18
 80042f0:	e7fa      	b.n	80042e8 <pinctrl_configure_pins+0x8a>

080042f2 <reset_stm32_status>:
};

static int reset_stm32_status(const struct device *dev, uint32_t id,
			      uint8_t *status)
{
	const struct reset_stm32_config *config = dev->config;
 80042f2:	6843      	ldr	r3, [r0, #4]

	*status = !!sys_test_bit(config->base + STM32_RESET_SET_OFFSET(id),
 80042f4:	6818      	ldr	r0, [r3, #0]
 80042f6:	f3c1 134b 	ubfx	r3, r1, #5, #12
 80042fa:	f001 011f 	and.w	r1, r1, #31
	uint32_t temp = *(volatile uint32_t *)addr;
 80042fe:	58c3      	ldr	r3, [r0, r3]
	return temp & (1U << bit);
 8004300:	2001      	movs	r0, #1
 8004302:	fa00 f101 	lsl.w	r1, r0, r1
 8004306:	400b      	ands	r3, r1
 8004308:	3b00      	subs	r3, #0
 800430a:	bf18      	it	ne
 800430c:	2301      	movne	r3, #1
 800430e:	7013      	strb	r3, [r2, #0]
				 STM32_RESET_REG_BIT(id));

	return 0;
}
 8004310:	2000      	movs	r0, #0
 8004312:	4770      	bx	lr

08004314 <reset_stm32_line_assert>:

static int reset_stm32_line_assert(const struct device *dev, uint32_t id)
{
 8004314:	b410      	push	{r4}
	const struct reset_stm32_config *config = dev->config;
 8004316:	6843      	ldr	r3, [r0, #4]

	sys_set_bit(config->base + STM32_RESET_SET_OFFSET(id),
 8004318:	681c      	ldr	r4, [r3, #0]
 800431a:	f3c1 104b 	ubfx	r0, r1, #5, #12
 800431e:	f001 011f 	and.w	r1, r1, #31
	uint32_t temp = *(volatile uint32_t *)addr;
 8004322:	5823      	ldr	r3, [r4, r0]
	*(volatile uint32_t *)addr = temp | (1U << bit);
 8004324:	2201      	movs	r2, #1
 8004326:	408a      	lsls	r2, r1
 8004328:	4313      	orrs	r3, r2
 800432a:	5023      	str	r3, [r4, r0]
		    STM32_RESET_REG_BIT(id));

	return 0;
}
 800432c:	2000      	movs	r0, #0
 800432e:	bc10      	pop	{r4}
 8004330:	4770      	bx	lr

08004332 <reset_stm32_line_deassert>:

static int reset_stm32_line_deassert(const struct device *dev, uint32_t id)
{
 8004332:	b410      	push	{r4}
	const struct reset_stm32_config *config = dev->config;
 8004334:	6843      	ldr	r3, [r0, #4]

#if DT_INST_PROP(0, set_bit_to_deassert)
	sys_set_bit(config->base + STM32_RESET_CLR_OFFSET(id),
		    STM32_RESET_REG_BIT(id));
#else
	sys_clear_bit(config->base + STM32_RESET_SET_OFFSET(id),
 8004336:	681c      	ldr	r4, [r3, #0]
 8004338:	f3c1 104b 	ubfx	r0, r1, #5, #12
 800433c:	f001 011f 	and.w	r1, r1, #31
	uint32_t temp = *(volatile uint32_t *)addr;
 8004340:	5823      	ldr	r3, [r4, r0]
	*(volatile uint32_t *)addr = temp & ~(1U << bit);
 8004342:	2201      	movs	r2, #1
 8004344:	408a      	lsls	r2, r1
 8004346:	ea23 0302 	bic.w	r3, r3, r2
 800434a:	5023      	str	r3, [r4, r0]
		      STM32_RESET_REG_BIT(id));
#endif

	return 0;
}
 800434c:	2000      	movs	r0, #0
 800434e:	bc10      	pop	{r4}
 8004350:	4770      	bx	lr

08004352 <reset_stm32_line_toggle>:

static int reset_stm32_line_toggle(const struct device *dev, uint32_t id)
{
 8004352:	b538      	push	{r3, r4, r5, lr}
 8004354:	4604      	mov	r4, r0
 8004356:	460d      	mov	r5, r1
	reset_stm32_line_assert(dev, id);
 8004358:	f7ff ffdc 	bl	8004314 <reset_stm32_line_assert>
	reset_stm32_line_deassert(dev, id);
 800435c:	4629      	mov	r1, r5
 800435e:	4620      	mov	r0, r4
 8004360:	f7ff ffe7 	bl	8004332 <reset_stm32_line_deassert>

	return 0;
}
 8004364:	2000      	movs	r0, #0
 8004366:	bd38      	pop	{r3, r4, r5, pc}

08004368 <reset_line_toggle>:

extern int z_impl_reset_line_toggle(const struct device * dev, uint32_t id);

__pinned_func
static inline int reset_line_toggle(const struct device * dev, uint32_t id)
{
 8004368:	b508      	push	{r3, lr}
 */
__syscall int reset_line_toggle(const struct device *dev, uint32_t id);

static inline int z_impl_reset_line_toggle(const struct device *dev, uint32_t id)
{
	const struct reset_driver_api *api = (const struct reset_driver_api *)dev->api;
 800436a:	6883      	ldr	r3, [r0, #8]

	if (api->line_toggle == NULL) {
 800436c:	68db      	ldr	r3, [r3, #12]
 800436e:	b10b      	cbz	r3, 8004374 <reset_line_toggle+0xc>
		return -ENOSYS;
	}

	return api->line_toggle(dev, id);
 8004370:	4798      	blx	r3
		return (int) arch_syscall_invoke2(parm0.x, parm1.x, K_SYSCALL_RESET_LINE_TOGGLE);
	}
#endif
	compiler_barrier();
	return z_impl_reset_line_toggle(dev, id);
}
 8004372:	bd08      	pop	{r3, pc}
		return -ENOSYS;
 8004374:	f06f 0057 	mvn.w	r0, #87	@ 0x57
	return z_impl_reset_line_toggle(dev, id);
 8004378:	e7fb      	b.n	8004372 <reset_line_toggle+0xa>

0800437a <uart_stm32_parameters_set>:
{
 800437a:	b5f8      	push	{r3, r4, r5, r6, r7, lr}
 800437c:	460c      	mov	r4, r1
	const struct uart_stm32_config *config = dev->config;
 800437e:	6847      	ldr	r7, [r0, #4]
	struct uart_stm32_data *data = dev->data;
 8004380:	6903      	ldr	r3, [r0, #16]
	struct uart_config *uart_cfg = data->uart_cfg;
 8004382:	681d      	ldr	r5, [r3, #0]
	const uint32_t parity = uart_stm32_cfg2ll_parity(cfg->parity);
 8004384:	7909      	ldrb	r1, [r1, #4]
	switch (parity) {
 8004386:	2901      	cmp	r1, #1
 8004388:	d004      	beq.n	8004394 <uart_stm32_parameters_set+0x1a>
 800438a:	2902      	cmp	r1, #2
 800438c:	d10e      	bne.n	80043ac <uart_stm32_parameters_set+0x32>
		return LL_USART_PARITY_EVEN;
 800438e:	f44f 6380 	mov.w	r3, #1024	@ 0x400
 8004392:	e001      	b.n	8004398 <uart_stm32_parameters_set+0x1e>
	switch (parity) {
 8004394:	f44f 63c0 	mov.w	r3, #1536	@ 0x600
	const uint32_t stopbits = uart_stm32_cfg2ll_stopbits(config, cfg->stop_bits);
 8004398:	7962      	ldrb	r2, [r4, #5]
	switch (sb) {
 800439a:	2a01      	cmp	r2, #1
 800439c:	d008      	beq.n	80043b0 <uart_stm32_parameters_set+0x36>
 800439e:	2a02      	cmp	r2, #2
 80043a0:	d008      	beq.n	80043b4 <uart_stm32_parameters_set+0x3a>
 80043a2:	2a00      	cmp	r2, #0
 80043a4:	d14b      	bne.n	800443e <uart_stm32_parameters_set+0xc4>
 80043a6:	f44f 5280 	mov.w	r2, #4096	@ 0x1000
 80043aa:	e005      	b.n	80043b8 <uart_stm32_parameters_set+0x3e>
		return LL_USART_PARITY_NONE;
 80043ac:	2300      	movs	r3, #0
 80043ae:	e7f3      	b.n	8004398 <uart_stm32_parameters_set+0x1e>
		return STM32_USART_STOP_BIT_1;
 80043b0:	2200      	movs	r2, #0
 80043b2:	e001      	b.n	80043b8 <uart_stm32_parameters_set+0x3e>
		return STM32_USART_STOP_BIT_1_5;
 80043b4:	f44f 5240 	mov.w	r2, #12288	@ 0x3000
	const uint32_t databits = uart_stm32_cfg2ll_databits(cfg->data_bits,
 80043b8:	79a6      	ldrb	r6, [r4, #6]
	switch (db) {
 80043ba:	2e04      	cmp	r6, #4
 80043bc:	d042      	beq.n	8004444 <uart_stm32_parameters_set+0xca>
		if (p != UART_CFG_PARITY_NONE) {
 80043be:	2900      	cmp	r1, #0
 80043c0:	d143      	bne.n	800444a <uart_stm32_parameters_set+0xd0>
		return STM32_USART_DATAWIDTH_8_BIT;
 80043c2:	f04f 0c00 	mov.w	ip, #0
	const uint32_t flowctrl = uart_stm32_cfg2ll_hwctrl(cfg->flow_ctrl);
 80043c6:	79e1      	ldrb	r1, [r4, #7]
	if (fc == UART_CFG_FLOW_CTRL_RTS_CTS) {
 80043c8:	2901      	cmp	r1, #1
 80043ca:	d041      	beq.n	8004450 <uart_stm32_parameters_set+0xd6>
	return LL_USART_HWCONTROL_NONE;
 80043cc:	2100      	movs	r1, #0
	if (cfg == uart_cfg) {
 80043ce:	42a5      	cmp	r5, r4
 80043d0:	d041      	beq.n	8004456 <uart_stm32_parameters_set+0xdc>
	return LL_USART_GetParity(config->usart);
 80043d2:	683f      	ldr	r7, [r7, #0]
  return (uint32_t)(READ_BIT(USARTx->CR1, USART_CR1_PS | USART_CR1_PCE));
 80043d4:	68fe      	ldr	r6, [r7, #12]
 80043d6:	f406 6ec0 	and.w	lr, r6, #1536	@ 0x600
		if (parity != uart_stm32_get_parity(dev)) {
 80043da:	4573      	cmp	r3, lr
 80043dc:	d004      	beq.n	80043e8 <uart_stm32_parameters_set+0x6e>
  MODIFY_REG(USARTx->CR1, USART_CR1_PS | USART_CR1_PCE, Parity);
 80043de:	68fe      	ldr	r6, [r7, #12]
 80043e0:	f426 66c0 	bic.w	r6, r6, #1536	@ 0x600
 80043e4:	4333      	orrs	r3, r6
 80043e6:	60fb      	str	r3, [r7, #12]
	const struct uart_stm32_config *config = dev->config;
 80043e8:	6843      	ldr	r3, [r0, #4]
	return LL_USART_GetStopBitsLength(config->usart);
 80043ea:	681e      	ldr	r6, [r3, #0]
  return (uint32_t)(READ_BIT(USARTx->CR2, USART_CR2_STOP));
 80043ec:	6933      	ldr	r3, [r6, #16]
 80043ee:	f403 5340 	and.w	r3, r3, #12288	@ 0x3000
		if (stopbits != uart_stm32_get_stopbits(dev)) {
 80043f2:	429a      	cmp	r2, r3
 80043f4:	d004      	beq.n	8004400 <uart_stm32_parameters_set+0x86>
  MODIFY_REG(USARTx->CR2, USART_CR2_STOP, StopBits);
 80043f6:	6933      	ldr	r3, [r6, #16]
 80043f8:	f423 5340 	bic.w	r3, r3, #12288	@ 0x3000
 80043fc:	431a      	orrs	r2, r3
 80043fe:	6132      	str	r2, [r6, #16]
	const struct uart_stm32_config *config = dev->config;
 8004400:	6843      	ldr	r3, [r0, #4]
	return LL_USART_GetDataWidth(config->usart);
 8004402:	681e      	ldr	r6, [r3, #0]
  return (uint32_t)(READ_BIT(USARTx->CR1, USART_CR1_M));
 8004404:	68f3      	ldr	r3, [r6, #12]
 8004406:	f403 5380 	and.w	r3, r3, #4096	@ 0x1000
		if (databits != uart_stm32_get_databits(dev)) {
 800440a:	459c      	cmp	ip, r3
 800440c:	d005      	beq.n	800441a <uart_stm32_parameters_set+0xa0>
  MODIFY_REG(USARTx->CR1, USART_CR1_M, DataWidth);
 800440e:	68f3      	ldr	r3, [r6, #12]
 8004410:	f423 5380 	bic.w	r3, r3, #4096	@ 0x1000
 8004414:	ea4c 0303 	orr.w	r3, ip, r3
 8004418:	60f3      	str	r3, [r6, #12]
	const struct uart_stm32_config *config = dev->config;
 800441a:	6843      	ldr	r3, [r0, #4]
	return LL_USART_GetHWFlowCtrl(config->usart);
 800441c:	681a      	ldr	r2, [r3, #0]
  return (uint32_t)(READ_BIT(USARTx->CR3, USART_CR3_RTSE | USART_CR3_CTSE));
 800441e:	6953      	ldr	r3, [r2, #20]
 8004420:	f403 7340 	and.w	r3, r3, #768	@ 0x300
		if (flowctrl != uart_stm32_get_hwctrl(dev)) {
 8004424:	4299      	cmp	r1, r3
 8004426:	d004      	beq.n	8004432 <uart_stm32_parameters_set+0xb8>
  MODIFY_REG(USARTx->CR3, USART_CR3_RTSE | USART_CR3_CTSE, HardwareFlowControl);
 8004428:	6953      	ldr	r3, [r2, #20]
 800442a:	f423 7340 	bic.w	r3, r3, #768	@ 0x300
 800442e:	430b      	orrs	r3, r1
 8004430:	6153      	str	r3, [r2, #20]
		if (cfg->baudrate != uart_cfg->baudrate) {
 8004432:	6821      	ldr	r1, [r4, #0]
 8004434:	682b      	ldr	r3, [r5, #0]
 8004436:	4299      	cmp	r1, r3
 8004438:	d128      	bne.n	800448c <uart_stm32_parameters_set+0x112>
	return 0;
 800443a:	2000      	movs	r0, #0
}
 800443c:	bdf8      	pop	{r3, r4, r5, r6, r7, pc}
		return STM32_USART_STOP_BIT_2;
 800443e:	f44f 5200 	mov.w	r2, #8192	@ 0x2000
 8004442:	e7b9      	b.n	80043b8 <uart_stm32_parameters_set+0x3e>
		return STM32_USART_DATAWIDTH_9_BIT;
 8004444:	f44f 5c80 	mov.w	ip, #4096	@ 0x1000
 8004448:	e7bd      	b.n	80043c6 <uart_stm32_parameters_set+0x4c>
			return STM32_USART_DATAWIDTH_9_BIT;
 800444a:	f44f 5c80 	mov.w	ip, #4096	@ 0x1000
 800444e:	e7ba      	b.n	80043c6 <uart_stm32_parameters_set+0x4c>
		return LL_USART_HWCONTROL_RTS_CTS;
 8004450:	f44f 7140 	mov.w	r1, #768	@ 0x300
 8004454:	e7bb      	b.n	80043ce <uart_stm32_parameters_set+0x54>
		LL_USART_ConfigCharacter(config->usart,
 8004456:	683e      	ldr	r6, [r7, #0]
  MODIFY_REG(USARTx->CR1, USART_CR1_PS | USART_CR1_PCE | USART_CR1_M, Parity | DataWidth);
 8004458:	68f5      	ldr	r5, [r6, #12]
 800445a:	f425 55b0 	bic.w	r5, r5, #5632	@ 0x1600
 800445e:	ea43 030c 	orr.w	r3, r3, ip
 8004462:	432b      	orrs	r3, r5
 8004464:	60f3      	str	r3, [r6, #12]
  MODIFY_REG(USARTx->CR2, USART_CR2_STOP, StopBits);
 8004466:	6933      	ldr	r3, [r6, #16]
 8004468:	f423 5340 	bic.w	r3, r3, #12288	@ 0x3000
 800446c:	4313      	orrs	r3, r2
 800446e:	6133      	str	r3, [r6, #16]
	const struct uart_stm32_config *config = dev->config;
 8004470:	6843      	ldr	r3, [r0, #4]
	LL_USART_SetHWFlowCtrl(config->usart, hwctrl);
 8004472:	681a      	ldr	r2, [r3, #0]
  MODIFY_REG(USARTx->CR3, USART_CR3_RTSE | USART_CR3_CTSE, HardwareFlowControl);
 8004474:	6953      	ldr	r3, [r2, #20]
 8004476:	f423 7340 	bic.w	r3, r3, #768	@ 0x300
 800447a:	430b      	orrs	r3, r1
 800447c:	6153      	str	r3, [r2, #20]
		ret = uart_stm32_set_baudrate(dev, cfg->baudrate);
 800447e:	6821      	ldr	r1, [r4, #0]
 8004480:	f7fd fa40 	bl	8001904 <uart_stm32_set_baudrate>
		if (ret < 0) {
 8004484:	2800      	cmp	r0, #0
 8004486:	dbd9      	blt.n	800443c <uart_stm32_parameters_set+0xc2>
	return 0;
 8004488:	2000      	movs	r0, #0
 800448a:	e7d7      	b.n	800443c <uart_stm32_parameters_set+0xc2>
			ret = uart_stm32_set_baudrate(dev, cfg->baudrate);
 800448c:	f7fd fa3a 	bl	8001904 <uart_stm32_set_baudrate>
			if (ret < 0) {
 8004490:	2800      	cmp	r0, #0
 8004492:	dbd3      	blt.n	800443c <uart_stm32_parameters_set+0xc2>
			uart_cfg->baudrate = cfg->baudrate;
 8004494:	6823      	ldr	r3, [r4, #0]
 8004496:	602b      	str	r3, [r5, #0]
	return 0;
 8004498:	2000      	movs	r0, #0
 800449a:	e7cf      	b.n	800443c <uart_stm32_parameters_set+0xc2>

0800449c <uart_stm32_config_get>:
	struct uart_stm32_data *data = dev->data;
 800449c:	6903      	ldr	r3, [r0, #16]
	struct uart_config *uart_cfg = data->uart_cfg;
 800449e:	681b      	ldr	r3, [r3, #0]
	cfg->baudrate = uart_cfg->baudrate;
 80044a0:	681b      	ldr	r3, [r3, #0]
 80044a2:	600b      	str	r3, [r1, #0]
	const struct uart_stm32_config *config = dev->config;
 80044a4:	6843      	ldr	r3, [r0, #4]
	return LL_USART_GetParity(config->usart);
 80044a6:	681b      	ldr	r3, [r3, #0]
  return (uint32_t)(READ_BIT(USARTx->CR1, USART_CR1_PS | USART_CR1_PCE));
 80044a8:	68db      	ldr	r3, [r3, #12]
 80044aa:	f403 63c0 	and.w	r3, r3, #1536	@ 0x600
	switch (parity) {
 80044ae:	f5b3 6f80 	cmp.w	r3, #1024	@ 0x400
 80044b2:	d004      	beq.n	80044be <uart_stm32_config_get+0x22>
 80044b4:	f5b3 6fc0 	cmp.w	r3, #1536	@ 0x600
 80044b8:	d111      	bne.n	80044de <uart_stm32_config_get+0x42>
 80044ba:	2301      	movs	r3, #1
 80044bc:	e000      	b.n	80044c0 <uart_stm32_config_get+0x24>
		return UART_CFG_PARITY_EVEN;
 80044be:	2302      	movs	r3, #2
	cfg->parity = uart_stm32_ll2cfg_parity(uart_stm32_get_parity(dev));
 80044c0:	710b      	strb	r3, [r1, #4]
	const struct uart_stm32_config *config = dev->config;
 80044c2:	6843      	ldr	r3, [r0, #4]
	return LL_USART_GetStopBitsLength(config->usart);
 80044c4:	681b      	ldr	r3, [r3, #0]
  return (uint32_t)(READ_BIT(USARTx->CR2, USART_CR2_STOP));
 80044c6:	691b      	ldr	r3, [r3, #16]
 80044c8:	f403 5340 	and.w	r3, r3, #12288	@ 0x3000
	switch (sb) {
 80044cc:	f5b3 5f80 	cmp.w	r3, #4096	@ 0x1000
 80044d0:	d007      	beq.n	80044e2 <uart_stm32_config_get+0x46>
 80044d2:	f5b3 5f40 	cmp.w	r3, #12288	@ 0x3000
 80044d6:	d006      	beq.n	80044e6 <uart_stm32_config_get+0x4a>
 80044d8:	b9fb      	cbnz	r3, 800451a <uart_stm32_config_get+0x7e>
		return UART_CFG_STOP_BITS_1;
 80044da:	2301      	movs	r3, #1
 80044dc:	e004      	b.n	80044e8 <uart_stm32_config_get+0x4c>
		return UART_CFG_PARITY_NONE;
 80044de:	2300      	movs	r3, #0
 80044e0:	e7ee      	b.n	80044c0 <uart_stm32_config_get+0x24>
	switch (sb) {
 80044e2:	2300      	movs	r3, #0
 80044e4:	e000      	b.n	80044e8 <uart_stm32_config_get+0x4c>
		return UART_CFG_STOP_BITS_1_5;
 80044e6:	2302      	movs	r3, #2
	cfg->stop_bits = uart_stm32_ll2cfg_stopbits(
 80044e8:	714b      	strb	r3, [r1, #5]
	const struct uart_stm32_config *config = dev->config;
 80044ea:	6843      	ldr	r3, [r0, #4]
	return LL_USART_GetDataWidth(config->usart);
 80044ec:	681b      	ldr	r3, [r3, #0]
  return (uint32_t)(READ_BIT(USARTx->CR1, USART_CR1_M));
 80044ee:	68da      	ldr	r2, [r3, #12]
  return (uint32_t)(READ_BIT(USARTx->CR1, USART_CR1_PS | USART_CR1_PCE));
 80044f0:	68db      	ldr	r3, [r3, #12]
 80044f2:	f403 63c0 	and.w	r3, r3, #1536	@ 0x600
	switch (db) {
 80044f6:	f412 5f80 	tst.w	r2, #4096	@ 0x1000
 80044fa:	d110      	bne.n	800451e <uart_stm32_config_get+0x82>
		if (p == LL_USART_PARITY_NONE) {
 80044fc:	b9a3      	cbnz	r3, 8004528 <uart_stm32_config_get+0x8c>
			return UART_CFG_DATA_BITS_8;
 80044fe:	2303      	movs	r3, #3
	cfg->data_bits = uart_stm32_ll2cfg_databits(
 8004500:	718b      	strb	r3, [r1, #6]
	const struct uart_stm32_config *config = dev->config;
 8004502:	6843      	ldr	r3, [r0, #4]
	return LL_USART_GetHWFlowCtrl(config->usart);
 8004504:	681b      	ldr	r3, [r3, #0]
  return (uint32_t)(READ_BIT(USARTx->CR3, USART_CR3_RTSE | USART_CR3_CTSE));
 8004506:	695b      	ldr	r3, [r3, #20]
 8004508:	f403 7340 	and.w	r3, r3, #768	@ 0x300
	if (fc == LL_USART_HWCONTROL_RTS_CTS) {
 800450c:	f5b3 7f40 	cmp.w	r3, #768	@ 0x300
 8004510:	d00c      	beq.n	800452c <uart_stm32_config_get+0x90>
	return UART_CFG_FLOW_CTRL_NONE;
 8004512:	2300      	movs	r3, #0
	cfg->flow_ctrl = uart_stm32_ll2cfg_hwctrl(
 8004514:	71cb      	strb	r3, [r1, #7]
}
 8004516:	2000      	movs	r0, #0
 8004518:	4770      	bx	lr
		return UART_CFG_STOP_BITS_2;
 800451a:	2303      	movs	r3, #3
 800451c:	e7e4      	b.n	80044e8 <uart_stm32_config_get+0x4c>
		if (p == LL_USART_PARITY_NONE) {
 800451e:	b90b      	cbnz	r3, 8004524 <uart_stm32_config_get+0x88>
			return UART_CFG_DATA_BITS_9;
 8004520:	2304      	movs	r3, #4
 8004522:	e7ed      	b.n	8004500 <uart_stm32_config_get+0x64>
			return UART_CFG_DATA_BITS_8;
 8004524:	2303      	movs	r3, #3
 8004526:	e7eb      	b.n	8004500 <uart_stm32_config_get+0x64>
			return UART_CFG_DATA_BITS_7;
 8004528:	2302      	movs	r3, #2
 800452a:	e7e9      	b.n	8004500 <uart_stm32_config_get+0x64>
		return UART_CFG_FLOW_CTRL_RTS_CTS;
 800452c:	2301      	movs	r3, #1
 800452e:	e7f1      	b.n	8004514 <uart_stm32_config_get+0x78>

08004530 <uart_stm32_poll_in_visitor>:
{
 8004530:	b500      	push	{lr}
 8004532:	b083      	sub	sp, #12
	const struct uart_stm32_config *config = dev->config;
 8004534:	6843      	ldr	r3, [r0, #4]
	USART_TypeDef *usart = config->usart;
 8004536:	6818      	ldr	r0, [r3, #0]
  * @param  USARTx USART Instance
  * @retval State of bit (1 or 0).
  */
__STATIC_INLINE uint32_t LL_USART_IsActiveFlag_ORE(const USART_TypeDef *USARTx)
{
  return (READ_BIT(USARTx->SR, USART_SR_ORE) == (USART_SR_ORE));
 8004538:	6803      	ldr	r3, [r0, #0]
	if (LL_USART_IsActiveFlag_ORE(usart)) {
 800453a:	f013 0f08 	tst.w	r3, #8
 800453e:	d005      	beq.n	800454c <uart_stm32_poll_in_visitor+0x1c>
  * @retval None
  */
__STATIC_INLINE void LL_USART_ClearFlag_ORE(USART_TypeDef *USARTx)
{
  __IO uint32_t tmpreg;
  tmpreg = USARTx->SR;
 8004540:	6803      	ldr	r3, [r0, #0]
 8004542:	9301      	str	r3, [sp, #4]
  (void) tmpreg;
 8004544:	9b01      	ldr	r3, [sp, #4]
  tmpreg = USARTx->DR;
 8004546:	6843      	ldr	r3, [r0, #4]
 8004548:	9301      	str	r3, [sp, #4]
  (void) tmpreg;
 800454a:	9b01      	ldr	r3, [sp, #4]
  return (READ_BIT(USARTx->SR, USART_SR_RXNE) == (USART_SR_RXNE));
 800454c:	6803      	ldr	r3, [r0, #0]
	if (!ll_usart_is_active_rxne(usart)) {
 800454e:	f013 0f20 	tst.w	r3, #32
 8004552:	d004      	beq.n	800455e <uart_stm32_poll_in_visitor+0x2e>
	get_fn(usart, in);
 8004554:	4790      	blx	r2
	return 0;
 8004556:	2000      	movs	r0, #0
}
 8004558:	b003      	add	sp, #12
 800455a:	f85d fb04 	ldr.w	pc, [sp], #4
		return -1;
 800455e:	f04f 30ff 	mov.w	r0, #4294967295
 8004562:	e7f9      	b.n	8004558 <uart_stm32_poll_in_visitor+0x28>

08004564 <uart_stm32_poll_out_visitor>:
{
 8004564:	b510      	push	{r4, lr}
	const struct uart_stm32_config *config = dev->config;
 8004566:	6843      	ldr	r3, [r0, #4]
	USART_TypeDef *usart = config->usart;
 8004568:	6818      	ldr	r0, [r3, #0]
  return (READ_BIT(USARTx->SR, USART_SR_TXE) == (USART_SR_TXE));
 800456a:	6803      	ldr	r3, [r0, #0]
		if (ll_usart_is_active_txe(usart)) {
 800456c:	f013 0f80 	tst.w	r3, #128	@ 0x80
 8004570:	d0fb      	beq.n	800456a <uart_stm32_poll_out_visitor+0x6>
  __ASM volatile ("MRS %0, basepri" : "=r" (result) );
 8004572:	f3ef 8411 	mrs	r4, BASEPRI
  __ASM volatile ("MSR basepri_max, %0" : : "r" (basePri) : "memory");
 8004576:	2310      	movs	r3, #16
 8004578:	f383 8812 	msr	BASEPRI_MAX, r3
 800457c:	f3bf 8f6f 	isb	sy
 8004580:	6803      	ldr	r3, [r0, #0]
			if (ll_usart_is_active_txe(usart)) {
 8004582:	f013 0f80 	tst.w	r3, #128	@ 0x80
 8004586:	d104      	bne.n	8004592 <uart_stm32_poll_out_visitor+0x2e>
  __ASM volatile ("MSR basepri, %0" : : "r" (basePri) : "memory");
 8004588:	f384 8811 	msr	BASEPRI, r4
 800458c:	f3bf 8f6f 	isb	sy
	}
	__enable_irq();
#else
#error Unknown ARM architecture
#endif /* CONFIG_ARMV6_M_ARMV8_M_BASELINE */
}
 8004590:	e7eb      	b.n	800456a <uart_stm32_poll_out_visitor+0x6>
	set_fn(usart, out);
 8004592:	4790      	blx	r2
 8004594:	f384 8811 	msr	BASEPRI, r4
 8004598:	f3bf 8f6f 	isb	sy
}
 800459c:	bd10      	pop	{r4, pc}

0800459e <poll_in_u8>:
  * @param  USARTx USART Instance
  * @retval Value between Min_Data=0x00 and Max_Data=0xFF
  */
__STATIC_INLINE uint8_t LL_USART_ReceiveData8(const USART_TypeDef *USARTx)
{
  return (uint8_t)(READ_BIT(USARTx->DR, USART_DR_DR));
 800459e:	6843      	ldr	r3, [r0, #4]
	*((unsigned char *)in) = (unsigned char)LL_USART_ReceiveData8(usart);
 80045a0:	700b      	strb	r3, [r1, #0]
}
 80045a2:	4770      	bx	lr

080045a4 <poll_out_u8>:
	LL_USART_TransmitData8(usart, (uint8_t)out);
 80045a4:	b2c9      	uxtb	r1, r1
  * @param  Value between Min_Data=0x00 and Max_Data=0xFF
  * @retval None
  */
__STATIC_INLINE void LL_USART_TransmitData8(USART_TypeDef *USARTx, uint8_t Value)
{
  USARTx->DR = Value;
 80045a6:	6041      	str	r1, [r0, #4]
}
 80045a8:	4770      	bx	lr

080045aa <uart_stm32_err_check>:
}

#endif

static int uart_stm32_err_check(const struct device *dev)
{
 80045aa:	b084      	sub	sp, #16
	const struct uart_stm32_config *config = dev->config;
 80045ac:	6843      	ldr	r3, [r0, #4]
	USART_TypeDef *usart = config->usart;
 80045ae:	681b      	ldr	r3, [r3, #0]
  return (READ_BIT(USARTx->SR, USART_SR_ORE) == (USART_SR_ORE));
 80045b0:	6818      	ldr	r0, [r3, #0]
	/* Check for errors, then clear them.
	 * Some SoC clear all error flags when at least
	 * one is cleared. (e.g. F4X, F1X, and F2X).
	 * The stm32 F4X, F1X, and F2X also reads the usart DR when clearing Errors
	 */
	if (LL_USART_IsActiveFlag_ORE(usart)) {
 80045b2:	f010 0008 	ands.w	r0, r0, #8
 80045b6:	d000      	beq.n	80045ba <uart_stm32_err_check+0x10>
		err |= UART_ERROR_OVERRUN;
 80045b8:	2001      	movs	r0, #1
  return (READ_BIT(USARTx->SR, USART_SR_PE) == (USART_SR_PE));
 80045ba:	681a      	ldr	r2, [r3, #0]
	}

	if (LL_USART_IsActiveFlag_PE(usart)) {
 80045bc:	f012 0f01 	tst.w	r2, #1
 80045c0:	d001      	beq.n	80045c6 <uart_stm32_err_check+0x1c>
		err |= UART_ERROR_PARITY;
 80045c2:	f040 0002 	orr.w	r0, r0, #2
  return (READ_BIT(USARTx->SR, USART_SR_FE) == (USART_SR_FE));
 80045c6:	681a      	ldr	r2, [r3, #0]
	}

	if (LL_USART_IsActiveFlag_FE(usart)) {
 80045c8:	f012 0f02 	tst.w	r2, #2
 80045cc:	d001      	beq.n	80045d2 <uart_stm32_err_check+0x28>
		err |= UART_ERROR_FRAMING;
 80045ce:	f040 0004 	orr.w	r0, r0, #4
  return (READ_BIT(USARTx->SR, USART_SR_NE) == (USART_SR_NE));
 80045d2:	681a      	ldr	r2, [r3, #0]
	}

	if (LL_USART_IsActiveFlag_NE(usart)) {
 80045d4:	f012 0f04 	tst.w	r2, #4
 80045d8:	d001      	beq.n	80045de <uart_stm32_err_check+0x34>
		err |= UART_ERROR_NOISE;
 80045da:	f040 0020 	orr.w	r0, r0, #32
  return (READ_BIT(USARTx->SR, USART_SR_LBD) == (USART_SR_LBD));
 80045de:	681a      	ldr	r2, [r3, #0]
	}

#if !defined(CONFIG_SOC_SERIES_STM32F0X) || defined(USART_LIN_SUPPORT)
	if (LL_USART_IsActiveFlag_LBD(usart)) {
 80045e0:	f412 7f80 	tst.w	r2, #256	@ 0x100
 80045e4:	d02a      	beq.n	800463c <uart_stm32_err_check+0x92>
		err |= UART_BREAK;
 80045e6:	f040 0008 	orr.w	r0, r0, #8
  WRITE_REG(USARTx->SR, ~(USART_SR_LBD));
 80045ea:	f46f 7280 	mvn.w	r2, #256	@ 0x100
 80045ee:	601a      	str	r2, [r3, #0]
	/* Clearing error :
	 * the stm32 F4X, F1X, and F2X sw sequence is reading the usart SR
	 * then the usart DR to clear the Error flags ORE, PE, FE, NE
	 * --> so is the RXNE flag also cleared !
	 */
	if (err & UART_ERROR_OVERRUN) {
 80045f0:	f010 0f01 	tst.w	r0, #1
 80045f4:	d005      	beq.n	8004602 <uart_stm32_err_check+0x58>
  tmpreg = USARTx->SR;
 80045f6:	681a      	ldr	r2, [r3, #0]
 80045f8:	9200      	str	r2, [sp, #0]
  (void) tmpreg;
 80045fa:	9a00      	ldr	r2, [sp, #0]
  tmpreg = USARTx->DR;
 80045fc:	685a      	ldr	r2, [r3, #4]
 80045fe:	9200      	str	r2, [sp, #0]
  (void) tmpreg;
 8004600:	9a00      	ldr	r2, [sp, #0]
		LL_USART_ClearFlag_ORE(usart);
	}

	if (err & UART_ERROR_PARITY) {
 8004602:	f010 0f02 	tst.w	r0, #2
 8004606:	d005      	beq.n	8004614 <uart_stm32_err_check+0x6a>
  tmpreg = USARTx->SR;
 8004608:	681a      	ldr	r2, [r3, #0]
 800460a:	9201      	str	r2, [sp, #4]
  (void) tmpreg;
 800460c:	9a01      	ldr	r2, [sp, #4]
  tmpreg = USARTx->DR;
 800460e:	685a      	ldr	r2, [r3, #4]
 8004610:	9201      	str	r2, [sp, #4]
  (void) tmpreg;
 8004612:	9a01      	ldr	r2, [sp, #4]
		LL_USART_ClearFlag_PE(usart);
	}

	if (err & UART_ERROR_FRAMING) {
 8004614:	f010 0f04 	tst.w	r0, #4
 8004618:	d005      	beq.n	8004626 <uart_stm32_err_check+0x7c>
  tmpreg = USARTx->SR;
 800461a:	681a      	ldr	r2, [r3, #0]
 800461c:	9202      	str	r2, [sp, #8]
  (void) tmpreg;
 800461e:	9a02      	ldr	r2, [sp, #8]
  tmpreg = USARTx->DR;
 8004620:	685a      	ldr	r2, [r3, #4]
 8004622:	9202      	str	r2, [sp, #8]
  (void) tmpreg;
 8004624:	9a02      	ldr	r2, [sp, #8]
		LL_USART_ClearFlag_FE(usart);
	}

	if (err & UART_ERROR_NOISE) {
 8004626:	f010 0f20 	tst.w	r0, #32
 800462a:	d005      	beq.n	8004638 <uart_stm32_err_check+0x8e>
  tmpreg = USARTx->SR;
 800462c:	681a      	ldr	r2, [r3, #0]
 800462e:	9203      	str	r2, [sp, #12]
  (void) tmpreg;
 8004630:	9a03      	ldr	r2, [sp, #12]
  tmpreg = USARTx->DR;
 8004632:	685b      	ldr	r3, [r3, #4]
 8004634:	9303      	str	r3, [sp, #12]
  (void) tmpreg;
 8004636:	9b03      	ldr	r3, [sp, #12]
		LL_USART_ClearFlag_NE(usart);
	}

	return err;
}
 8004638:	b004      	add	sp, #16
 800463a:	4770      	bx	lr
	if (err & UART_BREAK) {
 800463c:	f010 0f08 	tst.w	r0, #8
 8004640:	d0d6      	beq.n	80045f0 <uart_stm32_err_check+0x46>
 8004642:	e7d2      	b.n	80045ea <uart_stm32_err_check+0x40>

08004644 <uart_stm32_clocks_enable>:
#endif
#endif /* CONFIG_UART_ASYNC_API */
};

static int uart_stm32_clocks_enable(const struct device *dev)
{
 8004644:	b508      	push	{r3, lr}
	const struct uart_stm32_config *config = dev->config;
 8004646:	6843      	ldr	r3, [r0, #4]
	int err;

	/* enable clock */
	err = clock_control_on(config->clock, (clock_control_subsys_t)&config->pclken[0]);
 8004648:	6858      	ldr	r0, [r3, #4]
 800464a:	6919      	ldr	r1, [r3, #16]
	const struct clock_control_driver_api *api =
 800464c:	6883      	ldr	r3, [r0, #8]
	if (api->on == NULL) {
 800464e:	681b      	ldr	r3, [r3, #0]
 8004650:	b10b      	cbz	r3, 8004656 <uart_stm32_clocks_enable+0x12>
	return api->on(dev, sys);
 8004652:	4798      	blx	r3
			return err;
		}
	}

	return 0;
}
 8004654:	bd08      	pop	{r3, pc}
		return -ENOSYS;
 8004656:	f06f 0057 	mvn.w	r0, #87	@ 0x57
		return err;
 800465a:	e7fb      	b.n	8004654 <uart_stm32_clocks_enable+0x10>

0800465c <pinctrl_apply_state>:
 * @retval -ENOENT If given state id does not exist.
 * @retval -errno Negative errno for other failures.
 */
static inline int pinctrl_apply_state(const struct pinctrl_dev_config *config,
				      uint8_t id)
{
 800465c:	b500      	push	{lr}
 800465e:	b083      	sub	sp, #12
	int ret;
	const struct pinctrl_state *state;

	ret = pinctrl_lookup_state(config, id, &state);
 8004660:	aa01      	add	r2, sp, #4
 8004662:	f7ff fde3 	bl	800422c <pinctrl_lookup_state>
	if (ret < 0) {
 8004666:	2800      	cmp	r0, #0
 8004668:	db05      	blt.n	8004676 <pinctrl_apply_state+0x1a>
		return ret;
	}

	return pinctrl_apply_state_direct(config, state);
 800466a:	9b01      	ldr	r3, [sp, #4]
	return pinctrl_configure_pins(state->pins, state->pin_cnt, reg);
 800466c:	2200      	movs	r2, #0
 800466e:	7919      	ldrb	r1, [r3, #4]
 8004670:	6818      	ldr	r0, [r3, #0]
 8004672:	f7ff fdf4 	bl	800425e <pinctrl_configure_pins>
}
 8004676:	b003      	add	sp, #12
 8004678:	f85d fb04 	ldr.w	pc, [sp], #4

0800467c <uart_stm32_registers_configure>:

static int uart_stm32_registers_configure(const struct device *dev)
{
 800467c:	b5f8      	push	{r3, r4, r5, r6, r7, lr}
 800467e:	4605      	mov	r5, r0
	const struct uart_stm32_config *config = dev->config;
 8004680:	6846      	ldr	r6, [r0, #4]
	USART_TypeDef *usart = config->usart;
 8004682:	6834      	ldr	r4, [r6, #0]
	struct uart_stm32_data *data = dev->data;
 8004684:	6903      	ldr	r3, [r0, #16]
	struct uart_config *uart_cfg = data->uart_cfg;
 8004686:	681f      	ldr	r7, [r3, #0]
  CLEAR_BIT(USARTx->CR1, USART_CR1_UE);
 8004688:	68e3      	ldr	r3, [r4, #12]
 800468a:	f423 5300 	bic.w	r3, r3, #8192	@ 0x2000
 800468e:	60e3      	str	r3, [r4, #12]

	LL_USART_Disable(usart);

	if (!device_is_ready(config->reset.dev)) {
 8004690:	68b0      	ldr	r0, [r6, #8]
 8004692:	f000 f861 	bl	8004758 <z_impl_device_is_ready>
 8004696:	b308      	cbz	r0, 80046dc <uart_stm32_registers_configure+0x60>
 *
 * @return a value from reset_line_toggle()
 */
static inline int reset_line_toggle_dt(const struct reset_dt_spec *spec)
{
	return reset_line_toggle(spec->dev, spec->id);
 8004698:	68f1      	ldr	r1, [r6, #12]
 800469a:	68b0      	ldr	r0, [r6, #8]
 800469c:	f7ff fe64 	bl	8004368 <reset_line_toggle>
  __ASM volatile ("ldrex %0, %1" : "=r" (result) : "Q" (*addr) );
 80046a0:	f104 030c 	add.w	r3, r4, #12
 80046a4:	e853 3f00 	ldrex	r3, [r3]
  ATOMIC_MODIFY_REG(USARTx->CR1, USART_CR1_RE | USART_CR1_TE, TransferDirection);
 80046a8:	f043 030c 	orr.w	r3, r3, #12
  __ASM volatile ("strex %0, %2, %1" : "=&r" (result), "=Q" (*addr) : "r" (value) );
 80046ac:	f104 010c 	add.w	r1, r4, #12
 80046b0:	e841 3200 	strex	r2, r3, [r1]
 80046b4:	2a00      	cmp	r2, #0
 80046b6:	d1f3      	bne.n	80046a0 <uart_stm32_registers_configure+0x24>

	/* TX/RX direction */
	LL_USART_SetTransferDirection(usart, LL_USART_DIRECTION_TX_RX);

	/* Set basic parameters, such as data-/stop-bit, parity, and baudrate */
	if (uart_stm32_parameters_set(dev, uart_cfg) < 0) {
 80046b8:	4639      	mov	r1, r7
 80046ba:	4628      	mov	r0, r5
 80046bc:	f7ff fe5d 	bl	800437a <uart_stm32_parameters_set>
 80046c0:	2800      	cmp	r0, #0
 80046c2:	db0e      	blt.n	80046e2 <uart_stm32_registers_configure+0x66>
		return -EINVAL;
	}

	/* Enable the single wire / half-duplex mode */
	if (config->single_wire) {
 80046c4:	7e33      	ldrb	r3, [r6, #24]
 80046c6:	b11b      	cbz	r3, 80046d0 <uart_stm32_registers_configure+0x54>
  SET_BIT(USARTx->CR3, USART_CR3_HDSEL);
 80046c8:	6963      	ldr	r3, [r4, #20]
 80046ca:	f043 0308 	orr.w	r3, r3, #8
 80046ce:	6163      	str	r3, [r4, #20]
  SET_BIT(USARTx->CR1, USART_CR1_UE);
 80046d0:	68e3      	ldr	r3, [r4, #12]
 80046d2:	f443 5300 	orr.w	r3, r3, #8192	@ 0x2000
 80046d6:	60e3      	str	r3, [r4, #12]
	/* Wait until REACK flag is set */
	while (!(LL_USART_IsActiveFlag_REACK(usart))) {
	}
#endif /* USART_ISR_REACK */

	return 0;
 80046d8:	2000      	movs	r0, #0
}
 80046da:	bdf8      	pop	{r3, r4, r5, r6, r7, pc}
		return -ENODEV;
 80046dc:	f06f 0012 	mvn.w	r0, #18
 80046e0:	e7fb      	b.n	80046da <uart_stm32_registers_configure+0x5e>
		return -EINVAL;
 80046e2:	f06f 0015 	mvn.w	r0, #21
 80046e6:	e7f8      	b.n	80046da <uart_stm32_registers_configure+0x5e>

080046e8 <uart_stm32_init>:
 * @param dev UART device struct
 *
 * @return 0
 */
static int uart_stm32_init(const struct device *dev)
{
 80046e8:	b538      	push	{r3, r4, r5, lr}
 80046ea:	4604      	mov	r4, r0
	const struct uart_stm32_config *config = dev->config;
 80046ec:	6845      	ldr	r5, [r0, #4]
	int err;

	err = uart_stm32_clocks_enable(dev);
 80046ee:	f7ff ffa9 	bl	8004644 <uart_stm32_clocks_enable>
	if (err < 0) {
 80046f2:	2800      	cmp	r0, #0
 80046f4:	db0b      	blt.n	800470e <uart_stm32_init+0x26>
		return err;
	}

	/* Configure dt provided device signals when available */
	err = pinctrl_apply_state(config->pcfg, PINCTRL_STATE_DEFAULT);
 80046f6:	2100      	movs	r1, #0
 80046f8:	6a68      	ldr	r0, [r5, #36]	@ 0x24
 80046fa:	f7ff ffaf 	bl	800465c <pinctrl_apply_state>
	if (err < 0) {
 80046fe:	2800      	cmp	r0, #0
 8004700:	db05      	blt.n	800470e <uart_stm32_init+0x26>
		return err;
	}

	err = uart_stm32_registers_configure(dev);
 8004702:	4620      	mov	r0, r4
 8004704:	f7ff ffba 	bl	800467c <uart_stm32_registers_configure>
	if (err < 0) {
 8004708:	2800      	cmp	r0, #0
 800470a:	db00      	blt.n	800470e <uart_stm32_init+0x26>
#endif /* CONFIG_PM || CONFIG_UART_INTERRUPT_DRIVEN || CONFIG_UART_ASYNC_API */

#ifdef CONFIG_UART_ASYNC_API
	return uart_stm32_async_init(dev);
#else
	return 0;
 800470c:	2000      	movs	r0, #0
#endif
}
 800470e:	bd38      	pop	{r3, r4, r5, pc}

08004710 <sys_clock_announce>:
 * driver state and tick accounting under a single lock.
 *
 * @param ticks Elapsed time, in ticks
 */
static inline void sys_clock_announce(int32_t ticks)
{
 8004710:	b508      	push	{r3, lr}
  __ASM volatile ("MRS %0, basepri" : "=r" (result) );
 8004712:	f3ef 8111 	mrs	r1, BASEPRI
  __ASM volatile ("MSR basepri_max, %0" : : "r" (basePri) : "memory");
 8004716:	2310      	movs	r3, #16
 8004718:	f383 8812 	msr	BASEPRI_MAX, r3
  __ASM volatile ("isb 0xF":::"memory");
 800471c:	f3bf 8f6f 	isb	sy
	sys_clock_announce_locked(ticks, sys_clock_lock());
 8004720:	f7fe f9be 	bl	8002aa0 <sys_clock_announce_locked>
}
 8004724:	bd08      	pop	{r3, pc}

08004726 <do_device_init>:
#include <zephyr/internal/syscall_handler.h>
#include <zephyr/toolchain.h>
#include <zephyr/pm/device_runtime.h>

int do_device_init(const struct device *dev)
{
 8004726:	b510      	push	{r4, lr}
 8004728:	4604      	mov	r4, r0
	int rc = 0;

	if (dev->ops.init != NULL) {
 800472a:	6943      	ldr	r3, [r0, #20]
 800472c:	b193      	cbz	r3, 8004754 <do_device_init+0x2e>
		rc = dev->ops.init(dev);
 800472e:	4798      	blx	r3
		/* If initialization failed, record in dev->state->init_res
		 * the POSITIVE value of the resulting errno
		 */
		if (rc != 0) {
 8004730:	4602      	mov	r2, r0
 8004732:	b130      	cbz	r0, 8004742 <do_device_init+0x1c>
			 * errno value maps to an uint8_t range as of now.
			 */
			__ASSERT(rc >= -UINT8_MAX && rc < 0, "device %s init: invalid error (%d)",
				 dev->name, rc);

			if (rc < 0) {
 8004734:	2800      	cmp	r0, #0
 8004736:	db0b      	blt.n	8004750 <do_device_init+0x2a>
				rc = -rc;
			}
			/* handle error value overflow in production
			 * this is likely a bug in the device's init function. Signals it
			 */
			if (rc > UINT8_MAX) {
 8004738:	2aff      	cmp	r2, #255	@ 0xff
 800473a:	dd00      	ble.n	800473e <do_device_init+0x18>
				rc = UINT8_MAX;
 800473c:	22ff      	movs	r2, #255	@ 0xff
			}
			dev->state->init_res = rc;
 800473e:	68e3      	ldr	r3, [r4, #12]
 8004740:	701a      	strb	r2, [r3, #0]
		}
	}

	/* device initialization has been invoked */
	dev->state->initialized = true;
 8004742:	68e1      	ldr	r1, [r4, #12]
 8004744:	784b      	ldrb	r3, [r1, #1]
 8004746:	f043 0301 	orr.w	r3, r3, #1
 800474a:	704b      	strb	r3, [r1, #1]

	/* here, the value of rc is either 0 or +errno
	 * flip the sign to return a negative value on failure as expected
	 */
	return -rc;
}
 800474c:	4250      	negs	r0, r2
 800474e:	bd10      	pop	{r4, pc}
				rc = -rc;
 8004750:	4242      	negs	r2, r0
 8004752:	e7f1      	b.n	8004738 <do_device_init+0x12>
	int rc = 0;
 8004754:	2200      	movs	r2, #0
 8004756:	e7f4      	b.n	8004742 <do_device_init+0x1c>

08004758 <z_impl_device_is_ready>:
{
	/*
	 * if an invalid device pointer is passed as argument, this call
	 * reports the `device` as not ready for usage.
	 */
	if (dev == NULL) {
 8004758:	b160      	cbz	r0, 8004774 <z_impl_device_is_ready+0x1c>
		return false;
	}

	return dev->state->initialized && (dev->state->init_res == 0U);
 800475a:	68c3      	ldr	r3, [r0, #12]
 800475c:	785a      	ldrb	r2, [r3, #1]
 800475e:	f012 0f01 	tst.w	r2, #1
 8004762:	d003      	beq.n	800476c <z_impl_device_is_ready+0x14>
 8004764:	781b      	ldrb	r3, [r3, #0]
 8004766:	b11b      	cbz	r3, 8004770 <z_impl_device_is_ready+0x18>
 8004768:	2000      	movs	r0, #0
 800476a:	4770      	bx	lr
 800476c:	2000      	movs	r0, #0
 800476e:	4770      	bx	lr
 8004770:	2001      	movs	r0, #1
 8004772:	4770      	bx	lr
		return false;
 8004774:	2000      	movs	r0, #0
}
 8004776:	4770      	bx	lr

08004778 <arch_system_halt>:
  __ASM volatile ("MRS %0, basepri" : "=r" (result) );
 8004778:	f3ef 8311 	mrs	r3, BASEPRI
  __ASM volatile ("MSR basepri_max, %0" : : "r" (basePri) : "memory");
 800477c:	2310      	movs	r3, #16
 800477e:	f383 8812 	msr	BASEPRI_MAX, r3
 8004782:	f3bf 8f6f 	isb	sy
	for (;;) {
 8004786:	e7fe      	b.n	8004786 <arch_system_halt+0xe>

08004788 <k_sys_fatal_error_handler>:
{
 8004788:	b508      	push	{r3, lr}
	arch_system_halt(reason);
 800478a:	f7ff fff5 	bl	8004778 <arch_system_halt>

0800478e <idle>:
#include <wait_q.h>

LOG_MODULE_DECLARE(os, CONFIG_KERNEL_LOG_LEVEL);

void idle(void *unused1, void *unused2, void *unused3)
{
 800478e:	b508      	push	{r3, lr}
  __ASM volatile ("MRS %0, basepri" : "=r" (result) );
 8004790:	f3ef 8311 	mrs	r3, BASEPRI
  __ASM volatile ("MSR basepri_max, %0" : : "r" (basePri) : "memory");
 8004794:	2310      	movs	r3, #16
 8004796:	f383 8812 	msr	BASEPRI_MAX, r3
 800479a:	f3bf 8f6f 	isb	sy
 * @note In some architectures, before returning, the function unmasks interrupts
 * unconditionally.
 */
static inline void k_cpu_idle(void)
{
	arch_cpu_idle();
 800479e:	f7ff f9ae 	bl	8003afe <arch_cpu_idle>
	ARG_UNUSED(unused2);
	ARG_UNUSED(unused3);

	__ASSERT_NO_MSG(_current->base.prio >= 0);

	while (true) {
 80047a2:	e7f5      	b.n	8004790 <idle+0x2>

080047a4 <arch_spin_relax>:
	return sys_clock_cycle_get_64();
}

static ALWAYS_INLINE void arch_nop(void)
{
	__asm__ volatile("nop");
 80047a4:	bf00      	nop
{
	__ASSERT(!arch_irq_unlocked(arch_irq_lock()),
		 "this is meant to be called with IRQs disabled");

	arch_nop();
}
 80047a6:	4770      	bx	lr

080047a8 <setup_thread_stack>:
{
 80047a8:	b5f8      	push	{r3, r4, r5, r6, r7, lr}
 80047aa:	4605      	mov	r5, r0
		stack_obj_size = K_KERNEL_STACK_LEN(stack_size);
 80047ac:	1dd3      	adds	r3, r2, #7
 80047ae:	f023 0307 	bic.w	r3, r3, #7
 80047b2:	337f      	adds	r3, #127	@ 0x7f
 80047b4:	f023 033f 	bic.w	r3, r3, #63	@ 0x3f

/** @} */

static inline char *K_KERNEL_STACK_BUFFER(k_thread_stack_t *sym)
{
	return (char *)sym + K_KERNEL_STACK_RESERVED;
 80047b8:	f101 0740 	add.w	r7, r1, #64	@ 0x40
		stack_buf_size = stack_obj_size - K_KERNEL_STACK_RESERVED;
 80047bc:	f1a3 0640 	sub.w	r6, r3, #64	@ 0x40
		if (K_KERNEL_STACK_RESERVED > stack_obj_size) {
 80047c0:	2b3f      	cmp	r3, #63	@ 0x3f
 80047c2:	d807      	bhi.n	80047d4 <setup_thread_stack+0x2c>
  __ASM volatile ("MSR basepri, %0" : : "r" (basePri) : "memory");
 80047c4:	2200      	movs	r2, #0
 80047c6:	f382 8811 	msr	BASEPRI, r2
 80047ca:	f3bf 8f6f 	isb	sy
			k_panic();
 80047ce:	2204      	movs	r2, #4
 80047d0:	4610      	mov	r0, r2
 80047d2:	df02      	svc	2
	stack_ptr = (char *)stack + stack_obj_size;
 80047d4:	18cc      	adds	r4, r1, r3
	delta += arch_tls_stack_setup(new_thread, stack_ptr);
 80047d6:	4621      	mov	r1, r4
 80047d8:	4628      	mov	r0, r5
 80047da:	f7fc f805 	bl	80007e8 <arch_tls_stack_setup>
	delta = ROUND_UP(delta, ARCH_STACK_PTR_ALIGN);
 80047de:	3007      	adds	r0, #7
 80047e0:	f020 0007 	bic.w	r0, r0, #7
	new_thread->stack_info.start = (uintptr_t)stack_buf_start;
 80047e4:	f8c5 7094 	str.w	r7, [r5, #148]	@ 0x94
	new_thread->stack_info.size = stack_buf_size;
 80047e8:	f8c5 6098 	str.w	r6, [r5, #152]	@ 0x98
	new_thread->stack_info.delta = delta;
 80047ec:	f8c5 009c 	str.w	r0, [r5, #156]	@ 0x9c
}
 80047f0:	1a20      	subs	r0, r4, r0
 80047f2:	bdf8      	pop	{r3, r4, r5, r6, r7, pc}

080047f4 <z_init_thread_base>:
{
 80047f4:	b410      	push	{r4}
	thread_base->pended_on = NULL;
 80047f6:	2400      	movs	r4, #0
 80047f8:	6084      	str	r4, [r0, #8]
	thread_base->user_options = (uint16_t)options;
 80047fa:	8183      	strh	r3, [r0, #12]
	thread_base->thread_state = (uint8_t)initial_state;
 80047fc:	7402      	strb	r2, [r0, #16]
	thread_base->prio = priority;
 80047fe:	7381      	strb	r1, [r0, #14]
	thread_base->sched_locked = 0U;
 8004800:	73c4      	strb	r4, [r0, #15]
	node->next = NULL;
 8004802:	6184      	str	r4, [r0, #24]
	node->prev = NULL;
 8004804:	61c4      	str	r4, [r0, #28]
}
 8004806:	bc10      	pop	{r4}
 8004808:	4770      	bx	lr

0800480a <thread_active_elsewhere>:
}
 800480a:	2000      	movs	r0, #0
 800480c:	4770      	bx	lr

0800480e <add_to_waitq_locked>:
{
 800480e:	b538      	push	{r3, r4, r5, lr}
 8004810:	4604      	mov	r4, r0
 8004812:	460d      	mov	r5, r1
	unready_thread(thread);
 8004814:	f7fd fda6 	bl	8002364 <unready_thread>
	thread->base.thread_state |= _THREAD_PENDING;
 8004818:	7c23      	ldrb	r3, [r4, #16]
 800481a:	f043 0302 	orr.w	r3, r3, #2
 800481e:	7423      	strb	r3, [r4, #16]
	if (wait_q != NULL) {
 8004820:	b325      	cbz	r5, 800486c <add_to_waitq_locked+0x5e>
		thread->base.pended_on = wait_q;
 8004822:	60a5      	str	r5, [r4, #8]
	return list->head == list;
 8004824:	682b      	ldr	r3, [r5, #0]
	return sys_dlist_is_empty(list) ? NULL : list->head;
 8004826:	429d      	cmp	r5, r3
 8004828:	d107      	bne.n	800483a <add_to_waitq_locked+0x2c>
	SYS_DLIST_FOR_EACH_CONTAINER(pq, t, base.qnode_dlist) {
 800482a:	2300      	movs	r3, #0
 800482c:	e005      	b.n	800483a <add_to_waitq_locked+0x2c>
 800482e:	4619      	mov	r1, r3
	return (node == list->tail) ? NULL : node->next;
 8004830:	686a      	ldr	r2, [r5, #4]
 8004832:	4293      	cmp	r3, r2
 8004834:	d015      	beq.n	8004862 <add_to_waitq_locked+0x54>
 8004836:	681b      	ldr	r3, [r3, #0]
 8004838:	b97b      	cbnz	r3, 800485a <add_to_waitq_locked+0x4c>
 800483a:	b193      	cbz	r3, 8004862 <add_to_waitq_locked+0x54>
	int32_t b1 = thread_1->base.prio;
 800483c:	f994 100e 	ldrsb.w	r1, [r4, #14]
	int32_t b2 = thread_2->base.prio;
 8004840:	f993 200e 	ldrsb.w	r2, [r3, #14]
	if (b1 != b2) {
 8004844:	4291      	cmp	r1, r2
 8004846:	d0f2      	beq.n	800482e <add_to_waitq_locked+0x20>
		return b2 - b1;
 8004848:	1a52      	subs	r2, r2, r1
		if (z_sched_prio_cmp(thread, t) > 0) {
 800484a:	2a00      	cmp	r2, #0
 800484c:	ddef      	ble.n	800482e <add_to_waitq_locked+0x20>
	sys_dnode_t *const prev = successor->prev;
 800484e:	685a      	ldr	r2, [r3, #4]
	node->prev = prev;
 8004850:	6062      	str	r2, [r4, #4]
	node->next = successor;
 8004852:	6023      	str	r3, [r4, #0]
	prev->next = node;
 8004854:	6014      	str	r4, [r2, #0]
	successor->prev = node;
 8004856:	605c      	str	r4, [r3, #4]
			return;
 8004858:	e008      	b.n	800486c <add_to_waitq_locked+0x5e>
	return (node != NULL) ? sys_dlist_peek_next_no_check(list, node) : NULL;
 800485a:	2900      	cmp	r1, #0
 800485c:	d1ed      	bne.n	800483a <add_to_waitq_locked+0x2c>
 800485e:	460b      	mov	r3, r1
 8004860:	e7eb      	b.n	800483a <add_to_waitq_locked+0x2c>
	sys_dnode_t *const tail = list->tail;
 8004862:	686b      	ldr	r3, [r5, #4]
	node->next = list;
 8004864:	6025      	str	r5, [r4, #0]
	node->prev = tail;
 8004866:	6063      	str	r3, [r4, #4]
	tail->next = node;
 8004868:	601c      	str	r4, [r3, #0]
	list->tail = node;
 800486a:	606c      	str	r4, [r5, #4]
}
 800486c:	bd38      	pop	{r3, r4, r5, pc}

0800486e <unpend_all>:
{
 800486e:	b570      	push	{r4, r5, r6, lr}
 8004870:	4606      	mov	r6, r0
	return list->head == list;
 8004872:	6804      	ldr	r4, [r0, #0]
	return sys_dlist_is_empty(list) ? NULL : list->head;
 8004874:	4284      	cmp	r4, r0
 8004876:	d01a      	beq.n	80048ae <unpend_all+0x40>
	for (thread = z_waitq_head(wait_q); thread != NULL; thread = z_waitq_head(wait_q)) {
 8004878:	b1dc      	cbz	r4, 80048b2 <unpend_all+0x44>
	sys_dnode_t *const prev = node->prev;
 800487a:	6862      	ldr	r2, [r4, #4]
	sys_dnode_t *const next = node->next;
 800487c:	6823      	ldr	r3, [r4, #0]
	prev->next = next;
 800487e:	6013      	str	r3, [r2, #0]
	next->prev = prev;
 8004880:	605a      	str	r2, [r3, #4]
	node->next = NULL;
 8004882:	2500      	movs	r5, #0
 8004884:	6025      	str	r5, [r4, #0]
	node->prev = NULL;
 8004886:	6065      	str	r5, [r4, #4]
	thread->base.thread_state &= ~_THREAD_PENDING;
 8004888:	7c23      	ldrb	r3, [r4, #16]
 800488a:	f023 0302 	bic.w	r3, r3, #2
 800488e:	7423      	strb	r3, [r4, #16]
 8004890:	60a5      	str	r5, [r4, #8]
 8004892:	f104 0018 	add.w	r0, r4, #24
 8004896:	f000 f88f 	bl	80049b8 <z_abort_timeout>
	thread->arch.swap_return_value = value;
 800489a:	f8c4 50ac 	str.w	r5, [r4, #172]	@ 0xac
		ready_thread(thread);
 800489e:	4620      	mov	r0, r4
 80048a0:	f7fd fd08 	bl	80022b4 <ready_thread>
	return list->head == list;
 80048a4:	6834      	ldr	r4, [r6, #0]
	return sys_dlist_is_empty(list) ? NULL : list->head;
 80048a6:	42a6      	cmp	r6, r4
 80048a8:	d1e6      	bne.n	8004878 <unpend_all+0xa>
 80048aa:	2400      	movs	r4, #0
 80048ac:	e7e4      	b.n	8004878 <unpend_all+0xa>
 80048ae:	2400      	movs	r4, #0
 80048b0:	e7e2      	b.n	8004878 <unpend_all+0xa>
}
 80048b2:	bd70      	pop	{r4, r5, r6, pc}

080048b4 <z_ready_thread>:
{
 80048b4:	b538      	push	{r3, r4, r5, lr}
 80048b6:	4604      	mov	r4, r0
	K_SPINLOCK(&_sched_spinlock) {
 80048b8:	2300      	movs	r3, #0
  __ASM volatile ("MRS %0, basepri" : "=r" (result) );
 80048ba:	f3ef 8511 	mrs	r5, BASEPRI
  __ASM volatile ("MSR basepri_max, %0" : : "r" (basePri) : "memory");
 80048be:	2210      	movs	r2, #16
 80048c0:	f382 8812 	msr	BASEPRI_MAX, r2
 80048c4:	f3bf 8f6f 	isb	sy
 80048c8:	e004      	b.n	80048d4 <z_ready_thread+0x20>
  __ASM volatile ("MSR basepri, %0" : : "r" (basePri) : "memory");
 80048ca:	f385 8811 	msr	BASEPRI, r5
 80048ce:	f3bf 8f6f 	isb	sy
 80048d2:	2301      	movs	r3, #1
 80048d4:	b943      	cbnz	r3, 80048e8 <z_ready_thread+0x34>
		if (thread_active_elsewhere(thread) == NULL) {
 80048d6:	4620      	mov	r0, r4
 80048d8:	f7ff ff97 	bl	800480a <thread_active_elsewhere>
 80048dc:	2800      	cmp	r0, #0
 80048de:	d1f4      	bne.n	80048ca <z_ready_thread+0x16>
			ready_thread(thread);
 80048e0:	4620      	mov	r0, r4
 80048e2:	f7fd fce7 	bl	80022b4 <ready_thread>
 80048e6:	e7f0      	b.n	80048ca <z_ready_thread+0x16>
}
 80048e8:	bd38      	pop	{r3, r4, r5, pc}

080048ea <z_sched_wake_thread_locked>:
{
 80048ea:	b508      	push	{r3, lr}
	bool killed = (thread->base.thread_state &
 80048ec:	7c03      	ldrb	r3, [r0, #16]
	if (!killed) {
 80048ee:	f013 0f28 	tst.w	r3, #40	@ 0x28
 80048f2:	d113      	bne.n	800491c <z_sched_wake_thread_locked+0x32>
		if (thread->base.pended_on != NULL) {
 80048f4:	6883      	ldr	r3, [r0, #8]
 80048f6:	b15b      	cbz	r3, 8004910 <z_sched_wake_thread_locked+0x26>
	sys_dnode_t *const prev = node->prev;
 80048f8:	6842      	ldr	r2, [r0, #4]
	sys_dnode_t *const next = node->next;
 80048fa:	6803      	ldr	r3, [r0, #0]
	prev->next = next;
 80048fc:	6013      	str	r3, [r2, #0]
	next->prev = prev;
 80048fe:	605a      	str	r2, [r3, #4]
	node->next = NULL;
 8004900:	2300      	movs	r3, #0
 8004902:	6003      	str	r3, [r0, #0]
	node->prev = NULL;
 8004904:	6043      	str	r3, [r0, #4]
 8004906:	7c02      	ldrb	r2, [r0, #16]
 8004908:	f022 0202 	bic.w	r2, r2, #2
 800490c:	7402      	strb	r2, [r0, #16]
 800490e:	6083      	str	r3, [r0, #8]
	thread->base.thread_state &= ~_THREAD_SLEEPING;
 8004910:	7c03      	ldrb	r3, [r0, #16]
 8004912:	f023 0304 	bic.w	r3, r3, #4
 8004916:	7403      	strb	r3, [r0, #16]
		ready_thread(thread);
 8004918:	f7fd fccc 	bl	80022b4 <ready_thread>
}
 800491c:	bd08      	pop	{r3, pc}

0800491e <z_thread_timeout>:
{
 800491e:	b538      	push	{r3, r4, r5, lr}
	struct k_thread *thread = CONTAINER_OF(timeout,
 8004920:	f1a0 0518 	sub.w	r5, r0, #24
	K_SPINLOCK(&_sched_spinlock) {
 8004924:	2300      	movs	r3, #0
  __ASM volatile ("MRS %0, basepri" : "=r" (result) );
 8004926:	f3ef 8411 	mrs	r4, BASEPRI
  __ASM volatile ("MSR basepri_max, %0" : : "r" (basePri) : "memory");
 800492a:	2210      	movs	r2, #16
 800492c:	f382 8812 	msr	BASEPRI_MAX, r2
 8004930:	f3bf 8f6f 	isb	sy
 8004934:	e007      	b.n	8004946 <z_thread_timeout+0x28>
		z_sched_wake_thread_locked(thread);
 8004936:	4628      	mov	r0, r5
 8004938:	f7ff ffd7 	bl	80048ea <z_sched_wake_thread_locked>
  __ASM volatile ("MSR basepri, %0" : : "r" (basePri) : "memory");
 800493c:	f384 8811 	msr	BASEPRI, r4
 8004940:	f3bf 8f6f 	isb	sy
	K_SPINLOCK(&_sched_spinlock) {
 8004944:	2301      	movs	r3, #1
 8004946:	2b00      	cmp	r3, #0
 8004948:	d0f5      	beq.n	8004936 <z_thread_timeout+0x18>
}
 800494a:	bd38      	pop	{r3, r4, r5, pc}

0800494c <init_ready_q>:
	_priq_run_init(&ready_q->runq);
 800494c:	1d03      	adds	r3, r0, #4
	list->head = (sys_dnode_t *)list;
 800494e:	6043      	str	r3, [r0, #4]
	list->tail = (sys_dnode_t *)list;
 8004950:	6083      	str	r3, [r0, #8]
}
 8004952:	4770      	bx	lr

08004954 <remove_timeout>:
{
 8004954:	b510      	push	{r4, lr}
 8004956:	4604      	mov	r4, r0
	if (next(t) != NULL) {
 8004958:	f7fd fff0 	bl	800293c <next>
 800495c:	b148      	cbz	r0, 8004972 <remove_timeout+0x1e>
 800495e:	4602      	mov	r2, r0
		next(t)->dticks += t->dticks;
 8004960:	6903      	ldr	r3, [r0, #16]
 8004962:	6941      	ldr	r1, [r0, #20]
 8004964:	6920      	ldr	r0, [r4, #16]
 8004966:	181b      	adds	r3, r3, r0
 8004968:	6960      	ldr	r0, [r4, #20]
 800496a:	eb41 0100 	adc.w	r1, r1, r0
 800496e:	6113      	str	r3, [r2, #16]
 8004970:	6151      	str	r1, [r2, #20]
	sys_dnode_t *const prev = node->prev;
 8004972:	6862      	ldr	r2, [r4, #4]
	sys_dnode_t *const next = node->next;
 8004974:	6823      	ldr	r3, [r4, #0]
	prev->next = next;
 8004976:	6013      	str	r3, [r2, #0]
	next->prev = prev;
 8004978:	605a      	str	r2, [r3, #4]
	node->next = NULL;
 800497a:	2300      	movs	r3, #0
 800497c:	6023      	str	r3, [r4, #0]
	node->prev = NULL;
 800497e:	6063      	str	r3, [r4, #4]
}
 8004980:	bd10      	pop	{r4, pc}

08004982 <next_timeout>:
{
 8004982:	b510      	push	{r4, lr}
 8004984:	4604      	mov	r4, r0
	struct _timeout *to = first();
 8004986:	f7fd ffcf 	bl	8002928 <first>
	if ((to == NULL) ||
 800498a:	b178      	cbz	r0, 80049ac <next_timeout+0x2a>
	    ((int64_t)(to->dticks - ticks_elapsed) > (int64_t)INT_MAX)) {
 800498c:	6903      	ldr	r3, [r0, #16]
 800498e:	6942      	ldr	r2, [r0, #20]
 8004990:	1b1b      	subs	r3, r3, r4
 8004992:	eb62 72e4 	sbc.w	r2, r2, r4, asr #31
	if ((to == NULL) ||
 8004996:	f1b3 4f00 	cmp.w	r3, #2147483648	@ 0x80000000
 800499a:	f172 0100 	sbcs.w	r1, r2, #0
 800499e:	da08      	bge.n	80049b2 <next_timeout+0x30>
		ret = max(0, to->dticks - ticks_elapsed);
 80049a0:	2a00      	cmp	r2, #0
 80049a2:	db01      	blt.n	80049a8 <next_timeout+0x26>
 80049a4:	4618      	mov	r0, r3
}
 80049a6:	bd10      	pop	{r4, pc}
		ret = max(0, to->dticks - ticks_elapsed);
 80049a8:	2300      	movs	r3, #0
 80049aa:	e7fb      	b.n	80049a4 <next_timeout+0x22>
		ret = SYS_CLOCK_MAX_WAIT;
 80049ac:	f06f 4000 	mvn.w	r0, #2147483648	@ 0x80000000
 80049b0:	e7f9      	b.n	80049a6 <next_timeout+0x24>
 80049b2:	f06f 4000 	mvn.w	r0, #2147483648	@ 0x80000000
	return ret;
 80049b6:	e7f6      	b.n	80049a6 <next_timeout+0x24>

080049b8 <z_abort_timeout>:
{
 80049b8:	e92d 41f0 	stmdb	sp!, {r4, r5, r6, r7, r8, lr}
 80049bc:	4604      	mov	r4, r0
	K_SPINLOCK(&timeout_lock) {
 80049be:	2500      	movs	r5, #0
  __ASM volatile ("MRS %0, basepri" : "=r" (result) );
 80049c0:	f3ef 8711 	mrs	r7, BASEPRI
  __ASM volatile ("MSR basepri_max, %0" : : "r" (basePri) : "memory");
 80049c4:	2310      	movs	r3, #16
 80049c6:	f383 8812 	msr	BASEPRI_MAX, r3
 80049ca:	f3bf 8f6f 	isb	sy
	int ret = -EINVAL;
 80049ce:	f06f 0015 	mvn.w	r0, #21
 80049d2:	e014      	b.n	80049fe <z_abort_timeout+0x46>
				sys_clock_set_timeout(next_timeout(elapsed()), false);
 80049d4:	f7fd ffbe 	bl	8002954 <elapsed>
 80049d8:	f7ff ffd3 	bl	8004982 <next_timeout>
 80049dc:	2100      	movs	r1, #0
 80049de:	f7fd f8fd 	bl	8001bdc <sys_clock_set_timeout>
			ret = 0;
 80049e2:	4640      	mov	r0, r8
 80049e4:	e006      	b.n	80049f4 <z_abort_timeout+0x3c>
		} else if (to->dticks == TIMEOUT_DTICKS_ANNOUNCING) {
 80049e6:	6922      	ldr	r2, [r4, #16]
 80049e8:	6963      	ldr	r3, [r4, #20]
 80049ea:	f1b3 4f00 	cmp.w	r3, #2147483648	@ 0x80000000
 80049ee:	bf08      	it	eq
 80049f0:	2a01      	cmpeq	r2, #1
 80049f2:	d018      	beq.n	8004a26 <z_abort_timeout+0x6e>
  __ASM volatile ("MSR basepri, %0" : : "r" (basePri) : "memory");
 80049f4:	f387 8811 	msr	BASEPRI, r7
 80049f8:	f3bf 8f6f 	isb	sy
	K_SPINLOCK(&timeout_lock) {
 80049fc:	2501      	movs	r5, #1
 80049fe:	46a8      	mov	r8, r5
 8004a00:	b9bd      	cbnz	r5, 8004a32 <z_abort_timeout+0x7a>
	return node->next != NULL;
 8004a02:	6823      	ldr	r3, [r4, #0]
		if (sys_dnode_is_linked(&to->node)) {
 8004a04:	2b00      	cmp	r3, #0
 8004a06:	d0ee      	beq.n	80049e6 <z_abort_timeout+0x2e>
			bool is_first = (to == first());
 8004a08:	f7fd ff8e 	bl	8002928 <first>
 8004a0c:	4606      	mov	r6, r0
			remove_timeout(to);
 8004a0e:	4620      	mov	r0, r4
 8004a10:	f7ff ffa0 	bl	8004954 <remove_timeout>
			to->dticks = TIMEOUT_DTICKS_ABORTED;
 8004a14:	2200      	movs	r2, #0
 8004a16:	f04f 4300 	mov.w	r3, #2147483648	@ 0x80000000
 8004a1a:	e9c4 2304 	strd	r2, r3, [r4, #16]
			if (is_first) {
 8004a1e:	42a6      	cmp	r6, r4
 8004a20:	d0d8      	beq.n	80049d4 <z_abort_timeout+0x1c>
			ret = 0;
 8004a22:	4628      	mov	r0, r5
 8004a24:	e7e6      	b.n	80049f4 <z_abort_timeout+0x3c>
			to->dticks = TIMEOUT_DTICKS_ABORTED;
 8004a26:	2200      	movs	r2, #0
 8004a28:	f04f 4300 	mov.w	r3, #2147483648	@ 0x80000000
 8004a2c:	e9c4 2304 	strd	r2, r3, [r4, #16]
 8004a30:	e7e0      	b.n	80049f4 <z_abort_timeout+0x3c>
}
 8004a32:	e8bd 81f0 	ldmia.w	sp!, {r4, r5, r6, r7, r8, pc}
	...
