
zephyr.elf:     file format elf32-littlearm


Disassembly of section rom_start:

08000000 <_vector_table>:
 8000000:	40 30 00 20 5d 37 00 08 ad 8c 00 08 49 37 00 08     @0. ]7......I7..
 8000010:	49 37 00 08 49 37 00 08 49 37 00 08 00 00 00 00     I7..I7..I7......
	...
 800002c:	9d 37 00 08 49 37 00 08 00 00 00 00 85 39 00 08     .7..I7.......9..
 800003c:	b1 51 00 08                                         .Q..

08000040 <_irq_vector_table>:
 8000040:	1d 3a 00 08 1d 3a 00 08 1d 3a 00 08 1d 3a 00 08     .:...:...:...:..
 8000050:	1d 3a 00 08 1d 3a 00 08 1d 3a 00 08 1d 3a 00 08     .:...:...:...:..
 8000060:	1d 3a 00 08 1d 3a 00 08 1d 3a 00 08 1d 3a 00 08     .:...:...:...:..
 8000070:	1d 3a 00 08 1d 3a 00 08 1d 3a 00 08 1d 3a 00 08     .:...:...:...:..
 8000080:	1d 3a 00 08 1d 3a 00 08 1d 3a 00 08 1d 3a 00 08     .:...:...:...:..
 8000090:	1d 3a 00 08 1d 3a 00 08 1d 3a 00 08 1d 3a 00 08     .:...:...:...:..
 80000a0:	1d 3a 00 08 1d 3a 00 08 1d 3a 00 08 1d 3a 00 08     .:...:...:...:..
 80000b0:	1d 3a 00 08 1d 3a 00 08 1d 3a 00 08 1d 3a 00 08     .:...:...:...:..
 80000c0:	1d 3a 00 08 1d 3a 00 08 1d 3a 00 08 1d 3a 00 08     .:...:...:...:..
 80000d0:	1d 3a 00 08 1d 3a 00 08 1d 3a 00 08 1d 3a 00 08     .:...:...:...:..
 80000e0:	1d 3a 00 08 1d 3a 00 08 1d 3a 00 08 1d 3a 00 08     .:...:...:...:..
 80000f0:	1d 3a 00 08 1d 3a 00 08 1d 3a 00 08 1d 3a 00 08     .:...:...:...:..
 8000100:	1d 3a 00 08 1d 3a 00 08 1d 3a 00 08 1d 3a 00 08     .:...:...:...:..
 8000110:	1d 3a 00 08 1d 3a 00 08 1d 3a 00 08 1d 3a 00 08     .:...:...:...:..
 8000120:	1d 3a 00 08 1d 3a 00 08 1d 3a 00 08 1d 3a 00 08     .:...:...:...:..
 8000130:	1d 3a 00 08 1d 3a 00 08 1d 3a 00 08 1d 3a 00 08     .:...:...:...:..
 8000140:	1d 3a 00 08 1d 3a 00 08 1d 3a 00 08 1d 3a 00 08     .:...:...:...:..
 8000150:	1d 3a 00 08 1d 3a 00 08 1d 3a 00 08 1d 3a 00 08     .:...:...:...:..
 8000160:	1d 3a 00 08 1d 3a 00 08                             .:...:..

Disassembly of section text:

08000180 <strlen>:
 8000180:	b430      	push	{r4, r5}
 8000182:	f890 f000 	pld	[r0]
 8000186:	f020 0107 	bic.w	r1, r0, #7
 800018a:	f06f 0c00 	mvn.w	ip, #0
 800018e:	f010 0407 	ands.w	r4, r0, #7
 8000192:	f891 f020 	pld	[r1, #32]
 8000196:	f040 8048 	bne.w	800022a <strlen+0xaa>
 800019a:	f04f 0400 	mov.w	r4, #0
 800019e:	f06f 0007 	mvn.w	r0, #7
 80001a2:	e9d1 2300 	ldrd	r2, r3, [r1]
 80001a6:	f891 f040 	pld	[r1, #64]	@ 0x40
 80001aa:	f100 0008 	add.w	r0, r0, #8
 80001ae:	fa82 f24c 	uadd8	r2, r2, ip
 80001b2:	faa4 f28c 	sel	r2, r4, ip
 80001b6:	fa83 f34c 	uadd8	r3, r3, ip
 80001ba:	faa2 f38c 	sel	r3, r2, ip
 80001be:	bb4b      	cbnz	r3, 8000214 <strlen+0x94>
 80001c0:	e9d1 2302 	ldrd	r2, r3, [r1, #8]
 80001c4:	fa82 f24c 	uadd8	r2, r2, ip
 80001c8:	f100 0008 	add.w	r0, r0, #8
 80001cc:	faa4 f28c 	sel	r2, r4, ip
 80001d0:	fa83 f34c 	uadd8	r3, r3, ip
 80001d4:	faa2 f38c 	sel	r3, r2, ip
 80001d8:	b9e3      	cbnz	r3, 8000214 <strlen+0x94>
 80001da:	e9d1 2304 	ldrd	r2, r3, [r1, #16]
 80001de:	fa82 f24c 	uadd8	r2, r2, ip
 80001e2:	f100 0008 	add.w	r0, r0, #8
 80001e6:	faa4 f28c 	sel	r2, r4, ip
 80001ea:	fa83 f34c 	uadd8	r3, r3, ip
 80001ee:	faa2 f38c 	sel	r3, r2, ip
 80001f2:	b97b      	cbnz	r3, 8000214 <strlen+0x94>
 80001f4:	e9d1 2306 	ldrd	r2, r3, [r1, #24]
 80001f8:	f101 0120 	add.w	r1, r1, #32
 80001fc:	fa82 f24c 	uadd8	r2, r2, ip
 8000200:	f100 0008 	add.w	r0, r0, #8
 8000204:	faa4 f28c 	sel	r2, r4, ip
 8000208:	fa83 f34c 	uadd8	r3, r3, ip
 800020c:	faa2 f38c 	sel	r3, r2, ip
 8000210:	2b00      	cmp	r3, #0
 8000212:	d0c6      	beq.n	80001a2 <strlen+0x22>
 8000214:	2a00      	cmp	r2, #0
 8000216:	bf04      	itt	eq
 8000218:	3004      	addeq	r0, #4
 800021a:	461a      	moveq	r2, r3
 800021c:	ba12      	rev	r2, r2
 800021e:	fab2 f282 	clz	r2, r2
 8000222:	eb00 00d2 	add.w	r0, r0, r2, lsr #3
 8000226:	bc30      	pop	{r4, r5}
 8000228:	4770      	bx	lr
 800022a:	e9d1 2300 	ldrd	r2, r3, [r1]
 800022e:	f004 0503 	and.w	r5, r4, #3
 8000232:	f1c4 0000 	rsb	r0, r4, #0
 8000236:	ea4f 05c5 	mov.w	r5, r5, lsl #3
 800023a:	f014 0f04 	tst.w	r4, #4
 800023e:	f891 f040 	pld	[r1, #64]	@ 0x40
 8000242:	fa0c f505 	lsl.w	r5, ip, r5
 8000246:	ea62 0205 	orn	r2, r2, r5
 800024a:	bf1c      	itt	ne
 800024c:	ea63 0305 	ornne	r3, r3, r5
 8000250:	4662      	movne	r2, ip
 8000252:	f04f 0400 	mov.w	r4, #0
 8000256:	e7aa      	b.n	80001ae <strlen+0x2e>

08000258 <__aeabi_memcpy>:
 8000258:	4684      	mov	ip, r0
 800025a:	ea41 0300 	orr.w	r3, r1, r0
 800025e:	f013 0303 	ands.w	r3, r3, #3
 8000262:	d16d      	bne.n	8000340 <__aeabi_memcpy+0xe8>
 8000264:	3a40      	subs	r2, #64	@ 0x40
 8000266:	d341      	bcc.n	80002ec <__aeabi_memcpy+0x94>
 8000268:	f851 3b04 	ldr.w	r3, [r1], #4
 800026c:	f840 3b04 	str.w	r3, [r0], #4
 8000270:	f851 3b04 	ldr.w	r3, [r1], #4
 8000274:	f840 3b04 	str.w	r3, [r0], #4
 8000278:	f851 3b04 	ldr.w	r3, [r1], #4
 800027c:	f840 3b04 	str.w	r3, [r0], #4
 8000280:	f851 3b04 	ldr.w	r3, [r1], #4
 8000284:	f840 3b04 	str.w	r3, [r0], #4
 8000288:	f851 3b04 	ldr.w	r3, [r1], #4
 800028c:	f840 3b04 	str.w	r3, [r0], #4
 8000290:	f851 3b04 	ldr.w	r3, [r1], #4
 8000294:	f840 3b04 	str.w	r3, [r0], #4
 8000298:	f851 3b04 	ldr.w	r3, [r1], #4
 800029c:	f840 3b04 	str.w	r3, [r0], #4
 80002a0:	f851 3b04 	ldr.w	r3, [r1], #4
 80002a4:	f840 3b04 	str.w	r3, [r0], #4
 80002a8:	f851 3b04 	ldr.w	r3, [r1], #4
 80002ac:	f840 3b04 	str.w	r3, [r0], #4
 80002b0:	f851 3b04 	ldr.w	r3, [r1], #4
 80002b4:	f840 3b04 	str.w	r3, [r0], #4
 80002b8:	f851 3b04 	ldr.w	r3, [r1], #4
 80002bc:	f840 3b04 	str.w	r3, [r0], #4
 80002c0:	f851 3b04 	ldr.w	r3, [r1], #4
 80002c4:	f840 3b04 	str.w	r3, [r0], #4
 80002c8:	f851 3b04 	ldr.w	r3, [r1], #4
 80002cc:	f840 3b04 	str.w	r3, [r0], #4
 80002d0:	f851 3b04 	ldr.w	r3, [r1], #4
 80002d4:	f840 3b04 	str.w	r3, [r0], #4
 80002d8:	f851 3b04 	ldr.w	r3, [r1], #4
 80002dc:	f840 3b04 	str.w	r3, [r0], #4
 80002e0:	f851 3b04 	ldr.w	r3, [r1], #4
 80002e4:	f840 3b04 	str.w	r3, [r0], #4
 80002e8:	3a40      	subs	r2, #64	@ 0x40
 80002ea:	d2bd      	bcs.n	8000268 <__aeabi_memcpy+0x10>
 80002ec:	3230      	adds	r2, #48	@ 0x30
 80002ee:	d311      	bcc.n	8000314 <__aeabi_memcpy+0xbc>
 80002f0:	f851 3b04 	ldr.w	r3, [r1], #4
 80002f4:	f840 3b04 	str.w	r3, [r0], #4
 80002f8:	f851 3b04 	ldr.w	r3, [r1], #4
 80002fc:	f840 3b04 	str.w	r3, [r0], #4
 8000300:	f851 3b04 	ldr.w	r3, [r1], #4
 8000304:	f840 3b04 	str.w	r3, [r0], #4
 8000308:	f851 3b04 	ldr.w	r3, [r1], #4
 800030c:	f840 3b04 	str.w	r3, [r0], #4
 8000310:	3a10      	subs	r2, #16
 8000312:	d2ed      	bcs.n	80002f0 <__aeabi_memcpy+0x98>
 8000314:	320c      	adds	r2, #12
 8000316:	d305      	bcc.n	8000324 <__aeabi_memcpy+0xcc>
 8000318:	f851 3b04 	ldr.w	r3, [r1], #4
 800031c:	f840 3b04 	str.w	r3, [r0], #4
 8000320:	3a04      	subs	r2, #4
 8000322:	d2f9      	bcs.n	8000318 <__aeabi_memcpy+0xc0>
 8000324:	3204      	adds	r2, #4
 8000326:	d008      	beq.n	800033a <__aeabi_memcpy+0xe2>
 8000328:	07d2      	lsls	r2, r2, #31
 800032a:	bf1c      	itt	ne
 800032c:	f811 3b01 	ldrbne.w	r3, [r1], #1
 8000330:	f800 3b01 	strbne.w	r3, [r0], #1
 8000334:	d301      	bcc.n	800033a <__aeabi_memcpy+0xe2>
 8000336:	880b      	ldrh	r3, [r1, #0]
 8000338:	8003      	strh	r3, [r0, #0]
 800033a:	4660      	mov	r0, ip
 800033c:	4770      	bx	lr
 800033e:	bf00      	nop
 8000340:	2a08      	cmp	r2, #8
 8000342:	d313      	bcc.n	800036c <__aeabi_memcpy+0x114>
 8000344:	078b      	lsls	r3, r1, #30
 8000346:	d08d      	beq.n	8000264 <__aeabi_memcpy+0xc>
 8000348:	f010 0303 	ands.w	r3, r0, #3
 800034c:	d08a      	beq.n	8000264 <__aeabi_memcpy+0xc>
 800034e:	f1c3 0304 	rsb	r3, r3, #4
 8000352:	1ad2      	subs	r2, r2, r3
 8000354:	07db      	lsls	r3, r3, #31
 8000356:	bf1c      	itt	ne
 8000358:	f811 3b01 	ldrbne.w	r3, [r1], #1
 800035c:	f800 3b01 	strbne.w	r3, [r0], #1
 8000360:	d380      	bcc.n	8000264 <__aeabi_memcpy+0xc>
 8000362:	f831 3b02 	ldrh.w	r3, [r1], #2
 8000366:	f820 3b02 	strh.w	r3, [r0], #2
 800036a:	e77b      	b.n	8000264 <__aeabi_memcpy+0xc>
 800036c:	3a04      	subs	r2, #4
 800036e:	d3d9      	bcc.n	8000324 <__aeabi_memcpy+0xcc>
 8000370:	3a01      	subs	r2, #1
 8000372:	f811 3b01 	ldrb.w	r3, [r1], #1
 8000376:	f800 3b01 	strb.w	r3, [r0], #1
 800037a:	d2f9      	bcs.n	8000370 <__aeabi_memcpy+0x118>
 800037c:	780b      	ldrb	r3, [r1, #0]
 800037e:	7003      	strb	r3, [r0, #0]
 8000380:	784b      	ldrb	r3, [r1, #1]
 8000382:	7043      	strb	r3, [r0, #1]
 8000384:	788b      	ldrb	r3, [r1, #2]
 8000386:	7083      	strb	r3, [r0, #2]
 8000388:	4660      	mov	r0, ip
 800038a:	4770      	bx	lr

0800038c <__aeabi_fmul>:
 800038c:	f04f 0cff 	mov.w	ip, #255	@ 0xff
 8000390:	ea1c 52d0 	ands.w	r2, ip, r0, lsr #23
 8000394:	bf1e      	ittt	ne
 8000396:	ea1c 53d1 	andsne.w	r3, ip, r1, lsr #23
 800039a:	ea92 0f0c 	teqne	r2, ip
 800039e:	ea93 0f0c 	teqne	r3, ip
 80003a2:	d06f      	beq.n	8000484 <__aeabi_fmul+0xf8>
 80003a4:	441a      	add	r2, r3
 80003a6:	ea80 0c01 	eor.w	ip, r0, r1
 80003aa:	0240      	lsls	r0, r0, #9
 80003ac:	bf18      	it	ne
 80003ae:	ea5f 2141 	movsne.w	r1, r1, lsl #9
 80003b2:	d01e      	beq.n	80003f2 <__aeabi_fmul+0x66>
 80003b4:	f04f 6300 	mov.w	r3, #134217728	@ 0x8000000
 80003b8:	ea43 1050 	orr.w	r0, r3, r0, lsr #5
 80003bc:	ea43 1151 	orr.w	r1, r3, r1, lsr #5
 80003c0:	fba0 3101 	umull	r3, r1, r0, r1
 80003c4:	f00c 4000 	and.w	r0, ip, #2147483648	@ 0x80000000
 80003c8:	f5b1 0f00 	cmp.w	r1, #8388608	@ 0x800000
 80003cc:	bf3e      	ittt	cc
 80003ce:	0049      	lslcc	r1, r1, #1
 80003d0:	ea41 71d3 	orrcc.w	r1, r1, r3, lsr #31
 80003d4:	005b      	lslcc	r3, r3, #1
 80003d6:	ea40 0001 	orr.w	r0, r0, r1
 80003da:	f162 027f 	sbc.w	r2, r2, #127	@ 0x7f
 80003de:	2afd      	cmp	r2, #253	@ 0xfd
 80003e0:	d81d      	bhi.n	800041e <__aeabi_fmul+0x92>
 80003e2:	f1b3 4f00 	cmp.w	r3, #2147483648	@ 0x80000000
 80003e6:	eb40 50c2 	adc.w	r0, r0, r2, lsl #23
 80003ea:	bf08      	it	eq
 80003ec:	f020 0001 	biceq.w	r0, r0, #1
 80003f0:	4770      	bx	lr
 80003f2:	f090 0f00 	teq	r0, #0
 80003f6:	f00c 4c00 	and.w	ip, ip, #2147483648	@ 0x80000000
 80003fa:	bf08      	it	eq
 80003fc:	0249      	lsleq	r1, r1, #9
 80003fe:	ea4c 2050 	orr.w	r0, ip, r0, lsr #9
 8000402:	ea40 2051 	orr.w	r0, r0, r1, lsr #9
 8000406:	3a7f      	subs	r2, #127	@ 0x7f
 8000408:	bfc2      	ittt	gt
 800040a:	f1d2 03ff 	rsbsgt	r3, r2, #255	@ 0xff
 800040e:	ea40 50c2 	orrgt.w	r0, r0, r2, lsl #23
 8000412:	4770      	bxgt	lr
 8000414:	f440 0000 	orr.w	r0, r0, #8388608	@ 0x800000
 8000418:	f04f 0300 	mov.w	r3, #0
 800041c:	3a01      	subs	r2, #1
 800041e:	dc5d      	bgt.n	80004dc <__aeabi_fmul+0x150>
 8000420:	f112 0f19 	cmn.w	r2, #25
 8000424:	bfdc      	itt	le
 8000426:	f000 4000 	andle.w	r0, r0, #2147483648	@ 0x80000000
 800042a:	4770      	bxle	lr
 800042c:	f1c2 0200 	rsb	r2, r2, #0
 8000430:	0041      	lsls	r1, r0, #1
 8000432:	fa21 f102 	lsr.w	r1, r1, r2
 8000436:	f1c2 0220 	rsb	r2, r2, #32
 800043a:	fa00 fc02 	lsl.w	ip, r0, r2
 800043e:	ea5f 0031 	movs.w	r0, r1, rrx
 8000442:	f140 0000 	adc.w	r0, r0, #0
 8000446:	ea53 034c 	orrs.w	r3, r3, ip, lsl #1
 800044a:	bf08      	it	eq
 800044c:	ea20 70dc 	biceq.w	r0, r0, ip, lsr #31
 8000450:	4770      	bx	lr
 8000452:	f092 0f00 	teq	r2, #0
 8000456:	f000 4c00 	and.w	ip, r0, #2147483648	@ 0x80000000
 800045a:	bf02      	ittt	eq
 800045c:	0040      	lsleq	r0, r0, #1
 800045e:	f410 0f00 	tsteq.w	r0, #8388608	@ 0x800000
 8000462:	3a01      	subeq	r2, #1
 8000464:	d0f9      	beq.n	800045a <__aeabi_fmul+0xce>
 8000466:	ea40 000c 	orr.w	r0, r0, ip
 800046a:	f093 0f00 	teq	r3, #0
 800046e:	f001 4c00 	and.w	ip, r1, #2147483648	@ 0x80000000
 8000472:	bf02      	ittt	eq
 8000474:	0049      	lsleq	r1, r1, #1
 8000476:	f411 0f00 	tsteq.w	r1, #8388608	@ 0x800000
 800047a:	3b01      	subeq	r3, #1
 800047c:	d0f9      	beq.n	8000472 <__aeabi_fmul+0xe6>
 800047e:	ea41 010c 	orr.w	r1, r1, ip
 8000482:	e78f      	b.n	80003a4 <__aeabi_fmul+0x18>
 8000484:	ea0c 53d1 	and.w	r3, ip, r1, lsr #23
 8000488:	ea92 0f0c 	teq	r2, ip
 800048c:	bf18      	it	ne
 800048e:	ea93 0f0c 	teqne	r3, ip
 8000492:	d00a      	beq.n	80004aa <__aeabi_fmul+0x11e>
 8000494:	f030 4c00 	bics.w	ip, r0, #2147483648	@ 0x80000000
 8000498:	bf18      	it	ne
 800049a:	f031 4c00 	bicsne.w	ip, r1, #2147483648	@ 0x80000000
 800049e:	d1d8      	bne.n	8000452 <__aeabi_fmul+0xc6>
 80004a0:	ea80 0001 	eor.w	r0, r0, r1
 80004a4:	f000 4000 	and.w	r0, r0, #2147483648	@ 0x80000000
 80004a8:	4770      	bx	lr
 80004aa:	f090 0f00 	teq	r0, #0
 80004ae:	bf17      	itett	ne
 80004b0:	f090 4f00 	teqne	r0, #2147483648	@ 0x80000000
 80004b4:	4608      	moveq	r0, r1
 80004b6:	f091 0f00 	teqne	r1, #0
 80004ba:	f091 4f00 	teqne	r1, #2147483648	@ 0x80000000
 80004be:	d014      	beq.n	80004ea <__aeabi_fmul+0x15e>
 80004c0:	ea92 0f0c 	teq	r2, ip
 80004c4:	d101      	bne.n	80004ca <__aeabi_fmul+0x13e>
 80004c6:	0242      	lsls	r2, r0, #9
 80004c8:	d10f      	bne.n	80004ea <__aeabi_fmul+0x15e>
 80004ca:	ea93 0f0c 	teq	r3, ip
 80004ce:	d103      	bne.n	80004d8 <__aeabi_fmul+0x14c>
 80004d0:	024b      	lsls	r3, r1, #9
 80004d2:	bf18      	it	ne
 80004d4:	4608      	movne	r0, r1
 80004d6:	d108      	bne.n	80004ea <__aeabi_fmul+0x15e>
 80004d8:	ea80 0001 	eor.w	r0, r0, r1
 80004dc:	f000 4000 	and.w	r0, r0, #2147483648	@ 0x80000000
 80004e0:	f040 40fe 	orr.w	r0, r0, #2130706432	@ 0x7f000000
 80004e4:	f440 0000 	orr.w	r0, r0, #8388608	@ 0x800000
 80004e8:	4770      	bx	lr
 80004ea:	f040 40fe 	orr.w	r0, r0, #2130706432	@ 0x7f000000
 80004ee:	f440 0040 	orr.w	r0, r0, #12582912	@ 0xc00000
 80004f2:	4770      	bx	lr

080004f4 <__aeabi_frsub>:
 80004f4:	f080 4000 	eor.w	r0, r0, #2147483648	@ 0x80000000
 80004f8:	e002      	b.n	8000500 <__addsf3>
 80004fa:	bf00      	nop

080004fc <__aeabi_fsub>:
 80004fc:	f081 4100 	eor.w	r1, r1, #2147483648	@ 0x80000000

08000500 <__addsf3>:
 8000500:	0042      	lsls	r2, r0, #1
 8000502:	bf1f      	itttt	ne
 8000504:	ea5f 0341 	movsne.w	r3, r1, lsl #1
 8000508:	ea92 0f03 	teqne	r2, r3
 800050c:	ea7f 6c22 	mvnsne.w	ip, r2, asr #24
 8000510:	ea7f 6c23 	mvnsne.w	ip, r3, asr #24
 8000514:	d06a      	beq.n	80005ec <__addsf3+0xec>
 8000516:	ea4f 6212 	mov.w	r2, r2, lsr #24
 800051a:	ebd2 6313 	rsbs	r3, r2, r3, lsr #24
 800051e:	bfc1      	itttt	gt
 8000520:	18d2      	addgt	r2, r2, r3
 8000522:	4041      	eorgt	r1, r0
 8000524:	4048      	eorgt	r0, r1
 8000526:	4041      	eorgt	r1, r0
 8000528:	bfb8      	it	lt
 800052a:	425b      	neglt	r3, r3
 800052c:	2b19      	cmp	r3, #25
 800052e:	bf88      	it	hi
 8000530:	4770      	bxhi	lr
 8000532:	f010 4f00 	tst.w	r0, #2147483648	@ 0x80000000
 8000536:	f440 0000 	orr.w	r0, r0, #8388608	@ 0x800000
 800053a:	f020 407f 	bic.w	r0, r0, #4278190080	@ 0xff000000
 800053e:	bf18      	it	ne
 8000540:	4240      	negne	r0, r0
 8000542:	f011 4f00 	tst.w	r1, #2147483648	@ 0x80000000
 8000546:	f441 0100 	orr.w	r1, r1, #8388608	@ 0x800000
 800054a:	f021 417f 	bic.w	r1, r1, #4278190080	@ 0xff000000
 800054e:	bf18      	it	ne
 8000550:	4249      	negne	r1, r1
 8000552:	ea92 0f03 	teq	r2, r3
 8000556:	d03f      	beq.n	80005d8 <__addsf3+0xd8>
 8000558:	f1a2 0201 	sub.w	r2, r2, #1
 800055c:	fa41 fc03 	asr.w	ip, r1, r3
 8000560:	eb10 000c 	adds.w	r0, r0, ip
 8000564:	f1c3 0320 	rsb	r3, r3, #32
 8000568:	fa01 f103 	lsl.w	r1, r1, r3
 800056c:	f000 4300 	and.w	r3, r0, #2147483648	@ 0x80000000
 8000570:	d502      	bpl.n	8000578 <__addsf3+0x78>
 8000572:	4249      	negs	r1, r1
 8000574:	eb60 0040 	sbc.w	r0, r0, r0, lsl #1
 8000578:	f5b0 0f00 	cmp.w	r0, #8388608	@ 0x800000
 800057c:	d313      	bcc.n	80005a6 <__addsf3+0xa6>
 800057e:	f1b0 7f80 	cmp.w	r0, #16777216	@ 0x1000000
 8000582:	d306      	bcc.n	8000592 <__addsf3+0x92>
 8000584:	0840      	lsrs	r0, r0, #1
 8000586:	ea4f 0131 	mov.w	r1, r1, rrx
 800058a:	f102 0201 	add.w	r2, r2, #1
 800058e:	2afe      	cmp	r2, #254	@ 0xfe
 8000590:	d251      	bcs.n	8000636 <__addsf3+0x136>
 8000592:	f1b1 4f00 	cmp.w	r1, #2147483648	@ 0x80000000
 8000596:	eb40 50c2 	adc.w	r0, r0, r2, lsl #23
 800059a:	bf08      	it	eq
 800059c:	f020 0001 	biceq.w	r0, r0, #1
 80005a0:	ea40 0003 	orr.w	r0, r0, r3
 80005a4:	4770      	bx	lr
 80005a6:	0049      	lsls	r1, r1, #1
 80005a8:	eb40 0000 	adc.w	r0, r0, r0
 80005ac:	3a01      	subs	r2, #1
 80005ae:	bf28      	it	cs
 80005b0:	f5b0 0f00 	cmpcs.w	r0, #8388608	@ 0x800000
 80005b4:	d2ed      	bcs.n	8000592 <__addsf3+0x92>
 80005b6:	fab0 fc80 	clz	ip, r0
 80005ba:	f1ac 0c08 	sub.w	ip, ip, #8
 80005be:	ebb2 020c 	subs.w	r2, r2, ip
 80005c2:	fa00 f00c 	lsl.w	r0, r0, ip
 80005c6:	bfaa      	itet	ge
 80005c8:	eb00 50c2 	addge.w	r0, r0, r2, lsl #23
 80005cc:	4252      	neglt	r2, r2
 80005ce:	4318      	orrge	r0, r3
 80005d0:	bfbc      	itt	lt
 80005d2:	40d0      	lsrlt	r0, r2
 80005d4:	4318      	orrlt	r0, r3
 80005d6:	4770      	bx	lr
 80005d8:	f092 0f00 	teq	r2, #0
 80005dc:	f481 0100 	eor.w	r1, r1, #8388608	@ 0x800000
 80005e0:	bf06      	itte	eq
 80005e2:	f480 0000 	eoreq.w	r0, r0, #8388608	@ 0x800000
 80005e6:	3201      	addeq	r2, #1
 80005e8:	3b01      	subne	r3, #1
 80005ea:	e7b5      	b.n	8000558 <__addsf3+0x58>
 80005ec:	ea4f 0341 	mov.w	r3, r1, lsl #1
 80005f0:	ea7f 6c22 	mvns.w	ip, r2, asr #24
 80005f4:	bf18      	it	ne
 80005f6:	ea7f 6c23 	mvnsne.w	ip, r3, asr #24
 80005fa:	d021      	beq.n	8000640 <__addsf3+0x140>
 80005fc:	ea92 0f03 	teq	r2, r3
 8000600:	d004      	beq.n	800060c <__addsf3+0x10c>
 8000602:	f092 0f00 	teq	r2, #0
 8000606:	bf08      	it	eq
 8000608:	4608      	moveq	r0, r1
 800060a:	4770      	bx	lr
 800060c:	ea90 0f01 	teq	r0, r1
 8000610:	bf1c      	itt	ne
 8000612:	2000      	movne	r0, #0
 8000614:	4770      	bxne	lr
 8000616:	f012 4f7f 	tst.w	r2, #4278190080	@ 0xff000000
 800061a:	d104      	bne.n	8000626 <__addsf3+0x126>
 800061c:	0040      	lsls	r0, r0, #1
 800061e:	bf28      	it	cs
 8000620:	f040 4000 	orrcs.w	r0, r0, #2147483648	@ 0x80000000
 8000624:	4770      	bx	lr
 8000626:	f112 7200 	adds.w	r2, r2, #33554432	@ 0x2000000
 800062a:	bf3c      	itt	cc
 800062c:	f500 0000 	addcc.w	r0, r0, #8388608	@ 0x800000
 8000630:	4770      	bxcc	lr
 8000632:	f000 4300 	and.w	r3, r0, #2147483648	@ 0x80000000
 8000636:	f043 40fe 	orr.w	r0, r3, #2130706432	@ 0x7f000000
 800063a:	f440 0000 	orr.w	r0, r0, #8388608	@ 0x800000
 800063e:	4770      	bx	lr
 8000640:	ea7f 6222 	mvns.w	r2, r2, asr #24
 8000644:	bf16      	itet	ne
 8000646:	4608      	movne	r0, r1
 8000648:	ea7f 6323 	mvnseq.w	r3, r3, asr #24
 800064c:	4601      	movne	r1, r0
 800064e:	0242      	lsls	r2, r0, #9
 8000650:	bf06      	itte	eq
 8000652:	ea5f 2341 	movseq.w	r3, r1, lsl #9
 8000656:	ea90 0f01 	teqeq	r0, r1
 800065a:	f440 0080 	orrne.w	r0, r0, #4194304	@ 0x400000
 800065e:	4770      	bx	lr

08000660 <__aeabi_ui2f>:
 8000660:	f04f 0300 	mov.w	r3, #0
 8000664:	e004      	b.n	8000670 <__aeabi_i2f+0x8>
 8000666:	bf00      	nop

08000668 <__aeabi_i2f>:
 8000668:	f010 4300 	ands.w	r3, r0, #2147483648	@ 0x80000000
 800066c:	bf48      	it	mi
 800066e:	4240      	negmi	r0, r0
 8000670:	ea5f 0c00 	movs.w	ip, r0
 8000674:	bf08      	it	eq
 8000676:	4770      	bxeq	lr
 8000678:	f043 4396 	orr.w	r3, r3, #1258291200	@ 0x4b000000
 800067c:	4601      	mov	r1, r0
 800067e:	f04f 0000 	mov.w	r0, #0
 8000682:	e01c      	b.n	80006be <__aeabi_l2f+0x2a>

08000684 <__aeabi_ul2f>:
 8000684:	ea50 0201 	orrs.w	r2, r0, r1
 8000688:	bf08      	it	eq
 800068a:	4770      	bxeq	lr
 800068c:	f04f 0300 	mov.w	r3, #0
 8000690:	e00a      	b.n	80006a8 <__aeabi_l2f+0x14>
 8000692:	bf00      	nop

08000694 <__aeabi_l2f>:
 8000694:	ea50 0201 	orrs.w	r2, r0, r1
 8000698:	bf08      	it	eq
 800069a:	4770      	bxeq	lr
 800069c:	f011 4300 	ands.w	r3, r1, #2147483648	@ 0x80000000
 80006a0:	d502      	bpl.n	80006a8 <__aeabi_l2f+0x14>
 80006a2:	4240      	negs	r0, r0
 80006a4:	eb61 0141 	sbc.w	r1, r1, r1, lsl #1
 80006a8:	ea5f 0c01 	movs.w	ip, r1
 80006ac:	bf02      	ittt	eq
 80006ae:	4684      	moveq	ip, r0
 80006b0:	4601      	moveq	r1, r0
 80006b2:	2000      	moveq	r0, #0
 80006b4:	f043 43b6 	orr.w	r3, r3, #1526726656	@ 0x5b000000
 80006b8:	bf08      	it	eq
 80006ba:	f1a3 5380 	subeq.w	r3, r3, #268435456	@ 0x10000000
 80006be:	f5a3 0300 	sub.w	r3, r3, #8388608	@ 0x800000
 80006c2:	fabc f28c 	clz	r2, ip
 80006c6:	3a08      	subs	r2, #8
 80006c8:	eba3 53c2 	sub.w	r3, r3, r2, lsl #23
 80006cc:	db10      	blt.n	80006f0 <__aeabi_l2f+0x5c>
 80006ce:	fa01 fc02 	lsl.w	ip, r1, r2
 80006d2:	4463      	add	r3, ip
 80006d4:	fa00 fc02 	lsl.w	ip, r0, r2
 80006d8:	f1c2 0220 	rsb	r2, r2, #32
 80006dc:	f1bc 4f00 	cmp.w	ip, #2147483648	@ 0x80000000
 80006e0:	fa20 f202 	lsr.w	r2, r0, r2
 80006e4:	eb43 0002 	adc.w	r0, r3, r2
 80006e8:	bf08      	it	eq
 80006ea:	f020 0001 	biceq.w	r0, r0, #1
 80006ee:	4770      	bx	lr
 80006f0:	f102 0220 	add.w	r2, r2, #32
 80006f4:	fa01 fc02 	lsl.w	ip, r1, r2
 80006f8:	f1c2 0220 	rsb	r2, r2, #32
 80006fc:	ea50 004c 	orrs.w	r0, r0, ip, lsl #1
 8000700:	fa21 f202 	lsr.w	r2, r1, r2
 8000704:	eb43 0002 	adc.w	r0, r3, r2
 8000708:	bf08      	it	eq
 800070a:	ea20 70dc 	biceq.w	r0, r0, ip, lsr #31
 800070e:	4770      	bx	lr

08000710 <__aeabi_f2iz>:
 8000710:	ea4f 0240 	mov.w	r2, r0, lsl #1
 8000714:	f1b2 4ffe 	cmp.w	r2, #2130706432	@ 0x7f000000
 8000718:	d30f      	bcc.n	800073a <__aeabi_f2iz+0x2a>
 800071a:	f04f 039e 	mov.w	r3, #158	@ 0x9e
 800071e:	ebb3 6212 	subs.w	r2, r3, r2, lsr #24
 8000722:	d90d      	bls.n	8000740 <__aeabi_f2iz+0x30>
 8000724:	ea4f 2300 	mov.w	r3, r0, lsl #8
 8000728:	f043 4300 	orr.w	r3, r3, #2147483648	@ 0x80000000
 800072c:	f010 4f00 	tst.w	r0, #2147483648	@ 0x80000000
 8000730:	fa23 f002 	lsr.w	r0, r3, r2
 8000734:	bf18      	it	ne
 8000736:	4240      	negne	r0, r0
 8000738:	4770      	bx	lr
 800073a:	f04f 0000 	mov.w	r0, #0
 800073e:	4770      	bx	lr
 8000740:	f112 0f61 	cmn.w	r2, #97	@ 0x61
 8000744:	d101      	bne.n	800074a <__aeabi_f2iz+0x3a>
 8000746:	0242      	lsls	r2, r0, #9
 8000748:	d105      	bne.n	8000756 <__aeabi_f2iz+0x46>
 800074a:	f010 4000 	ands.w	r0, r0, #2147483648	@ 0x80000000
 800074e:	bf08      	it	eq
 8000750:	f06f 4000 	mvneq.w	r0, #2147483648	@ 0x80000000
 8000754:	4770      	bx	lr
 8000756:	f04f 0000 	mov.w	r0, #0
 800075a:	4770      	bx	lr

0800075c <__aeabi_uldivmod>:
 800075c:	b953      	cbnz	r3, 8000774 <__aeabi_uldivmod+0x18>
 800075e:	b94a      	cbnz	r2, 8000774 <__aeabi_uldivmod+0x18>
 8000760:	2900      	cmp	r1, #0
 8000762:	bf08      	it	eq
 8000764:	2800      	cmpeq	r0, #0
 8000766:	bf1c      	itt	ne
 8000768:	f04f 31ff 	movne.w	r1, #4294967295
 800076c:	f04f 30ff 	movne.w	r0, #4294967295
 8000770:	f000 b80c 	b.w	800078c <__aeabi_idiv0>
 8000774:	f1ad 0c08 	sub.w	ip, sp, #8
 8000778:	e96d ce04 	strd	ip, lr, [sp, #-16]!
 800077c:	f000 f81b 	bl	80007b6 <__udivmoddi4>
 8000780:	f8dd e004 	ldr.w	lr, [sp, #4]
 8000784:	e9dd 2302 	ldrd	r2, r3, [sp, #8]
 8000788:	b004      	add	sp, #16
 800078a:	4770      	bx	lr

0800078c <__aeabi_idiv0>:
 800078c:	4770      	bx	lr
 800078e:	bf00      	nop

08000790 <__popcountsi2>:
 8000790:	0843      	lsrs	r3, r0, #1
 8000792:	f003 3355 	and.w	r3, r3, #1431655765	@ 0x55555555
 8000796:	1ac0      	subs	r0, r0, r3
 8000798:	f000 3333 	and.w	r3, r0, #858993459	@ 0x33333333
 800079c:	0880      	lsrs	r0, r0, #2
 800079e:	f000 3033 	and.w	r0, r0, #858993459	@ 0x33333333
 80007a2:	4418      	add	r0, r3
 80007a4:	eb00 1010 	add.w	r0, r0, r0, lsr #4
 80007a8:	f04f 3301 	mov.w	r3, #16843009	@ 0x1010101
 80007ac:	f000 300f 	and.w	r0, r0, #252645135	@ 0xf0f0f0f
 80007b0:	4358      	muls	r0, r3
 80007b2:	0e00      	lsrs	r0, r0, #24
 80007b4:	4770      	bx	lr

080007b6 <__udivmoddi4>:
 80007b6:	e92d 47f0 	stmdb	sp!, {r4, r5, r6, r7, r8, r9, sl, lr}
 80007ba:	468c      	mov	ip, r1
 80007bc:	468e      	mov	lr, r1
 80007be:	9e08      	ldr	r6, [sp, #32]
 80007c0:	4615      	mov	r5, r2
 80007c2:	4604      	mov	r4, r0
 80007c4:	4619      	mov	r1, r3
 80007c6:	2b00      	cmp	r3, #0
 80007c8:	f040 80d0 	bne.w	800096c <__udivmoddi4+0x1b6>
 80007cc:	4572      	cmp	r2, lr
 80007ce:	d947      	bls.n	8000860 <__udivmoddi4+0xaa>
 80007d0:	fab2 f782 	clz	r7, r2
 80007d4:	b14f      	cbz	r7, 80007ea <__udivmoddi4+0x34>
 80007d6:	f1c7 0320 	rsb	r3, r7, #32
 80007da:	fa0e fc07 	lsl.w	ip, lr, r7
 80007de:	fa20 f303 	lsr.w	r3, r0, r3
 80007e2:	40bd      	lsls	r5, r7
 80007e4:	ea43 0c0c 	orr.w	ip, r3, ip
 80007e8:	40bc      	lsls	r4, r7
 80007ea:	ea4f 4e15 	mov.w	lr, r5, lsr #16
 80007ee:	b2a8      	uxth	r0, r5
 80007f0:	fbbc f8fe 	udiv	r8, ip, lr
 80007f4:	0c23      	lsrs	r3, r4, #16
 80007f6:	fb0e cc18 	mls	ip, lr, r8, ip
 80007fa:	fb08 f900 	mul.w	r9, r8, r0
 80007fe:	ea43 430c 	orr.w	r3, r3, ip, lsl #16
 8000802:	4599      	cmp	r9, r3
 8000804:	d928      	bls.n	8000858 <__udivmoddi4+0xa2>
 8000806:	18eb      	adds	r3, r5, r3
 8000808:	f108 32ff 	add.w	r2, r8, #4294967295
 800080c:	d204      	bcs.n	8000818 <__udivmoddi4+0x62>
 800080e:	4599      	cmp	r9, r3
 8000810:	d902      	bls.n	8000818 <__udivmoddi4+0x62>
 8000812:	f1a8 0202 	sub.w	r2, r8, #2
 8000816:	442b      	add	r3, r5
 8000818:	eba3 0309 	sub.w	r3, r3, r9
 800081c:	b2a4      	uxth	r4, r4
 800081e:	fbb3 fcfe 	udiv	ip, r3, lr
 8000822:	fb0e 331c 	mls	r3, lr, ip, r3
 8000826:	fb0c f000 	mul.w	r0, ip, r0
 800082a:	ea44 4403 	orr.w	r4, r4, r3, lsl #16
 800082e:	42a0      	cmp	r0, r4
 8000830:	d914      	bls.n	800085c <__udivmoddi4+0xa6>
 8000832:	192c      	adds	r4, r5, r4
 8000834:	f10c 33ff 	add.w	r3, ip, #4294967295
 8000838:	d204      	bcs.n	8000844 <__udivmoddi4+0x8e>
 800083a:	42a0      	cmp	r0, r4
 800083c:	d902      	bls.n	8000844 <__udivmoddi4+0x8e>
 800083e:	f1ac 0302 	sub.w	r3, ip, #2
 8000842:	442c      	add	r4, r5
 8000844:	1a24      	subs	r4, r4, r0
 8000846:	ea43 4002 	orr.w	r0, r3, r2, lsl #16
 800084a:	b11e      	cbz	r6, 8000854 <__udivmoddi4+0x9e>
 800084c:	40fc      	lsrs	r4, r7
 800084e:	2300      	movs	r3, #0
 8000850:	6034      	str	r4, [r6, #0]
 8000852:	6073      	str	r3, [r6, #4]
 8000854:	e8bd 87f0 	ldmia.w	sp!, {r4, r5, r6, r7, r8, r9, sl, pc}
 8000858:	4642      	mov	r2, r8
 800085a:	e7dd      	b.n	8000818 <__udivmoddi4+0x62>
 800085c:	4663      	mov	r3, ip
 800085e:	e7f1      	b.n	8000844 <__udivmoddi4+0x8e>
 8000860:	2a00      	cmp	r2, #0
 8000862:	d079      	beq.n	8000958 <__udivmoddi4+0x1a2>
 8000864:	fab2 f382 	clz	r3, r2
 8000868:	2b00      	cmp	r3, #0
 800086a:	d03f      	beq.n	80008ec <__udivmoddi4+0x136>
 800086c:	4619      	mov	r1, r3
 800086e:	f1c1 0320 	rsb	r3, r1, #32
 8000872:	fa02 f501 	lsl.w	r5, r2, r1
 8000876:	fa2e f203 	lsr.w	r2, lr, r3
 800087a:	fa0e fe01 	lsl.w	lr, lr, r1
 800087e:	fa20 f303 	lsr.w	r3, r0, r3
 8000882:	ea43 030e 	orr.w	r3, r3, lr
 8000886:	ea4f 4e15 	mov.w	lr, r5, lsr #16
 800088a:	fa00 f401 	lsl.w	r4, r0, r1
 800088e:	fbb2 fcfe 	udiv	ip, r2, lr
 8000892:	b2af      	uxth	r7, r5
 8000894:	fb0e 201c 	mls	r0, lr, ip, r2
 8000898:	0c1a      	lsrs	r2, r3, #16
 800089a:	fb0c f807 	mul.w	r8, ip, r7
 800089e:	ea42 4200 	orr.w	r2, r2, r0, lsl #16
 80008a2:	4590      	cmp	r8, r2
 80008a4:	d95a      	bls.n	800095c <__udivmoddi4+0x1a6>
 80008a6:	18aa      	adds	r2, r5, r2
 80008a8:	f10c 30ff 	add.w	r0, ip, #4294967295
 80008ac:	d204      	bcs.n	80008b8 <__udivmoddi4+0x102>
 80008ae:	4590      	cmp	r8, r2
 80008b0:	d902      	bls.n	80008b8 <__udivmoddi4+0x102>
 80008b2:	f1ac 0002 	sub.w	r0, ip, #2
 80008b6:	442a      	add	r2, r5
 80008b8:	eba2 0208 	sub.w	r2, r2, r8
 80008bc:	b29b      	uxth	r3, r3
 80008be:	fbb2 fcfe 	udiv	ip, r2, lr
 80008c2:	fb0e 221c 	mls	r2, lr, ip, r2
 80008c6:	fb0c f707 	mul.w	r7, ip, r7
 80008ca:	ea43 4302 	orr.w	r3, r3, r2, lsl #16
 80008ce:	429f      	cmp	r7, r3
 80008d0:	d946      	bls.n	8000960 <__udivmoddi4+0x1aa>
 80008d2:	18eb      	adds	r3, r5, r3
 80008d4:	f10c 32ff 	add.w	r2, ip, #4294967295
 80008d8:	d204      	bcs.n	80008e4 <__udivmoddi4+0x12e>
 80008da:	429f      	cmp	r7, r3
 80008dc:	d902      	bls.n	80008e4 <__udivmoddi4+0x12e>
 80008de:	f1ac 0202 	sub.w	r2, ip, #2
 80008e2:	442b      	add	r3, r5
 80008e4:	1bdb      	subs	r3, r3, r7
 80008e6:	ea42 4200 	orr.w	r2, r2, r0, lsl #16
 80008ea:	e002      	b.n	80008f2 <__udivmoddi4+0x13c>
 80008ec:	ebae 0302 	sub.w	r3, lr, r2
 80008f0:	2201      	movs	r2, #1
 80008f2:	ea4f 4e15 	mov.w	lr, r5, lsr #16
 80008f6:	b2af      	uxth	r7, r5
 80008f8:	fbb3 fcfe 	udiv	ip, r3, lr
 80008fc:	0c20      	lsrs	r0, r4, #16
 80008fe:	fb0e 331c 	mls	r3, lr, ip, r3
 8000902:	fb0c f807 	mul.w	r8, ip, r7
 8000906:	ea40 4303 	orr.w	r3, r0, r3, lsl #16
 800090a:	4598      	cmp	r8, r3
 800090c:	d92a      	bls.n	8000964 <__udivmoddi4+0x1ae>
 800090e:	18eb      	adds	r3, r5, r3
 8000910:	f10c 30ff 	add.w	r0, ip, #4294967295
 8000914:	d204      	bcs.n	8000920 <__udivmoddi4+0x16a>
 8000916:	4598      	cmp	r8, r3
 8000918:	d902      	bls.n	8000920 <__udivmoddi4+0x16a>
 800091a:	f1ac 0002 	sub.w	r0, ip, #2
 800091e:	442b      	add	r3, r5
 8000920:	eba3 0308 	sub.w	r3, r3, r8
 8000924:	b2a4      	uxth	r4, r4
 8000926:	fbb3 fcfe 	udiv	ip, r3, lr
 800092a:	fb0e 331c 	mls	r3, lr, ip, r3
 800092e:	fb0c f707 	mul.w	r7, ip, r7
 8000932:	ea44 4403 	orr.w	r4, r4, r3, lsl #16
 8000936:	42a7      	cmp	r7, r4
 8000938:	d916      	bls.n	8000968 <__udivmoddi4+0x1b2>
 800093a:	192c      	adds	r4, r5, r4
 800093c:	f10c 33ff 	add.w	r3, ip, #4294967295
 8000940:	d204      	bcs.n	800094c <__udivmoddi4+0x196>
 8000942:	42a7      	cmp	r7, r4
 8000944:	d902      	bls.n	800094c <__udivmoddi4+0x196>
 8000946:	f1ac 0302 	sub.w	r3, ip, #2
 800094a:	442c      	add	r4, r5
 800094c:	1be4      	subs	r4, r4, r7
 800094e:	ea43 4000 	orr.w	r0, r3, r0, lsl #16
 8000952:	460f      	mov	r7, r1
 8000954:	4611      	mov	r1, r2
 8000956:	e778      	b.n	800084a <__udivmoddi4+0x94>
 8000958:	211f      	movs	r1, #31
 800095a:	e788      	b.n	800086e <__udivmoddi4+0xb8>
 800095c:	4660      	mov	r0, ip
 800095e:	e7ab      	b.n	80008b8 <__udivmoddi4+0x102>
 8000960:	4662      	mov	r2, ip
 8000962:	e7bf      	b.n	80008e4 <__udivmoddi4+0x12e>
 8000964:	4660      	mov	r0, ip
 8000966:	e7db      	b.n	8000920 <__udivmoddi4+0x16a>
 8000968:	4663      	mov	r3, ip
 800096a:	e7ef      	b.n	800094c <__udivmoddi4+0x196>
 800096c:	4573      	cmp	r3, lr
 800096e:	d906      	bls.n	800097e <__udivmoddi4+0x1c8>
 8000970:	b916      	cbnz	r6, 8000978 <__udivmoddi4+0x1c2>
 8000972:	2100      	movs	r1, #0
 8000974:	4608      	mov	r0, r1
 8000976:	e76d      	b.n	8000854 <__udivmoddi4+0x9e>
 8000978:	e9c6 0e00 	strd	r0, lr, [r6]
 800097c:	e7f9      	b.n	8000972 <__udivmoddi4+0x1bc>
 800097e:	fab3 f783 	clz	r7, r3
 8000982:	b987      	cbnz	r7, 80009a6 <__udivmoddi4+0x1f0>
 8000984:	4573      	cmp	r3, lr
 8000986:	d301      	bcc.n	800098c <__udivmoddi4+0x1d6>
 8000988:	4282      	cmp	r2, r0
 800098a:	d807      	bhi.n	800099c <__udivmoddi4+0x1e6>
 800098c:	1a84      	subs	r4, r0, r2
 800098e:	eb6e 0303 	sbc.w	r3, lr, r3
 8000992:	2001      	movs	r0, #1
 8000994:	469c      	mov	ip, r3
 8000996:	b91e      	cbnz	r6, 80009a0 <__udivmoddi4+0x1ea>
 8000998:	2100      	movs	r1, #0
 800099a:	e75b      	b.n	8000854 <__udivmoddi4+0x9e>
 800099c:	4638      	mov	r0, r7
 800099e:	e7fa      	b.n	8000996 <__udivmoddi4+0x1e0>
 80009a0:	e9c6 4c00 	strd	r4, ip, [r6]
 80009a4:	e7f8      	b.n	8000998 <__udivmoddi4+0x1e2>
 80009a6:	f1c7 0c20 	rsb	ip, r7, #32
 80009aa:	40bb      	lsls	r3, r7
 80009ac:	fa22 f50c 	lsr.w	r5, r2, ip
 80009b0:	431d      	orrs	r5, r3
 80009b2:	fa20 f10c 	lsr.w	r1, r0, ip
 80009b6:	fa2e f30c 	lsr.w	r3, lr, ip
 80009ba:	fa0e fe07 	lsl.w	lr, lr, r7
 80009be:	ea41 010e 	orr.w	r1, r1, lr
 80009c2:	ea4f 4915 	mov.w	r9, r5, lsr #16
 80009c6:	fa00 f407 	lsl.w	r4, r0, r7
 80009ca:	fbb3 f8f9 	udiv	r8, r3, r9
 80009ce:	fa1f fe85 	uxth.w	lr, r5
 80009d2:	fb09 3018 	mls	r0, r9, r8, r3
 80009d6:	0c0b      	lsrs	r3, r1, #16
 80009d8:	fb08 fa0e 	mul.w	sl, r8, lr
 80009dc:	ea43 4300 	orr.w	r3, r3, r0, lsl #16
 80009e0:	459a      	cmp	sl, r3
 80009e2:	fa02 f207 	lsl.w	r2, r2, r7
 80009e6:	d940      	bls.n	8000a6a <__udivmoddi4+0x2b4>
 80009e8:	18eb      	adds	r3, r5, r3
 80009ea:	f108 30ff 	add.w	r0, r8, #4294967295
 80009ee:	d204      	bcs.n	80009fa <__udivmoddi4+0x244>
 80009f0:	459a      	cmp	sl, r3
 80009f2:	d902      	bls.n	80009fa <__udivmoddi4+0x244>
 80009f4:	f1a8 0002 	sub.w	r0, r8, #2
 80009f8:	442b      	add	r3, r5
 80009fa:	eba3 030a 	sub.w	r3, r3, sl
 80009fe:	b289      	uxth	r1, r1
 8000a00:	fbb3 f8f9 	udiv	r8, r3, r9
 8000a04:	fb09 3318 	mls	r3, r9, r8, r3
 8000a08:	fb08 fe0e 	mul.w	lr, r8, lr
 8000a0c:	ea41 4103 	orr.w	r1, r1, r3, lsl #16
 8000a10:	458e      	cmp	lr, r1
 8000a12:	d92c      	bls.n	8000a6e <__udivmoddi4+0x2b8>
 8000a14:	1869      	adds	r1, r5, r1
 8000a16:	f108 33ff 	add.w	r3, r8, #4294967295
 8000a1a:	d204      	bcs.n	8000a26 <__udivmoddi4+0x270>
 8000a1c:	458e      	cmp	lr, r1
 8000a1e:	d902      	bls.n	8000a26 <__udivmoddi4+0x270>
 8000a20:	f1a8 0302 	sub.w	r3, r8, #2
 8000a24:	4429      	add	r1, r5
 8000a26:	ea43 4000 	orr.w	r0, r3, r0, lsl #16
 8000a2a:	fba0 9802 	umull	r9, r8, r0, r2
 8000a2e:	eba1 010e 	sub.w	r1, r1, lr
 8000a32:	4541      	cmp	r1, r8
 8000a34:	46ce      	mov	lr, r9
 8000a36:	4643      	mov	r3, r8
 8000a38:	d302      	bcc.n	8000a40 <__udivmoddi4+0x28a>
 8000a3a:	d106      	bne.n	8000a4a <__udivmoddi4+0x294>
 8000a3c:	454c      	cmp	r4, r9
 8000a3e:	d204      	bcs.n	8000a4a <__udivmoddi4+0x294>
 8000a40:	ebb9 0e02 	subs.w	lr, r9, r2
 8000a44:	eb68 0305 	sbc.w	r3, r8, r5
 8000a48:	3801      	subs	r0, #1
 8000a4a:	2e00      	cmp	r6, #0
 8000a4c:	d0a4      	beq.n	8000998 <__udivmoddi4+0x1e2>
 8000a4e:	ebb4 020e 	subs.w	r2, r4, lr
 8000a52:	eb61 0103 	sbc.w	r1, r1, r3
 8000a56:	fa01 fc0c 	lsl.w	ip, r1, ip
 8000a5a:	fa22 f307 	lsr.w	r3, r2, r7
 8000a5e:	ea4c 0303 	orr.w	r3, ip, r3
 8000a62:	40f9      	lsrs	r1, r7
 8000a64:	e9c6 3100 	strd	r3, r1, [r6]
 8000a68:	e796      	b.n	8000998 <__udivmoddi4+0x1e2>
 8000a6a:	4640      	mov	r0, r8
 8000a6c:	e7c5      	b.n	80009fa <__udivmoddi4+0x244>
 8000a6e:	4643      	mov	r3, r8
 8000a70:	e7d9      	b.n	8000a26 <__udivmoddi4+0x270>
	...

08000a74 <mainloop>:
K_MSGQ_DEFINE(lec_disp, sizeof(int), 1, 1);

static const struct device *rtc = DEVICE_DT_GET(RTC_NODE);


void mainloop(void){
 8000a74:	b570      	push	{r4, r5, r6, lr}
 8000a76:	b082      	sub	sp, #8
		union { uintptr_t x; const struct device * val; } parm0 = { .val = dev };
		return (bool) arch_syscall_invoke1(parm0.x, K_SYSCALL_DEVICE_IS_READY);
	}
#endif
	compiler_barrier();
	return z_impl_device_is_ready(dev);
 8000a78:	4841      	ldr	r0, [pc, #260]	@ (8000b80 <mainloop+0x10c>)
 8000a7a:	f009 f8f4 	bl	8009c66 <z_impl_device_is_ready>
	int rec;
	if (!device_is_ready(tem.dev)){
 8000a7e:	2800      	cmp	r0, #0
 8000a80:	d05e      	beq.n	8000b40 <mainloop+0xcc>
				const struct adc_channel_cfg *channel_cfg);

static inline int z_impl_adc_channel_setup(const struct device *dev,
					   const struct adc_channel_cfg *channel_cfg)
{
	return DEVICE_API_GET(adc, dev)->channel_setup(dev, channel_cfg);
 8000a82:	483f      	ldr	r0, [pc, #252]	@ (8000b80 <mainloop+0x10c>)
 8000a84:	6883      	ldr	r3, [r0, #8]
 8000a86:	681b      	ldr	r3, [r3, #0]
 8000a88:	493e      	ldr	r1, [pc, #248]	@ (8000b84 <mainloop+0x110>)
 8000a8a:	4798      	blx	r3
		LOG_WRN("ADC no esta listo");
	}
	rec = adc_channel_setup_dt(&tem);
	if (rec!=0){
 8000a8c:	2800      	cmp	r0, #0
 8000a8e:	d15d      	bne.n	8000b4c <mainloop+0xd8>
 8000a90:	483b      	ldr	r0, [pc, #236]	@ (8000b80 <mainloop+0x10c>)
 8000a92:	f009 f8e8 	bl	8009c66 <z_impl_device_is_ready>
		LOG_WRN("ADC no se pudo configurar");
	}
	if (!device_is_ready(lum.dev)){
 8000a96:	2800      	cmp	r0, #0
 8000a98:	d05e      	beq.n	8000b58 <mainloop+0xe4>
 8000a9a:	4839      	ldr	r0, [pc, #228]	@ (8000b80 <mainloop+0x10c>)
 8000a9c:	6883      	ldr	r3, [r0, #8]
 8000a9e:	681b      	ldr	r3, [r3, #0]
 8000aa0:	4938      	ldr	r1, [pc, #224]	@ (8000b84 <mainloop+0x110>)
 8000aa2:	4798      	blx	r3
		LOG_WRN("ADC no esta listo");
	}
	rec = adc_channel_setup_dt(&tem);
	if (rec!=0){
 8000aa4:	2800      	cmp	r0, #0
 8000aa6:	d15d      	bne.n	8000b64 <mainloop+0xf0>
		(void) arch_syscall_invoke1(parm0.x, K_SYSCALL_K_SEM_GIVE);
		return;
	}
#endif
	compiler_barrier();
	z_impl_k_sem_give(sem);
 8000aa8:	4837      	ldr	r0, [pc, #220]	@ (8000b88 <mainloop+0x114>)
 8000aaa:	f005 f97b 	bl	8005da4 <z_impl_k_sem_give>
	return z_impl_k_mutex_lock(mutex, timeout);
 8000aae:	4d37      	ldr	r5, [pc, #220]	@ (8000b8c <mainloop+0x118>)
 8000ab0:	f04f 32ff 	mov.w	r2, #4294967295
 8000ab4:	f04f 33ff 	mov.w	r3, #4294967295
 8000ab8:	4628      	mov	r0, r5
 8000aba:	f005 f89d 	bl	8005bf8 <z_impl_k_mutex_lock>
	}

	k_sem_give(&rawr);

	k_mutex_lock(&hw_access, K_FOREVER);
	rec = tm1638_init(stb_pin, clk_pin, dio_pin);
 8000abe:	4b34      	ldr	r3, [pc, #208]	@ (8000b90 <mainloop+0x11c>)
 8000ac0:	4c34      	ldr	r4, [pc, #208]	@ (8000b94 <mainloop+0x120>)
 8000ac2:	4a35      	ldr	r2, [pc, #212]	@ (8000b98 <mainloop+0x124>)
 8000ac4:	e892 0003 	ldmia.w	r2, {r0, r1}
 8000ac8:	e88d 0003 	stmia.w	sp, {r0, r1}
 8000acc:	cb0c      	ldmia	r3, {r2, r3}
 8000ace:	e894 0003 	ldmia.w	r4, {r0, r1}
 8000ad2:	f000 fcc7 	bl	8001464 <tm1638_init>
 8000ad6:	4604      	mov	r4, r0
	return z_impl_k_mutex_unlock(mutex);
 8000ad8:	4628      	mov	r0, r5
 8000ada:	f005 f90d 	bl	8005cf8 <z_impl_k_mutex_unlock>
	k_mutex_unlock(&hw_access);
	if(rec!=0){
 8000ade:	2c00      	cmp	r4, #0
 8000ae0:	d146      	bne.n	8000b70 <mainloop+0xfc>
		LOG_WRN("error al iniciar el tm1638 rec = %d\n", rec);
	}
	k_mutex_lock(&hw_access, K_FOREVER);
 8000ae2:	f04f 34ff 	mov.w	r4, #4294967295
 8000ae6:	f04f 35ff 	mov.w	r5, #4294967295
	return z_impl_k_mutex_lock(mutex, timeout);
 8000aea:	4e28      	ldr	r6, [pc, #160]	@ (8000b8c <mainloop+0x118>)
 8000aec:	4622      	mov	r2, r4
 8000aee:	462b      	mov	r3, r5
 8000af0:	4630      	mov	r0, r6
 8000af2:	f005 f881 	bl	8005bf8 <z_impl_k_mutex_lock>
	tm1638_set_brightness(7);
 8000af6:	2007      	movs	r0, #7
 8000af8:	f000 fc68 	bl	80013cc <tm1638_set_brightness>
	tm1638_clear();
 8000afc:	f000 fc9c 	bl	8001438 <tm1638_clear>
	tm1638_set_digit(0, 0x73); //P o 0xce
 8000b00:	2173      	movs	r1, #115	@ 0x73
 8000b02:	2000      	movs	r0, #0
 8000b04:	f000 fc82 	bl	800140c <tm1638_set_digit>
	tm1638_set_digit(1, 0x77); //R o 0xee
 8000b08:	2177      	movs	r1, #119	@ 0x77
 8000b0a:	2001      	movs	r0, #1
 8000b0c:	f000 fc7e 	bl	800140c <tm1638_set_digit>
	tm1638_set_digit(2, 0x79); //E o 0x9e
 8000b10:	2179      	movs	r1, #121	@ 0x79
 8000b12:	2002      	movs	r0, #2
 8000b14:	f000 fc7a 	bl	800140c <tm1638_set_digit>
	tm1638_set_digit(3, 0x6D); //S o 0xb6
 8000b18:	216d      	movs	r1, #109	@ 0x6d
 8000b1a:	2003      	movs	r0, #3
 8000b1c:	f000 fc76 	bl	800140c <tm1638_set_digit>
	tm1638_set_digit(4, 0xED); //S. o oxb7
 8000b20:	21ed      	movs	r1, #237	@ 0xed
 8000b22:	2004      	movs	r0, #4
 8000b24:	f000 fc72 	bl	800140c <tm1638_set_digit>
	return z_impl_k_mutex_unlock(mutex);
 8000b28:	4630      	mov	r0, r6
 8000b2a:	f005 f8e5 	bl	8005cf8 <z_impl_k_mutex_unlock>
	z_impl_k_sem_give(sem);
 8000b2e:	481b      	ldr	r0, [pc, #108]	@ (8000b9c <mainloop+0x128>)
 8000b30:	f005 f938 	bl	8005da4 <z_impl_k_sem_give>
	return z_impl_k_sleep(timeout);
 8000b34:	4620      	mov	r0, r4
 8000b36:	4629      	mov	r1, r5
 8000b38:	f005 fd6a 	bl	8006610 <z_impl_k_sleep>
	k_mutex_unlock(&hw_access);
	k_sem_give(&botread);
	k_sleep(K_FOREVER);
}
 8000b3c:	b002      	add	sp, #8
 8000b3e:	bd70      	pop	{r4, r5, r6, pc}
		(void) arch_syscall_invoke3(parm0.x, parm1.x, parm2.x, K_SYSCALL_Z_LOG_MSG_SIMPLE_CREATE_0);
		return;
	}
#endif
	compiler_barrier();
	z_impl_z_log_msg_simple_create_0(source, level, fmt);
 8000b40:	4a17      	ldr	r2, [pc, #92]	@ (8000ba0 <mainloop+0x12c>)
 8000b42:	2102      	movs	r1, #2
 8000b44:	4817      	ldr	r0, [pc, #92]	@ (8000ba4 <mainloop+0x130>)
 8000b46:	f007 ff92 	bl	8008a6e <z_impl_z_log_msg_simple_create_0>
		LOG_WRN("ADC no esta listo");
 8000b4a:	e79a      	b.n	8000a82 <mainloop+0xe>
 8000b4c:	4a16      	ldr	r2, [pc, #88]	@ (8000ba8 <mainloop+0x134>)
 8000b4e:	2102      	movs	r1, #2
 8000b50:	4814      	ldr	r0, [pc, #80]	@ (8000ba4 <mainloop+0x130>)
 8000b52:	f007 ff8c 	bl	8008a6e <z_impl_z_log_msg_simple_create_0>
		LOG_WRN("ADC no se pudo configurar");
 8000b56:	e79b      	b.n	8000a90 <mainloop+0x1c>
 8000b58:	4a11      	ldr	r2, [pc, #68]	@ (8000ba0 <mainloop+0x12c>)
 8000b5a:	2102      	movs	r1, #2
 8000b5c:	4811      	ldr	r0, [pc, #68]	@ (8000ba4 <mainloop+0x130>)
 8000b5e:	f007 ff86 	bl	8008a6e <z_impl_z_log_msg_simple_create_0>
		LOG_WRN("ADC no esta listo");
 8000b62:	e79a      	b.n	8000a9a <mainloop+0x26>
 8000b64:	4a10      	ldr	r2, [pc, #64]	@ (8000ba8 <mainloop+0x134>)
 8000b66:	2102      	movs	r1, #2
 8000b68:	480e      	ldr	r0, [pc, #56]	@ (8000ba4 <mainloop+0x130>)
 8000b6a:	f007 ff80 	bl	8008a6e <z_impl_z_log_msg_simple_create_0>
		LOG_WRN("ADC no se pudo configurar");
 8000b6e:	e79b      	b.n	8000aa8 <mainloop+0x34>
		(void) arch_syscall_invoke4(parm0.x, parm1.x, parm2.x, parm3.x, K_SYSCALL_Z_LOG_MSG_SIMPLE_CREATE_1);
		return;
	}
#endif
	compiler_barrier();
	z_impl_z_log_msg_simple_create_1(source, level, fmt, arg);
 8000b70:	4623      	mov	r3, r4
 8000b72:	4a0e      	ldr	r2, [pc, #56]	@ (8000bac <mainloop+0x138>)
 8000b74:	2102      	movs	r1, #2
 8000b76:	480b      	ldr	r0, [pc, #44]	@ (8000ba4 <mainloop+0x130>)
 8000b78:	f007 ff83 	bl	8008a82 <z_impl_z_log_msg_simple_create_1>
		LOG_WRN("error al iniciar el tm1638 rec = %d\n", rec);
 8000b7c:	e7b1      	b.n	8000ae2 <mainloop+0x6e>
 8000b7e:	bf00      	nop
 8000b80:	0800a63c 	.word	0x0800a63c
 8000b84:	0800b976 	.word	0x0800b976
 8000b88:	200002b0 	.word	0x200002b0
 8000b8c:	2000017c 	.word	0x2000017c
 8000b90:	0800b988 	.word	0x0800b988
 8000b94:	0800b990 	.word	0x0800b990
 8000b98:	0800b980 	.word	0x0800b980
 8000b9c:	20000250 	.word	0x20000250
 8000ba0:	0800ab18 	.word	0x0800ab18
 8000ba4:	0800aa94 	.word	0x0800aa94
 8000ba8:	0800ab2c 	.word	0x0800ab2c
 8000bac:	0800ab48 	.word	0x0800ab48

08000bb0 <leer_botones>:

void leer_botones(void){
 8000bb0:	b530      	push	{r4, r5, lr}
 8000bb2:	b083      	sub	sp, #12
	int last_button = 0, boton;
 8000bb4:	2500      	movs	r5, #0
	return z_impl_k_sem_take(sem, timeout);
 8000bb6:	f04f 32ff 	mov.w	r2, #4294967295
 8000bba:	f04f 33ff 	mov.w	r3, #4294967295
 8000bbe:	4838      	ldr	r0, [pc, #224]	@ (8000ca0 <leer_botones+0xf0>)
 8000bc0:	f005 f92c 	bl	8005e1c <z_impl_k_sem_take>
 8000bc4:	e013      	b.n	8000bee <leer_botones+0x3e>
	z_impl_k_sem_give(sem);
 8000bc6:	4837      	ldr	r0, [pc, #220]	@ (8000ca4 <leer_botones+0xf4>)
 8000bc8:	f005 f8ec 	bl	8005da4 <z_impl_k_sem_give>
		(void) arch_syscall_invoke1(parm0.x, K_SYSCALL_K_MSGQ_PURGE);
		return;
	}
#endif
	compiler_barrier();
	z_impl_k_msgq_purge(msgq);
 8000bcc:	4c36      	ldr	r4, [pc, #216]	@ (8000ca8 <leer_botones+0xf8>)
 8000bce:	4620      	mov	r0, r4
 8000bd0:	f009 f88f 	bl	8009cf2 <z_impl_k_msgq_purge>
	return z_impl_k_msgq_put(msgq, data, timeout);
 8000bd4:	2200      	movs	r2, #0
 8000bd6:	2300      	movs	r3, #0
 8000bd8:	a901      	add	r1, sp, #4
 8000bda:	4620      	mov	r0, r4
 8000bdc:	f009 f868 	bl	8009cb0 <z_impl_k_msgq_put>
				{
				case 1:
					if(k_sem_take(&display, K_NO_WAIT)!=0) k_sem_give(&display);
					k_msgq_purge(&lec_disp);
					k_msgq_put(&lec_disp, &boton, K_NO_WAIT);
					k_msleep(50);
 8000be0:	2032      	movs	r0, #50	@ 0x32
 8000be2:	f007 f8f8 	bl	8007dd6 <k_msleep>
					break;
				default:
					break;
				}
			}
			last_button = boton;
 8000be6:	9d01      	ldr	r5, [sp, #4]
		
			k_msleep(22);
 8000be8:	2016      	movs	r0, #22
 8000bea:	f007 f8f4 	bl	8007dd6 <k_msleep>
	return z_impl_k_sem_take(sem, timeout);
 8000bee:	2200      	movs	r2, #0
 8000bf0:	2300      	movs	r3, #0
 8000bf2:	482e      	ldr	r0, [pc, #184]	@ (8000cac <leer_botones+0xfc>)
 8000bf4:	f005 f912 	bl	8005e1c <z_impl_k_sem_take>
			if(k_sem_take(&stopbot, K_NO_WAIT)==0) break;
 8000bf8:	2800      	cmp	r0, #0
 8000bfa:	d0dc      	beq.n	8000bb6 <leer_botones+0x6>
	return z_impl_k_mutex_lock(mutex, timeout);
 8000bfc:	4c2c      	ldr	r4, [pc, #176]	@ (8000cb0 <leer_botones+0x100>)
 8000bfe:	f04f 32ff 	mov.w	r2, #4294967295
 8000c02:	f04f 33ff 	mov.w	r3, #4294967295
 8000c06:	4620      	mov	r0, r4
 8000c08:	f004 fff6 	bl	8005bf8 <z_impl_k_mutex_lock>
			boton = tm1638_get_button();
 8000c0c:	f000 fd10 	bl	8001630 <tm1638_get_button>
 8000c10:	9001      	str	r0, [sp, #4]
	return z_impl_k_mutex_unlock(mutex);
 8000c12:	4620      	mov	r0, r4
 8000c14:	f005 f870 	bl	8005cf8 <z_impl_k_mutex_unlock>
			if (boton > 0 && boton != last_button) {
 8000c18:	9b01      	ldr	r3, [sp, #4]
 8000c1a:	2b00      	cmp	r3, #0
 8000c1c:	dde3      	ble.n	8000be6 <leer_botones+0x36>
 8000c1e:	42ab      	cmp	r3, r5
 8000c20:	d0e1      	beq.n	8000be6 <leer_botones+0x36>
				switch (boton)
 8000c22:	2b02      	cmp	r3, #2
 8000c24:	d00b      	beq.n	8000c3e <leer_botones+0x8e>
 8000c26:	2b03      	cmp	r3, #3
 8000c28:	d021      	beq.n	8000c6e <leer_botones+0xbe>
 8000c2a:	2b01      	cmp	r3, #1
 8000c2c:	d1db      	bne.n	8000be6 <leer_botones+0x36>
	return z_impl_k_sem_take(sem, timeout);
 8000c2e:	2200      	movs	r2, #0
 8000c30:	2300      	movs	r3, #0
 8000c32:	481c      	ldr	r0, [pc, #112]	@ (8000ca4 <leer_botones+0xf4>)
 8000c34:	f005 f8f2 	bl	8005e1c <z_impl_k_sem_take>
					if(k_sem_take(&display, K_NO_WAIT)!=0) k_sem_give(&display);
 8000c38:	2800      	cmp	r0, #0
 8000c3a:	d0c7      	beq.n	8000bcc <leer_botones+0x1c>
 8000c3c:	e7c3      	b.n	8000bc6 <leer_botones+0x16>
 8000c3e:	2200      	movs	r2, #0
 8000c40:	2300      	movs	r3, #0
 8000c42:	4818      	ldr	r0, [pc, #96]	@ (8000ca4 <leer_botones+0xf4>)
 8000c44:	f005 f8ea 	bl	8005e1c <z_impl_k_sem_take>
					if(k_sem_take(&display, K_NO_WAIT)!=0) k_sem_give(&display);
 8000c48:	b968      	cbnz	r0, 8000c66 <leer_botones+0xb6>
	z_impl_k_msgq_purge(msgq);
 8000c4a:	4c17      	ldr	r4, [pc, #92]	@ (8000ca8 <leer_botones+0xf8>)
 8000c4c:	4620      	mov	r0, r4
 8000c4e:	f009 f850 	bl	8009cf2 <z_impl_k_msgq_purge>
	return z_impl_k_msgq_put(msgq, data, timeout);
 8000c52:	2200      	movs	r2, #0
 8000c54:	2300      	movs	r3, #0
 8000c56:	a901      	add	r1, sp, #4
 8000c58:	4620      	mov	r0, r4
 8000c5a:	f009 f829 	bl	8009cb0 <z_impl_k_msgq_put>
					k_msleep(50);
 8000c5e:	2032      	movs	r0, #50	@ 0x32
 8000c60:	f007 f8b9 	bl	8007dd6 <k_msleep>
					break;
 8000c64:	e7bf      	b.n	8000be6 <leer_botones+0x36>
	z_impl_k_sem_give(sem);
 8000c66:	480f      	ldr	r0, [pc, #60]	@ (8000ca4 <leer_botones+0xf4>)
 8000c68:	f005 f89c 	bl	8005da4 <z_impl_k_sem_give>
}
 8000c6c:	e7ed      	b.n	8000c4a <leer_botones+0x9a>
	return z_impl_k_sem_take(sem, timeout);
 8000c6e:	2200      	movs	r2, #0
 8000c70:	2300      	movs	r3, #0
 8000c72:	480c      	ldr	r0, [pc, #48]	@ (8000ca4 <leer_botones+0xf4>)
 8000c74:	f005 f8d2 	bl	8005e1c <z_impl_k_sem_take>
					if(k_sem_take(&display, K_NO_WAIT)!=0) k_sem_give(&display);
 8000c78:	b968      	cbnz	r0, 8000c96 <leer_botones+0xe6>
	z_impl_k_msgq_purge(msgq);
 8000c7a:	4c0b      	ldr	r4, [pc, #44]	@ (8000ca8 <leer_botones+0xf8>)
 8000c7c:	4620      	mov	r0, r4
 8000c7e:	f009 f838 	bl	8009cf2 <z_impl_k_msgq_purge>
	return z_impl_k_msgq_put(msgq, data, timeout);
 8000c82:	2200      	movs	r2, #0
 8000c84:	2300      	movs	r3, #0
 8000c86:	a901      	add	r1, sp, #4
 8000c88:	4620      	mov	r0, r4
 8000c8a:	f009 f811 	bl	8009cb0 <z_impl_k_msgq_put>
					k_msleep(50);
 8000c8e:	2032      	movs	r0, #50	@ 0x32
 8000c90:	f007 f8a1 	bl	8007dd6 <k_msleep>
					break;
 8000c94:	e7a7      	b.n	8000be6 <leer_botones+0x36>
	z_impl_k_sem_give(sem);
 8000c96:	4803      	ldr	r0, [pc, #12]	@ (8000ca4 <leer_botones+0xf4>)
 8000c98:	f005 f884 	bl	8005da4 <z_impl_k_sem_give>
}
 8000c9c:	e7ed      	b.n	8000c7a <leer_botones+0xca>
 8000c9e:	bf00      	nop
 8000ca0:	20000250 	.word	0x20000250
 8000ca4:	20000280 	.word	0x20000280
 8000ca8:	200001c0 	.word	0x200001c0
 8000cac:	200002c8 	.word	0x200002c8
 8000cb0:	2000017c 	.word	0x2000017c

08000cb4 <actualizar_hora>:
		}
	}
}

void actualizar_hora(void){
 8000cb4:	b510      	push	{r4, lr}
 8000cb6:	b08a      	sub	sp, #40	@ 0x28
 8000cb8:	481e      	ldr	r0, [pc, #120]	@ (8000d34 <actualizar_hora+0x80>)
 8000cba:	f008 ffd4 	bl	8009c66 <z_impl_device_is_ready>

	struct rtc_time time;
	
	if(!device_is_ready(rtc)){
 8000cbe:	b1b8      	cbz	r0, 8000cf0 <actualizar_hora+0x3c>
		LOG_WRN("rtc no esta listo");
	}

	time.tm_year = 2026;
 8000cc0:	f240 73ea 	movw	r3, #2026	@ 0x7ea
 8000cc4:	9305      	str	r3, [sp, #20]
	time.tm_mon = 8;
 8000cc6:	2308      	movs	r3, #8
 8000cc8:	9304      	str	r3, [sp, #16]
	time.tm_mday = 31;
 8000cca:	231f      	movs	r3, #31
 8000ccc:	9303      	str	r3, [sp, #12]
	time.tm_hour = 18;
 8000cce:	2312      	movs	r3, #18
 8000cd0:	9302      	str	r3, [sp, #8]
	time.tm_min = 0;
 8000cd2:	2300      	movs	r3, #0
 8000cd4:	9301      	str	r3, [sp, #4]
	time.tm_sec = 0;
 8000cd6:	9300      	str	r3, [sp, #0]
 */
__syscall int rtc_set_time(const struct device *dev, const struct rtc_time *timeptr);

static inline int z_impl_rtc_set_time(const struct device *dev, const struct rtc_time *timeptr)
{
	return DEVICE_API_GET(rtc, dev)->set_time(dev, timeptr);
 8000cd8:	4816      	ldr	r0, [pc, #88]	@ (8000d34 <actualizar_hora+0x80>)
 8000cda:	6883      	ldr	r3, [r0, #8]
 8000cdc:	681b      	ldr	r3, [r3, #0]
 8000cde:	4669      	mov	r1, sp
 8000ce0:	4798      	blx	r3

	int ret = rtc_set_time(rtc, &time);

	if (ret != 0){
 8000ce2:	b1f0      	cbz	r0, 8000d22 <actualizar_hora+0x6e>
	z_impl_z_log_msg_simple_create_0(source, level, fmt);
 8000ce4:	4a14      	ldr	r2, [pc, #80]	@ (8000d38 <actualizar_hora+0x84>)
 8000ce6:	2102      	movs	r1, #2
 8000ce8:	4814      	ldr	r0, [pc, #80]	@ (8000d3c <actualizar_hora+0x88>)
 8000cea:	f007 fec0 	bl	8008a6e <z_impl_z_log_msg_simple_create_0>
		LOG_WRN("error al iniciar rtc");
 8000cee:	e018      	b.n	8000d22 <actualizar_hora+0x6e>
 8000cf0:	4a13      	ldr	r2, [pc, #76]	@ (8000d40 <actualizar_hora+0x8c>)
 8000cf2:	2102      	movs	r1, #2
 8000cf4:	4811      	ldr	r0, [pc, #68]	@ (8000d3c <actualizar_hora+0x88>)
 8000cf6:	f007 feba 	bl	8008a6e <z_impl_z_log_msg_simple_create_0>
		LOG_WRN("rtc no esta listo");
 8000cfa:	e7e1      	b.n	8000cc0 <actualizar_hora+0xc>
 8000cfc:	4a11      	ldr	r2, [pc, #68]	@ (8000d44 <actualizar_hora+0x90>)
 8000cfe:	2102      	movs	r1, #2
 8000d00:	480e      	ldr	r0, [pc, #56]	@ (8000d3c <actualizar_hora+0x88>)
 8000d02:	f007 feb4 	bl	8008a6e <z_impl_z_log_msg_simple_create_0>
	z_impl_k_msgq_purge(msgq);
 8000d06:	4c10      	ldr	r4, [pc, #64]	@ (8000d48 <actualizar_hora+0x94>)
 8000d08:	4620      	mov	r0, r4
 8000d0a:	f008 fff2 	bl	8009cf2 <z_impl_k_msgq_purge>
	return z_impl_k_msgq_put(msgq, data, timeout);
 8000d0e:	2200      	movs	r2, #0
 8000d10:	2300      	movs	r3, #0
 8000d12:	4669      	mov	r1, sp
 8000d14:	4620      	mov	r0, r4
 8000d16:	f008 ffcb 	bl	8009cb0 <z_impl_k_msgq_put>
		if (ret != 0){
			LOG_WRN("error al leer hora");
		}
		k_msgq_purge(&hora_act);
		k_msgq_put(&hora_act, &time, K_NO_WAIT);
		k_msleep(1000);
 8000d1a:	f44f 707a 	mov.w	r0, #1000	@ 0x3e8
 8000d1e:	f007 f85a 	bl	8007dd6 <k_msleep>
 */
__syscall int rtc_get_time(const struct device *dev, struct rtc_time *timeptr);

static inline int z_impl_rtc_get_time(const struct device *dev, struct rtc_time *timeptr)
{
	return DEVICE_API_GET(rtc, dev)->get_time(dev, timeptr);
 8000d22:	4804      	ldr	r0, [pc, #16]	@ (8000d34 <actualizar_hora+0x80>)
 8000d24:	6883      	ldr	r3, [r0, #8]
 8000d26:	685b      	ldr	r3, [r3, #4]
 8000d28:	4669      	mov	r1, sp
 8000d2a:	4798      	blx	r3
		if (ret != 0){
 8000d2c:	2800      	cmp	r0, #0
 8000d2e:	d1e5      	bne.n	8000cfc <actualizar_hora+0x48>
 8000d30:	e7e9      	b.n	8000d06 <actualizar_hora+0x52>
 8000d32:	bf00      	nop
 8000d34:	0800a5e8 	.word	0x0800a5e8
 8000d38:	0800ab84 	.word	0x0800ab84
 8000d3c:	0800aa94 	.word	0x0800aa94
 8000d40:	0800ab70 	.word	0x0800ab70
 8000d44:	0800ab9c 	.word	0x0800ab9c
 8000d48:	20000190 	.word	0x20000190

08000d4c <lectura_adc>:
	}
}

void lectura_adc(void){
 8000d4c:	e92d 41f0 	stmdb	sp!, {r4, r5, r6, r7, r8, lr}
 8000d50:	b08e      	sub	sp, #56	@ 0x38
 8000d52:	af00      	add	r7, sp, #0

	int ret;

	struct lectura_raw lect;
	
	struct adc_sequence temperatura = {
 8000d54:	2500      	movs	r5, #0
 8000d56:	61fd      	str	r5, [r7, #28]
 8000d58:	623d      	str	r5, [r7, #32]
 8000d5a:	627d      	str	r5, [r7, #36]	@ 0x24
 8000d5c:	62bd      	str	r5, [r7, #40]	@ 0x28
 8000d5e:	62fd      	str	r5, [r7, #44]	@ 0x2c
 8000d60:	f107 0336 	add.w	r3, r7, #54	@ 0x36
 8000d64:	627b      	str	r3, [r7, #36]	@ 0x24
 8000d66:	2202      	movs	r2, #2
 8000d68:	62ba      	str	r2, [r7, #40]	@ 0x28
		.buffer =&rawtemp,
		.buffer_size = sizeof(rawtemp)
	}, lumens ={
 8000d6a:	60bd      	str	r5, [r7, #8]
 8000d6c:	60fd      	str	r5, [r7, #12]
 8000d6e:	613d      	str	r5, [r7, #16]
 8000d70:	617d      	str	r5, [r7, #20]
 8000d72:	61bd      	str	r5, [r7, #24]
 8000d74:	f107 0334 	add.w	r3, r7, #52	@ 0x34
 8000d78:	613b      	str	r3, [r7, #16]
 8000d7a:	617a      	str	r2, [r7, #20]
	int16_t rawtemp, rawlum, rawtempant = 0, rawlumant = 0;
 8000d7c:	462e      	mov	r6, r5
	return z_impl_k_sem_take(sem, timeout);
 8000d7e:	f04f 32ff 	mov.w	r2, #4294967295
 8000d82:	f04f 33ff 	mov.w	r3, #4294967295
 8000d86:	4854      	ldr	r0, [pc, #336]	@ (8000ed8 <lectura_adc+0x18c>)
 8000d88:	f005 f848 	bl	8005e1c <z_impl_k_sem_take>
 8000d8c:	e03b      	b.n	8000e06 <lectura_adc+0xba>
	z_impl_z_log_msg_simple_create_1(source, level, fmt, arg);
 8000d8e:	4a53      	ldr	r2, [pc, #332]	@ (8000edc <lectura_adc+0x190>)
 8000d90:	2102      	movs	r1, #2
 8000d92:	4853      	ldr	r0, [pc, #332]	@ (8000ee0 <lectura_adc+0x194>)
 8000d94:	f007 fe75 	bl	8008a82 <z_impl_z_log_msg_simple_create_1>

			if (k_sem_take(&stoprawr, K_NO_WAIT)==0) break;

			ret = adc_read(tem.dev, &temperatura);
			if (ret!=0){
				LOG_WRN("no se pudo leer adc0 %d", ret);
 8000d98:	e045      	b.n	8000e26 <lectura_adc+0xda>
 8000d9a:	4a50      	ldr	r2, [pc, #320]	@ (8000edc <lectura_adc+0x190>)
 8000d9c:	2102      	movs	r1, #2
 8000d9e:	4850      	ldr	r0, [pc, #320]	@ (8000ee0 <lectura_adc+0x194>)
 8000da0:	f007 fe6f 	bl	8008a82 <z_impl_z_log_msg_simple_create_1>
			}
			ret = adc_read(lum.dev, &lumens);
			if (ret!=0){
				LOG_WRN("no se pudo leer adc0 %d", ret);
 8000da4:	e048      	b.n	8000e38 <lectura_adc+0xec>
			lect.volte = (a*rawtemp)+ ((1-a)*rawtempant);
			rawtempant = lect.volte;
			rawlumant = lect.vollu;

			if (k_msgq_put(&lec_raw, &lect, K_NO_WAIT) != 0){
				LOG_DBG("cola llena enviando datos");
 8000da6:	f06f 4100 	mvn.w	r1, #2147483648	@ 0x80000000
 8000daa:	e082      	b.n	8000eb2 <lectura_adc+0x166>
 8000dac:	290b      	cmp	r1, #11
 8000dae:	f340 8090 	ble.w	8000ed2 <lectura_adc+0x186>
 8000db2:	210c      	movs	r1, #12
 8000db4:	b13a      	cbz	r2, 8000dc6 <lectura_adc+0x7a>
 8000db6:	2003      	movs	r0, #3
 8000db8:	7138      	strb	r0, [r7, #4]
 8000dba:	2000      	movs	r0, #0
 8000dbc:	7178      	strb	r0, [r7, #5]
 8000dbe:	71b8      	strb	r0, [r7, #6]
 8000dc0:	71f8      	strb	r0, [r7, #7]
 8000dc2:	6878      	ldr	r0, [r7, #4]
 8000dc4:	6118      	str	r0, [r3, #16]
 8000dc6:	f024 0401 	bic.w	r4, r4, #1
 8000dca:	f024 0402 	bic.w	r4, r4, #2
 8000dce:	f024 0404 	bic.w	r4, r4, #4
 8000dd2:	f024 0438 	bic.w	r4, r4, #56	@ 0x38
 8000dd6:	2304      	movs	r3, #4
 8000dd8:	f363 1488 	bfi	r4, r3, #6, #3
 8000ddc:	f3c1 030a 	ubfx	r3, r1, #0, #11
 8000de0:	f363 2453 	bfi	r4, r3, #9, #11
 8000de4:	f3c4 0413 	ubfx	r4, r4, #0, #20
		(void) arch_syscall_invoke4(parm0.x, parm1.x, parm2.x, parm3.x, K_SYSCALL_Z_LOG_MSG_STATIC_CREATE);
		return;
	}
#endif
	compiler_barrier();
	z_impl_z_log_msg_static_create(source, desc, package, data);
 8000de8:	2300      	movs	r3, #0
 8000dea:	4621      	mov	r1, r4
 8000dec:	483c      	ldr	r0, [pc, #240]	@ (8000ee0 <lectura_adc+0x194>)
 8000dee:	f001 fd57 	bl	80028a0 <z_impl_z_log_msg_static_create>
 8000df2:	46c5      	mov	sp, r8
	z_impl_k_sem_give(sem);
 8000df4:	483b      	ldr	r0, [pc, #236]	@ (8000ee4 <lectura_adc+0x198>)
 8000df6:	f004 ffd5 	bl	8005da4 <z_impl_k_sem_give>
 8000dfa:	483b      	ldr	r0, [pc, #236]	@ (8000ee8 <lectura_adc+0x19c>)
 8000dfc:	f004 ffd2 	bl	8005da4 <z_impl_k_sem_give>
				k_sem_give(&conv);
				k_sem_give(&stoprawr);
			}

			k_msleep(50);
 8000e00:	2032      	movs	r0, #50	@ 0x32
 8000e02:	f006 ffe8 	bl	8007dd6 <k_msleep>
	return z_impl_k_sem_take(sem, timeout);
 8000e06:	2200      	movs	r2, #0
 8000e08:	2300      	movs	r3, #0
 8000e0a:	4837      	ldr	r0, [pc, #220]	@ (8000ee8 <lectura_adc+0x19c>)
 8000e0c:	f005 f806 	bl	8005e1c <z_impl_k_sem_take>
			if (k_sem_take(&stoprawr, K_NO_WAIT)==0) break;
 8000e10:	2800      	cmp	r0, #0
 8000e12:	d0b4      	beq.n	8000d7e <lectura_adc+0x32>
		       const struct adc_sequence *sequence);

static inline int z_impl_adc_read(const struct device *dev,
				  const struct adc_sequence *sequence)
{
	return DEVICE_API_GET(adc, dev)->read(dev, sequence);
 8000e14:	4835      	ldr	r0, [pc, #212]	@ (8000eec <lectura_adc+0x1a0>)
 8000e16:	6883      	ldr	r3, [r0, #8]
 8000e18:	685b      	ldr	r3, [r3, #4]
 8000e1a:	f107 011c 	add.w	r1, r7, #28
 8000e1e:	4798      	blx	r3
			if (ret!=0){
 8000e20:	4603      	mov	r3, r0
 8000e22:	2800      	cmp	r0, #0
 8000e24:	d1b3      	bne.n	8000d8e <lectura_adc+0x42>
 8000e26:	4831      	ldr	r0, [pc, #196]	@ (8000eec <lectura_adc+0x1a0>)
 8000e28:	6883      	ldr	r3, [r0, #8]
 8000e2a:	685b      	ldr	r3, [r3, #4]
 8000e2c:	f107 0108 	add.w	r1, r7, #8
 8000e30:	4798      	blx	r3
			if (ret!=0){
 8000e32:	4603      	mov	r3, r0
 8000e34:	2800      	cmp	r0, #0
 8000e36:	d1b0      	bne.n	8000d9a <lectura_adc+0x4e>
			lect.vollu = (a*rawlum)+((1-a)*rawlumant);
 8000e38:	f9b7 0034 	ldrsh.w	r0, [r7, #52]	@ 0x34
 8000e3c:	f7ff fc14 	bl	8000668 <__aeabi_i2f>
 8000e40:	492b      	ldr	r1, [pc, #172]	@ (8000ef0 <lectura_adc+0x1a4>)
 8000e42:	f7ff faa3 	bl	800038c <__aeabi_fmul>
 8000e46:	4680      	mov	r8, r0
 8000e48:	4630      	mov	r0, r6
 8000e4a:	f7ff fc0d 	bl	8000668 <__aeabi_i2f>
 8000e4e:	4929      	ldr	r1, [pc, #164]	@ (8000ef4 <lectura_adc+0x1a8>)
 8000e50:	f7ff fa9c 	bl	800038c <__aeabi_fmul>
 8000e54:	4601      	mov	r1, r0
 8000e56:	4640      	mov	r0, r8
 8000e58:	f7ff fb52 	bl	8000500 <__addsf3>
 8000e5c:	f7ff fc58 	bl	8000710 <__aeabi_f2iz>
 8000e60:	b206      	sxth	r6, r0
 8000e62:	867e      	strh	r6, [r7, #50]	@ 0x32
			lect.volte = (a*rawtemp)+ ((1-a)*rawtempant);
 8000e64:	f9b7 0036 	ldrsh.w	r0, [r7, #54]	@ 0x36
 8000e68:	f7ff fbfe 	bl	8000668 <__aeabi_i2f>
 8000e6c:	4920      	ldr	r1, [pc, #128]	@ (8000ef0 <lectura_adc+0x1a4>)
 8000e6e:	f7ff fa8d 	bl	800038c <__aeabi_fmul>
 8000e72:	4680      	mov	r8, r0
 8000e74:	4628      	mov	r0, r5
 8000e76:	f7ff fbf7 	bl	8000668 <__aeabi_i2f>
 8000e7a:	491e      	ldr	r1, [pc, #120]	@ (8000ef4 <lectura_adc+0x1a8>)
 8000e7c:	f7ff fa86 	bl	800038c <__aeabi_fmul>
 8000e80:	4601      	mov	r1, r0
 8000e82:	4640      	mov	r0, r8
 8000e84:	f7ff fb3c 	bl	8000500 <__addsf3>
 8000e88:	f7ff fc42 	bl	8000710 <__aeabi_f2iz>
 8000e8c:	b205      	sxth	r5, r0
 8000e8e:	863d      	strh	r5, [r7, #48]	@ 0x30
	return z_impl_k_msgq_put(msgq, data, timeout);
 8000e90:	2200      	movs	r2, #0
 8000e92:	2300      	movs	r3, #0
 8000e94:	f107 0130 	add.w	r1, r7, #48	@ 0x30
 8000e98:	4817      	ldr	r0, [pc, #92]	@ (8000ef8 <lectura_adc+0x1ac>)
 8000e9a:	f008 ff09 	bl	8009cb0 <z_impl_k_msgq_put>
			if (k_msgq_put(&lec_raw, &lect, K_NO_WAIT) != 0){
 8000e9e:	2800      	cmp	r0, #0
 8000ea0:	d0ae      	beq.n	8000e00 <lectura_adc+0xb4>
				LOG_DBG("cola llena enviando datos");
 8000ea2:	46e8      	mov	r8, sp
 8000ea4:	b088      	sub	sp, #32
 8000ea6:	466b      	mov	r3, sp
 8000ea8:	f113 0210 	adds.w	r2, r3, #16
 8000eac:	f43f af7b 	beq.w	8000da6 <lectura_adc+0x5a>
 8000eb0:	210c      	movs	r1, #12
 8000eb2:	2a00      	cmp	r2, #0
 8000eb4:	f43f af7a 	beq.w	8000dac <lectura_adc+0x60>
 8000eb8:	4608      	mov	r0, r1
 8000eba:	2904      	cmp	r1, #4
 8000ebc:	dd03      	ble.n	8000ec6 <lectura_adc+0x17a>
 8000ebe:	f8df c03c 	ldr.w	ip, [pc, #60]	@ 8000efc <lectura_adc+0x1b0>
 8000ec2:	f8c3 c014 	str.w	ip, [r3, #20]
 8000ec6:	2808      	cmp	r0, #8
 8000ec8:	f77f af70 	ble.w	8000dac <lectura_adc+0x60>
 8000ecc:	480c      	ldr	r0, [pc, #48]	@ (8000f00 <lectura_adc+0x1b4>)
 8000ece:	6198      	str	r0, [r3, #24]
 8000ed0:	e76c      	b.n	8000dac <lectura_adc+0x60>
 8000ed2:	f06f 011b 	mvn.w	r1, #27
 8000ed6:	e76d      	b.n	8000db4 <lectura_adc+0x68>
 8000ed8:	200002b0 	.word	0x200002b0
 8000edc:	0800abb0 	.word	0x0800abb0
 8000ee0:	0800aa94 	.word	0x0800aa94
 8000ee4:	20000268 	.word	0x20000268
 8000ee8:	20000310 	.word	0x20000310
 8000eec:	0800a63c 	.word	0x0800a63c
 8000ef0:	3dcccccd 	.word	0x3dcccccd
 8000ef4:	3f666666 	.word	0x3f666666
 8000ef8:	20000220 	.word	0x20000220
 8000efc:	0800abc8 	.word	0x0800abc8
 8000f00:	0800b964 	.word	0x0800b964

08000f04 <prom_adc>:
		}
	}
}

void prom_adc(void){
 8000f04:	e92d 4ff0 	stmdb	sp!, {r4, r5, r6, r7, r8, r9, sl, fp, lr}
 8000f08:	b099      	sub	sp, #100	@ 0x64
 8000f0a:	af00      	add	r7, sp, #0
 8000f0c:	2400      	movs	r4, #0
 8000f0e:	4625      	mov	r5, r4
	int16_t tempe [10], lume [10];
	int16_t tempe_prom, lume_prom, tempe_ant = 0, lume_ant = 0;
 8000f10:	46a2      	mov	sl, r4
 8000f12:	46a1      	mov	r9, r4
	return z_impl_k_sem_take(sem, timeout);
 8000f14:	f04f 32ff 	mov.w	r2, #4294967295
 8000f18:	f04f 33ff 	mov.w	r3, #4294967295
 8000f1c:	4885      	ldr	r0, [pc, #532]	@ (8001134 <prom_adc+0x230>)
 8000f1e:	f004 ff7d 	bl	8005e1c <z_impl_k_sem_take>
 8000f22:	e0f5      	b.n	8001110 <prom_adc+0x20c>
	return z_impl_k_msgq_get(msgq, data, timeout);
 8000f24:	2200      	movs	r2, #0
 8000f26:	2300      	movs	r3, #0
 8000f28:	f107 0134 	add.w	r1, r7, #52	@ 0x34
 8000f2c:	4882      	ldr	r0, [pc, #520]	@ (8001138 <prom_adc+0x234>)
 8000f2e:	f004 fdf3 	bl	8005b18 <z_impl_k_msgq_get>
			 
			if (k_sem_take(&stopconv, K_NO_WAIT)==0) break;

			for (int i = 0; i < 10; i++){
				k_msgq_get(&lec_raw, &lera, K_NO_WAIT);
				tempe[i] = lera.volte;
 8000f32:	f9b7 2034 	ldrsh.w	r2, [r7, #52]	@ 0x34
 8000f36:	f107 0360 	add.w	r3, r7, #96	@ 0x60
 8000f3a:	eb03 034b 	add.w	r3, r3, fp, lsl #1
 8000f3e:	f823 2c14 	strh.w	r2, [r3, #-20]
				lume[i] = lera.vollu;
 8000f42:	f9b7 2036 	ldrsh.w	r2, [r7, #54]	@ 0x36
 8000f46:	f823 2c28 	strh.w	r2, [r3, #-40]
			for (int i = 0; i < 10; i++){
 8000f4a:	f10b 0b01 	add.w	fp, fp, #1
 8000f4e:	f1bb 0f09 	cmp.w	fp, #9
 8000f52:	dde7      	ble.n	8000f24 <prom_adc+0x20>
			}
			LOG_DBG("promediando lecturas");
 8000f54:	46eb      	mov	fp, sp
 8000f56:	b088      	sub	sp, #32
 8000f58:	466b      	mov	r3, sp
 8000f5a:	f113 0210 	adds.w	r2, r3, #16
 8000f5e:	d034      	beq.n	8000fca <prom_adc+0xc6>
 8000f60:	210c      	movs	r1, #12
 8000f62:	b152      	cbz	r2, 8000f7a <prom_adc+0x76>
 8000f64:	4608      	mov	r0, r1
 8000f66:	2904      	cmp	r1, #4
 8000f68:	dd03      	ble.n	8000f72 <prom_adc+0x6e>
 8000f6a:	f8df c1d0 	ldr.w	ip, [pc, #464]	@ 800113c <prom_adc+0x238>
 8000f6e:	f8c3 c014 	str.w	ip, [r3, #20]
 8000f72:	2808      	cmp	r0, #8
 8000f74:	dd01      	ble.n	8000f7a <prom_adc+0x76>
 8000f76:	4872      	ldr	r0, [pc, #456]	@ (8001140 <prom_adc+0x23c>)
 8000f78:	6198      	str	r0, [r3, #24]
 8000f7a:	290b      	cmp	r1, #11
 8000f7c:	dd28      	ble.n	8000fd0 <prom_adc+0xcc>
 8000f7e:	210c      	movs	r1, #12
 8000f80:	b13a      	cbz	r2, 8000f92 <prom_adc+0x8e>
 8000f82:	2003      	movs	r0, #3
 8000f84:	7138      	strb	r0, [r7, #4]
 8000f86:	2000      	movs	r0, #0
 8000f88:	7178      	strb	r0, [r7, #5]
 8000f8a:	71b8      	strb	r0, [r7, #6]
 8000f8c:	71f8      	strb	r0, [r7, #7]
 8000f8e:	6878      	ldr	r0, [r7, #4]
 8000f90:	6118      	str	r0, [r3, #16]
 8000f92:	f026 0601 	bic.w	r6, r6, #1
 8000f96:	f026 0602 	bic.w	r6, r6, #2
 8000f9a:	f026 0604 	bic.w	r6, r6, #4
 8000f9e:	f026 0638 	bic.w	r6, r6, #56	@ 0x38
 8000fa2:	2304      	movs	r3, #4
 8000fa4:	f363 1688 	bfi	r6, r3, #6, #3
 8000fa8:	f3c1 010a 	ubfx	r1, r1, #0, #11
 8000fac:	f361 2653 	bfi	r6, r1, #9, #11
 8000fb0:	f3c6 0613 	ubfx	r6, r6, #0, #20
 8000fb4:	2300      	movs	r3, #0
 8000fb6:	4631      	mov	r1, r6
 8000fb8:	4862      	ldr	r0, [pc, #392]	@ (8001144 <prom_adc+0x240>)
 8000fba:	f001 fc71 	bl	80028a0 <z_impl_z_log_msg_static_create>
 8000fbe:	46dd      	mov	sp, fp
	z_impl_k_sem_give(sem);
 8000fc0:	4861      	ldr	r0, [pc, #388]	@ (8001148 <prom_adc+0x244>)
 8000fc2:	f004 feef 	bl	8005da4 <z_impl_k_sem_give>
			k_sem_give(&rawr);

			for (int i = 0; i < 10; i++){
 8000fc6:	2300      	movs	r3, #0
 8000fc8:	e012      	b.n	8000ff0 <prom_adc+0xec>
			LOG_DBG("promediando lecturas");
 8000fca:	f06f 4100 	mvn.w	r1, #2147483648	@ 0x80000000
 8000fce:	e7c8      	b.n	8000f62 <prom_adc+0x5e>
 8000fd0:	f06f 011b 	mvn.w	r1, #27
 8000fd4:	e7d4      	b.n	8000f80 <prom_adc+0x7c>
				tempe_prom += tempe[i];
 8000fd6:	f107 0260 	add.w	r2, r7, #96	@ 0x60
 8000fda:	eb02 0143 	add.w	r1, r2, r3, lsl #1
 8000fde:	f831 2c14 	ldrh.w	r2, [r1, #-20]
 8000fe2:	442a      	add	r2, r5
 8000fe4:	b215      	sxth	r5, r2
				lume_prom += lume[i];
 8000fe6:	f831 2c28 	ldrh.w	r2, [r1, #-40]
 8000fea:	4422      	add	r2, r4
 8000fec:	b214      	sxth	r4, r2
			for (int i = 0; i < 10; i++){
 8000fee:	3301      	adds	r3, #1
 8000ff0:	2b09      	cmp	r3, #9
 8000ff2:	ddf0      	ble.n	8000fd6 <prom_adc+0xd2>
			}

			tempe_prom = (a*(tempe_prom/10))+((1-a)*tempe_ant);
 8000ff4:	f8df b154 	ldr.w	fp, [pc, #340]	@ 800114c <prom_adc+0x248>
 8000ff8:	fb8b 2305 	smull	r2, r3, fp, r5
 8000ffc:	17e8      	asrs	r0, r5, #31
 8000ffe:	ebc0 00a3 	rsb	r0, r0, r3, asr #2
 8001002:	b200      	sxth	r0, r0
 8001004:	f7ff fb30 	bl	8000668 <__aeabi_i2f>
 8001008:	4951      	ldr	r1, [pc, #324]	@ (8001150 <prom_adc+0x24c>)
 800100a:	f7ff f9bf 	bl	800038c <__aeabi_fmul>
 800100e:	4605      	mov	r5, r0
 8001010:	4648      	mov	r0, r9
 8001012:	f7ff fb29 	bl	8000668 <__aeabi_i2f>
 8001016:	494f      	ldr	r1, [pc, #316]	@ (8001154 <prom_adc+0x250>)
 8001018:	f7ff f9b8 	bl	800038c <__aeabi_fmul>
 800101c:	4601      	mov	r1, r0
 800101e:	4628      	mov	r0, r5
 8001020:	f7ff fa6e 	bl	8000500 <__addsf3>
 8001024:	f7ff fb74 	bl	8000710 <__aeabi_f2iz>
 8001028:	b205      	sxth	r5, r0
			lume_prom = (a*(lume_prom/10))+((1-a)*lume_ant);
 800102a:	fb8b 3b04 	smull	r3, fp, fp, r4
 800102e:	17e0      	asrs	r0, r4, #31
 8001030:	ebc0 00ab 	rsb	r0, r0, fp, asr #2
 8001034:	b200      	sxth	r0, r0
 8001036:	f7ff fb17 	bl	8000668 <__aeabi_i2f>
 800103a:	4945      	ldr	r1, [pc, #276]	@ (8001150 <prom_adc+0x24c>)
 800103c:	f7ff f9a6 	bl	800038c <__aeabi_fmul>
 8001040:	4604      	mov	r4, r0
 8001042:	4650      	mov	r0, sl
 8001044:	f7ff fb10 	bl	8000668 <__aeabi_i2f>
 8001048:	4942      	ldr	r1, [pc, #264]	@ (8001154 <prom_adc+0x250>)
 800104a:	f7ff f99f 	bl	800038c <__aeabi_fmul>
 800104e:	4601      	mov	r1, r0
 8001050:	4620      	mov	r0, r4
 8001052:	f7ff fa55 	bl	8000500 <__addsf3>
 8001056:	f7ff fb5b 	bl	8000710 <__aeabi_f2iz>
 800105a:	b204      	sxth	r4, r0
			tempe_ant = tempe_prom;
			lume_ant = lume_prom;

			fin.voltem = tempe_prom;
 800105c:	813d      	strh	r5, [r7, #8]
			fin.vollum = lume_prom;
 800105e:	817c      	strh	r4, [r7, #10]

			LOG_DBG("temp: %d lum: %d", fin.voltem, fin.vollum);
 8001060:	46ae      	mov	lr, r5
 8001062:	46a4      	mov	ip, r4
 8001064:	46e9      	mov	r9, sp
 8001066:	b08a      	sub	sp, #40	@ 0x28
 8001068:	466b      	mov	r3, sp
 800106a:	f113 0210 	adds.w	r2, r3, #16
 800106e:	d05a      	beq.n	8001126 <prom_adc+0x222>
 8001070:	2114      	movs	r1, #20
 8001072:	b1a2      	cbz	r2, 800109e <prom_adc+0x19a>
 8001074:	4608      	mov	r0, r1
 8001076:	2904      	cmp	r1, #4
 8001078:	dd03      	ble.n	8001082 <prom_adc+0x17e>
 800107a:	f8df a0dc 	ldr.w	sl, [pc, #220]	@ 8001158 <prom_adc+0x254>
 800107e:	f8c3 a014 	str.w	sl, [r3, #20]
 8001082:	2808      	cmp	r0, #8
 8001084:	dd03      	ble.n	800108e <prom_adc+0x18a>
 8001086:	f8df a0b8 	ldr.w	sl, [pc, #184]	@ 8001140 <prom_adc+0x23c>
 800108a:	f8c3 a018 	str.w	sl, [r3, #24]
 800108e:	280c      	cmp	r0, #12
 8001090:	dd01      	ble.n	8001096 <prom_adc+0x192>
 8001092:	f8c3 e01c 	str.w	lr, [r3, #28]
 8001096:	2810      	cmp	r0, #16
 8001098:	dd01      	ble.n	800109e <prom_adc+0x19a>
 800109a:	f8c3 c020 	str.w	ip, [r3, #32]
 800109e:	2913      	cmp	r1, #19
 80010a0:	dd44      	ble.n	800112c <prom_adc+0x228>
 80010a2:	2114      	movs	r1, #20
 80010a4:	b13a      	cbz	r2, 80010b6 <prom_adc+0x1b2>
 80010a6:	2005      	movs	r0, #5
 80010a8:	7138      	strb	r0, [r7, #4]
 80010aa:	2000      	movs	r0, #0
 80010ac:	7178      	strb	r0, [r7, #5]
 80010ae:	71b8      	strb	r0, [r7, #6]
 80010b0:	71f8      	strb	r0, [r7, #7]
 80010b2:	6878      	ldr	r0, [r7, #4]
 80010b4:	6118      	str	r0, [r3, #16]
 80010b6:	f028 0801 	bic.w	r8, r8, #1
 80010ba:	f028 0802 	bic.w	r8, r8, #2
 80010be:	f028 0804 	bic.w	r8, r8, #4
 80010c2:	f028 0838 	bic.w	r8, r8, #56	@ 0x38
 80010c6:	2304      	movs	r3, #4
 80010c8:	f363 1888 	bfi	r8, r3, #6, #3
 80010cc:	f3c1 010a 	ubfx	r1, r1, #0, #11
 80010d0:	f361 2853 	bfi	r8, r1, #9, #11
 80010d4:	f3c8 0813 	ubfx	r8, r8, #0, #20
 80010d8:	2300      	movs	r3, #0
 80010da:	4641      	mov	r1, r8
 80010dc:	4819      	ldr	r0, [pc, #100]	@ (8001144 <prom_adc+0x240>)
 80010de:	f001 fbdf 	bl	80028a0 <z_impl_z_log_msg_static_create>
 80010e2:	46cd      	mov	sp, r9
	return z_impl_k_msgq_peek(msgq, data);
 80010e4:	f107 010c 	add.w	r1, r7, #12
 80010e8:	481c      	ldr	r0, [pc, #112]	@ (800115c <prom_adc+0x258>)
 80010ea:	f008 fde9 	bl	8009cc0 <z_impl_k_msgq_peek>
	z_impl_k_msgq_purge(msgq);
 80010ee:	f8df 9070 	ldr.w	r9, [pc, #112]	@ 8001160 <prom_adc+0x25c>
 80010f2:	4648      	mov	r0, r9
 80010f4:	f008 fdfd 	bl	8009cf2 <z_impl_k_msgq_purge>
	return z_impl_k_msgq_put(msgq, data, timeout);
 80010f8:	2200      	movs	r2, #0
 80010fa:	2300      	movs	r3, #0
 80010fc:	f107 0108 	add.w	r1, r7, #8
 8001100:	4648      	mov	r0, r9
 8001102:	f008 fdd5 	bl	8009cb0 <z_impl_k_msgq_put>
	z_impl_k_sem_give(sem);
 8001106:	4817      	ldr	r0, [pc, #92]	@ (8001164 <prom_adc+0x260>)
 8001108:	f004 fe4c 	bl	8005da4 <z_impl_k_sem_give>
			lume_ant = lume_prom;
 800110c:	46a2      	mov	sl, r4
			tempe_ant = tempe_prom;
 800110e:	46a9      	mov	r9, r5
	return z_impl_k_sem_take(sem, timeout);
 8001110:	2200      	movs	r2, #0
 8001112:	2300      	movs	r3, #0
 8001114:	4813      	ldr	r0, [pc, #76]	@ (8001164 <prom_adc+0x260>)
 8001116:	f004 fe81 	bl	8005e1c <z_impl_k_sem_take>
			if (k_sem_take(&stopconv, K_NO_WAIT)==0) break;
 800111a:	2800      	cmp	r0, #0
 800111c:	f43f aefa 	beq.w	8000f14 <prom_adc+0x10>
			for (int i = 0; i < 10; i++){
 8001120:	f04f 0b00 	mov.w	fp, #0
 8001124:	e713      	b.n	8000f4e <prom_adc+0x4a>
			LOG_DBG("temp: %d lum: %d", fin.voltem, fin.vollum);
 8001126:	f06f 4100 	mvn.w	r1, #2147483648	@ 0x80000000
 800112a:	e7a2      	b.n	8001072 <prom_adc+0x16e>
 800112c:	f06f 011b 	mvn.w	r1, #27
 8001130:	e7b8      	b.n	80010a4 <prom_adc+0x1a0>
 8001132:	bf00      	nop
 8001134:	20000268 	.word	0x20000268
 8001138:	20000220 	.word	0x20000220
 800113c:	0800abe8 	.word	0x0800abe8
 8001140:	0800b958 	.word	0x0800b958
 8001144:	0800aa94 	.word	0x0800aa94
 8001148:	200002b0 	.word	0x200002b0
 800114c:	66666667 	.word	0x66666667
 8001150:	3dcccccd 	.word	0x3dcccccd
 8001154:	3f666666 	.word	0x3f666666
 8001158:	0800ac04 	.word	0x0800ac04
 800115c:	20000190 	.word	0x20000190
 8001160:	200001f0 	.word	0x200001f0
 8001164:	200002e0 	.word	0x200002e0

08001168 <display_task>:

int16_t convtemp (int16_t raw){
	return raw; //futura ecuacion de conversion
}

void display_task(void){
 8001168:	b530      	push	{r4, r5, lr}
 800116a:	b08d      	sub	sp, #52	@ 0x34
	struct lectura_fina lect;
	int16_t var=0;
 800116c:	2400      	movs	r4, #0
 800116e:	f04f 32ff 	mov.w	r2, #4294967295
 8001172:	f04f 33ff 	mov.w	r3, #4294967295
 8001176:	4829      	ldr	r0, [pc, #164]	@ (800121c <display_task+0xb4>)
 8001178:	f004 fe50 	bl	8005e1c <z_impl_k_sem_take>
 800117c:	e01c      	b.n	80011b8 <display_task+0x50>
			k_msgq_peek(&lec_fin, &lect);

			switch (boton)
			{
			case 1:
				var = convtemp(lect.voltem);
 800117e:	f9bd 0004 	ldrsh.w	r0, [sp, #4]
 8001182:	f006 fe39 	bl	8007df8 <convtemp>
 8001186:	4604      	mov	r4, r0
	return z_impl_k_mutex_lock(mutex, timeout);
 8001188:	4d25      	ldr	r5, [pc, #148]	@ (8001220 <display_task+0xb8>)
 800118a:	f04f 32ff 	mov.w	r2, #4294967295
 800118e:	f04f 33ff 	mov.w	r3, #4294967295
 8001192:	4628      	mov	r0, r5
 8001194:	f004 fd30 	bl	8005bf8 <z_impl_k_mutex_lock>
			default:
				break;
			}

			k_mutex_lock(&hw_access, K_FOREVER);
			tm1638_display(var);
 8001198:	4620      	mov	r0, r4
 800119a:	f000 fa0d 	bl	80015b8 <tm1638_display>
	return z_impl_k_mutex_unlock(mutex);
 800119e:	4628      	mov	r0, r5
 80011a0:	f004 fdaa 	bl	8005cf8 <z_impl_k_mutex_unlock>
	z_impl_z_log_msg_simple_create_1(source, level, fmt, arg);
 80011a4:	4623      	mov	r3, r4
 80011a6:	4a1f      	ldr	r2, [pc, #124]	@ (8001224 <display_task+0xbc>)
 80011a8:	2103      	movs	r1, #3
 80011aa:	481f      	ldr	r0, [pc, #124]	@ (8001228 <display_task+0xc0>)
 80011ac:	f007 fc69 	bl	8008a82 <z_impl_z_log_msg_simple_create_1>
			k_mutex_unlock(&hw_access);

			LOG_INF("mostrando en display: %d\n", var);

			k_msleep(1000);
 80011b0:	f44f 707a 	mov.w	r0, #1000	@ 0x3e8
 80011b4:	f006 fe0f 	bl	8007dd6 <k_msleep>
	return z_impl_k_sem_take(sem, timeout);
 80011b8:	2200      	movs	r2, #0
 80011ba:	2300      	movs	r3, #0
 80011bc:	481b      	ldr	r0, [pc, #108]	@ (800122c <display_task+0xc4>)
 80011be:	f004 fe2d 	bl	8005e1c <z_impl_k_sem_take>
			if (k_sem_take(&stopdis, K_NO_WAIT)==0) break;
 80011c2:	2800      	cmp	r0, #0
 80011c4:	d0d3      	beq.n	800116e <display_task+0x6>
	return z_impl_k_msgq_peek(msgq, data);
 80011c6:	4669      	mov	r1, sp
 80011c8:	4819      	ldr	r0, [pc, #100]	@ (8001230 <display_task+0xc8>)
 80011ca:	f008 fd79 	bl	8009cc0 <z_impl_k_msgq_peek>
 80011ce:	a901      	add	r1, sp, #4
 80011d0:	4818      	ldr	r0, [pc, #96]	@ (8001234 <display_task+0xcc>)
 80011d2:	f008 fd75 	bl	8009cc0 <z_impl_k_msgq_peek>
			switch (boton)
 80011d6:	9b00      	ldr	r3, [sp, #0]
 80011d8:	2b02      	cmp	r3, #2
 80011da:	d004      	beq.n	80011e6 <display_task+0x7e>
 80011dc:	2b03      	cmp	r3, #3
 80011de:	d008      	beq.n	80011f2 <display_task+0x8a>
 80011e0:	2b01      	cmp	r3, #1
 80011e2:	d1d1      	bne.n	8001188 <display_task+0x20>
 80011e4:	e7cb      	b.n	800117e <display_task+0x16>
				var = convlum(lect.vollum);
 80011e6:	f9bd 0006 	ldrsh.w	r0, [sp, #6]
 80011ea:	f006 fe04 	bl	8007df6 <convlum>
 80011ee:	4604      	mov	r4, r0
				break;
 80011f0:	e7ca      	b.n	8001188 <display_task+0x20>
				var = lect.horaa.tm_hour*10000 + lect.horaa.tm_min*100 + lect.horaa.tm_sec;
 80011f2:	9a04      	ldr	r2, [sp, #16]
 80011f4:	9b03      	ldr	r3, [sp, #12]
 80011f6:	ebc2 1142 	rsb	r1, r2, r2, lsl #5
 80011fa:	eb02 0281 	add.w	r2, r2, r1, lsl #2
 80011fe:	eb02 0282 	add.w	r2, r2, r2, lsl #2
 8001202:	eb03 0383 	add.w	r3, r3, r3, lsl #2
 8001206:	eb03 0483 	add.w	r4, r3, r3, lsl #2
 800120a:	00a4      	lsls	r4, r4, #2
 800120c:	eb04 1402 	add.w	r4, r4, r2, lsl #4
 8001210:	b2a4      	uxth	r4, r4
 8001212:	9b02      	ldr	r3, [sp, #8]
 8001214:	441c      	add	r4, r3
 8001216:	b224      	sxth	r4, r4
				break;
 8001218:	e7b6      	b.n	8001188 <display_task+0x20>
 800121a:	bf00      	nop
 800121c:	20000280 	.word	0x20000280
 8001220:	2000017c 	.word	0x2000017c
 8001224:	0800ac1c 	.word	0x0800ac1c
 8001228:	0800aa94 	.word	0x0800aa94
 800122c:	200002f8 	.word	0x200002f8
 8001230:	200001c0 	.word	0x200001c0
 8001234:	200001f0 	.word	0x200001f0

08001238 <send_byte>:
	0x3F, 0x06, 0x5B, 0x4F, 0x66,
	0x6D, 0x7D, 0x07, 0x7F, 0x6F,
};

static void send_byte(uint8_t b)
{
 8001238:	b570      	push	{r4, r5, r6, lr}
 800123a:	4606      	mov	r6, r0
	gpio_pin_configure_dt(&tm.dio, GPIO_OUTPUT);
 800123c:	f44f 3100 	mov.w	r1, #131072	@ 0x20000
 8001240:	4810      	ldr	r0, [pc, #64]	@ (8001284 <send_byte+0x4c>)
 8001242:	f006 fe02 	bl	8007e4a <gpio_pin_configure_dt>

	for (int i = 0; i < 8; i++) {
 8001246:	2500      	movs	r5, #0
 8001248:	e019      	b.n	800127e <send_byte+0x46>
 * @param value Value assigned to the pin.
 * @return a value from gpio_pin_set()
 */
static inline int gpio_pin_set_dt(const struct gpio_dt_spec *spec, int value)
{
	return gpio_pin_set(spec->port, spec->pin, value);
 800124a:	4c0f      	ldr	r4, [pc, #60]	@ (8001288 <send_byte+0x50>)
 800124c:	2200      	movs	r2, #0
 800124e:	7b21      	ldrb	r1, [r4, #12]
 8001250:	68a0      	ldr	r0, [r4, #8]
 8001252:	f006 fe33 	bl	8007ebc <gpio_pin_set>
		gpio_pin_set_dt(&tm.clk, 0);
		gpio_pin_set_dt(&tm.dio, (b >> i) & 0x01);
 8001256:	fa46 f205 	asr.w	r2, r6, r5
 800125a:	f002 0201 	and.w	r2, r2, #1
 800125e:	7d21      	ldrb	r1, [r4, #20]
 8001260:	6920      	ldr	r0, [r4, #16]
 8001262:	f006 fe2b 	bl	8007ebc <gpio_pin_set>
	z_impl_k_busy_wait(usec_to_wait);
 8001266:	2001      	movs	r0, #1
 8001268:	f008 fcd4 	bl	8009c14 <z_impl_k_busy_wait>
 800126c:	2201      	movs	r2, #1
 800126e:	7b21      	ldrb	r1, [r4, #12]
 8001270:	68a0      	ldr	r0, [r4, #8]
 8001272:	f006 fe23 	bl	8007ebc <gpio_pin_set>
 8001276:	2001      	movs	r0, #1
 8001278:	f008 fccc 	bl	8009c14 <z_impl_k_busy_wait>
	for (int i = 0; i < 8; i++) {
 800127c:	3501      	adds	r5, #1
 800127e:	2d07      	cmp	r5, #7
 8001280:	dde3      	ble.n	800124a <send_byte+0x12>
		k_busy_wait(1);
		gpio_pin_set_dt(&tm.clk, 1);
		k_busy_wait(1);
	}
}
 8001282:	bd70      	pop	{r4, r5, r6, pc}
 8001284:	20000788 	.word	0x20000788
 8001288:	20000778 	.word	0x20000778

0800128c <write_at>:
	return b;
}

/* Escribe un byte en una direccion fija (0-15) de la memoria de display. */
static void write_at(uint8_t addr, uint8_t data)
{
 800128c:	b570      	push	{r4, r5, r6, lr}
 800128e:	4605      	mov	r5, r0
 8001290:	460e      	mov	r6, r1
 8001292:	4c14      	ldr	r4, [pc, #80]	@ (80012e4 <write_at+0x58>)
 8001294:	2200      	movs	r2, #0
 8001296:	7921      	ldrb	r1, [r4, #4]
 8001298:	6820      	ldr	r0, [r4, #0]
 800129a:	f006 fe0f 	bl	8007ebc <gpio_pin_set>
	gpio_pin_set_dt(&tm.stb, 0);
	send_byte(0x44);
 800129e:	2044      	movs	r0, #68	@ 0x44
 80012a0:	f7ff ffca 	bl	8001238 <send_byte>
 80012a4:	2201      	movs	r2, #1
 80012a6:	7921      	ldrb	r1, [r4, #4]
 80012a8:	6820      	ldr	r0, [r4, #0]
 80012aa:	f006 fe07 	bl	8007ebc <gpio_pin_set>
 80012ae:	2001      	movs	r0, #1
 80012b0:	f008 fcb0 	bl	8009c14 <z_impl_k_busy_wait>
 80012b4:	2200      	movs	r2, #0
 80012b6:	7921      	ldrb	r1, [r4, #4]
 80012b8:	6820      	ldr	r0, [r4, #0]
 80012ba:	f006 fdff 	bl	8007ebc <gpio_pin_set>
	gpio_pin_set_dt(&tm.stb, 1);
	k_busy_wait(1);

	gpio_pin_set_dt(&tm.stb, 0);
	send_byte(0xC0 | (addr & 0x0F));
 80012be:	f005 000f 	and.w	r0, r5, #15
 80012c2:	f040 00c0 	orr.w	r0, r0, #192	@ 0xc0
 80012c6:	f7ff ffb7 	bl	8001238 <send_byte>
	send_byte(data);
 80012ca:	4630      	mov	r0, r6
 80012cc:	f7ff ffb4 	bl	8001238 <send_byte>
 80012d0:	2201      	movs	r2, #1
 80012d2:	7921      	ldrb	r1, [r4, #4]
 80012d4:	6820      	ldr	r0, [r4, #0]
 80012d6:	f006 fdf1 	bl	8007ebc <gpio_pin_set>
 80012da:	2032      	movs	r0, #50	@ 0x32
 80012dc:	f008 fc9a 	bl	8009c14 <z_impl_k_busy_wait>
	 * alimentacion del modulo esta al limite, espaciar un poco las
	 * escrituras reduce la probabilidad de que esos picos se sumen.
	 * No sustituye revisar VCC/GND si el problema persiste.
	 */
	k_busy_wait(50);
}
 80012e0:	bd70      	pop	{r4, r5, r6, pc}
 80012e2:	bf00      	nop
 80012e4:	20000778 	.word	0x20000778

080012e8 <recv_byte>:
{
 80012e8:	b570      	push	{r4, r5, r6, lr}
	gpio_pin_configure_dt(&tm.dio, GPIO_INPUT);
 80012ea:	f44f 3180 	mov.w	r1, #65536	@ 0x10000
 80012ee:	4814      	ldr	r0, [pc, #80]	@ (8001340 <recv_byte+0x58>)
 80012f0:	f006 fdab 	bl	8007e4a <gpio_pin_configure_dt>
	for (int i = 0; i < 8; i++) {
 80012f4:	2500      	movs	r5, #0
	uint8_t b = 0;
 80012f6:	462e      	mov	r6, r5
	for (int i = 0; i < 8; i++) {
 80012f8:	e009      	b.n	800130e <recv_byte+0x26>
 80012fa:	4b12      	ldr	r3, [pc, #72]	@ (8001344 <recv_byte+0x5c>)
 80012fc:	2201      	movs	r2, #1
 80012fe:	7b19      	ldrb	r1, [r3, #12]
 8001300:	6898      	ldr	r0, [r3, #8]
 8001302:	f006 fddb 	bl	8007ebc <gpio_pin_set>
 8001306:	2001      	movs	r0, #1
 8001308:	f008 fc84 	bl	8009c14 <z_impl_k_busy_wait>
 800130c:	3501      	adds	r5, #1
 800130e:	2d07      	cmp	r5, #7
 8001310:	dc13      	bgt.n	800133a <recv_byte+0x52>
 8001312:	4c0c      	ldr	r4, [pc, #48]	@ (8001344 <recv_byte+0x5c>)
 8001314:	2200      	movs	r2, #0
 8001316:	7b21      	ldrb	r1, [r4, #12]
 8001318:	68a0      	ldr	r0, [r4, #8]
 800131a:	f006 fdcf 	bl	8007ebc <gpio_pin_set>
 800131e:	2001      	movs	r0, #1
 8001320:	f008 fc78 	bl	8009c14 <z_impl_k_busy_wait>
	return gpio_pin_get(spec->port, spec->pin);
 8001324:	7d21      	ldrb	r1, [r4, #20]
 8001326:	6920      	ldr	r0, [r4, #16]
 8001328:	f006 fda6 	bl	8007e78 <gpio_pin_get>
		if (gpio_pin_get_dt(&tm.dio)) {
 800132c:	2800      	cmp	r0, #0
 800132e:	d0e4      	beq.n	80012fa <recv_byte+0x12>
			b |= (1 << i);
 8001330:	2301      	movs	r3, #1
 8001332:	40ab      	lsls	r3, r5
 8001334:	431e      	orrs	r6, r3
 8001336:	b2f6      	uxtb	r6, r6
 8001338:	e7df      	b.n	80012fa <recv_byte+0x12>
}
 800133a:	4630      	mov	r0, r6
 800133c:	bd70      	pop	{r4, r5, r6, pc}
 800133e:	bf00      	nop
 8001340:	20000788 	.word	0x20000788
 8001344:	20000778 	.word	0x20000778

08001348 <scan_keys_raw>:

/* Lee el estado crudo (sin antirrebote) de los 8 botones. */
static uint8_t scan_keys_raw(void)
{
 8001348:	b510      	push	{r4, lr}
 800134a:	b082      	sub	sp, #8
	return gpio_pin_set(spec->port, spec->pin, value);
 800134c:	4b1e      	ldr	r3, [pc, #120]	@ (80013c8 <scan_keys_raw+0x80>)
 800134e:	2200      	movs	r2, #0
 8001350:	7919      	ldrb	r1, [r3, #4]
 8001352:	6818      	ldr	r0, [r3, #0]
 8001354:	f006 fdb2 	bl	8007ebc <gpio_pin_set>
	uint8_t keys = 0;
	uint8_t buf[4];

	gpio_pin_set_dt(&tm.stb, 0);
	send_byte(0x42);
 8001358:	2042      	movs	r0, #66	@ 0x42
 800135a:	f7ff ff6d 	bl	8001238 <send_byte>
	for (int i = 0; i < 4; i++) {
 800135e:	2400      	movs	r4, #0
 8001360:	e007      	b.n	8001372 <scan_keys_raw+0x2a>
		buf[i] = recv_byte();
 8001362:	f7ff ffc1 	bl	80012e8 <recv_byte>
 8001366:	f104 0308 	add.w	r3, r4, #8
 800136a:	446b      	add	r3, sp
 800136c:	f803 0c04 	strb.w	r0, [r3, #-4]
	for (int i = 0; i < 4; i++) {
 8001370:	3401      	adds	r4, #1
 8001372:	2c03      	cmp	r4, #3
 8001374:	ddf5      	ble.n	8001362 <scan_keys_raw+0x1a>
 8001376:	4c14      	ldr	r4, [pc, #80]	@ (80013c8 <scan_keys_raw+0x80>)
 8001378:	2201      	movs	r2, #1
 800137a:	7921      	ldrb	r1, [r4, #4]
 800137c:	6820      	ldr	r0, [r4, #0]
 800137e:	f006 fd9d 	bl	8007ebc <gpio_pin_set>
	}
	gpio_pin_set_dt(&tm.stb, 1);
	gpio_pin_configure_dt(&tm.dio, GPIO_OUTPUT);
 8001382:	f44f 3100 	mov.w	r1, #131072	@ 0x20000
 8001386:	f104 0010 	add.w	r0, r4, #16
 800138a:	f006 fd5e 	bl	8007e4a <gpio_pin_configure_dt>
	 * buf[i] bit0 -> boton (i+1)  [botones 1-4]
	 * buf[i] bit4 -> boton (i+5)  [botones 5-8]
	 * (no es buf[i] bit0/bit4 -> botones (2i+1)/(2i+2) como en la
	 * version anterior -- esa agrupacion daba impares/pares cruzados).
	 */
	for (int i = 0; i < 4; i++) {
 800138e:	2300      	movs	r3, #0
	uint8_t keys = 0;
 8001390:	4618      	mov	r0, r3
	for (int i = 0; i < 4; i++) {
 8001392:	e000      	b.n	8001396 <scan_keys_raw+0x4e>
 8001394:	3301      	adds	r3, #1
 8001396:	2b03      	cmp	r3, #3
 8001398:	dc14      	bgt.n	80013c4 <scan_keys_raw+0x7c>
		if (buf[i] & 0x01) {
 800139a:	f103 0208 	add.w	r2, r3, #8
 800139e:	446a      	add	r2, sp
 80013a0:	f812 2c04 	ldrb.w	r2, [r2, #-4]
 80013a4:	f012 0f01 	tst.w	r2, #1
 80013a8:	d003      	beq.n	80013b2 <scan_keys_raw+0x6a>
			keys |= (1 << i);
 80013aa:	2101      	movs	r1, #1
 80013ac:	4099      	lsls	r1, r3
 80013ae:	4308      	orrs	r0, r1
 80013b0:	b2c0      	uxtb	r0, r0
		}
		if (buf[i] & 0x10) {
 80013b2:	f012 0f10 	tst.w	r2, #16
 80013b6:	d0ed      	beq.n	8001394 <scan_keys_raw+0x4c>
			keys |= (1 << (i + 4));
 80013b8:	1d19      	adds	r1, r3, #4
 80013ba:	2201      	movs	r2, #1
 80013bc:	408a      	lsls	r2, r1
 80013be:	4310      	orrs	r0, r2
 80013c0:	b2c0      	uxtb	r0, r0
 80013c2:	e7e7      	b.n	8001394 <scan_keys_raw+0x4c>
		}
	}
	return keys;
}
 80013c4:	b002      	add	sp, #8
 80013c6:	bd10      	pop	{r4, pc}
 80013c8:	20000778 	.word	0x20000778

080013cc <tm1638_set_brightness>:
	tm1638_set_brightness(4);
	return 0;
}

int tm1638_set_brightness(uint8_t level)
{
 80013cc:	b538      	push	{r3, r4, r5, lr}
	if (!tm.initialized) {
 80013ce:	4b0e      	ldr	r3, [pc, #56]	@ (8001408 <tm1638_set_brightness+0x3c>)
 80013d0:	7e1b      	ldrb	r3, [r3, #24]
 80013d2:	b19b      	cbz	r3, 80013fc <tm1638_set_brightness+0x30>
 80013d4:	4604      	mov	r4, r0
		return -EIO;
	}
	if (level > 7) {
 80013d6:	2807      	cmp	r0, #7
 80013d8:	d813      	bhi.n	8001402 <tm1638_set_brightness+0x36>
 80013da:	4d0b      	ldr	r5, [pc, #44]	@ (8001408 <tm1638_set_brightness+0x3c>)
 80013dc:	2200      	movs	r2, #0
 80013de:	7929      	ldrb	r1, [r5, #4]
 80013e0:	6828      	ldr	r0, [r5, #0]
 80013e2:	f006 fd6b 	bl	8007ebc <gpio_pin_set>
		return -EINVAL;
	}

	gpio_pin_set_dt(&tm.stb, 0);
	send_byte(0x88 | level); /* bit3=1 -> pantalla encendida */
 80013e6:	f044 0088 	orr.w	r0, r4, #136	@ 0x88
 80013ea:	f7ff ff25 	bl	8001238 <send_byte>
 80013ee:	2201      	movs	r2, #1
 80013f0:	7929      	ldrb	r1, [r5, #4]
 80013f2:	6828      	ldr	r0, [r5, #0]
 80013f4:	f006 fd62 	bl	8007ebc <gpio_pin_set>
	gpio_pin_set_dt(&tm.stb, 1);
	return 0;
 80013f8:	2000      	movs	r0, #0
}
 80013fa:	bd38      	pop	{r3, r4, r5, pc}
		return -EIO;
 80013fc:	f06f 0004 	mvn.w	r0, #4
 8001400:	e7fb      	b.n	80013fa <tm1638_set_brightness+0x2e>
		return -EINVAL;
 8001402:	f06f 0015 	mvn.w	r0, #21
 8001406:	e7f8      	b.n	80013fa <tm1638_set_brightness+0x2e>
 8001408:	20000778 	.word	0x20000778

0800140c <tm1638_set_digit>:

int tm1638_set_digit(int digit, uint8_t segments)
{
 800140c:	b508      	push	{r3, lr}
	if (!tm.initialized) {
 800140e:	4b09      	ldr	r3, [pc, #36]	@ (8001434 <tm1638_set_digit+0x28>)
 8001410:	7e1b      	ldrb	r3, [r3, #24]
 8001412:	b143      	cbz	r3, 8001426 <tm1638_set_digit+0x1a>
		return -EIO;
	}
	if (digit < 0 || digit > 7) {
 8001414:	2807      	cmp	r0, #7
 8001416:	d809      	bhi.n	800142c <tm1638_set_digit+0x20>
		return -EINVAL;
	}

	write_at((uint8_t)digit * 2, segments);
 8001418:	0040      	lsls	r0, r0, #1
 800141a:	f000 00fe 	and.w	r0, r0, #254	@ 0xfe
 800141e:	f7ff ff35 	bl	800128c <write_at>
	return 0;
 8001422:	2000      	movs	r0, #0
}
 8001424:	bd08      	pop	{r3, pc}
		return -EIO;
 8001426:	f06f 0004 	mvn.w	r0, #4
 800142a:	e7fb      	b.n	8001424 <tm1638_set_digit+0x18>
		return -EINVAL;
 800142c:	f06f 0015 	mvn.w	r0, #21
 8001430:	e7f8      	b.n	8001424 <tm1638_set_digit+0x18>
 8001432:	bf00      	nop
 8001434:	20000778 	.word	0x20000778

08001438 <tm1638_clear>:
	return 0;
}

int tm1638_clear(void)
{
	if (!tm.initialized) {
 8001438:	4b09      	ldr	r3, [pc, #36]	@ (8001460 <tm1638_clear+0x28>)
 800143a:	7e1b      	ldrb	r3, [r3, #24]
 800143c:	b113      	cbz	r3, 8001444 <tm1638_clear+0xc>
{
 800143e:	b510      	push	{r4, lr}
		return -EIO;
	}
	for (uint8_t addr = 0; addr < 16; addr++) {
 8001440:	2400      	movs	r4, #0
 8001442:	e008      	b.n	8001456 <tm1638_clear+0x1e>
		return -EIO;
 8001444:	f06f 0004 	mvn.w	r0, #4
		write_at(addr, 0x00);
	}
	return 0;
}
 8001448:	4770      	bx	lr
		write_at(addr, 0x00);
 800144a:	2100      	movs	r1, #0
 800144c:	4620      	mov	r0, r4
 800144e:	f7ff ff1d 	bl	800128c <write_at>
	for (uint8_t addr = 0; addr < 16; addr++) {
 8001452:	3401      	adds	r4, #1
 8001454:	b2e4      	uxtb	r4, r4
 8001456:	2c0f      	cmp	r4, #15
 8001458:	d9f7      	bls.n	800144a <tm1638_clear+0x12>
	return 0;
 800145a:	2000      	movs	r0, #0
}
 800145c:	bd10      	pop	{r4, pc}
 800145e:	bf00      	nop
 8001460:	20000778 	.word	0x20000778

08001464 <tm1638_init>:
{
 8001464:	b530      	push	{r4, r5, lr}
 8001466:	b085      	sub	sp, #20
 8001468:	f10d 0c08 	add.w	ip, sp, #8
 800146c:	e88c 0003 	stmia.w	ip, {r0, r1}
 8001470:	e9cd 2300 	strd	r2, r3, [sp]
	tm.stb = stb;
 8001474:	4a3d      	ldr	r2, [pc, #244]	@ (800156c <tm1638_init+0x108>)
 8001476:	e89c 0003 	ldmia.w	ip, {r0, r1}
 800147a:	e882 0003 	stmia.w	r2, {r0, r1}
	tm.clk = clk;
 800147e:	f102 0508 	add.w	r5, r2, #8
 8001482:	e9dd 0100 	ldrd	r0, r1, [sp]
 8001486:	e885 0009 	stmia.w	r5, {r0, r3}
	tm.dio = dio;
 800148a:	f102 0310 	add.w	r3, r2, #16
 800148e:	a908      	add	r1, sp, #32
 8001490:	c903      	ldmia	r1, {r0, r1}
 8001492:	e883 0003 	stmia.w	r3, {r0, r1}
	tm.initialized = false;
 8001496:	2400      	movs	r4, #0
 8001498:	7614      	strb	r4, [r2, #24]
	tm.keys_raw_prev = 0;
 800149a:	7654      	strb	r4, [r2, #25]
	tm.keys_stable = 0;
 800149c:	7694      	strb	r4, [r2, #26]
	return z_impl_k_uptime_ticks();
 800149e:	f008 feac 	bl	800a1fa <z_impl_k_uptime_ticks>
 *
 * @return Current uptime in milliseconds.
 */
static inline int64_t k_uptime_get(void)
{
	return k_ticks_to_ms_floor64(k_uptime_ticks());
 80014a2:	1843      	adds	r3, r0, r1
 80014a4:	d259      	bcs.n	800155a <tm1638_init+0xf6>
 80014a6:	4423      	add	r3, r4
 80014a8:	4a31      	ldr	r2, [pc, #196]	@ (8001570 <tm1638_init+0x10c>)
 80014aa:	fba2 4503 	umull	r4, r5, r2, r3
 80014ae:	f025 0403 	bic.w	r4, r5, #3
 80014b2:	eb04 0495 	add.w	r4, r4, r5, lsr #2
 80014b6:	1b1b      	subs	r3, r3, r4
 80014b8:	1ac0      	subs	r0, r0, r3
 80014ba:	f161 0100 	sbc.w	r1, r1, #0
 80014be:	f04f 33cc 	mov.w	r3, #3435973836	@ 0xcccccccc
 80014c2:	fb00 f303 	mul.w	r3, r0, r3
 80014c6:	fb02 3301 	mla	r3, r2, r1, r3
 80014ca:	fba0 0202 	umull	r0, r2, r0, r2
 80014ce:	4413      	add	r3, r2
 80014d0:	0840      	lsrs	r0, r0, #1
 80014d2:	ea40 70c3 	orr.w	r0, r0, r3, lsl #31
 80014d6:	085b      	lsrs	r3, r3, #1
	tm.keys_change_ts = k_uptime_get();
 80014d8:	4a24      	ldr	r2, [pc, #144]	@ (800156c <tm1638_init+0x108>)
 80014da:	6210      	str	r0, [r2, #32]
 80014dc:	6253      	str	r3, [r2, #36]	@ 0x24
	return device_is_ready(spec->port);
 80014de:	6810      	ldr	r0, [r2, #0]
 80014e0:	f008 fbc1 	bl	8009c66 <z_impl_device_is_ready>
	if (!gpio_is_ready_dt(&tm.stb) || !gpio_is_ready_dt(&tm.clk) ||
 80014e4:	2800      	cmp	r0, #0
 80014e6:	d03a      	beq.n	800155e <tm1638_init+0xfa>
 80014e8:	4b20      	ldr	r3, [pc, #128]	@ (800156c <tm1638_init+0x108>)
 80014ea:	6898      	ldr	r0, [r3, #8]
 80014ec:	f008 fbbb 	bl	8009c66 <z_impl_device_is_ready>
 80014f0:	b3a8      	cbz	r0, 800155e <tm1638_init+0xfa>
 80014f2:	4b1e      	ldr	r3, [pc, #120]	@ (800156c <tm1638_init+0x108>)
 80014f4:	6918      	ldr	r0, [r3, #16]
 80014f6:	f008 fbb6 	bl	8009c66 <z_impl_device_is_ready>
 80014fa:	b380      	cbz	r0, 800155e <tm1638_init+0xfa>
	printk("A\n");
 80014fc:	481d      	ldr	r0, [pc, #116]	@ (8001574 <tm1638_init+0x110>)
 80014fe:	f006 fdf8 	bl	80080f2 <printk>
	ret = gpio_pin_configure_dt(&tm.stb, GPIO_OUTPUT_ACTIVE);
 8001502:	4d1a      	ldr	r5, [pc, #104]	@ (800156c <tm1638_init+0x108>)
 8001504:	f44f 11d0 	mov.w	r1, #1703936	@ 0x1a0000
 8001508:	4628      	mov	r0, r5
 800150a:	f006 fc9e 	bl	8007e4a <gpio_pin_configure_dt>
 800150e:	4604      	mov	r4, r0
	printk("B\n");
 8001510:	4819      	ldr	r0, [pc, #100]	@ (8001578 <tm1638_init+0x114>)
 8001512:	f006 fdee 	bl	80080f2 <printk>
	ret |= gpio_pin_configure_dt(&tm.clk, GPIO_OUTPUT_ACTIVE);
 8001516:	f44f 11d0 	mov.w	r1, #1703936	@ 0x1a0000
 800151a:	f105 0008 	add.w	r0, r5, #8
 800151e:	f006 fc94 	bl	8007e4a <gpio_pin_configure_dt>
 8001522:	4304      	orrs	r4, r0
	printk("C\n");
 8001524:	4815      	ldr	r0, [pc, #84]	@ (800157c <tm1638_init+0x118>)
 8001526:	f006 fde4 	bl	80080f2 <printk>
	ret |= gpio_pin_configure_dt(&tm.dio, GPIO_OUTPUT_ACTIVE);
 800152a:	f44f 11d0 	mov.w	r1, #1703936	@ 0x1a0000
 800152e:	f105 0010 	add.w	r0, r5, #16
 8001532:	f006 fc8a 	bl	8007e4a <gpio_pin_configure_dt>
 8001536:	4304      	orrs	r4, r0
	printk("D\n");
 8001538:	4811      	ldr	r0, [pc, #68]	@ (8001580 <tm1638_init+0x11c>)
 800153a:	f006 fdda 	bl	80080f2 <printk>
	if (ret) {
 800153e:	b98c      	cbnz	r4, 8001564 <tm1638_init+0x100>
	tm.initialized = true;
 8001540:	2201      	movs	r2, #1
 8001542:	762a      	strb	r2, [r5, #24]
	tm1638_clear();
 8001544:	f7ff ff78 	bl	8001438 <tm1638_clear>
	printk("E\n");
 8001548:	480e      	ldr	r0, [pc, #56]	@ (8001584 <tm1638_init+0x120>)
 800154a:	f006 fdd2 	bl	80080f2 <printk>
	tm1638_set_brightness(4);
 800154e:	2004      	movs	r0, #4
 8001550:	f7ff ff3c 	bl	80013cc <tm1638_set_brightness>
}
 8001554:	4620      	mov	r0, r4
 8001556:	b005      	add	sp, #20
 8001558:	bd30      	pop	{r4, r5, pc}
 800155a:	2401      	movs	r4, #1
 800155c:	e7a3      	b.n	80014a6 <tm1638_init+0x42>
		return -ENODEV;
 800155e:	f06f 0412 	mvn.w	r4, #18
 8001562:	e7f7      	b.n	8001554 <tm1638_init+0xf0>
		return -EIO;
 8001564:	f06f 0404 	mvn.w	r4, #4
 8001568:	e7f4      	b.n	8001554 <tm1638_init+0xf0>
 800156a:	bf00      	nop
 800156c:	20000778 	.word	0x20000778
 8001570:	cccccccd 	.word	0xcccccccd
 8001574:	0800ac7c 	.word	0x0800ac7c
 8001578:	0800ac80 	.word	0x0800ac80
 800157c:	0800ac84 	.word	0x0800ac84
 8001580:	0800ac88 	.word	0x0800ac88
 8001584:	0800ac8c 	.word	0x0800ac8c

08001588 <tm1638_clear_digits>:

int tm1638_clear_digits(void)
{
	if (!tm.initialized) {
 8001588:	4b0a      	ldr	r3, [pc, #40]	@ (80015b4 <tm1638_clear_digits+0x2c>)
 800158a:	7e1b      	ldrb	r3, [r3, #24]
 800158c:	b113      	cbz	r3, 8001594 <tm1638_clear_digits+0xc>
{
 800158e:	b510      	push	{r4, lr}
		return -EIO;
	}
	for (uint8_t pos = 0; pos < 8; pos++) {
 8001590:	2400      	movs	r4, #0
 8001592:	e00a      	b.n	80015aa <tm1638_clear_digits+0x22>
		return -EIO;
 8001594:	f06f 0004 	mvn.w	r0, #4
		write_at(pos * 2, 0x00);
	}
	return 0;
}
 8001598:	4770      	bx	lr
		write_at(pos * 2, 0x00);
 800159a:	0060      	lsls	r0, r4, #1
 800159c:	2100      	movs	r1, #0
 800159e:	f000 00fe 	and.w	r0, r0, #254	@ 0xfe
 80015a2:	f7ff fe73 	bl	800128c <write_at>
	for (uint8_t pos = 0; pos < 8; pos++) {
 80015a6:	3401      	adds	r4, #1
 80015a8:	b2e4      	uxtb	r4, r4
 80015aa:	2c07      	cmp	r4, #7
 80015ac:	d9f5      	bls.n	800159a <tm1638_clear_digits+0x12>
	return 0;
 80015ae:	2000      	movs	r0, #0
}
 80015b0:	bd10      	pop	{r4, pc}
 80015b2:	bf00      	nop
 80015b4:	20000778 	.word	0x20000778

080015b8 <tm1638_display>:
	if (!tm.initialized) {
 80015b8:	4b19      	ldr	r3, [pc, #100]	@ (8001620 <tm1638_display+0x68>)
 80015ba:	7e1b      	ldrb	r3, [r3, #24]
 80015bc:	b353      	cbz	r3, 8001614 <tm1638_display+0x5c>
{
 80015be:	b570      	push	{r4, r5, r6, lr}
	if (value < 0 || value > TM1638_MAX_VALUE) {
 80015c0:	4604      	mov	r4, r0
 80015c2:	4b18      	ldr	r3, [pc, #96]	@ (8001624 <tm1638_display+0x6c>)
 80015c4:	4298      	cmp	r0, r3
 80015c6:	d823      	bhi.n	8001610 <tm1638_display+0x58>
	tm1638_clear_digits();
 80015c8:	f7ff ffde 	bl	8001588 <tm1638_clear_digits>
	int pos = 7;
 80015cc:	2507      	movs	r5, #7
		tm1638_set_digit(pos, digit_font[v % 10]);
 80015ce:	4b16      	ldr	r3, [pc, #88]	@ (8001628 <tm1638_display+0x70>)
 80015d0:	fba3 2304 	umull	r2, r3, r3, r4
 80015d4:	08db      	lsrs	r3, r3, #3
 80015d6:	461e      	mov	r6, r3
 80015d8:	eb03 0383 	add.w	r3, r3, r3, lsl #2
 80015dc:	eba4 0343 	sub.w	r3, r4, r3, lsl #1
 80015e0:	4a12      	ldr	r2, [pc, #72]	@ (800162c <tm1638_display+0x74>)
 80015e2:	5cd1      	ldrb	r1, [r2, r3]
 80015e4:	4628      	mov	r0, r5
 80015e6:	f7ff ff11 	bl	800140c <tm1638_set_digit>
		v /= 10;
 80015ea:	4623      	mov	r3, r4
 80015ec:	4634      	mov	r4, r6
		pos--;
 80015ee:	3d01      	subs	r5, #1
	} while (v > 0 && pos >= 0);
 80015f0:	2b09      	cmp	r3, #9
 80015f2:	d912      	bls.n	800161a <tm1638_display+0x62>
 80015f4:	2d00      	cmp	r5, #0
 80015f6:	daea      	bge.n	80015ce <tm1638_display+0x16>
	return 0;
 80015f8:	2000      	movs	r0, #0
}
 80015fa:	bd70      	pop	{r4, r5, r6, pc}
			tm1638_set_digit(pos, 0x40);
 80015fc:	2140      	movs	r1, #64	@ 0x40
 80015fe:	4620      	mov	r0, r4
 8001600:	f7ff ff04 	bl	800140c <tm1638_set_digit>
		for (int pos = 0; pos < 8; pos++) {
 8001604:	3401      	adds	r4, #1
 8001606:	2c07      	cmp	r4, #7
 8001608:	ddf8      	ble.n	80015fc <tm1638_display+0x44>
		return -EINVAL;
 800160a:	f06f 0015 	mvn.w	r0, #21
 800160e:	e7f4      	b.n	80015fa <tm1638_display+0x42>
		for (int pos = 0; pos < 8; pos++) {
 8001610:	2400      	movs	r4, #0
 8001612:	e7f8      	b.n	8001606 <tm1638_display+0x4e>
		return -EIO;
 8001614:	f06f 0004 	mvn.w	r0, #4
}
 8001618:	4770      	bx	lr
	return 0;
 800161a:	2000      	movs	r0, #0
 800161c:	e7ed      	b.n	80015fa <tm1638_display+0x42>
 800161e:	bf00      	nop
 8001620:	20000778 	.word	0x20000778
 8001624:	05f5e0ff 	.word	0x05f5e0ff
 8001628:	cccccccd 	.word	0xcccccccd
 800162c:	0800b998 	.word	0x0800b998

08001630 <tm1638_get_button>:
	return 0;
}

int tm1638_get_button(void)
{
	if (!tm.initialized) {
 8001630:	4b2a      	ldr	r3, [pc, #168]	@ (80016dc <tm1638_get_button+0xac>)
 8001632:	7e1b      	ldrb	r3, [r3, #24]
 8001634:	2b00      	cmp	r3, #0
 8001636:	d04c      	beq.n	80016d2 <tm1638_get_button+0xa2>
{
 8001638:	b510      	push	{r4, lr}
		return -EIO;
	}

	uint8_t raw = scan_keys_raw();
 800163a:	f7ff fe85 	bl	8001348 <scan_keys_raw>
 800163e:	4604      	mov	r4, r0
 8001640:	f008 fddb 	bl	800a1fa <z_impl_k_uptime_ticks>
 8001644:	4603      	mov	r3, r0
 8001646:	2000      	movs	r0, #0
 8001648:	185a      	adds	r2, r3, r1
 800164a:	d22f      	bcs.n	80016ac <tm1638_get_button+0x7c>
 800164c:	4402      	add	r2, r0
 800164e:	4824      	ldr	r0, [pc, #144]	@ (80016e0 <tm1638_get_button+0xb0>)
 8001650:	fba0 ce02 	umull	ip, lr, r0, r2
 8001654:	f02e 0c03 	bic.w	ip, lr, #3
 8001658:	eb0c 0c9e 	add.w	ip, ip, lr, lsr #2
 800165c:	eba2 020c 	sub.w	r2, r2, ip
 8001660:	1a9b      	subs	r3, r3, r2
 8001662:	f161 0100 	sbc.w	r1, r1, #0
 8001666:	f04f 32cc 	mov.w	r2, #3435973836	@ 0xcccccccc
 800166a:	fb03 f202 	mul.w	r2, r3, r2
 800166e:	fb00 2201 	mla	r2, r0, r1, r2
 8001672:	fba3 3000 	umull	r3, r0, r3, r0
 8001676:	4402      	add	r2, r0
 8001678:	085b      	lsrs	r3, r3, #1
 800167a:	ea43 73c2 	orr.w	r3, r3, r2, lsl #31
 800167e:	0852      	lsrs	r2, r2, #1
 8001680:	4619      	mov	r1, r3
	int64_t now = k_uptime_get();

	if (raw != tm.keys_raw_prev) {
 8001682:	4816      	ldr	r0, [pc, #88]	@ (80016dc <tm1638_get_button+0xac>)
 8001684:	7e40      	ldrb	r0, [r0, #25]
 8001686:	42a0      	cmp	r0, r4
 8001688:	d012      	beq.n	80016b0 <tm1638_get_button+0x80>
		/* Cambio detectado: reinicia el temporizador de estabilidad.
		 * Todavia NO se acepta como valido -- podria ser rebote.
		 */
		tm.keys_raw_prev = raw;
 800168a:	4914      	ldr	r1, [pc, #80]	@ (80016dc <tm1638_get_button+0xac>)
 800168c:	764c      	strb	r4, [r1, #25]
		tm.keys_change_ts = now;
 800168e:	620b      	str	r3, [r1, #32]
 8001690:	624a      	str	r2, [r1, #36]	@ 0x24
		 * ahora si se acepta como el estado "estable" real.
		 */
		tm.keys_stable = raw;
	}

	if (tm.keys_stable == 0) {
 8001692:	4b12      	ldr	r3, [pc, #72]	@ (80016dc <tm1638_get_button+0xac>)
 8001694:	7e9a      	ldrb	r2, [r3, #26]
 8001696:	b1fa      	cbz	r2, 80016d8 <tm1638_get_button+0xa8>
		return 0;
	}

	/* Varios botones a la vez: se prioriza el de menor numero. */
	for (int i = 0; i < 8; i++) {
 8001698:	2000      	movs	r0, #0
 800169a:	2807      	cmp	r0, #7
 800169c:	dc17      	bgt.n	80016ce <tm1638_get_button+0x9e>
		if (tm.keys_stable & BIT(i)) {
 800169e:	fa22 f300 	lsr.w	r3, r2, r0
 80016a2:	f013 0f01 	tst.w	r3, #1
 80016a6:	d110      	bne.n	80016ca <tm1638_get_button+0x9a>
	for (int i = 0; i < 8; i++) {
 80016a8:	3001      	adds	r0, #1
 80016aa:	e7f6      	b.n	800169a <tm1638_get_button+0x6a>
 80016ac:	2001      	movs	r0, #1
 80016ae:	e7cd      	b.n	800164c <tm1638_get_button+0x1c>
	} else if ((now - tm.keys_change_ts) >= TM1638_DEBOUNCE_MS) {
 80016b0:	480a      	ldr	r0, [pc, #40]	@ (80016dc <tm1638_get_button+0xac>)
 80016b2:	6a03      	ldr	r3, [r0, #32]
 80016b4:	6a40      	ldr	r0, [r0, #36]	@ 0x24
 80016b6:	1ac9      	subs	r1, r1, r3
 80016b8:	eb62 0200 	sbc.w	r2, r2, r0
 80016bc:	291e      	cmp	r1, #30
 80016be:	f172 0200 	sbcs.w	r2, r2, #0
 80016c2:	dbe6      	blt.n	8001692 <tm1638_get_button+0x62>
		tm.keys_stable = raw;
 80016c4:	4b05      	ldr	r3, [pc, #20]	@ (80016dc <tm1638_get_button+0xac>)
 80016c6:	769c      	strb	r4, [r3, #26]
 80016c8:	e7e3      	b.n	8001692 <tm1638_get_button+0x62>
			return i + 1;
 80016ca:	3001      	adds	r0, #1
 80016cc:	e000      	b.n	80016d0 <tm1638_get_button+0xa0>
		}
	}

	return 0;
 80016ce:	2000      	movs	r0, #0
 80016d0:	bd10      	pop	{r4, pc}
		return -EIO;
 80016d2:	f06f 0004 	mvn.w	r0, #4
 80016d6:	4770      	bx	lr
		return 0;
 80016d8:	2000      	movs	r0, #0
 80016da:	e7f9      	b.n	80016d0 <tm1638_get_button+0xa0>
 80016dc:	20000778 	.word	0x20000778
 80016e0:	cccccccd 	.word	0xcccccccd

080016e4 <cbvprintf_package>:
	return cb(str, strl, ctx);
}

int cbvprintf_package(void *packaged, size_t len, uint32_t flags,
		      const char *fmt, va_list ap)
{
 80016e4:	e92d 4ff0 	stmdb	sp!, {r4, r5, r6, r7, r8, r9, sl, fp, lr}
 80016e8:	b091      	sub	sp, #68	@ 0x44
 80016ea:	9205      	str	r2, [sp, #20]
 80016ec:	9303      	str	r3, [sp, #12]
	const char *s;
	bool parsing = false;
	/* Flag indicates that rw strings are stored as array with positions,
	 * instead of appending them to the package.
	 */
	bool rws_pos_en = !!(flags & CBPRINTF_PACKAGE_ADD_RW_STR_POS);
 80016ee:	4613      	mov	r3, r2
 80016f0:	f002 0204 	and.w	r2, r2, #4
 80016f4:	9200      	str	r2, [sp, #0]
	/* Get number of first read only strings present in the string.
	 * There is always at least 1 (fmt) but flags can indicate more, e.g
	 * fixed prefix appended to all strings.
	 */
	int fros_cnt = 1 + Z_CBPRINTF_PACKAGE_FIRST_RO_STR_CNT_GET(flags);
 80016f6:	f3c3 02c2 	ubfx	r2, r3, #3, #3
	bool is_str_arg = false;
	union cbprintf_package_hdr *pkg_hdr = packaged;

	/* Buffer must be aligned at least to size of a pointer. */
	if ((uintptr_t)packaged % sizeof(void *)) {
 80016fa:	f010 0303 	ands.w	r3, r0, #3
 80016fe:	9301      	str	r3, [sp, #4]
 8001700:	f040 821b 	bne.w	8001b3a <cbvprintf_package+0x456>
 8001704:	4607      	mov	r7, r0
 8001706:	4689      	mov	r9, r1
 8001708:	3201      	adds	r2, #1
	 * which is guaranteed to be at least 4 bytes, we just reserve
	 * multiple of pointer size for the above to preserve alignment.
	 *
	 * Refer to union cbprintf_package_hdr for more details.
	 */
	buf += sizeof(*pkg_hdr);
 800170a:	1d04      	adds	r4, r0, #4
	 * When buf0 is NULL we don't store anything.
	 * Instead we count the needed space to store the data.
	 * In this case, incoming len argument indicates the anticipated
	 * buffer "misalignment" offset.
	 */
	if (buf0 == NULL) {
 800170c:	2800      	cmp	r0, #0
 800170e:	d048      	beq.n	80017a2 <cbvprintf_package+0xbe>

	/*
	 * Otherwise we must ensure we can store at least
	 * the pointer to the format string itself.
	 */
	if ((buf0 != NULL) && (BUF_OFFSET + sizeof(char *)) > len) {
 8001710:	2907      	cmp	r1, #7
 8001712:	f240 8215 	bls.w	8001b40 <cbvprintf_package+0x45c>
	 * which is in the middle of the following while() loop. That's the
	 * reason for the post-decrement on fmt as it will be incremented
	 * prior to the next (actually first) round of that loop.
	 */
	s = fmt;
	--fmt;
 8001716:	9b03      	ldr	r3, [sp, #12]
 8001718:	1e5d      	subs	r5, r3, #1
	unsigned int s_ro_cnt = 0; /* number of ro strings */
 800171a:	f8dd b004 	ldr.w	fp, [sp, #4]
 800171e:	f8cd b010 	str.w	fp, [sp, #16]
	unsigned int s_rw_cnt = 0; /* number of rw strings */
 8001722:	f8cd b018 	str.w	fp, [sp, #24]
	bool parsing = false;
 8001726:	2600      	movs	r6, #0
	int arg_idx	      = -1; /* Argument index. Preincremented thus starting from -1.*/
 8001728:	f04f 3aff 	mov.w	sl, #4294967295
	align = VA_STACK_ALIGN(char *);
 800172c:	f04f 0804 	mov.w	r8, #4
 8001730:	f8cd b008 	str.w	fp, [sp, #8]
 8001734:	46c3      	mov	fp, r8

		/* copy va_list data over to our buffer */
		if (is_str_arg) {
			s = va_arg(ap, char *);
process_string:
			if (buf0 != NULL) {
 8001736:	b10f      	cbz	r7, 800173c <cbvprintf_package+0x58>
				*(const char **)buf = s;
 8001738:	9b03      	ldr	r3, [sp, #12]
 800173a:	6023      	str	r3, [r4, #0]
			}

			bool is_ro = (fros_cnt-- > 0) ? true : ptr_in_rodata(s);
 800173c:	1e53      	subs	r3, r2, #1
 800173e:	9307      	str	r3, [sp, #28]
 8001740:	2a00      	cmp	r2, #0
 8001742:	f340 815d 	ble.w	8001a00 <cbvprintf_package+0x31c>
			bool do_ro = !!(flags & CBPRINTF_PACKAGE_ADD_RO_STR_POS);

			if (is_ro && !do_ro) {
 8001746:	9b05      	ldr	r3, [sp, #20]
 8001748:	f013 0202 	ands.w	r2, r3, #2
 800174c:	d026      	beq.n	800179c <cbvprintf_package+0xb8>
			bool is_ro = (fros_cnt-- > 0) ? true : ptr_in_rodata(s);
 800174e:	2001      	movs	r0, #1
				/* nothing to do */
			} else {
				uint32_t s_ptr_idx = BUF_OFFSET / sizeof(int);
 8001750:	1be1      	subs	r1, r4, r7
 8001752:	088b      	lsrs	r3, r1, #2
				 * In the do_ro case we must consider
				 * room for possible STR_POS_RO_FLAG.
				 * Otherwise the index range is 8 bits
				 * and any overflow is caught later.
				 */
				if (do_ro && s_ptr_idx > STR_POS_MASK) {
 8001754:	b11a      	cbz	r2, 800175e <cbvprintf_package+0x7a>
 8001756:	f5b1 7f00 	cmp.w	r1, #512	@ 0x200
 800175a:	f080 81f7 	bcs.w	8001b4c <cbvprintf_package+0x468>
					__ASSERT(false, "String with too many arguments");
					return -EINVAL;
				}

				if (s_idx >= ARRAY_SIZE(str_ptr_pos)) {
 800175e:	9902      	ldr	r1, [sp, #8]
 8001760:	290f      	cmp	r1, #15
 8001762:	f200 81f6 	bhi.w	8001b52 <cbvprintf_package+0x46e>
					__ASSERT(false, "str_ptr_pos[] too small");
					return -EINVAL;
				}

				if (buf0 != NULL) {
 8001766:	2f00      	cmp	r7, #0
 8001768:	f000 815b 	beq.w	8001a22 <cbvprintf_package+0x33e>
					/*
					 * Remember string pointer location.
					 * We will append non-ro strings later.
					 */
					str_ptr_pos[s_idx] = s_ptr_idx;
 800176c:	b2db      	uxtb	r3, r3
 800176e:	f101 0240 	add.w	r2, r1, #64	@ 0x40
 8001772:	446a      	add	r2, sp
 8001774:	f802 3c10 	strb.w	r3, [r2, #-16]
					str_ptr_arg[s_idx] = arg_idx;
 8001778:	f802 ac20 	strb.w	sl, [r2, #-32]
					if (is_ro) {
 800177c:	2800      	cmp	r0, #0
 800177e:	f000 814c 	beq.w	8001a1a <cbvprintf_package+0x336>
						/* flag read-only string. */
						str_ptr_pos[s_idx] |= STR_POS_RO_FLAG;
 8001782:	f063 037f 	orn	r3, r3, #127	@ 0x7f
 8001786:	f101 0240 	add.w	r2, r1, #64	@ 0x40
 800178a:	446a      	add	r2, sp
 800178c:	f802 3c10 	strb.w	r3, [r2, #-16]
						s_ro_cnt++;
 8001790:	9b04      	ldr	r3, [sp, #16]
 8001792:	3301      	adds	r3, #1
 8001794:	9304      	str	r3, [sp, #16]
					 * and size of the pointer position prefix.
					 */
					len += strlen(s) + 1 + 1;
				}

				s_idx++;
 8001796:	9b02      	ldr	r3, [sp, #8]
 8001798:	3301      	adds	r3, #1
 800179a:	9302      	str	r3, [sp, #8]
			}
			buf += sizeof(char *);
 800179c:	3404      	adds	r4, #4

			is_str_arg = false;
 800179e:	2200      	movs	r2, #0
 80017a0:	e03e      	b.n	8001820 <cbvprintf_package+0x13c>
		buf += len % CBPRINTF_PACKAGE_ALIGNMENT;
 80017a2:	f001 0307 	and.w	r3, r1, #7
 80017a6:	441c      	add	r4, r3
		len = CBPRINTF_PACKAGE_ALIGNMENT - (len % CBPRINTF_PACKAGE_ALIGNMENT);
 80017a8:	f1c3 0908 	rsb	r9, r3, #8
	if ((buf0 != NULL) && (BUF_OFFSET + sizeof(char *)) > len) {
 80017ac:	e7b3      	b.n	8001716 <cbvprintf_package+0x32>
				parsing = false;
 80017ae:	2600      	movs	r6, #0
 80017b0:	e035      	b.n	800181e <cbvprintf_package+0x13a>
 80017b2:	2600      	movs	r6, #0
 80017b4:	e033      	b.n	800181e <cbvprintf_package+0x13a>
 80017b6:	2600      	movs	r6, #0
 80017b8:	e031      	b.n	800181e <cbvprintf_package+0x13a>
				align = VA_STACK_ALIGN(intmax_t);
 80017ba:	f04f 0808 	mov.w	r8, #8
				size = sizeof(intmax_t);
 80017be:	46c3      	mov	fp, r8
 80017c0:	e02d      	b.n	800181e <cbvprintf_package+0x13a>
				if (*fmt == '%') {
 80017c2:	2925      	cmp	r1, #37	@ 0x25
 80017c4:	d12b      	bne.n	800181e <cbvprintf_package+0x13a>
					arg_idx++;
 80017c6:	f10a 0a01 	add.w	sl, sl, #1
					parsing = true;
 80017ca:	2601      	movs	r6, #1
					align = VA_STACK_ALIGN(int);
 80017cc:	f04f 0804 	mov.w	r8, #4
					size = sizeof(int);
 80017d0:	46c3      	mov	fp, r8
				continue;
 80017d2:	e024      	b.n	800181e <cbvprintf_package+0x13a>
			switch (*fmt) {
 80017d4:	2947      	cmp	r1, #71	@ 0x47
 80017d6:	d8ec      	bhi.n	80017b2 <cbvprintf_package+0xce>
 80017d8:	292a      	cmp	r1, #42	@ 0x2a
 80017da:	d312      	bcc.n	8001802 <cbvprintf_package+0x11e>
 80017dc:	392a      	subs	r1, #42	@ 0x2a
 80017de:	b2c9      	uxtb	r1, r1
 80017e0:	2001      	movs	r0, #1
 80017e2:	fa00 f101 	lsl.w	r1, r0, r1
 80017e6:	f64f 70da 	movw	r0, #65498	@ 0xffda
 80017ea:	4201      	tst	r1, r0
 80017ec:	d117      	bne.n	800181e <cbvprintf_package+0x13a>
 80017ee:	f011 5f62 	tst.w	r1, #947912704	@ 0x38800000
 80017f2:	f040 80c3 	bne.w	800197c <cbvprintf_package+0x298>
 80017f6:	f011 0f01 	tst.w	r1, #1
 80017fa:	f040 808d 	bne.w	8001918 <cbvprintf_package+0x234>
				parsing = false;
 80017fe:	2600      	movs	r6, #0
 8001800:	e00d      	b.n	800181e <cbvprintf_package+0x13a>
			switch (*fmt) {
 8001802:	2925      	cmp	r1, #37	@ 0x25
 8001804:	d103      	bne.n	800180e <cbvprintf_package+0x12a>
				arg_idx--;
 8001806:	f10a 3aff 	add.w	sl, sl, #4294967295
				parsing = false;
 800180a:	2600      	movs	r6, #0
				continue;
 800180c:	e007      	b.n	800181e <cbvprintf_package+0x13a>
			switch (*fmt) {
 800180e:	d8d2      	bhi.n	80017b6 <cbvprintf_package+0xd2>
 8001810:	2920      	cmp	r1, #32
 8001812:	d004      	beq.n	800181e <cbvprintf_package+0x13a>
 8001814:	2923      	cmp	r1, #35	@ 0x23
 8001816:	d002      	beq.n	800181e <cbvprintf_package+0x13a>
				parsing = false;
 8001818:	2600      	movs	r6, #0
 800181a:	e000      	b.n	800181e <cbvprintf_package+0x13a>
 800181c:	2600      	movs	r6, #0
 800181e:	461d      	mov	r5, r3
			if (*++fmt == '\0') {
 8001820:	1c6b      	adds	r3, r5, #1
 8001822:	7869      	ldrb	r1, [r5, #1]
 8001824:	2900      	cmp	r1, #0
 8001826:	f000 8115 	beq.w	8001a54 <cbvprintf_package+0x370>
			if (!parsing) {
 800182a:	2e00      	cmp	r6, #0
 800182c:	d0c9      	beq.n	80017c2 <cbvprintf_package+0xde>
			switch (*fmt) {
 800182e:	297a      	cmp	r1, #122	@ 0x7a
 8001830:	d8bd      	bhi.n	80017ae <cbvprintf_package+0xca>
 8001832:	294c      	cmp	r1, #76	@ 0x4c
 8001834:	d3ce      	bcc.n	80017d4 <cbvprintf_package+0xf0>
 8001836:	394c      	subs	r1, #76	@ 0x4c
 8001838:	292e      	cmp	r1, #46	@ 0x2e
 800183a:	d8ef      	bhi.n	800181c <cbvprintf_package+0x138>
 800183c:	a001      	add	r0, pc, #4	@ (adr r0, 8001844 <cbvprintf_package+0x160>)
 800183e:	f850 f021 	ldr.w	pc, [r0, r1, lsl #2]
 8001842:	bf00      	nop
 8001844:	0800181f 	.word	0x0800181f
 8001848:	0800181d 	.word	0x0800181d
 800184c:	0800181d 	.word	0x0800181d
 8001850:	0800181d 	.word	0x0800181d
 8001854:	0800181d 	.word	0x0800181d
 8001858:	0800181d 	.word	0x0800181d
 800185c:	0800181d 	.word	0x0800181d
 8001860:	0800181d 	.word	0x0800181d
 8001864:	0800181d 	.word	0x0800181d
 8001868:	0800181d 	.word	0x0800181d
 800186c:	0800181d 	.word	0x0800181d
 8001870:	0800181d 	.word	0x0800181d
 8001874:	08001911 	.word	0x08001911
 8001878:	0800181d 	.word	0x0800181d
 800187c:	0800181d 	.word	0x0800181d
 8001880:	0800181d 	.word	0x0800181d
 8001884:	0800181d 	.word	0x0800181d
 8001888:	0800181d 	.word	0x0800181d
 800188c:	0800181d 	.word	0x0800181d
 8001890:	0800181d 	.word	0x0800181d
 8001894:	0800181d 	.word	0x0800181d
 8001898:	0800197d 	.word	0x0800197d
 800189c:	0800181d 	.word	0x0800181d
 80018a0:	08001911 	.word	0x08001911
 80018a4:	08001911 	.word	0x08001911
 80018a8:	0800197d 	.word	0x0800197d
 80018ac:	0800197d 	.word	0x0800197d
 80018b0:	0800197d 	.word	0x0800197d
 80018b4:	0800181f 	.word	0x0800181f
 80018b8:	08001911 	.word	0x08001911
 80018bc:	080017bb 	.word	0x080017bb
 80018c0:	0800181d 	.word	0x0800181d
 80018c4:	0800181f 	.word	0x0800181f
 80018c8:	0800181d 	.word	0x0800181d
 80018cc:	080019db 	.word	0x080019db
 80018d0:	08001911 	.word	0x08001911
 80018d4:	080019db 	.word	0x080019db
 80018d8:	0800181d 	.word	0x0800181d
 80018dc:	0800181d 	.word	0x0800181d
 80018e0:	080019e5 	.word	0x080019e5
 80018e4:	08001909 	.word	0x08001909
 80018e8:	08001911 	.word	0x08001911
 80018ec:	0800181d 	.word	0x0800181d
 80018f0:	0800181d 	.word	0x0800181d
 80018f4:	08001911 	.word	0x08001911
 80018f8:	0800181d 	.word	0x0800181d
 80018fc:	08001901 	.word	0x08001901
				align = VA_STACK_ALIGN(size_t);
 8001900:	f04f 0804 	mov.w	r8, #4
				size = sizeof(size_t);
 8001904:	46c3      	mov	fp, r8
				continue;
 8001906:	e78a      	b.n	800181e <cbvprintf_package+0x13a>
				align = VA_STACK_ALIGN(ptrdiff_t);
 8001908:	f04f 0804 	mov.w	r8, #4
				size = sizeof(ptrdiff_t);
 800190c:	46c3      	mov	fp, r8
				continue;
 800190e:	e786      	b.n	800181e <cbvprintf_package+0x13a>
				if (fmt[-1] == 'l') {
 8001910:	7829      	ldrb	r1, [r5, #0]
 8001912:	296c      	cmp	r1, #108	@ 0x6c
 8001914:	d024      	beq.n	8001960 <cbvprintf_package+0x27c>
				parsing = false;
 8001916:	2600      	movs	r6, #0
		buf = ROUND_UP(buf, align);
 8001918:	4444      	add	r4, r8
 800191a:	3c01      	subs	r4, #1
 800191c:	fbb4 f4f8 	udiv	r4, r4, r8
 8001920:	fb08 f404 	mul.w	r4, r8, r4
		if ((buf0 != NULL) && (BUF_OFFSET + size) > len) {
 8001924:	b127      	cbz	r7, 8001930 <cbvprintf_package+0x24c>
 8001926:	1be1      	subs	r1, r4, r7
 8001928:	4459      	add	r1, fp
 800192a:	4549      	cmp	r1, r9
 800192c:	f200 810b 	bhi.w	8001b46 <cbvprintf_package+0x462>
		if (is_str_arg) {
 8001930:	2a00      	cmp	r2, #0
 8001932:	d15d      	bne.n	80019f0 <cbvprintf_package+0x30c>
		} else if (size == sizeof(int)) {
 8001934:	f1bb 0f04 	cmp.w	fp, #4
 8001938:	f000 8084 	beq.w	8001a44 <cbvprintf_package+0x360>

			if (buf0 != NULL) {
				*(long *)buf = v;
			}
			buf += sizeof(long);
		} else if (size == sizeof(long long)) {
 800193c:	f1bb 0f08 	cmp.w	fp, #8
 8001940:	f040 810a 	bne.w	8001b58 <cbvprintf_package+0x474>
			long long v = va_arg(ap, long long);
 8001944:	991a      	ldr	r1, [sp, #104]	@ 0x68
 8001946:	3107      	adds	r1, #7
 8001948:	f021 0107 	bic.w	r1, r1, #7
 800194c:	f101 0008 	add.w	r0, r1, #8
 8001950:	901a      	str	r0, [sp, #104]	@ 0x68
 8001952:	e9d1 0100 	ldrd	r0, r1, [r1]

			if (buf0 != NULL) {
 8001956:	b10f      	cbz	r7, 800195c <cbvprintf_package+0x278>
				if (Z_CBPRINTF_VA_STACK_LL_DBL_MEMCPY) {
					memcpy((void *)buf, (uint8_t *)&v, sizeof(long long));
				} else {
					*(long long *)buf = v;
 8001958:	e9c4 0100 	strd	r0, r1, [r4]
				}
			}
			buf += sizeof(long long);
 800195c:	3408      	adds	r4, #8
 800195e:	e75e      	b.n	800181e <cbvprintf_package+0x13a>
					if (fmt[-2] == 'l') {
 8001960:	f813 1c02 	ldrb.w	r1, [r3, #-2]
 8001964:	296c      	cmp	r1, #108	@ 0x6c
 8001966:	d004      	beq.n	8001972 <cbvprintf_package+0x28e>
				parsing = false;
 8001968:	2600      	movs	r6, #0
						align = VA_STACK_ALIGN(long);
 800196a:	f04f 0804 	mov.w	r8, #4
						size = sizeof(long);
 800196e:	46c3      	mov	fp, r8
 8001970:	e7d2      	b.n	8001918 <cbvprintf_package+0x234>
				parsing = false;
 8001972:	2600      	movs	r6, #0
						align = VA_STACK_ALIGN(long long);
 8001974:	f04f 0808 	mov.w	r8, #8
						size = sizeof(long long);
 8001978:	46c3      	mov	fp, r8
 800197a:	e7cd      	b.n	8001918 <cbvprintf_package+0x234>
				if (fmt[-1] == 'L') {
 800197c:	7829      	ldrb	r1, [r5, #0]
 800197e:	294c      	cmp	r1, #76	@ 0x4c
 8001980:	d01b      	beq.n	80019ba <cbvprintf_package+0x2d6>
					v.d = va_arg(ap, double);
 8001982:	991a      	ldr	r1, [sp, #104]	@ 0x68
 8001984:	3107      	adds	r1, #7
 8001986:	f021 0107 	bic.w	r1, r1, #7
 800198a:	f101 0008 	add.w	r0, r1, #8
 800198e:	901a      	str	r0, [sp, #104]	@ 0x68
 8001990:	e9d1 0100 	ldrd	r0, r1, [r1]
				buf = ROUND_UP(buf, align);
 8001994:	3407      	adds	r4, #7
 8001996:	f024 0407 	bic.w	r4, r4, #7
				if (buf0 != NULL) {
 800199a:	b147      	cbz	r7, 80019ae <cbvprintf_package+0x2ca>
					if (BUF_OFFSET + size > len) {
 800199c:	1be6      	subs	r6, r4, r7
 800199e:	3608      	adds	r6, #8
 80019a0:	454e      	cmp	r6, r9
 80019a2:	d814      	bhi.n	80019ce <cbvprintf_package+0x2ea>
					} else if (fmt[-1] == 'L') {
 80019a4:	782d      	ldrb	r5, [r5, #0]
 80019a6:	2d4c      	cmp	r5, #76	@ 0x4c
 80019a8:	d014      	beq.n	80019d4 <cbvprintf_package+0x2f0>
						*(double *)buf = v.d;
 80019aa:	e9c4 0100 	strd	r0, r1, [r4]
				buf += size;
 80019ae:	3408      	adds	r4, #8
				parsing = false;
 80019b0:	2600      	movs	r6, #0
				continue;
 80019b2:	f04f 0808 	mov.w	r8, #8
 80019b6:	46c3      	mov	fp, r8
 80019b8:	e731      	b.n	800181e <cbvprintf_package+0x13a>
					v.ld = va_arg(ap, long double);
 80019ba:	991a      	ldr	r1, [sp, #104]	@ 0x68
 80019bc:	3107      	adds	r1, #7
 80019be:	f021 0107 	bic.w	r1, r1, #7
 80019c2:	f101 0008 	add.w	r0, r1, #8
 80019c6:	901a      	str	r0, [sp, #104]	@ 0x68
 80019c8:	e9d1 0100 	ldrd	r0, r1, [r1]
					size = sizeof(long double);
 80019cc:	e7e2      	b.n	8001994 <cbvprintf_package+0x2b0>
						return -ENOSPC;
 80019ce:	f06f 001b 	mvn.w	r0, #27
 80019d2:	e0af      	b.n	8001b34 <cbvprintf_package+0x450>
						*(long double *)buf = v.ld;
 80019d4:	e9c4 0100 	strd	r0, r1, [r4]
 80019d8:	e7e9      	b.n	80019ae <cbvprintf_package+0x2ca>
				parsing = false;
 80019da:	2600      	movs	r6, #0
				align = VA_STACK_ALIGN(void *);
 80019dc:	f04f 0804 	mov.w	r8, #4
				size = sizeof(void *);
 80019e0:	46c3      	mov	fp, r8
 80019e2:	e799      	b.n	8001918 <cbvprintf_package+0x234>
				is_str_arg = true;
 80019e4:	4632      	mov	r2, r6
				parsing = false;
 80019e6:	2600      	movs	r6, #0
				align = VA_STACK_ALIGN(void *);
 80019e8:	f04f 0804 	mov.w	r8, #4
				size = sizeof(void *);
 80019ec:	46c3      	mov	fp, r8
 80019ee:	e793      	b.n	8001918 <cbvprintf_package+0x234>
			s = va_arg(ap, char *);
 80019f0:	9a1a      	ldr	r2, [sp, #104]	@ 0x68
 80019f2:	1d11      	adds	r1, r2, #4
 80019f4:	911a      	str	r1, [sp, #104]	@ 0x68
 80019f6:	6812      	ldr	r2, [r2, #0]
 80019f8:	9203      	str	r2, [sp, #12]
			bool is_ro = (fros_cnt-- > 0) ? true : ptr_in_rodata(s);
 80019fa:	9a07      	ldr	r2, [sp, #28]
			if (*++fmt == '\0') {
 80019fc:	461d      	mov	r5, r3
 80019fe:	e69a      	b.n	8001736 <cbvprintf_package+0x52>
#else
#define RO_START 0
#define RO_END   0
#endif

	return (((const char *)addr >= (const char *)RO_START) &&
 8001a00:	4b5b      	ldr	r3, [pc, #364]	@ (8001b70 <cbvprintf_package+0x48c>)
 8001a02:	9a03      	ldr	r2, [sp, #12]
 8001a04:	429a      	cmp	r2, r3
 8001a06:	d303      	bcc.n	8001a10 <cbvprintf_package+0x32c>
 8001a08:	4b5a      	ldr	r3, [pc, #360]	@ (8001b74 <cbvprintf_package+0x490>)
 8001a0a:	429a      	cmp	r2, r3
 8001a0c:	f4ff ae9b 	bcc.w	8001746 <cbvprintf_package+0x62>
			bool do_ro = !!(flags & CBPRINTF_PACKAGE_ADD_RO_STR_POS);
 8001a10:	9b05      	ldr	r3, [sp, #20]
 8001a12:	f003 0202 	and.w	r2, r3, #2
			bool is_ro = (fros_cnt-- > 0) ? true : ptr_in_rodata(s);
 8001a16:	2000      	movs	r0, #0
 8001a18:	e69a      	b.n	8001750 <cbvprintf_package+0x6c>
						s_rw_cnt++;
 8001a1a:	9b06      	ldr	r3, [sp, #24]
 8001a1c:	3301      	adds	r3, #1
 8001a1e:	9306      	str	r3, [sp, #24]
 8001a20:	e6b9      	b.n	8001796 <cbvprintf_package+0xb2>
				} else if (is_ro) {
 8001a22:	b110      	cbz	r0, 8001a2a <cbvprintf_package+0x346>
					len += 1;
 8001a24:	f109 0901 	add.w	r9, r9, #1
 8001a28:	e6b5      	b.n	8001796 <cbvprintf_package+0xb2>
				} else if (rws_pos_en) {
 8001a2a:	9b00      	ldr	r3, [sp, #0]
 8001a2c:	b113      	cbz	r3, 8001a34 <cbvprintf_package+0x350>
					len += 2;
 8001a2e:	f109 0902 	add.w	r9, r9, #2
 8001a32:	e6b0      	b.n	8001796 <cbvprintf_package+0xb2>
					len += strlen(s) + 1 + 1;
 8001a34:	9803      	ldr	r0, [sp, #12]
 8001a36:	f7fe fba3 	bl	8000180 <strlen>
 8001a3a:	eb09 0300 	add.w	r3, r9, r0
 8001a3e:	f103 0902 	add.w	r9, r3, #2
 8001a42:	e6a8      	b.n	8001796 <cbvprintf_package+0xb2>
			int v = va_arg(ap, int);
 8001a44:	991a      	ldr	r1, [sp, #104]	@ 0x68
 8001a46:	1d08      	adds	r0, r1, #4
 8001a48:	901a      	str	r0, [sp, #104]	@ 0x68
 8001a4a:	6809      	ldr	r1, [r1, #0]
			if (buf0 != NULL) {
 8001a4c:	b107      	cbz	r7, 8001a50 <cbvprintf_package+0x36c>
				*(int *)buf = v;
 8001a4e:	6021      	str	r1, [r4, #0]
			buf += sizeof(int);
 8001a50:	3404      	adds	r4, #4
 8001a52:	e6e4      	b.n	800181e <cbvprintf_package+0x13a>
	 * We remember the size of the argument list as a multiple of
	 * sizeof(int) and limit it to a 8-bit field. That means 1020 bytes
	 * worth of va_list, or about 127 arguments on a 64-bit system
	 * (twice that on 32-bit systems). That ought to be good enough.
	 */
	if ((BUF_OFFSET / sizeof(int)) > 255) {
 8001a54:	f8dd b008 	ldr.w	fp, [sp, #8]
 8001a58:	1be3      	subs	r3, r4, r7
 8001a5a:	f5b3 6f80 	cmp.w	r3, #1024	@ 0x400
 8001a5e:	d27e      	bcs.n	8001b5e <cbvprintf_package+0x47a>

	/*
	 * If all we wanted was to count required buffer size
	 * then we have it now.
	 */
	if (buf0 == NULL) {
 8001a60:	b187      	cbz	r7, 8001a84 <cbvprintf_package+0x3a0>
		return BUF_OFFSET + len - CBPRINTF_PACKAGE_ALIGNMENT;
	}

	/* Clear our buffer header. We made room for it initially. */
	*(char **)buf0 = NULL;
 8001a62:	2200      	movs	r2, #0
 8001a64:	603a      	str	r2, [r7, #0]

	/* Record end of argument list. */
	pkg_hdr->desc.len = BUF_OFFSET / sizeof(int);
 8001a66:	089b      	lsrs	r3, r3, #2
 8001a68:	703b      	strb	r3, [r7, #0]

	if (rws_pos_en) {
 8001a6a:	9b00      	ldr	r3, [sp, #0]
 8001a6c:	b173      	cbz	r3, 8001a8c <cbvprintf_package+0x3a8>
		/* Strings are appended, update location counter. */
		pkg_hdr->desc.str_cnt = 0;
		pkg_hdr->desc.rw_str_cnt = s_rw_cnt;
 8001a6e:	9b06      	ldr	r3, [sp, #24]
 8001a70:	70fb      	strb	r3, [r7, #3]
		/* Strings are appended, update append counter. */
		pkg_hdr->desc.str_cnt = s_rw_cnt;
		pkg_hdr->desc.rw_str_cnt = 0;
	}

	pkg_hdr->desc.ro_str_cnt = s_ro_cnt;
 8001a72:	9b04      	ldr	r3, [sp, #16]
 8001a74:	70bb      	strb	r3, [r7, #2]
#ifdef CONFIG_CBPRINTF_PACKAGE_HEADER_STORE_CREATION_FLAGS
	pkg_hdr->desc.pkg_flags = flags;
#endif

	/* Store strings pointer locations of read only strings. */
	if (s_ro_cnt != 0U) {
 8001a76:	bb0b      	cbnz	r3, 8001abc <cbvprintf_package+0x3d8>
		if (s_ro_cnt && str_ptr_pos[i] & STR_POS_RO_FLAG) {
			continue;
		}

		if (rws_pos_en) {
			size = 0;
 8001a78:	9d01      	ldr	r5, [sp, #4]
 8001a7a:	f8dd a010 	ldr.w	sl, [sp, #16]
 8001a7e:	f8dd 800c 	ldr.w	r8, [sp, #12]
 8001a82:	e03a      	b.n	8001afa <cbvprintf_package+0x416>
		return BUF_OFFSET + len - CBPRINTF_PACKAGE_ALIGNMENT;
 8001a84:	444b      	add	r3, r9
 8001a86:	f1a3 0008 	sub.w	r0, r3, #8
 8001a8a:	e053      	b.n	8001b34 <cbvprintf_package+0x450>
		pkg_hdr->desc.str_cnt = s_rw_cnt;
 8001a8c:	9b06      	ldr	r3, [sp, #24]
 8001a8e:	707b      	strb	r3, [r7, #1]
		pkg_hdr->desc.rw_str_cnt = 0;
 8001a90:	e7ef      	b.n	8001a72 <cbvprintf_package+0x38e>
		for (i = 0; i < s_idx; i++) {
 8001a92:	3301      	adds	r3, #1
 8001a94:	459b      	cmp	fp, r3
 8001a96:	d9ef      	bls.n	8001a78 <cbvprintf_package+0x394>
			if (!(str_ptr_pos[i] & STR_POS_RO_FLAG)) {
 8001a98:	f103 0240 	add.w	r2, r3, #64	@ 0x40
 8001a9c:	446a      	add	r2, sp
 8001a9e:	f812 1c10 	ldrb.w	r1, [r2, #-16]
 8001aa2:	f912 2c10 	ldrsb.w	r2, [r2, #-16]
 8001aa6:	2a00      	cmp	r2, #0
 8001aa8:	daf3      	bge.n	8001a92 <cbvprintf_package+0x3ae>
			uint8_t pos = str_ptr_pos[i] & STR_POS_MASK;
 8001aaa:	f001 017f 	and.w	r1, r1, #127	@ 0x7f
			if ((BUF_OFFSET + 1) > len) {
 8001aae:	1be2      	subs	r2, r4, r7
 8001ab0:	3201      	adds	r2, #1
 8001ab2:	454a      	cmp	r2, r9
 8001ab4:	d856      	bhi.n	8001b64 <cbvprintf_package+0x480>
			*(uint8_t *)buf = pos;
 8001ab6:	f804 1b01 	strb.w	r1, [r4], #1
			++buf;
 8001aba:	e7ea      	b.n	8001a92 <cbvprintf_package+0x3ae>
		for (i = 0; i < s_idx; i++) {
 8001abc:	9b01      	ldr	r3, [sp, #4]
 8001abe:	e7e9      	b.n	8001a94 <cbvprintf_package+0x3b0>
		if (rws_pos_en) {
 8001ac0:	9b00      	ldr	r3, [sp, #0]
 8001ac2:	b33b      	cbz	r3, 8001b14 <cbvprintf_package+0x430>
			*(uint8_t *)buf = str_ptr_arg[i];
 8001ac4:	f105 0340 	add.w	r3, r5, #64	@ 0x40
 8001ac8:	446b      	add	r3, sp
 8001aca:	f813 3c20 	ldrb.w	r3, [r3, #-32]
 8001ace:	f804 3b01 	strb.w	r3, [r4], #1
			size = 0;
 8001ad2:	9e01      	ldr	r6, [sp, #4]
			/* find the string length including terminating '\0' */
			size = strlen(s) + 1;
		}

		/* make sure it fits */
		if ((BUF_OFFSET + 1 + size) > len) {
 8001ad4:	1be3      	subs	r3, r4, r7
 8001ad6:	4433      	add	r3, r6
 8001ad8:	3301      	adds	r3, #1
 8001ada:	454b      	cmp	r3, r9
 8001adc:	d845      	bhi.n	8001b6a <cbvprintf_package+0x486>
			return -ENOSPC;
		}
		/* store the pointer position prefix */
		*(uint8_t *)buf = str_ptr_pos[i];
 8001ade:	f105 0340 	add.w	r3, r5, #64	@ 0x40
 8001ae2:	446b      	add	r3, sp
 8001ae4:	f813 3c10 	ldrb.w	r3, [r3, #-16]
 8001ae8:	f804 3b01 	strb.w	r3, [r4], #1
		++buf;
		/* copy the string with its terminating '\0' */
		memcpy((void *)buf, (uint8_t *)s, size);
 8001aec:	4632      	mov	r2, r6
 8001aee:	4641      	mov	r1, r8
 8001af0:	4620      	mov	r0, r4
 8001af2:	f7fe fbb1 	bl	8000258 <__aeabi_memcpy>
		buf += size;
 8001af6:	4434      	add	r4, r6
	for (i = 0; i < s_idx; i++) {
 8001af8:	3501      	adds	r5, #1
 8001afa:	45ab      	cmp	fp, r5
 8001afc:	d919      	bls.n	8001b32 <cbvprintf_package+0x44e>
		if (s_ro_cnt && str_ptr_pos[i] & STR_POS_RO_FLAG) {
 8001afe:	f1ba 0f00 	cmp.w	sl, #0
 8001b02:	d0dd      	beq.n	8001ac0 <cbvprintf_package+0x3dc>
 8001b04:	f105 0340 	add.w	r3, r5, #64	@ 0x40
 8001b08:	446b      	add	r3, sp
 8001b0a:	f913 3c10 	ldrsb.w	r3, [r3, #-16]
 8001b0e:	2b00      	cmp	r3, #0
 8001b10:	dad6      	bge.n	8001ac0 <cbvprintf_package+0x3dc>
 8001b12:	e7f1      	b.n	8001af8 <cbvprintf_package+0x414>
			s = *(char **)(buf0 + str_ptr_pos[i] * sizeof(int));
 8001b14:	f105 0340 	add.w	r3, r5, #64	@ 0x40
 8001b18:	446b      	add	r3, sp
 8001b1a:	f813 3c10 	ldrb.w	r3, [r3, #-16]
 8001b1e:	f857 8023 	ldr.w	r8, [r7, r3, lsl #2]
			*(char **)(buf0 + str_ptr_pos[i] * sizeof(int)) = NULL;
 8001b22:	2200      	movs	r2, #0
 8001b24:	f847 2023 	str.w	r2, [r7, r3, lsl #2]
			size = strlen(s) + 1;
 8001b28:	4640      	mov	r0, r8
 8001b2a:	f7fe fb29 	bl	8000180 <strlen>
 8001b2e:	1c46      	adds	r6, r0, #1
 8001b30:	e7d0      	b.n	8001ad4 <cbvprintf_package+0x3f0>
	/*
	 * TODO: remove pointers for appended strings since they're useless.
	 * TODO: explore leveraging same mechanism to remove alignment padding
	 */

	return BUF_OFFSET;
 8001b32:	1be0      	subs	r0, r4, r7

#undef BUF_OFFSET
#undef STR_POS_RO_FLAG
#undef STR_POS_MASK
}
 8001b34:	b011      	add	sp, #68	@ 0x44
 8001b36:	e8bd 8ff0 	ldmia.w	sp!, {r4, r5, r6, r7, r8, r9, sl, fp, pc}
		return -EFAULT;
 8001b3a:	f06f 000d 	mvn.w	r0, #13
 8001b3e:	e7f9      	b.n	8001b34 <cbvprintf_package+0x450>
		return -ENOSPC;
 8001b40:	f06f 001b 	mvn.w	r0, #27
 8001b44:	e7f6      	b.n	8001b34 <cbvprintf_package+0x450>
			return -ENOSPC;
 8001b46:	f06f 001b 	mvn.w	r0, #27
 8001b4a:	e7f3      	b.n	8001b34 <cbvprintf_package+0x450>
					return -EINVAL;
 8001b4c:	f06f 0015 	mvn.w	r0, #21
 8001b50:	e7f0      	b.n	8001b34 <cbvprintf_package+0x450>
					return -EINVAL;
 8001b52:	f06f 0015 	mvn.w	r0, #21
 8001b56:	e7ed      	b.n	8001b34 <cbvprintf_package+0x450>
			return -EINVAL;
 8001b58:	f06f 0015 	mvn.w	r0, #21
 8001b5c:	e7ea      	b.n	8001b34 <cbvprintf_package+0x450>
		return -EINVAL;
 8001b5e:	f06f 0015 	mvn.w	r0, #21
 8001b62:	e7e7      	b.n	8001b34 <cbvprintf_package+0x450>
				return -ENOSPC;
 8001b64:	f06f 001b 	mvn.w	r0, #27
 8001b68:	e7e4      	b.n	8001b34 <cbvprintf_package+0x450>
			return -ENOSPC;
 8001b6a:	f06f 001b 	mvn.w	r0, #27
 8001b6e:	e7e1      	b.n	8001b34 <cbvprintf_package+0x450>
 8001b70:	0800a3fc 	.word	0x0800a3fc
 8001b74:	0800bf0c 	.word	0x0800bf0c

08001b78 <cbprintf_package_convert>:
			     cbprintf_convert_cb cb,
			     void *ctx,
			     uint32_t flags,
			     uint16_t *strl,
			     size_t strl_len)
{
 8001b78:	e92d 4ff0 	stmdb	sp!, {r4, r5, r6, r7, r8, r9, sl, fp, lr}
 8001b7c:	b097      	sub	sp, #92	@ 0x5c
 8001b7e:	af00      	add	r7, sp, #0
 8001b80:	4683      	mov	fp, r0
 8001b82:	61ba      	str	r2, [r7, #24]
 8001b84:	617b      	str	r3, [r7, #20]
	__ASSERT_NO_MSG(in_packaged != NULL);

	uint8_t *buf = in_packaged;
	uint32_t *buf32 = in_packaged;
	unsigned int args_size, ros_nbr, rws_nbr;
	bool fmt_present = flags & CBPRINTF_PACKAGE_CONVERT_PTR_CHECK ? true : false;
 8001b86:	f8d7 3080 	ldr.w	r3, [r7, #128]	@ 0x80
 8001b8a:	f3c3 03c0 	ubfx	r3, r3, #3, #1
 8001b8e:	623b      	str	r3, [r7, #32]
	bool rw_cpy;
	bool ro_cpy;
	struct cbprintf_package_desc *in_desc = in_packaged;

	in_len = in_len != 0 ? in_len : get_package_len(in_packaged);
 8001b90:	60f9      	str	r1, [r7, #12]
 8001b92:	b911      	cbnz	r1, 8001b9a <cbprintf_package_convert+0x22>
 8001b94:	f006 fa25 	bl	8007fe2 <get_package_len>
 8001b98:	60f8      	str	r0, [r7, #12]

	/* Get number of RO string indexes in the package and check if copying
	 * includes appending those strings.
	 */
	ros_nbr = in_desc->ro_str_cnt;
 8001b9a:	f89b 6002 	ldrb.w	r6, [fp, #2]
 8001b9e:	46b1      	mov	r9, r6
	ro_cpy = ros_nbr &&
 8001ba0:	b136      	cbz	r6, 8001bb0 <cbprintf_package_convert+0x38>
 8001ba2:	f8d7 3080 	ldr.w	r3, [r7, #128]	@ 0x80
 8001ba6:	f013 0f01 	tst.w	r3, #1
 8001baa:	d129      	bne.n	8001c00 <cbprintf_package_convert+0x88>
 8001bac:	2300      	movs	r3, #0
 8001bae:	e000      	b.n	8001bb2 <cbprintf_package_convert+0x3a>
 8001bb0:	2300      	movs	r3, #0
		(flags & CBPRINTF_PACKAGE_CONVERT_RO_STR) == CBPRINTF_PACKAGE_CONVERT_RO_STR;

	/* Get number of RW string indexes in the package and check if copying
	 * includes appending those strings.
	 */
	rws_nbr = in_desc->rw_str_cnt;
 8001bb2:	f89b 2003 	ldrb.w	r2, [fp, #3]
 8001bb6:	627a      	str	r2, [r7, #36]	@ 0x24
	rw_cpy = rws_nbr > 0 &&
 8001bb8:	b122      	cbz	r2, 8001bc4 <cbprintf_package_convert+0x4c>
 8001bba:	f8d7 2080 	ldr.w	r2, [r7, #128]	@ 0x80
 8001bbe:	f012 0f02 	tst.w	r2, #2
 8001bc2:	d100      	bne.n	8001bc6 <cbprintf_package_convert+0x4e>

	/* If flags are not set or appending request without rw string indexes
	 * present is chosen, just do a simple copy (or length calculation).
	 * Assuming that it is the most common case.
	 */
	if (!rw_cpy && !ro_cpy) {
 8001bc4:	b1f3      	cbz	r3, 8001c04 <cbprintf_package_convert+0x8c>

	/* If we got here, it means that coping will be more complex and will be
	 * done with strings appending.
	 * Retrieve the size of the arg list.
	 */
	args_size = in_desc->len * sizeof(int);
 8001bc6:	f89b 5000 	ldrb.w	r5, [fp]
 8001bca:	00aa      	lsls	r2, r5, #2
 8001bcc:	60ba      	str	r2, [r7, #8]
	int out_len;

	/* Pointer to array with string locations. Array starts with read-only
	 * string locations.
	 */
	const char *fmt = *(const char **)(buf + sizeof(void *));
 8001bce:	f8db 2004 	ldr.w	r2, [fp, #4]
 8001bd2:	613a      	str	r2, [r7, #16]
	uint8_t *str_pos = &buf[args_size];
 8001bd4:	eb0b 0585 	add.w	r5, fp, r5, lsl #2
	size_t strl_cnt = 0;

	/* If null destination, just calculate output length. */
	if (cb == NULL) {
 8001bd8:	69ba      	ldr	r2, [r7, #24]
 8001bda:	b1fa      	cbz	r2, 8001c1c <cbprintf_package_convert+0xa4>

	/* If read-only strings shall be appended to the output package copy
	 * their indexes to the local array, otherwise indicate that indexes
	 * shall remain in the output package.
	 */
	if (ro_cpy) {
 8001bdc:	2b00      	cmp	r3, #0
 8001bde:	f040 8105 	bne.w	8001dec <cbprintf_package_convert+0x274>
		scpy_cnt = ros_nbr;
		keep_cnt = 0;
		dst = cpy_str_pos;
	} else if (ros_nbr && flags & CBPRINTF_PACKAGE_CONVERT_KEEP_RO_STR) {
 8001be2:	f1b9 0f00 	cmp.w	r9, #0
 8001be6:	f000 810f 	beq.w	8001e08 <cbprintf_package_convert+0x290>
 8001bea:	f8d7 3080 	ldr.w	r3, [r7, #128]	@ 0x80
 8001bee:	f013 0f04 	tst.w	r3, #4
 8001bf2:	f000 810c 	beq.w	8001e0e <cbprintf_package_convert+0x296>
		scpy_cnt = 0;
		keep_cnt = ros_nbr;
 8001bf6:	61fe      	str	r6, [r7, #28]
		scpy_cnt = 0;
 8001bf8:	2600      	movs	r6, #0
		dst = keep_str_pos;
 8001bfa:	f107 0034 	add.w	r0, r7, #52	@ 0x34
 8001bfe:	e0f9      	b.n	8001df4 <cbprintf_package_convert+0x27c>
	ro_cpy = ros_nbr &&
 8001c00:	2301      	movs	r3, #1
 8001c02:	e7d6      	b.n	8001bb2 <cbprintf_package_convert+0x3a>
		if (cb) {
 8001c04:	69bb      	ldr	r3, [r7, #24]
 8001c06:	b11b      	cbz	r3, 8001c10 <cbprintf_package_convert+0x98>
			cb(in_packaged, in_len, ctx);
 8001c08:	697a      	ldr	r2, [r7, #20]
 8001c0a:	68f9      	ldr	r1, [r7, #12]
 8001c0c:	4658      	mov	r0, fp
 8001c0e:	4798      	blx	r3
		return in_len;
 8001c10:	68fc      	ldr	r4, [r7, #12]

	/* Empty call (can be interpreted as flushing) */
	(void)cb(NULL, 0, ctx);

	return out_len;
}
 8001c12:	4620      	mov	r0, r4
 8001c14:	375c      	adds	r7, #92	@ 0x5c
 8001c16:	46bd      	mov	sp, r7
 8001c18:	e8bd 8ff0 	ldmia.w	sp!, {r4, r5, r6, r7, r8, r9, sl, fp, pc}
		out_len = (int)in_len;
 8001c1c:	68fc      	ldr	r4, [r7, #12]
		if (ro_cpy) {
 8001c1e:	b9e3      	cbnz	r3, 8001c5a <cbprintf_package_convert+0xe2>
			str_pos += ros_nbr;
 8001c20:	444d      	add	r5, r9
	size_t strl_cnt = 0;
 8001c22:	2300      	movs	r3, #0
 8001c24:	617b      	str	r3, [r7, #20]
 8001c26:	e023      	b.n	8001c70 <cbprintf_package_convert+0xf8>
				out_len += len;
 8001c28:	4404      	add	r4, r0
				str_pos++;
 8001c2a:	3501      	adds	r5, #1
			for (unsigned int i = 0; i < ros_nbr; i++) {
 8001c2c:	3601      	adds	r6, #1
 8001c2e:	454e      	cmp	r6, r9
 8001c30:	d21a      	bcs.n	8001c68 <cbprintf_package_convert+0xf0>
				const char *str = *(const char **)&buf32[*str_pos];
 8001c32:	782a      	ldrb	r2, [r5, #0]
				int len = append_string(cb, NULL, str, 0);
 8001c34:	2300      	movs	r3, #0
 8001c36:	f85b 2022 	ldr.w	r2, [fp, r2, lsl #2]
 8001c3a:	4619      	mov	r1, r3
 8001c3c:	69b8      	ldr	r0, [r7, #24]
 8001c3e:	f006 f9e5 	bl	800800c <append_string>
				if (strl && strl_cnt < strl_len) {
 8001c42:	f1ba 0f00 	cmp.w	sl, #0
 8001c46:	d0ef      	beq.n	8001c28 <cbprintf_package_convert+0xb0>
 8001c48:	f8d7 3088 	ldr.w	r3, [r7, #136]	@ 0x88
 8001c4c:	4598      	cmp	r8, r3
 8001c4e:	d2eb      	bcs.n	8001c28 <cbprintf_package_convert+0xb0>
					strl[strl_cnt++] = (uint16_t)len;
 8001c50:	f82a 0018 	strh.w	r0, [sl, r8, lsl #1]
 8001c54:	f108 0801 	add.w	r8, r8, #1
 8001c58:	e7e6      	b.n	8001c28 <cbprintf_package_convert+0xb0>
			for (unsigned int i = 0; i < ros_nbr; i++) {
 8001c5a:	2600      	movs	r6, #0
	size_t strl_cnt = 0;
 8001c5c:	f8c7 801c 	str.w	r8, [r7, #28]
 8001c60:	46b0      	mov	r8, r6
 8001c62:	f8d7 a084 	ldr.w	sl, [r7, #132]	@ 0x84
 8001c66:	e7e2      	b.n	8001c2e <cbprintf_package_convert+0xb6>
 8001c68:	f8c7 8014 	str.w	r8, [r7, #20]
 8001c6c:	f8d7 801c 	ldr.w	r8, [r7, #28]
		bool drop_ro_str_pos = !(flags &
 8001c70:	f8d7 3080 	ldr.w	r3, [r7, #128]	@ 0x80
 8001c74:	f003 0305 	and.w	r3, r3, #5
 8001c78:	60fb      	str	r3, [r7, #12]
		for (unsigned int i = 0; i < rws_nbr; i++) {
 8001c7a:	f04f 0a00 	mov.w	sl, #0
 8001c7e:	46a1      	mov	r9, r4
 8001c80:	f8c7 b01c 	str.w	fp, [r7, #28]
 8001c84:	e09c      	b.n	8001dc0 <cbprintf_package_convert+0x248>
 8001c86:	2500      	movs	r5, #0
			if (IS_ENABLED(CONFIG_CBPRINTF_CONVERT_CHECK_PTR) &&
 8001c88:	6a3b      	ldr	r3, [r7, #32]
 8001c8a:	b97b      	cbnz	r3, 8001cac <cbprintf_package_convert+0x134>
			if (is_ro) {
 8001c8c:	2d00      	cmp	r5, #0
 8001c8e:	d079      	beq.n	8001d84 <cbprintf_package_convert+0x20c>
				if (flags & CBPRINTF_PACKAGE_CONVERT_RO_STR) {
 8001c90:	f8d7 3080 	ldr.w	r3, [r7, #128]	@ 0x80
 8001c94:	f013 0f01 	tst.w	r3, #1
 8001c98:	d179      	bne.n	8001d8e <cbprintf_package_convert+0x216>
					out_len -= drop_ro_str_pos ? 2 : 1;
 8001c9a:	68fb      	ldr	r3, [r7, #12]
 8001c9c:	2b00      	cmp	r3, #0
 8001c9e:	d16f      	bne.n	8001d80 <cbprintf_package_convert+0x208>
 8001ca0:	2302      	movs	r3, #2
 8001ca2:	eba9 0903 	sub.w	r9, r9, r3
 8001ca6:	e088      	b.n	8001dba <cbprintf_package_convert+0x242>
 8001ca8:	2501      	movs	r5, #1
 8001caa:	e7ed      	b.n	8001c88 <cbprintf_package_convert+0x110>
			    fmt_present && is_ptr(fmt, arg_idx)) {
 8001cac:	4659      	mov	r1, fp
 8001cae:	6938      	ldr	r0, [r7, #16]
 8001cb0:	f006 f9f2 	bl	8008098 <is_ptr>
 8001cb4:	2800      	cmp	r0, #0
 8001cb6:	d0e9      	beq.n	8001c8c <cbprintf_package_convert+0x114>
				LOG_WRN("(unsigned) char * used for %%p argument. "
 8001cb8:	466c      	mov	r4, sp
 8001cba:	2300      	movs	r3, #0
 8001cbc:	f887 302c 	strb.w	r3, [r7, #44]	@ 0x2c
 8001cc0:	2302      	movs	r3, #2
 8001cc2:	f887 302d 	strb.w	r3, [r7, #45]	@ 0x2d
 8001cc6:	b08a      	sub	sp, #40	@ 0x28
 8001cc8:	4669      	mov	r1, sp
 8001cca:	f111 0210 	adds.w	r2, r1, #16
 8001cce:	d037      	beq.n	8001d40 <cbprintf_package_convert+0x1c8>
 8001cd0:	2512      	movs	r5, #18
 8001cd2:	b11a      	cbz	r2, 8001cdc <cbprintf_package_convert+0x164>
 8001cd4:	2d04      	cmp	r5, #4
 8001cd6:	dd01      	ble.n	8001cdc <cbprintf_package_convert+0x164>
 8001cd8:	4bb1      	ldr	r3, [pc, #708]	@ (8001fa0 <cbprintf_package_convert+0x428>)
 8001cda:	614b      	str	r3, [r1, #20]
 8001cdc:	2300      	movs	r3, #0
 8001cde:	f887 3028 	strb.w	r3, [r7, #40]	@ 0x28
 8001ce2:	2302      	movs	r3, #2
 8001ce4:	f887 3029 	strb.w	r3, [r7, #41]	@ 0x29
 8001ce8:	bb6a      	cbnz	r2, 8001d46 <cbprintf_package_convert+0x1ce>
 8001cea:	2d11      	cmp	r5, #17
 8001cec:	dd45      	ble.n	8001d7a <cbprintf_package_convert+0x202>
 8001cee:	2312      	movs	r3, #18
 8001cf0:	b162      	cbz	r2, 8001d0c <cbprintf_package_convert+0x194>
 8001cf2:	2004      	movs	r0, #4
 8001cf4:	f887 002c 	strb.w	r0, [r7, #44]	@ 0x2c
 8001cf8:	2000      	movs	r0, #0
 8001cfa:	f887 002d 	strb.w	r0, [r7, #45]	@ 0x2d
 8001cfe:	f887 002e 	strb.w	r0, [r7, #46]	@ 0x2e
 8001d02:	2001      	movs	r0, #1
 8001d04:	f887 002f 	strb.w	r0, [r7, #47]	@ 0x2f
 8001d08:	6af8      	ldr	r0, [r7, #44]	@ 0x2c
 8001d0a:	6108      	str	r0, [r1, #16]
 8001d0c:	f028 0801 	bic.w	r8, r8, #1
 8001d10:	f028 0802 	bic.w	r8, r8, #2
 8001d14:	f028 0804 	bic.w	r8, r8, #4
 8001d18:	f028 0838 	bic.w	r8, r8, #56	@ 0x38
 8001d1c:	2102      	movs	r1, #2
 8001d1e:	f361 1888 	bfi	r8, r1, #6, #3
 8001d22:	f3c3 030a 	ubfx	r3, r3, #0, #11
 8001d26:	f363 2853 	bfi	r8, r3, #9, #11
 8001d2a:	f3c8 0813 	ubfx	r8, r8, #0, #20
	z_impl_z_log_msg_static_create(source, desc, package, data);
 8001d2e:	2300      	movs	r3, #0
 8001d30:	4641      	mov	r1, r8
 8001d32:	489c      	ldr	r0, [pc, #624]	@ (8001fa4 <cbprintf_package_convert+0x42c>)
 8001d34:	f000 fdb4 	bl	80028a0 <z_impl_z_log_msg_static_create>
 8001d38:	46a5      	mov	sp, r4
				out_len -= 2;
 8001d3a:	f1a9 0902 	sub.w	r9, r9, #2
				continue;
 8001d3e:	e03c      	b.n	8001dba <cbprintf_package_convert+0x242>
				LOG_WRN("(unsigned) char * used for %%p argument. "
 8001d40:	f06f 4500 	mvn.w	r5, #2147483648	@ 0x80000000
 8001d44:	e7c5      	b.n	8001cd2 <cbprintf_package_convert+0x15a>
 8001d46:	462b      	mov	r3, r5
 8001d48:	2d08      	cmp	r5, #8
 8001d4a:	dd01      	ble.n	8001d50 <cbprintf_package_convert+0x1d8>
 8001d4c:	6938      	ldr	r0, [r7, #16]
 8001d4e:	6188      	str	r0, [r1, #24]
 8001d50:	2b0c      	cmp	r3, #12
 8001d52:	dd01      	ble.n	8001d58 <cbprintf_package_convert+0x1e0>
 8001d54:	f8c1 b01c 	str.w	fp, [r1, #28]
 8001d58:	f101 0320 	add.w	r3, r1, #32
 8001d5c:	2000      	movs	r0, #0
 8001d5e:	e009      	b.n	8001d74 <cbprintf_package_convert+0x1fc>
 8001d60:	f100 0c30 	add.w	ip, r0, #48	@ 0x30
 8001d64:	f107 0e28 	add.w	lr, r7, #40	@ 0x28
 8001d68:	44f4      	add	ip, lr
 8001d6a:	f81c cc30 	ldrb.w	ip, [ip, #-48]
 8001d6e:	f803 cb01 	strb.w	ip, [r3], #1
 8001d72:	3001      	adds	r0, #1
 8001d74:	2801      	cmp	r0, #1
 8001d76:	d9f3      	bls.n	8001d60 <cbprintf_package_convert+0x1e8>
 8001d78:	e7b7      	b.n	8001cea <cbprintf_package_convert+0x172>
 8001d7a:	f06f 031b 	mvn.w	r3, #27
 8001d7e:	e7b7      	b.n	8001cf0 <cbprintf_package_convert+0x178>
					out_len -= drop_ro_str_pos ? 2 : 1;
 8001d80:	2301      	movs	r3, #1
 8001d82:	e78e      	b.n	8001ca2 <cbprintf_package_convert+0x12a>
			} else if (flags & CBPRINTF_PACKAGE_CONVERT_RW_STR) {
 8001d84:	f8d7 3080 	ldr.w	r3, [r7, #128]	@ 0x80
 8001d88:	f013 0f02 	tst.w	r3, #2
 8001d8c:	d015      	beq.n	8001dba <cbprintf_package_convert+0x242>
				len = append_string(cb, NULL, str, 0);
 8001d8e:	2300      	movs	r3, #0
 8001d90:	4622      	mov	r2, r4
 8001d92:	4619      	mov	r1, r3
 8001d94:	69b8      	ldr	r0, [r7, #24]
 8001d96:	f006 f939 	bl	800800c <append_string>
				if (strl && strl_cnt < strl_len) {
 8001d9a:	f8d7 3084 	ldr.w	r3, [r7, #132]	@ 0x84
 8001d9e:	b153      	cbz	r3, 8001db6 <cbprintf_package_convert+0x23e>
 8001da0:	697b      	ldr	r3, [r7, #20]
 8001da2:	f8d7 2088 	ldr.w	r2, [r7, #136]	@ 0x88
 8001da6:	4293      	cmp	r3, r2
 8001da8:	d205      	bcs.n	8001db6 <cbprintf_package_convert+0x23e>
					strl[strl_cnt++] = (uint16_t)len;
 8001daa:	f8d7 2084 	ldr.w	r2, [r7, #132]	@ 0x84
 8001dae:	f822 0013 	strh.w	r0, [r2, r3, lsl #1]
 8001db2:	3301      	adds	r3, #1
 8001db4:	617b      	str	r3, [r7, #20]
				out_len += (len - 1);
 8001db6:	3801      	subs	r0, #1
 8001db8:	4481      	add	r9, r0
		for (unsigned int i = 0; i < rws_nbr; i++) {
 8001dba:	f10a 0a01 	add.w	sl, sl, #1
			uint8_t arg_pos = *str_pos++;
 8001dbe:	4635      	mov	r5, r6
		for (unsigned int i = 0; i < rws_nbr; i++) {
 8001dc0:	6a7b      	ldr	r3, [r7, #36]	@ 0x24
 8001dc2:	459a      	cmp	sl, r3
 8001dc4:	d210      	bcs.n	8001de8 <cbprintf_package_convert+0x270>
			uint8_t arg_idx = *str_pos++;
 8001dc6:	462e      	mov	r6, r5
 8001dc8:	f816 bb02 	ldrb.w	fp, [r6], #2
			uint8_t arg_pos = *str_pos++;
 8001dcc:	786b      	ldrb	r3, [r5, #1]
			const char *str = *(const char **)&buf32[arg_pos];
 8001dce:	69fa      	ldr	r2, [r7, #28]
 8001dd0:	f852 4023 	ldr.w	r4, [r2, r3, lsl #2]
 8001dd4:	4b74      	ldr	r3, [pc, #464]	@ (8001fa8 <cbprintf_package_convert+0x430>)
 8001dd6:	429c      	cmp	r4, r3
 8001dd8:	f4ff af55 	bcc.w	8001c86 <cbprintf_package_convert+0x10e>
 8001ddc:	4b73      	ldr	r3, [pc, #460]	@ (8001fac <cbprintf_package_convert+0x434>)
 8001dde:	429c      	cmp	r4, r3
 8001de0:	f4ff af62 	bcc.w	8001ca8 <cbprintf_package_convert+0x130>
 8001de4:	2500      	movs	r5, #0
 8001de6:	e74f      	b.n	8001c88 <cbprintf_package_convert+0x110>
 8001de8:	464c      	mov	r4, r9
 8001dea:	e712      	b.n	8001c12 <cbprintf_package_convert+0x9a>
		dst = cpy_str_pos;
 8001dec:	f107 0044 	add.w	r0, r7, #68	@ 0x44
		keep_cnt = 0;
 8001df0:	2300      	movs	r3, #0
 8001df2:	61fb      	str	r3, [r7, #28]
		memcpy(dst, str_pos, ros_nbr);
 8001df4:	464a      	mov	r2, r9
 8001df6:	4629      	mov	r1, r5
 8001df8:	f7fe fa2e 	bl	8000258 <__aeabi_memcpy>
	str_pos += ros_nbr;
 8001dfc:	444d      	add	r5, r9
	for (unsigned int i = 0; i < rws_nbr; i++) {
 8001dfe:	f04f 0800 	mov.w	r8, #0
 8001e02:	f8c7 9004 	str.w	r9, [r7, #4]
 8001e06:	e01b      	b.n	8001e40 <cbprintf_package_convert+0x2c8>
		scpy_cnt = 0;
 8001e08:	2600      	movs	r6, #0
		keep_cnt = 0;
 8001e0a:	61fe      	str	r6, [r7, #28]
 8001e0c:	e7f6      	b.n	8001dfc <cbprintf_package_convert+0x284>
		scpy_cnt = 0;
 8001e0e:	2600      	movs	r6, #0
		keep_cnt = 0;
 8001e10:	61fe      	str	r6, [r7, #28]
 8001e12:	e7f3      	b.n	8001dfc <cbprintf_package_convert+0x284>
 8001e14:	2500      	movs	r5, #0
		if (IS_ENABLED(CONFIG_CBPRINTF_CONVERT_CHECK_PTR) &&
 8001e16:	6a3b      	ldr	r3, [r7, #32]
 8001e18:	bb33      	cbnz	r3, 8001e68 <cbprintf_package_convert+0x2f0>
		if (is_ro) {
 8001e1a:	2d00      	cmp	r5, #0
 8001e1c:	d03b      	beq.n	8001e96 <cbprintf_package_convert+0x31e>
			if (flags & CBPRINTF_PACKAGE_CONVERT_RO_STR) {
 8001e1e:	f8d7 3080 	ldr.w	r3, [r7, #128]	@ 0x80
 8001e22:	f013 0f01 	tst.w	r3, #1
 8001e26:	d026      	beq.n	8001e76 <cbprintf_package_convert+0x2fe>
				cpy_str_pos[scpy_cnt++] = arg_pos;
 8001e28:	1c73      	adds	r3, r6, #1
 8001e2a:	f106 0230 	add.w	r2, r6, #48	@ 0x30
 8001e2e:	f107 0128 	add.w	r1, r7, #40	@ 0x28
 8001e32:	1856      	adds	r6, r2, r1
 8001e34:	f806 9c14 	strb.w	r9, [r6, #-20]
 8001e38:	b2de      	uxtb	r6, r3
	for (unsigned int i = 0; i < rws_nbr; i++) {
 8001e3a:	f108 0801 	add.w	r8, r8, #1
		uint8_t arg_pos = *str_pos++;
 8001e3e:	4625      	mov	r5, r4
	for (unsigned int i = 0; i < rws_nbr; i++) {
 8001e40:	6a7b      	ldr	r3, [r7, #36]	@ 0x24
 8001e42:	4598      	cmp	r8, r3
 8001e44:	d24a      	bcs.n	8001edc <cbprintf_package_convert+0x364>
		uint8_t arg_idx = *str_pos++;
 8001e46:	462c      	mov	r4, r5
 8001e48:	f814 ab02 	ldrb.w	sl, [r4], #2
		uint8_t arg_pos = *str_pos++;
 8001e4c:	f895 9001 	ldrb.w	r9, [r5, #1]
		const char *str = *(const char **)&buf32[arg_pos];
 8001e50:	f85b 3029 	ldr.w	r3, [fp, r9, lsl #2]
 8001e54:	4a54      	ldr	r2, [pc, #336]	@ (8001fa8 <cbprintf_package_convert+0x430>)
 8001e56:	4293      	cmp	r3, r2
 8001e58:	d3dc      	bcc.n	8001e14 <cbprintf_package_convert+0x29c>
 8001e5a:	4a54      	ldr	r2, [pc, #336]	@ (8001fac <cbprintf_package_convert+0x434>)
 8001e5c:	4293      	cmp	r3, r2
 8001e5e:	d301      	bcc.n	8001e64 <cbprintf_package_convert+0x2ec>
 8001e60:	2500      	movs	r5, #0
 8001e62:	e7d8      	b.n	8001e16 <cbprintf_package_convert+0x29e>
 8001e64:	2501      	movs	r5, #1
 8001e66:	e7d6      	b.n	8001e16 <cbprintf_package_convert+0x29e>
		    fmt_present && is_ptr(fmt, arg_idx)) {
 8001e68:	4651      	mov	r1, sl
 8001e6a:	6938      	ldr	r0, [r7, #16]
 8001e6c:	f006 f914 	bl	8008098 <is_ptr>
 8001e70:	2800      	cmp	r0, #0
 8001e72:	d0d2      	beq.n	8001e1a <cbprintf_package_convert+0x2a2>
 8001e74:	e7e1      	b.n	8001e3a <cbprintf_package_convert+0x2c2>
			} else if (flags & CBPRINTF_PACKAGE_CONVERT_KEEP_RO_STR) {
 8001e76:	f8d7 3080 	ldr.w	r3, [r7, #128]	@ 0x80
 8001e7a:	f013 0f04 	tst.w	r3, #4
 8001e7e:	d0dc      	beq.n	8001e3a <cbprintf_package_convert+0x2c2>
				keep_str_pos[keep_cnt++] = arg_pos;
 8001e80:	69fa      	ldr	r2, [r7, #28]
 8001e82:	1c53      	adds	r3, r2, #1
 8001e84:	3230      	adds	r2, #48	@ 0x30
 8001e86:	f107 0128 	add.w	r1, r7, #40	@ 0x28
 8001e8a:	440a      	add	r2, r1
 8001e8c:	f802 9c24 	strb.w	r9, [r2, #-36]
 8001e90:	b2db      	uxtb	r3, r3
 8001e92:	61fb      	str	r3, [r7, #28]
 8001e94:	e7d1      	b.n	8001e3a <cbprintf_package_convert+0x2c2>
			if (flags & CBPRINTF_PACKAGE_CONVERT_RW_STR) {
 8001e96:	f8d7 3080 	ldr.w	r3, [r7, #128]	@ 0x80
 8001e9a:	f013 0f02 	tst.w	r3, #2
 8001e9e:	d009      	beq.n	8001eb4 <cbprintf_package_convert+0x33c>
				cpy_str_pos[scpy_cnt++] = arg_pos;
 8001ea0:	1c73      	adds	r3, r6, #1
 8001ea2:	f106 0230 	add.w	r2, r6, #48	@ 0x30
 8001ea6:	f107 0128 	add.w	r1, r7, #40	@ 0x28
 8001eaa:	1856      	adds	r6, r2, r1
 8001eac:	f806 9c14 	strb.w	r9, [r6, #-20]
 8001eb0:	b2de      	uxtb	r6, r3
 8001eb2:	e7c2      	b.n	8001e3a <cbprintf_package_convert+0x2c2>
				keep_str_pos[keep_cnt++] = arg_idx;
 8001eb4:	69f8      	ldr	r0, [r7, #28]
 8001eb6:	1c43      	adds	r3, r0, #1
 8001eb8:	f100 0130 	add.w	r1, r0, #48	@ 0x30
 8001ebc:	f107 0228 	add.w	r2, r7, #40	@ 0x28
 8001ec0:	188a      	adds	r2, r1, r2
 8001ec2:	f802 ac24 	strb.w	sl, [r2, #-36]
				keep_str_pos[keep_cnt++] = arg_pos;
 8001ec6:	4602      	mov	r2, r0
 8001ec8:	3202      	adds	r2, #2
 8001eca:	b2d2      	uxtb	r2, r2
 8001ecc:	61fa      	str	r2, [r7, #28]
 8001ece:	f107 0258 	add.w	r2, r7, #88	@ 0x58
 8001ed2:	fa52 f383 	uxtab	r3, r2, r3
 8001ed6:	f803 9c24 	strb.w	r9, [r3, #-36]
 8001eda:	e7ae      	b.n	8001e3a <cbprintf_package_convert+0x2c2>
	out_desc.len = in_desc->len;
 8001edc:	f8d7 9004 	ldr.w	r9, [r7, #4]
 8001ee0:	f89b 3000 	ldrb.w	r3, [fp]
 8001ee4:	f887 3054 	strb.w	r3, [r7, #84]	@ 0x54
	out_desc.str_cnt = in_desc->str_cnt + scpy_cnt;
 8001ee8:	f89b 3001 	ldrb.w	r3, [fp, #1]
 8001eec:	4433      	add	r3, r6
 8001eee:	f887 3055 	strb.w	r3, [r7, #85]	@ 0x55
	out_desc.rw_str_cnt = (flags & CBPRINTF_PACKAGE_CONVERT_RW_STR) ? 0 : (keep_cnt / 2);
 8001ef2:	f8d7 3080 	ldr.w	r3, [r7, #128]	@ 0x80
 8001ef6:	f013 0f02 	tst.w	r3, #2
 8001efa:	d10e      	bne.n	8001f1a <cbprintf_package_convert+0x3a2>
 8001efc:	69fb      	ldr	r3, [r7, #28]
 8001efe:	f3c3 0347 	ubfx	r3, r3, #1, #8
 8001f02:	f887 3057 	strb.w	r3, [r7, #87]	@ 0x57
	out_desc.ro_str_cnt = (flags & CBPRINTF_PACKAGE_CONVERT_RO_STR) ? 0 :
 8001f06:	f8d7 3080 	ldr.w	r3, [r7, #128]	@ 0x80
 8001f0a:	f013 0f01 	tst.w	r3, #1
 8001f0e:	d106      	bne.n	8001f1e <cbprintf_package_convert+0x3a6>
 8001f10:	f013 0f04 	tst.w	r3, #4
 8001f14:	d13e      	bne.n	8001f94 <cbprintf_package_convert+0x41c>
 8001f16:	2300      	movs	r3, #0
 8001f18:	e002      	b.n	8001f20 <cbprintf_package_convert+0x3a8>
	out_desc.rw_str_cnt = (flags & CBPRINTF_PACKAGE_CONVERT_RW_STR) ? 0 : (keep_cnt / 2);
 8001f1a:	2300      	movs	r3, #0
 8001f1c:	e7f1      	b.n	8001f02 <cbprintf_package_convert+0x38a>
	out_desc.ro_str_cnt = (flags & CBPRINTF_PACKAGE_CONVERT_RO_STR) ? 0 :
 8001f1e:	2300      	movs	r3, #0
 8001f20:	f887 3056 	strb.w	r3, [r7, #86]	@ 0x56
	struct cbprintf_package_desc in_desc_backup = *in_desc;
 8001f24:	f8db 0000 	ldr.w	r0, [fp]
 8001f28:	6338      	str	r0, [r7, #48]	@ 0x30
	*in_desc = out_desc;
 8001f2a:	6d78      	ldr	r0, [r7, #84]	@ 0x54
 8001f2c:	f8cb 0000 	str.w	r0, [fp]
	rv = cb(in_packaged, args_size, ctx);
 8001f30:	f8d7 8014 	ldr.w	r8, [r7, #20]
 8001f34:	4642      	mov	r2, r8
 8001f36:	68b9      	ldr	r1, [r7, #8]
 8001f38:	4658      	mov	r0, fp
 8001f3a:	f8d7 a018 	ldr.w	sl, [r7, #24]
 8001f3e:	47d0      	blx	sl
	if (rv < 0) {
 8001f40:	1e04      	subs	r4, r0, #0
 8001f42:	f6ff ae66 	blt.w	8001c12 <cbprintf_package_convert+0x9a>
	*in_desc = in_desc_backup;
 8001f46:	6b38      	ldr	r0, [r7, #48]	@ 0x30
 8001f48:	f8cb 0000 	str.w	r0, [fp]
	rv = cb(keep_str_pos, keep_cnt, ctx);
 8001f4c:	f8c7 8014 	str.w	r8, [r7, #20]
 8001f50:	4642      	mov	r2, r8
 8001f52:	69f9      	ldr	r1, [r7, #28]
 8001f54:	f107 0034 	add.w	r0, r7, #52	@ 0x34
 8001f58:	47d0      	blx	sl
	if (rv < 0) {
 8001f5a:	2800      	cmp	r0, #0
 8001f5c:	db5f      	blt.n	800201e <cbprintf_package_convert+0x4a6>
	out_len += rv;
 8001f5e:	eb04 0800 	add.w	r8, r4, r0
	size_t strs_len = in_len - (args_size + ros_nbr + 2 * rws_nbr);
 8001f62:	68b9      	ldr	r1, [r7, #8]
 8001f64:	4449      	add	r1, r9
 8001f66:	6a7b      	ldr	r3, [r7, #36]	@ 0x24
 8001f68:	eb01 0143 	add.w	r1, r1, r3, lsl #1
	rv = cb(str_pos, strs_len, ctx);
 8001f6c:	f8d7 9014 	ldr.w	r9, [r7, #20]
 8001f70:	464a      	mov	r2, r9
 8001f72:	68fb      	ldr	r3, [r7, #12]
 8001f74:	1a59      	subs	r1, r3, r1
 8001f76:	4628      	mov	r0, r5
 8001f78:	47d0      	blx	sl
	if (rv < 0) {
 8001f7a:	1e04      	subs	r4, r0, #0
 8001f7c:	f6ff ae49 	blt.w	8001c12 <cbprintf_package_convert+0x9a>
	out_len += rv;
 8001f80:	eb08 0504 	add.w	r5, r8, r4
	for (unsigned int i = 0; i < scpy_cnt; i++) {
 8001f84:	f04f 0800 	mov.w	r8, #0
 8001f88:	f8c7 b024 	str.w	fp, [r7, #36]	@ 0x24
 8001f8c:	46b3      	mov	fp, r6
 8001f8e:	4654      	mov	r4, sl
 8001f90:	46ca      	mov	sl, r9
 8001f92:	e022      	b.n	8001fda <cbprintf_package_convert+0x462>
	out_desc.ro_str_cnt = (flags & CBPRINTF_PACKAGE_CONVERT_RO_STR) ? 0 :
 8001f94:	69fb      	ldr	r3, [r7, #28]
 8001f96:	e7c3      	b.n	8001f20 <cbprintf_package_convert+0x3a8>
		uint16_t str_len = (strl && (i < strl_len)) ? strl[i] : 0;
 8001f98:	f04f 0900 	mov.w	r9, #0
 8001f9c:	e00a      	b.n	8001fb4 <cbprintf_package_convert+0x43c>
 8001f9e:	bf00      	nop
 8001fa0:	0800ac98 	.word	0x0800ac98
 8001fa4:	0800aa4c 	.word	0x0800aa4c
 8001fa8:	0800a3fc 	.word	0x0800a3fc
 8001fac:	0800bf0c 	.word	0x0800bf0c
 8001fb0:	f04f 0900 	mov.w	r9, #0
		rv = cb(&loc, 1, ctx);
 8001fb4:	4652      	mov	r2, sl
 8001fb6:	2101      	movs	r1, #1
 8001fb8:	f107 002c 	add.w	r0, r7, #44	@ 0x2c
 8001fbc:	47a0      	blx	r4
		if (rv < 0) {
 8001fbe:	2800      	cmp	r0, #0
 8001fc0:	db2f      	blt.n	8002022 <cbprintf_package_convert+0x4aa>
		out_len += rv;
 8001fc2:	4405      	add	r5, r0
		rv = append_string(cb, ctx, str, str_len);
 8001fc4:	464b      	mov	r3, r9
 8001fc6:	4632      	mov	r2, r6
 8001fc8:	4651      	mov	r1, sl
 8001fca:	4620      	mov	r0, r4
 8001fcc:	f006 f81e 	bl	800800c <append_string>
		if (rv < 0) {
 8001fd0:	2800      	cmp	r0, #0
 8001fd2:	db28      	blt.n	8002026 <cbprintf_package_convert+0x4ae>
		out_len += rv;
 8001fd4:	4405      	add	r5, r0
	for (unsigned int i = 0; i < scpy_cnt; i++) {
 8001fd6:	f108 0801 	add.w	r8, r8, #1
 8001fda:	45d8      	cmp	r8, fp
 8001fdc:	d218      	bcs.n	8002010 <cbprintf_package_convert+0x498>
		uint8_t loc = cpy_str_pos[i];
 8001fde:	f108 0330 	add.w	r3, r8, #48	@ 0x30
 8001fe2:	f107 0228 	add.w	r2, r7, #40	@ 0x28
 8001fe6:	4413      	add	r3, r2
 8001fe8:	f813 3c14 	ldrb.w	r3, [r3, #-20]
 8001fec:	f887 302c 	strb.w	r3, [r7, #44]	@ 0x2c
		const char *str = *(const char **)&buf32[loc];
 8001ff0:	6a7a      	ldr	r2, [r7, #36]	@ 0x24
 8001ff2:	f852 6023 	ldr.w	r6, [r2, r3, lsl #2]
		uint16_t str_len = (strl && (i < strl_len)) ? strl[i] : 0;
 8001ff6:	f8d7 3084 	ldr.w	r3, [r7, #132]	@ 0x84
 8001ffa:	2b00      	cmp	r3, #0
 8001ffc:	d0cc      	beq.n	8001f98 <cbprintf_package_convert+0x420>
 8001ffe:	f8d7 3088 	ldr.w	r3, [r7, #136]	@ 0x88
 8002002:	4598      	cmp	r8, r3
 8002004:	d2d4      	bcs.n	8001fb0 <cbprintf_package_convert+0x438>
 8002006:	f8d7 3084 	ldr.w	r3, [r7, #132]	@ 0x84
 800200a:	f833 9018 	ldrh.w	r9, [r3, r8, lsl #1]
 800200e:	e7d1      	b.n	8001fb4 <cbprintf_package_convert+0x43c>
	(void)cb(NULL, 0, ctx);
 8002010:	697a      	ldr	r2, [r7, #20]
 8002012:	2100      	movs	r1, #0
 8002014:	4608      	mov	r0, r1
 8002016:	69bb      	ldr	r3, [r7, #24]
 8002018:	4798      	blx	r3
	return out_len;
 800201a:	462c      	mov	r4, r5
 800201c:	e5f9      	b.n	8001c12 <cbprintf_package_convert+0x9a>
		return rv;
 800201e:	4604      	mov	r4, r0
 8002020:	e5f7      	b.n	8001c12 <cbprintf_package_convert+0x9a>
 8002022:	4604      	mov	r4, r0
 8002024:	e5f5      	b.n	8001c12 <cbprintf_package_convert+0x9a>
 8002026:	4604      	mov	r4, r0
 8002028:	e5f3      	b.n	8001c12 <cbprintf_package_convert+0x9a>
 800202a:	bf00      	nop

0800202c <__printk_hook_install>:

static printk_hook_fn_t _char_out = arch_printk_char_out;

void __printk_hook_install(printk_hook_fn_t fn)
{
	_char_out = fn;
 800202c:	4b01      	ldr	r3, [pc, #4]	@ (8002034 <__printk_hook_install+0x8>)
 800202e:	6018      	str	r0, [r3, #0]
}
 8002030:	4770      	bx	lr
 8002032:	bf00      	nop
 8002034:	200000c0 	.word	0x200000c0

08002038 <z_thread_entry>:
 * This routine does not return, and is marked as such so the compiler won't
 * generate preamble code that is only used by functions that actually return.
 */
FUNC_NORETURN void z_thread_entry(k_thread_entry_t entry,
				 void *p1, void *p2, void *p3)
{
 8002038:	b580      	push	{r7, lr}
 800203a:	4605      	mov	r5, r0
 800203c:	460e      	mov	r6, r1
 800203e:	4617      	mov	r7, r2
 8002040:	4698      	mov	r8, r3
	return z_impl_k_sched_current_thread_query();
 8002042:	f004 fb45 	bl	80066d0 <z_impl_k_sched_current_thread_query>
 8002046:	4603      	mov	r3, r0
 * otherwise lead to reading invalid memory and cause faults during
 * unwinding or debugging.
 */
	ARCH_CFI_UNDEFINED_RETURN_ADDRESS();
#ifdef CONFIG_CURRENT_THREAD_USE_TLS
	z_tls_current = k_sched_current_thread_query();
 8002048:	f001 fcf8 	bl	8003a3c <__aeabi_read_tp>
 800204c:	4604      	mov	r4, r0
 800204e:	f8df 9018 	ldr.w	r9, [pc, #24]	@ 8002068 <z_thread_entry+0x30>
 8002052:	f849 3000 	str.w	r3, [r9, r0]

	sys_rand_get((uint8_t *)&stack_guard, sizeof(stack_guard));
	__stack_chk_guard = stack_guard;
	__stack_chk_guard <<= 8;
#endif	/* CONFIG_STACK_CANARIES */
	entry(p1, p2, p3);
 8002056:	4642      	mov	r2, r8
 8002058:	4639      	mov	r1, r7
 800205a:	4630      	mov	r0, r6
 800205c:	47a8      	blx	r5
	return z_tls_current;
 800205e:	f854 0009 	ldr.w	r0, [r4, r9]
	z_impl_k_thread_abort(thread);
 8002062:	f001 fc75 	bl	8003950 <z_impl_k_thread_abort>
	/*
	 * Compiler can't tell that k_thread_abort() won't return and issues a
	 * warning unless we tell it that control never gets this far.
	 */

	CODE_UNREACHABLE; /* LCOV_EXCL_LINE */
 8002066:	bf00      	nop
 8002068:	00000008 	.word	0x00000008

0800206c <st_stm32_common_config>:
  * @rmtoll DBGMCU_CR    DBG_STOP      LL_DBGMCU_DisableDBGStopMode
  * @retval None
  */
__STATIC_INLINE void LL_DBGMCU_DisableDBGStopMode(void)
{
  CLEAR_BIT(DBGMCU->CR, DBGMCU_CR_DBG_STOP);
 800206c:	4a03      	ldr	r2, [pc, #12]	@ (800207c <st_stm32_common_config+0x10>)
 800206e:	6853      	ldr	r3, [r2, #4]
 8002070:	f023 0302 	bic.w	r3, r3, #2
 8002074:	6053      	str	r3, [r2, #4]
#elif defined(LL_APB2_GRP1_PERIPH_DBGMCU)
	LL_APB2_GRP1_DisableClock(LL_APB2_GRP1_PERIPH_DBGMCU);
#endif /* LL_APB1_GRP1_PERIPH_DBGMCU */

	return 0;
}
 8002076:	2000      	movs	r0, #0
 8002078:	4770      	bx	lr
 800207a:	bf00      	nop
 800207c:	e0042000 	.word	0xe0042000

08002080 <stm32_gpioport_pm_action>:
	return 0;
}

static int stm32_gpioport_pm_action(const struct device *dev,
				    enum pm_device_action action)
{
 8002080:	b508      	push	{r3, lr}
 8002082:	460b      	mov	r3, r1
	const struct device *const clk = DEVICE_DT_GET(STM32_CLOCK_CONTROL_NODE);
	const struct gpio_stm32_config *cfg = dev->config;
 8002084:	6841      	ldr	r1, [r0, #4]
	clock_control_subsys_t subsys = (void *)&cfg->pclken;
 8002086:	310c      	adds	r1, #12

	switch (action) {
 8002088:	2b01      	cmp	r3, #1
 800208a:	d014      	beq.n	80020b6 <stm32_gpioport_pm_action+0x36>
 800208c:	d80a      	bhi.n	80020a4 <stm32_gpioport_pm_action+0x24>
 800208e:	b933      	cbnz	r3, 800209e <stm32_gpioport_pm_action+0x1e>
 * @return 0 on success, negative errno on failure.
 */
static inline int clock_control_off(const struct device *dev,
				    clock_control_subsys_t sys)
{
	const struct clock_control_driver_api *api =
 8002090:	4b0f      	ldr	r3, [pc, #60]	@ (80020d0 <stm32_gpioport_pm_action+0x50>)
 8002092:	689b      	ldr	r3, [r3, #8]
		(const struct clock_control_driver_api *)dev->api;

	if (api->off == NULL) {
 8002094:	685b      	ldr	r3, [r3, #4]
 8002096:	b1c3      	cbz	r3, 80020ca <stm32_gpioport_pm_action+0x4a>
		return -ENOSYS;
	}

	return api->off(dev, sys);
 8002098:	480d      	ldr	r0, [pc, #52]	@ (80020d0 <stm32_gpioport_pm_action+0x50>)
 800209a:	4798      	blx	r3
 800209c:	e007      	b.n	80020ae <stm32_gpioport_pm_action+0x2e>
 800209e:	f06f 0085 	mvn.w	r0, #133	@ 0x85
 80020a2:	e004      	b.n	80020ae <stm32_gpioport_pm_action+0x2e>
 80020a4:	3b02      	subs	r3, #2
 80020a6:	b2db      	uxtb	r3, r3
 80020a8:	2b01      	cmp	r3, #1
 80020aa:	d801      	bhi.n	80020b0 <stm32_gpioport_pm_action+0x30>
		break;
	default:
		return -ENOTSUP;
	}

	return 0;
 80020ac:	2000      	movs	r0, #0
}
 80020ae:	bd08      	pop	{r3, pc}
	switch (action) {
 80020b0:	f06f 0085 	mvn.w	r0, #133	@ 0x85
 80020b4:	e7fb      	b.n	80020ae <stm32_gpioport_pm_action+0x2e>
	const struct clock_control_driver_api *api =
 80020b6:	4b06      	ldr	r3, [pc, #24]	@ (80020d0 <stm32_gpioport_pm_action+0x50>)
 80020b8:	689b      	ldr	r3, [r3, #8]
	if (api->on == NULL) {
 80020ba:	681b      	ldr	r3, [r3, #0]
 80020bc:	b113      	cbz	r3, 80020c4 <stm32_gpioport_pm_action+0x44>
	return api->on(dev, sys);
 80020be:	4804      	ldr	r0, [pc, #16]	@ (80020d0 <stm32_gpioport_pm_action+0x50>)
 80020c0:	4798      	blx	r3
 80020c2:	e7f4      	b.n	80020ae <stm32_gpioport_pm_action+0x2e>
		return -ENOSYS;
 80020c4:	f06f 0057 	mvn.w	r0, #87	@ 0x57
 80020c8:	e7f1      	b.n	80020ae <stm32_gpioport_pm_action+0x2e>
		return -ENOSYS;
 80020ca:	f06f 0057 	mvn.w	r0, #87	@ 0x57
 80020ce:	e7ee      	b.n	80020ae <stm32_gpioport_pm_action+0x2e>
 80020d0:	0800a4b4 	.word	0x0800a4b4

080020d4 <stm32_gpioport_init>:

__maybe_unused static int stm32_gpioport_init(const struct device *dev)
{
 80020d4:	b508      	push	{r3, lr}
	LL_PWR_EnableVddIO2();
#endif
	z_stm32_hsem_unlock(CFG_HW_RCC_SEMID);
#endif

	return pm_device_driver_init(dev, stm32_gpioport_pm_action);
 80020d6:	4902      	ldr	r1, [pc, #8]	@ (80020e0 <stm32_gpioport_init+0xc>)
 80020d8:	f006 fb20 	bl	800871c <pm_device_driver_init>
}
 80020dc:	bd08      	pop	{r3, pc}
 80020de:	bf00      	nop
 80020e0:	08002081 	.word	0x08002081

080020e4 <stm32_gpioport_get>:
{
 80020e4:	b510      	push	{r4, lr}
	if (port_index >= ARRAY_SIZE(gpio_ports)) {
 80020e6:	2819      	cmp	r0, #25
 80020e8:	d808      	bhi.n	80020fc <stm32_gpioport_get+0x18>
	dev = gpio_ports[port_index];
 80020ea:	4b06      	ldr	r3, [pc, #24]	@ (8002104 <stm32_gpioport_get+0x20>)
 80020ec:	f853 4020 	ldr.w	r4, [r3, r0, lsl #2]
 80020f0:	4620      	mov	r0, r4
 80020f2:	f007 fdb8 	bl	8009c66 <z_impl_device_is_ready>
	return device_is_ready(dev) ? dev : NULL;
 80020f6:	b118      	cbz	r0, 8002100 <stm32_gpioport_get+0x1c>
}
 80020f8:	4620      	mov	r0, r4
 80020fa:	bd10      	pop	{r4, pc}
		return NULL;
 80020fc:	2400      	movs	r4, #0
 80020fe:	e7fb      	b.n	80020f8 <stm32_gpioport_get+0x14>
	return device_is_ready(dev) ? dev : NULL;
 8002100:	2400      	movs	r4, #0
 8002102:	e7f9      	b.n	80020f8 <stm32_gpioport_get+0x14>
 8002104:	0800ba44 	.word	0x0800ba44

08002108 <stm32_backup_domain_enable_access>:
 */
__STATIC_FORCEINLINE uint32_t __get_BASEPRI(void)
{
  uint32_t result;

  __ASM volatile ("MRS %0, basepri" : "=r" (result) );
 8002108:	f3ef 8211 	mrs	r2, BASEPRI
           or the new value increases the BASEPRI priority level.
  \param [in]    basePri  Base Priority value to set
 */
__STATIC_FORCEINLINE void __set_BASEPRI_MAX(uint32_t basePri)
{
  __ASM volatile ("MSR basepri_max, %0" : : "r" (basePri) : "memory");
 800210c:	2310      	movs	r3, #16
 800210e:	f383 8812 	msr	BASEPRI_MAX, r3
           so that all instructions following the ISB are fetched from cache or memory,
           after the instruction has been completed.
 */
__STATIC_FORCEINLINE void __ISB(void)
{
  __ASM volatile ("isb 0xF":::"memory");
 8002112:	f3bf 8f6f 	isb	sy

void stm32_backup_domain_enable_access(void)
{
	k_spinlock_key_t key = k_spin_lock(&lock);

	if (refcount == 0U) {
 8002116:	4b0b      	ldr	r3, [pc, #44]	@ (8002144 <stm32_backup_domain_enable_access+0x3c>)
 8002118:	681b      	ldr	r3, [r3, #0]
 800211a:	b94b      	cbnz	r3, 8002130 <stm32_backup_domain_enable_access+0x28>
  * @rmtoll CR    DBP       LL_PWR_EnableBkUpAccess
  * @retval None
  */
__STATIC_INLINE void LL_PWR_EnableBkUpAccess(void)
{
  SET_BIT(PWR->CR, PWR_CR_DBP);
 800211c:	490a      	ldr	r1, [pc, #40]	@ (8002148 <stm32_backup_domain_enable_access+0x40>)
 800211e:	680b      	ldr	r3, [r1, #0]
 8002120:	f443 7380 	orr.w	r3, r3, #256	@ 0x100
 8002124:	600b      	str	r3, [r1, #0]
  * @rmtoll CR    DBP       LL_PWR_IsEnabledBkUpAccess
  * @retval State of bit (1 or 0).
  */
__STATIC_INLINE uint32_t LL_PWR_IsEnabledBkUpAccess(void)
{
  return (READ_BIT(PWR->CR, PWR_CR_DBP) == (PWR_CR_DBP));
 8002126:	4b08      	ldr	r3, [pc, #32]	@ (8002148 <stm32_backup_domain_enable_access+0x40>)
 8002128:	681b      	ldr	r3, [r3, #0]
		ENABLE_BKUP_ACCESS();
		while (!IS_ENABLED_BKUP_ACCESS()) {
 800212a:	f413 7f80 	tst.w	r3, #256	@ 0x100
 800212e:	d0fa      	beq.n	8002126 <stm32_backup_domain_enable_access+0x1e>
		}
	}
	refcount++;
 8002130:	4904      	ldr	r1, [pc, #16]	@ (8002144 <stm32_backup_domain_enable_access+0x3c>)
 8002132:	680b      	ldr	r3, [r1, #0]
 8002134:	3301      	adds	r3, #1
 8002136:	600b      	str	r3, [r1, #0]
  __ASM volatile ("MSR basepri, %0" : : "r" (basePri) : "memory");
 8002138:	f382 8811 	msr	BASEPRI, r2
 800213c:	f3bf 8f6f 	isb	sy

	k_spin_unlock(&lock, key);
}
 8002140:	4770      	bx	lr
 8002142:	bf00      	nop
 8002144:	2000104c 	.word	0x2000104c
 8002148:	40007000 	.word	0x40007000

0800214c <stm32_backup_domain_disable_access>:

void stm32_backup_domain_disable_access(void)
{
 800214c:	b510      	push	{r4, lr}
  __ASM volatile ("MRS %0, basepri" : "=r" (result) );
 800214e:	f3ef 8411 	mrs	r4, BASEPRI
  __ASM volatile ("MSR basepri_max, %0" : : "r" (basePri) : "memory");
 8002152:	2310      	movs	r3, #16
 8002154:	f383 8812 	msr	BASEPRI_MAX, r3
 8002158:	f3bf 8f6f 	isb	sy
	k_spinlock_key_t key = k_spin_lock(&lock);

	if (refcount == 0U) {
 800215c:	4b14      	ldr	r3, [pc, #80]	@ (80021b0 <stm32_backup_domain_disable_access+0x64>)
 800215e:	681b      	ldr	r3, [r3, #0]
 8002160:	b9a3      	cbnz	r3, 800218c <stm32_backup_domain_disable_access+0x40>
/* Included from <atomic.h> */

static inline bool atomic_cas(atomic_t *target, atomic_val_t old_value,
			  atomic_val_t new_value)
{
	return __atomic_compare_exchange_n(target, &old_value, new_value,
 8002162:	4b14      	ldr	r3, [pc, #80]	@ (80021b4 <stm32_backup_domain_disable_access+0x68>)
 8002164:	2201      	movs	r2, #1
 8002166:	f3bf 8f5b 	dmb	ish
 800216a:	e853 1f00 	ldrex	r1, [r3]
 800216e:	2900      	cmp	r1, #0
 8002170:	d103      	bne.n	800217a <stm32_backup_domain_disable_access+0x2e>
 8002172:	e843 2000 	strex	r0, r2, [r3]
 8002176:	2800      	cmp	r0, #0
 8002178:	d1f7      	bne.n	800216a <stm32_backup_domain_disable_access+0x1e>
 800217a:	f3bf 8f5b 	dmb	ish
		LOG_WRN_ONCE("Unbalanced backup domain access refcount");
 800217e:	d10b      	bne.n	8002198 <stm32_backup_domain_disable_access+0x4c>
	z_impl_z_log_msg_simple_create_0(source, level, fmt);
 8002180:	4a0d      	ldr	r2, [pc, #52]	@ (80021b8 <stm32_backup_domain_disable_access+0x6c>)
 8002182:	2102      	movs	r1, #2
 8002184:	480d      	ldr	r0, [pc, #52]	@ (80021bc <stm32_backup_domain_disable_access+0x70>)
 8002186:	f006 fc72 	bl	8008a6e <z_impl_z_log_msg_simple_create_0>
 800218a:	e005      	b.n	8002198 <stm32_backup_domain_disable_access+0x4c>
	} else {
		if (refcount == 1U) {
 800218c:	2b01      	cmp	r3, #1
 800218e:	d008      	beq.n	80021a2 <stm32_backup_domain_disable_access+0x56>
			DISABLE_BKUP_ACCESS();
		}
		refcount--;
 8002190:	4a07      	ldr	r2, [pc, #28]	@ (80021b0 <stm32_backup_domain_disable_access+0x64>)
 8002192:	6813      	ldr	r3, [r2, #0]
 8002194:	3b01      	subs	r3, #1
 8002196:	6013      	str	r3, [r2, #0]
  __ASM volatile ("MSR basepri, %0" : : "r" (basePri) : "memory");
 8002198:	f384 8811 	msr	BASEPRI, r4
 800219c:	f3bf 8f6f 	isb	sy
	}

	k_spin_unlock(&lock, key);
}
 80021a0:	bd10      	pop	{r4, pc}
  CLEAR_BIT(PWR->CR, PWR_CR_DBP);
 80021a2:	4a07      	ldr	r2, [pc, #28]	@ (80021c0 <stm32_backup_domain_disable_access+0x74>)
 80021a4:	6813      	ldr	r3, [r2, #0]
 80021a6:	f423 7380 	bic.w	r3, r3, #256	@ 0x100
 80021aa:	6013      	str	r3, [r2, #0]
}
 80021ac:	e7f0      	b.n	8002190 <stm32_backup_domain_disable_access+0x44>
 80021ae:	bf00      	nop
 80021b0:	2000104c 	.word	0x2000104c
 80021b4:	20001048 	.word	0x20001048
 80021b8:	0800addc 	.word	0x0800addc
 80021bc:	0800aaa4 	.word	0x0800aaa4
 80021c0:	40007000 	.word	0x40007000

080021c4 <soc_early_init_hook>:
  * @rmtoll FLASH_ACR    PRFTEN        LL_FLASH_EnablePrefetch
  * @retval None
  */
__STATIC_INLINE void LL_FLASH_EnablePrefetch(void)
{
  SET_BIT(FLASH->ACR, FLASH_ACR_PRFTEN);
 80021c4:	4b08      	ldr	r3, [pc, #32]	@ (80021e8 <soc_early_init_hook+0x24>)
 80021c6:	681a      	ldr	r2, [r3, #0]
 80021c8:	f442 7280 	orr.w	r2, r2, #256	@ 0x100
 80021cc:	601a      	str	r2, [r3, #0]
  * @rmtoll FLASH_ACR    ICEN          LL_FLASH_EnableInstCache
  * @retval None
  */
__STATIC_INLINE void LL_FLASH_EnableInstCache(void)
{
  SET_BIT(FLASH->ACR, FLASH_ACR_ICEN);
 80021ce:	681a      	ldr	r2, [r3, #0]
 80021d0:	f442 7200 	orr.w	r2, r2, #512	@ 0x200
 80021d4:	601a      	str	r2, [r3, #0]
  * @rmtoll FLASH_ACR    DCEN          LL_FLASH_EnableDataCache
  * @retval None
  */
__STATIC_INLINE void LL_FLASH_EnableDataCache(void)
{
  SET_BIT(FLASH->ACR, FLASH_ACR_DCEN);
 80021d6:	681a      	ldr	r2, [r3, #0]
 80021d8:	f442 6280 	orr.w	r2, r2, #1024	@ 0x400
 80021dc:	601a      	str	r2, [r3, #0]
	LL_FLASH_EnableInstCache();
	LL_FLASH_EnableDataCache();

	/* Update CMSIS SystemCoreClock variable (HCLK) */
	/* At reset, system core clock is set to 16 MHz from HSI */
	SystemCoreClock = 16000000;
 80021de:	4b03      	ldr	r3, [pc, #12]	@ (80021ec <soc_early_init_hook+0x28>)
 80021e0:	4a03      	ldr	r2, [pc, #12]	@ (80021f0 <soc_early_init_hook+0x2c>)
 80021e2:	601a      	str	r2, [r3, #0]
#if CONFIG_PM
	stm32_power_init();
#endif
}
 80021e4:	4770      	bx	lr
 80021e6:	bf00      	nop
 80021e8:	40023c00 	.word	0x40023c00
 80021ec:	20000108 	.word	0x20000108
 80021f0:	00f42400 	.word	0x00f42400

080021f4 <msg_process>:
		return true;
	}
}

static void msg_process(union log_msg_generic *msg)
{
 80021f4:	b538      	push	{r3, r4, r5, lr}
 80021f6:	4605      	mov	r5, r0
	STRUCT_SECTION_FOREACH(log_backend, backend) {
 80021f8:	4c0b      	ldr	r4, [pc, #44]	@ (8002228 <msg_process+0x34>)
 80021fa:	e000      	b.n	80021fe <msg_process+0xa>
 80021fc:	3410      	adds	r4, #16
 80021fe:	4b0b      	ldr	r3, [pc, #44]	@ (800222c <msg_process+0x38>)
 8002200:	429c      	cmp	r4, r3
 8002202:	d20f      	bcs.n	8002224 <msg_process+0x30>
 */
static inline bool log_backend_is_active(
				const struct log_backend *const backend)
{
	__ASSERT_NO_MSG(backend != NULL);
	return backend->cb->active;
 8002204:	6863      	ldr	r3, [r4, #4]
 8002206:	795b      	ldrb	r3, [r3, #5]
		if (log_backend_is_active(backend) &&
 8002208:	2b00      	cmp	r3, #0
 800220a:	d0f7      	beq.n	80021fc <msg_process+0x8>
		    msg_filter_check(backend, msg)) {
 800220c:	4629      	mov	r1, r5
 800220e:	4620      	mov	r0, r4
 8002210:	f006 fb81 	bl	8008916 <msg_filter_check>
		if (log_backend_is_active(backend) &&
 8002214:	2800      	cmp	r0, #0
 8002216:	d0f1      	beq.n	80021fc <msg_process+0x8>
	backend->api->process(backend, msg);
 8002218:	6823      	ldr	r3, [r4, #0]
 800221a:	681b      	ldr	r3, [r3, #0]
 800221c:	4629      	mov	r1, r5
 800221e:	4620      	mov	r0, r4
 8002220:	4798      	blx	r3
}
 8002222:	e7eb      	b.n	80021fc <msg_process+0x8>
			log_backend_msg_process(backend, msg);
		}
	}
}
 8002224:	bd38      	pop	{r3, r4, r5, pc}
 8002226:	bf00      	nop
 8002228:	0800aabc 	.word	0x0800aabc
 800222c:	0800aacc 	.word	0x0800aacc

08002230 <log_backend_notify_all>:
	return mpsc_pbuf_get_max_utilization(&log_buffer, max);
}

static void log_backend_notify_all(enum log_backend_evt event,
				   union log_backend_evt_arg *arg)
{
 8002230:	b570      	push	{r4, r5, r6, lr}
 8002232:	4606      	mov	r6, r0
 8002234:	460d      	mov	r5, r1
	STRUCT_SECTION_FOREACH(log_backend, backend) {
 8002236:	4c08      	ldr	r4, [pc, #32]	@ (8002258 <log_backend_notify_all+0x28>)
 8002238:	e000      	b.n	800223c <log_backend_notify_all+0xc>
 800223a:	3410      	adds	r4, #16
 800223c:	4b07      	ldr	r3, [pc, #28]	@ (800225c <log_backend_notify_all+0x2c>)
 800223e:	429c      	cmp	r4, r3
 8002240:	d208      	bcs.n	8002254 <log_backend_notify_all+0x24>
				      enum log_backend_evt event,
				      union log_backend_evt_arg *arg)
{
	__ASSERT_NO_MSG(backend != NULL);

	if (backend->api->notify) {
 8002242:	6823      	ldr	r3, [r4, #0]
 8002244:	699b      	ldr	r3, [r3, #24]
 8002246:	2b00      	cmp	r3, #0
 8002248:	d0f7      	beq.n	800223a <log_backend_notify_all+0xa>
		backend->api->notify(backend, event, arg);
 800224a:	462a      	mov	r2, r5
 800224c:	4631      	mov	r1, r6
 800224e:	4620      	mov	r0, r4
 8002250:	4798      	blx	r3
 8002252:	e7f2      	b.n	800223a <log_backend_notify_all+0xa>
		log_backend_notify(backend, event, arg);
	}
}
 8002254:	bd70      	pop	{r4, r5, r6, pc}
 8002256:	bf00      	nop
 8002258:	0800aabc 	.word	0x0800aabc
 800225c:	0800aacc 	.word	0x0800aacc

08002260 <default_lf_get_timestamp>:
{
 8002260:	b508      	push	{r3, lr}
	return z_impl_k_uptime_ticks();
 8002262:	f007 ffca 	bl	800a1fa <z_impl_k_uptime_ticks>
	return k_ticks_to_ms_floor64(k_uptime_ticks());
 8002266:	2200      	movs	r2, #0
 8002268:	1843      	adds	r3, r0, r1
 800226a:	d219      	bcs.n	80022a0 <default_lf_get_timestamp+0x40>
 800226c:	4413      	add	r3, r2
 800226e:	4a0d      	ldr	r2, [pc, #52]	@ (80022a4 <default_lf_get_timestamp+0x44>)
 8002270:	fba2 ce03 	umull	ip, lr, r2, r3
 8002274:	f02e 0c03 	bic.w	ip, lr, #3
 8002278:	eb0c 0c9e 	add.w	ip, ip, lr, lsr #2
 800227c:	eba3 030c 	sub.w	r3, r3, ip
 8002280:	1ac0      	subs	r0, r0, r3
 8002282:	f161 0100 	sbc.w	r1, r1, #0
 8002286:	f04f 33cc 	mov.w	r3, #3435973836	@ 0xcccccccc
 800228a:	fb00 f303 	mul.w	r3, r0, r3
 800228e:	fb02 3301 	mla	r3, r2, r1, r3
 8002292:	fba0 0202 	umull	r0, r2, r0, r2
 8002296:	4413      	add	r3, r2
 8002298:	0840      	lsrs	r0, r0, #1
}
 800229a:	ea40 70c3 	orr.w	r0, r0, r3, lsl #31
 800229e:	bd08      	pop	{r3, pc}
 80022a0:	2201      	movs	r2, #1
 80022a2:	e7e3      	b.n	800226c <default_lf_get_timestamp+0xc>
 80022a4:	cccccccd 	.word	0xcccccccd

080022a8 <activate_foreach_backend>:
{
 80022a8:	e92d 41f0 	stmdb	sp!, {r4, r5, r6, r7, r8, lr}
 80022ac:	4607      	mov	r7, r0
	uint32_t mask_cpy = mask;
 80022ae:	4605      	mov	r5, r0
	while (mask_cpy) {
 80022b0:	e00a      	b.n	80022c8 <activate_foreach_backend+0x20>
			mask &= ~BIT(i);
 80022b2:	ea07 0708 	and.w	r7, r7, r8
			log_backend_enable(backend, backend->cb->ctx, level);
 80022b6:	4b14      	ldr	r3, [pc, #80]	@ (8002308 <activate_foreach_backend+0x60>)
 80022b8:	eb03 1306 	add.w	r3, r3, r6, lsl #4
 80022bc:	685b      	ldr	r3, [r3, #4]
 80022be:	2204      	movs	r2, #4
 80022c0:	6819      	ldr	r1, [r3, #0]
 80022c2:	4620      	mov	r0, r4
 80022c4:	f006 fb67 	bl	8008996 <log_backend_enable>
	while (mask_cpy) {
 80022c8:	b1d5      	cbz	r5, 8002300 <activate_foreach_backend+0x58>
		uint32_t i = __builtin_ctz(mask_cpy);
 80022ca:	fa95 f6a5 	rbit	r6, r5
 80022ce:	fab6 f686 	clz	r6, r6
	STRUCT_SECTION_GET(log_backend, idx, &backend);
 80022d2:	4c0d      	ldr	r4, [pc, #52]	@ (8002308 <activate_foreach_backend+0x60>)
 80022d4:	eb04 1406 	add.w	r4, r4, r6, lsl #4
		mask_cpy &= ~BIT(i);
 80022d8:	2301      	movs	r3, #1
 80022da:	40b3      	lsls	r3, r6
 80022dc:	ea6f 0803 	mvn.w	r8, r3
 80022e0:	ea25 0503 	bic.w	r5, r5, r3
		if (backend->autostart && (log_backend_is_ready(backend) == 0)) {
 80022e4:	7b23      	ldrb	r3, [r4, #12]
 80022e6:	2b00      	cmp	r3, #0
 80022e8:	d0ee      	beq.n	80022c8 <activate_foreach_backend+0x20>
	if (backend->api->is_ready != NULL) {
 80022ea:	0133      	lsls	r3, r6, #4
 80022ec:	4a06      	ldr	r2, [pc, #24]	@ (8002308 <activate_foreach_backend+0x60>)
 80022ee:	58d3      	ldr	r3, [r2, r3]
 80022f0:	691b      	ldr	r3, [r3, #16]
 80022f2:	2b00      	cmp	r3, #0
 80022f4:	d0dd      	beq.n	80022b2 <activate_foreach_backend+0xa>
		return backend->api->is_ready(backend);
 80022f6:	4620      	mov	r0, r4
 80022f8:	4798      	blx	r3
 80022fa:	2800      	cmp	r0, #0
 80022fc:	d1e4      	bne.n	80022c8 <activate_foreach_backend+0x20>
 80022fe:	e7d8      	b.n	80022b2 <activate_foreach_backend+0xa>
}
 8002300:	4638      	mov	r0, r7
 8002302:	e8bd 81f0 	ldmia.w	sp!, {r4, r5, r6, r7, r8, pc}
 8002306:	bf00      	nop
 8002308:	0800aabc 	.word	0x0800aabc

0800230c <z_log_init>:
{
 800230c:	e92d 41f0 	stmdb	sp!, {r4, r5, r6, r7, r8, lr}
 8002310:	4680      	mov	r8, r0
 8002312:	460f      	mov	r7, r1
					   __ATOMIC_SEQ_CST);
}

static inline atomic_val_t atomic_add(atomic_t *target, atomic_val_t value)
{
	return __atomic_fetch_add(target, value, __ATOMIC_SEQ_CST);
 8002314:	4b1f      	ldr	r3, [pc, #124]	@ (8002394 <z_log_init+0x88>)
 8002316:	f3bf 8f5b 	dmb	ish
 800231a:	e853 5f00 	ldrex	r5, [r3]
 800231e:	1c6a      	adds	r2, r5, #1
 8002320:	e843 2100 	strex	r1, r2, [r3]
 8002324:	2900      	cmp	r1, #0
 8002326:	d1f8      	bne.n	800231a <z_log_init+0xe>
 8002328:	f3bf 8f5b 	dmb	ish
	if (atomic_inc(&initialized) != 0) {
 800232c:	bb6d      	cbnz	r5, 800238a <z_log_init+0x7e>
	STRUCT_SECTION_FOREACH(log_backend, backend) {
 800232e:	4c1a      	ldr	r4, [pc, #104]	@ (8002398 <z_log_init+0x8c>)
	int backend_index = 0;
 8002330:	2600      	movs	r6, #0
 8002332:	e007      	b.n	8002344 <z_log_init+0x38>
				log_backend_enable(backend, backend->cb->ctx, level);
 8002334:	6863      	ldr	r3, [r4, #4]
 8002336:	2204      	movs	r2, #4
 8002338:	6819      	ldr	r1, [r3, #0]
 800233a:	4620      	mov	r0, r4
 800233c:	f006 fb2b 	bl	8008996 <log_backend_enable>
		++backend_index;
 8002340:	3601      	adds	r6, #1
	STRUCT_SECTION_FOREACH(log_backend, backend) {
 8002342:	3410      	adds	r4, #16
 8002344:	4b15      	ldr	r3, [pc, #84]	@ (800239c <z_log_init+0x90>)
 8002346:	429c      	cmp	r4, r3
 8002348:	d211      	bcs.n	800236e <z_log_init+0x62>
		if (backend->autostart) {
 800234a:	7b23      	ldrb	r3, [r4, #12]
 800234c:	2b00      	cmp	r3, #0
 800234e:	d0f7      	beq.n	8002340 <z_log_init+0x34>
			log_backend_init(backend);
 8002350:	4620      	mov	r0, r4
 8002352:	f006 fad4 	bl	80088fe <log_backend_init>
	if (backend->api->is_ready != NULL) {
 8002356:	6823      	ldr	r3, [r4, #0]
 8002358:	691b      	ldr	r3, [r3, #16]
 800235a:	2b00      	cmp	r3, #0
 800235c:	d0ea      	beq.n	8002334 <z_log_init+0x28>
		return backend->api->is_ready(backend);
 800235e:	4620      	mov	r0, r4
 8002360:	4798      	blx	r3
			if (log_backend_is_ready(backend) == 0) {
 8002362:	2800      	cmp	r0, #0
 8002364:	d0e6      	beq.n	8002334 <z_log_init+0x28>
				mask |= BIT(backend_index);
 8002366:	2301      	movs	r3, #1
 8002368:	40b3      	lsls	r3, r6
 800236a:	431d      	orrs	r5, r3
 800236c:	e7e8      	b.n	8002340 <z_log_init+0x34>
	if (blocking) {
 800236e:	f1b8 0f00 	cmp.w	r8, #0
 8002372:	d00b      	beq.n	800238c <z_log_init+0x80>
		while (mask) {
 8002374:	b155      	cbz	r5, 800238c <z_log_init+0x80>
			mask = activate_foreach_backend(mask);
 8002376:	4628      	mov	r0, r5
 8002378:	f7ff ff96 	bl	80022a8 <activate_foreach_backend>
 800237c:	4605      	mov	r5, r0
			if (IS_ENABLED(CONFIG_MULTITHREADING) && can_sleep) {
 800237e:	2f00      	cmp	r7, #0
 8002380:	d0f8      	beq.n	8002374 <z_log_init+0x68>
				k_msleep(10);
 8002382:	200a      	movs	r0, #10
 8002384:	f006 fac9 	bl	800891a <k_msleep>
 8002388:	e7f4      	b.n	8002374 <z_log_init+0x68>
		return 0;
 800238a:	2500      	movs	r5, #0
}
 800238c:	4628      	mov	r0, r5
 800238e:	e8bd 81f0 	ldmia.w	sp!, {r4, r5, r6, r7, r8, pc}
 8002392:	bf00      	nop
 8002394:	20001064 	.word	0x20001064
 8002398:	0800aabc 	.word	0x0800aabc
 800239c:	0800aacc 	.word	0x0800aacc

080023a0 <thread_set>:
{
 80023a0:	b508      	push	{r3, lr}
	proc_tid = process_tid;
 80023a2:	4b06      	ldr	r3, [pc, #24]	@ (80023bc <thread_set+0x1c>)
 80023a4:	6018      	str	r0, [r3, #0]
	if (CONFIG_LOG_PROCESS_TRIGGER_THRESHOLD &&
 80023a6:	b118      	cbz	r0, 80023b0 <thread_set+0x10>
	    buffered_cnt >= CONFIG_LOG_PROCESS_TRIGGER_THRESHOLD) {
 80023a8:	4b05      	ldr	r3, [pc, #20]	@ (80023c0 <thread_set+0x20>)
 80023aa:	681b      	ldr	r3, [r3, #0]
	    process_tid &&
 80023ac:	2b09      	cmp	r3, #9
 80023ae:	dc00      	bgt.n	80023b2 <thread_set+0x12>
}
 80023b0:	bd08      	pop	{r3, pc}
	z_impl_k_sem_give(sem);
 80023b2:	4804      	ldr	r0, [pc, #16]	@ (80023c4 <thread_set+0x24>)
 80023b4:	f003 fcf6 	bl	8005da4 <z_impl_k_sem_give>
}
 80023b8:	e7fa      	b.n	80023b0 <thread_set+0x10>
 80023ba:	bf00      	nop
 80023bc:	20001058 	.word	0x20001058
 80023c0:	20001060 	.word	0x20001060
 80023c4:	20000298 	.word	0x20000298

080023c8 <log_process_thread_timer_expiry_fn>:

static void log_process_thread_timer_expiry_fn(struct k_timer *timer)
{
 80023c8:	b508      	push	{r3, lr}
	z_impl_k_sem_give(sem);
 80023ca:	4802      	ldr	r0, [pc, #8]	@ (80023d4 <log_process_thread_timer_expiry_fn+0xc>)
 80023cc:	f003 fcea 	bl	8005da4 <z_impl_k_sem_give>
	k_sem_give(&log_process_thread_sem);
}
 80023d0:	bd08      	pop	{r3, pc}
 80023d2:	bf00      	nop
 80023d4:	20000298 	.word	0x20000298

080023d8 <enable_logger>:

K_KERNEL_STACK_DEFINE(logging_stack, CONFIG_LOG_PROCESS_THREAD_STACK_SIZE);
struct k_thread logging_thread;

static int enable_logger(void)
{
 80023d8:	b530      	push	{r4, r5, lr}
 80023da:	b089      	sub	sp, #36	@ 0x24
	if (IS_ENABLED(CONFIG_LOG_PROCESS_THREAD)) {
		k_timer_init(&log_process_thread_timer,
 80023dc:	2200      	movs	r2, #0
 80023de:	490f      	ldr	r1, [pc, #60]	@ (800241c <enable_logger+0x44>)
 80023e0:	480f      	ldr	r0, [pc, #60]	@ (8002420 <enable_logger+0x48>)
 80023e2:	f007 ff0e 	bl	800a202 <k_timer_init>
	return z_impl_k_thread_create(new_thread, stack, stack_size, entry, p1, p2, p3, prio, options, delay);
 80023e6:	4d0f      	ldr	r5, [pc, #60]	@ (8002424 <enable_logger+0x4c>)
 80023e8:	2200      	movs	r2, #0
 80023ea:	2300      	movs	r3, #0
 80023ec:	e9cd 2306 	strd	r2, r3, [sp, #24]
 80023f0:	2400      	movs	r4, #0
 80023f2:	9404      	str	r4, [sp, #16]
 80023f4:	230e      	movs	r3, #14
 80023f6:	9303      	str	r3, [sp, #12]
 80023f8:	9402      	str	r4, [sp, #8]
 80023fa:	9401      	str	r4, [sp, #4]
 80023fc:	9400      	str	r4, [sp, #0]
 80023fe:	4b0a      	ldr	r3, [pc, #40]	@ (8002428 <enable_logger+0x50>)
 8002400:	f44f 7240 	mov.w	r2, #768	@ 0x300
 8002404:	4909      	ldr	r1, [pc, #36]	@ (800242c <enable_logger+0x54>)
 8002406:	4628      	mov	r0, r5
 8002408:	f007 fd27 	bl	8009e5a <z_impl_k_thread_create>
	return z_impl_k_thread_name_set(thread, str);
 800240c:	4908      	ldr	r1, [pc, #32]	@ (8002430 <enable_logger+0x58>)
 800240e:	4628      	mov	r0, r5
 8002410:	f003 fd3a 	bl	8005e88 <z_impl_k_thread_name_set>
	} else {
		(void)z_log_init(false, false);
	}

	return 0;
}
 8002414:	4620      	mov	r0, r4
 8002416:	b009      	add	sp, #36	@ 0x24
 8002418:	bd30      	pop	{r4, r5, pc}
 800241a:	bf00      	nop
 800241c:	080023c9 	.word	0x080023c9
 8002420:	20000c60 	.word	0x20000c60
 8002424:	200007a0 	.word	0x200007a0
 8002428:	080027c9 	.word	0x080027c9
 800242c:	20001f40 	.word	0x20001f40
 8002430:	0800ae1c 	.word	0x0800ae1c

08002434 <log_format_func_t_get>:
}
 8002434:	4b01      	ldr	r3, [pc, #4]	@ (800243c <log_format_func_t_get+0x8>)
 8002436:	f853 0020 	ldr.w	r0, [r3, r0, lsl #2]
 800243a:	4770      	bx	lr
 800243c:	0800bac0 	.word	0x0800bac0

08002440 <log_set_timestamp_func>:
	if (timestamp_getter == NULL) {
 8002440:	b148      	cbz	r0, 8002456 <log_set_timestamp_func+0x16>
{
 8002442:	b508      	push	{r3, lr}
	timestamp_func = timestamp_getter;
 8002444:	4a05      	ldr	r2, [pc, #20]	@ (800245c <log_set_timestamp_func+0x1c>)
 8002446:	6010      	str	r0, [r2, #0]
	timestamp_freq = freq;
 8002448:	4b05      	ldr	r3, [pc, #20]	@ (8002460 <log_set_timestamp_func+0x20>)
 800244a:	6019      	str	r1, [r3, #0]
		log_output_timestamp_freq_set(freq);
 800244c:	4608      	mov	r0, r1
 800244e:	f000 fd21 	bl	8002e94 <log_output_timestamp_freq_set>
	return 0;
 8002452:	2000      	movs	r0, #0
}
 8002454:	bd08      	pop	{r3, pc}
		return -EINVAL;
 8002456:	f06f 0015 	mvn.w	r0, #21
}
 800245a:	4770      	bx	lr
 800245c:	200000c4 	.word	0x200000c4
 8002460:	20001054 	.word	0x20001054

08002464 <z_log_notify_backend_enabled>:
{
 8002464:	b508      	push	{r3, lr}
	if (IS_ENABLED(CONFIG_LOG_PROCESS_THREAD) && !backend_attached) {
 8002466:	4b05      	ldr	r3, [pc, #20]	@ (800247c <z_log_notify_backend_enabled+0x18>)
 8002468:	781b      	ldrb	r3, [r3, #0]
 800246a:	b11b      	cbz	r3, 8002474 <z_log_notify_backend_enabled+0x10>
	backend_attached = true;
 800246c:	4b03      	ldr	r3, [pc, #12]	@ (800247c <z_log_notify_backend_enabled+0x18>)
 800246e:	2201      	movs	r2, #1
 8002470:	701a      	strb	r2, [r3, #0]
}
 8002472:	bd08      	pop	{r3, pc}
	z_impl_k_sem_give(sem);
 8002474:	4802      	ldr	r0, [pc, #8]	@ (8002480 <z_log_notify_backend_enabled+0x1c>)
 8002476:	f003 fc95 	bl	8005da4 <z_impl_k_sem_give>
}
 800247a:	e7f7      	b.n	800246c <z_log_notify_backend_enabled+0x8>
 800247c:	20001184 	.word	0x20001184
 8002480:	20000298 	.word	0x20000298

08002484 <z_log_dropped>:
{
 8002484:	b508      	push	{r3, lr}
 8002486:	4b10      	ldr	r3, [pc, #64]	@ (80024c8 <z_log_dropped+0x44>)
 8002488:	f3bf 8f5b 	dmb	ish
 800248c:	e853 1f00 	ldrex	r1, [r3]
 8002490:	3101      	adds	r1, #1
 8002492:	e843 1200 	strex	r2, r1, [r3]
 8002496:	2a00      	cmp	r2, #0
 8002498:	d1f8      	bne.n	800248c <z_log_dropped+0x8>
 800249a:	f3bf 8f5b 	dmb	ish
	if (buffered) {
 800249e:	b930      	cbnz	r0, 80024ae <z_log_dropped+0x2a>
	z_impl_k_timer_stop(timer);
 80024a0:	480a      	ldr	r0, [pc, #40]	@ (80024cc <z_log_dropped+0x48>)
 80024a2:	f004 fc99 	bl	8006dd8 <z_impl_k_timer_stop>
	z_impl_k_sem_give(sem);
 80024a6:	480a      	ldr	r0, [pc, #40]	@ (80024d0 <z_log_dropped+0x4c>)
 80024a8:	f003 fc7c 	bl	8005da4 <z_impl_k_sem_give>
}
 80024ac:	bd08      	pop	{r3, pc}
}

static inline atomic_val_t atomic_sub(atomic_t *target, atomic_val_t value)
{
	return __atomic_fetch_sub(target, value, __ATOMIC_SEQ_CST);
 80024ae:	4b09      	ldr	r3, [pc, #36]	@ (80024d4 <z_log_dropped+0x50>)
 80024b0:	f3bf 8f5b 	dmb	ish
 80024b4:	e853 1f00 	ldrex	r1, [r3]
 80024b8:	3901      	subs	r1, #1
 80024ba:	e843 1200 	strex	r2, r1, [r3]
 80024be:	2a00      	cmp	r2, #0
 80024c0:	d1f8      	bne.n	80024b4 <z_log_dropped+0x30>
 80024c2:	f3bf 8f5b 	dmb	ish
	return atomic_add(target, 1);
}

static inline atomic_val_t atomic_dec(atomic_t *target)
{
	return atomic_sub(target, 1);
 80024c6:	e7eb      	b.n	80024a0 <z_log_dropped+0x1c>
 80024c8:	2000105c 	.word	0x2000105c
 80024cc:	20000c60 	.word	0x20000c60
 80024d0:	20000298 	.word	0x20000298
 80024d4:	20001060 	.word	0x20001060

080024d8 <z_log_dropped_read_and_clear>:
{
	/* This builtin, as described by Intel, is not a traditional
	 * test-and-set operation, but rather an atomic exchange operation. It
	 * writes value into *ptr, and returns the previous contents of *ptr.
	 */
	return __atomic_exchange_n(target, value, __ATOMIC_SEQ_CST);
 80024d8:	4b06      	ldr	r3, [pc, #24]	@ (80024f4 <z_log_dropped_read_and_clear+0x1c>)
}
 80024da:	2200      	movs	r2, #0
 80024dc:	f3bf 8f5b 	dmb	ish
 80024e0:	e853 0f00 	ldrex	r0, [r3]
 80024e4:	e843 2100 	strex	r1, r2, [r3]
 80024e8:	2900      	cmp	r1, #0
 80024ea:	d1f9      	bne.n	80024e0 <z_log_dropped_read_and_clear+0x8>
 80024ec:	f3bf 8f5b 	dmb	ish
 80024f0:	4770      	bx	lr
 80024f2:	bf00      	nop
 80024f4:	2000105c 	.word	0x2000105c

080024f8 <dropped_notify>:
{
 80024f8:	b538      	push	{r3, r4, r5, lr}
	uint32_t dropped = z_log_dropped_read_and_clear();
 80024fa:	f7ff ffed 	bl	80024d8 <z_log_dropped_read_and_clear>
 80024fe:	4605      	mov	r5, r0
	STRUCT_SECTION_FOREACH(log_backend, backend) {
 8002500:	4c09      	ldr	r4, [pc, #36]	@ (8002528 <dropped_notify+0x30>)
 8002502:	e000      	b.n	8002506 <dropped_notify+0xe>
 8002504:	3410      	adds	r4, #16
 8002506:	4b09      	ldr	r3, [pc, #36]	@ (800252c <dropped_notify+0x34>)
 8002508:	429c      	cmp	r4, r3
 800250a:	d20b      	bcs.n	8002524 <dropped_notify+0x2c>
	return backend->cb->active;
 800250c:	6863      	ldr	r3, [r4, #4]
 800250e:	795b      	ldrb	r3, [r3, #5]
		if (log_backend_is_active(backend)) {
 8002510:	2b00      	cmp	r3, #0
 8002512:	d0f7      	beq.n	8002504 <dropped_notify+0xc>
	if (backend->api->dropped != NULL) {
 8002514:	6823      	ldr	r3, [r4, #0]
 8002516:	685b      	ldr	r3, [r3, #4]
 8002518:	2b00      	cmp	r3, #0
 800251a:	d0f3      	beq.n	8002504 <dropped_notify+0xc>
		backend->api->dropped(backend, cnt);
 800251c:	4629      	mov	r1, r5
 800251e:	4620      	mov	r0, r4
 8002520:	4798      	blx	r3
 8002522:	e7ef      	b.n	8002504 <dropped_notify+0xc>
}
 8002524:	bd38      	pop	{r3, r4, r5, pc}
 8002526:	bf00      	nop
 8002528:	0800aabc 	.word	0x0800aabc
 800252c:	0800aacc 	.word	0x0800aacc

08002530 <z_log_dropped_pending>:
	return dropped_cnt > 0;
 8002530:	4b03      	ldr	r3, [pc, #12]	@ (8002540 <z_log_dropped_pending+0x10>)
 8002532:	6818      	ldr	r0, [r3, #0]
}
 8002534:	2800      	cmp	r0, #0
 8002536:	bfd4      	ite	le
 8002538:	2000      	movle	r0, #0
 800253a:	2001      	movgt	r0, #1
 800253c:	4770      	bx	lr
 800253e:	bf00      	nop
 8002540:	2000105c 	.word	0x2000105c

08002544 <z_log_msg_init>:
{
 8002544:	b510      	push	{r4, lr}
	mpsc_pbuf_init(&log_buffer, &mpsc_config);
 8002546:	4c04      	ldr	r4, [pc, #16]	@ (8002558 <z_log_msg_init+0x14>)
 8002548:	4904      	ldr	r1, [pc, #16]	@ (800255c <z_log_msg_init+0x18>)
 800254a:	4620      	mov	r0, r4
 800254c:	f005 ff34 	bl	80083b8 <mpsc_pbuf_init>
	curr_log_buffer = &log_buffer;
 8002550:	4b03      	ldr	r3, [pc, #12]	@ (8002560 <z_log_msg_init+0x1c>)
 8002552:	601c      	str	r4, [r3, #0]
}
 8002554:	bd10      	pop	{r4, pc}
 8002556:	bf00      	nop
 8002558:	20000138 	.word	0x20000138
 800255c:	0800baac 	.word	0x0800baac
 8002560:	20001050 	.word	0x20001050

08002564 <log_core_init>:
{
 8002564:	b508      	push	{r3, lr}
	panic_mode = false;
 8002566:	2300      	movs	r3, #0
 8002568:	4a0c      	ldr	r2, [pc, #48]	@ (800259c <log_core_init+0x38>)
 800256a:	7013      	strb	r3, [r2, #0]
	dropped_cnt = 0;
 800256c:	4a0c      	ldr	r2, [pc, #48]	@ (80025a0 <log_core_init+0x3c>)
 800256e:	6013      	str	r3, [r2, #0]
	buffered_cnt = 0;
 8002570:	4a0c      	ldr	r2, [pc, #48]	@ (80025a4 <log_core_init+0x40>)
 8002572:	6013      	str	r3, [r2, #0]
		log_set_timestamp_func(default_lf_get_timestamp, 1000U);
 8002574:	f44f 717a 	mov.w	r1, #1000	@ 0x3e8
 8002578:	480b      	ldr	r0, [pc, #44]	@ (80025a8 <log_core_init+0x44>)
 800257a:	f7ff ff61 	bl	8002440 <log_set_timestamp_func>
		z_log_msg_init();
 800257e:	f7ff ffe1 	bl	8002544 <z_log_msg_init>
	STRUCT_SECTION_FOREACH(log_backend, backend) {
 8002582:	4a0a      	ldr	r2, [pc, #40]	@ (80025ac <log_core_init+0x48>)
 8002584:	e006      	b.n	8002594 <log_core_init+0x30>
		id += backend - log_backend_get(0);
 8002586:	4b09      	ldr	r3, [pc, #36]	@ (80025ac <log_core_init+0x48>)
 8002588:	1ad3      	subs	r3, r2, r3
 800258a:	111b      	asrs	r3, r3, #4
 800258c:	3301      	adds	r3, #1
	backend->cb->id = id;
 800258e:	6851      	ldr	r1, [r2, #4]
 8002590:	710b      	strb	r3, [r1, #4]
	STRUCT_SECTION_FOREACH(log_backend, backend) {
 8002592:	3210      	adds	r2, #16
 8002594:	4b06      	ldr	r3, [pc, #24]	@ (80025b0 <log_core_init+0x4c>)
 8002596:	429a      	cmp	r2, r3
 8002598:	d3f5      	bcc.n	8002586 <log_core_init+0x22>
}
 800259a:	bd08      	pop	{r3, pc}
 800259c:	20001185 	.word	0x20001185
 80025a0:	2000105c 	.word	0x2000105c
 80025a4:	20001060 	.word	0x20001060
 80025a8:	08002261 	.word	0x08002261
 80025ac:	0800aabc 	.word	0x0800aabc
 80025b0:	0800aacc 	.word	0x0800aacc

080025b4 <z_log_msg_alloc>:
{
 80025b4:	b508      	push	{r3, lr}
 80025b6:	4601      	mov	r1, r0
	return msg_alloc(&log_buffer, wlen);
 80025b8:	4801      	ldr	r0, [pc, #4]	@ (80025c0 <z_log_msg_alloc+0xc>)
 80025ba:	f006 f9be 	bl	800893a <msg_alloc>
}
 80025be:	bd08      	pop	{r3, pc}
 80025c0:	20000138 	.word	0x20000138

080025c4 <z_log_msg_local_claim>:
{
 80025c4:	b508      	push	{r3, lr}
	return (union log_msg_generic *)mpsc_pbuf_claim(&log_buffer);
 80025c6:	4802      	ldr	r0, [pc, #8]	@ (80025d0 <z_log_msg_local_claim+0xc>)
 80025c8:	f005 ffd9 	bl	800857e <mpsc_pbuf_claim>
}
 80025cc:	bd08      	pop	{r3, pc}
 80025ce:	bf00      	nop
 80025d0:	20000138 	.word	0x20000138

080025d4 <z_log_msg_free>:
{
 80025d4:	b508      	push	{r3, lr}
 80025d6:	4601      	mov	r1, r0
	msg_free(curr_log_buffer, msg);
 80025d8:	4b02      	ldr	r3, [pc, #8]	@ (80025e4 <z_log_msg_free+0x10>)
 80025da:	6818      	ldr	r0, [r3, #0]
 80025dc:	f006 f9b3 	bl	8008946 <msg_free>
}
 80025e0:	bd08      	pop	{r3, pc}
 80025e2:	bf00      	nop
 80025e4:	20001050 	.word	0x20001050

080025e8 <z_log_msg_pending>:
{
 80025e8:	b508      	push	{r3, lr}
		return msg_pending(&log_buffer);
 80025ea:	4802      	ldr	r0, [pc, #8]	@ (80025f4 <z_log_msg_pending+0xc>)
 80025ec:	f006 f9af 	bl	800894e <msg_pending>
}
 80025f0:	bd08      	pop	{r3, pc}
 80025f2:	bf00      	nop
 80025f4:	20000138 	.word	0x20000138

080025f8 <z_impl_log_process>:
{
 80025f8:	b510      	push	{r4, lr}
 80025fa:	b082      	sub	sp, #8
	k_timeout_t backoff = K_NO_WAIT;
 80025fc:	2200      	movs	r2, #0
 80025fe:	2300      	movs	r3, #0
 8002600:	e9cd 2300 	strd	r2, r3, [sp]
	if (!backend_attached) {
 8002604:	4b30      	ldr	r3, [pc, #192]	@ (80026c8 <z_impl_log_process+0xd0>)
 8002606:	7818      	ldrb	r0, [r3, #0]
 8002608:	b908      	cbnz	r0, 800260e <z_impl_log_process+0x16>
}
 800260a:	b002      	add	sp, #8
 800260c:	bd10      	pop	{r4, pc}
	msg = z_log_msg_claim(&backoff);
 800260e:	4668      	mov	r0, sp
 8002610:	f006 f9b5 	bl	800897e <z_log_msg_claim>
	if (msg) {
 8002614:	4604      	mov	r4, r0
 8002616:	b180      	cbz	r0, 800263a <z_impl_log_process+0x42>
		msg_process(msg);
 8002618:	f7ff fdec 	bl	80021f4 <msg_process>
		z_log_msg_free(msg);
 800261c:	4620      	mov	r0, r4
 800261e:	f7ff ffd9 	bl	80025d4 <z_log_msg_free>
	return __atomic_fetch_sub(target, value, __ATOMIC_SEQ_CST);
 8002622:	4b2a      	ldr	r3, [pc, #168]	@ (80026cc <z_impl_log_process+0xd4>)
 8002624:	f3bf 8f5b 	dmb	ish
 8002628:	e853 1f00 	ldrex	r1, [r3]
 800262c:	3901      	subs	r1, #1
 800262e:	e843 1200 	strex	r2, r1, [r3]
 8002632:	2a00      	cmp	r2, #0
 8002634:	d1f8      	bne.n	8002628 <z_impl_log_process+0x30>
 8002636:	f3bf 8f5b 	dmb	ish
		bool dropped_pend = z_log_dropped_pending();
 800263a:	f7ff ff79 	bl	8002530 <z_log_dropped_pending>
		if ((dropped_pend || unordered_pend) &&
 800263e:	b970      	cbnz	r0, 800265e <z_impl_log_process+0x66>
		last_failure_report += CONFIG_LOG_FAILURE_REPORT_PERIOD;
 8002640:	4a23      	ldr	r2, [pc, #140]	@ (80026d0 <z_impl_log_process+0xd8>)
 8002642:	6813      	ldr	r3, [r2, #0]
 8002644:	6851      	ldr	r1, [r2, #4]
 8002646:	f513 737a 	adds.w	r3, r3, #1000	@ 0x3e8
 800264a:	f141 0100 	adc.w	r1, r1, #0
 800264e:	6013      	str	r3, [r2, #0]
 8002650:	6051      	str	r1, [r2, #4]
	return msg != NULL && z_log_msg_pending();
 8002652:	b3a4      	cbz	r4, 80026be <z_impl_log_process+0xc6>
 8002654:	f7ff ffc8 	bl	80025e8 <z_log_msg_pending>
 8002658:	b398      	cbz	r0, 80026c2 <z_impl_log_process+0xca>
 800265a:	2001      	movs	r0, #1
 800265c:	e7d5      	b.n	800260a <z_impl_log_process+0x12>
	return z_impl_k_uptime_ticks();
 800265e:	f007 fdcc 	bl	800a1fa <z_impl_k_uptime_ticks>
 8002662:	2200      	movs	r2, #0
 8002664:	1843      	adds	r3, r0, r1
 8002666:	d228      	bcs.n	80026ba <z_impl_log_process+0xc2>
 8002668:	4413      	add	r3, r2
 800266a:	4a1a      	ldr	r2, [pc, #104]	@ (80026d4 <z_impl_log_process+0xdc>)
 800266c:	fba2 ce03 	umull	ip, lr, r2, r3
 8002670:	f02e 0c03 	bic.w	ip, lr, #3
 8002674:	eb0c 0c9e 	add.w	ip, ip, lr, lsr #2
 8002678:	eba3 030c 	sub.w	r3, r3, ip
 800267c:	1ac0      	subs	r0, r0, r3
 800267e:	f161 0100 	sbc.w	r1, r1, #0
 8002682:	f04f 33cc 	mov.w	r3, #3435973836	@ 0xcccccccc
 8002686:	fb00 f303 	mul.w	r3, r0, r3
 800268a:	fb02 3301 	mla	r3, r2, r1, r3
 800268e:	fba0 0202 	umull	r0, r2, r0, r2
 8002692:	4413      	add	r3, r2
 8002694:	0840      	lsrs	r0, r0, #1
 8002696:	ea40 70c3 	orr.w	r0, r0, r3, lsl #31
 800269a:	085b      	lsrs	r3, r3, #1
		   (k_uptime_get() - last_failure_report) > CONFIG_LOG_FAILURE_REPORT_PERIOD) {
 800269c:	490c      	ldr	r1, [pc, #48]	@ (80026d0 <z_impl_log_process+0xd8>)
 800269e:	680a      	ldr	r2, [r1, #0]
 80026a0:	6849      	ldr	r1, [r1, #4]
 80026a2:	1a80      	subs	r0, r0, r2
 80026a4:	eb63 0301 	sbc.w	r3, r3, r1
		if ((dropped_pend || unordered_pend) &&
 80026a8:	f240 32e9 	movw	r2, #1001	@ 0x3e9
 80026ac:	4290      	cmp	r0, r2
 80026ae:	f173 0300 	sbcs.w	r3, r3, #0
 80026b2:	d3c5      	bcc.n	8002640 <z_impl_log_process+0x48>
				dropped_notify();
 80026b4:	f7ff ff20 	bl	80024f8 <dropped_notify>
			if (unordered_pend) {
 80026b8:	e7c2      	b.n	8002640 <z_impl_log_process+0x48>
 80026ba:	2201      	movs	r2, #1
 80026bc:	e7d4      	b.n	8002668 <z_impl_log_process+0x70>
	return msg != NULL && z_log_msg_pending();
 80026be:	2000      	movs	r0, #0
 80026c0:	e7a3      	b.n	800260a <z_impl_log_process+0x12>
 80026c2:	2000      	movs	r0, #0
 80026c4:	e7a1      	b.n	800260a <z_impl_log_process+0x12>
 80026c6:	bf00      	nop
 80026c8:	20001184 	.word	0x20001184
 80026cc:	20001060 	.word	0x20001060
 80026d0:	20000c58 	.word	0x20000c58
 80026d4:	cccccccd 	.word	0xcccccccd

080026d8 <z_impl_log_panic>:
	if (panic_mode) {
 80026d8:	4b0f      	ldr	r3, [pc, #60]	@ (8002718 <z_impl_log_panic+0x40>)
 80026da:	781b      	ldrb	r3, [r3, #0]
 80026dc:	b103      	cbz	r3, 80026e0 <z_impl_log_panic+0x8>
 80026de:	4770      	bx	lr
{
 80026e0:	b510      	push	{r4, lr}
	(void)z_log_init(true, false);
 80026e2:	2100      	movs	r1, #0
 80026e4:	2001      	movs	r0, #1
 80026e6:	f7ff fe11 	bl	800230c <z_log_init>
	STRUCT_SECTION_FOREACH(log_backend, backend) {
 80026ea:	4c0c      	ldr	r4, [pc, #48]	@ (800271c <z_impl_log_panic+0x44>)
 80026ec:	e000      	b.n	80026f0 <z_impl_log_panic+0x18>
 80026ee:	3410      	adds	r4, #16
 80026f0:	4b0b      	ldr	r3, [pc, #44]	@ (8002720 <z_impl_log_panic+0x48>)
 80026f2:	429c      	cmp	r4, r3
 80026f4:	d208      	bcs.n	8002708 <z_impl_log_panic+0x30>
	return backend->cb->active;
 80026f6:	6863      	ldr	r3, [r4, #4]
 80026f8:	795b      	ldrb	r3, [r3, #5]
		if (log_backend_is_active(backend)) {
 80026fa:	2b00      	cmp	r3, #0
 80026fc:	d0f7      	beq.n	80026ee <z_impl_log_panic+0x16>
	backend->api->panic(backend);
 80026fe:	6823      	ldr	r3, [r4, #0]
 8002700:	689b      	ldr	r3, [r3, #8]
 8002702:	4620      	mov	r0, r4
 8002704:	4798      	blx	r3
}
 8002706:	e7f2      	b.n	80026ee <z_impl_log_panic+0x16>
	if (z_syscall_trap()) {
		return (bool) arch_syscall_invoke0(K_SYSCALL_LOG_PROCESS);
	}
#endif
	compiler_barrier();
	return z_impl_log_process();
 8002708:	f7ff ff76 	bl	80025f8 <z_impl_log_process>
		while (log_process() == true) {
 800270c:	2800      	cmp	r0, #0
 800270e:	d1fb      	bne.n	8002708 <z_impl_log_panic+0x30>
	panic_mode = true;
 8002710:	4b01      	ldr	r3, [pc, #4]	@ (8002718 <z_impl_log_panic+0x40>)
 8002712:	2201      	movs	r2, #1
 8002714:	701a      	strb	r2, [r3, #0]
}
 8002716:	bd10      	pop	{r4, pc}
 8002718:	20001185 	.word	0x20001185
 800271c:	0800aabc 	.word	0x0800aabc
 8002720:	0800aacc 	.word	0x0800aacc

08002724 <z_log_msg_post_finalize>:
{
 8002724:	b510      	push	{r4, lr}
 8002726:	b082      	sub	sp, #8
	return __atomic_fetch_add(target, value, __ATOMIC_SEQ_CST);
 8002728:	4b1a      	ldr	r3, [pc, #104]	@ (8002794 <z_log_msg_post_finalize+0x70>)
 800272a:	f3bf 8f5b 	dmb	ish
 800272e:	e853 2f00 	ldrex	r2, [r3]
 8002732:	1c51      	adds	r1, r2, #1
 8002734:	e843 1000 	strex	r0, r1, [r3]
 8002738:	2800      	cmp	r0, #0
 800273a:	d1f8      	bne.n	800272e <z_log_msg_post_finalize+0xa>
 800273c:	f3bf 8f5b 	dmb	ish
	if (panic_mode) {
 8002740:	4b15      	ldr	r3, [pc, #84]	@ (8002798 <z_log_msg_post_finalize+0x74>)
 8002742:	781b      	ldrb	r3, [r3, #0]
 8002744:	b963      	cbnz	r3, 8002760 <z_log_msg_post_finalize+0x3c>
	} else if (proc_tid != NULL) {
 8002746:	4b15      	ldr	r3, [pc, #84]	@ (800279c <z_log_msg_post_finalize+0x78>)
 8002748:	681b      	ldr	r3, [r3, #0]
 800274a:	b1b3      	cbz	r3, 800277a <z_log_msg_post_finalize+0x56>
			if (cnt == 0) {
 800274c:	b1ba      	cbz	r2, 800277e <z_log_msg_post_finalize+0x5a>
			} else if (CONFIG_LOG_PROCESS_TRIGGER_THRESHOLD &&
 800274e:	2a09      	cmp	r2, #9
 8002750:	d113      	bne.n	800277a <z_log_msg_post_finalize+0x56>
	z_impl_k_timer_stop(timer);
 8002752:	4813      	ldr	r0, [pc, #76]	@ (80027a0 <z_log_msg_post_finalize+0x7c>)
 8002754:	f004 fb40 	bl	8006dd8 <z_impl_k_timer_stop>
	z_impl_k_sem_give(sem);
 8002758:	4812      	ldr	r0, [pc, #72]	@ (80027a4 <z_log_msg_post_finalize+0x80>)
 800275a:	f003 fb23 	bl	8005da4 <z_impl_k_sem_give>
}
 800275e:	e00c      	b.n	800277a <z_log_msg_post_finalize+0x56>
  __ASM volatile ("MRS %0, basepri" : "=r" (result) );
 8002760:	f3ef 8411 	mrs	r4, BASEPRI
  __ASM volatile ("MSR basepri_max, %0" : : "r" (basePri) : "memory");
 8002764:	2310      	movs	r3, #16
 8002766:	f383 8812 	msr	BASEPRI_MAX, r3
 800276a:	f3bf 8f6f 	isb	sy
 800276e:	f7ff ff43 	bl	80025f8 <z_impl_log_process>
  __ASM volatile ("MSR basepri, %0" : : "r" (basePri) : "memory");
 8002772:	f384 8811 	msr	BASEPRI, r4
 8002776:	f3bf 8f6f 	isb	sy
 800277a:	b002      	add	sp, #8
 800277c:	bd10      	pop	{r4, pc}
	z_impl_k_timer_start(timer, duration, period);
 800277e:	2200      	movs	r2, #0
 8002780:	2300      	movs	r3, #0
 8002782:	e9cd 2300 	strd	r2, r3, [sp]
 8002786:	f242 7210 	movw	r2, #10000	@ 0x2710
 800278a:	2300      	movs	r3, #0
 800278c:	4804      	ldr	r0, [pc, #16]	@ (80027a0 <z_log_msg_post_finalize+0x7c>)
 800278e:	f004 fae9 	bl	8006d64 <z_impl_k_timer_start>
 8002792:	e7f2      	b.n	800277a <z_log_msg_post_finalize+0x56>
 8002794:	20001060 	.word	0x20001060
 8002798:	20001185 	.word	0x20001185
 800279c:	20001058 	.word	0x20001058
 80027a0:	20000c60 	.word	0x20000c60
 80027a4:	20000298 	.word	0x20000298

080027a8 <z_log_msg_commit>:
{
 80027a8:	b510      	push	{r4, lr}
 80027aa:	4604      	mov	r4, r0
	msg->hdr.timestamp = timestamp_func();
 80027ac:	4b04      	ldr	r3, [pc, #16]	@ (80027c0 <z_log_msg_commit+0x18>)
 80027ae:	681b      	ldr	r3, [r3, #0]
 80027b0:	4798      	blx	r3
 80027b2:	60a0      	str	r0, [r4, #8]
	msg_commit(&log_buffer, msg);
 80027b4:	4621      	mov	r1, r4
 80027b6:	4803      	ldr	r0, [pc, #12]	@ (80027c4 <z_log_msg_commit+0x1c>)
 80027b8:	f006 f8e5 	bl	8008986 <msg_commit>
}
 80027bc:	bd10      	pop	{r4, pc}
 80027be:	bf00      	nop
 80027c0:	200000c4 	.word	0x200000c4
 80027c4:	20000138 	.word	0x20000138

080027c8 <log_process_thread_func>:
{
 80027c8:	e92d 41f0 	stmdb	sp!, {r4, r5, r6, r7, r8, lr}
	uint32_t activate_mask = z_log_init(false, false);
 80027cc:	2100      	movs	r1, #0
 80027ce:	4608      	mov	r0, r1
 80027d0:	f7ff fd9c 	bl	800230c <z_log_init>
	k_timeout_t timeout = (activate_mask != 0) ? K_MSEC(50) : K_FOREVER;
 80027d4:	4680      	mov	r8, r0
 80027d6:	b150      	cbz	r0, 80027ee <log_process_thread_func+0x26>
 80027d8:	f44f 76fa 	mov.w	r6, #500	@ 0x1f4
 80027dc:	2700      	movs	r7, #0
	return z_tls_current;
 80027de:	f001 f92d 	bl	8003a3c <__aeabi_read_tp>
	thread_set(k_current_get());
 80027e2:	4b15      	ldr	r3, [pc, #84]	@ (8002838 <log_process_thread_func+0x70>)
 80027e4:	5818      	ldr	r0, [r3, r0]
 80027e6:	f7ff fddb 	bl	80023a0 <thread_set>
	bool processed_any = false;
 80027ea:	2500      	movs	r5, #0
 80027ec:	e015      	b.n	800281a <log_process_thread_func+0x52>
	k_timeout_t timeout = (activate_mask != 0) ? K_MSEC(50) : K_FOREVER;
 80027ee:	f04f 36ff 	mov.w	r6, #4294967295
 80027f2:	f04f 37ff 	mov.w	r7, #4294967295
 80027f6:	e7f2      	b.n	80027de <log_process_thread_func+0x16>
			activate_mask = activate_foreach_backend(activate_mask);
 80027f8:	4640      	mov	r0, r8
 80027fa:	f7ff fd55 	bl	80022a8 <activate_foreach_backend>
			if (!activate_mask) {
 80027fe:	4680      	mov	r8, r0
 8002800:	b970      	cbnz	r0, 8002820 <log_process_thread_func+0x58>
				timeout = K_FOREVER;
 8002802:	f04f 36ff 	mov.w	r6, #4294967295
 8002806:	f04f 37ff 	mov.w	r7, #4294967295
 800280a:	e009      	b.n	8002820 <log_process_thread_func+0x58>
 800280c:	462c      	mov	r4, r5
	return z_impl_k_sem_take(sem, timeout);
 800280e:	4632      	mov	r2, r6
 8002810:	463b      	mov	r3, r7
 8002812:	480a      	ldr	r0, [pc, #40]	@ (800283c <log_process_thread_func+0x74>)
 8002814:	f003 fb02 	bl	8005e1c <z_impl_k_sem_take>
{
 8002818:	4625      	mov	r5, r4
		if (activate_mask) {
 800281a:	f1b8 0f00 	cmp.w	r8, #0
 800281e:	d1eb      	bne.n	80027f8 <log_process_thread_func+0x30>
 8002820:	f7ff feea 	bl	80025f8 <z_impl_log_process>
		if (log_process() == false) {
 8002824:	4604      	mov	r4, r0
 8002826:	2800      	cmp	r0, #0
 8002828:	d1f6      	bne.n	8002818 <log_process_thread_func+0x50>
			if (processed_any) {
 800282a:	2d00      	cmp	r5, #0
 800282c:	d0ee      	beq.n	800280c <log_process_thread_func+0x44>
				log_backend_notify_all(LOG_BACKEND_EVT_PROCESS_THREAD_DONE, NULL);
 800282e:	2100      	movs	r1, #0
 8002830:	4608      	mov	r0, r1
 8002832:	f7ff fcfd 	bl	8002230 <log_backend_notify_all>
 8002836:	e7ea      	b.n	800280e <log_process_thread_func+0x46>
 8002838:	00000008 	.word	0x00000008
 800283c:	20000298 	.word	0x20000298

08002840 <log_src_cnt_get>:
	if (z_log_is_local_domain(domain_id)) {
		return z_log_sources_count();
	}

	return link_source_count(domain_id);
}
 8002840:	4802      	ldr	r0, [pc, #8]	@ (800284c <log_src_cnt_get+0xc>)
 8002842:	4b03      	ldr	r3, [pc, #12]	@ (8002850 <log_src_cnt_get+0x10>)
 8002844:	1ac0      	subs	r0, r0, r3
 8002846:	08c0      	lsrs	r0, r0, #3
 8002848:	4770      	bx	lr
 800284a:	bf00      	nop
 800284c:	0800aabc 	.word	0x0800aabc
 8002850:	0800aa44 	.word	0x0800aa44

08002854 <log_source_name_get>:

	return (const char *)cached;
}

const char *log_source_name_get(uint32_t domain_id, uint32_t source_id)
{
 8002854:	b510      	push	{r4, lr}
 8002856:	460c      	mov	r4, r1
	if (z_log_is_local_domain(domain_id)) {
		if (IS_ENABLED(CONFIG_LOG_FMT_SECTION_STRIP)) {
			return "unknown";
		}
		if (source_id < log_src_cnt_get(domain_id)) {
 8002858:	f7ff fff2 	bl	8002840 <log_src_cnt_get>
 800285c:	42a0      	cmp	r0, r4
 800285e:	d903      	bls.n	8002868 <log_source_name_get+0x14>
			return TYPE_SECTION_START(log_const)[source_id].name;
 8002860:	4b02      	ldr	r3, [pc, #8]	@ (800286c <log_source_name_get+0x18>)
 8002862:	f853 0034 	ldr.w	r0, [r3, r4, lsl #3]
			return NULL;
		}
	}

	return link_source_name_get(domain_id, source_id);
}
 8002866:	bd10      	pop	{r4, pc}
			return NULL;
 8002868:	2000      	movs	r0, #0
 800286a:	e7fc      	b.n	8002866 <log_source_name_get+0x12>
 800286c:	0800aa44 	.word	0x0800aa44

08002870 <cbprintf_package_copy>:
					void *packaged,
					size_t len,
					uint32_t flags,
					uint16_t *strl,
					size_t strl_len)
{
 8002870:	b500      	push	{lr}
 8002872:	b089      	sub	sp, #36	@ 0x24
	struct z_cbprintf_buf_desc buf_desc = {
 8002874:	9205      	str	r2, [sp, #20]
 8002876:	9306      	str	r3, [sp, #24]
 8002878:	2300      	movs	r3, #0
 800287a:	9307      	str	r3, [sp, #28]
		.buf = packaged,
		.size = len,
		.off = 0,
	};

	return cbprintf_package_convert(in_packaged, in_len,
 800287c:	b162      	cbz	r2, 8002898 <cbprintf_package_copy+0x28>
 800287e:	4a07      	ldr	r2, [pc, #28]	@ (800289c <cbprintf_package_copy+0x2c>)
 8002880:	9b0c      	ldr	r3, [sp, #48]	@ 0x30
 8002882:	9302      	str	r3, [sp, #8]
 8002884:	9b0b      	ldr	r3, [sp, #44]	@ 0x2c
 8002886:	9301      	str	r3, [sp, #4]
 8002888:	9b0a      	ldr	r3, [sp, #40]	@ 0x28
 800288a:	9300      	str	r3, [sp, #0]
 800288c:	ab05      	add	r3, sp, #20
 800288e:	f7ff f973 	bl	8001b78 <cbprintf_package_convert>
					packaged ? z_cbprintf_cpy : NULL, &buf_desc,
					flags, strl, strl_len);
}
 8002892:	b009      	add	sp, #36	@ 0x24
 8002894:	f85d fb04 	ldr.w	pc, [sp], #4
	return cbprintf_package_convert(in_packaged, in_len,
 8002898:	2200      	movs	r2, #0
 800289a:	e7f1      	b.n	8002880 <cbprintf_package_copy+0x10>
 800289c:	080089ad 	.word	0x080089ad

080028a0 <z_impl_z_log_msg_static_create>:
}

void z_impl_z_log_msg_static_create(const void *source,
			      const struct log_msg_desc desc,
			      uint8_t *package, const void *data)
{
 80028a0:	e92d 4ff0 	stmdb	sp!, {r4, r5, r6, r7, r8, r9, sl, fp, lr}
 80028a4:	b08b      	sub	sp, #44	@ 0x2c
 80028a6:	af04      	add	r7, sp, #16
 80028a8:	4605      	mov	r5, r0
 80028aa:	461e      	mov	r6, r3

	if (!BACKENDS_IN_USE()) {
		return;
	}

	struct log_msg_desc out_desc = desc;
 80028ac:	4688      	mov	r8, r1
	int inlen = desc.package_len;
 80028ae:	f3c1 244a 	ubfx	r4, r1, #9, #11
	struct log_msg *msg;

	if (inlen > 0) {
 80028b2:	2c00      	cmp	r4, #0
 80028b4:	f000 8089 	beq.w	80029ca <z_impl_z_log_msg_static_create+0x12a>
 80028b8:	4691      	mov	r9, r2
	struct z_cbprintf_buf_desc buf_desc = {
 80028ba:	2200      	movs	r2, #0
 80028bc:	60fa      	str	r2, [r7, #12]
 80028be:	613a      	str	r2, [r7, #16]
 80028c0:	617a      	str	r2, [r7, #20]
	return cbprintf_package_convert(in_packaged, in_len,
 80028c2:	2304      	movs	r3, #4
 80028c4:	9302      	str	r3, [sp, #8]
 80028c6:	18fb      	adds	r3, r7, r3
 80028c8:	9301      	str	r3, [sp, #4]
 80028ca:	230a      	movs	r3, #10
 80028cc:	9300      	str	r3, [sp, #0]
 80028ce:	f107 030c 	add.w	r3, r7, #12
 80028d2:	4621      	mov	r1, r4
 80028d4:	4648      	mov	r0, r9
 80028d6:	f7ff f94f 	bl	8001b78 <cbprintf_package_convert>

		len = cbprintf_package_copy(package, inlen,
					    NULL, 0, flags,
					    strl, ARRAY_SIZE(strl));

		if (len > Z_LOG_MSG_MAX_PACKAGE) {
 80028da:	f5b0 6f00 	cmp.w	r0, #2048	@ 0x800
 80028de:	d358      	bcc.n	8002992 <z_impl_z_log_msg_static_create+0xf2>
			struct cbprintf_package_hdr_ext *pkg =
				(struct cbprintf_package_hdr_ext *)package;

			LOG_WRN("Message (\"%s\") dropped because it exceeds size limitation (%u)",
 80028e0:	f8d9 1004 	ldr.w	r1, [r9, #4]
 80028e4:	466d      	mov	r5, sp
 80028e6:	2300      	movs	r3, #0
 80028e8:	733b      	strb	r3, [r7, #12]
 80028ea:	2302      	movs	r3, #2
 80028ec:	737b      	strb	r3, [r7, #13]
 80028ee:	b08a      	sub	sp, #40	@ 0x28
 80028f0:	ac04      	add	r4, sp, #16
 80028f2:	f114 0210 	adds.w	r2, r4, #16
 80028f6:	d017      	beq.n	8002928 <z_impl_z_log_msg_static_create+0x88>
 80028f8:	2012      	movs	r0, #18
 80028fa:	b11a      	cbz	r2, 8002904 <z_impl_z_log_msg_static_create+0x64>
 80028fc:	2804      	cmp	r0, #4
 80028fe:	dd01      	ble.n	8002904 <z_impl_z_log_msg_static_create+0x64>
 8002900:	4b3b      	ldr	r3, [pc, #236]	@ (80029f0 <z_impl_z_log_msg_static_create+0x150>)
 8002902:	6163      	str	r3, [r4, #20]
 8002904:	2300      	movs	r3, #0
 8002906:	703b      	strb	r3, [r7, #0]
 8002908:	2302      	movs	r3, #2
 800290a:	707b      	strb	r3, [r7, #1]
 800290c:	b1ca      	cbz	r2, 8002942 <z_impl_z_log_msg_static_create+0xa2>
 800290e:	4603      	mov	r3, r0
 8002910:	2808      	cmp	r0, #8
 8002912:	dd00      	ble.n	8002916 <z_impl_z_log_msg_static_create+0x76>
 8002914:	61a1      	str	r1, [r4, #24]
 8002916:	2b0c      	cmp	r3, #12
 8002918:	dd02      	ble.n	8002920 <z_impl_z_log_msg_static_create+0x80>
 800291a:	f240 73ff 	movw	r3, #2047	@ 0x7ff
 800291e:	61e3      	str	r3, [r4, #28]
 8002920:	f104 0320 	add.w	r3, r4, #32
 8002924:	2100      	movs	r1, #0
 8002926:	e00a      	b.n	800293e <z_impl_z_log_msg_static_create+0x9e>
 8002928:	f06f 4000 	mvn.w	r0, #2147483648	@ 0x80000000
 800292c:	e7e5      	b.n	80028fa <z_impl_z_log_msg_static_create+0x5a>
 800292e:	f101 0618 	add.w	r6, r1, #24
 8002932:	443e      	add	r6, r7
 8002934:	f816 6c18 	ldrb.w	r6, [r6, #-24]
 8002938:	f803 6b01 	strb.w	r6, [r3], #1
 800293c:	3101      	adds	r1, #1
 800293e:	2901      	cmp	r1, #1
 8002940:	d9f5      	bls.n	800292e <z_impl_z_log_msg_static_create+0x8e>
 8002942:	2811      	cmp	r0, #17
 8002944:	dd22      	ble.n	800298c <z_impl_z_log_msg_static_create+0xec>
 8002946:	2312      	movs	r3, #18
 8002948:	b142      	cbz	r2, 800295c <z_impl_z_log_msg_static_create+0xbc>
 800294a:	2104      	movs	r1, #4
 800294c:	7339      	strb	r1, [r7, #12]
 800294e:	2100      	movs	r1, #0
 8002950:	7379      	strb	r1, [r7, #13]
 8002952:	73b9      	strb	r1, [r7, #14]
 8002954:	2101      	movs	r1, #1
 8002956:	73f9      	strb	r1, [r7, #15]
 8002958:	68f8      	ldr	r0, [r7, #12]
 800295a:	6120      	str	r0, [r4, #16]
 800295c:	2100      	movs	r1, #0
 800295e:	f021 0101 	bic.w	r1, r1, #1
 8002962:	f021 0102 	bic.w	r1, r1, #2
 8002966:	f021 0104 	bic.w	r1, r1, #4
 800296a:	f021 0138 	bic.w	r1, r1, #56	@ 0x38
 800296e:	2002      	movs	r0, #2
 8002970:	f360 1188 	bfi	r1, r0, #6, #3
 8002974:	f3c3 030a 	ubfx	r3, r3, #0, #11
 8002978:	f363 2153 	bfi	r1, r3, #9, #11
 800297c:	2300      	movs	r3, #0
 800297e:	f3c1 0113 	ubfx	r1, r1, #0, #20
 8002982:	481c      	ldr	r0, [pc, #112]	@ (80029f4 <z_impl_z_log_msg_static_create+0x154>)
 8002984:	f006 f895 	bl	8008ab2 <z_log_msg_static_create>
 8002988:	46ad      	mov	sp, r5
				pkg->fmt, (uint32_t)Z_LOG_MSG_MAX_PACKAGE);
			return;
 800298a:	e02d      	b.n	80029e8 <z_impl_z_log_msg_static_create+0x148>
			LOG_WRN("Message (\"%s\") dropped because it exceeds size limitation (%u)",
 800298c:	f06f 031b 	mvn.w	r3, #27
 8002990:	e7da      	b.n	8002948 <z_impl_z_log_msg_static_create+0xa8>
		}
		/* Update package length with calculated value (which may be extended
		 * when strings are copied into the package.
		 */
		out_desc.package_len = len;
 8002992:	f360 2853 	bfi	r8, r0, #9, #11
 *
 * @return Length.
 */
static inline uint32_t log_msg_get_total_wlen(const struct log_msg_desc desc)
{
	return Z_LOG_MSG_ALIGNED_WLEN(desc.package_len, desc.data_len);
 8002996:	f3c0 0a0a 	ubfx	sl, r0, #0, #11
 800299a:	eb0a 5018 	add.w	r0, sl, r8, lsr #20
 800299e:	3017      	adds	r0, #23
 80029a0:	f020 0007 	bic.w	r0, r0, #7
		msg = z_log_msg_alloc(log_msg_get_total_wlen(out_desc));
 80029a4:	0880      	lsrs	r0, r0, #2
 80029a6:	f7ff fe05 	bl	80025b4 <z_log_msg_alloc>
		if (msg) {
 80029aa:	4683      	mov	fp, r0
 80029ac:	b1b0      	cbz	r0, 80029dc <z_impl_z_log_msg_static_create+0x13c>
			len = cbprintf_package_copy(package, inlen,
 80029ae:	2304      	movs	r3, #4
 80029b0:	9302      	str	r3, [sp, #8]
 80029b2:	18fb      	adds	r3, r7, r3
 80029b4:	9301      	str	r3, [sp, #4]
 80029b6:	230a      	movs	r3, #10
 80029b8:	9300      	str	r3, [sp, #0]
 80029ba:	4653      	mov	r3, sl
 80029bc:	f100 0210 	add.w	r2, r0, #16
 80029c0:	4621      	mov	r1, r4
 80029c2:	4648      	mov	r0, r9
 80029c4:	f7ff ff54 	bl	8002870 <cbprintf_package_copy>
						    msg->data, out_desc.package_len,
						    flags, strl, ARRAY_SIZE(strl));
			__ASSERT_NO_MSG(len >= 0);
 80029c8:	e008      	b.n	80029dc <z_impl_z_log_msg_static_create+0x13c>
 80029ca:	eb04 5411 	add.w	r4, r4, r1, lsr #20
 80029ce:	3417      	adds	r4, #23
 80029d0:	f024 0407 	bic.w	r4, r4, #7
		}
	} else {
		msg = z_log_msg_alloc(log_msg_get_total_wlen(out_desc));
 80029d4:	08a0      	lsrs	r0, r4, #2
 80029d6:	f7ff fded 	bl	80025b4 <z_log_msg_alloc>
 80029da:	4683      	mov	fp, r0
	}

	z_log_msg_finalize(msg, source, out_desc, data);
 80029dc:	4633      	mov	r3, r6
 80029de:	4642      	mov	r2, r8
 80029e0:	4629      	mov	r1, r5
 80029e2:	4658      	mov	r0, fp
 80029e4:	f005 fffb 	bl	80089de <z_log_msg_finalize>
}
 80029e8:	371c      	adds	r7, #28
 80029ea:	46bd      	mov	sp, r7
 80029ec:	e8bd 8ff0 	ldmia.w	sp!, {r4, r5, r6, r7, r8, r9, sl, fp, pc}
 80029f0:	0800ae34 	.word	0x0800ae34
 80029f4:	0800aa5c 	.word	0x0800aa5c

080029f8 <z_log_msg_runtime_vcreate>:
#endif

void z_log_msg_runtime_vcreate(uint8_t domain_id, const void *source,
				uint8_t level, const void *data, size_t dlen,
				uint32_t package_flags, const char *fmt, va_list ap)
{
 80029f8:	e92d 4ff0 	stmdb	sp!, {r4, r5, r6, r7, r8, r9, sl, fp, lr}
 80029fc:	b085      	sub	sp, #20
 80029fe:	4681      	mov	r9, r0
 8002a00:	460e      	mov	r6, r1
 8002a02:	4690      	mov	r8, r2
 8002a04:	461f      	mov	r7, r3
 8002a06:	f8dd b038 	ldr.w	fp, [sp, #56]	@ 0x38
 8002a0a:	f8dd a040 	ldr.w	sl, [sp, #64]	@ 0x40
	int plen;

	if (fmt) {
 8002a0e:	f1ba 0f00 	cmp.w	sl, #0
 8002a12:	d041      	beq.n	8002a98 <z_log_msg_runtime_vcreate+0xa0>
		va_list ap2;

		va_copy(ap2, ap);
 8002a14:	9b11      	ldr	r3, [sp, #68]	@ 0x44
 8002a16:	9303      	str	r3, [sp, #12]
		plen = cbvprintf_package(NULL, Z_LOG_MSG_ALIGN_OFFSET,
 8002a18:	9300      	str	r3, [sp, #0]
 8002a1a:	4653      	mov	r3, sl
 8002a1c:	9a0f      	ldr	r2, [sp, #60]	@ 0x3c
 8002a1e:	2110      	movs	r1, #16
 8002a20:	2000      	movs	r0, #0
 8002a22:	f7fe fe5f 	bl	80016e4 <cbvprintf_package>
 8002a26:	4605      	mov	r5, r0
		va_end(ap2);
	} else {
		plen = 0;
	}

	if (plen > Z_LOG_MSG_MAX_PACKAGE) {
 8002a28:	f5b0 6f00 	cmp.w	r0, #2048	@ 0x800
 8002a2c:	d22c      	bcs.n	8002a88 <z_log_msg_runtime_vcreate+0x90>
		LOG_WRN("Message dropped because it exceeds size limitation (%u)",
			(uint32_t)Z_LOG_MSG_MAX_PACKAGE);
		return;
	}

	size_t msg_wlen = Z_LOG_MSG_ALIGNED_WLEN(plen, dlen);
 8002a2e:	eb0b 0005 	add.w	r0, fp, r5
 8002a32:	3017      	adds	r0, #23
 8002a34:	f020 0007 	bic.w	r0, r0, #7
 8002a38:	0880      	lsrs	r0, r0, #2
	struct log_msg *msg;
	uint8_t *pkg;
	struct log_msg_desc desc =
 8002a3a:	2400      	movs	r4, #0
 8002a3c:	f024 0401 	bic.w	r4, r4, #1
 8002a40:	f024 0402 	bic.w	r4, r4, #2
 8002a44:	f024 0404 	bic.w	r4, r4, #4
 8002a48:	f369 04c5 	bfi	r4, r9, #3, #3
 8002a4c:	f368 1488 	bfi	r4, r8, #6, #3
 8002a50:	f365 2453 	bfi	r4, r5, #9, #11
 8002a54:	f36b 541f 	bfi	r4, fp, #20, #12
	if (k_is_user_context()) {
		pkg = alloca(plen);
		msg = NULL;
	} else if (IS_ENABLED(CONFIG_LOG_MODE_DEFERRED) && BACKENDS_IN_USE()) {
		compiler_barrier();
		msg = z_log_msg_alloc(msg_wlen);
 8002a58:	f7ff fdac 	bl	80025b4 <z_log_msg_alloc>
		if (IS_ENABLED(CONFIG_LOG_FRONTEND) && msg == NULL) {
			pkg = alloca(plen);
		} else {
			pkg = msg ? msg->data : NULL;
 8002a5c:	4680      	mov	r8, r0
 8002a5e:	b150      	cbz	r0, 8002a76 <z_log_msg_runtime_vcreate+0x7e>
 8002a60:	3010      	adds	r0, #16
		compiler_barrier();
		msg = alloca(msg_wlen * sizeof(int));
		pkg = msg->data;
	}

	if (pkg && fmt) {
 8002a62:	f1ba 0f00 	cmp.w	sl, #0
 8002a66:	d006      	beq.n	8002a76 <z_log_msg_runtime_vcreate+0x7e>
		plen = cbvprintf_package(pkg, (size_t)plen, package_flags, fmt, ap);
 8002a68:	9b11      	ldr	r3, [sp, #68]	@ 0x44
 8002a6a:	9300      	str	r3, [sp, #0]
 8002a6c:	4653      	mov	r3, sl
 8002a6e:	9a0f      	ldr	r2, [sp, #60]	@ 0x3c
 8002a70:	4629      	mov	r1, r5
 8002a72:	f7fe fe37 	bl	80016e4 <cbvprintf_package>
		    frontend_runtime_filtering(source, desc.level)) {
			log_frontend_msg(source, desc, pkg, data);
		}

		if (BACKENDS_IN_USE()) {
			z_log_msg_finalize(msg, source, desc, data);
 8002a76:	463b      	mov	r3, r7
 8002a78:	4622      	mov	r2, r4
 8002a7a:	4631      	mov	r1, r6
 8002a7c:	4640      	mov	r0, r8
 8002a7e:	f005 ffae 	bl	80089de <z_log_msg_finalize>
		}
	}
}
 8002a82:	b005      	add	sp, #20
 8002a84:	e8bd 8ff0 	ldmia.w	sp!, {r4, r5, r6, r7, r8, r9, sl, fp, pc}
	z_impl_z_log_msg_simple_create_1(source, level, fmt, arg);
 8002a88:	f240 73ff 	movw	r3, #2047	@ 0x7ff
 8002a8c:	4a03      	ldr	r2, [pc, #12]	@ (8002a9c <z_log_msg_runtime_vcreate+0xa4>)
 8002a8e:	2102      	movs	r1, #2
 8002a90:	4803      	ldr	r0, [pc, #12]	@ (8002aa0 <z_log_msg_runtime_vcreate+0xa8>)
 8002a92:	f005 fff6 	bl	8008a82 <z_impl_z_log_msg_simple_create_1>
		return;
 8002a96:	e7f4      	b.n	8002a82 <z_log_msg_runtime_vcreate+0x8a>
		plen = 0;
 8002a98:	2500      	movs	r5, #0
 8002a9a:	e7c8      	b.n	8002a2e <z_log_msg_runtime_vcreate+0x36>
 8002a9c:	0800ae74 	.word	0x0800ae74
 8002aa0:	0800aa5c 	.word	0x0800aa5c

08002aa4 <log_msg_get_source_id>:
 *
 * @return Pointer to the source data.
 */
static inline const void *log_msg_get_source(struct log_msg *msg)
{
	return msg->hdr.source;
 8002aa4:	6840      	ldr	r0, [r0, #4]
		return (int16_t)(uintptr_t)log_msg_get_source(msg);
	}

	void *source = (void *)log_msg_get_source(msg);

	if (source != NULL) {
 8002aa6:	b120      	cbz	r0, 8002ab2 <log_msg_get_source_id+0xe>
 * @return Source ID.
 */
static inline uint32_t log_const_source_id(
				const struct log_source_const_data *data)
{
	return ((const uint8_t *)data - (uint8_t *)TYPE_SECTION_START(log_const))/
 8002aa8:	4b03      	ldr	r3, [pc, #12]	@ (8002ab8 <log_msg_get_source_id+0x14>)
 8002aaa:	1ac0      	subs	r0, r0, r3
		return log_source_id(source);
 8002aac:	f340 00cf 	sbfx	r0, r0, #3, #16
 8002ab0:	4770      	bx	lr
	}

	return -1;
 8002ab2:	f04f 30ff 	mov.w	r0, #4294967295
}
 8002ab6:	4770      	bx	lr
 8002ab8:	0800aa44 	.word	0x0800aa44

08002abc <print_formatted>:
	return 0;
}

static int print_formatted(const struct log_output *output,
			   const char *fmt, ...)
{
 8002abc:	b40e      	push	{r1, r2, r3}
 8002abe:	b500      	push	{lr}
 8002ac0:	b082      	sub	sp, #8
 8002ac2:	4601      	mov	r1, r0
 8002ac4:	ab03      	add	r3, sp, #12
 8002ac6:	f853 2b04 	ldr.w	r2, [r3], #4
	va_list args;
	int length = 0;

	va_start(args, fmt);
 8002aca:	9301      	str	r3, [sp, #4]
	length = cbvprintf(out_func, (void *)output, fmt, args);
 8002acc:	4803      	ldr	r0, [pc, #12]	@ (8002adc <print_formatted+0x20>)
 8002ace:	f001 f8bd 	bl	8003c4c <cbvprintf>
	va_end(args);

	return length;
}
 8002ad2:	b002      	add	sp, #8
 8002ad4:	f85d eb04 	ldr.w	lr, [sp], #4
 8002ad8:	b003      	add	sp, #12
 8002ada:	4770      	bx	lr
 8002adc:	08008ae9 	.word	0x08008ae9

08002ae0 <timestamp_print>:

static int timestamp_print(const struct log_output *output,
			   uint32_t flags, log_timestamp_t timestamp)
{
 8002ae0:	b510      	push	{r4, lr}
 8002ae2:	b084      	sub	sp, #16
		(flags & LOG_OUTPUT_FLAG_FORMAT_SYSLOG) |
		IS_ENABLED(CONFIG_LOG_OUTPUT_FORMAT_LINUX_TIMESTAMP) |
		IS_ENABLED(CONFIG_LOG_OUTPUT_FORMAT_CUSTOM_TIMESTAMP);


	if (!format) {
 8002ae4:	f011 0f44 	tst.w	r1, #68	@ 0x44
 8002ae8:	d005      	beq.n	8002af6 <timestamp_print+0x16>
#ifndef CONFIG_LOG_TIMESTAMP_64BIT
		length = print_formatted(output, "[%08lu] ", timestamp);
#else
		length = print_formatted(output, "[%016llu] ", timestamp);
#endif
	} else if (freq != 0U) {
 8002aea:	4b1a      	ldr	r3, [pc, #104]	@ (8002b54 <timestamp_print+0x74>)
 8002aec:	681b      	ldr	r3, [r3, #0]
 8002aee:	b933      	cbnz	r3, 8002afe <timestamp_print+0x1e>
							"[%02u:%02u:%02u.%03u,%03u] ",
							hours, mins, seconds, ms, us);
			}
		}
	} else {
		length = 0;
 8002af0:	2000      	movs	r0, #0
	}

	return length;
}
 8002af2:	b004      	add	sp, #16
 8002af4:	bd10      	pop	{r4, pc}
		length = print_formatted(output, "[%08lu] ", timestamp);
 8002af6:	4918      	ldr	r1, [pc, #96]	@ (8002b58 <timestamp_print+0x78>)
 8002af8:	f7ff ffe0 	bl	8002abc <print_formatted>
 8002afc:	e7f9      	b.n	8002af2 <timestamp_print+0x12>
		timestamp /= timestamp_div;
 8002afe:	4917      	ldr	r1, [pc, #92]	@ (8002b5c <timestamp_print+0x7c>)
 8002b00:	6809      	ldr	r1, [r1, #0]
 8002b02:	fbb2 f2f1 	udiv	r2, r2, r1
		total_seconds = timestamp / freq;
 8002b06:	fbb2 fcf3 	udiv	ip, r2, r3
		remainder = timestamp % freq;
 8002b0a:	fb03 221c 	mls	r2, r3, ip, r2
		ms = (remainder * 1000U) / freq;
 8002b0e:	f44f 7e7a 	mov.w	lr, #1000	@ 0x3e8
 8002b12:	fb0e f202 	mul.w	r2, lr, r2
 8002b16:	fbb2 f4f3 	udiv	r4, r2, r3
		us = (1000 * (remainder * 1000U - (ms * freq))) / freq;
 8002b1a:	fb03 2114 	mls	r1, r3, r4, r2
 8002b1e:	fb0e f101 	mul.w	r1, lr, r1
 8002b22:	fbb1 f1f3 	udiv	r1, r1, r3
				hours = seconds / 3600U;
 8002b26:	4a0e      	ldr	r2, [pc, #56]	@ (8002b60 <timestamp_print+0x80>)
 8002b28:	fba2 320c 	umull	r3, r2, r2, ip
 8002b2c:	0ad2      	lsrs	r2, r2, #11
				seconds -= hours * 3600U;
 8002b2e:	f44f 6361 	mov.w	r3, #3600	@ 0xe10
 8002b32:	fb03 cc12 	mls	ip, r3, r2, ip
				mins = seconds / 60U;
 8002b36:	4b0b      	ldr	r3, [pc, #44]	@ (8002b64 <timestamp_print+0x84>)
 8002b38:	fba3 e30c 	umull	lr, r3, r3, ip
 8002b3c:	095b      	lsrs	r3, r3, #5
				length = print_formatted(output,
 8002b3e:	9102      	str	r1, [sp, #8]
 8002b40:	9401      	str	r4, [sp, #4]
 8002b42:	ebc3 1103 	rsb	r1, r3, r3, lsl #4
 8002b46:	ebac 0181 	sub.w	r1, ip, r1, lsl #2
 8002b4a:	9100      	str	r1, [sp, #0]
 8002b4c:	4906      	ldr	r1, [pc, #24]	@ (8002b68 <timestamp_print+0x88>)
 8002b4e:	f7ff ffb5 	bl	8002abc <print_formatted>
 8002b52:	e7ce      	b.n	8002af2 <timestamp_print+0x12>
 8002b54:	2000106c 	.word	0x2000106c
 8002b58:	0800aeac 	.word	0x0800aeac
 8002b5c:	20001068 	.word	0x20001068
 8002b60:	91a2b3c5 	.word	0x91a2b3c5
 8002b64:	88888889 	.word	0x88888889
 8002b68:	0800aeb8 	.word	0x0800aeb8

08002b6c <color_print>:

static void color_print(const struct log_output *output,
			bool color, bool start, uint32_t level)
{
	if (color) {
 8002b6c:	b161      	cbz	r1, 8002b88 <color_print+0x1c>
{
 8002b6e:	b508      	push	{r3, lr}
		const char *log_color = start && (colors[level] != NULL) ?
				colors[level] : LOG_COLOR_CODE_DEFAULT;
 8002b70:	b12a      	cbz	r2, 8002b7e <color_print+0x12>
		const char *log_color = start && (colors[level] != NULL) ?
 8002b72:	4a06      	ldr	r2, [pc, #24]	@ (8002b8c <color_print+0x20>)
 8002b74:	f852 2023 	ldr.w	r2, [r2, r3, lsl #2]
 8002b78:	b912      	cbnz	r2, 8002b80 <color_print+0x14>
				colors[level] : LOG_COLOR_CODE_DEFAULT;
 8002b7a:	4a05      	ldr	r2, [pc, #20]	@ (8002b90 <color_print+0x24>)
 8002b7c:	e000      	b.n	8002b80 <color_print+0x14>
 8002b7e:	4a04      	ldr	r2, [pc, #16]	@ (8002b90 <color_print+0x24>)
		print_formatted(output, "%s", log_color);
 8002b80:	4904      	ldr	r1, [pc, #16]	@ (8002b94 <color_print+0x28>)
 8002b82:	f7ff ff9b 	bl	8002abc <print_formatted>
	}
}
 8002b86:	bd08      	pop	{r3, pc}
 8002b88:	4770      	bx	lr
 8002b8a:	bf00      	nop
 8002b8c:	0800baf8 	.word	0x0800baf8
 8002b90:	0800aed4 	.word	0x0800aed4
 8002b94:	0800aedc 	.word	0x0800aedc

08002b98 <ids_print>:
		     const char *domain,
		     const char *source,
		     k_tid_t tid,
		     uint8_t core_id,
		     uint32_t level)
{
 8002b98:	e92d 41f0 	stmdb	sp!, {r4, r5, r6, r7, r8, lr}
 8002b9c:	4605      	mov	r5, r0
 8002b9e:	4617      	mov	r7, r2
 8002ba0:	9e07      	ldr	r6, [sp, #28]
 8002ba2:	f8dd 8020 	ldr.w	r8, [sp, #32]
	int total = 0;

	if (level_on) {
 8002ba6:	b981      	cbnz	r1, 8002bca <ids_print+0x32>
	int total = 0;
 8002ba8:	2400      	movs	r4, #0

	if (IS_ENABLED(CONFIG_LOG_CORE_ID_PREFIX) && core_on) {
		total += print_formatted(output, "[core %d] ", core_id);
	}

	if (domain) {
 8002baa:	b12e      	cbz	r6, 8002bb8 <ids_print+0x20>
		total += print_formatted(output, "%s/", domain);
 8002bac:	4632      	mov	r2, r6
 8002bae:	4911      	ldr	r1, [pc, #68]	@ (8002bf4 <ids_print+0x5c>)
 8002bb0:	4628      	mov	r0, r5
 8002bb2:	f7ff ff83 	bl	8002abc <print_formatted>
 8002bb6:	4404      	add	r4, r0
	}

	if (source) {
 8002bb8:	f1b8 0f00 	cmp.w	r8, #0
 8002bbc:	d014      	beq.n	8002be8 <ids_print+0x50>
		total += print_formatted(output,
 8002bbe:	b16f      	cbz	r7, 8002bdc <ids_print+0x44>
				(func_on &&
 8002bc0:	9b0b      	ldr	r3, [sp, #44]	@ 0x2c
 8002bc2:	2b04      	cmp	r3, #4
 8002bc4:	d013      	beq.n	8002bee <ids_print+0x56>
		total += print_formatted(output,
 8002bc6:	490c      	ldr	r1, [pc, #48]	@ (8002bf8 <ids_print+0x60>)
 8002bc8:	e009      	b.n	8002bde <ids_print+0x46>
		total += print_formatted(output, "<%s> ", severity[level]);
 8002bca:	4b0c      	ldr	r3, [pc, #48]	@ (8002bfc <ids_print+0x64>)
 8002bcc:	9a0b      	ldr	r2, [sp, #44]	@ 0x2c
 8002bce:	f853 2022 	ldr.w	r2, [r3, r2, lsl #2]
 8002bd2:	490b      	ldr	r1, [pc, #44]	@ (8002c00 <ids_print+0x68>)
 8002bd4:	f7ff ff72 	bl	8002abc <print_formatted>
 8002bd8:	4604      	mov	r4, r0
 8002bda:	e7e6      	b.n	8002baa <ids_print+0x12>
		total += print_formatted(output,
 8002bdc:	4906      	ldr	r1, [pc, #24]	@ (8002bf8 <ids_print+0x60>)
 8002bde:	4642      	mov	r2, r8
 8002be0:	4628      	mov	r0, r5
 8002be2:	f7ff ff6b 	bl	8002abc <print_formatted>
 8002be6:	4404      	add	r4, r0
				"%s." : "%s: ",
				source);
	}

	return total;
}
 8002be8:	4620      	mov	r0, r4
 8002bea:	e8bd 81f0 	ldmia.w	sp!, {r4, r5, r6, r7, r8, pc}
		total += print_formatted(output,
 8002bee:	4905      	ldr	r1, [pc, #20]	@ (8002c04 <ids_print+0x6c>)
 8002bf0:	e7f5      	b.n	8002bde <ids_print+0x46>
 8002bf2:	bf00      	nop
 8002bf4:	0800aef4 	.word	0x0800aef4
 8002bf8:	0800aee4 	.word	0x0800aee4
 8002bfc:	0800bb0c 	.word	0x0800bb0c
 8002c00:	0800aeec 	.word	0x0800aeec
 8002c04:	0800aee0 	.word	0x0800aee0

08002c08 <prefix_print>:
			     const char *domain,
			     const char *source,
			     k_tid_t tid,
			     uint8_t core_id,
			     uint8_t level)
{
 8002c08:	e92d 4ff0 	stmdb	sp!, {r4, r5, r6, r7, r8, r9, sl, fp, lr}
 8002c0c:	b089      	sub	sp, #36	@ 0x24
 8002c0e:	4605      	mov	r5, r0
 8002c10:	460c      	mov	r4, r1
 8002c12:	9206      	str	r2, [sp, #24]
 8002c14:	9307      	str	r3, [sp, #28]
 8002c16:	f89d 7058 	ldrb.w	r7, [sp, #88]	@ 0x58
	__ASSERT_NO_MSG(level <= LOG_LEVEL_DBG);
	uint32_t length = 0U;

	bool stamp = flags & LOG_OUTPUT_FLAG_TIMESTAMP;
 8002c1a:	f001 0b02 	and.w	fp, r1, #2
	bool colors_on = flags & LOG_OUTPUT_FLAG_COLORS;
 8002c1e:	f001 0a01 	and.w	sl, r1, #1
	bool level_on = flags & LOG_OUTPUT_FLAG_LEVEL;
 8002c22:	f3c1 08c0 	ubfx	r8, r1, #3, #1
	bool thread_on = IS_ENABLED(CONFIG_LOG_THREAD_ID_PREFIX) &&
			 (flags & LOG_OUTPUT_FLAG_THREAD);
	bool core_on = IS_ENABLED(CONFIG_LOG_CORE_ID_PREFIX) &&
			 (flags & LOG_OUTPUT_FLAG_CORE);
	bool source_off = flags & LOG_OUTPUT_FLAG_SKIP_SOURCE;
 8002c26:	f401 7980 	and.w	r9, r1, #256	@ 0x100
	const char *tag = IS_ENABLED(CONFIG_LOG) ? z_log_get_tag() : NULL;
 8002c2a:	f005 feb2 	bl	8008992 <z_log_get_tag>
			"<%d>1 ",
			facility * 8 +
			level_to_rfc5424_severity(level));
	}

	if (tag) {
 8002c2e:	b338      	cbz	r0, 8002c80 <prefix_print+0x78>
 8002c30:	4602      	mov	r2, r0
		length += print_formatted(output, "%s ", tag);
 8002c32:	4918      	ldr	r1, [pc, #96]	@ (8002c94 <prefix_print+0x8c>)
 8002c34:	4628      	mov	r0, r5
 8002c36:	f7ff ff41 	bl	8002abc <print_formatted>
 8002c3a:	4606      	mov	r6, r0
	}

	if (stamp) {
 8002c3c:	f1bb 0f00 	cmp.w	fp, #0
 8002c40:	d120      	bne.n	8002c84 <prefix_print+0x7c>
	if (IS_ENABLED(CONFIG_LOG_BACKEND_NET) &&
	    flags & LOG_OUTPUT_FLAG_FORMAT_SYSLOG) {
		length += syslog_print(output, level_on, func_on, &thread_on, domain,
				       source_off ? NULL : source, tid, level, length);
	} else {
		color_prefix(output, colors_on, level);
 8002c42:	463a      	mov	r2, r7
 8002c44:	4651      	mov	r1, sl
 8002c46:	4628      	mov	r0, r5
 8002c48:	f005 ff79 	bl	8008b3e <color_prefix>
	}

	length += ids_print(output, level_on, func_on, thread_on, core_on, domain,
 8002c4c:	f1b9 0f00 	cmp.w	r9, #0
 8002c50:	d001      	beq.n	8002c56 <prefix_print+0x4e>
 8002c52:	2300      	movs	r3, #0
 8002c54:	9313      	str	r3, [sp, #76]	@ 0x4c
 8002c56:	9705      	str	r7, [sp, #20]
 8002c58:	f89d 3054 	ldrb.w	r3, [sp, #84]	@ 0x54
 8002c5c:	9304      	str	r3, [sp, #16]
 8002c5e:	9b14      	ldr	r3, [sp, #80]	@ 0x50
 8002c60:	9303      	str	r3, [sp, #12]
 8002c62:	9b13      	ldr	r3, [sp, #76]	@ 0x4c
 8002c64:	9302      	str	r3, [sp, #8]
 8002c66:	9b12      	ldr	r3, [sp, #72]	@ 0x48
 8002c68:	9301      	str	r3, [sp, #4]
 8002c6a:	2300      	movs	r3, #0
 8002c6c:	9300      	str	r3, [sp, #0]
 8002c6e:	9a06      	ldr	r2, [sp, #24]
 8002c70:	4641      	mov	r1, r8
 8002c72:	4628      	mov	r0, r5
 8002c74:	f7ff ff90 	bl	8002b98 <ids_print>
			    source_off ? NULL : source, tid, core_id, level);

	return length;
}
 8002c78:	4430      	add	r0, r6
 8002c7a:	b009      	add	sp, #36	@ 0x24
 8002c7c:	e8bd 8ff0 	ldmia.w	sp!, {r4, r5, r6, r7, r8, r9, sl, fp, pc}
	uint32_t length = 0U;
 8002c80:	2600      	movs	r6, #0
 8002c82:	e7db      	b.n	8002c3c <prefix_print+0x34>
		length += timestamp_print(output, flags, timestamp);
 8002c84:	9a07      	ldr	r2, [sp, #28]
 8002c86:	4621      	mov	r1, r4
 8002c88:	4628      	mov	r0, r5
 8002c8a:	f7ff ff29 	bl	8002ae0 <timestamp_print>
 8002c8e:	4406      	add	r6, r0
 8002c90:	e7d7      	b.n	8002c42 <prefix_print+0x3a>
 8002c92:	bf00      	nop
 8002c94:	0800aef8 	.word	0x0800aef8

08002c98 <newline_print>:
	if ((flags & LOG_OUTPUT_FLAG_CRLF_NONE) != 0U) {
 8002c98:	f011 0f10 	tst.w	r1, #16
 8002c9c:	d10b      	bne.n	8002cb6 <newline_print+0x1e>
{
 8002c9e:	b508      	push	{r3, lr}
	if ((flags & LOG_OUTPUT_FLAG_CRLF_LFONLY) != 0U) {
 8002ca0:	f011 0f20 	tst.w	r1, #32
 8002ca4:	d003      	beq.n	8002cae <newline_print+0x16>
		print_formatted(ctx, "\n");
 8002ca6:	4904      	ldr	r1, [pc, #16]	@ (8002cb8 <newline_print+0x20>)
 8002ca8:	f7ff ff08 	bl	8002abc <print_formatted>
}
 8002cac:	bd08      	pop	{r3, pc}
		print_formatted(ctx, "\r\n");
 8002cae:	4903      	ldr	r1, [pc, #12]	@ (8002cbc <newline_print+0x24>)
 8002cb0:	f7ff ff04 	bl	8002abc <print_formatted>
 8002cb4:	e7fa      	b.n	8002cac <newline_print+0x14>
 8002cb6:	4770      	bx	lr
 8002cb8:	0800aefc 	.word	0x0800aefc
 8002cbc:	0800af00 	.word	0x0800af00

08002cc0 <hexdump_line_print>:
{
 8002cc0:	e92d 41f0 	stmdb	sp!, {r4, r5, r6, r7, r8, lr}
 8002cc4:	4605      	mov	r5, r0
 8002cc6:	460f      	mov	r7, r1
 8002cc8:	4616      	mov	r6, r2
 8002cca:	4698      	mov	r8, r3
	newline_print(output, flags);
 8002ccc:	9906      	ldr	r1, [sp, #24]
 8002cce:	f7ff ffe3 	bl	8002c98 <newline_print>
	for (int i = 0; i < prefix_offset; i++) {
 8002cd2:	2400      	movs	r4, #0
 8002cd4:	e004      	b.n	8002ce0 <hexdump_line_print+0x20>
		print_formatted(output, " ");
 8002cd6:	4925      	ldr	r1, [pc, #148]	@ (8002d6c <hexdump_line_print+0xac>)
 8002cd8:	4628      	mov	r0, r5
 8002cda:	f7ff feef 	bl	8002abc <print_formatted>
	for (int i = 0; i < prefix_offset; i++) {
 8002cde:	3401      	adds	r4, #1
 8002ce0:	4544      	cmp	r4, r8
 8002ce2:	dbf8      	blt.n	8002cd6 <hexdump_line_print+0x16>
	for (int i = 0; i < HEXDUMP_BYTES_IN_LINE; i++) {
 8002ce4:	2400      	movs	r4, #0
 8002ce6:	e009      	b.n	8002cfc <hexdump_line_print+0x3c>
			print_formatted(output, " ");
 8002ce8:	4920      	ldr	r1, [pc, #128]	@ (8002d6c <hexdump_line_print+0xac>)
 8002cea:	4628      	mov	r0, r5
 8002cec:	f7ff fee6 	bl	8002abc <print_formatted>
 8002cf0:	e00b      	b.n	8002d0a <hexdump_line_print+0x4a>
			print_formatted(output, "   ");
 8002cf2:	491f      	ldr	r1, [pc, #124]	@ (8002d70 <hexdump_line_print+0xb0>)
 8002cf4:	4628      	mov	r0, r5
 8002cf6:	f7ff fee1 	bl	8002abc <print_formatted>
	for (int i = 0; i < HEXDUMP_BYTES_IN_LINE; i++) {
 8002cfa:	3401      	adds	r4, #1
 8002cfc:	2c0f      	cmp	r4, #15
 8002cfe:	dc0c      	bgt.n	8002d1a <hexdump_line_print+0x5a>
		if (i > 0 && !(i % 8)) {
 8002d00:	2c00      	cmp	r4, #0
 8002d02:	dd02      	ble.n	8002d0a <hexdump_line_print+0x4a>
 8002d04:	f014 0f07 	tst.w	r4, #7
 8002d08:	d0ee      	beq.n	8002ce8 <hexdump_line_print+0x28>
		if (i < length) {
 8002d0a:	42b4      	cmp	r4, r6
 8002d0c:	d2f1      	bcs.n	8002cf2 <hexdump_line_print+0x32>
			print_formatted(output, "%02x ", data[i]);
 8002d0e:	5d3a      	ldrb	r2, [r7, r4]
 8002d10:	4918      	ldr	r1, [pc, #96]	@ (8002d74 <hexdump_line_print+0xb4>)
 8002d12:	4628      	mov	r0, r5
 8002d14:	f7ff fed2 	bl	8002abc <print_formatted>
 8002d18:	e7ef      	b.n	8002cfa <hexdump_line_print+0x3a>
	print_formatted(output, "|");
 8002d1a:	4917      	ldr	r1, [pc, #92]	@ (8002d78 <hexdump_line_print+0xb8>)
 8002d1c:	4628      	mov	r0, r5
 8002d1e:	f7ff fecd 	bl	8002abc <print_formatted>
	for (int i = 0; i < HEXDUMP_BYTES_IN_LINE; i++) {
 8002d22:	2400      	movs	r4, #0
 8002d24:	e009      	b.n	8002d3a <hexdump_line_print+0x7a>
			print_formatted(output, " ");
 8002d26:	4911      	ldr	r1, [pc, #68]	@ (8002d6c <hexdump_line_print+0xac>)
 8002d28:	4628      	mov	r0, r5
 8002d2a:	f7ff fec7 	bl	8002abc <print_formatted>
 8002d2e:	e00b      	b.n	8002d48 <hexdump_line_print+0x88>
			print_formatted(output, "%c",
 8002d30:	4912      	ldr	r1, [pc, #72]	@ (8002d7c <hexdump_line_print+0xbc>)
 8002d32:	4628      	mov	r0, r5
 8002d34:	f7ff fec2 	bl	8002abc <print_formatted>
	for (int i = 0; i < HEXDUMP_BYTES_IN_LINE; i++) {
 8002d38:	3401      	adds	r4, #1
 8002d3a:	2c0f      	cmp	r4, #15
 8002d3c:	dc13      	bgt.n	8002d66 <hexdump_line_print+0xa6>
		if (i > 0 && !(i % 8)) {
 8002d3e:	2c00      	cmp	r4, #0
 8002d40:	dd02      	ble.n	8002d48 <hexdump_line_print+0x88>
 8002d42:	f014 0f07 	tst.w	r4, #7
 8002d46:	d0ee      	beq.n	8002d26 <hexdump_line_print+0x66>
		if (i < length) {
 8002d48:	42b4      	cmp	r4, r6
 8002d4a:	d207      	bcs.n	8002d5c <hexdump_line_print+0x9c>
			unsigned char c = (unsigned char)data[i];
 8002d4c:	5d3a      	ldrb	r2, [r7, r4]
			      isprint((int)c) != 0 ? c : '.');
 8002d4e:	4b0c      	ldr	r3, [pc, #48]	@ (8002d80 <hexdump_line_print+0xc0>)
 8002d50:	5c9b      	ldrb	r3, [r3, r2]
			print_formatted(output, "%c",
 8002d52:	f013 0f97 	tst.w	r3, #151	@ 0x97
 8002d56:	d1eb      	bne.n	8002d30 <hexdump_line_print+0x70>
 8002d58:	222e      	movs	r2, #46	@ 0x2e
 8002d5a:	e7e9      	b.n	8002d30 <hexdump_line_print+0x70>
			print_formatted(output, " ");
 8002d5c:	4903      	ldr	r1, [pc, #12]	@ (8002d6c <hexdump_line_print+0xac>)
 8002d5e:	4628      	mov	r0, r5
 8002d60:	f7ff feac 	bl	8002abc <print_formatted>
 8002d64:	e7e8      	b.n	8002d38 <hexdump_line_print+0x78>
}
 8002d66:	e8bd 81f0 	ldmia.w	sp!, {r4, r5, r6, r7, r8, pc}
 8002d6a:	bf00      	nop
 8002d6c:	0800af04 	.word	0x0800af04
 8002d70:	0800af10 	.word	0x0800af10
 8002d74:	0800af08 	.word	0x0800af08
 8002d78:	0800af14 	.word	0x0800af14
 8002d7c:	0800af18 	.word	0x0800af18
 8002d80:	0800be0c 	.word	0x0800be0c

08002d84 <log_output_process>:
			uint8_t level,
			const uint8_t *package,
			const uint8_t *data,
			size_t data_len,
			uint32_t flags)
{
 8002d84:	e92d 41f0 	stmdb	sp!, {r4, r5, r6, r7, r8, lr}
 8002d88:	b086      	sub	sp, #24
 8002d8a:	4604      	mov	r4, r0
 8002d8c:	f89d 5038 	ldrb.w	r5, [sp, #56]	@ 0x38
 8002d90:	9f0f      	ldr	r7, [sp, #60]	@ 0x3c
 8002d92:	9e11      	ldr	r6, [sp, #68]	@ 0x44
	bool raw_string = (level == LOG_LEVEL_INTERNAL_RAW_STRING);
	uint32_t prefix_offset;
	cbprintf_cb cb;

	if (!raw_string) {
 8002d94:	b995      	cbnz	r5, 8002dbc <log_output_process+0x38>
		prefix_offset = 0;
		/* source set to 1 indicates raw string and contrary to printk
		 * case it should not append anything to the output (printk is
		 * appending <CR> to the new line character).
		 */
		cb = ((uintptr_t)source == 1) ? out_func : cr_out_func;
 8002d96:	2b01      	cmp	r3, #1
 8002d98:	d021      	beq.n	8002dde <log_output_process+0x5a>
 8002d9a:	481a      	ldr	r0, [pc, #104]	@ (8002e04 <log_output_process+0x80>)
		prefix_offset = 0;
 8002d9c:	f04f 0800 	mov.w	r8, #0
	}

	if (package) {
 8002da0:	b127      	cbz	r7, 8002dac <log_output_process+0x28>
		return cbpprintf_external(out, cbvprintf_tagged_args,
					  ctx, packaged);
	}
#endif

	return cbpprintf_external(out, cbvprintf, ctx, packaged);
 8002da2:	463b      	mov	r3, r7
 8002da4:	4622      	mov	r2, r4
 8002da6:	4918      	ldr	r1, [pc, #96]	@ (8002e08 <log_output_process+0x84>)
 8002da8:	f005 f946 	bl	8008038 <cbpprintf_external>

		(void)err;
		__ASSERT_NO_MSG(err >= 0);
	}

	if (data_len) {
 8002dac:	b9de      	cbnz	r6, 8002de6 <log_output_process+0x62>
		log_msg_hexdump(output, (uint8_t *)data, data_len, prefix_offset, flags);
	}

	if (!raw_string) {
 8002dae:	bb1d      	cbnz	r5, 8002df8 <log_output_process+0x74>
		postfix_print(output, flags, level);
	}

	log_output_flush(output);
 8002db0:	4620      	mov	r0, r4
 8002db2:	f005 fe82 	bl	8008aba <log_output_flush>
}
 8002db6:	b006      	add	sp, #24
 8002db8:	e8bd 81f0 	ldmia.w	sp!, {r4, r5, r6, r7, r8, pc}
		prefix_offset = prefix_print(output, flags, 0, timestamp,
 8002dbc:	9504      	str	r5, [sp, #16]
 8002dbe:	f89d 0034 	ldrb.w	r0, [sp, #52]	@ 0x34
 8002dc2:	9003      	str	r0, [sp, #12]
 8002dc4:	980c      	ldr	r0, [sp, #48]	@ 0x30
 8002dc6:	9002      	str	r0, [sp, #8]
 8002dc8:	9301      	str	r3, [sp, #4]
 8002dca:	9200      	str	r2, [sp, #0]
 8002dcc:	460b      	mov	r3, r1
 8002dce:	2200      	movs	r2, #0
 8002dd0:	9912      	ldr	r1, [sp, #72]	@ 0x48
 8002dd2:	4620      	mov	r0, r4
 8002dd4:	f7ff ff18 	bl	8002c08 <prefix_print>
 8002dd8:	4680      	mov	r8, r0
		cb = out_func;
 8002dda:	480c      	ldr	r0, [pc, #48]	@ (8002e0c <log_output_process+0x88>)
 8002ddc:	e7e0      	b.n	8002da0 <log_output_process+0x1c>
		cb = ((uintptr_t)source == 1) ? out_func : cr_out_func;
 8002dde:	480b      	ldr	r0, [pc, #44]	@ (8002e0c <log_output_process+0x88>)
		prefix_offset = 0;
 8002de0:	f04f 0800 	mov.w	r8, #0
 8002de4:	e7dc      	b.n	8002da0 <log_output_process+0x1c>
		log_msg_hexdump(output, (uint8_t *)data, data_len, prefix_offset, flags);
 8002de6:	9b12      	ldr	r3, [sp, #72]	@ 0x48
 8002de8:	9300      	str	r3, [sp, #0]
 8002dea:	4643      	mov	r3, r8
 8002dec:	4632      	mov	r2, r6
 8002dee:	9910      	ldr	r1, [sp, #64]	@ 0x40
 8002df0:	4620      	mov	r0, r4
 8002df2:	f005 febc 	bl	8008b6e <log_msg_hexdump>
 8002df6:	e7da      	b.n	8002dae <log_output_process+0x2a>
		postfix_print(output, flags, level);
 8002df8:	462a      	mov	r2, r5
 8002dfa:	9912      	ldr	r1, [sp, #72]	@ 0x48
 8002dfc:	4620      	mov	r0, r4
 8002dfe:	f005 feaa 	bl	8008b56 <postfix_print>
 8002e02:	e7d5      	b.n	8002db0 <log_output_process+0x2c>
 8002e04:	08008b21 	.word	0x08008b21
 8002e08:	08003c4d 	.word	0x08003c4d
 8002e0c:	08008ae9 	.word	0x08008ae9

08002e10 <log_output_dropped_process>:
			   log_msg_get_core_id(msg), level,
			   plen > 0 ? package : NULL, data, dlen, flags);
}

void log_output_dropped_process(const struct log_output *output, uint32_t cnt)
{
 8002e10:	e92d 43f0 	stmdb	sp!, {r4, r5, r6, r7, r8, r9, lr}
 8002e14:	b083      	sub	sp, #12
 8002e16:	4606      	mov	r6, r0
	char buf[5];
	int len;
	static const char prefix[] = DROPPED_COLOR_PREFIX "--- ";
	static const char postfix[] =
			" messages dropped ---\r\n" DROPPED_COLOR_POSTFIX;
	log_output_func_t outf = output->func;
 8002e18:	6805      	ldr	r5, [r0, #0]

	cnt = MIN(cnt, 9999);
	len = snprintk(buf, sizeof(buf), "%d", cnt);
 8002e1a:	f242 730f 	movw	r3, #9999	@ 0x270f
 8002e1e:	428b      	cmp	r3, r1
 8002e20:	bf28      	it	cs
 8002e22:	460b      	movcs	r3, r1
 8002e24:	4a18      	ldr	r2, [pc, #96]	@ (8002e88 <log_output_dropped_process+0x78>)
 8002e26:	2105      	movs	r1, #5
 8002e28:	4668      	mov	r0, sp
 8002e2a:	f004 fa3f 	bl	80072ac <snprintf>
 8002e2e:	4604      	mov	r4, r0

	log_output_write(outf, (uint8_t *)prefix, sizeof(prefix) - 1, output->control_block->ctx);
 8002e30:	6873      	ldr	r3, [r6, #4]
 8002e32:	f8d3 9004 	ldr.w	r9, [r3, #4]
 */
static inline void log_output_write(log_output_func_t outf, uint8_t *buf, size_t len, void *ctx)
{
	int processed;

	while (len != 0) {
 8002e36:	270b      	movs	r7, #11
 8002e38:	f8df 8050 	ldr.w	r8, [pc, #80]	@ 8002e8c <log_output_dropped_process+0x7c>
 8002e3c:	e005      	b.n	8002e4a <log_output_dropped_process+0x3a>
		processed = outf(buf, len, ctx);
 8002e3e:	464a      	mov	r2, r9
 8002e40:	4639      	mov	r1, r7
 8002e42:	4640      	mov	r0, r8
 8002e44:	47a8      	blx	r5
		len -= processed;
 8002e46:	1a3f      	subs	r7, r7, r0
		buf += processed;
 8002e48:	4480      	add	r8, r0
	while (len != 0) {
 8002e4a:	2f00      	cmp	r7, #0
 8002e4c:	d1f7      	bne.n	8002e3e <log_output_dropped_process+0x2e>
	log_output_write(outf, buf, len, output->control_block->ctx);
 8002e4e:	6873      	ldr	r3, [r6, #4]
 8002e50:	f8d3 8004 	ldr.w	r8, [r3, #4]
 8002e54:	466f      	mov	r7, sp
 8002e56:	e005      	b.n	8002e64 <log_output_dropped_process+0x54>
		processed = outf(buf, len, ctx);
 8002e58:	4642      	mov	r2, r8
 8002e5a:	4621      	mov	r1, r4
 8002e5c:	4638      	mov	r0, r7
 8002e5e:	47a8      	blx	r5
		len -= processed;
 8002e60:	1a24      	subs	r4, r4, r0
		buf += processed;
 8002e62:	4407      	add	r7, r0
	while (len != 0) {
 8002e64:	2c00      	cmp	r4, #0
 8002e66:	d1f7      	bne.n	8002e58 <log_output_dropped_process+0x48>
	log_output_write(outf, (uint8_t *)postfix, sizeof(postfix) - 1, output->control_block->ctx);
 8002e68:	6873      	ldr	r3, [r6, #4]
 8002e6a:	685f      	ldr	r7, [r3, #4]
 8002e6c:	241b      	movs	r4, #27
 8002e6e:	4e08      	ldr	r6, [pc, #32]	@ (8002e90 <log_output_dropped_process+0x80>)
 8002e70:	e005      	b.n	8002e7e <log_output_dropped_process+0x6e>
		processed = outf(buf, len, ctx);
 8002e72:	463a      	mov	r2, r7
 8002e74:	4621      	mov	r1, r4
 8002e76:	4630      	mov	r0, r6
 8002e78:	47a8      	blx	r5
		len -= processed;
 8002e7a:	1a24      	subs	r4, r4, r0
		buf += processed;
 8002e7c:	4406      	add	r6, r0
	while (len != 0) {
 8002e7e:	2c00      	cmp	r4, #0
 8002e80:	d1f7      	bne.n	8002e72 <log_output_dropped_process+0x62>
}
 8002e82:	b003      	add	sp, #12
 8002e84:	e8bd 83f0 	ldmia.w	sp!, {r4, r5, r6, r7, r8, r9, pc}
 8002e88:	0800af1c 	.word	0x0800af1c
 8002e8c:	0800baec 	.word	0x0800baec
 8002e90:	0800bad0 	.word	0x0800bad0

08002e94 <log_output_timestamp_freq_set>:

void log_output_timestamp_freq_set(uint32_t frequency)
{
	timestamp_div = 1U;
 8002e94:	4b07      	ldr	r3, [pc, #28]	@ (8002eb4 <log_output_timestamp_freq_set+0x20>)
 8002e96:	2201      	movs	r2, #1
 8002e98:	601a      	str	r2, [r3, #0]
	/* There is no point to have frequency higher than 1MHz (ns are not
	 * printed) and too high frequency leads to overflows in calculations.
	 */
	while (frequency > 1000000) {
 8002e9a:	e004      	b.n	8002ea6 <log_output_timestamp_freq_set+0x12>
		frequency /= 2U;
 8002e9c:	0840      	lsrs	r0, r0, #1
		timestamp_div *= 2U;
 8002e9e:	4a05      	ldr	r2, [pc, #20]	@ (8002eb4 <log_output_timestamp_freq_set+0x20>)
 8002ea0:	6813      	ldr	r3, [r2, #0]
 8002ea2:	005b      	lsls	r3, r3, #1
 8002ea4:	6013      	str	r3, [r2, #0]
	while (frequency > 1000000) {
 8002ea6:	4b04      	ldr	r3, [pc, #16]	@ (8002eb8 <log_output_timestamp_freq_set+0x24>)
 8002ea8:	4298      	cmp	r0, r3
 8002eaa:	d8f7      	bhi.n	8002e9c <log_output_timestamp_freq_set+0x8>
	}

	freq = frequency;
 8002eac:	4b03      	ldr	r3, [pc, #12]	@ (8002ebc <log_output_timestamp_freq_set+0x28>)
 8002eae:	6018      	str	r0, [r3, #0]
}
 8002eb0:	4770      	bx	lr
 8002eb2:	bf00      	nop
 8002eb4:	20001068 	.word	0x20001068
 8002eb8:	000f4240 	.word	0x000f4240
 8002ebc:	2000106c 	.word	0x2000106c

08002ec0 <char_out>:
		uart_poll_out(uart_dev, c);
	}
}

static int char_out(uint8_t *data, size_t length, void *ctx)
{
 8002ec0:	b570      	push	{r4, r5, r6, lr}
 8002ec2:	4606      	mov	r6, r0
 8002ec4:	460d      	mov	r5, r1
		goto cleanup;
	}

	if (!IS_ENABLED(CONFIG_LOG_BACKEND_UART_ASYNC) || lb_data->in_panic ||
	    !lb_data->use_async) {
		for (size_t i = 0; i < length; i++) {
 8002ec6:	2400      	movs	r4, #0
 8002ec8:	e005      	b.n	8002ed6 <char_out+0x16>
			uart_poll_out(uart_dev, data[i]);
 8002eca:	5d31      	ldrb	r1, [r6, r4]
#endif
}

static inline void z_impl_uart_poll_out(const struct device *dev, unsigned char out_char)
{
	const struct uart_driver_api *api = (const struct uart_driver_api *)dev->api;
 8002ecc:	4804      	ldr	r0, [pc, #16]	@ (8002ee0 <char_out+0x20>)
 8002ece:	6883      	ldr	r3, [r0, #8]

	api->poll_out(dev, out_char);
 8002ed0:	685b      	ldr	r3, [r3, #4]
 8002ed2:	4798      	blx	r3
		for (size_t i = 0; i < length; i++) {
 8002ed4:	3401      	adds	r4, #1
 8002ed6:	42ac      	cmp	r4, r5
 8002ed8:	d3f7      	bcc.n	8002eca <char_out+0xa>
	 * As errors cannot be returned, ignore the return value
	 */
	(void)pm_device_runtime_put_async(uart_dev, K_MSEC(1));

	return length;
}
 8002eda:	4628      	mov	r0, r5
 8002edc:	bd70      	pop	{r4, r5, r6, pc}
 8002ede:	bf00      	nop
 8002ee0:	0800a604 	.word	0x0800a604

08002ee4 <mem_attr_get_regions>:
	DT_MEMORY_ATTR_FOREACH_STATUS_OKAY_NODE(_BUILD_MEM_ATTR_REGION)
};

size_t mem_attr_get_regions(const struct mem_attr_region_t **region)
{
	*region = mem_attr_region;
 8002ee4:	4b01      	ldr	r3, [pc, #4]	@ (8002eec <mem_attr_get_regions+0x8>)
 8002ee6:	6003      	str	r3, [r0, #0]

	return ARRAY_SIZE(mem_attr_region);
}
 8002ee8:	2000      	movs	r0, #0
 8002eea:	4770      	bx	lr
 8002eec:	0800bb54 	.word	0x0800bb54

08002ef0 <arch_bss_zero>:
 *
 * This routine clears the BSS region, so all bytes are 0.
 */
__boot_func
void arch_bss_zero(void)
{
 8002ef0:	b508      	push	{r3, lr}
	if (IS_ENABLED(CONFIG_SKIP_BSS_CLEAR)) {
		return;
	}

	arch_early_memset(__bss_start, 0, __bss_end - __bss_start);
 8002ef2:	4803      	ldr	r0, [pc, #12]	@ (8002f00 <arch_bss_zero+0x10>)
 8002ef4:	4a03      	ldr	r2, [pc, #12]	@ (8002f04 <arch_bss_zero+0x14>)
 8002ef6:	1a12      	subs	r2, r2, r0
 8002ef8:	2100      	movs	r1, #0
 8002efa:	f005 fec9 	bl	8008c90 <arch_early_memset>
#endif /* CONFIG_COVERAGE_GCOV */
#ifdef CONFIG_NOCACHE_MEMORY
	arch_early_memset(&_nocache_ram_start, 0,
			(uintptr_t) &_nocache_ram_end - (uintptr_t) &_nocache_ram_start);
#endif
}
 8002efe:	bd08      	pop	{r3, pc}
 8002f00:	20000328 	.word	0x20000328
 8002f04:	20001188 	.word	0x20001188

08002f08 <arch_data_copy>:
 * @brief Copy the data section from ROM to RAM
 *
 * This routine copies the data section from ROM to RAM.
 */
void arch_data_copy(void)
{
 8002f08:	b508      	push	{r3, lr}
	arch_early_memcpy(&__data_region_start, &__data_region_load_start,
		       __data_region_end - __data_region_start);
 8002f0a:	4806      	ldr	r0, [pc, #24]	@ (8002f24 <arch_data_copy+0x1c>)
	arch_early_memcpy(&__data_region_start, &__data_region_load_start,
 8002f0c:	4a06      	ldr	r2, [pc, #24]	@ (8002f28 <arch_data_copy+0x20>)
 8002f0e:	1a12      	subs	r2, r2, r0
 8002f10:	4906      	ldr	r1, [pc, #24]	@ (8002f2c <arch_data_copy+0x24>)
 8002f12:	f005 fec1 	bl	8008c98 <arch_early_memcpy>
#ifdef CONFIG_ARCH_HAS_RAMFUNC_SUPPORT
	arch_early_memcpy(&__ramfunc_region_start, &__ramfunc_load_start,
		       __ramfunc_end - __ramfunc_region_start);
 8002f16:	4806      	ldr	r0, [pc, #24]	@ (8002f30 <arch_data_copy+0x28>)
	arch_early_memcpy(&__ramfunc_region_start, &__ramfunc_load_start,
 8002f18:	4a06      	ldr	r2, [pc, #24]	@ (8002f34 <arch_data_copy+0x2c>)
 8002f1a:	1a12      	subs	r2, r2, r0
 8002f1c:	4906      	ldr	r1, [pc, #24]	@ (8002f38 <arch_data_copy+0x30>)
 8002f1e:	f005 febb 	bl	8008c98 <arch_early_memcpy>
#else
	arch_early_memcpy(&_app_smem_start, &_app_smem_rom_start,
		       _app_smem_end - _app_smem_start);
#endif /* CONFIG_REQUIRES_STACK_CANARIES */
#endif /* CONFIG_USERSPACE */
}
 8002f22:	bd08      	pop	{r3, pc}
 8002f24:	20000000 	.word	0x20000000
 8002f28:	20000328 	.word	0x20000328
 8002f2c:	0800bf0c 	.word	0x0800bf0c
 8002f30:	20000000 	.word	0x20000000
 8002f34:	20000000 	.word	0x20000000
 8002f38:	0800bf0c 	.word	0x0800bf0c

08002f3c <esf_dump>:

extern void z_arm_unwind_stack(const struct arch_esf *esf);

#ifdef CONFIG_EXCEPTION_DEBUG
static void esf_dump(const struct arch_esf *esf)
{
 8002f3c:	e92d 41f0 	stmdb	sp!, {r4, r5, r6, r7, r8, lr}
 8002f40:	b082      	sub	sp, #8
 8002f42:	af00      	add	r7, sp, #0
 8002f44:	4604      	mov	r4, r0
	EXCEPTION_DUMP("r0/a1:  0x%08x  r1/a2:  0x%08x  r2/a3:  0x%08x",
 8002f46:	f8d0 e000 	ldr.w	lr, [r0]
 8002f4a:	f8d0 c004 	ldr.w	ip, [r0, #4]
 8002f4e:	6885      	ldr	r5, [r0, #8]
 8002f50:	466e      	mov	r6, sp
 8002f52:	b08a      	sub	sp, #40	@ 0x28
 8002f54:	466b      	mov	r3, sp
 8002f56:	f113 0210 	adds.w	r2, r3, #16
 8002f5a:	f000 8088 	beq.w	800306e <esf_dump+0x132>
 8002f5e:	2114      	movs	r1, #20
 8002f60:	b18a      	cbz	r2, 8002f86 <esf_dump+0x4a>
 8002f62:	4608      	mov	r0, r1
 8002f64:	2904      	cmp	r1, #4
 8002f66:	dd03      	ble.n	8002f70 <esf_dump+0x34>
 8002f68:	f8df 811c 	ldr.w	r8, [pc, #284]	@ 8003088 <esf_dump+0x14c>
 8002f6c:	f8c3 8014 	str.w	r8, [r3, #20]
 8002f70:	2808      	cmp	r0, #8
 8002f72:	dd01      	ble.n	8002f78 <esf_dump+0x3c>
 8002f74:	f8c3 e018 	str.w	lr, [r3, #24]
 8002f78:	280c      	cmp	r0, #12
 8002f7a:	dd01      	ble.n	8002f80 <esf_dump+0x44>
 8002f7c:	f8c3 c01c 	str.w	ip, [r3, #28]
 8002f80:	2810      	cmp	r0, #16
 8002f82:	dd00      	ble.n	8002f86 <esf_dump+0x4a>
 8002f84:	621d      	str	r5, [r3, #32]
 8002f86:	2913      	cmp	r1, #19
 8002f88:	dd74      	ble.n	8003074 <esf_dump+0x138>
 8002f8a:	2514      	movs	r5, #20
 8002f8c:	b13a      	cbz	r2, 8002f9e <esf_dump+0x62>
 8002f8e:	2105      	movs	r1, #5
 8002f90:	7139      	strb	r1, [r7, #4]
 8002f92:	2100      	movs	r1, #0
 8002f94:	7179      	strb	r1, [r7, #5]
 8002f96:	71b9      	strb	r1, [r7, #6]
 8002f98:	71f9      	strb	r1, [r7, #7]
 8002f9a:	6878      	ldr	r0, [r7, #4]
 8002f9c:	6118      	str	r0, [r3, #16]
 8002f9e:	2100      	movs	r1, #0
 8002fa0:	f021 0101 	bic.w	r1, r1, #1
 8002fa4:	f021 0102 	bic.w	r1, r1, #2
 8002fa8:	f021 0104 	bic.w	r1, r1, #4
 8002fac:	f021 0138 	bic.w	r1, r1, #56	@ 0x38
 8002fb0:	2301      	movs	r3, #1
 8002fb2:	f363 1188 	bfi	r1, r3, #6, #3
 8002fb6:	f3c5 050a 	ubfx	r5, r5, #0, #11
 8002fba:	f365 2153 	bfi	r1, r5, #9, #11
 8002fbe:	f3c1 0113 	ubfx	r1, r1, #0, #20
	z_impl_z_log_msg_static_create(source, desc, package, data);
 8002fc2:	2300      	movs	r3, #0
 8002fc4:	4831      	ldr	r0, [pc, #196]	@ (800308c <esf_dump+0x150>)
 8002fc6:	f7ff fc6b 	bl	80028a0 <z_impl_z_log_msg_static_create>
 8002fca:	46b5      	mov	sp, r6
		esf->basic.a1, esf->basic.a2, esf->basic.a3);
	EXCEPTION_DUMP("r3/a4:  0x%08x r12/ip:  0x%08x r14/lr:  0x%08x",
 8002fcc:	f8d4 c00c 	ldr.w	ip, [r4, #12]
 8002fd0:	6926      	ldr	r6, [r4, #16]
 8002fd2:	6965      	ldr	r5, [r4, #20]
 8002fd4:	46e8      	mov	r8, sp
 8002fd6:	b08a      	sub	sp, #40	@ 0x28
 8002fd8:	466b      	mov	r3, sp
 8002fda:	f113 0210 	adds.w	r2, r3, #16
 8002fde:	d04c      	beq.n	800307a <esf_dump+0x13e>
 8002fe0:	2114      	movs	r1, #20
 8002fe2:	b182      	cbz	r2, 8003006 <esf_dump+0xca>
 8002fe4:	4608      	mov	r0, r1
 8002fe6:	2904      	cmp	r1, #4
 8002fe8:	dd03      	ble.n	8002ff2 <esf_dump+0xb6>
 8002fea:	f8df e0a4 	ldr.w	lr, [pc, #164]	@ 8003090 <esf_dump+0x154>
 8002fee:	f8c3 e014 	str.w	lr, [r3, #20]
 8002ff2:	2808      	cmp	r0, #8
 8002ff4:	dd01      	ble.n	8002ffa <esf_dump+0xbe>
 8002ff6:	f8c3 c018 	str.w	ip, [r3, #24]
 8002ffa:	280c      	cmp	r0, #12
 8002ffc:	dd00      	ble.n	8003000 <esf_dump+0xc4>
 8002ffe:	61de      	str	r6, [r3, #28]
 8003000:	2810      	cmp	r0, #16
 8003002:	dd00      	ble.n	8003006 <esf_dump+0xca>
 8003004:	621d      	str	r5, [r3, #32]
 8003006:	2913      	cmp	r1, #19
 8003008:	dd3a      	ble.n	8003080 <esf_dump+0x144>
 800300a:	2514      	movs	r5, #20
 800300c:	b13a      	cbz	r2, 800301e <esf_dump+0xe2>
 800300e:	2105      	movs	r1, #5
 8003010:	7139      	strb	r1, [r7, #4]
 8003012:	2100      	movs	r1, #0
 8003014:	7179      	strb	r1, [r7, #5]
 8003016:	71b9      	strb	r1, [r7, #6]
 8003018:	71f9      	strb	r1, [r7, #7]
 800301a:	6878      	ldr	r0, [r7, #4]
 800301c:	6118      	str	r0, [r3, #16]
 800301e:	2100      	movs	r1, #0
 8003020:	f021 0101 	bic.w	r1, r1, #1
 8003024:	f021 0102 	bic.w	r1, r1, #2
 8003028:	f021 0104 	bic.w	r1, r1, #4
 800302c:	f021 0138 	bic.w	r1, r1, #56	@ 0x38
 8003030:	2601      	movs	r6, #1
 8003032:	f366 1188 	bfi	r1, r6, #6, #3
 8003036:	f3c5 050a 	ubfx	r5, r5, #0, #11
 800303a:	f365 2153 	bfi	r1, r5, #9, #11
 800303e:	f3c1 0113 	ubfx	r1, r1, #0, #20
 8003042:	4d12      	ldr	r5, [pc, #72]	@ (800308c <esf_dump+0x150>)
 8003044:	2300      	movs	r3, #0
 8003046:	4628      	mov	r0, r5
 8003048:	f7ff fc2a 	bl	80028a0 <z_impl_z_log_msg_static_create>
 800304c:	46c5      	mov	sp, r8
		esf->basic.a4, esf->basic.ip, esf->basic.lr);
	EXCEPTION_DUMP(" xpsr:  0x%08x", esf->basic.xpsr);
 800304e:	69e3      	ldr	r3, [r4, #28]
	z_impl_z_log_msg_simple_create_1(source, level, fmt, arg);
 8003050:	4a10      	ldr	r2, [pc, #64]	@ (8003094 <esf_dump+0x158>)
 8003052:	4631      	mov	r1, r6
 8003054:	4628      	mov	r0, r5
 8003056:	f005 fd14 	bl	8008a82 <z_impl_z_log_msg_simple_create_1>
	}

	EXCEPTION_DUMP("EXC_RETURN: 0x%0x", esf->extra_info.exc_return);

#endif /* CONFIG_EXTRA_EXCEPTION_INFO */
	EXCEPTION_DUMP("Faulting instruction address (r15/pc): 0x%08x",
 800305a:	69a3      	ldr	r3, [r4, #24]
 800305c:	4a0e      	ldr	r2, [pc, #56]	@ (8003098 <esf_dump+0x15c>)
 800305e:	4631      	mov	r1, r6
 8003060:	4628      	mov	r0, r5
 8003062:	f005 fd0e 	bl	8008a82 <z_impl_z_log_msg_simple_create_1>
		esf->basic.pc);
}
 8003066:	3708      	adds	r7, #8
 8003068:	46bd      	mov	sp, r7
 800306a:	e8bd 81f0 	ldmia.w	sp!, {r4, r5, r6, r7, r8, pc}
	EXCEPTION_DUMP("r0/a1:  0x%08x  r1/a2:  0x%08x  r2/a3:  0x%08x",
 800306e:	f06f 4100 	mvn.w	r1, #2147483648	@ 0x80000000
 8003072:	e775      	b.n	8002f60 <esf_dump+0x24>
 8003074:	f06f 051b 	mvn.w	r5, #27
 8003078:	e788      	b.n	8002f8c <esf_dump+0x50>
	EXCEPTION_DUMP("r3/a4:  0x%08x r12/ip:  0x%08x r14/lr:  0x%08x",
 800307a:	f06f 4100 	mvn.w	r1, #2147483648	@ 0x80000000
 800307e:	e7b0      	b.n	8002fe2 <esf_dump+0xa6>
 8003080:	f06f 051b 	mvn.w	r5, #27
 8003084:	e7c2      	b.n	800300c <esf_dump+0xd0>
 8003086:	bf00      	nop
 8003088:	0800af60 	.word	0x0800af60
 800308c:	0800aa7c 	.word	0x0800aa7c
 8003090:	0800af90 	.word	0x0800af90
 8003094:	0800afc0 	.word	0x0800afc0
 8003098:	0800afd0 	.word	0x0800afd0

0800309c <z_arm_fatal_error>:
#endif /* CONFIG_EXCEPTION_DEBUG */

void z_arm_fatal_error(unsigned int reason, const struct arch_esf *esf)
{
 800309c:	b538      	push	{r3, r4, r5, lr}
 800309e:	4604      	mov	r4, r0
#ifdef CONFIG_EXCEPTION_DEBUG
	if (esf != NULL) {
 80030a0:	460d      	mov	r5, r1
 80030a2:	b111      	cbz	r1, 80030aa <z_arm_fatal_error+0xe>
		esf_dump(esf);
 80030a4:	4608      	mov	r0, r1
 80030a6:	f7ff ff49 	bl	8002f3c <esf_dump>
	}
#endif /* CONFIG_EXCEPTION_DEBUG */

	/* LOG the IRQn that was unhandled */
#if defined(CONFIG_CPU_CORTEX_M)
	if (reason == K_ERR_SPURIOUS_IRQ) {
 80030aa:	2c01      	cmp	r4, #1
 80030ac:	d004      	beq.n	80030b8 <z_arm_fatal_error+0x1c>

#ifdef CONFIG_EXCEPTION_STACK_TRACE
	z_arm_unwind_stack(esf);
#endif /* CONFIG_EXCEPTION_STACK_TRACE */

	z_fatal_error(reason, esf);
 80030ae:	4629      	mov	r1, r5
 80030b0:	4620      	mov	r0, r4
 80030b2:	f002 fa71 	bl	8005598 <z_fatal_error>
}
 80030b6:	bd38      	pop	{r3, r4, r5, pc}
  __ASM volatile ("MRS %0, ipsr" : "=r" (result) );
 80030b8:	f3ef 8305 	mrs	r3, IPSR
		uint32_t irqn = __get_IPSR() - 16;
 80030bc:	3b10      	subs	r3, #16
 80030be:	4a03      	ldr	r2, [pc, #12]	@ (80030cc <z_arm_fatal_error+0x30>)
 80030c0:	2101      	movs	r1, #1
 80030c2:	4803      	ldr	r0, [pc, #12]	@ (80030d0 <z_arm_fatal_error+0x34>)
 80030c4:	f005 fcdd 	bl	8008a82 <z_impl_z_log_msg_simple_create_1>
		EXCEPTION_DUMP("Unhandled IRQn: %d", irqn);
 80030c8:	e7f1      	b.n	80030ae <z_arm_fatal_error+0x12>
 80030ca:	bf00      	nop
 80030cc:	0800b000 	.word	0x0800b000
 80030d0:	0800aa7c 	.word	0x0800aa7c

080030d4 <z_SysNmiOnReset>:
_ASM_FILE_PROLOGUE

GTEXT(z_SysNmiOnReset)

SECTION_FUNC(TEXT, z_SysNmiOnReset)
    wfi
 80030d4:	bf30      	wfi
    b z_SysNmiOnReset
 80030d6:	f7ff bffd 	b.w	80030d4 <z_SysNmiOnReset>
 80030da:	bf00      	nop

080030dc <z_tls_copy>:
 * of TLS bss size after the data section.
 *
 * @param dest Pointer to destination
 */
static inline void z_tls_copy(char *dest)
{
 80030dc:	b538      	push	{r3, r4, r5, lr}
 80030de:	4604      	mov	r4, r0
	/* Copy initialized data (tdata) */
	memcpy(dest, __tdata_start, (size_t)(uintptr_t)__tdata_size);
 80030e0:	4d05      	ldr	r5, [pc, #20]	@ (80030f8 <z_tls_copy+0x1c>)
 80030e2:	462a      	mov	r2, r5
 80030e4:	4905      	ldr	r1, [pc, #20]	@ (80030fc <z_tls_copy+0x20>)
 80030e6:	f7fd f8b7 	bl	8000258 <__aeabi_memcpy>

	/* Clear BSS data (tbss) */
	dest += (size_t)(uintptr_t)__tdata_size;
	memset(dest, 0, (size_t)(uintptr_t)__tbss_size);
 80030ea:	4a05      	ldr	r2, [pc, #20]	@ (8003100 <z_tls_copy+0x24>)
 80030ec:	2100      	movs	r1, #0
 80030ee:	1960      	adds	r0, r4, r5
 80030f0:	f004 f846 	bl	8007180 <memset>
}
 80030f4:	bd38      	pop	{r3, r4, r5, pc}
 80030f6:	bf00      	nop
 80030f8:	00000000 	.word	0x00000000
 80030fc:	0800ab10 	.word	0x0800ab10
 8003100:	00000004 	.word	0x00000004

08003104 <arch_tls_stack_setup>:
 */
K_APP_DMEM(z_libc_partition) uintptr_t z_arm_tls_ptr;
#endif

size_t arch_tls_stack_setup(struct k_thread *new_thread, char *stack_ptr)
{
 8003104:	b570      	push	{r4, r5, r6, lr}
 8003106:	4606      	mov	r6, r0
	return (size_t)(uintptr_t)__tdata_size +
 8003108:	4d06      	ldr	r5, [pc, #24]	@ (8003124 <arch_tls_stack_setup+0x20>)
 800310a:	4b07      	ldr	r3, [pc, #28]	@ (8003128 <arch_tls_stack_setup+0x24>)
 800310c:	441d      	add	r5, r3

	/*
	 * Since we are populating things backwards,
	 * setup the TLS data/bss area first.
	 */
	stack_ptr -= z_tls_data_size();
 800310e:	1b4c      	subs	r4, r1, r5
	z_tls_copy(stack_ptr);
 8003110:	4620      	mov	r0, r4
 8003112:	f7ff ffe3 	bl	80030dc <z_tls_copy>

#ifndef __IAR_SYSTEMS_ICC__
	/* Skip two pointers due to toolchain */
	stack_ptr -= sizeof(uintptr_t) * 2;
 8003116:	3c08      	subs	r4, #8

	/*
	 * Set thread TLS pointer which is used in
	 * context switch to point to TLS area.
	 */
	new_thread->tls = POINTER_TO_UINT(stack_ptr);
 8003118:	f8c6 40a8 	str.w	r4, [r6, #168]	@ 0xa8

	return (z_tls_data_size() + (sizeof(uintptr_t) * 2));
}
 800311c:	f105 0008 	add.w	r0, r5, #8
 8003120:	bd70      	pop	{r4, r5, r6, pc}
 8003122:	bf00      	nop
 8003124:	00000000 	.word	0x00000000
 8003128:	00000004 	.word	0x00000004

0800312c <z_arm_is_synchronous_svc>:
#error Unknown ARM architecture
#endif /* CONFIG_ARMV6_M_ARMV8_M_BASELINE */

static inline bool z_arm_is_synchronous_svc(struct arch_esf *esf)
{
	uint16_t *ret_addr = (uint16_t *)esf->basic.pc;
 800312c:	6981      	ldr	r1, [r0, #24]
	/* Note: ARMv6-M does not support CCR.BFHFNMIGN so this access
	 * could generate a fault if the pc was invalid.
	 */
	uint16_t fault_insn = *(ret_addr - 1);
#else
	SCB->CCR |= SCB_CCR_BFHFNMIGN_Msk;
 800312e:	4b10      	ldr	r3, [pc, #64]	@ (8003170 <z_arm_is_synchronous_svc+0x44>)
 8003130:	695a      	ldr	r2, [r3, #20]
 8003132:	f442 7280 	orr.w	r2, r2, #256	@ 0x100
 8003136:	615a      	str	r2, [r3, #20]
  \details Acts as a special kind of Data Memory Barrier.
           It completes when all explicit memory accesses before this instruction complete.
 */
__STATIC_FORCEINLINE void __DSB(void)
{
  __ASM volatile ("dsb 0xF":::"memory");
 8003138:	f3bf 8f4f 	dsb	sy
  __ASM volatile ("isb 0xF":::"memory");
 800313c:	f3bf 8f6f 	isb	sy
	barrier_dsync_fence_full();
	barrier_isync_fence_full();

	uint16_t fault_insn = *(ret_addr - 1);
 8003140:	f831 1c02 	ldrh.w	r1, [r1, #-2]

	SCB->CCR &= ~SCB_CCR_BFHFNMIGN_Msk;
 8003144:	695a      	ldr	r2, [r3, #20]
 8003146:	f422 7280 	bic.w	r2, r2, #256	@ 0x100
 800314a:	615a      	str	r2, [r3, #20]
  __ASM volatile ("dsb 0xF":::"memory");
 800314c:	f3bf 8f4f 	dsb	sy
  __ASM volatile ("isb 0xF":::"memory");
 8003150:	f3bf 8f6f 	isb	sy
	barrier_dsync_fence_full();
	barrier_isync_fence_full();
#endif /* ARMV6_M_ARMV8_M_BASELINE && !ARMV8_M_BASELINE */

	if (((fault_insn & 0xff00) == _SVC_OPCODE) &&
 8003154:	f401 437f 	and.w	r3, r1, #65280	@ 0xff00
 8003158:	f5b3 4f5f 	cmp.w	r3, #57088	@ 0xdf00
 800315c:	d001      	beq.n	8003162 <z_arm_is_synchronous_svc+0x36>
	    ((fault_insn & 0x00ff) == _SVC_CALL_RUNTIME_EXCEPT)) {
		return true;
	}
#undef _SVC_OPCODE
	return false;
 800315e:	2000      	movs	r0, #0
 8003160:	4770      	bx	lr
	if (((fault_insn & 0xff00) == _SVC_OPCODE) &&
 8003162:	b2c9      	uxtb	r1, r1
 8003164:	2902      	cmp	r1, #2
 8003166:	d001      	beq.n	800316c <z_arm_is_synchronous_svc+0x40>
	return false;
 8003168:	2000      	movs	r0, #0
 800316a:	4770      	bx	lr
		return true;
 800316c:	2001      	movs	r0, #1
}
 800316e:	4770      	bx	lr
 8003170:	e000ed00 	.word	0xe000ed00

08003174 <get_esf>:
				       bool *nested_exc)
{
	bool alternative_state_exc = false;
	struct arch_esf *ptr_esf = NULL;

	*nested_exc = false;
 8003174:	f04f 0c00 	mov.w	ip, #0
 8003178:	f883 c000 	strb.w	ip, [r3]

	if ((exc_return & EXC_RETURN_INDICATOR_PREFIX) != EXC_RETURN_INDICATOR_PREFIX) {
 800317c:	f002 4c7f 	and.w	ip, r2, #4278190080	@ 0xff000000
 8003180:	f1bc 4f7f 	cmp.w	ip, #4278190080	@ 0xff000000
 8003184:	d114      	bne.n	80031b0 <get_esf+0x3c>
	}
#else
	/* The processor has a single execution state.
	 * We verify that the Thread mode is using PSP.
	 */
	if ((exc_return & EXC_RETURN_MODE_THREAD) && (!(exc_return & EXC_RETURN_SPSEL_PROCESS))) {
 8003186:	f002 0c0c 	and.w	ip, r2, #12
 800318a:	f1bc 0f08 	cmp.w	ip, #8
 800318e:	d004      	beq.n	800319a <get_esf+0x26>
		return NULL;
	}
#endif /* CONFIG_ARM_SECURE_FIRMWARE */

	if (!alternative_state_exc) {
		if (exc_return & EXC_RETURN_MODE_THREAD) {
 8003190:	f012 0f08 	tst.w	r2, #8
 8003194:	d009      	beq.n	80031aa <get_esf+0x36>
			/* Returning to thread mode */
			ptr_esf = (struct arch_esf *)psp;
 8003196:	4608      	mov	r0, r1
 8003198:	4770      	bx	lr
{
 800319a:	b508      	push	{r3, lr}
	z_impl_z_log_msg_simple_create_0(source, level, fmt);
 800319c:	4a05      	ldr	r2, [pc, #20]	@ (80031b4 <get_esf+0x40>)
 800319e:	2101      	movs	r1, #1
 80031a0:	4805      	ldr	r0, [pc, #20]	@ (80031b8 <get_esf+0x44>)
 80031a2:	f005 fc64 	bl	8008a6e <z_impl_z_log_msg_simple_create_0>
		return NULL;
 80031a6:	2000      	movs	r0, #0
			*nested_exc = true;
		}
	}

	return ptr_esf;
}
 80031a8:	bd08      	pop	{r3, pc}
			*nested_exc = true;
 80031aa:	2201      	movs	r2, #1
 80031ac:	701a      	strb	r2, [r3, #0]
 80031ae:	4770      	bx	lr
		return NULL;
 80031b0:	2000      	movs	r0, #0
}
 80031b2:	4770      	bx	lr
 80031b4:	0800b014 	.word	0x0800b014
 80031b8:	0800aa7c 	.word	0x0800aa7c

080031bc <usage_fault>:
{
 80031bc:	b508      	push	{r3, lr}
 80031be:	4a2b      	ldr	r2, [pc, #172]	@ (800326c <usage_fault+0xb0>)
 80031c0:	2101      	movs	r1, #1
 80031c2:	482b      	ldr	r0, [pc, #172]	@ (8003270 <usage_fault+0xb4>)
 80031c4:	f005 fc53 	bl	8008a6e <z_impl_z_log_msg_simple_create_0>
	if ((SCB->CFSR & SCB_CFSR_DIVBYZERO_Msk) != 0) {
 80031c8:	4b2a      	ldr	r3, [pc, #168]	@ (8003274 <usage_fault+0xb8>)
 80031ca:	6a9b      	ldr	r3, [r3, #40]	@ 0x28
 80031cc:	f013 7f00 	tst.w	r3, #33554432	@ 0x2000000
 80031d0:	d121      	bne.n	8003216 <usage_fault+0x5a>
	uint32_t reason = K_ERR_ARM_USAGE_GENERIC;
 80031d2:	201d      	movs	r0, #29
	if ((SCB->CFSR & SCB_CFSR_UNALIGNED_Msk) != 0) {
 80031d4:	4b27      	ldr	r3, [pc, #156]	@ (8003274 <usage_fault+0xb8>)
 80031d6:	6a9b      	ldr	r3, [r3, #40]	@ 0x28
 80031d8:	f013 7f80 	tst.w	r3, #16777216	@ 0x1000000
 80031dc:	d122      	bne.n	8003224 <usage_fault+0x68>
	if ((SCB->CFSR & SCB_CFSR_NOCP_Msk) != 0) {
 80031de:	4b25      	ldr	r3, [pc, #148]	@ (8003274 <usage_fault+0xb8>)
 80031e0:	6a9b      	ldr	r3, [r3, #40]	@ 0x28
 80031e2:	f413 2f00 	tst.w	r3, #524288	@ 0x80000
 80031e6:	d124      	bne.n	8003232 <usage_fault+0x76>
	if ((SCB->CFSR & SCB_CFSR_INVPC_Msk) != 0) {
 80031e8:	4b22      	ldr	r3, [pc, #136]	@ (8003274 <usage_fault+0xb8>)
 80031ea:	6a9b      	ldr	r3, [r3, #40]	@ 0x28
 80031ec:	f413 2f80 	tst.w	r3, #262144	@ 0x40000
 80031f0:	d126      	bne.n	8003240 <usage_fault+0x84>
	if ((SCB->CFSR & SCB_CFSR_INVSTATE_Msk) != 0) {
 80031f2:	4b20      	ldr	r3, [pc, #128]	@ (8003274 <usage_fault+0xb8>)
 80031f4:	6a9b      	ldr	r3, [r3, #40]	@ 0x28
 80031f6:	f413 3f00 	tst.w	r3, #131072	@ 0x20000
 80031fa:	d128      	bne.n	800324e <usage_fault+0x92>
	if ((SCB->CFSR & SCB_CFSR_UNDEFINSTR_Msk) != 0) {
 80031fc:	4b1d      	ldr	r3, [pc, #116]	@ (8003274 <usage_fault+0xb8>)
 80031fe:	6a9b      	ldr	r3, [r3, #40]	@ 0x28
 8003200:	f413 3f80 	tst.w	r3, #65536	@ 0x10000
 8003204:	d12a      	bne.n	800325c <usage_fault+0xa0>
	SCB->CFSR |= SCB_CFSR_USGFAULTSR_Msk;
 8003206:	4a1b      	ldr	r2, [pc, #108]	@ (8003274 <usage_fault+0xb8>)
 8003208:	6a93      	ldr	r3, [r2, #40]	@ 0x28
 800320a:	ea6f 4303 	mvn.w	r3, r3, lsl #16
 800320e:	ea6f 4313 	mvn.w	r3, r3, lsr #16
 8003212:	6293      	str	r3, [r2, #40]	@ 0x28
}
 8003214:	bd08      	pop	{r3, pc}
 8003216:	4a18      	ldr	r2, [pc, #96]	@ (8003278 <usage_fault+0xbc>)
 8003218:	2101      	movs	r1, #1
 800321a:	4815      	ldr	r0, [pc, #84]	@ (8003270 <usage_fault+0xb4>)
 800321c:	f005 fc27 	bl	8008a6e <z_impl_z_log_msg_simple_create_0>
		reason = K_ERR_ARM_USAGE_DIV_0;
 8003220:	201e      	movs	r0, #30
		PR_FAULT_INFO("  Division by zero");
 8003222:	e7d7      	b.n	80031d4 <usage_fault+0x18>
 8003224:	4a15      	ldr	r2, [pc, #84]	@ (800327c <usage_fault+0xc0>)
 8003226:	2101      	movs	r1, #1
 8003228:	4811      	ldr	r0, [pc, #68]	@ (8003270 <usage_fault+0xb4>)
 800322a:	f005 fc20 	bl	8008a6e <z_impl_z_log_msg_simple_create_0>
		reason = K_ERR_ARM_USAGE_UNALIGNED_ACCESS;
 800322e:	201f      	movs	r0, #31
		PR_FAULT_INFO("  Unaligned memory access");
 8003230:	e7d5      	b.n	80031de <usage_fault+0x22>
 8003232:	4a13      	ldr	r2, [pc, #76]	@ (8003280 <usage_fault+0xc4>)
 8003234:	2101      	movs	r1, #1
 8003236:	480e      	ldr	r0, [pc, #56]	@ (8003270 <usage_fault+0xb4>)
 8003238:	f005 fc19 	bl	8008a6e <z_impl_z_log_msg_simple_create_0>
		reason = K_ERR_ARM_USAGE_NO_COPROCESSOR;
 800323c:	2021      	movs	r0, #33	@ 0x21
		PR_FAULT_INFO("  No coprocessor instructions");
 800323e:	e7d3      	b.n	80031e8 <usage_fault+0x2c>
 8003240:	4a10      	ldr	r2, [pc, #64]	@ (8003284 <usage_fault+0xc8>)
 8003242:	2101      	movs	r1, #1
 8003244:	480a      	ldr	r0, [pc, #40]	@ (8003270 <usage_fault+0xb4>)
 8003246:	f005 fc12 	bl	8008a6e <z_impl_z_log_msg_simple_create_0>
		reason = K_ERR_ARM_USAGE_ILLEGAL_EXC_RETURN;
 800324a:	2022      	movs	r0, #34	@ 0x22
		PR_FAULT_INFO("  Illegal load of EXC_RETURN into PC");
 800324c:	e7d1      	b.n	80031f2 <usage_fault+0x36>
 800324e:	4a0e      	ldr	r2, [pc, #56]	@ (8003288 <usage_fault+0xcc>)
 8003250:	2101      	movs	r1, #1
 8003252:	4807      	ldr	r0, [pc, #28]	@ (8003270 <usage_fault+0xb4>)
 8003254:	f005 fc0b 	bl	8008a6e <z_impl_z_log_msg_simple_create_0>
		reason = K_ERR_ARM_USAGE_ILLEGAL_EPSR;
 8003258:	2023      	movs	r0, #35	@ 0x23
		PR_FAULT_INFO("  Illegal use of the EPSR");
 800325a:	e7cf      	b.n	80031fc <usage_fault+0x40>
 800325c:	4a0b      	ldr	r2, [pc, #44]	@ (800328c <usage_fault+0xd0>)
 800325e:	2101      	movs	r1, #1
 8003260:	4803      	ldr	r0, [pc, #12]	@ (8003270 <usage_fault+0xb4>)
 8003262:	f005 fc04 	bl	8008a6e <z_impl_z_log_msg_simple_create_0>
		reason = K_ERR_ARM_USAGE_UNDEFINED_INSTRUCTION;
 8003266:	2024      	movs	r0, #36	@ 0x24
		PR_FAULT_INFO("  Attempt to execute undefined instruction");
 8003268:	e7cd      	b.n	8003206 <usage_fault+0x4a>
 800326a:	bf00      	nop
 800326c:	0800b040 	.word	0x0800b040
 8003270:	0800aa7c 	.word	0x0800aa7c
 8003274:	e000ed00 	.word	0xe000ed00
 8003278:	0800b058 	.word	0x0800b058
 800327c:	0800b06c 	.word	0x0800b06c
 8003280:	0800b088 	.word	0x0800b088
 8003284:	0800b0a8 	.word	0x0800b0a8
 8003288:	0800b0d0 	.word	0x0800b0d0
 800328c:	0800b0ec 	.word	0x0800b0ec

08003290 <debug_monitor>:
{
 8003290:	b508      	push	{r3, lr}
	*recoverable = false;
 8003292:	2300      	movs	r3, #0
 8003294:	700b      	strb	r3, [r1, #0]
 8003296:	4a03      	ldr	r2, [pc, #12]	@ (80032a4 <debug_monitor+0x14>)
 8003298:	2101      	movs	r1, #1
 800329a:	4803      	ldr	r0, [pc, #12]	@ (80032a8 <debug_monitor+0x18>)
 800329c:	f005 fbe7 	bl	8008a6e <z_impl_z_log_msg_simple_create_0>
}
 80032a0:	bd08      	pop	{r3, pc}
 80032a2:	bf00      	nop
 80032a4:	0800b118 	.word	0x0800b118
 80032a8:	0800aa7c 	.word	0x0800aa7c

080032ac <reserved_exception>:
{
 80032ac:	b590      	push	{r4, r7, lr}
 80032ae:	b083      	sub	sp, #12
 80032b0:	af00      	add	r7, sp, #0
	PR_FAULT_INFO("***** %s %d) *****",
 80032b2:	290f      	cmp	r1, #15
 80032b4:	dc23      	bgt.n	80032fe <reserved_exception+0x52>
 80032b6:	4c2f      	ldr	r4, [pc, #188]	@ (8003374 <reserved_exception+0xc8>)
 80032b8:	3910      	subs	r1, #16
 80032ba:	2300      	movs	r3, #0
 80032bc:	713b      	strb	r3, [r7, #4]
 80032be:	2302      	movs	r3, #2
 80032c0:	717b      	strb	r3, [r7, #5]
 80032c2:	b08a      	sub	sp, #40	@ 0x28
 80032c4:	46ec      	mov	ip, sp
 80032c6:	f11c 0210 	adds.w	r2, ip, #16
 80032ca:	d01a      	beq.n	8003302 <reserved_exception+0x56>
 80032cc:	2012      	movs	r0, #18
 80032ce:	b122      	cbz	r2, 80032da <reserved_exception+0x2e>
 80032d0:	2804      	cmp	r0, #4
 80032d2:	dd02      	ble.n	80032da <reserved_exception+0x2e>
 80032d4:	4b28      	ldr	r3, [pc, #160]	@ (8003378 <reserved_exception+0xcc>)
 80032d6:	f8cc 3014 	str.w	r3, [ip, #20]
 80032da:	2300      	movs	r3, #0
 80032dc:	703b      	strb	r3, [r7, #0]
 80032de:	2302      	movs	r3, #2
 80032e0:	707b      	strb	r3, [r7, #1]
 80032e2:	b1e2      	cbz	r2, 800331e <reserved_exception+0x72>
 80032e4:	4603      	mov	r3, r0
 80032e6:	2808      	cmp	r0, #8
 80032e8:	dd01      	ble.n	80032ee <reserved_exception+0x42>
 80032ea:	f8cc 4018 	str.w	r4, [ip, #24]
 80032ee:	2b0c      	cmp	r3, #12
 80032f0:	dd01      	ble.n	80032f6 <reserved_exception+0x4a>
 80032f2:	f8cc 101c 	str.w	r1, [ip, #28]
 80032f6:	f10c 0320 	add.w	r3, ip, #32
 80032fa:	2100      	movs	r1, #0
 80032fc:	e00d      	b.n	800331a <reserved_exception+0x6e>
 80032fe:	4c1f      	ldr	r4, [pc, #124]	@ (800337c <reserved_exception+0xd0>)
 8003300:	e7da      	b.n	80032b8 <reserved_exception+0xc>
 8003302:	f06f 4000 	mvn.w	r0, #2147483648	@ 0x80000000
 8003306:	e7e2      	b.n	80032ce <reserved_exception+0x22>
 8003308:	f101 0408 	add.w	r4, r1, #8
 800330c:	eb04 0e07 	add.w	lr, r4, r7
 8003310:	f81e ec08 	ldrb.w	lr, [lr, #-8]
 8003314:	f803 eb01 	strb.w	lr, [r3], #1
 8003318:	3101      	adds	r1, #1
 800331a:	2901      	cmp	r1, #1
 800331c:	d9f4      	bls.n	8003308 <reserved_exception+0x5c>
 800331e:	2811      	cmp	r0, #17
 8003320:	dd24      	ble.n	800336c <reserved_exception+0xc0>
 8003322:	2312      	movs	r3, #18
 8003324:	b14a      	cbz	r2, 800333a <reserved_exception+0x8e>
 8003326:	2104      	movs	r1, #4
 8003328:	7139      	strb	r1, [r7, #4]
 800332a:	2100      	movs	r1, #0
 800332c:	7179      	strb	r1, [r7, #5]
 800332e:	71b9      	strb	r1, [r7, #6]
 8003330:	2101      	movs	r1, #1
 8003332:	71f9      	strb	r1, [r7, #7]
 8003334:	6878      	ldr	r0, [r7, #4]
 8003336:	f8cc 0010 	str.w	r0, [ip, #16]
 800333a:	2100      	movs	r1, #0
 800333c:	f021 0101 	bic.w	r1, r1, #1
 8003340:	f021 0102 	bic.w	r1, r1, #2
 8003344:	f021 0104 	bic.w	r1, r1, #4
 8003348:	f021 0138 	bic.w	r1, r1, #56	@ 0x38
 800334c:	2001      	movs	r0, #1
 800334e:	f360 1188 	bfi	r1, r0, #6, #3
 8003352:	f3c3 030a 	ubfx	r3, r3, #0, #11
 8003356:	f363 2153 	bfi	r1, r3, #9, #11
 800335a:	f3c1 0113 	ubfx	r1, r1, #0, #20
	z_impl_z_log_msg_static_create(source, desc, package, data);
 800335e:	2300      	movs	r3, #0
 8003360:	4807      	ldr	r0, [pc, #28]	@ (8003380 <reserved_exception+0xd4>)
 8003362:	f7ff fa9d 	bl	80028a0 <z_impl_z_log_msg_static_create>
}
 8003366:	370c      	adds	r7, #12
 8003368:	46bd      	mov	sp, r7
 800336a:	bd90      	pop	{r4, r7, pc}
	PR_FAULT_INFO("***** %s %d) *****",
 800336c:	f06f 031b 	mvn.w	r3, #27
 8003370:	e7d8      	b.n	8003324 <reserved_exception+0x78>
 8003372:	bf00      	nop
 8003374:	0800b13c 	.word	0x0800b13c
 8003378:	0800b170 	.word	0x0800b170
 800337c:	0800b154 	.word	0x0800b154
 8003380:	0800aa7c 	.word	0x0800aa7c

08003384 <bus_fault>:
{
 8003384:	b5f8      	push	{r3, r4, r5, r6, r7, lr}
 8003386:	4605      	mov	r5, r0
 8003388:	460f      	mov	r7, r1
 800338a:	4614      	mov	r4, r2
	z_impl_z_log_msg_simple_create_0(source, level, fmt);
 800338c:	4a37      	ldr	r2, [pc, #220]	@ (800346c <bus_fault+0xe8>)
 800338e:	2101      	movs	r1, #1
 8003390:	4837      	ldr	r0, [pc, #220]	@ (8003470 <bus_fault+0xec>)
 8003392:	f005 fb6c 	bl	8008a6e <z_impl_z_log_msg_simple_create_0>
	if (SCB->CFSR & SCB_CFSR_STKERR_Msk) {
 8003396:	4b37      	ldr	r3, [pc, #220]	@ (8003474 <bus_fault+0xf0>)
 8003398:	6a9b      	ldr	r3, [r3, #40]	@ 0x28
 800339a:	f413 5f80 	tst.w	r3, #4096	@ 0x1000
 800339e:	d125      	bne.n	80033ec <bus_fault+0x68>
	uint32_t reason = K_ERR_ARM_BUS_GENERIC;
 80033a0:	2616      	movs	r6, #22
	if (SCB->CFSR & SCB_CFSR_UNSTKERR_Msk) {
 80033a2:	4b34      	ldr	r3, [pc, #208]	@ (8003474 <bus_fault+0xf0>)
 80033a4:	6a9b      	ldr	r3, [r3, #40]	@ 0x28
 80033a6:	f413 6f00 	tst.w	r3, #2048	@ 0x800
 80033aa:	d126      	bne.n	80033fa <bus_fault+0x76>
	if (SCB->CFSR & SCB_CFSR_PRECISERR_Msk) {
 80033ac:	4b31      	ldr	r3, [pc, #196]	@ (8003474 <bus_fault+0xf0>)
 80033ae:	6a9b      	ldr	r3, [r3, #40]	@ 0x28
 80033b0:	f413 7f00 	tst.w	r3, #512	@ 0x200
 80033b4:	d128      	bne.n	8003408 <bus_fault+0x84>
	if (SCB->CFSR & SCB_CFSR_IMPRECISERR_Msk) {
 80033b6:	4b2f      	ldr	r3, [pc, #188]	@ (8003474 <bus_fault+0xf0>)
 80033b8:	6a9b      	ldr	r3, [r3, #40]	@ 0x28
 80033ba:	f413 6f80 	tst.w	r3, #1024	@ 0x400
 80033be:	d13f      	bne.n	8003440 <bus_fault+0xbc>
	if ((SCB->CFSR & SCB_CFSR_IBUSERR_Msk) != 0) {
 80033c0:	4b2c      	ldr	r3, [pc, #176]	@ (8003474 <bus_fault+0xf0>)
 80033c2:	6a9b      	ldr	r3, [r3, #40]	@ 0x28
 80033c4:	f413 7f80 	tst.w	r3, #256	@ 0x100
 80033c8:	d141      	bne.n	800344e <bus_fault+0xca>
	} else if (SCB->CFSR & SCB_CFSR_LSPERR_Msk) {
 80033ca:	4b2a      	ldr	r3, [pc, #168]	@ (8003474 <bus_fault+0xf0>)
 80033cc:	6a9b      	ldr	r3, [r3, #40]	@ 0x28
 80033ce:	f413 5f00 	tst.w	r3, #8192	@ 0x2000
 80033d2:	d143      	bne.n	800345c <bus_fault+0xd8>
	SCB->CFSR |= SCB_CFSR_BUSFAULTSR_Msk;
 80033d4:	4a27      	ldr	r2, [pc, #156]	@ (8003474 <bus_fault+0xf0>)
 80033d6:	6a93      	ldr	r3, [r2, #40]	@ 0x28
 80033d8:	f443 437f 	orr.w	r3, r3, #65280	@ 0xff00
 80033dc:	6293      	str	r3, [r2, #40]	@ 0x28
	*recoverable = memory_fault_recoverable(esf, true);
 80033de:	2101      	movs	r1, #1
 80033e0:	4628      	mov	r0, r5
 80033e2:	f005 fc69 	bl	8008cb8 <memory_fault_recoverable>
 80033e6:	7020      	strb	r0, [r4, #0]
}
 80033e8:	4630      	mov	r0, r6
 80033ea:	bdf8      	pop	{r3, r4, r5, r6, r7, pc}
 80033ec:	4a22      	ldr	r2, [pc, #136]	@ (8003478 <bus_fault+0xf4>)
 80033ee:	2101      	movs	r1, #1
 80033f0:	481f      	ldr	r0, [pc, #124]	@ (8003470 <bus_fault+0xec>)
 80033f2:	f005 fb3c 	bl	8008a6e <z_impl_z_log_msg_simple_create_0>
		reason = K_ERR_ARM_BUS_STACKING;
 80033f6:	2617      	movs	r6, #23
		PR_FAULT_INFO("  Stacking error");
 80033f8:	e7d3      	b.n	80033a2 <bus_fault+0x1e>
 80033fa:	4a20      	ldr	r2, [pc, #128]	@ (800347c <bus_fault+0xf8>)
 80033fc:	2101      	movs	r1, #1
 80033fe:	481c      	ldr	r0, [pc, #112]	@ (8003470 <bus_fault+0xec>)
 8003400:	f005 fb35 	bl	8008a6e <z_impl_z_log_msg_simple_create_0>
		reason = K_ERR_ARM_BUS_UNSTACKING;
 8003404:	2618      	movs	r6, #24
		PR_FAULT_INFO("  Unstacking error");
 8003406:	e7d1      	b.n	80033ac <bus_fault+0x28>
 8003408:	4a1d      	ldr	r2, [pc, #116]	@ (8003480 <bus_fault+0xfc>)
 800340a:	2101      	movs	r1, #1
 800340c:	4818      	ldr	r0, [pc, #96]	@ (8003470 <bus_fault+0xec>)
 800340e:	f005 fb2e 	bl	8008a6e <z_impl_z_log_msg_simple_create_0>
		STORE_xFAR(bfar, SCB->BFAR);
 8003412:	4a18      	ldr	r2, [pc, #96]	@ (8003474 <bus_fault+0xf0>)
 8003414:	6b93      	ldr	r3, [r2, #56]	@ 0x38
		if ((SCB->CFSR & SCB_CFSR_BFARVALID_Msk) != 0) {
 8003416:	6a92      	ldr	r2, [r2, #40]	@ 0x28
 8003418:	f412 4f00 	tst.w	r2, #32768	@ 0x8000
 800341c:	d101      	bne.n	8003422 <bus_fault+0x9e>
		reason = K_ERR_ARM_BUS_PRECISE_DATA_BUS;
 800341e:	2619      	movs	r6, #25
 8003420:	e7c9      	b.n	80033b6 <bus_fault+0x32>
	z_impl_z_log_msg_simple_create_1(source, level, fmt, arg);
 8003422:	4a18      	ldr	r2, [pc, #96]	@ (8003484 <bus_fault+0x100>)
 8003424:	2101      	movs	r1, #1
 8003426:	4812      	ldr	r0, [pc, #72]	@ (8003470 <bus_fault+0xec>)
 8003428:	f005 fb2b 	bl	8008a82 <z_impl_z_log_msg_simple_create_1>
			if (from_hard_fault != 0) {
 800342c:	b137      	cbz	r7, 800343c <bus_fault+0xb8>
				SCB->CFSR &= ~SCB_CFSR_BFARVALID_Msk;
 800342e:	4a11      	ldr	r2, [pc, #68]	@ (8003474 <bus_fault+0xf0>)
 8003430:	6a93      	ldr	r3, [r2, #40]	@ 0x28
 8003432:	f423 4300 	bic.w	r3, r3, #32768	@ 0x8000
 8003436:	6293      	str	r3, [r2, #40]	@ 0x28
		reason = K_ERR_ARM_BUS_PRECISE_DATA_BUS;
 8003438:	2619      	movs	r6, #25
 800343a:	e7bc      	b.n	80033b6 <bus_fault+0x32>
 800343c:	2619      	movs	r6, #25
 800343e:	e7ba      	b.n	80033b6 <bus_fault+0x32>
	z_impl_z_log_msg_simple_create_0(source, level, fmt);
 8003440:	4a11      	ldr	r2, [pc, #68]	@ (8003488 <bus_fault+0x104>)
 8003442:	2101      	movs	r1, #1
 8003444:	480a      	ldr	r0, [pc, #40]	@ (8003470 <bus_fault+0xec>)
 8003446:	f005 fb12 	bl	8008a6e <z_impl_z_log_msg_simple_create_0>
		reason = K_ERR_ARM_BUS_IMPRECISE_DATA_BUS;
 800344a:	261a      	movs	r6, #26
		PR_FAULT_INFO("  Imprecise data bus error");
 800344c:	e7b8      	b.n	80033c0 <bus_fault+0x3c>
 800344e:	4a0f      	ldr	r2, [pc, #60]	@ (800348c <bus_fault+0x108>)
 8003450:	2101      	movs	r1, #1
 8003452:	4807      	ldr	r0, [pc, #28]	@ (8003470 <bus_fault+0xec>)
 8003454:	f005 fb0b 	bl	8008a6e <z_impl_z_log_msg_simple_create_0>
		reason = K_ERR_ARM_BUS_INSTRUCTION_BUS;
 8003458:	261b      	movs	r6, #27
		PR_FAULT_INFO("  Instruction bus error");
 800345a:	e7bb      	b.n	80033d4 <bus_fault+0x50>
 800345c:	4a0c      	ldr	r2, [pc, #48]	@ (8003490 <bus_fault+0x10c>)
 800345e:	2101      	movs	r1, #1
 8003460:	4803      	ldr	r0, [pc, #12]	@ (8003470 <bus_fault+0xec>)
 8003462:	f005 fb04 	bl	8008a6e <z_impl_z_log_msg_simple_create_0>
		reason = K_ERR_ARM_BUS_FP_LAZY_STATE_PRESERVATION;
 8003466:	261c      	movs	r6, #28
		PR_FAULT_INFO("  Floating-point lazy state preservation error");
 8003468:	e7b4      	b.n	80033d4 <bus_fault+0x50>
 800346a:	bf00      	nop
 800346c:	0800b184 	.word	0x0800b184
 8003470:	0800aa7c 	.word	0x0800aa7c
 8003474:	e000ed00 	.word	0xe000ed00
 8003478:	0800b19c 	.word	0x0800b19c
 800347c:	0800b1b0 	.word	0x0800b1b0
 8003480:	0800b1c4 	.word	0x0800b1c4
 8003484:	0800b1e0 	.word	0x0800b1e0
 8003488:	0800b1f8 	.word	0x0800b1f8
 800348c:	0800b214 	.word	0x0800b214
 8003490:	0800b22c 	.word	0x0800b22c

08003494 <mem_manage_fault>:
{
 8003494:	e92d 41f0 	stmdb	sp!, {r4, r5, r6, r7, r8, lr}
 8003498:	4604      	mov	r4, r0
 800349a:	460f      	mov	r7, r1
 800349c:	4615      	mov	r5, r2
 800349e:	4a46      	ldr	r2, [pc, #280]	@ (80035b8 <mem_manage_fault+0x124>)
 80034a0:	2101      	movs	r1, #1
 80034a2:	4846      	ldr	r0, [pc, #280]	@ (80035bc <mem_manage_fault+0x128>)
 80034a4:	f005 fae3 	bl	8008a6e <z_impl_z_log_msg_simple_create_0>
	if ((SCB->CFSR & SCB_CFSR_MSTKERR_Msk) != 0) {
 80034a8:	4b45      	ldr	r3, [pc, #276]	@ (80035c0 <mem_manage_fault+0x12c>)
 80034aa:	6a9b      	ldr	r3, [r3, #40]	@ 0x28
 80034ac:	f013 0f10 	tst.w	r3, #16
 80034b0:	d13c      	bne.n	800352c <mem_manage_fault+0x98>
	uint32_t reason = K_ERR_ARM_MEM_GENERIC;
 80034b2:	2610      	movs	r6, #16
	if ((SCB->CFSR & SCB_CFSR_MUNSTKERR_Msk) != 0) {
 80034b4:	4b42      	ldr	r3, [pc, #264]	@ (80035c0 <mem_manage_fault+0x12c>)
 80034b6:	6a9b      	ldr	r3, [r3, #40]	@ 0x28
 80034b8:	f013 0f08 	tst.w	r3, #8
 80034bc:	d13d      	bne.n	800353a <mem_manage_fault+0xa6>
	if ((SCB->CFSR & SCB_CFSR_DACCVIOL_Msk) != 0) {
 80034be:	4b40      	ldr	r3, [pc, #256]	@ (80035c0 <mem_manage_fault+0x12c>)
 80034c0:	6a9b      	ldr	r3, [r3, #40]	@ 0x28
 80034c2:	f013 0f02 	tst.w	r3, #2
 80034c6:	d13f      	bne.n	8003548 <mem_manage_fault+0xb4>
	uint32_t mmfar = -EINVAL;
 80034c8:	f06f 0815 	mvn.w	r8, #21
	if ((SCB->CFSR & SCB_CFSR_IACCVIOL_Msk) != 0) {
 80034cc:	4b3c      	ldr	r3, [pc, #240]	@ (80035c0 <mem_manage_fault+0x12c>)
 80034ce:	6a9b      	ldr	r3, [r3, #40]	@ 0x28
 80034d0:	f013 0f01 	tst.w	r3, #1
 80034d4:	d158      	bne.n	8003588 <mem_manage_fault+0xf4>
	if ((SCB->CFSR & SCB_CFSR_MLSPERR_Msk) != 0) {
 80034d6:	4b3a      	ldr	r3, [pc, #232]	@ (80035c0 <mem_manage_fault+0x12c>)
 80034d8:	6a9b      	ldr	r3, [r3, #40]	@ 0x28
 80034da:	f013 0f20 	tst.w	r3, #32
 80034de:	d15a      	bne.n	8003596 <mem_manage_fault+0x102>
	if ((SCB->CFSR & SCB_CFSR_MSTKERR_Msk) || (SCB->CFSR & SCB_CFSR_DACCVIOL_Msk)) {
 80034e0:	4b37      	ldr	r3, [pc, #220]	@ (80035c0 <mem_manage_fault+0x12c>)
 80034e2:	6a9b      	ldr	r3, [r3, #40]	@ 0x28
 80034e4:	f013 0f10 	tst.w	r3, #16
 80034e8:	d104      	bne.n	80034f4 <mem_manage_fault+0x60>
 80034ea:	4b35      	ldr	r3, [pc, #212]	@ (80035c0 <mem_manage_fault+0x12c>)
 80034ec:	6a9b      	ldr	r3, [r3, #40]	@ 0x28
 80034ee:	f013 0f02 	tst.w	r3, #2
 80034f2:	d004      	beq.n	80034fe <mem_manage_fault+0x6a>
		if (SCB->ICSR & SCB_ICSR_RETTOBASE_Msk) {
 80034f4:	4b32      	ldr	r3, [pc, #200]	@ (80035c0 <mem_manage_fault+0x12c>)
 80034f6:	685b      	ldr	r3, [r3, #4]
 80034f8:	f413 6f00 	tst.w	r3, #2048	@ 0x800
 80034fc:	d152      	bne.n	80035a4 <mem_manage_fault+0x110>
	if ((SCB->CFSR & SCB_CFSR_MLSPERR_Msk) != 0) {
 80034fe:	4b30      	ldr	r3, [pc, #192]	@ (80035c0 <mem_manage_fault+0x12c>)
 8003500:	6a9b      	ldr	r3, [r3, #40]	@ 0x28
 8003502:	f013 0f20 	tst.w	r3, #32
 8003506:	d004      	beq.n	8003512 <mem_manage_fault+0x7e>
		SCB->SHCSR &= ~SCB_SHCSR_MEMFAULTPENDED_Msk;
 8003508:	4a2d      	ldr	r2, [pc, #180]	@ (80035c0 <mem_manage_fault+0x12c>)
 800350a:	6a53      	ldr	r3, [r2, #36]	@ 0x24
 800350c:	f423 5300 	bic.w	r3, r3, #8192	@ 0x2000
 8003510:	6253      	str	r3, [r2, #36]	@ 0x24
	SCB->CFSR |= SCB_CFSR_MEMFAULTSR_Msk;
 8003512:	4a2b      	ldr	r2, [pc, #172]	@ (80035c0 <mem_manage_fault+0x12c>)
 8003514:	6a93      	ldr	r3, [r2, #40]	@ 0x28
 8003516:	f043 03ff 	orr.w	r3, r3, #255	@ 0xff
 800351a:	6293      	str	r3, [r2, #40]	@ 0x28
	*recoverable = memory_fault_recoverable(esf, true);
 800351c:	2101      	movs	r1, #1
 800351e:	4620      	mov	r0, r4
 8003520:	f005 fbca 	bl	8008cb8 <memory_fault_recoverable>
 8003524:	7028      	strb	r0, [r5, #0]
}
 8003526:	4630      	mov	r0, r6
 8003528:	e8bd 81f0 	ldmia.w	sp!, {r4, r5, r6, r7, r8, pc}
 800352c:	4a25      	ldr	r2, [pc, #148]	@ (80035c4 <mem_manage_fault+0x130>)
 800352e:	2101      	movs	r1, #1
 8003530:	4822      	ldr	r0, [pc, #136]	@ (80035bc <mem_manage_fault+0x128>)
 8003532:	f005 fa9c 	bl	8008a6e <z_impl_z_log_msg_simple_create_0>
		reason = K_ERR_ARM_MEM_STACKING;
 8003536:	2611      	movs	r6, #17
		PR_FAULT_INFO("  Stacking error (context area might be"
 8003538:	e7bc      	b.n	80034b4 <mem_manage_fault+0x20>
 800353a:	4a23      	ldr	r2, [pc, #140]	@ (80035c8 <mem_manage_fault+0x134>)
 800353c:	2101      	movs	r1, #1
 800353e:	481f      	ldr	r0, [pc, #124]	@ (80035bc <mem_manage_fault+0x128>)
 8003540:	f005 fa95 	bl	8008a6e <z_impl_z_log_msg_simple_create_0>
		reason = K_ERR_ARM_MEM_UNSTACKING;
 8003544:	2612      	movs	r6, #18
		PR_FAULT_INFO("  Unstacking error");
 8003546:	e7ba      	b.n	80034be <mem_manage_fault+0x2a>
 8003548:	4a20      	ldr	r2, [pc, #128]	@ (80035cc <mem_manage_fault+0x138>)
 800354a:	2101      	movs	r1, #1
 800354c:	481b      	ldr	r0, [pc, #108]	@ (80035bc <mem_manage_fault+0x128>)
 800354e:	f005 fa8e 	bl	8008a6e <z_impl_z_log_msg_simple_create_0>
		uint32_t temp = SCB->MMFAR;
 8003552:	4b1b      	ldr	r3, [pc, #108]	@ (80035c0 <mem_manage_fault+0x12c>)
 8003554:	f8d3 8034 	ldr.w	r8, [r3, #52]	@ 0x34
		if ((SCB->CFSR & SCB_CFSR_MMARVALID_Msk) != 0) {
 8003558:	6a9b      	ldr	r3, [r3, #40]	@ 0x28
 800355a:	f013 0f80 	tst.w	r3, #128	@ 0x80
 800355e:	d103      	bne.n	8003568 <mem_manage_fault+0xd4>
	uint32_t mmfar = -EINVAL;
 8003560:	f06f 0815 	mvn.w	r8, #21
		reason = K_ERR_ARM_MEM_DATA_ACCESS;
 8003564:	2613      	movs	r6, #19
 8003566:	e7b1      	b.n	80034cc <mem_manage_fault+0x38>
	z_impl_z_log_msg_simple_create_1(source, level, fmt, arg);
 8003568:	4643      	mov	r3, r8
 800356a:	4a19      	ldr	r2, [pc, #100]	@ (80035d0 <mem_manage_fault+0x13c>)
 800356c:	2101      	movs	r1, #1
 800356e:	4813      	ldr	r0, [pc, #76]	@ (80035bc <mem_manage_fault+0x128>)
 8003570:	f005 fa87 	bl	8008a82 <z_impl_z_log_msg_simple_create_1>
			if (from_hard_fault != 0) {
 8003574:	b137      	cbz	r7, 8003584 <mem_manage_fault+0xf0>
				SCB->CFSR &= ~SCB_CFSR_MMARVALID_Msk;
 8003576:	4a12      	ldr	r2, [pc, #72]	@ (80035c0 <mem_manage_fault+0x12c>)
 8003578:	6a93      	ldr	r3, [r2, #40]	@ 0x28
 800357a:	f023 0380 	bic.w	r3, r3, #128	@ 0x80
 800357e:	6293      	str	r3, [r2, #40]	@ 0x28
		reason = K_ERR_ARM_MEM_DATA_ACCESS;
 8003580:	2613      	movs	r6, #19
 8003582:	e7a3      	b.n	80034cc <mem_manage_fault+0x38>
 8003584:	2613      	movs	r6, #19
 8003586:	e7a1      	b.n	80034cc <mem_manage_fault+0x38>
	z_impl_z_log_msg_simple_create_0(source, level, fmt);
 8003588:	4a12      	ldr	r2, [pc, #72]	@ (80035d4 <mem_manage_fault+0x140>)
 800358a:	2101      	movs	r1, #1
 800358c:	480b      	ldr	r0, [pc, #44]	@ (80035bc <mem_manage_fault+0x128>)
 800358e:	f005 fa6e 	bl	8008a6e <z_impl_z_log_msg_simple_create_0>
		reason = K_ERR_ARM_MEM_INSTRUCTION_ACCESS;
 8003592:	2614      	movs	r6, #20
		PR_FAULT_INFO("  Instruction Access Violation");
 8003594:	e79f      	b.n	80034d6 <mem_manage_fault+0x42>
 8003596:	4a10      	ldr	r2, [pc, #64]	@ (80035d8 <mem_manage_fault+0x144>)
 8003598:	2101      	movs	r1, #1
 800359a:	4808      	ldr	r0, [pc, #32]	@ (80035bc <mem_manage_fault+0x128>)
 800359c:	f005 fa67 	bl	8008a6e <z_impl_z_log_msg_simple_create_0>
		reason = K_ERR_ARM_MEM_FP_LAZY_STATE_PRESERVATION;
 80035a0:	2615      	movs	r6, #21
		PR_FAULT_INFO("  Floating-point lazy state preservation error");
 80035a2:	e79d      	b.n	80034e0 <mem_manage_fault+0x4c>
				z_check_thread_stack_fail(mmfar, ((uint32_t)&esf[0]));
 80035a4:	4621      	mov	r1, r4
 80035a6:	4640      	mov	r0, r8
 80035a8:	f005 fbbe 	bl	8008d28 <z_check_thread_stack_fail>
			if (min_stack_ptr) {
 80035ac:	2800      	cmp	r0, #0
 80035ae:	d0a6      	beq.n	80034fe <mem_manage_fault+0x6a>
  __ASM volatile ("MSR psp, %0" : : "r" (topOfProcStack) : );
 80035b0:	f380 8809 	msr	PSP, r0
				reason = K_ERR_STACK_CHK_FAIL;
 80035b4:	2602      	movs	r6, #2
 80035b6:	e7a2      	b.n	80034fe <mem_manage_fault+0x6a>
 80035b8:	0800b25c 	.word	0x0800b25c
 80035bc:	0800aa7c 	.word	0x0800aa7c
 80035c0:	e000ed00 	.word	0xe000ed00
 80035c4:	0800b274 	.word	0x0800b274
 80035c8:	0800b1b0 	.word	0x0800b1b0
 80035cc:	0800b2a8 	.word	0x0800b2a8
 80035d0:	0800b2c0 	.word	0x0800b2c0
 80035d4:	0800b2d8 	.word	0x0800b2d8
 80035d8:	0800b22c 	.word	0x0800b22c

080035dc <hard_fault>:
{
 80035dc:	b570      	push	{r4, r5, r6, lr}
 80035de:	4606      	mov	r6, r0
 80035e0:	460d      	mov	r5, r1
 80035e2:	4a2b      	ldr	r2, [pc, #172]	@ (8003690 <hard_fault+0xb4>)
 80035e4:	2101      	movs	r1, #1
 80035e6:	482b      	ldr	r0, [pc, #172]	@ (8003694 <hard_fault+0xb8>)
 80035e8:	f005 fa41 	bl	8008a6e <z_impl_z_log_msg_simple_create_0>
	*recoverable = false;
 80035ec:	2300      	movs	r3, #0
 80035ee:	702b      	strb	r3, [r5, #0]
	if ((SCB->HFSR & SCB_HFSR_VECTTBL_Msk) != 0) {
 80035f0:	4b29      	ldr	r3, [pc, #164]	@ (8003698 <hard_fault+0xbc>)
 80035f2:	6adc      	ldr	r4, [r3, #44]	@ 0x2c
 80035f4:	f014 0402 	ands.w	r4, r4, #2
 80035f8:	d10a      	bne.n	8003610 <hard_fault+0x34>
	} else if ((SCB->HFSR & SCB_HFSR_DEBUGEVT_Msk) != 0) {
 80035fa:	4b27      	ldr	r3, [pc, #156]	@ (8003698 <hard_fault+0xbc>)
 80035fc:	6adb      	ldr	r3, [r3, #44]	@ 0x2c
 80035fe:	2b00      	cmp	r3, #0
 8003600:	db0d      	blt.n	800361e <hard_fault+0x42>
	} else if ((SCB->HFSR & SCB_HFSR_FORCED_Msk) != 0) {
 8003602:	4b25      	ldr	r3, [pc, #148]	@ (8003698 <hard_fault+0xbc>)
 8003604:	6adc      	ldr	r4, [r3, #44]	@ 0x2c
 8003606:	f014 4480 	ands.w	r4, r4, #1073741824	@ 0x40000000
 800360a:	d10e      	bne.n	800362a <hard_fault+0x4e>
}
 800360c:	4620      	mov	r0, r4
 800360e:	bd70      	pop	{r4, r5, r6, pc}
 8003610:	4a22      	ldr	r2, [pc, #136]	@ (800369c <hard_fault+0xc0>)
 8003612:	2101      	movs	r1, #1
 8003614:	481f      	ldr	r0, [pc, #124]	@ (8003694 <hard_fault+0xb8>)
 8003616:	f005 fa2a 	bl	8008a6e <z_impl_z_log_msg_simple_create_0>
	uint32_t reason = K_ERR_CPU_EXCEPTION;
 800361a:	2400      	movs	r4, #0
		PR_EXC("  Bus fault on vector table read");
 800361c:	e7f6      	b.n	800360c <hard_fault+0x30>
 800361e:	4a20      	ldr	r2, [pc, #128]	@ (80036a0 <hard_fault+0xc4>)
 8003620:	2101      	movs	r1, #1
 8003622:	481c      	ldr	r0, [pc, #112]	@ (8003694 <hard_fault+0xb8>)
 8003624:	f005 fa23 	bl	8008a6e <z_impl_z_log_msg_simple_create_0>
		PR_EXC("  Debug event");
 8003628:	e7f0      	b.n	800360c <hard_fault+0x30>
 800362a:	4a1e      	ldr	r2, [pc, #120]	@ (80036a4 <hard_fault+0xc8>)
 800362c:	2101      	movs	r1, #1
 800362e:	4819      	ldr	r0, [pc, #100]	@ (8003694 <hard_fault+0xb8>)
 8003630:	f005 fa1d 	bl	8008a6e <z_impl_z_log_msg_simple_create_0>
		if (z_arm_is_synchronous_svc(esf)) {
 8003634:	4630      	mov	r0, r6
 8003636:	f7ff fd79 	bl	800312c <z_arm_is_synchronous_svc>
 800363a:	b998      	cbnz	r0, 8003664 <hard_fault+0x88>
		} else if ((SCB->CFSR & SCB_CFSR_MEMFAULTSR_Msk) != 0) {
 800363c:	4b16      	ldr	r3, [pc, #88]	@ (8003698 <hard_fault+0xbc>)
 800363e:	6a9b      	ldr	r3, [r3, #40]	@ 0x28
 8003640:	f013 0fff 	tst.w	r3, #255	@ 0xff
 8003644:	d116      	bne.n	8003674 <hard_fault+0x98>
		} else if ((SCB->CFSR & SCB_CFSR_BUSFAULTSR_Msk) != 0) {
 8003646:	4b14      	ldr	r3, [pc, #80]	@ (8003698 <hard_fault+0xbc>)
 8003648:	6a9c      	ldr	r4, [r3, #40]	@ 0x28
 800364a:	f414 447f 	ands.w	r4, r4, #65280	@ 0xff00
 800364e:	d118      	bne.n	8003682 <hard_fault+0xa6>
		} else if ((SCB->CFSR & SCB_CFSR_USGFAULTSR_Msk) != 0) {
 8003650:	4b11      	ldr	r3, [pc, #68]	@ (8003698 <hard_fault+0xbc>)
 8003652:	6a9b      	ldr	r3, [r3, #40]	@ 0x28
 8003654:	f5b3 3f80 	cmp.w	r3, #65536	@ 0x10000
 8003658:	d3d8      	bcc.n	800360c <hard_fault+0x30>
			reason = usage_fault(esf);
 800365a:	4630      	mov	r0, r6
 800365c:	f7ff fdae 	bl	80031bc <usage_fault>
 8003660:	4604      	mov	r4, r0
	return reason;
 8003662:	e7d3      	b.n	800360c <hard_fault+0x30>
			PR_EXC("ARCH_EXCEPT with reason %x\n", esf->basic.r0);
 8003664:	6833      	ldr	r3, [r6, #0]
	z_impl_z_log_msg_simple_create_1(source, level, fmt, arg);
 8003666:	4a10      	ldr	r2, [pc, #64]	@ (80036a8 <hard_fault+0xcc>)
 8003668:	2101      	movs	r1, #1
 800366a:	480a      	ldr	r0, [pc, #40]	@ (8003694 <hard_fault+0xb8>)
 800366c:	f005 fa09 	bl	8008a82 <z_impl_z_log_msg_simple_create_1>
			reason = esf->basic.r0;
 8003670:	6834      	ldr	r4, [r6, #0]
 8003672:	e7cb      	b.n	800360c <hard_fault+0x30>
			reason = mem_manage_fault(esf, 1, recoverable);
 8003674:	462a      	mov	r2, r5
 8003676:	2101      	movs	r1, #1
 8003678:	4630      	mov	r0, r6
 800367a:	f7ff ff0b 	bl	8003494 <mem_manage_fault>
 800367e:	4604      	mov	r4, r0
 8003680:	e7c4      	b.n	800360c <hard_fault+0x30>
			reason = bus_fault(esf, 1, recoverable);
 8003682:	462a      	mov	r2, r5
 8003684:	2101      	movs	r1, #1
 8003686:	4630      	mov	r0, r6
 8003688:	f7ff fe7c 	bl	8003384 <bus_fault>
 800368c:	4604      	mov	r4, r0
 800368e:	e7bd      	b.n	800360c <hard_fault+0x30>
 8003690:	0800b2f8 	.word	0x0800b2f8
 8003694:	0800aa7c 	.word	0x0800aa7c
 8003698:	e000ed00 	.word	0xe000ed00
 800369c:	0800b310 	.word	0x0800b310
 80036a0:	0800b334 	.word	0x0800b334
 80036a4:	0800b344 	.word	0x0800b344
 80036a8:	0800b364 	.word	0x0800b364

080036ac <z_arm_fault>:
 * @param exc_return EXC_RETURN value present in LR after exception entry.
 * @param callee_regs Callee-saved registers (R4-R11, PSP)
 *
 */
void z_arm_fault(uint32_t msp, uint32_t psp, uint32_t exc_return, _callee_saved_t *callee_regs)
{
 80036ac:	b530      	push	{r4, r5, lr}
 80036ae:	b08b      	sub	sp, #44	@ 0x2c
	uint32_t reason = K_ERR_CPU_EXCEPTION;
	int fault = SCB->ICSR & SCB_ICSR_VECTACTIVE_Msk;
 80036b0:	4b1e      	ldr	r3, [pc, #120]	@ (800372c <z_arm_fault+0x80>)
 80036b2:	685d      	ldr	r5, [r3, #4]
 80036b4:	f3c5 0508 	ubfx	r5, r5, #0, #9
  __ASM volatile ("MSR basepri, %0" : : "r" (basePri) : "memory");
 80036b8:	2300      	movs	r3, #0
 80036ba:	f383 8811 	msr	BASEPRI, r3
 80036be:	f3bf 8f6f 	isb	sy
	arch_irq_unlock(0);

	/* Retrieve the Exception Stack Frame (ESF) to be supplied
	 * as argument to the remainder of the fault handling process.
	 */
	esf = get_esf(msp, psp, exc_return, &nested_exc);
 80036c2:	f10d 0326 	add.w	r3, sp, #38	@ 0x26
 80036c6:	f7ff fd55 	bl	8003174 <get_esf>
 80036ca:	4604      	mov	r4, r0
	__ASSERT(esf != NULL, "ESF could not be retrieved successfully. Shall never occur.");

	z_arm_set_fault_sp(esf, exc_return);

	reason = fault_handle(esf, fault, &recoverable);
 80036cc:	f10d 0227 	add.w	r2, sp, #39	@ 0x27
 80036d0:	4629      	mov	r1, r5
 80036d2:	f005 faf3 	bl	8008cbc <fault_handle>
	if (recoverable) {
 80036d6:	f89d 3027 	ldrb.w	r3, [sp, #39]	@ 0x27
 80036da:	b10b      	cbz	r3, 80036e0 <z_arm_fault+0x34>
	 */
	if ((exc_return & 0xf000000f) == 0xf000000d) {
		arm_m_exc_tail();
	}
#endif
}
 80036dc:	b00b      	add	sp, #44	@ 0x2c
 80036de:	bd30      	pop	{r4, r5, pc}
 80036e0:	4605      	mov	r5, r0
	memcpy(&esf_copy, esf, sizeof(struct arch_esf));
 80036e2:	f10d 0c04 	add.w	ip, sp, #4
 80036e6:	6820      	ldr	r0, [r4, #0]
 80036e8:	6861      	ldr	r1, [r4, #4]
 80036ea:	68a2      	ldr	r2, [r4, #8]
 80036ec:	68e3      	ldr	r3, [r4, #12]
 80036ee:	e8ac 000f 	stmia.w	ip!, {r0, r1, r2, r3}
 80036f2:	6920      	ldr	r0, [r4, #16]
 80036f4:	6961      	ldr	r1, [r4, #20]
 80036f6:	69a2      	ldr	r2, [r4, #24]
 80036f8:	69e3      	ldr	r3, [r4, #28]
 80036fa:	e8ac 000f 	stmia.w	ip!, {r0, r1, r2, r3}
	if (nested_exc) {
 80036fe:	f89d 3026 	ldrb.w	r3, [sp, #38]	@ 0x26
 8003702:	b14b      	cbz	r3, 8003718 <z_arm_fault+0x6c>
		if ((esf_copy.basic.xpsr & IPSR_ISR_Msk) == 0) {
 8003704:	9b08      	ldr	r3, [sp, #32]
 8003706:	f3c3 0208 	ubfx	r2, r3, #0, #9
 800370a:	b94a      	cbnz	r2, 8003720 <z_arm_fault+0x74>
			esf_copy.basic.xpsr |= IPSR_ISR_Msk;
 800370c:	ea6f 2353 	mvn.w	r3, r3, lsr #9
 8003710:	ea6f 2343 	mvn.w	r3, r3, lsl #9
 8003714:	9308      	str	r3, [sp, #32]
 8003716:	e003      	b.n	8003720 <z_arm_fault+0x74>
		esf_copy.basic.xpsr &= ~(IPSR_ISR_Msk);
 8003718:	9b08      	ldr	r3, [sp, #32]
 800371a:	f36f 0308 	bfc	r3, #0, #9
 800371e:	9308      	str	r3, [sp, #32]
	z_arm_fatal_error(reason, &esf_copy);
 8003720:	a901      	add	r1, sp, #4
 8003722:	4628      	mov	r0, r5
 8003724:	f7ff fcba 	bl	800309c <z_arm_fatal_error>
 8003728:	e7d8      	b.n	80036dc <z_arm_fault+0x30>
 800372a:	bf00      	nop
 800372c:	e000ed00 	.word	0xe000ed00

08003730 <z_arm_fault_init>:
 */
void z_arm_fault_init(void)
{
#if defined(CONFIG_ARMV6_M_ARMV8_M_BASELINE)
#elif defined(CONFIG_ARMV7_M_ARMV8_M_MAINLINE)
	SCB->CCR |= SCB_CCR_DIV_0_TRP_Msk;
 8003730:	4b04      	ldr	r3, [pc, #16]	@ (8003744 <z_arm_fault_init+0x14>)
 8003732:	695a      	ldr	r2, [r3, #20]
 8003734:	f042 0210 	orr.w	r2, r2, #16
 8003738:	615a      	str	r2, [r3, #20]
	SCB->CCR |= SCB_CCR_STKOFHFNMIGN_Msk;
#endif /* CONFIG_BUILTIN_STACK_GUARD */
#ifdef CONFIG_TRAP_UNALIGNED_ACCESS
	SCB->CCR |= SCB_CCR_UNALIGN_TRP_Msk;
#else
	SCB->CCR &= ~SCB_CCR_UNALIGN_TRP_Msk;
 800373a:	695a      	ldr	r2, [r3, #20]
 800373c:	f022 0208 	bic.w	r2, r2, #8
 8003740:	615a      	str	r2, [r3, #20]
#endif /* CONFIG_TRAP_UNALIGNED_ACCESS */
}
 8003742:	4770      	bx	lr
 8003744:	e000ed00 	.word	0xe000ed00

08003748 <z_arm_bus_fault>:
#else
#error Unknown ARM architecture
#endif /* CONFIG_ARMV6_M_ARMV8_M_BASELINE */
SECTION_SUBSEC_FUNC(TEXT,__fault,z_arm_exc_spurious)

	mrs r0, MSP
 8003748:	f3ef 8008 	mrs	r0, MSP
	mrs r1, PSP
 800374c:	f3ef 8109 	mrs	r1, PSP
	push {r0, lr}
 8003750:	b501      	push	{r0, lr}
#elif defined(CONFIG_ARMV7_M_ARMV8_M_MAINLINE)
	push {r4-r11}
#endif
	mov  r3, sp /* pointer to _callee_saved_t */
#endif /* CONFIG_EXTRA_EXCEPTION_INFO */
	mov r2, lr /* EXC_RETURN */
 8003752:	4672      	mov	r2, lr
	bl z_arm_fault
 8003754:	f7ff ffaa 	bl	80036ac <z_arm_fault>
	 * in this routine. Therefore, we can just reset
	 * the MSP to its value prior to entering the function
	 */
	add sp, #40
#endif
	pop {r0, pc}
 8003758:	bd01      	pop	{r0, pc}
 800375a:	bf00      	nop

0800375c <__start>:
     *
     * Since these scenarios cover most of the cases, we set MSP to
     * z_main_stack here.
     *
     */
    ldr r0, =z_main_stack + CONFIG_MAIN_STACK_SIZE
 800375c:	480c      	ldr	r0, [pc, #48]	@ (8003790 <__start+0x34>)
    msr msp, r0
 800375e:	f380 8808 	msr	MSP, r0
     *       to avoid any issues with suspend/resume path.
     *       Refer issue #83660 for more details.
     */
#if defined(CONFIG_DEBUG_THREAD_INFO)
    /* Clear z_sys_post_kernel flag for RTOS aware debuggers */
    movs.n r0, #0
 8003762:	2000      	movs	r0, #0
    ldr r1, =z_sys_post_kernel
 8003764:	490b      	ldr	r1, [pc, #44]	@ (8003794 <__start+0x38>)
    strb r0, [r1]
 8003766:	7008      	strb	r0, [r1, #0]

    /* lock interrupts: will get unlocked when switch to main task */
#if defined(CONFIG_ARMV6_M_ARMV8_M_BASELINE)
    cpsid i
#elif defined(CONFIG_ARMV7_M_ARMV8_M_MAINLINE)
    movs.n r0, #_EXC_IRQ_DEFAULT_PRIO
 8003768:	2010      	movs	r0, #16
    msr BASEPRI, r0
 800376a:	f380 8811 	msr	BASEPRI, r0

    /*
     * Set PSP and use it to boot without using MSP, so that it
     * gets set to z_interrupt_stacks during initialization.
     */
    ldr r0, =z_interrupt_stacks
 800376e:	480a      	ldr	r0, [pc, #40]	@ (8003798 <__start+0x3c>)
    ldr r1, =CONFIG_ISR_STACK_SIZE + MPU_GUARD_ALIGN_AND_SIZE
 8003770:	f44f 6104 	mov.w	r1, #2112	@ 0x840
    adds r0, r0, r1
 8003774:	1840      	adds	r0, r0, r1
    msr PSP, r0
 8003776:	f380 8809 	msr	PSP, r0
    mrs r0, CONTROL
 800377a:	f3ef 8014 	mrs	r0, CONTROL
    movs r1, #(2 | CONTROL_ARM_PAC_MASK | CONTROL_ARM_BTI_MASK)
 800377e:	2102      	movs	r1, #2
    orrs r0, r1 /* CONTROL_SPSEL_Msk */
 8003780:	4308      	orrs	r0, r1
    msr CONTROL, r0
 8003782:	f380 8814 	msr	CONTROL, r0
    /*
     * When changing the stack pointer, software must use an ISB instruction
     * immediately after the MSR instruction. This ensures that instructions
     * after the ISB instruction execute using the new stack pointer.
     */
    isb
 8003786:	f3bf 8f6f 	isb	sy
    /*
     * 'bl' jumps the furthest of the branch instructions that are
     * supported on all platforms. So it is used when jumping to z_prep_c
     * (even though we do not intend to return).
     */
    bl z_prep_c
 800378a:	f000 f849 	bl	8003820 <z_prep_c>
 800378e:	0000      	.short	0x0000
    ldr r0, =z_main_stack + CONFIG_MAIN_STACK_SIZE
 8003790:	20003040 	.word	0x20003040
    ldr r1, =z_sys_post_kernel
 8003794:	20001187 	.word	0x20001187
    ldr r0, =z_interrupt_stacks
 8003798:	20002280 	.word	0x20002280

0800379c <z_arm_svc>:
  bne .L_stack_frame_endif
.L_stack_frame_msp:
  mrs r0, MSP
.L_stack_frame_endif:
#elif defined(CONFIG_ARMV7_M_ARMV8_M_MAINLINE)
    tst lr, #_EXC_RETURN_SPSEL_Msk /* did we come from thread mode ? */
 800379c:	f01e 0f04 	tst.w	lr, #4
    ite eq  /* if zero (equal), came from handler mode */
 80037a0:	bf0c      	ite	eq
        mrseq r0, MSP   /* handler mode, stack frame is on MSP */
 80037a2:	f3ef 8008 	mrseq	r0, MSP
        mrsne r0, PSP   /* thread mode, stack frame is on PSP */
 80037a6:	f3ef 8009 	mrsne	r0, PSP
#endif


    /* Figure out what SVC call number was invoked */

    ldr r1, [r0, #24]   /* grab address of PC from stack frame */
 80037aa:	6981      	ldr	r1, [r0, #24]
     */
#if defined(CONFIG_ARMV6_M_ARMV8_M_BASELINE)
    subs r1, r1, #2
    ldrb r1, [r1]
#elif defined(CONFIG_ARMV7_M_ARMV8_M_MAINLINE)
    ldrb r1, [r1, #-2]
 80037ac:	f811 1c02 	ldrb.w	r1, [r1, #-2]
#endif
    bne .L_oops

#endif /* CONFIG_USERSPACE */

    cmp r1, #2
 80037b0:	2902      	cmp	r1, #2
    beq .L_oops
 80037b2:	d0ff      	beq.n	80037b4 <z_arm_svc+0x18>
#endif

#endif

.L_oops:
    push {r0, lr}
 80037b4:	b501      	push	{r0, lr}
#else
#error Unknown ARM architecture
#endif
    mov  r1, sp /* pointer to _callee_saved_t */
#endif /* CONFIG_EXTRA_EXCEPTION_INFO */
    mov r2, lr /* EXC_RETURN */
 80037b6:	4672      	mov	r2, lr
    bl z_do_kernel_oops
 80037b8:	f005 fa72 	bl	8008ca0 <z_do_kernel_oops>

#ifdef CONFIG_USE_SWITCH
    bl arm_m_legacy_exit
#endif

    pop {r0, pc}
 80037bc:	bd01      	pop	{r0, pc}
 80037be:	bf00      	nop

080037c0 <__NVIC_EnableIRQ>:
  \param [in]      IRQn  Device specific interrupt number.
  \note    IRQn must not be negative.
 */
__STATIC_INLINE void __NVIC_EnableIRQ(IRQn_Type IRQn)
{
  if ((int32_t)(IRQn) >= 0)
 80037c0:	2800      	cmp	r0, #0
 80037c2:	db07      	blt.n	80037d4 <__NVIC_EnableIRQ+0x14>
  {
    __COMPILER_BARRIER();
    NVIC->ISER[(((uint32_t)IRQn) >> 5UL)] = (uint32_t)(1UL << (((uint32_t)IRQn) & 0x1FUL));
 80037c4:	f000 021f 	and.w	r2, r0, #31
 80037c8:	0940      	lsrs	r0, r0, #5
 80037ca:	2301      	movs	r3, #1
 80037cc:	4093      	lsls	r3, r2
 80037ce:	4a02      	ldr	r2, [pc, #8]	@ (80037d8 <__NVIC_EnableIRQ+0x18>)
 80037d0:	f842 3020 	str.w	r3, [r2, r0, lsl #2]
    __COMPILER_BARRIER();
  }
}
 80037d4:	4770      	bx	lr
 80037d6:	bf00      	nop
 80037d8:	e000e100 	.word	0xe000e100

080037dc <__NVIC_SetPriority>:
  \param [in]  priority  Priority to set.
  \note    The priority cannot be set for every processor exception.
 */
__STATIC_INLINE void __NVIC_SetPriority(IRQn_Type IRQn, uint32_t priority)
{
  if ((int32_t)(IRQn) >= 0)
 80037dc:	2800      	cmp	r0, #0
 80037de:	db08      	blt.n	80037f2 <__NVIC_SetPriority+0x16>
  {
    NVIC->IPR[((uint32_t)IRQn)]               = (uint8_t)((priority << (8U - __NVIC_PRIO_BITS)) & (uint32_t)0xFFUL);
 80037e0:	0109      	lsls	r1, r1, #4
 80037e2:	b2c9      	uxtb	r1, r1
 80037e4:	f100 4060 	add.w	r0, r0, #3758096384	@ 0xe0000000
 80037e8:	f500 4061 	add.w	r0, r0, #57600	@ 0xe100
 80037ec:	f880 1300 	strb.w	r1, [r0, #768]	@ 0x300
 80037f0:	4770      	bx	lr
  }
  else
  {
    SCB->SHPR[(((uint32_t)IRQn) & 0xFUL)-4UL] = (uint8_t)((priority << (8U - __NVIC_PRIO_BITS)) & (uint32_t)0xFFUL);
 80037f2:	f000 000f 	and.w	r0, r0, #15
 80037f6:	0109      	lsls	r1, r1, #4
 80037f8:	b2c9      	uxtb	r1, r1
 80037fa:	4b01      	ldr	r3, [pc, #4]	@ (8003800 <__NVIC_SetPriority+0x24>)
 80037fc:	5419      	strb	r1, [r3, r0]
  }
}
 80037fe:	4770      	bx	lr
 8003800:	e000ed14 	.word	0xe000ed14

08003804 <relocate_vector_table>:
	/* Copy vector table to its location in SRAM */
	size_t vector_size = (size_t)_vector_end - (size_t)_vector_start;

	arch_early_memcpy(_sram_vector_start, _vector_start, vector_size);
#endif
	SCB->VTOR = VECTOR_ADDRESS & VTOR_MASK;
 8003804:	4b04      	ldr	r3, [pc, #16]	@ (8003818 <relocate_vector_table+0x14>)
 8003806:	f023 037f 	bic.w	r3, r3, #127	@ 0x7f
 800380a:	4a04      	ldr	r2, [pc, #16]	@ (800381c <relocate_vector_table+0x18>)
 800380c:	6093      	str	r3, [r2, #8]
  __ASM volatile ("dsb 0xF":::"memory");
 800380e:	f3bf 8f4f 	dsb	sy
  __ASM volatile ("isb 0xF":::"memory");
 8003812:	f3bf 8f6f 	isb	sy
	barrier_dsync_fence_full();
	barrier_isync_fence_full();
}
 8003816:	4770      	bx	lr
 8003818:	08000000 	.word	0x08000000
 800381c:	e000ed00 	.word	0xe000ed00

08003820 <z_prep_c>:
 *
 * This routine prepares for the execution of and runs C code.
 *
 */
FUNC_NORETURN void z_prep_c(void)
{
 8003820:	b508      	push	{r3, lr}
	soc_prep_hook();

	relocate_vector_table();
 8003822:	f7ff ffef 	bl	8003804 <relocate_vector_table>
	SCB->CPACR &= (~(CPACR_CP10_Msk | CPACR_CP11_Msk));
 8003826:	4a0b      	ldr	r2, [pc, #44]	@ (8003854 <z_prep_c+0x34>)
 8003828:	f8d2 3088 	ldr.w	r3, [r2, #136]	@ 0x88
 800382c:	f423 0370 	bic.w	r3, r3, #15728640	@ 0xf00000
 8003830:	f8c2 3088 	str.w	r3, [r2, #136]	@ 0x88
  __ASM volatile ("MRS %0, control" : "=r" (result) );
 8003834:	f3ef 8314 	mrs	r3, CONTROL
	__set_CONTROL(__get_CONTROL() & (~(CONTROL_FPCA_Msk)));
 8003838:	f023 0304 	bic.w	r3, r3, #4
  __ASM volatile ("MSR control, %0" : : "r" (control) : "memory");
 800383c:	f383 8814 	msr	CONTROL, r3
 8003840:	f3bf 8f6f 	isb	sy
#if defined(CONFIG_CPU_HAS_FPU)
	z_arm_floating_point_init();
#endif
	arch_bss_zero();
 8003844:	f7ff fb54 	bl	8002ef0 <arch_bss_zero>
	arch_data_copy();
 8003848:	f7ff fb5e 	bl	8002f08 <arch_data_copy>
#if defined(CONFIG_ARM_CUSTOM_INTERRUPT_CONTROLLER)
	/* Invoke SoC-specific interrupt controller initialization */
	z_soc_irq_init();
#else
	z_arm_interrupt_init();
 800384c:	f000 f8cc 	bl	80039e8 <z_arm_interrupt_init>
#endif

#ifdef CONFIG_NULL_POINTER_EXCEPTION_DETECTION_DWT
	z_arm_debug_enable_null_pointer_detection();
#endif
	z_cstart();
 8003850:	f002 f8a4 	bl	800599c <z_cstart>
 8003854:	e000ed00 	.word	0xe000ed00

08003858 <min_stack>:
 *         thread stack corruption, otherwise return 0.
 */
static uint32_t min_stack(const uint32_t fault_addr, const uint32_t psp)
{
#if defined(CONFIG_MULTITHREADING)
	const struct k_thread *thread = _current;
 8003858:	4b10      	ldr	r3, [pc, #64]	@ (800389c <min_stack+0x44>)
 800385a:	689b      	ldr	r3, [r3, #8]

	if (thread == NULL) {
 800385c:	b1bb      	cbz	r3, 800388e <min_stack+0x36>
			return thread->stack_info.start;
		}
	}
#else /* CONFIG_USERSPACE */
#if defined(CONFIG_MULTITHREADING)
	if (IS_MPU_GUARD_VIOLATION(thread->stack_info.start - guard_len, guard_len, fault_addr,
 800385e:	f110 0f16 	cmn.w	r0, #22
 8003862:	d00b      	beq.n	800387c <min_stack+0x24>
 8003864:	f8d3 2098 	ldr.w	r2, [r3, #152]	@ 0x98
 8003868:	f1a2 0c40 	sub.w	ip, r2, #64	@ 0x40
 800386c:	4584      	cmp	ip, r0
 800386e:	d810      	bhi.n	8003892 <min_stack+0x3a>
 8003870:	4282      	cmp	r2, r0
 8003872:	d910      	bls.n	8003896 <min_stack+0x3e>
 8003874:	428a      	cmp	r2, r1
 8003876:	d807      	bhi.n	8003888 <min_stack+0x30>
		return (uint32_t)K_THREAD_STACK_BUFFER(z_main_stack);
	}
#endif
#endif /* CONFIG_USERSPACE */

	return 0;
 8003878:	2000      	movs	r0, #0
 800387a:	4770      	bx	lr
	if (IS_MPU_GUARD_VIOLATION(thread->stack_info.start - guard_len, guard_len, fault_addr,
 800387c:	f8d3 2098 	ldr.w	r2, [r3, #152]	@ 0x98
 8003880:	428a      	cmp	r2, r1
 8003882:	d801      	bhi.n	8003888 <min_stack+0x30>
	return 0;
 8003884:	2000      	movs	r0, #0
}
 8003886:	4770      	bx	lr
		return thread->stack_info.start;
 8003888:	f8d3 0098 	ldr.w	r0, [r3, #152]	@ 0x98
 800388c:	4770      	bx	lr
		return 0;
 800388e:	2000      	movs	r0, #0
 8003890:	4770      	bx	lr
	return 0;
 8003892:	2000      	movs	r0, #0
 8003894:	4770      	bx	lr
 8003896:	2000      	movs	r0, #0
 8003898:	4770      	bx	lr
 800389a:	bf00      	nop
 800389c:	20001148 	.word	0x20001148

080038a0 <arch_new_thread>:
{
 80038a0:	b410      	push	{r4}
	struct __basic_sf *iframe = Z_STACK_PTR_TO_FRAME(struct __basic_sf, stack_ptr);
 80038a2:	f1a2 0420 	sub.w	r4, r2, #32
	iframe->pc = (uint32_t)entry_wrapper;
 80038a6:	490e      	ldr	r1, [pc, #56]	@ (80038e0 <arch_new_thread+0x40>)
 80038a8:	f842 1c08 	str.w	r1, [r2, #-8]
	iframe->pc &= 0xfffffffe;
 80038ac:	f021 0101 	bic.w	r1, r1, #1
 80038b0:	f842 1c08 	str.w	r1, [r2, #-8]
	iframe->a1 = (uint32_t)entry;
 80038b4:	f842 3c20 	str.w	r3, [r2, #-32]
	iframe->a2 = (uint32_t)p1;
 80038b8:	9b01      	ldr	r3, [sp, #4]
 80038ba:	f842 3c1c 	str.w	r3, [r2, #-28]
	iframe->a3 = (uint32_t)p2;
 80038be:	9b02      	ldr	r3, [sp, #8]
 80038c0:	f842 3c18 	str.w	r3, [r2, #-24]
	iframe->a4 = (uint32_t)p3;
 80038c4:	9b03      	ldr	r3, [sp, #12]
 80038c6:	f842 3c14 	str.w	r3, [r2, #-20]
	iframe->xpsr = 0x01000000UL; /* clear all, thumb bit is 1, even if RO */
 80038ca:	f04f 7380 	mov.w	r3, #16777216	@ 0x1000000
 80038ce:	f842 3c04 	str.w	r3, [r2, #-4]
	thread->callee_saved.psp = (uint32_t)iframe;
 80038d2:	6504      	str	r4, [r0, #80]	@ 0x50
	thread->arch.basepri = 0;
 80038d4:	2300      	movs	r3, #0
 80038d6:	f8c0 30ac 	str.w	r3, [r0, #172]	@ 0xac
}
 80038da:	bc10      	pop	{r4}
 80038dc:	4770      	bx	lr
 80038de:	bf00      	nop
 80038e0:	08002039 	.word	0x08002039

080038e4 <arch_switch_to_main_thread>:
#endif /* CONFIG_FPU */
}

void arch_switch_to_main_thread(struct k_thread *main_thread, char *stack_ptr,
				k_thread_entry_t _main)
{
 80038e4:	b508      	push	{r3, lr}
 80038e6:	460e      	mov	r6, r1
 80038e8:	4615      	mov	r5, r2
	z_arm_prepare_switch_to_main();

	z_current_thread_set(main_thread);
 80038ea:	4a0c      	ldr	r2, [pc, #48]	@ (800391c <arch_switch_to_main_thread+0x38>)
 80038ec:	6090      	str	r0, [r2, #8]
	 * thread for the first time, as the pointer is only set
	 * during context switching.
	 */
	extern uintptr_t z_arm_tls_ptr;

	z_arm_tls_ptr = main_thread->tls;
 80038ee:	f8d0 20a8 	ldr.w	r2, [r0, #168]	@ 0xa8
 80038f2:	4b0b      	ldr	r3, [pc, #44]	@ (8003920 <arch_switch_to_main_thread+0x3c>)
 80038f4:	601a      	str	r2, [r3, #0]
#if defined(CONFIG_MPU_STACK_GUARD) || defined(CONFIG_USERSPACE)
	/*
	 * If stack protection is enabled, make sure to set it
	 * before jumping to thread entry function
	 */
	z_arm_configure_dynamic_mpu_regions(main_thread);
 80038f6:	f000 f8b5 	bl	8003a64 <z_arm_configure_dynamic_mpu_regions>
	 * with the thread entry process.
	 *
	 * When calling arch_irq_unlock_outlined, LR is lost which is fine since
	 * we do not intend to return after calling z_thread_entry.
	 */
	__asm__ volatile("mov   r4,  %0\n" /* force _main to be stored in a register */
 80038fa:	462c      	mov	r4, r5
 80038fc:	f386 8809 	msr	PSP, r6
 8003900:	2000      	movs	r0, #0
 8003902:	4b04      	ldr	r3, [pc, #16]	@ (8003914 <arch_switch_to_main_thread+0x30>)
 8003904:	4798      	blx	r3
 8003906:	4620      	mov	r0, r4
 8003908:	2100      	movs	r1, #0
 800390a:	2200      	movs	r2, #0
 800390c:	2300      	movs	r3, #0
 800390e:	4c02      	ldr	r4, [pc, #8]	@ (8003918 <arch_switch_to_main_thread+0x34>)
 8003910:	4720      	bx	r4
 8003912:	0000      	.short	0x0000
 8003914:	08008d37 	.word	0x08008d37
 8003918:	08002039 	.word	0x08002039
#endif
			 :
			 : "r"(_main), "r"(stack_ptr)
			 : "r0", "r1", "r2", "r3", "r4", "ip", "lr", "memory");

	CODE_UNREACHABLE;
 800391c:	20001148 	.word	0x20001148
 8003920:	200010a0 	.word	0x200010a0

08003924 <z_arm_cpu_idle_init>:
 * Only called by arch_kernel_init(). Sets SEVONPEND bit once for the system's
 * duration.
 */
void z_arm_cpu_idle_init(void)
{
	SCB->SCR = SCB_SCR_SEVONPEND_Msk;
 8003924:	4b01      	ldr	r3, [pc, #4]	@ (800392c <z_arm_cpu_idle_init+0x8>)
 8003926:	2210      	movs	r2, #16
 8003928:	611a      	str	r2, [r3, #16]
}
 800392a:	4770      	bx	lr
 800392c:	e000ed00 	.word	0xe000ed00

08003930 <z_arm_exc_exit>:
 *
 */
Z_GENERIC_SECTION(.text._HandlerModeExit) void z_arm_exc_exit(void)
{
#ifdef CONFIG_PREEMPT_ENABLED
	if (_kernel.ready_q.cache != _kernel.cpus->current) {
 8003930:	4b05      	ldr	r3, [pc, #20]	@ (8003948 <z_arm_exc_exit+0x18>)
 8003932:	695a      	ldr	r2, [r3, #20]
 8003934:	689b      	ldr	r3, [r3, #8]
 8003936:	429a      	cmp	r2, r3
 8003938:	d004      	beq.n	8003944 <z_arm_exc_exit+0x14>
		SCB->ICSR |= SCB_ICSR_PENDSVSET_Msk;
 800393a:	4a04      	ldr	r2, [pc, #16]	@ (800394c <z_arm_exc_exit+0x1c>)
 800393c:	6853      	ldr	r3, [r2, #4]
 800393e:	f043 5380 	orr.w	r3, r3, #268435456	@ 0x10000000
 8003942:	6053      	str	r3, [r2, #4]
#endif /* CONFIG_PREEMPT_ENABLED */

#ifdef CONFIG_STACK_SENTINEL
	z_check_stack_sentinel();
#endif /* CONFIG_STACK_SENTINEL */
}
 8003944:	4770      	bx	lr
 8003946:	bf00      	nop
 8003948:	20001148 	.word	0x20001148
 800394c:	e000ed00 	.word	0xe000ed00

08003950 <z_impl_k_thread_abort>:
#include <zephyr/linker/sections.h>
#include <kswap.h>
#include <zephyr/sys/__assert.h>

void z_impl_k_thread_abort(k_tid_t thread)
{
 8003950:	b508      	push	{r3, lr}
	SYS_PORT_TRACING_OBJ_FUNC_ENTER(k_thread, abort, thread);

	if (_current == thread) {
 8003952:	4b0a      	ldr	r3, [pc, #40]	@ (800397c <z_impl_k_thread_abort+0x2c>)
 8003954:	689b      	ldr	r3, [r3, #8]
 8003956:	4283      	cmp	r3, r0
 8003958:	d002      	beq.n	8003960 <z_impl_k_thread_abort+0x10>
			 */
			SCB->SHCSR &= ~SCB_SHCSR_SVCALLPENDED_Msk;
		}
	}

	z_thread_abort(thread);
 800395a:	f002 febf 	bl	80066dc <z_thread_abort>

	SYS_PORT_TRACING_OBJ_FUNC_EXIT(k_thread, abort, thread);
}
 800395e:	bd08      	pop	{r3, pc}
  __ASM volatile ("MRS %0, ipsr" : "=r" (result) );
 8003960:	f3ef 8305 	mrs	r3, IPSR
		if (arch_is_in_isr()) {
 8003964:	2b00      	cmp	r3, #0
 8003966:	d0f8      	beq.n	800395a <z_impl_k_thread_abort+0xa>
			SCB->ICSR |= SCB_ICSR_PENDSVSET_Msk;
 8003968:	4b05      	ldr	r3, [pc, #20]	@ (8003980 <z_impl_k_thread_abort+0x30>)
 800396a:	685a      	ldr	r2, [r3, #4]
 800396c:	f042 5280 	orr.w	r2, r2, #268435456	@ 0x10000000
 8003970:	605a      	str	r2, [r3, #4]
			SCB->SHCSR &= ~SCB_SHCSR_SVCALLPENDED_Msk;
 8003972:	6a5a      	ldr	r2, [r3, #36]	@ 0x24
 8003974:	f422 4200 	bic.w	r2, r2, #32768	@ 0x8000
 8003978:	625a      	str	r2, [r3, #36]	@ 0x24
 800397a:	e7ee      	b.n	800395a <z_impl_k_thread_abort+0xa>
 800397c:	20001148 	.word	0x20001148
 8003980:	e000ed00 	.word	0xe000ed00

08003984 <z_arm_pendsv>:
    /* load _kernel into r1 and current k_thread into r2 */
#if defined(CONFIG_SLOW_FLASH_DATA)
    movw r1, #:lower16:_kernel
    movt r1, #:upper16:_kernel
#else
    ldr r1, =_kernel
 8003984:	4915      	ldr	r1, [pc, #84]	@ (80039dc <z_arm_pendsv+0x58>)
#endif
    ldr r2, [r1, #_kernel_offset_to_current]
 8003986:	688a      	ldr	r2, [r1, #8]
    /* Store LSB of LR (EXC_RETURN) to the thread's 'mode' word. */
    strb lr, [r2, #_thread_offset_to_mode_exc_return]
#endif

    /* addr of callee-saved regs in thread in r0 */
    ldr r0, =_thread_offset_to_callee_saved
 8003988:	f04f 0030 	mov.w	r0, #48	@ 0x30
    add r0, r2
 800398c:	4410      	add	r0, r2

    /* save callee-saved + psp in thread */
    mrs ip, PSP
 800398e:	f3ef 8c09 	mrs	ip, PSP
    mov r6, r11
    mov r7, ip
    /* store r8-12 */
    stmea r0!, {r3-r7}
#elif defined(CONFIG_ARMV7_M_ARMV8_M_MAINLINE)
    stmia r0, {r4-r11, ip}
 8003992:	e880 1ff0 	stmia.w	r0, {r4, r5, r6, r7, r8, r9, sl, fp, ip}

    /* Protect the kernel state while we play with the thread lists */
#if defined(CONFIG_ARMV6_M_ARMV8_M_BASELINE)
    cpsid i
#elif defined(CONFIG_ARMV7_M_ARMV8_M_MAINLINE)
    movs.n r0, #_EXC_IRQ_DEFAULT_PRIO
 8003996:	2010      	movs	r0, #16
    msr BASEPRI_MAX, r0
 8003998:	f380 8812 	msr	BASEPRI_MAX, r0
    isb /* Make the effect of disabling interrupts be realized immediately */
 800399c:	f3bf 8f6f 	isb	sy
     */
#if defined(CONFIG_SLOW_FLASH_DATA)
    movw r7, #:lower16:_SCS_ICSR
    movt r7, #:upper16:_SCS_ICSR
#else
    ldr r7, =_SCS_ICSR
 80039a0:	4f0f      	ldr	r7, [pc, #60]	@ (80039e0 <z_arm_pendsv+0x5c>)
#endif
    ldr r6, =_SCS_ICSR_UNPENDSV
 80039a2:	f04f 6600 	mov.w	r6, #134217728	@ 0x8000000

    /* _kernel is still in r1 */

    /* fetch the thread to run from the ready queue cache */
    ldr r2, [r1, #_kernel_offset_to_ready_q_cache]
 80039a6:	694a      	ldr	r2, [r1, #20]

    str r2, [r1, #_kernel_offset_to_current]
 80039a8:	608a      	str	r2, [r1, #8]
     * since they were based on the previous kernel state and this
     * has been handled.
     */

    /* _SCS_ICSR is still in r7 and _SCS_ICSR_UNPENDSV in r6 */
    str r6, [r7, #0]
 80039aa:	603e      	str	r6, [r7, #0]
#if defined(CONFIG_ARMV6_M_ARMV8_M_BASELINE)
    ldr r4, =_thread_offset_to_tls
    adds r4, r2, r4
    ldr r0, [r4]
#else
    ldr r0, [r2, #_thread_offset_to_tls]
 80039ac:	f8d2 00a8 	ldr.w	r0, [r2, #168]	@ 0xa8

    /* For Cortex-M, store TLS pointer in a global variable,
     * as it lacks the process ID or thread ID register
     * to be used by toolchain to access thread data.
     */
    ldr r4, =z_arm_tls_ptr
 80039b0:	4c0c      	ldr	r4, [pc, #48]	@ (80039e4 <z_arm_pendsv+0x60>)
    str r0, [r4]
 80039b2:	6020      	str	r0, [r4, #0]

    ldr r0, [r4]
    movs.n r3, #0
    str r3, [r4]
#else
    ldr r0, [r2, #_thread_offset_to_basepri]
 80039b4:	f8d2 00ac 	ldr.w	r0, [r2, #172]	@ 0xac
    movs r3, #0
 80039b8:	2300      	movs	r3, #0
    str r3, [r2, #_thread_offset_to_basepri]
 80039ba:	f8c2 30ac 	str.w	r3, [r2, #172]	@ 0xac
    /* restore r4-r7, go back 9*4 bytes to the start of the stored block */
    subs r0, #36
    ldmia r0!, {r4-r7}
#elif defined(CONFIG_ARMV7_M_ARMV8_M_MAINLINE)
    /* restore BASEPRI for the incoming thread */
    msr BASEPRI, r0
 80039be:	f380 8811 	msr	BASEPRI, r0
    isb
#endif

#if defined(CONFIG_MPU_STACK_GUARD) || defined(CONFIG_USERSPACE)
    /* Re-program dynamic memory map */
    push {r2,lr}
 80039c2:	b504      	push	{r2, lr}
    mov r0, r2 /* _current thread */
 80039c4:	4610      	mov	r0, r2
    bl z_arm_configure_dynamic_mpu_regions
 80039c6:	f000 f84d 	bl	8003a64 <z_arm_configure_dynamic_mpu_regions>
    pop {r2,lr}
 80039ca:	e8bd 4004 	ldmia.w	sp!, {r2, lr}
    msr  PAC_KEY_P_3, r6
    clrm {r3-r6}
#endif /* CONFIG_ARM_PAC_PER_THREAD */

    /* load callee-saved + psp from thread */
    add r0, r2, #_thread_offset_to_callee_saved
 80039ce:	f102 0030 	add.w	r0, r2, #48	@ 0x30
    ldmia r0, {r4-r11, ip}
 80039d2:	e890 1ff0 	ldmia.w	r0, {r4, r5, r6, r7, r8, r9, sl, fp, ip}
#else
#error Unknown ARM architecture
#endif /* CONFIG_ARMV6_M_ARMV8_M_BASELINE */

    msr PSP, ip
 80039d6:	f38c 8809 	msr	PSP, ip
#endif /* CONFIG_INSTRUMENT_THREAD_SWITCHING */

    /*
     * Cortex-M: return from PendSV exception
     */
    bx lr
 80039da:	4770      	bx	lr
    ldr r1, =_kernel
 80039dc:	20001148 	.word	0x20001148
    ldr r7, =_SCS_ICSR
 80039e0:	e000ed04 	.word	0xe000ed04
    ldr r4, =z_arm_tls_ptr
 80039e4:	200010a0 	.word	0x200010a0

080039e8 <z_arm_interrupt_init>:
 *
 */

void z_arm_interrupt_init(void)
{
	int irq = 0;
 80039e8:	2200      	movs	r2, #0

/* CONFIG_2ND_LVL_ISR_TBL_OFFSET could be treated as total number of level1 interrupts */
#if defined(CONFIG_MULTI_LEVEL_INTERRUPTS) && defined(CONFIG_2ND_LVL_ISR_TBL_OFFSET)
	for (; irq < CONFIG_2ND_LVL_ISR_TBL_OFFSET; irq++) {
#else
	for (; irq < CONFIG_NUM_IRQS; irq++) {
 80039ea:	e006      	b.n	80039fa <z_arm_interrupt_init+0x12>
    SCB->SHPR[(((uint32_t)IRQn) & 0xFUL)-4UL] = (uint8_t)((priority << (8U - __NVIC_PRIO_BITS)) & (uint32_t)0xFFUL);
 80039ec:	f003 030f 	and.w	r3, r3, #15
 80039f0:	4909      	ldr	r1, [pc, #36]	@ (8003a18 <z_arm_interrupt_init+0x30>)
 80039f2:	4419      	add	r1, r3
 80039f4:	2310      	movs	r3, #16
 80039f6:	760b      	strb	r3, [r1, #24]
 80039f8:	3201      	adds	r2, #1
 80039fa:	2a49      	cmp	r2, #73	@ 0x49
 80039fc:	dc0a      	bgt.n	8003a14 <z_arm_interrupt_init+0x2c>
#endif
		NVIC_SetPriority((IRQn_Type)irq, _IRQ_PRIO_OFFSET);
 80039fe:	b253      	sxtb	r3, r2
  if ((int32_t)(IRQn) >= 0)
 8003a00:	2b00      	cmp	r3, #0
 8003a02:	dbf3      	blt.n	80039ec <z_arm_interrupt_init+0x4>
    NVIC->IPR[((uint32_t)IRQn)]               = (uint8_t)((priority << (8U - __NVIC_PRIO_BITS)) & (uint32_t)0xFFUL);
 8003a04:	f103 4360 	add.w	r3, r3, #3758096384	@ 0xe0000000
 8003a08:	f503 4361 	add.w	r3, r3, #57600	@ 0xe100
 8003a0c:	2110      	movs	r1, #16
 8003a0e:	f883 1300 	strb.w	r1, [r3, #768]	@ 0x300
 8003a12:	e7f1      	b.n	80039f8 <z_arm_interrupt_init+0x10>
	}
}
 8003a14:	4770      	bx	lr
 8003a16:	bf00      	nop
 8003a18:	e000ecfc 	.word	0xe000ecfc

08003a1c <_isr_wrapper>:
 * z_arm_pendsv()) and pends the PendSV exception if so: the latter will
 * perform the context switch itself.
 *
 */
void _isr_wrapper(void)
{
 8003a1c:	b508      	push	{r3, lr}
 8003a1e:	f3ef 8305 	mrs	r3, IPSR
#endif
	/* _sw_isr_table does not map the core system exceptions,
	 * which take first 16 interrupt numbers, only the external
	 * interrupts.
	 */
	irq_number -= 16;
 8003a22:	3b10      	subs	r3, #16

	const struct _isr_table_entry *entry = &_sw_isr_table[irq_number];
	(entry->isr)(entry->arg);
 8003a24:	4a04      	ldr	r2, [pc, #16]	@ (8003a38 <_isr_wrapper+0x1c>)
 8003a26:	eb02 01c3 	add.w	r1, r2, r3, lsl #3
 8003a2a:	6849      	ldr	r1, [r1, #4]
 8003a2c:	f852 0033 	ldr.w	r0, [r2, r3, lsl #3]
 8003a30:	4788      	blx	r1

#ifdef CONFIG_TRACING_ISR
	sys_trace_isr_exit();
#endif /* CONFIG_TRACING_ISR */

	z_arm_exc_exit();
 8003a32:	f7ff ff7d 	bl	8003930 <z_arm_exc_exit>
}
 8003a36:	bd08      	pop	{r3, pc}
 8003a38:	0800a658 	.word	0x0800a658

08003a3c <__aeabi_read_tp>:
 *
 * This can only be guaranteed by either implementing a naked C function with
 * inline assembly, or plain assembly.
 */
SECTION_FUNC(TEXT, __aeabi_read_tp)
	ldr r0, =z_arm_tls_ptr
 8003a3c:	4801      	ldr	r0, [pc, #4]	@ (8003a44 <__aeabi_read_tp+0x8>)
	ldr r0, [r0]
 8003a3e:	6800      	ldr	r0, [r0, #0]
	bx lr
 8003a40:	4770      	bx	lr
 8003a42:	0000      	.short	0x0000
	ldr r0, =z_arm_tls_ptr
 8003a44:	200010a0 	.word	0x200010a0

08003a48 <z_arm_configure_static_mpu_regions>:
 *
 * For some MPU architectures, such as the unmodified ARMv8-M MPU,
 * the function must execute with MPU enabled.
 */
void z_arm_configure_static_mpu_regions(void)
{
 8003a48:	b508      	push	{r3, lr}
	 * into account the unused SRAM area, as well.
	 */
#ifdef CONFIG_AARCH32_ARMV8_R
	arm_core_mpu_disable();
#endif
	arm_core_mpu_configure_static_mpu_regions(static_regions,
 8003a4a:	4b03      	ldr	r3, [pc, #12]	@ (8003a58 <z_arm_configure_static_mpu_regions+0x10>)
 8003a4c:	4a03      	ldr	r2, [pc, #12]	@ (8003a5c <z_arm_configure_static_mpu_regions+0x14>)
 8003a4e:	2101      	movs	r1, #1
 8003a50:	4803      	ldr	r0, [pc, #12]	@ (8003a60 <z_arm_configure_static_mpu_regions+0x18>)
 8003a52:	f005 faaf 	bl	8008fb4 <arm_core_mpu_configure_static_mpu_regions>
	};

	arm_core_mpu_mark_areas_for_dynamic_regions(dyn_region_areas,
		ARRAY_SIZE(dyn_region_areas));
#endif /* CONFIG_MPU_REQUIRES_NON_OVERLAPPING_REGIONS */
}
 8003a56:	bd08      	pop	{r3, pc}
 8003a58:	20018000 	.word	0x20018000
 8003a5c:	20000000 	.word	0x20000000
 8003a60:	0800bb54 	.word	0x0800bb54

08003a64 <z_arm_configure_dynamic_mpu_regions>:
 *
 * This function is not inherently thread-safe, but the memory domain
 * spinlock needs to be held anyway.
 */
void z_arm_configure_dynamic_mpu_regions(struct k_thread *thread)
{
 8003a64:	b508      	push	{r3, lr}
#endif /* CONFIG_USERSPACE */
	{
		/* A supervisor thread only has the normal thread stack to
		 * protect with a stack guard.
		 */
		guard_start = thread->stack_info.start - guard_size;
 8003a66:	f8d0 3098 	ldr.w	r3, [r0, #152]	@ 0x98
 8003a6a:	3b40      	subs	r3, #64	@ 0x40
	}

	__ASSERT(region_num < _MAX_DYNAMIC_MPU_REGIONS_NUM,
		"Out-of-bounds error for dynamic region map.");

	dynamic_regions[region_num].start = guard_start;
 8003a6c:	4804      	ldr	r0, [pc, #16]	@ (8003a80 <z_arm_configure_dynamic_mpu_regions+0x1c>)
 8003a6e:	6003      	str	r3, [r0, #0]
	dynamic_regions[region_num].size = guard_size;
 8003a70:	2340      	movs	r3, #64	@ 0x40
 8003a72:	6043      	str	r3, [r0, #4]
	dynamic_regions[region_num].attr = K_MEM_PARTITION_P_RO_U_NA;
 8003a74:	4b03      	ldr	r3, [pc, #12]	@ (8003a84 <z_arm_configure_dynamic_mpu_regions+0x20>)
 8003a76:	6083      	str	r3, [r0, #8]

	/* Configure the dynamic MPU regions */
#ifdef CONFIG_AARCH32_ARMV8_R
	arm_core_mpu_disable();
#endif
	arm_core_mpu_configure_dynamic_mpu_regions(dynamic_regions,
 8003a78:	2101      	movs	r1, #1
 8003a7a:	f005 fa9f 	bl	8008fbc <arm_core_mpu_configure_dynamic_mpu_regions>
						   region_num);
#ifdef CONFIG_AARCH32_ARMV8_R
	arm_core_mpu_enable();
#endif
}
 8003a7e:	bd08      	pop	{r3, pc}
 8003a80:	200010a4 	.word	0x200010a4
 8003a84:	150b0000 	.word	0x150b0000

08003a88 <region_init>:
	return (uint8_t)type;
}

static inline void set_region_number(uint32_t index)
{
	MPU->RNR = index;
 8003a88:	4a08      	ldr	r2, [pc, #32]	@ (8003aac <region_init+0x24>)
 8003a8a:	f8c2 0098 	str.w	r0, [r2, #152]	@ 0x98

	set_region_base_address(region_conf->base & MPU_RBAR_ADDR_Msk);
	set_region_attributes(region_conf->attr.rasr);
	set_region_size(region_conf->size | MPU_RASR_ENABLE_Msk);
#else
	MPU->RBAR = (region_conf->base & MPU_RBAR_ADDR_Msk)
 8003a8e:	680b      	ldr	r3, [r1, #0]
 8003a90:	f023 031f 	bic.w	r3, r3, #31
				| MPU_RBAR_VALID_Msk | index;
 8003a94:	4303      	orrs	r3, r0
 8003a96:	f043 0310 	orr.w	r3, r3, #16
	MPU->RBAR = (region_conf->base & MPU_RBAR_ADDR_Msk)
 8003a9a:	f8c2 309c 	str.w	r3, [r2, #156]	@ 0x9c
	MPU->RASR = region_conf->attr.rasr | MPU_RASR_ENABLE_Msk;
 8003a9e:	688b      	ldr	r3, [r1, #8]
 8003aa0:	f043 0301 	orr.w	r3, r3, #1
 8003aa4:	f8c2 30a0 	str.w	r3, [r2, #160]	@ 0xa0
	LOG_DBG("[%d] 0x%08x 0x%08x",
		index, region_conf->base, region_conf->attr.rasr);
#endif
}
 8003aa8:	4770      	bx	lr
 8003aaa:	bf00      	nop
 8003aac:	e000ed00 	.word	0xe000ed00

08003ab0 <region_allocate_and_init>:
#error "Unsupported ARM CPU"
#endif

static int region_allocate_and_init(const uint8_t index,
	const struct arm_mpu_region *region_conf)
{
 8003ab0:	b510      	push	{r4, lr}
 8003ab2:	4604      	mov	r4, r0
	uint32_t type = MPU->TYPE;
 8003ab4:	4b0a      	ldr	r3, [pc, #40]	@ (8003ae0 <region_allocate_and_init+0x30>)
 8003ab6:	f8d3 3090 	ldr.w	r3, [r3, #144]	@ 0x90
	/* Attempt to allocate new region index. */
	if (index > (get_num_regions() - 1U)) {
 8003aba:	f3c3 2307 	ubfx	r3, r3, #8, #8
 8003abe:	3b01      	subs	r3, #1
 8003ac0:	4298      	cmp	r0, r3
 8003ac2:	d803      	bhi.n	8003acc <region_allocate_and_init+0x1c>
	}

	LOG_DBG("Program MPU region at index 0x%x", index);

	/* Program region */
	region_init(index, region_conf);
 8003ac4:	f7ff ffe0 	bl	8003a88 <region_init>

	return index;
 8003ac8:	4620      	mov	r0, r4
}
 8003aca:	bd10      	pop	{r4, pc}
 8003acc:	4603      	mov	r3, r0
 8003ace:	4a05      	ldr	r2, [pc, #20]	@ (8003ae4 <region_allocate_and_init+0x34>)
 8003ad0:	2101      	movs	r1, #1
 8003ad2:	4805      	ldr	r0, [pc, #20]	@ (8003ae8 <region_allocate_and_init+0x38>)
 8003ad4:	f004 ffd5 	bl	8008a82 <z_impl_z_log_msg_simple_create_1>
		return -EINVAL;
 8003ad8:	f06f 0015 	mvn.w	r0, #21
 8003adc:	e7f5      	b.n	8003aca <region_allocate_and_init+0x1a>
 8003ade:	bf00      	nop
 8003ae0:	e000ed00 	.word	0xe000ed00
 8003ae4:	0800b384 	.word	0x0800b384
 8003ae8:	0800aa74 	.word	0x0800aa74

08003aec <mpu_configure_regions>:
 * coherence check of the memory regions to be programmed.
 */
static int mpu_configure_regions(const struct z_arm_mpu_partition
	regions[], uint8_t regions_num, uint8_t start_reg_index,
	bool do_coherence_check)
{
 8003aec:	e92d 43f8 	stmdb	sp!, {r3, r4, r5, r6, r7, r8, r9, lr}
 8003af0:	4680      	mov	r8, r0
 8003af2:	460f      	mov	r7, r1
 8003af4:	4699      	mov	r9, r3
	int i;
	int reg_index = start_reg_index;
 8003af6:	4616      	mov	r6, r2

	for (i = 0; i < regions_num; i++) {
 8003af8:	2500      	movs	r5, #0
 8003afa:	e009      	b.n	8003b10 <mpu_configure_regions+0x24>
				(!mpu_partition_is_valid(&regions[i]))) {
			LOG_ERR("Partition %u: coherence check failed.", i);
			return -EINVAL;
		}

		reg_index = mpu_configure_region(reg_index, &regions[i]);
 8003afc:	4621      	mov	r1, r4
 8003afe:	b2f0      	uxtb	r0, r6
 8003b00:	f005 f93e 	bl	8008d80 <mpu_configure_region>
 8003b04:	4606      	mov	r6, r0

		if (reg_index == -EINVAL) {
 8003b06:	f110 0f16 	cmn.w	r0, #22
 8003b0a:	d01a      	beq.n	8003b42 <mpu_configure_regions+0x56>
			return reg_index;
		}

		/* Increment number of programmed MPU indices. */
		reg_index++;
 8003b0c:	3601      	adds	r6, #1
	for (i = 0; i < regions_num; i++) {
 8003b0e:	3501      	adds	r5, #1
 8003b10:	42bd      	cmp	r5, r7
 8003b12:	da16      	bge.n	8003b42 <mpu_configure_regions+0x56>
		if (regions[i].size == 0U) {
 8003b14:	eb05 0445 	add.w	r4, r5, r5, lsl #1
 8003b18:	eb08 0484 	add.w	r4, r8, r4, lsl #2
 8003b1c:	6862      	ldr	r2, [r4, #4]
 8003b1e:	2a00      	cmp	r2, #0
 8003b20:	d0f5      	beq.n	8003b0e <mpu_configure_regions+0x22>
		if (do_coherence_check &&
 8003b22:	f1b9 0f00 	cmp.w	r9, #0
 8003b26:	d0e9      	beq.n	8003afc <mpu_configure_regions+0x10>
				(!mpu_partition_is_valid(&regions[i]))) {
 8003b28:	4620      	mov	r0, r4
 8003b2a:	f005 f918 	bl	8008d5e <mpu_partition_is_valid>
		if (do_coherence_check &&
 8003b2e:	2800      	cmp	r0, #0
 8003b30:	d1e4      	bne.n	8003afc <mpu_configure_regions+0x10>
 8003b32:	462b      	mov	r3, r5
 8003b34:	4a04      	ldr	r2, [pc, #16]	@ (8003b48 <mpu_configure_regions+0x5c>)
 8003b36:	2101      	movs	r1, #1
 8003b38:	4804      	ldr	r0, [pc, #16]	@ (8003b4c <mpu_configure_regions+0x60>)
 8003b3a:	f004 ffa2 	bl	8008a82 <z_impl_z_log_msg_simple_create_1>
			return -EINVAL;
 8003b3e:	f06f 0615 	mvn.w	r6, #21
	}

	return reg_index;
}
 8003b42:	4630      	mov	r0, r6
 8003b44:	e8bd 83f8 	ldmia.w	sp!, {r3, r4, r5, r6, r7, r8, r9, pc}
 8003b48:	0800b3ac 	.word	0x0800b3ac
 8003b4c:	0800aa74 	.word	0x0800aa74

08003b50 <mpu_configure_static_mpu_regions>:
 */
static int mpu_configure_static_mpu_regions(const struct z_arm_mpu_partition
	static_regions[], const uint8_t regions_num,
	const uint32_t background_area_base,
	const uint32_t background_area_end)
{
 8003b50:	b510      	push	{r4, lr}
	int mpu_reg_index = static_regions_num;
 8003b52:	4c03      	ldr	r4, [pc, #12]	@ (8003b60 <mpu_configure_static_mpu_regions+0x10>)
	 * programmed on top of SRAM region configuration.
	 */
	ARG_UNUSED(background_area_base);
	ARG_UNUSED(background_area_end);

	mpu_reg_index = mpu_configure_regions(static_regions,
 8003b54:	2301      	movs	r3, #1
 8003b56:	7822      	ldrb	r2, [r4, #0]
 8003b58:	f7ff ffc8 	bl	8003aec <mpu_configure_regions>
		regions_num, mpu_reg_index, true);

	static_regions_num = mpu_reg_index;
 8003b5c:	7020      	strb	r0, [r4, #0]

	return mpu_reg_index;
}
 8003b5e:	bd10      	pop	{r4, pc}
 8003b60:	20001186 	.word	0x20001186

08003b64 <mpu_configure_dynamic_mpu_regions>:
 * If the dynamic MPU regions configuration has not been successfully
 * performed, the error signal is propagated to the caller of the function.
 */
static int mpu_configure_dynamic_mpu_regions(const struct z_arm_mpu_partition
	dynamic_regions[], uint8_t regions_num)
{
 8003b64:	b508      	push	{r3, lr}

	/* In ARMv7-M architecture the dynamic regions are
	 * programmed on top of existing SRAM region configuration.
	 */

	mpu_reg_index = mpu_configure_regions(dynamic_regions,
 8003b66:	2300      	movs	r3, #0
 8003b68:	4a0b      	ldr	r2, [pc, #44]	@ (8003b98 <mpu_configure_dynamic_mpu_regions+0x34>)
 8003b6a:	7812      	ldrb	r2, [r2, #0]
 8003b6c:	f7ff ffbe 	bl	8003aec <mpu_configure_regions>
		regions_num, mpu_reg_index, false);

	if (mpu_reg_index != -EINVAL) {
 8003b70:	f110 0f16 	cmn.w	r0, #22
 8003b74:	d00f      	beq.n	8003b96 <mpu_configure_dynamic_mpu_regions+0x32>

		/* Disable the non-programmed MPU regions. */
		for (int i = mpu_reg_index; i < get_num_regions(); i++) {
 8003b76:	4602      	mov	r2, r0
 8003b78:	e006      	b.n	8003b88 <mpu_configure_dynamic_mpu_regions+0x24>
/** Clear and disable the given MPU region.
* \param rnr Region number to be cleared.
*/
__STATIC_INLINE void ARM_MPU_ClrRegion(uint32_t rnr)
{
  MPU->RNR = rnr;
 8003b7a:	4b08      	ldr	r3, [pc, #32]	@ (8003b9c <mpu_configure_dynamic_mpu_regions+0x38>)
 8003b7c:	f8c3 2098 	str.w	r2, [r3, #152]	@ 0x98
  MPU->RASR = 0U;
 8003b80:	2100      	movs	r1, #0
 8003b82:	f8c3 10a0 	str.w	r1, [r3, #160]	@ 0xa0
 8003b86:	3201      	adds	r2, #1
 8003b88:	4b04      	ldr	r3, [pc, #16]	@ (8003b9c <mpu_configure_dynamic_mpu_regions+0x38>)
 8003b8a:	f8d3 3090 	ldr.w	r3, [r3, #144]	@ 0x90
 8003b8e:	f3c3 2307 	ubfx	r3, r3, #8, #8
 8003b92:	4293      	cmp	r3, r2
 8003b94:	dcf1      	bgt.n	8003b7a <mpu_configure_dynamic_mpu_regions+0x16>
			ARM_MPU_ClrRegion(i);
		}
	}

	return mpu_reg_index;
}
 8003b96:	bd08      	pop	{r3, pc}
 8003b98:	20001186 	.word	0x20001186
 8003b9c:	e000ed00 	.word	0xe000ed00

08003ba0 <arm_core_mpu_enable>:
	 * background region for privileged software access if desired.
	 */
#if defined(CONFIG_MPU_DISABLE_BACKGROUND_MAP)
	MPU->CTRL = MPU_CTRL_ENABLE_Msk;
#else
	MPU->CTRL = MPU_CTRL_ENABLE_Msk | MPU_CTRL_PRIVDEFENA_Msk;
 8003ba0:	4b04      	ldr	r3, [pc, #16]	@ (8003bb4 <arm_core_mpu_enable+0x14>)
 8003ba2:	2205      	movs	r2, #5
 8003ba4:	f8c3 2094 	str.w	r2, [r3, #148]	@ 0x94
  __ASM volatile ("dsb 0xF":::"memory");
 8003ba8:	f3bf 8f4f 	dsb	sy
  __ASM volatile ("isb 0xF":::"memory");
 8003bac:	f3bf 8f6f 	isb	sy
#endif

	/* Make sure that all the registers are set before proceeding */
	barrier_dsync_fence_full();
	barrier_isync_fence_full();
}
 8003bb0:	4770      	bx	lr
 8003bb2:	bf00      	nop
 8003bb4:	e000ed00 	.word	0xe000ed00

08003bb8 <arm_core_mpu_disable>:
  \details Ensures the apparent order of the explicit memory operations before
           and after the instruction, without ensuring their completion.
 */
__STATIC_FORCEINLINE void __DMB(void)
{
  __ASM volatile ("dmb 0xF":::"memory");
 8003bb8:	f3bf 8f5f 	dmb	sy
{
	/* Force any outstanding transfers to complete before disabling MPU */
	barrier_dmem_fence_full();

	/* Disable MPU */
	MPU->CTRL = 0;
 8003bbc:	4b02      	ldr	r3, [pc, #8]	@ (8003bc8 <arm_core_mpu_disable+0x10>)
 8003bbe:	2200      	movs	r2, #0
 8003bc0:	f8c3 2094 	str.w	r2, [r3, #148]	@ 0x94
}
 8003bc4:	4770      	bx	lr
 8003bc6:	bf00      	nop
 8003bc8:	e000ed00 	.word	0xe000ed00

08003bcc <z_arm_mpu_init>:
 *
 * This function provides the default configuration mechanism for the Memory
 * Protection Unit (MPU).
 */
int z_arm_mpu_init(void)
{
 8003bcc:	b538      	push	{r3, r4, r5, lr}
	uint32_t r_index;

	if (mpu_config.num_regions > get_num_regions()) {
 8003bce:	4b1c      	ldr	r3, [pc, #112]	@ (8003c40 <z_arm_mpu_init+0x74>)
 8003bd0:	681d      	ldr	r5, [r3, #0]
 8003bd2:	4b1c      	ldr	r3, [pc, #112]	@ (8003c44 <z_arm_mpu_init+0x78>)
 8003bd4:	f8d3 3090 	ldr.w	r3, [r3, #144]	@ 0x90
 8003bd8:	f3c3 2307 	ubfx	r3, r3, #8, #8
 8003bdc:	429d      	cmp	r5, r3
 8003bde:	d82b      	bhi.n	8003c38 <z_arm_mpu_init+0x6c>
		return -1;
	}

	LOG_DBG("total region count: %d", get_num_regions());

	arm_core_mpu_disable();
 8003be0:	f7ff ffea 	bl	8003bb8 <arm_core_mpu_disable>

	/* Architecture-specific configuration */
	mpu_init();

	/* Program fixed regions configured at SOC definition. */
	for (r_index = 0U; r_index < mpu_config.num_regions; r_index++) {
 8003be4:	2400      	movs	r4, #0
 8003be6:	e009      	b.n	8003bfc <z_arm_mpu_init+0x30>
		region_init(r_index, &mpu_config.mpu_regions[r_index]);
 8003be8:	4b15      	ldr	r3, [pc, #84]	@ (8003c40 <z_arm_mpu_init+0x74>)
 8003bea:	685b      	ldr	r3, [r3, #4]
 8003bec:	eb04 0144 	add.w	r1, r4, r4, lsl #1
 8003bf0:	eb03 0181 	add.w	r1, r3, r1, lsl #2
 8003bf4:	4620      	mov	r0, r4
 8003bf6:	f7ff ff47 	bl	8003a88 <region_init>
	for (r_index = 0U; r_index < mpu_config.num_regions; r_index++) {
 8003bfa:	3401      	adds	r4, #1
 8003bfc:	42a5      	cmp	r5, r4
 8003bfe:	d8f3      	bhi.n	8003be8 <z_arm_mpu_init+0x1c>
	}

	/* Update the number of programmed MPU regions. */
	static_regions_num = mpu_config.num_regions;
 8003c00:	4811      	ldr	r0, [pc, #68]	@ (8003c48 <z_arm_mpu_init+0x7c>)
 8003c02:	7005      	strb	r5, [r0, #0]
#ifdef CONFIG_MEM_ATTR
	/* DT-defined MPU regions. */
	if (mpu_configure_regions_from_dt(&static_regions_num) == -EINVAL) {
 8003c04:	f005 f8db 	bl	8008dbe <mpu_configure_regions_from_dt>
 8003c08:	f110 0f16 	cmn.w	r0, #22
 8003c0c:	d013      	beq.n	8003c36 <z_arm_mpu_init+0x6a>
		__ASSERT(0, "Failed to allocate MPU regions from DT\n");
		return -EINVAL;
	}
#endif /* CONFIG_MEM_ATTR */
	/* Clear all regions before enabling MPU */
	for (int i = static_regions_num; i < get_num_regions(); i++) {
 8003c0e:	4b0e      	ldr	r3, [pc, #56]	@ (8003c48 <z_arm_mpu_init+0x7c>)
 8003c10:	781a      	ldrb	r2, [r3, #0]
 8003c12:	4b0c      	ldr	r3, [pc, #48]	@ (8003c44 <z_arm_mpu_init+0x78>)
 8003c14:	f8d3 3090 	ldr.w	r3, [r3, #144]	@ 0x90
 8003c18:	f3c3 2307 	ubfx	r3, r3, #8, #8
 8003c1c:	429a      	cmp	r2, r3
 8003c1e:	da07      	bge.n	8003c30 <z_arm_mpu_init+0x64>
  MPU->RNR = rnr;
 8003c20:	4b08      	ldr	r3, [pc, #32]	@ (8003c44 <z_arm_mpu_init+0x78>)
 8003c22:	f8c3 2098 	str.w	r2, [r3, #152]	@ 0x98
  MPU->RASR = 0U;
 8003c26:	2100      	movs	r1, #0
 8003c28:	f8c3 10a0 	str.w	r1, [r3, #160]	@ 0xa0
 8003c2c:	3201      	adds	r2, #1
 8003c2e:	e7f0      	b.n	8003c12 <z_arm_mpu_init+0x46>
		mpu_clear_region(i);
	}

	arm_core_mpu_enable();
 8003c30:	f7ff ffb6 	bl	8003ba0 <arm_core_mpu_enable>
	__ASSERT(
		(MPU->TYPE & MPU_TYPE_DREGION_Msk) >> MPU_TYPE_DREGION_Pos == 8,
		"Invalid number of MPU regions\n");
#endif /* CORTEX_M0PLUS || CPU_CORTEX_M3 || CPU_CORTEX_M4 */

	return 0;
 8003c34:	2000      	movs	r0, #0
}
 8003c36:	bd38      	pop	{r3, r4, r5, pc}
		return -1;
 8003c38:	f04f 30ff 	mov.w	r0, #4294967295
 8003c3c:	e7fb      	b.n	8003c36 <z_arm_mpu_init+0x6a>
 8003c3e:	bf00      	nop
 8003c40:	0800bb60 	.word	0x0800bb60
 8003c44:	e000ed00 	.word	0xe000ed00
 8003c48:	20001186 	.word	0x20001186

08003c4c <cbvprintf>:
	(*s->out) (c, s->ctx);
	return 0;
}

int cbvprintf(cbprintf_cb out, void *ctx, const char *fp, va_list ap)
{
 8003c4c:	b570      	push	{r4, r5, r6, lr}
 8003c4e:	b086      	sub	sp, #24
 8003c50:	4606      	mov	r6, r0
 8003c52:	460d      	mov	r5, r1
 8003c54:	4611      	mov	r1, r2
	struct cb_bits	s = {
 8003c56:	4668      	mov	r0, sp
 8003c58:	2400      	movs	r4, #0
 8003c5a:	9400      	str	r4, [sp, #0]
 8003c5c:	9401      	str	r4, [sp, #4]
 8003c5e:	9402      	str	r4, [sp, #8]
 8003c60:	9403      	str	r4, [sp, #12]
 8003c62:	9404      	str	r4, [sp, #16]
 8003c64:	9405      	str	r4, [sp, #20]
 8003c66:	2202      	movs	r2, #2
 8003c68:	f88d 2002 	strb.w	r2, [sp, #2]
 8003c6c:	4a04      	ldr	r2, [pc, #16]	@ (8003c80 <cbvprintf+0x34>)
 8003c6e:	9201      	str	r2, [sp, #4]
 8003c70:	9604      	str	r6, [sp, #16]
 8003c72:	9505      	str	r5, [sp, #20]
		.f = FDEV_SETUP_STREAM(cbputc, NULL, NULL, _FDEV_SETUP_WRITE),
		.out = out,
		.ctx = ctx,
	};
	return vfprintf(&s.f, fp, ap);
 8003c74:	461a      	mov	r2, r3
 8003c76:	f003 fbcb 	bl	8007410 <__l_vfprintf>
}
 8003c7a:	b006      	add	sp, #24
 8003c7c:	bd70      	pop	{r4, r5, r6, pc}
 8003c7e:	bf00      	nop
 8003c80:	08008fc5 	.word	0x08008fc5

08003c84 <z_impl_zephyr_fputc>:
#include "picolibc-hooks.h"

static LIBC_DATA int (*_stdout_hook)(int);

int z_impl_zephyr_fputc(int a, FILE *out)
{
 8003c84:	b508      	push	{r3, lr}
	(*_stdout_hook)(a);
 8003c86:	4b02      	ldr	r3, [pc, #8]	@ (8003c90 <z_impl_zephyr_fputc+0xc>)
 8003c88:	681b      	ldr	r3, [r3, #0]
 8003c8a:	4798      	blx	r3
	return 0;
}
 8003c8c:	2000      	movs	r0, #0
 8003c8e:	bd08      	pop	{r3, pc}
 8003c90:	200010b0 	.word	0x200010b0

08003c94 <__stdout_hook_install>:
FILE *const stdout = &__stdout;
STDIO_ALIAS(stderr);

void __stdout_hook_install(int (*hook)(int))
{
	_stdout_hook = hook;
 8003c94:	4b03      	ldr	r3, [pc, #12]	@ (8003ca4 <__stdout_hook_install+0x10>)
 8003c96:	6018      	str	r0, [r3, #0]
	__stdout.flags |= _FDEV_SETUP_WRITE;
 8003c98:	4a03      	ldr	r2, [pc, #12]	@ (8003ca8 <__stdout_hook_install+0x14>)
 8003c9a:	7893      	ldrb	r3, [r2, #2]
 8003c9c:	f043 0302 	orr.w	r3, r3, #2
 8003ca0:	7093      	strb	r3, [r2, #2]
}
 8003ca2:	4770      	bx	lr
 8003ca4:	200010b0 	.word	0x200010b0
 8003ca8:	200000d0 	.word	0x200000d0

08003cac <malloc_prepare>:
	return aligned_alloc(alignment, size);
}
#endif

static int malloc_prepare(void)
{
 8003cac:	b508      	push	{r3, lr}
			break;
		}
		heap_size >>= 1;
	}
#else
	heap_base = UINT_TO_POINTER(HEAP_BASE);
 8003cae:	4906      	ldr	r1, [pc, #24]	@ (8003cc8 <malloc_prepare+0x1c>)
 8003cb0:	f021 0107 	bic.w	r1, r1, #7
	z_malloc_partition.start = POINTER_TO_UINT(heap_base);
	z_malloc_partition.size = heap_size;
	z_malloc_partition.attr = K_MEM_PARTITION_P_RW_U_RW;
#endif

	sys_heap_init(&z_malloc_heap, heap_base, heap_size);
 8003cb4:	f1c1 5200 	rsb	r2, r1, #536870912	@ 0x20000000
 8003cb8:	f502 32c0 	add.w	r2, r2, #98304	@ 0x18000
 8003cbc:	4803      	ldr	r0, [pc, #12]	@ (8003ccc <malloc_prepare+0x20>)
 8003cbe:	f004 f93d 	bl	8007f3c <sys_heap_init>

	return 0;
}
 8003cc2:	2000      	movs	r0, #0
 8003cc4:	bd08      	pop	{r3, pc}
 8003cc6:	bf00      	nop
 8003cc8:	20003547 	.word	0x20003547
 8003ccc:	200010b4 	.word	0x200010b4

08003cd0 <stm32_exti_enable_clocks>:
	return 0;
}

/** Enables the peripheral clock required to access EXTI registers */
static int stm32_exti_enable_clocks(void)
{
 8003cd0:	b500      	push	{lr}
 8003cd2:	b083      	sub	sp, #12
	/* Initialize to 0 for series where there is nothing to do. */
	int ret = 0;

#if DT_NODE_HAS_PROP(EXTI_NODE, clocks)
	const struct device *const clk = DEVICE_DT_GET(STM32_CLOCK_CONTROL_NODE);
	const struct stm32_pclken pclken = STM32_CLOCK_INFO(0, EXTI_NODE);
 8003cd4:	4b09      	ldr	r3, [pc, #36]	@ (8003cfc <stm32_exti_enable_clocks+0x2c>)
 8003cd6:	e893 0003 	ldmia.w	r3, {r0, r1}
 8003cda:	ab02      	add	r3, sp, #8
 8003cdc:	e903 0003 	stmdb	r3, {r0, r1}
	const struct clock_control_driver_api *api =
 8003ce0:	4b07      	ldr	r3, [pc, #28]	@ (8003d00 <stm32_exti_enable_clocks+0x30>)
 8003ce2:	689b      	ldr	r3, [r3, #8]
	if (api->on == NULL) {
 8003ce4:	681b      	ldr	r3, [r3, #0]
 8003ce6:	b12b      	cbz	r3, 8003cf4 <stm32_exti_enable_clocks+0x24>
	return api->on(dev, sys);
 8003ce8:	4669      	mov	r1, sp
 8003cea:	4805      	ldr	r0, [pc, #20]	@ (8003d00 <stm32_exti_enable_clocks+0x30>)
 8003cec:	4798      	blx	r3

	ret = clock_control_on(clk, (clock_control_subsys_t) &pclken);
#endif
	return ret;
}
 8003cee:	b003      	add	sp, #12
 8003cf0:	f85d fb04 	ldr.w	pc, [sp], #4
		return -ENOSYS;
 8003cf4:	f06f 0057 	mvn.w	r0, #87	@ 0x57
	return ret;
 8003cf8:	e7f9      	b.n	8003cee <stm32_exti_enable_clocks+0x1e>
 8003cfa:	bf00      	nop
 8003cfc:	0800ab10 	.word	0x0800ab10
 8003d00:	0800a4b4 	.word	0x0800a4b4

08003d04 <stm32_exti_is_pending>:
{
 8003d04:	b508      	push	{r3, lr}
/**
 * @returns LL_EXTI_LINE_n define corresponding to EXTI line number
 */
static inline uint32_t exti_linenum_to_ll_exti_line(uint32_t line_num)
{
	return BIT(line_num % 32);
 8003d06:	f000 021f 	and.w	r2, r0, #31
 8003d0a:	2301      	movs	r3, #1
 8003d0c:	4093      	lsls	r3, r2
	if (!IS_VALID_EXTI_LINE_NUM(line_num)) {
 8003d0e:	281f      	cmp	r0, #31
 8003d10:	d806      	bhi.n	8003d20 <stm32_exti_is_pending+0x1c>
  * @note   Please check each device line mapping for EXTI Line availability
  * @retval State of bit (1 or 0).
  */
__STATIC_INLINE uint32_t LL_EXTI_IsActiveFlag_0_31(uint32_t ExtiLine)
{
  return (READ_BIT(EXTI->PR, ExtiLine) == (ExtiLine));
 8003d12:	4a07      	ldr	r2, [pc, #28]	@ (8003d30 <stm32_exti_is_pending+0x2c>)
 8003d14:	6952      	ldr	r2, [r2, #20]
	EXTI_FN_RET_HANDLER(EXTI_IS_ACTIVE_FLAG, &ret, line_num, line);
 8003d16:	4393      	bics	r3, r2
 8003d18:	bf0c      	ite	eq
 8003d1a:	2001      	moveq	r0, #1
 8003d1c:	2000      	movne	r0, #0
}
 8003d1e:	bd08      	pop	{r3, pc}
 8003d20:	4603      	mov	r3, r0
 8003d22:	4a04      	ldr	r2, [pc, #16]	@ (8003d34 <stm32_exti_is_pending+0x30>)
 8003d24:	2101      	movs	r1, #1
 8003d26:	4804      	ldr	r0, [pc, #16]	@ (8003d38 <stm32_exti_is_pending+0x34>)
 8003d28:	f004 feab 	bl	8008a82 <z_impl_z_log_msg_simple_create_1>
		return false;
 8003d2c:	2000      	movs	r0, #0
 8003d2e:	e7f6      	b.n	8003d1e <stm32_exti_is_pending+0x1a>
 8003d30:	40013c00 	.word	0x40013c00
 8003d34:	0800b3e4 	.word	0x0800b3e4
 8003d38:	0800aa54 	.word	0x0800aa54

08003d3c <stm32_exti_clear_pending>:
{
 8003d3c:	b508      	push	{r3, lr}
 8003d3e:	f000 021f 	and.w	r2, r0, #31
 8003d42:	2301      	movs	r3, #1
 8003d44:	4093      	lsls	r3, r2
	if (!IS_VALID_EXTI_LINE_NUM(line_num)) {
 8003d46:	281f      	cmp	r0, #31
 8003d48:	d803      	bhi.n	8003d52 <stm32_exti_clear_pending+0x16>
  * @note   Please check each device line mapping for EXTI Line availability
  * @retval None
  */
__STATIC_INLINE void LL_EXTI_ClearFlag_0_31(uint32_t ExtiLine)
{
  WRITE_REG(EXTI->PR, ExtiLine);
 8003d4a:	4a06      	ldr	r2, [pc, #24]	@ (8003d64 <stm32_exti_clear_pending+0x28>)
 8003d4c:	6153      	str	r3, [r2, #20]
	return 0;
 8003d4e:	2000      	movs	r0, #0
}
 8003d50:	bd08      	pop	{r3, pc}
 8003d52:	4603      	mov	r3, r0
 8003d54:	4a04      	ldr	r2, [pc, #16]	@ (8003d68 <stm32_exti_clear_pending+0x2c>)
 8003d56:	2101      	movs	r1, #1
 8003d58:	4804      	ldr	r0, [pc, #16]	@ (8003d6c <stm32_exti_clear_pending+0x30>)
 8003d5a:	f004 fe92 	bl	8008a82 <z_impl_z_log_msg_simple_create_1>
		return -EINVAL;
 8003d5e:	f06f 0015 	mvn.w	r0, #21
 8003d62:	e7f5      	b.n	8003d50 <stm32_exti_clear_pending+0x14>
 8003d64:	40013c00 	.word	0x40013c00
 8003d68:	0800b3e4 	.word	0x0800b3e4
 8003d6c:	0800aa54 	.word	0x0800aa54

08003d70 <stm32_fill_irq_table>:
	}
}

static void stm32_fill_irq_table(int8_t start, int8_t len, int32_t irqn)
{
	for (int i = 0; i < len; i++) {
 8003d70:	2300      	movs	r3, #0
 8003d72:	4299      	cmp	r1, r3
 8003d74:	dd0a      	ble.n	8003d8c <stm32_fill_irq_table+0x1c>
{
 8003d76:	b410      	push	{r4}
		exti_irq_table[start + i] = irqn;
 8003d78:	eb00 0c03 	add.w	ip, r0, r3
 8003d7c:	4c04      	ldr	r4, [pc, #16]	@ (8003d90 <stm32_fill_irq_table+0x20>)
 8003d7e:	f804 200c 	strb.w	r2, [r4, ip]
	for (int i = 0; i < len; i++) {
 8003d82:	3301      	adds	r3, #1
 8003d84:	4299      	cmp	r1, r3
 8003d86:	dcf7      	bgt.n	8003d78 <stm32_fill_irq_table+0x8>
	}
}
 8003d88:	bc10      	pop	{r4}
 8003d8a:	4770      	bx	lr
 8003d8c:	4770      	bx	lr
 8003d8e:	bf00      	nop
 8003d90:	200000e0 	.word	0x200000e0

08003d94 <stm32_intc_gpio_isr>:
{
 8003d94:	b5f8      	push	{r3, r4, r5, r6, r7, lr}
 8003d96:	4607      	mov	r7, r0
	for (uint8_t i = 0; i < range->len; i++) {
 8003d98:	2400      	movs	r4, #0
 8003d9a:	e001      	b.n	8003da0 <stm32_intc_gpio_isr+0xc>
 8003d9c:	3401      	adds	r4, #1
 8003d9e:	b2e4      	uxtb	r4, r4
 8003da0:	787b      	ldrb	r3, [r7, #1]
 8003da2:	42a3      	cmp	r3, r4
 8003da4:	d917      	bls.n	8003dd6 <stm32_intc_gpio_isr+0x42>
		line_num = range->start + i;
 8003da6:	783d      	ldrb	r5, [r7, #0]
 8003da8:	1966      	adds	r6, r4, r5
		if (stm32_exti_is_pending(line_num)) {
 8003daa:	4630      	mov	r0, r6
 8003dac:	f7ff ffaa 	bl	8003d04 <stm32_exti_is_pending>
 8003db0:	2800      	cmp	r0, #0
 8003db2:	d0f3      	beq.n	8003d9c <stm32_intc_gpio_isr+0x8>
			stm32_exti_clear_pending(line_num);
 8003db4:	4630      	mov	r0, r6
 8003db6:	f7ff ffc1 	bl	8003d3c <stm32_exti_clear_pending>
			if (!data->cb[line_num].cb) {
 8003dba:	4b07      	ldr	r3, [pc, #28]	@ (8003dd8 <stm32_intc_gpio_isr+0x44>)
 8003dbc:	f853 2036 	ldr.w	r2, [r3, r6, lsl #3]
 8003dc0:	2a00      	cmp	r2, #0
 8003dc2:	d0eb      	beq.n	8003d9c <stm32_intc_gpio_isr+0x8>
 8003dc4:	f006 051f 	and.w	r5, r6, #31
			data->cb[line_num].cb(line, data->cb[line_num].data);
 8003dc8:	eb03 03c6 	add.w	r3, r3, r6, lsl #3
 8003dcc:	6859      	ldr	r1, [r3, #4]
 8003dce:	2001      	movs	r0, #1
 8003dd0:	40a8      	lsls	r0, r5
 8003dd2:	4790      	blx	r2
 8003dd4:	e7e2      	b.n	8003d9c <stm32_intc_gpio_isr+0x8>
}
 8003dd6:	bdf8      	pop	{r3, r4, r5, r6, r7, pc}
 8003dd8:	200010c0 	.word	0x200010c0

08003ddc <LL_SYSCFG_SetEXTISource>:
  MODIFY_REG(SYSCFG->EXTICR[Line & 0xFF], (Line >> 16), Port << POSITION_VAL((Line >> 16)));
 8003ddc:	fa5f fc81 	uxtb.w	ip, r1
 8003de0:	f10c 0202 	add.w	r2, ip, #2
 8003de4:	4b0a      	ldr	r3, [pc, #40]	@ (8003e10 <LL_SYSCFG_SetEXTISource+0x34>)
 8003de6:	f853 2022 	ldr.w	r2, [r3, r2, lsl #2]
 8003dea:	0c0b      	lsrs	r3, r1, #16
 8003dec:	ea22 4111 	bic.w	r1, r2, r1, lsr #16
__STATIC_FORCEINLINE uint32_t __RBIT(uint32_t value)
{
  uint32_t result;

#if (__ARM_ARCH_ISA_THUMB >= 2)
   __ASM ("rbit %0, %1" : "=r" (result) : "r" (value) );
 8003df0:	fa93 f3a3 	rbit	r3, r3
     optimisations using the logic "value was passed to __builtin_clz, so it
     is non-zero".
     ARM GCC 7.3 and possibly earlier will optimise this test away, leaving a
     single CLZ instruction.
   */
  if (value == 0U)
 8003df4:	b14b      	cbz	r3, 8003e0a <LL_SYSCFG_SetEXTISource+0x2e>
  {
    return 32U;
  }
  return __builtin_clz(value);
 8003df6:	fab3 f383 	clz	r3, r3
 8003dfa:	4098      	lsls	r0, r3
 8003dfc:	4301      	orrs	r1, r0
 8003dfe:	f10c 0c02 	add.w	ip, ip, #2
 8003e02:	4a03      	ldr	r2, [pc, #12]	@ (8003e10 <LL_SYSCFG_SetEXTISource+0x34>)
 8003e04:	f842 102c 	str.w	r1, [r2, ip, lsl #2]
}
 8003e08:	4770      	bx	lr
    return 32U;
 8003e0a:	2320      	movs	r3, #32
 8003e0c:	e7f5      	b.n	8003dfa <LL_SYSCFG_SetEXTISource+0x1e>
 8003e0e:	bf00      	nop
 8003e10:	40013800 	.word	0x40013800

08003e14 <LL_SYSCFG_GetEXTISource>:
  return (uint32_t)(READ_BIT(SYSCFG->EXTICR[Line & 0xFF], (Line >> 16)) >> POSITION_VAL(Line >> 16));
 8003e14:	b2c3      	uxtb	r3, r0
 8003e16:	3302      	adds	r3, #2
 8003e18:	4a07      	ldr	r2, [pc, #28]	@ (8003e38 <LL_SYSCFG_GetEXTISource+0x24>)
 8003e1a:	f852 2023 	ldr.w	r2, [r2, r3, lsl #2]
 8003e1e:	0c03      	lsrs	r3, r0, #16
 8003e20:	ea02 4010 	and.w	r0, r2, r0, lsr #16
   __ASM ("rbit %0, %1" : "=r" (result) : "r" (value) );
 8003e24:	fa93 f3a3 	rbit	r3, r3
  if (value == 0U)
 8003e28:	b11b      	cbz	r3, 8003e32 <LL_SYSCFG_GetEXTISource+0x1e>
  return __builtin_clz(value);
 8003e2a:	fab3 f383 	clz	r3, r3
}
 8003e2e:	40d8      	lsrs	r0, r3
 8003e30:	4770      	bx	lr
    return 32U;
 8003e32:	2320      	movs	r3, #32
 8003e34:	e7fb      	b.n	8003e2e <LL_SYSCFG_GetEXTISource+0x1a>
 8003e36:	bf00      	nop
 8003e38:	40013800 	.word	0x40013800

08003e3c <stm32_gpio_intc_enable_line>:
	ARG_UNUSED(port);
	return exti_linenum_to_ll_exti_line(pin);
}

void stm32_gpio_intc_enable_line(stm32_gpio_irq_line_t line)
{
 8003e3c:	b508      	push	{r3, lr}
	return LOG2(line);
 8003e3e:	4603      	mov	r3, r0
 8003e40:	b168      	cbz	r0, 8003e5e <stm32_gpio_intc_enable_line+0x22>
 8003e42:	fab0 f280 	clz	r2, r0
 8003e46:	f1c2 021f 	rsb	r2, r2, #31
 8003e4a:	b2d2      	uxtb	r2, r2
	unsigned int irqnum;
	uint32_t line_num = ll_exti_line_to_linenum(line);

	/* Get matching exti irq provided line thanks to irq_table */
	irqnum = exti_irq_table[line_num];
 8003e4c:	4905      	ldr	r1, [pc, #20]	@ (8003e64 <stm32_gpio_intc_enable_line+0x28>)
 8003e4e:	5688      	ldrsb	r0, [r1, r2]
  SET_BIT(EXTI->IMR, ExtiLine);
 8003e50:	4a05      	ldr	r2, [pc, #20]	@ (8003e68 <stm32_gpio_intc_enable_line+0x2c>)
 8003e52:	6811      	ldr	r1, [r2, #0]
 8003e54:	430b      	orrs	r3, r1
 8003e56:	6013      	str	r3, [r2, #0]

	/* Enable requested line interrupt */
	EXTI_ENABLE_IT(0_31, line);

	/* Enable exti irq interrupt */
	irq_enable(irqnum);
 8003e58:	f004 ff55 	bl	8008d06 <arm_irq_enable>
}
 8003e5c:	bd08      	pop	{r3, pc}
	return LOG2(line);
 8003e5e:	22ff      	movs	r2, #255	@ 0xff
 8003e60:	e7f4      	b.n	8003e4c <stm32_gpio_intc_enable_line+0x10>
 8003e62:	bf00      	nop
 8003e64:	200000e0 	.word	0x200000e0
 8003e68:	40013c00 	.word	0x40013c00

08003e6c <stm32_gpio_intc_disable_line>:
  CLEAR_BIT(EXTI->IMR, ExtiLine);
 8003e6c:	4a02      	ldr	r2, [pc, #8]	@ (8003e78 <stm32_gpio_intc_disable_line+0xc>)
 8003e6e:	6813      	ldr	r3, [r2, #0]
 8003e70:	ea23 0300 	bic.w	r3, r3, r0
 8003e74:	6013      	str	r3, [r2, #0]

void stm32_gpio_intc_disable_line(stm32_gpio_irq_line_t line)
{
	EXTI_DISABLE_IT(0_31, line);
}
 8003e76:	4770      	bx	lr
 8003e78:	40013c00 	.word	0x40013c00

08003e7c <stm32_gpio_intc_select_line_trigger>:

void stm32_gpio_intc_select_line_trigger(stm32_gpio_irq_line_t line, uint32_t trg)
{
	z_stm32_hsem_lock(CFG_HW_EXTI_SEMID, HSEM_LOCK_DEFAULT_RETRY);

	switch (trg) {
 8003e7c:	2903      	cmp	r1, #3
 8003e7e:	d826      	bhi.n	8003ece <stm32_gpio_intc_select_line_trigger+0x52>
 8003e80:	e8df f001 	tbb	[pc, r1]
 8003e84:	1e150c02 	.word	0x1e150c02
  CLEAR_BIT(EXTI->RTSR, ExtiLine);
 8003e88:	4b11      	ldr	r3, [pc, #68]	@ (8003ed0 <stm32_gpio_intc_select_line_trigger+0x54>)
 8003e8a:	689a      	ldr	r2, [r3, #8]
 8003e8c:	ea22 0200 	bic.w	r2, r2, r0
 8003e90:	609a      	str	r2, [r3, #8]
  CLEAR_BIT(EXTI->FTSR, ExtiLine);
 8003e92:	68da      	ldr	r2, [r3, #12]
 8003e94:	ea22 0200 	bic.w	r2, r2, r0
 8003e98:	60da      	str	r2, [r3, #12]
}
 8003e9a:	4770      	bx	lr
  SET_BIT(EXTI->RTSR, ExtiLine);
 8003e9c:	4b0c      	ldr	r3, [pc, #48]	@ (8003ed0 <stm32_gpio_intc_select_line_trigger+0x54>)
 8003e9e:	689a      	ldr	r2, [r3, #8]
 8003ea0:	4302      	orrs	r2, r0
 8003ea2:	609a      	str	r2, [r3, #8]
  CLEAR_BIT(EXTI->FTSR, ExtiLine);
 8003ea4:	68da      	ldr	r2, [r3, #12]
 8003ea6:	ea22 0200 	bic.w	r2, r2, r0
 8003eaa:	60da      	str	r2, [r3, #12]
}
 8003eac:	4770      	bx	lr
  SET_BIT(EXTI->FTSR, ExtiLine);
 8003eae:	4b08      	ldr	r3, [pc, #32]	@ (8003ed0 <stm32_gpio_intc_select_line_trigger+0x54>)
 8003eb0:	68da      	ldr	r2, [r3, #12]
 8003eb2:	4302      	orrs	r2, r0
 8003eb4:	60da      	str	r2, [r3, #12]
  CLEAR_BIT(EXTI->RTSR, ExtiLine);
 8003eb6:	689a      	ldr	r2, [r3, #8]
 8003eb8:	ea22 0200 	bic.w	r2, r2, r0
 8003ebc:	609a      	str	r2, [r3, #8]
}
 8003ebe:	4770      	bx	lr
  SET_BIT(EXTI->RTSR, ExtiLine);
 8003ec0:	4b03      	ldr	r3, [pc, #12]	@ (8003ed0 <stm32_gpio_intc_select_line_trigger+0x54>)
 8003ec2:	689a      	ldr	r2, [r3, #8]
 8003ec4:	4302      	orrs	r2, r0
 8003ec6:	609a      	str	r2, [r3, #8]
  SET_BIT(EXTI->FTSR, ExtiLine);
 8003ec8:	68da      	ldr	r2, [r3, #12]
 8003eca:	4310      	orrs	r0, r2
 8003ecc:	60d8      	str	r0, [r3, #12]
	default:
		__ASSERT_NO_MSG(0);
		break;
	}
	z_stm32_hsem_unlock(CFG_HW_EXTI_SEMID);
}
 8003ece:	4770      	bx	lr
 8003ed0:	40013c00 	.word	0x40013c00

08003ed4 <stm32_gpio_intc_set_irq_callback>:

int stm32_gpio_intc_set_irq_callback(stm32_gpio_irq_line_t line, stm32_gpio_irq_cb_t cb, void *user)
{
 8003ed4:	b410      	push	{r4}
	return LOG2(line);
 8003ed6:	b198      	cbz	r0, 8003f00 <stm32_gpio_intc_set_irq_callback+0x2c>
 8003ed8:	fab0 f380 	clz	r3, r0
 8003edc:	f1c3 031f 	rsb	r3, r3, #31
 8003ee0:	b2db      	uxtb	r3, r3
	struct stm32_intc_gpio_data *data = &intc_gpio_data;
	uint32_t line_num = ll_exti_line_to_linenum(line);
 8003ee2:	469c      	mov	ip, r3

	if ((data->cb[line_num].cb == cb) && (data->cb[line_num].data == user)) {
 8003ee4:	480d      	ldr	r0, [pc, #52]	@ (8003f1c <stm32_gpio_intc_set_irq_callback+0x48>)
 8003ee6:	f850 0033 	ldr.w	r0, [r0, r3, lsl #3]
 8003eea:	4288      	cmp	r0, r1
 8003eec:	d00a      	beq.n	8003f04 <stm32_gpio_intc_set_irq_callback+0x30>
		return 0;
	}

	/* if callback already exists/is running, return busy */
	if (data->cb[line_num].cb != NULL) {
 8003eee:	b988      	cbnz	r0, 8003f14 <stm32_gpio_intc_set_irq_callback+0x40>
		return -EBUSY;
	}

	data->cb[line_num].cb = cb;
 8003ef0:	4b0a      	ldr	r3, [pc, #40]	@ (8003f1c <stm32_gpio_intc_set_irq_callback+0x48>)
 8003ef2:	f843 103c 	str.w	r1, [r3, ip, lsl #3]
	data->cb[line_num].data = user;
 8003ef6:	eb03 03cc 	add.w	r3, r3, ip, lsl #3
 8003efa:	605a      	str	r2, [r3, #4]

	return 0;
}
 8003efc:	bc10      	pop	{r4}
 8003efe:	4770      	bx	lr
	return LOG2(line);
 8003f00:	23ff      	movs	r3, #255	@ 0xff
 8003f02:	e7ee      	b.n	8003ee2 <stm32_gpio_intc_set_irq_callback+0xe>
	if ((data->cb[line_num].cb == cb) && (data->cb[line_num].data == user)) {
 8003f04:	4c05      	ldr	r4, [pc, #20]	@ (8003f1c <stm32_gpio_intc_set_irq_callback+0x48>)
 8003f06:	eb04 03c3 	add.w	r3, r4, r3, lsl #3
 8003f0a:	685b      	ldr	r3, [r3, #4]
 8003f0c:	4293      	cmp	r3, r2
 8003f0e:	d1ee      	bne.n	8003eee <stm32_gpio_intc_set_irq_callback+0x1a>
		return 0;
 8003f10:	2000      	movs	r0, #0
 8003f12:	e7f3      	b.n	8003efc <stm32_gpio_intc_set_irq_callback+0x28>
		return -EBUSY;
 8003f14:	f06f 000f 	mvn.w	r0, #15
 8003f18:	e7f0      	b.n	8003efc <stm32_gpio_intc_set_irq_callback+0x28>
 8003f1a:	bf00      	nop
 8003f1c:	200010c0 	.word	0x200010c0

08003f20 <stm32_gpio_intc_remove_irq_callback>:
	return LOG2(line);
 8003f20:	b160      	cbz	r0, 8003f3c <stm32_gpio_intc_remove_irq_callback+0x1c>
 8003f22:	fab0 f380 	clz	r3, r0
 8003f26:	f1c3 031f 	rsb	r3, r3, #31
 8003f2a:	b2db      	uxtb	r3, r3
void stm32_gpio_intc_remove_irq_callback(stm32_gpio_irq_line_t line)
{
	struct stm32_intc_gpio_data *data = &intc_gpio_data;
	uint32_t line_num = ll_exti_line_to_linenum(line);

	data->cb[line_num].cb = NULL;
 8003f2c:	4a04      	ldr	r2, [pc, #16]	@ (8003f40 <stm32_gpio_intc_remove_irq_callback+0x20>)
 8003f2e:	2100      	movs	r1, #0
 8003f30:	f842 1033 	str.w	r1, [r2, r3, lsl #3]
	data->cb[line_num].data = NULL;
 8003f34:	eb02 02c3 	add.w	r2, r2, r3, lsl #3
 8003f38:	6051      	str	r1, [r2, #4]
}
 8003f3a:	4770      	bx	lr
	return LOG2(line);
 8003f3c:	23ff      	movs	r3, #255	@ 0xff
 8003f3e:	e7f5      	b.n	8003f2c <stm32_gpio_intc_remove_irq_callback+0xc>
 8003f40:	200010c0 	.word	0x200010c0

08003f44 <adc_stm32_set_clock>:
	return 0;
}
#endif

static int adc_stm32_set_clock(const struct device *dev)
{
 8003f44:	b570      	push	{r4, r5, r6, lr}
	const struct adc_stm32_cfg *config = dev->config;
 8003f46:	6844      	ldr	r4, [r0, #4]
	const struct clock_control_driver_api *api =
 8003f48:	4b1a      	ldr	r3, [pc, #104]	@ (8003fb4 <adc_stm32_set_clock+0x70>)
 8003f4a:	689d      	ldr	r5, [r3, #8]
	if (api->on == NULL) {
 8003f4c:	682b      	ldr	r3, [r5, #0]
 8003f4e:	b343      	cbz	r3, 8003fa2 <adc_stm32_set_clock+0x5e>
 8003f50:	f104 0108 	add.w	r1, r4, #8
	return api->on(dev, sys);
 8003f54:	4817      	ldr	r0, [pc, #92]	@ (8003fb4 <adc_stm32_set_clock+0x70>)
 8003f56:	4798      	blx	r3
	const struct device *const clk = DEVICE_DT_GET(STM32_CLOCK_CONTROL_NODE);
	__maybe_unused ADC_TypeDef *adc = config->base;
	int ret = 0;

	if (clock_control_on(clk, (clock_control_subsys_t)&config->pclken) != 0) {
 8003f58:	4606      	mov	r6, r0
 8003f5a:	bb10      	cbnz	r0, 8003fa2 <adc_stm32_set_clock+0x5e>
		return -EIO;
	}

	/* Enable ADC clock source if applicable */
	if (config->has_pclken_ker &&
 8003f5c:	f894 3045 	ldrb.w	r3, [r4, #69]	@ 0x45
 8003f60:	f013 0f01 	tst.w	r3, #1
 8003f64:	d007      	beq.n	8003f76 <adc_stm32_set_clock+0x32>
	    clock_control_configure(clk, (clock_control_subsys_t)&config->pclken_ker, NULL) != 0) {
 8003f66:	f104 0110 	add.w	r1, r4, #16
					  void *data)
{
	const struct clock_control_driver_api *api =
		(const struct clock_control_driver_api *)dev->api;

	if (api->configure == NULL) {
 8003f6a:	69ab      	ldr	r3, [r5, #24]
 8003f6c:	b1e3      	cbz	r3, 8003fa8 <adc_stm32_set_clock+0x64>
		return -ENOSYS;
	}

	return api->configure(dev, sys, data);
 8003f6e:	2200      	movs	r2, #0
 8003f70:	4810      	ldr	r0, [pc, #64]	@ (8003fb4 <adc_stm32_set_clock+0x70>)
 8003f72:	4798      	blx	r3
	if (config->has_pclken_ker &&
 8003f74:	b9c0      	cbnz	r0, 8003fa8 <adc_stm32_set_clock+0x64>
		return -EIO;
	}

	/* Configure ADC prescaler (at RCC level) if applicable */
	if (config->has_pclken_pre &&
 8003f76:	f894 3045 	ldrb.w	r3, [r4, #69]	@ 0x45
 8003f7a:	f013 0f02 	tst.w	r3, #2
 8003f7e:	d007      	beq.n	8003f90 <adc_stm32_set_clock+0x4c>
	    clock_control_configure(clk, (clock_control_subsys_t)&config->pclken_pre, NULL) != 0) {
 8003f80:	f104 0118 	add.w	r1, r4, #24
	if (api->configure == NULL) {
 8003f84:	69ab      	ldr	r3, [r5, #24]
 8003f86:	b193      	cbz	r3, 8003fae <adc_stm32_set_clock+0x6a>
	return api->configure(dev, sys, data);
 8003f88:	2200      	movs	r2, #0
 8003f8a:	480a      	ldr	r0, [pc, #40]	@ (8003fb4 <adc_stm32_set_clock+0x70>)
 8003f8c:	4798      	blx	r3
	if (config->has_pclken_pre &&
 8003f8e:	b970      	cbnz	r0, 8003fae <adc_stm32_set_clock+0x6a>
				      config->clk_prescaler);
		LL_ADC_SetClock(adc, LL_ADC_CLOCK_ASYNC);
	}
#else
	LL_ADC_SetCommonClock(STM32_ADC_COMMON_INSTANCE(adc),
			      config->clk_prescaler);
 8003f90:	6a23      	ldr	r3, [r4, #32]
  *         @arg @ref LL_ADC_CLOCK_SYNC_PCLK_DIV8
  * @retval None
  */
__STATIC_INLINE void LL_ADC_SetCommonClock(ADC_Common_TypeDef *ADCxy_COMMON, uint32_t CommonClock)
{
  MODIFY_REG(ADCxy_COMMON->CCR, ADC_CCR_ADCPRE, CommonClock);
 8003f92:	4909      	ldr	r1, [pc, #36]	@ (8003fb8 <adc_stm32_set_clock+0x74>)
 8003f94:	684a      	ldr	r2, [r1, #4]
 8003f96:	f422 3240 	bic.w	r2, r2, #196608	@ 0x30000
 8003f9a:	4313      	orrs	r3, r2
 8003f9c:	604b      	str	r3, [r1, #4]
#endif
#endif
#endif /* DT_ANY_INST_HAS_PROP_STATUS_OKAY(st_adc_clock_source) */

	return ret;
}
 8003f9e:	4630      	mov	r0, r6
 8003fa0:	bd70      	pop	{r4, r5, r6, pc}
		return -EIO;
 8003fa2:	f06f 0604 	mvn.w	r6, #4
 8003fa6:	e7fa      	b.n	8003f9e <adc_stm32_set_clock+0x5a>
		return -EIO;
 8003fa8:	f06f 0604 	mvn.w	r6, #4
 8003fac:	e7f7      	b.n	8003f9e <adc_stm32_set_clock+0x5a>
		return -EIO;
 8003fae:	f06f 0604 	mvn.w	r6, #4
 8003fb2:	e7f4      	b.n	8003f9e <adc_stm32_set_clock+0x5a>
 8003fb4:	0800a4b4 	.word	0x0800a4b4
 8003fb8:	40012300 	.word	0x40012300

08003fbc <set_sequencer>:
{
 8003fbc:	e92d 41f0 	stmdb	sp!, {r4, r5, r6, r7, r8, lr}
	const struct adc_stm32_cfg *config = dev->config;
 8003fc0:	6847      	ldr	r7, [r0, #4]
	struct adc_stm32_data *data = dev->data;
 8003fc2:	6903      	ldr	r3, [r0, #16]
	ADC_TypeDef *adc = config->base;
 8003fc4:	f8d7 8000 	ldr.w	r8, [r7]
	for (uint32_t channels = data->channels; channels;
 8003fc8:	f8d3 50b8 	ldr.w	r5, [r3, #184]	@ 0xb8
	uint8_t channel_index = 0;
 8003fcc:	2600      	movs	r6, #0
	for (uint32_t channels = data->channels; channels;
 8003fce:	e00e      	b.n	8003fee <set_sequencer+0x32>
		uint32_t channel = STM32_ADC_DECIMAL_NB_TO_CHANNEL(channel_id);
 8003fd0:	eb04 0244 	add.w	r2, r4, r4, lsl #1
 8003fd4:	3a1e      	subs	r2, #30
 8003fd6:	ea44 5202 	orr.w	r2, r4, r2, lsl #20
		if (config->sequencer_type == SEQUENCER_PROGRAMMABLE) {
 8003fda:	f997 3042 	ldrsb.w	r3, [r7, #66]	@ 0x42
 8003fde:	2b01      	cmp	r3, #1
 8003fe0:	d01a      	beq.n	8004018 <set_sequencer+0x5c>
		      channels &= ~BIT(channel_id), channel_index++) {
 8003fe2:	2301      	movs	r3, #1
 8003fe4:	40a3      	lsls	r3, r4
 8003fe6:	ea25 0503 	bic.w	r5, r5, r3
 8003fea:	3601      	adds	r6, #1
 8003fec:	b2f6      	uxtb	r6, r6
	for (uint32_t channels = data->channels; channels;
 8003fee:	b325      	cbz	r5, 800403a <set_sequencer+0x7e>
 */

static ALWAYS_INLINE unsigned int find_lsb_set(uint32_t op)
{
#ifdef CONFIG_TOOLCHAIN_HAS_BUILTIN_FFS
	return __builtin_ffs(op);
 8003ff0:	fa95 f4a5 	rbit	r4, r5
 8003ff4:	fab4 f484 	clz	r4, r4
 8003ff8:	b90d      	cbnz	r5, 8003ffe <set_sequencer+0x42>
 8003ffa:	f04f 34ff 	mov.w	r4, #4294967295
 8003ffe:	3401      	adds	r4, #1
		channel_id = find_lsb_set(channels) - 1;
 8004000:	b2e4      	uxtb	r4, r4
 8004002:	3c01      	subs	r4, #1
 8004004:	b2e4      	uxtb	r4, r4
		uint32_t channel = STM32_ADC_DECIMAL_NB_TO_CHANNEL(channel_id);
 8004006:	2c09      	cmp	r4, #9
 8004008:	d8e2      	bhi.n	8003fd0 <set_sequencer+0x14>
 800400a:	eb04 0244 	add.w	r2, r4, r4, lsl #1
 800400e:	ea44 5202 	orr.w	r2, r4, r2, lsl #20
 8004012:	f042 7200 	orr.w	r2, r2, #33554432	@ 0x2000000
 8004016:	e7e0      	b.n	8003fda <set_sequencer+0x1e>
			LL_ADC_REG_SetSequencerRanks(adc, table_rank[channel_index], channel);
 8004018:	4b0c      	ldr	r3, [pc, #48]	@ (800404c <set_sequencer+0x90>)
 800401a:	f853 1026 	ldr.w	r1, [r3, r6, lsl #2]
 800401e:	4640      	mov	r0, r8
 8004020:	f005 f887 	bl	8009132 <LL_ADC_REG_SetSequencerRanks>
			LL_ADC_REG_SetSequencerLength(adc, table_seq_len[channel_index]);
 8004024:	4b0a      	ldr	r3, [pc, #40]	@ (8004050 <set_sequencer+0x94>)
 8004026:	f853 3026 	ldr.w	r3, [r3, r6, lsl #2]
  *         @arg @ref LL_ADC_REG_SEQ_SCAN_ENABLE_16RANKS
  * @retval None
  */
__STATIC_INLINE void LL_ADC_REG_SetSequencerLength(ADC_TypeDef *ADCx, uint32_t SequencerNbRanks)
{
  MODIFY_REG(ADCx->SQR1, ADC_SQR1_L, SequencerNbRanks);
 800402a:	f8d8 202c 	ldr.w	r2, [r8, #44]	@ 0x2c
 800402e:	f422 0270 	bic.w	r2, r2, #15728640	@ 0xf00000
 8004032:	4313      	orrs	r3, r2
 8004034:	f8c8 302c 	str.w	r3, [r8, #44]	@ 0x2c
}
 8004038:	e7d3      	b.n	8003fe2 <set_sequencer+0x26>
  MODIFY_REG(ADCx->CR1, ADC_CR1_SCAN, ScanMode);
 800403a:	f8d8 3004 	ldr.w	r3, [r8, #4]
 800403e:	f443 7380 	orr.w	r3, r3, #256	@ 0x100
 8004042:	f8c8 3004 	str.w	r3, [r8, #4]
}
 8004046:	2000      	movs	r0, #0
 8004048:	e8bd 81f0 	ldmia.w	sp!, {r4, r5, r6, r7, r8, pc}
 800404c:	0800bc58 	.word	0x0800bc58
 8004050:	0800bc18 	.word	0x0800bc18

08004054 <check_buffer>:
	needed_buffer_size = active_channels * sizeof(adc_data_size_t);
 8004054:	0049      	lsls	r1, r1, #1
	if (sequence->options) {
 8004056:	6803      	ldr	r3, [r0, #0]
 8004058:	b113      	cbz	r3, 8004060 <check_buffer+0xc>
		needed_buffer_size *= (1 + sequence->options->extra_samplings);
 800405a:	899b      	ldrh	r3, [r3, #12]
 800405c:	fb03 1101 	mla	r1, r3, r1, r1
	if (sequence->buffer_size < needed_buffer_size) {
 8004060:	68c3      	ldr	r3, [r0, #12]
 8004062:	428b      	cmp	r3, r1
 8004064:	d301      	bcc.n	800406a <check_buffer+0x16>
	return 0;
 8004066:	2000      	movs	r0, #0
}
 8004068:	4770      	bx	lr
{
 800406a:	b500      	push	{lr}
 800406c:	b083      	sub	sp, #12
	z_impl_z_log_msg_simple_create_2(source, level, fmt, arg0, arg1);
 800406e:	9100      	str	r1, [sp, #0]
 8004070:	4a04      	ldr	r2, [pc, #16]	@ (8004084 <check_buffer+0x30>)
 8004072:	2101      	movs	r1, #1
 8004074:	4804      	ldr	r0, [pc, #16]	@ (8004088 <check_buffer+0x34>)
 8004076:	f004 fd0f 	bl	8008a98 <z_impl_z_log_msg_simple_create_2>
		return -ENOMEM;
 800407a:	f06f 000b 	mvn.w	r0, #11
}
 800407e:	b003      	add	sp, #12
 8004080:	f85d fb04 	ldr.w	pc, [sp], #4
 8004084:	0800b428 	.word	0x0800b428
 8004088:	0800aa44 	.word	0x0800aa44

0800408c <set_resolution>:
{
 800408c:	b570      	push	{r4, r5, r6, lr}
	const struct adc_stm32_cfg *config = dev->config;
 800408e:	6844      	ldr	r4, [r0, #4]
	__maybe_unused ADC_TypeDef *adc = config->base;
 8004090:	6825      	ldr	r5, [r4, #0]
	for (i = 0; i < config->table_resolution_size; i++) {
 8004092:	2300      	movs	r3, #0
 8004094:	e000      	b.n	8004098 <set_resolution+0xc>
 8004096:	3301      	adds	r3, #1
 8004098:	f994 2040 	ldrsb.w	r2, [r4, #64]	@ 0x40
 800409c:	429a      	cmp	r2, r3
 800409e:	dd05      	ble.n	80040ac <set_resolution+0x20>
		if (sequence->resolution == config->table_raw_resolution[i]) {
 80040a0:	f891 c010 	ldrb.w	ip, [r1, #16]
 80040a4:	6aa0      	ldr	r0, [r4, #40]	@ 0x28
 80040a6:	5cc0      	ldrb	r0, [r0, r3]
 80040a8:	4584      	cmp	ip, r0
 80040aa:	d1f4      	bne.n	8004096 <set_resolution+0xa>
	if (i == config->table_resolution_size) {
 80040ac:	429a      	cmp	r2, r3
 80040ae:	d00a      	beq.n	80040c6 <set_resolution+0x3a>
  return (uint32_t)(READ_BIT(ADCx->CR1, ADC_CR1_RES));
 80040b0:	686a      	ldr	r2, [r5, #4]
 80040b2:	f002 7240 	and.w	r2, r2, #50331648	@ 0x3000000
	if (LL_ADC_GetResolution(adc) != config->table_ll_resolution[i]) {
 80040b6:	6ae1      	ldr	r1, [r4, #44]	@ 0x2c
 80040b8:	009e      	lsls	r6, r3, #2
 80040ba:	f851 3023 	ldr.w	r3, [r1, r3, lsl #2]
 80040be:	4293      	cmp	r3, r2
 80040c0:	d109      	bne.n	80040d6 <set_resolution+0x4a>
	int err = 0;
 80040c2:	2000      	movs	r0, #0
}
 80040c4:	bd70      	pop	{r4, r5, r6, pc}
	z_impl_z_log_msg_simple_create_0(source, level, fmt);
 80040c6:	4a0b      	ldr	r2, [pc, #44]	@ (80040f4 <set_resolution+0x68>)
 80040c8:	2101      	movs	r1, #1
 80040ca:	480b      	ldr	r0, [pc, #44]	@ (80040f8 <set_resolution+0x6c>)
 80040cc:	f004 fccf 	bl	8008a6e <z_impl_z_log_msg_simple_create_0>
		return -EINVAL;
 80040d0:	f06f 0015 	mvn.w	r0, #21
 80040d4:	e7f6      	b.n	80040c4 <set_resolution+0x38>
		err = adc_stm32_disable(adc, false);
 80040d6:	2100      	movs	r1, #0
 80040d8:	4628      	mov	r0, r5
 80040da:	f004 fffc 	bl	80090d6 <adc_stm32_disable>
		if (err == 0) {
 80040de:	2800      	cmp	r0, #0
 80040e0:	d1f0      	bne.n	80040c4 <set_resolution+0x38>
			LL_ADC_SetResolution(adc, config->table_ll_resolution[i]);
 80040e2:	6ae3      	ldr	r3, [r4, #44]	@ 0x2c
 80040e4:	599b      	ldr	r3, [r3, r6]
  MODIFY_REG(ADCx->CR1, ADC_CR1_RES, Resolution);
 80040e6:	686a      	ldr	r2, [r5, #4]
 80040e8:	f022 7240 	bic.w	r2, r2, #50331648	@ 0x3000000
 80040ec:	4313      	orrs	r3, r2
 80040ee:	606b      	str	r3, [r5, #4]
}
 80040f0:	e7e8      	b.n	80040c4 <set_resolution+0x38>
 80040f2:	bf00      	nop
 80040f4:	0800b450 	.word	0x0800b450
 80040f8:	0800aa44 	.word	0x0800aa44

080040fc <adc_stm32_sampling_time_check>:
{
 80040fc:	b510      	push	{r4, lr}
	const struct adc_stm32_cfg *config =
 80040fe:	6844      	ldr	r4, [r0, #4]
	if (acq_time == ADC_ACQ_TIME_DEFAULT) {
 8004100:	b321      	cbz	r1, 800414c <adc_stm32_sampling_time_check+0x50>
 8004102:	460a      	mov	r2, r1
	if (acq_time == ADC_ACQ_TIME_MAX) {
 8004104:	f643 73ff 	movw	r3, #16383	@ 0x3fff
 8004108:	4299      	cmp	r1, r3
 800410a:	d021      	beq.n	8004150 <adc_stm32_sampling_time_check+0x54>
	if (ADC_ACQ_TIME_UNIT(acq_time) != ADC_ACQ_TIME_TICKS) {
 800410c:	0b8b      	lsrs	r3, r1, #14
 800410e:	2b03      	cmp	r3, #3
 8004110:	d10c      	bne.n	800412c <adc_stm32_sampling_time_check+0x30>
	for (int i = 0; i < STM32_NB_SAMPLING_TIME; i++) {
 8004112:	2000      	movs	r0, #0
 8004114:	2807      	cmp	r0, #7
 8004116:	dc11      	bgt.n	800413c <adc_stm32_sampling_time_check+0x40>
		if (acq_time == ADC_ACQ_TIME(ADC_ACQ_TIME_TICKS,
 8004118:	f100 0318 	add.w	r3, r0, #24
 800411c:	f834 3013 	ldrh.w	r3, [r4, r3, lsl #1]
 8004120:	f443 4340 	orr.w	r3, r3, #49152	@ 0xc000
 8004124:	4293      	cmp	r3, r2
 8004126:	d010      	beq.n	800414a <adc_stm32_sampling_time_check+0x4e>
	for (int i = 0; i < STM32_NB_SAMPLING_TIME; i++) {
 8004128:	3001      	adds	r0, #1
 800412a:	e7f3      	b.n	8004114 <adc_stm32_sampling_time_check+0x18>
 800412c:	4a09      	ldr	r2, [pc, #36]	@ (8004154 <adc_stm32_sampling_time_check+0x58>)
 800412e:	2101      	movs	r1, #1
 8004130:	4809      	ldr	r0, [pc, #36]	@ (8004158 <adc_stm32_sampling_time_check+0x5c>)
 8004132:	f004 fc9c 	bl	8008a6e <z_impl_z_log_msg_simple_create_0>
		return -EINVAL;
 8004136:	f06f 0015 	mvn.w	r0, #21
 800413a:	e006      	b.n	800414a <adc_stm32_sampling_time_check+0x4e>
 800413c:	4a07      	ldr	r2, [pc, #28]	@ (800415c <adc_stm32_sampling_time_check+0x60>)
 800413e:	2101      	movs	r1, #1
 8004140:	4805      	ldr	r0, [pc, #20]	@ (8004158 <adc_stm32_sampling_time_check+0x5c>)
 8004142:	f004 fc94 	bl	8008a6e <z_impl_z_log_msg_simple_create_0>
	return -EINVAL;
 8004146:	f06f 0015 	mvn.w	r0, #21
}
 800414a:	bd10      	pop	{r4, pc}
		return 0;
 800414c:	2000      	movs	r0, #0
 800414e:	e7fc      	b.n	800414a <adc_stm32_sampling_time_check+0x4e>
		return STM32_NB_SAMPLING_TIME - 1;
 8004150:	2007      	movs	r0, #7
 8004152:	e7fa      	b.n	800414a <adc_stm32_sampling_time_check+0x4e>
 8004154:	0800b464 	.word	0x0800b464
 8004158:	0800aa44 	.word	0x0800aa44
 800415c:	0800b48c 	.word	0x0800b48c

08004160 <adc_stm32_sampling_time_setup>:
{
 8004160:	b570      	push	{r4, r5, r6, lr}
 8004162:	460d      	mov	r5, r1
	const struct adc_stm32_cfg *config =
 8004164:	6844      	ldr	r4, [r0, #4]
	ADC_TypeDef *adc = config->base;
 8004166:	6826      	ldr	r6, [r4, #0]
	acq_time_index = adc_stm32_sampling_time_check(dev, acq_time);
 8004168:	4611      	mov	r1, r2
 800416a:	f7ff ffc7 	bl	80040fc <adc_stm32_sampling_time_check>
	if (acq_time_index < 0) {
 800416e:	2800      	cmp	r0, #0
 8004170:	db17      	blt.n	80041a2 <adc_stm32_sampling_time_setup+0x42>
	switch (config->num_sampling_time_common_channels) {
 8004172:	f994 3041 	ldrsb.w	r3, [r4, #65]	@ 0x41
 8004176:	b13b      	cbz	r3, 8004188 <adc_stm32_sampling_time_setup+0x28>
 8004178:	2b00      	cmp	r3, #0
 800417a:	db19      	blt.n	80041b0 <adc_stm32_sampling_time_setup+0x50>
 800417c:	3b01      	subs	r3, #1
 800417e:	b2db      	uxtb	r3, r3
 8004180:	2b01      	cmp	r3, #1
 8004182:	d815      	bhi.n	80041b0 <adc_stm32_sampling_time_setup+0x50>
 8004184:	2000      	movs	r0, #0
 8004186:	e00c      	b.n	80041a2 <adc_stm32_sampling_time_setup+0x42>
		LL_ADC_SetChannelSamplingTime(adc,
 8004188:	2d09      	cmp	r5, #9
 800418a:	d80b      	bhi.n	80041a4 <adc_stm32_sampling_time_setup+0x44>
					      STM32_ADC_DECIMAL_NB_TO_CHANNEL(id),
 800418c:	eb05 0345 	add.w	r3, r5, r5, lsl #1
 8004190:	ea45 5303 	orr.w	r3, r5, r3, lsl #20
		LL_ADC_SetChannelSamplingTime(adc,
 8004194:	f043 7100 	orr.w	r1, r3, #33554432	@ 0x2000000
 8004198:	4602      	mov	r2, r0
 800419a:	4630      	mov	r0, r6
 800419c:	f004 ffea 	bl	8009174 <LL_ADC_SetChannelSamplingTime>
	return 0;
 80041a0:	2000      	movs	r0, #0
}
 80041a2:	bd70      	pop	{r4, r5, r6, pc}
					      STM32_ADC_DECIMAL_NB_TO_CHANNEL(id),
 80041a4:	eb05 0345 	add.w	r3, r5, r5, lsl #1
 80041a8:	3b1e      	subs	r3, #30
		LL_ADC_SetChannelSamplingTime(adc,
 80041aa:	ea45 5103 	orr.w	r1, r5, r3, lsl #20
 80041ae:	e7f3      	b.n	8004198 <adc_stm32_sampling_time_setup+0x38>
 80041b0:	4a03      	ldr	r2, [pc, #12]	@ (80041c0 <adc_stm32_sampling_time_setup+0x60>)
 80041b2:	2101      	movs	r1, #1
 80041b4:	4803      	ldr	r0, [pc, #12]	@ (80041c4 <adc_stm32_sampling_time_setup+0x64>)
 80041b6:	f004 fc5a 	bl	8008a6e <z_impl_z_log_msg_simple_create_0>
		return -EINVAL;
 80041ba:	f06f 0015 	mvn.w	r0, #21
 80041be:	e7f0      	b.n	80041a2 <adc_stm32_sampling_time_setup+0x42>
 80041c0:	0800b4b0 	.word	0x0800b4b0
 80041c4:	0800aa44 	.word	0x0800aa44

080041c8 <adc_stm32_channel_setup>:
{
 80041c8:	b508      	push	{r3, lr}
	const struct adc_stm32_cfg *config = (const struct adc_stm32_cfg *)dev->config;
 80041ca:	6843      	ldr	r3, [r0, #4]
	if (!config->has_differential_support) {
 80041cc:	f893 3045 	ldrb.w	r3, [r3, #69]	@ 0x45
 80041d0:	f013 0f10 	tst.w	r3, #16
 80041d4:	d103      	bne.n	80041de <adc_stm32_channel_setup+0x16>
		if (channel_cfg->differential) {
 80041d6:	790b      	ldrb	r3, [r1, #4]
 80041d8:	f013 0f20 	tst.w	r3, #32
 80041dc:	d10d      	bne.n	80041fa <adc_stm32_channel_setup+0x32>
	if (channel_cfg->gain != ADC_GAIN_1) {
 80041de:	780b      	ldrb	r3, [r1, #0]
 80041e0:	2b09      	cmp	r3, #9
 80041e2:	d112      	bne.n	800420a <adc_stm32_channel_setup+0x42>
	if (channel_cfg->reference != ADC_REF_INTERNAL) {
 80041e4:	784b      	ldrb	r3, [r1, #1]
 80041e6:	2b04      	cmp	r3, #4
 80041e8:	d117      	bne.n	800421a <adc_stm32_channel_setup+0x52>
	if (adc_stm32_sampling_time_setup(dev, channel_cfg->channel_id,
 80041ea:	790b      	ldrb	r3, [r1, #4]
 80041ec:	884a      	ldrh	r2, [r1, #2]
 80041ee:	f003 011f 	and.w	r1, r3, #31
 80041f2:	f7ff ffb5 	bl	8004160 <adc_stm32_sampling_time_setup>
 80041f6:	b9c0      	cbnz	r0, 800422a <adc_stm32_channel_setup+0x62>
}
 80041f8:	bd08      	pop	{r3, pc}
 80041fa:	4a10      	ldr	r2, [pc, #64]	@ (800423c <adc_stm32_channel_setup+0x74>)
 80041fc:	2101      	movs	r1, #1
 80041fe:	4810      	ldr	r0, [pc, #64]	@ (8004240 <adc_stm32_channel_setup+0x78>)
 8004200:	f004 fc35 	bl	8008a6e <z_impl_z_log_msg_simple_create_0>
			return -EINVAL;
 8004204:	f06f 0015 	mvn.w	r0, #21
 8004208:	e7f6      	b.n	80041f8 <adc_stm32_channel_setup+0x30>
 800420a:	4a0e      	ldr	r2, [pc, #56]	@ (8004244 <adc_stm32_channel_setup+0x7c>)
 800420c:	2101      	movs	r1, #1
 800420e:	480c      	ldr	r0, [pc, #48]	@ (8004240 <adc_stm32_channel_setup+0x78>)
 8004210:	f004 fc2d 	bl	8008a6e <z_impl_z_log_msg_simple_create_0>
		return -EINVAL;
 8004214:	f06f 0015 	mvn.w	r0, #21
 8004218:	e7ee      	b.n	80041f8 <adc_stm32_channel_setup+0x30>
 800421a:	4a0b      	ldr	r2, [pc, #44]	@ (8004248 <adc_stm32_channel_setup+0x80>)
 800421c:	2101      	movs	r1, #1
 800421e:	4808      	ldr	r0, [pc, #32]	@ (8004240 <adc_stm32_channel_setup+0x78>)
 8004220:	f004 fc25 	bl	8008a6e <z_impl_z_log_msg_simple_create_0>
		return -EINVAL;
 8004224:	f06f 0015 	mvn.w	r0, #21
 8004228:	e7e6      	b.n	80041f8 <adc_stm32_channel_setup+0x30>
 800422a:	4a08      	ldr	r2, [pc, #32]	@ (800424c <adc_stm32_channel_setup+0x84>)
 800422c:	2101      	movs	r1, #1
 800422e:	4804      	ldr	r0, [pc, #16]	@ (8004240 <adc_stm32_channel_setup+0x78>)
 8004230:	f004 fc1d 	bl	8008a6e <z_impl_z_log_msg_simple_create_0>
		return -EINVAL;
 8004234:	f06f 0015 	mvn.w	r0, #21
 8004238:	e7de      	b.n	80041f8 <adc_stm32_channel_setup+0x30>
 800423a:	bf00      	nop
 800423c:	0800b4e8 	.word	0x0800b4e8
 8004240:	0800aa44 	.word	0x0800aa44
 8004244:	0800b518 	.word	0x0800b518
 8004248:	0800b530 	.word	0x0800b530
 800424c:	0800b54c 	.word	0x0800b54c

08004250 <adc_context_enable_timer>:
	}
}

#ifdef ADC_CONTEXT_USES_KERNEL_TIMER
static inline void adc_context_enable_timer(struct adc_context *ctx)
{
 8004250:	b500      	push	{lr}
 8004252:	b083      	sub	sp, #12
 8004254:	4603      	mov	r3, r0
	k_timer_start(&ctx->timer, K_NO_WAIT, K_USEC(ctx->options.interval_us));
 8004256:	3008      	adds	r0, #8
 8004258:	f8d3 3090 	ldr.w	r3, [r3, #144]	@ 0x90
 800425c:	3363      	adds	r3, #99	@ 0x63
 800425e:	bf2c      	ite	cs
 8004260:	f04f 0c01 	movcs.w	ip, #1
 8004264:	f04f 0c00 	movcc.w	ip, #0
 8004268:	f3c3 0213 	ubfx	r2, r3, #0, #20
 800426c:	0d19      	lsrs	r1, r3, #20
 800426e:	ea41 310c 	orr.w	r1, r1, ip, lsl #12
 8004272:	4411      	add	r1, r2
 8004274:	4a10      	ldr	r2, [pc, #64]	@ (80042b8 <adc_context_enable_timer+0x68>)
 8004276:	fba2 e201 	umull	lr, r2, r2, r1
 800427a:	08d2      	lsrs	r2, r2, #3
 800427c:	eb02 0282 	add.w	r2, r2, r2, lsl #2
 8004280:	eb02 0282 	add.w	r2, r2, r2, lsl #2
 8004284:	1a8a      	subs	r2, r1, r2
 8004286:	1a9b      	subs	r3, r3, r2
 8004288:	f16c 0c00 	sbc.w	ip, ip, #0
 800428c:	490b      	ldr	r1, [pc, #44]	@ (80042bc <adc_context_enable_timer+0x6c>)
 800428e:	4a0c      	ldr	r2, [pc, #48]	@ (80042c0 <adc_context_enable_timer+0x70>)
 8004290:	fb03 f202 	mul.w	r2, r3, r2
 8004294:	fb01 220c 	mla	r2, r1, ip, r2
 8004298:	fba3 3101 	umull	r3, r1, r3, r1
 800429c:	440a      	add	r2, r1
 800429e:	089b      	lsrs	r3, r3, #2
 80042a0:	ea43 7382 	orr.w	r3, r3, r2, lsl #30
 80042a4:	0892      	lsrs	r2, r2, #2
	z_impl_k_timer_start(timer, duration, period);
 80042a6:	9300      	str	r3, [sp, #0]
 80042a8:	9201      	str	r2, [sp, #4]
 80042aa:	2200      	movs	r2, #0
 80042ac:	2300      	movs	r3, #0
 80042ae:	f002 fd59 	bl	8006d64 <z_impl_k_timer_start>
}
 80042b2:	b003      	add	sp, #12
 80042b4:	f85d fb04 	ldr.w	pc, [sp], #4
 80042b8:	51eb851f 	.word	0x51eb851f
 80042bc:	c28f5c29 	.word	0xc28f5c29
 80042c0:	8f5c28f5 	.word	0x8f5c28f5

080042c4 <start_read>:
{
 80042c4:	e92d 41f0 	stmdb	sp!, {r4, r5, r6, r7, r8, lr}
 80042c8:	4607      	mov	r7, r0
 80042ca:	460d      	mov	r5, r1
	const struct adc_stm32_cfg *config = dev->config;
 80042cc:	6843      	ldr	r3, [r0, #4]
	struct adc_stm32_data *data = dev->data;
 80042ce:	6906      	ldr	r6, [r0, #16]
	ADC_TypeDef *adc = config->base;
 80042d0:	f8d3 8000 	ldr.w	r8, [r3]
	data->buffer = sequence->buffer;
 80042d4:	688b      	ldr	r3, [r1, #8]
 80042d6:	f8c6 30ac 	str.w	r3, [r6, #172]	@ 0xac
	data->channels = sequence->channels;
 80042da:	6848      	ldr	r0, [r1, #4]
 80042dc:	f8c6 00b8 	str.w	r0, [r6, #184]	@ 0xb8
	data->channel_count = POPCOUNT(data->channels);
 80042e0:	f7fc fa56 	bl	8000790 <__popcountsi2>
 80042e4:	b2c0      	uxtb	r0, r0
 80042e6:	f886 00bc 	strb.w	r0, [r6, #188]	@ 0xbc
	data->samples_count = 0;
 80042ea:	2300      	movs	r3, #0
 80042ec:	f886 30bd 	strb.w	r3, [r6, #189]	@ 0xbd
	data->resolution = sequence->resolution;
 80042f0:	7c2b      	ldrb	r3, [r5, #16]
 80042f2:	f886 30b4 	strb.w	r3, [r6, #180]	@ 0xb4
	if (data->channel_count == 0) {
 80042f6:	2800      	cmp	r0, #0
 80042f8:	d038      	beq.n	800436c <start_read+0xa8>
	if (data->channel_count > ARRAY_SIZE(table_seq_len)) {
 80042fa:	2810      	cmp	r0, #16
 80042fc:	d83e      	bhi.n	800437c <start_read+0xb8>
	err = set_resolution(dev, sequence);
 80042fe:	4629      	mov	r1, r5
 8004300:	4638      	mov	r0, r7
 8004302:	f7ff fec3 	bl	800408c <set_resolution>
	if (err < 0) {
 8004306:	1e04      	subs	r4, r0, #0
 8004308:	db41      	blt.n	800438e <start_read+0xca>
	err = set_sequencer(dev);
 800430a:	4638      	mov	r0, r7
 800430c:	f7ff fe56 	bl	8003fbc <set_sequencer>
	if (err < 0) {
 8004310:	1e04      	subs	r4, r0, #0
 8004312:	db42      	blt.n	800439a <start_read+0xd6>
	err = check_buffer(sequence, data->channel_count);
 8004314:	f896 10bc 	ldrb.w	r1, [r6, #188]	@ 0xbc
 8004318:	4628      	mov	r0, r5
 800431a:	f7ff fe9b 	bl	8004054 <check_buffer>
	if (err) {
 800431e:	4604      	mov	r4, r0
 8004320:	2800      	cmp	r0, #0
 8004322:	d140      	bne.n	80043a6 <start_read+0xe2>
	if (sequence->oversampling) {
 8004324:	7c6b      	ldrb	r3, [r5, #17]
 8004326:	2b00      	cmp	r3, #0
 8004328:	d143      	bne.n	80043b2 <start_read+0xee>
	if (sequence->calibrate) {
 800432a:	7cab      	ldrb	r3, [r5, #18]
 800432c:	2b00      	cmp	r3, #0
 800432e:	d148      	bne.n	80043c2 <start_read+0xfe>
	adc_stm32_enable(adc);
 8004330:	4640      	mov	r0, r8
 8004332:	f004 febf 	bl	80090b4 <adc_stm32_enable>
  * @param  ADCx ADC instance
  * @retval None
  */
__STATIC_INLINE void LL_ADC_ClearFlag_OVR(ADC_TypeDef *ADCx)
{
  WRITE_REG(ADCx->SR, ~LL_ADC_FLAG_OVR);
 8004336:	f06f 0320 	mvn.w	r3, #32
 800433a:	f8c8 3000 	str.w	r3, [r8]
  MODIFY_REG(ADCx->CR2, ADC_CR2_EOCS, EocSelection);
 800433e:	f8d8 3008 	ldr.w	r3, [r8, #8]
 8004342:	f443 6380 	orr.w	r3, r3, #1024	@ 0x400
 8004346:	f8c8 3008 	str.w	r3, [r8, #8]
  * @param  ADCx ADC instance
  * @retval None
  */
__STATIC_INLINE void LL_ADC_EnableIT_EOCS(ADC_TypeDef *ADCx)
{
  SET_BIT(ADCx->CR1, LL_ADC_IT_EOCS);
 800434a:	f8d8 3004 	ldr.w	r3, [r8, #4]
 800434e:	f043 0320 	orr.w	r3, r3, #32
 8004352:	f8c8 3004 	str.w	r3, [r8, #4]
	adc_context_start_read(&data->ctx, sequence);
 8004356:	4629      	mov	r1, r5
 8004358:	4630      	mov	r0, r6
 800435a:	f004 ff3f 	bl	80091dc <adc_context_start_read>
	int result = adc_context_wait_for_completion(&data->ctx);
 800435e:	4630      	mov	r0, r6
 8004360:	f004 ff6b 	bl	800923a <adc_context_wait_for_completion>
 8004364:	4604      	mov	r4, r0
}
 8004366:	4620      	mov	r0, r4
 8004368:	e8bd 81f0 	ldmia.w	sp!, {r4, r5, r6, r7, r8, pc}
 800436c:	4a19      	ldr	r2, [pc, #100]	@ (80043d4 <start_read+0x110>)
 800436e:	2101      	movs	r1, #1
 8004370:	4819      	ldr	r0, [pc, #100]	@ (80043d8 <start_read+0x114>)
 8004372:	f004 fb7c 	bl	8008a6e <z_impl_z_log_msg_simple_create_0>
		return -EINVAL;
 8004376:	f06f 0415 	mvn.w	r4, #21
 800437a:	e7f4      	b.n	8004366 <start_read+0xa2>
	z_impl_z_log_msg_simple_create_1(source, level, fmt, arg);
 800437c:	2310      	movs	r3, #16
 800437e:	4a17      	ldr	r2, [pc, #92]	@ (80043dc <start_read+0x118>)
 8004380:	2101      	movs	r1, #1
 8004382:	4815      	ldr	r0, [pc, #84]	@ (80043d8 <start_read+0x114>)
 8004384:	f004 fb7d 	bl	8008a82 <z_impl_z_log_msg_simple_create_1>
		return -EINVAL;
 8004388:	f06f 0415 	mvn.w	r4, #21
 800438c:	e7eb      	b.n	8004366 <start_read+0xa2>
	z_impl_z_log_msg_simple_create_0(source, level, fmt);
 800438e:	4a14      	ldr	r2, [pc, #80]	@ (80043e0 <start_read+0x11c>)
 8004390:	2101      	movs	r1, #1
 8004392:	4811      	ldr	r0, [pc, #68]	@ (80043d8 <start_read+0x114>)
 8004394:	f004 fb6b 	bl	8008a6e <z_impl_z_log_msg_simple_create_0>
		return err;
 8004398:	e7e5      	b.n	8004366 <start_read+0xa2>
 800439a:	4a12      	ldr	r2, [pc, #72]	@ (80043e4 <start_read+0x120>)
 800439c:	2101      	movs	r1, #1
 800439e:	480e      	ldr	r0, [pc, #56]	@ (80043d8 <start_read+0x114>)
 80043a0:	f004 fb65 	bl	8008a6e <z_impl_z_log_msg_simple_create_0>
		return err;
 80043a4:	e7df      	b.n	8004366 <start_read+0xa2>
 80043a6:	4a10      	ldr	r2, [pc, #64]	@ (80043e8 <start_read+0x124>)
 80043a8:	2101      	movs	r1, #1
 80043aa:	480b      	ldr	r0, [pc, #44]	@ (80043d8 <start_read+0x114>)
 80043ac:	f004 fb5f 	bl	8008a6e <z_impl_z_log_msg_simple_create_0>
		return err;
 80043b0:	e7d9      	b.n	8004366 <start_read+0xa2>
 80043b2:	4a0e      	ldr	r2, [pc, #56]	@ (80043ec <start_read+0x128>)
 80043b4:	2101      	movs	r1, #1
 80043b6:	4808      	ldr	r0, [pc, #32]	@ (80043d8 <start_read+0x114>)
 80043b8:	f004 fb59 	bl	8008a6e <z_impl_z_log_msg_simple_create_0>
		return -ENOTSUP;
 80043bc:	f06f 0485 	mvn.w	r4, #133	@ 0x85
 80043c0:	e7d1      	b.n	8004366 <start_read+0xa2>
 80043c2:	4a0b      	ldr	r2, [pc, #44]	@ (80043f0 <start_read+0x12c>)
 80043c4:	2101      	movs	r1, #1
 80043c6:	4804      	ldr	r0, [pc, #16]	@ (80043d8 <start_read+0x114>)
 80043c8:	f004 fb51 	bl	8008a6e <z_impl_z_log_msg_simple_create_0>
		return -ENOTSUP;
 80043cc:	f06f 0485 	mvn.w	r4, #133	@ 0x85
 80043d0:	e7c9      	b.n	8004366 <start_read+0xa2>
 80043d2:	bf00      	nop
 80043d4:	0800b564 	.word	0x0800b564
 80043d8:	0800aa44 	.word	0x0800aa44
 80043dc:	0800b57c 	.word	0x0800b57c
 80043e0:	0800b5a8 	.word	0x0800b5a8
 80043e4:	0800b5cc 	.word	0x0800b5cc
 80043e8:	0800b5ec 	.word	0x0800b5ec
 80043ec:	0800b600 	.word	0x0800b600
 80043f0:	0800b61c 	.word	0x0800b61c

080043f4 <adc_stm32_init>:
#endif /* CONFIG_SOC_SERIES_STM32U5X */
}
#endif

static int adc_stm32_init(const struct device *dev)
{
 80043f4:	b5f8      	push	{r3, r4, r5, r6, r7, lr}
	struct adc_stm32_data *data = dev->data;
 80043f6:	6905      	ldr	r5, [r0, #16]
	const struct adc_stm32_cfg *config = dev->config;
 80043f8:	6846      	ldr	r6, [r0, #4]
	__maybe_unused ADC_TypeDef *adc = config->base;
 80043fa:	6837      	ldr	r7, [r6, #0]
	int err;

	LOG_DBG("Initializing %s", dev->name);

	data->dev = dev;
 80043fc:	f8c5 00a8 	str.w	r0, [r5, #168]	@ 0xa8
	 * For series that use two common channels, there can be up to two
	 * conversion times selected for all channels in a sequence.
	 * This additional table is for checking that the conversion time
	 * selection of all channels respects these requirements.
	 */
	data->acq_time_index[0] = -1;
 8004400:	23ff      	movs	r3, #255	@ 0xff
 8004402:	f885 30be 	strb.w	r3, [r5, #190]	@ 0xbe
	data->acq_time_index[1] = -1;
 8004406:	f885 30bf 	strb.w	r3, [r5, #191]	@ 0xbf

	adc_stm32_set_clock(dev);
 800440a:	f7ff fd9b 	bl	8003f44 <adc_stm32_set_clock>

	/* Configure ADC inputs as specified in Device Tree, if any */
	err = pinctrl_apply_state(config->pcfg, PINCTRL_STATE_DEFAULT);
 800440e:	2100      	movs	r1, #0
 8004410:	6a70      	ldr	r0, [r6, #36]	@ 0x24
 8004412:	f004 ff62 	bl	80092da <pinctrl_apply_state>
	if ((err < 0) && (err != -ENOENT)) {
 8004416:	1e04      	subs	r4, r0, #0
 8004418:	db0c      	blt.n	8004434 <adc_stm32_init+0x40>
	}
#endif /* ANY_ADC_INTERNAL_REGULATOR_TYPE_IS(INTERNAL_REGULATOR_STARTUP_HW_STATUS) */

#endif /* INTERNAL_REGULATOR_STARTUP_SW_DELAY || INTERNAL_REGULATOR_STARTUP_HW_STATUS */

	if (config->irq_cfg_func) {
 800441a:	6873      	ldr	r3, [r6, #4]
 800441c:	b103      	cbz	r3, 8004420 <adc_stm32_init+0x2c>
		config->irq_cfg_func();
 800441e:	4798      	blx	r3
	/* If several ADCs are used and share a common clock property (for example ADC1/2 prescaler
	 * value on STM32U5), none of them should be enabled when the clock is set.
	 * To that end, make sure to disable ADC at the end of the initialization, it will be
	 * enabled later when necessary anyway.
	 */
	adc_stm32_disable(adc, true);
 8004420:	2101      	movs	r1, #1
 8004422:	4638      	mov	r0, r7
 8004424:	f004 fe57 	bl	80090d6 <adc_stm32_disable>

	adc_context_unlock_unconditionally(&data->ctx);
 8004428:	4628      	mov	r0, r5
 800442a:	f004 ff4e 	bl	80092ca <adc_context_unlock_unconditionally>
#ifdef CONFIG_ADC_STM32_INJECTED_CHANNELS
	LL_ADC_INJ_SetTriggerSource(adc, LL_ADC_INJ_TRIG_SOFTWARE);
	adc_context_unlock_unconditionally(&data->inj_ctx);
#endif /* CONFIG_ADC_STM32_INJECTED_CHANNELS */

	return 0;
 800442e:	2400      	movs	r4, #0
}
 8004430:	4620      	mov	r0, r4
 8004432:	bdf8      	pop	{r3, r4, r5, r6, r7, pc}
	if ((err < 0) && (err != -ENOENT)) {
 8004434:	f114 0f02 	cmn.w	r4, #2
 8004438:	d0ef      	beq.n	800441a <adc_stm32_init+0x26>
	z_impl_z_log_msg_simple_create_1(source, level, fmt, arg);
 800443a:	4623      	mov	r3, r4
 800443c:	4a02      	ldr	r2, [pc, #8]	@ (8004448 <adc_stm32_init+0x54>)
 800443e:	2101      	movs	r1, #1
 8004440:	4802      	ldr	r0, [pc, #8]	@ (800444c <adc_stm32_init+0x58>)
 8004442:	f004 fb1e 	bl	8008a82 <z_impl_z_log_msg_simple_create_1>
		return err;
 8004446:	e7f3      	b.n	8004430 <adc_stm32_init+0x3c>
 8004448:	0800b638 	.word	0x0800b638
 800444c:	0800aa44 	.word	0x0800aa44

08004450 <adc_stm32_isr>:
{
 8004450:	b570      	push	{r4, r5, r6, lr}
 8004452:	4604      	mov	r4, r0
	struct adc_stm32_data *data = dev->data;
 8004454:	6906      	ldr	r6, [r0, #16]
	const struct adc_stm32_cfg *config = (const struct adc_stm32_cfg *)dev->config;
 8004456:	6843      	ldr	r3, [r0, #4]
	ADC_TypeDef *adc = config->base;
 8004458:	681d      	ldr	r5, [r3, #0]
  return (READ_BIT(ADCx->SR, LL_ADC_FLAG_OVR) == (LL_ADC_FLAG_OVR));
 800445a:	682b      	ldr	r3, [r5, #0]
	if (LL_ADC_IsActiveFlag_OVR(adc)) {
 800445c:	f013 0f20 	tst.w	r3, #32
 8004460:	d115      	bne.n	800448e <adc_stm32_isr+0x3e>
  return (READ_BIT(ADCx->SR, LL_ADC_FLAG_EOCS) == (LL_ADC_FLAG_EOCS));
 8004462:	682b      	ldr	r3, [r5, #0]
	if (LL_ADC_IsActiveFlag_EOCS(adc) == 1) {
 8004464:	f013 0f02 	tst.w	r3, #2
 8004468:	d010      	beq.n	800448c <adc_stm32_isr+0x3c>
  return (uint16_t)(READ_BIT(ADCx->DR, ADC_DR_DATA));
 800446a:	6cea      	ldr	r2, [r5, #76]	@ 0x4c
		*data->buffer++ = LL_ADC_REG_ReadConversionData32(adc);
 800446c:	f8d6 30ac 	ldr.w	r3, [r6, #172]	@ 0xac
 8004470:	1c99      	adds	r1, r3, #2
 8004472:	f8c6 10ac 	str.w	r1, [r6, #172]	@ 0xac
 8004476:	801a      	strh	r2, [r3, #0]
		if (++data->samples_count == data->channel_count) {
 8004478:	f896 30bd 	ldrb.w	r3, [r6, #189]	@ 0xbd
 800447c:	3301      	adds	r3, #1
 800447e:	b2db      	uxtb	r3, r3
 8004480:	f886 30bd 	strb.w	r3, [r6, #189]	@ 0xbd
 8004484:	f896 20bc 	ldrb.w	r2, [r6, #188]	@ 0xbc
 8004488:	4293      	cmp	r3, r2
 800448a:	d009      	beq.n	80044a0 <adc_stm32_isr+0x50>
}
 800448c:	bd70      	pop	{r4, r5, r6, pc}
  WRITE_REG(ADCx->SR, ~LL_ADC_FLAG_OVR);
 800448e:	f06f 0320 	mvn.w	r3, #32
 8004492:	602b      	str	r3, [r5, #0]
	z_impl_z_log_msg_simple_create_0(source, level, fmt);
 8004494:	4a06      	ldr	r2, [pc, #24]	@ (80044b0 <adc_stm32_isr+0x60>)
 8004496:	2101      	movs	r1, #1
 8004498:	4806      	ldr	r0, [pc, #24]	@ (80044b4 <adc_stm32_isr+0x64>)
 800449a:	f004 fae8 	bl	8008a6e <z_impl_z_log_msg_simple_create_0>
		LOG_ERR("ADC overrun error occurred. Use DMA, reduce clock source frequency, "
 800449e:	e7e0      	b.n	8004462 <adc_stm32_isr+0x12>
			data->samples_count = 0;
 80044a0:	2300      	movs	r3, #0
 80044a2:	f886 30bd 	strb.w	r3, [r6, #189]	@ 0xbd
			adc_context_on_sampling_done(&data->ctx, dev);
 80044a6:	4621      	mov	r1, r4
 80044a8:	4630      	mov	r0, r6
 80044aa:	f004 ff62 	bl	8009372 <adc_context_on_sampling_done>
}
 80044ae:	e7ed      	b.n	800448c <adc_stm32_isr+0x3c>
 80044b0:	0800b658 	.word	0x0800b658
 80044b4:	0800aa44 	.word	0x0800aa44

080044b8 <adc_stm32_isr_18>:
 *     generate_isr_code(index)
 */
#define GENERATE_ISR(index)                                                                        \
	COND_CODE_1(IS_EQ(index, FIRST_WITH_IRQN(index)), (GENERATE_ISR_CODE(index)), (EMPTY))

DT_INST_FOREACH_STATUS_OKAY(GENERATE_ISR)
 80044b8:	b508      	push	{r3, lr}
 80044ba:	4802      	ldr	r0, [pc, #8]	@ (80044c4 <adc_stm32_isr_18+0xc>)
 80044bc:	f7ff ffc8 	bl	8004450 <adc_stm32_isr>
 80044c0:	bd08      	pop	{r3, pc}
 80044c2:	bf00      	nop
 80044c4:	0800a63c 	.word	0x0800a63c

080044c8 <stm32_clock_switch_to_hsi>:
  * @rmtoll CR           HSIRDY        LL_RCC_HSI_IsReady
  * @retval State of bit (1 or 0).
  */
__STATIC_INLINE uint32_t LL_RCC_HSI_IsReady(void)
{
  return (READ_BIT(RCC->CR, RCC_CR_HSIRDY) == (RCC_CR_HSIRDY));
 80044c8:	4b0c      	ldr	r3, [pc, #48]	@ (80044fc <stm32_clock_switch_to_hsi+0x34>)
 80044ca:	681b      	ldr	r3, [r3, #0]
 */
__unused
static void stm32_clock_switch_to_hsi(void)
{
	/* Enable HSI if not enabled */
	if (LL_RCC_HSI_IsReady() != 1) {
 80044cc:	f013 0f02 	tst.w	r3, #2
 80044d0:	d109      	bne.n	80044e6 <stm32_clock_switch_to_hsi+0x1e>
  SET_BIT(RCC->CR, RCC_CR_HSION);
 80044d2:	4a0a      	ldr	r2, [pc, #40]	@ (80044fc <stm32_clock_switch_to_hsi+0x34>)
 80044d4:	6813      	ldr	r3, [r2, #0]
 80044d6:	f043 0301 	orr.w	r3, r3, #1
 80044da:	6013      	str	r3, [r2, #0]
  return (READ_BIT(RCC->CR, RCC_CR_HSIRDY) == (RCC_CR_HSIRDY));
 80044dc:	4b07      	ldr	r3, [pc, #28]	@ (80044fc <stm32_clock_switch_to_hsi+0x34>)
 80044de:	681b      	ldr	r3, [r3, #0]
		/* Enable HSI */
		LL_RCC_HSI_Enable();
		while (LL_RCC_HSI_IsReady() != 1) {
 80044e0:	f013 0f02 	tst.w	r3, #2
 80044e4:	d0fa      	beq.n	80044dc <stm32_clock_switch_to_hsi+0x14>
  *         (*) value not defined in all devices.
  * @retval None
  */
__STATIC_INLINE void LL_RCC_SetSysClkSource(uint32_t Source)
{
  MODIFY_REG(RCC->CFGR, RCC_CFGR_SW, Source);
 80044e6:	4a05      	ldr	r2, [pc, #20]	@ (80044fc <stm32_clock_switch_to_hsi+0x34>)
 80044e8:	6893      	ldr	r3, [r2, #8]
 80044ea:	f023 0303 	bic.w	r3, r3, #3
 80044ee:	6093      	str	r3, [r2, #8]
  *
  *         (*) value not defined in all devices.
  */
__STATIC_INLINE uint32_t LL_RCC_GetSysClkSource(void)
{
  return (uint32_t)(READ_BIT(RCC->CFGR, RCC_CFGR_SWS));
 80044f0:	4b02      	ldr	r3, [pc, #8]	@ (80044fc <stm32_clock_switch_to_hsi+0x34>)
 80044f2:	689b      	ldr	r3, [r3, #8]
		}
	}

	/* Set HSI as SYSCLCK source */
	LL_RCC_SetSysClkSource(LL_RCC_SYS_CLKSOURCE_HSI);
	while (LL_RCC_GetSysClkSource() != LL_RCC_SYS_CLKSOURCE_STATUS_HSI) {
 80044f4:	f013 0f0c 	tst.w	r3, #12
 80044f8:	d1fa      	bne.n	80044f0 <stm32_clock_switch_to_hsi+0x28>
	}
}
 80044fa:	4770      	bx	lr
 80044fc:	40023800 	.word	0x40023800

08004500 <set_up_fixed_clock_sources>:
  SET_BIT(RCC->CR, RCC_CR_HSEBYP);
 8004500:	4b0c      	ldr	r3, [pc, #48]	@ (8004534 <set_up_fixed_clock_sources+0x34>)
 8004502:	681a      	ldr	r2, [r3, #0]
 8004504:	f442 2280 	orr.w	r2, r2, #262144	@ 0x40000
 8004508:	601a      	str	r2, [r3, #0]
  SET_BIT(RCC->CR, RCC_CR_HSEON);
 800450a:	681a      	ldr	r2, [r3, #0]
 800450c:	f442 3280 	orr.w	r2, r2, #65536	@ 0x10000
 8004510:	601a      	str	r2, [r3, #0]
  return (READ_BIT(RCC->CR, RCC_CR_HSERDY) == (RCC_CR_HSERDY));
 8004512:	4b08      	ldr	r3, [pc, #32]	@ (8004534 <set_up_fixed_clock_sources+0x34>)
 8004514:	681b      	ldr	r3, [r3, #0]
#if STM32_HSE_DIV2
		LL_RCC_HSE_EnableDiv2();
#endif
		/* Enable HSE */
		LL_RCC_HSE_Enable();
		while (LL_RCC_HSE_IsReady() != 1) {
 8004516:	f413 3f00 	tst.w	r3, #131072	@ 0x20000
 800451a:	d0fa      	beq.n	8004512 <set_up_fixed_clock_sources+0x12>
  SET_BIT(RCC->CSR, RCC_CSR_LSION);
 800451c:	4a05      	ldr	r2, [pc, #20]	@ (8004534 <set_up_fixed_clock_sources+0x34>)
 800451e:	6f53      	ldr	r3, [r2, #116]	@ 0x74
 8004520:	f043 0301 	orr.w	r3, r3, #1
 8004524:	6753      	str	r3, [r2, #116]	@ 0x74
  return (READ_BIT(RCC->CSR, RCC_CSR_LSIRDY) == (RCC_CSR_LSIRDY));
 8004526:	4b03      	ldr	r3, [pc, #12]	@ (8004534 <set_up_fixed_clock_sources+0x34>)
 8004528:	6f5b      	ldr	r3, [r3, #116]	@ 0x74
		LL_RCC_LSI1_Enable();
		while (LL_RCC_LSI1_IsReady() != 1) {
		}
#else
		LL_RCC_LSI_Enable();
		while (LL_RCC_LSI_IsReady() != 1) {
 800452a:	f013 0f02 	tst.w	r3, #2
 800452e:	d0fa      	beq.n	8004526 <set_up_fixed_clock_sources+0x26>
		LL_RCC_HSI48_Enable();
		while (LL_RCC_HSI48_IsReady() != 1) {
		}
	}
#endif /* STM32_HSI48_ENABLED */
}
 8004530:	4770      	bx	lr
 8004532:	bf00      	nop
 8004534:	40023800 	.word	0x40023800

08004538 <stm32_clock_control_get_subsys_rate>:
{
 8004538:	b5f8      	push	{r3, r4, r5, r6, r7, lr}
 800453a:	460c      	mov	r4, r1
 800453c:	4615      	mov	r5, r2
	uint32_t ahb_clock = SystemCoreClock;
 800453e:	4b42      	ldr	r3, [pc, #264]	@ (8004648 <stm32_clock_control_get_subsys_rate+0x110>)
 8004540:	681e      	ldr	r6, [r3, #0]
	uint32_t apb1_clock = get_bus_clock(ahb_clock, STM32_APB1_PRESCALER);
 8004542:	2102      	movs	r1, #2
 8004544:	4630      	mov	r0, r6
 8004546:	f004 ff60 	bl	800940a <get_bus_clock>
 800454a:	4607      	mov	r7, r0
	uint32_t apb2_clock = get_bus_clock(ahb_clock, STM32_APB2_PRESCALER);
 800454c:	2101      	movs	r1, #1
 800454e:	4630      	mov	r0, r6
 8004550:	f004 ff5b 	bl	800940a <get_bus_clock>
	switch (pclken->bus) {
 8004554:	8823      	ldrh	r3, [r4, #0]
 8004556:	f3c3 010b 	ubfx	r1, r3, #0, #12
 800455a:	460b      	mov	r3, r1
 800455c:	2944      	cmp	r1, #68	@ 0x44
 800455e:	d829      	bhi.n	80045b4 <stm32_clock_control_get_subsys_rate+0x7c>
 8004560:	b209      	sxth	r1, r1
 8004562:	2900      	cmp	r1, #0
 8004564:	d068      	beq.n	8004638 <stm32_clock_control_get_subsys_rate+0x100>
 8004566:	3b01      	subs	r3, #1
 8004568:	2b43      	cmp	r3, #67	@ 0x43
 800456a:	d868      	bhi.n	800463e <stm32_clock_control_get_subsys_rate+0x106>
 800456c:	e8df f003 	tbb	[pc, r3]
 8004570:	5a56533d 	.word	0x5a56533d
 8004574:	67493f5d 	.word	0x67493f5d
 8004578:	67676767 	.word	0x67676767
 800457c:	67676767 	.word	0x67676767
 8004580:	67676767 	.word	0x67676767
 8004584:	67676260 	.word	0x67676260
 8004588:	67676767 	.word	0x67676767
 800458c:	67676767 	.word	0x67676767
 8004590:	67676767 	.word	0x67676767
 8004594:	67676767 	.word	0x67676767
 8004598:	67676767 	.word	0x67676767
 800459c:	35676767 	.word	0x35676767
 80045a0:	35676767 	.word	0x35676767
 80045a4:	37676767 	.word	0x37676767
 80045a8:	67676767 	.word	0x67676767
 80045ac:	39676767 	.word	0x39676767
 80045b0:	3b676767 	.word	0x3b676767
 80045b4:	29a8      	cmp	r1, #168	@ 0xa8
 80045b6:	d10d      	bne.n	80045d4 <stm32_clock_control_get_subsys_rate+0x9c>
		*rate = ahb3_clock;
 80045b8:	602e      	str	r6, [r5, #0]
	if (pclken->div) {
 80045ba:	6823      	ldr	r3, [r4, #0]
 80045bc:	f5b3 5f80 	cmp.w	r3, #4096	@ 0x1000
 80045c0:	d340      	bcc.n	8004644 <stm32_clock_control_get_subsys_rate+0x10c>
		*rate /= (pclken->div + 1);
 80045c2:	682a      	ldr	r2, [r5, #0]
 80045c4:	f3c3 3313 	ubfx	r3, r3, #12, #20
 80045c8:	3301      	adds	r3, #1
 80045ca:	fbb2 f2f3 	udiv	r2, r2, r3
 80045ce:	602a      	str	r2, [r5, #0]
	return 0;
 80045d0:	2000      	movs	r0, #0
 80045d2:	e036      	b.n	8004642 <stm32_clock_control_get_subsys_rate+0x10a>
	switch (pclken->bus) {
 80045d4:	f06f 0085 	mvn.w	r0, #133	@ 0x85
 80045d8:	e033      	b.n	8004642 <stm32_clock_control_get_subsys_rate+0x10a>
		*rate = ahb_clock;
 80045da:	602e      	str	r6, [r5, #0]
		break;
 80045dc:	e7ed      	b.n	80045ba <stm32_clock_control_get_subsys_rate+0x82>
		*rate = ahb3_clock;
 80045de:	602e      	str	r6, [r5, #0]
		break;
 80045e0:	e7eb      	b.n	80045ba <stm32_clock_control_get_subsys_rate+0x82>
		*rate = apb1_clock;
 80045e2:	602f      	str	r7, [r5, #0]
		break;
 80045e4:	e7e9      	b.n	80045ba <stm32_clock_control_get_subsys_rate+0x82>
		*rate = apb2_clock;
 80045e6:	6028      	str	r0, [r5, #0]
		break;
 80045e8:	e7e7      	b.n	80045ba <stm32_clock_control_get_subsys_rate+0x82>
		*rate = SystemCoreClock * STM32_CORE_PRESCALER;
 80045ea:	602e      	str	r6, [r5, #0]
		break;
 80045ec:	e7e5      	b.n	80045ba <stm32_clock_control_get_subsys_rate+0x82>
		*rate = get_pll_div_frequency(get_pllsrc_frequency(),
 80045ee:	f000 f8cf 	bl	8004790 <get_pllsrc_frequency>
 80045f2:	2304      	movs	r3, #4
 80045f4:	f44f 72a8 	mov.w	r2, #336	@ 0x150
 80045f8:	2108      	movs	r1, #8
 80045fa:	f004 feff 	bl	80093fc <get_pll_div_frequency>
 80045fe:	6028      	str	r0, [r5, #0]
		break;
 8004600:	e7db      	b.n	80045ba <stm32_clock_control_get_subsys_rate+0x82>
		*rate = get_pll_div_frequency(get_pllsrc_frequency(),
 8004602:	f000 f8c5 	bl	8004790 <get_pllsrc_frequency>
 8004606:	2307      	movs	r3, #7
 8004608:	f44f 72a8 	mov.w	r2, #336	@ 0x150
 800460c:	2108      	movs	r1, #8
 800460e:	f004 fef5 	bl	80093fc <get_pll_div_frequency>
 8004612:	6028      	str	r0, [r5, #0]
		break;
 8004614:	e7d1      	b.n	80045ba <stm32_clock_control_get_subsys_rate+0x82>
		*rate = STM32_LSE_FREQ;
 8004616:	2300      	movs	r3, #0
 8004618:	602b      	str	r3, [r5, #0]
		break;
 800461a:	e7ce      	b.n	80045ba <stm32_clock_control_get_subsys_rate+0x82>
		*rate = STM32_LSI_FREQ;
 800461c:	f44f 43fa 	mov.w	r3, #32000	@ 0x7d00
 8004620:	602b      	str	r3, [r5, #0]
		break;
 8004622:	e7ca      	b.n	80045ba <stm32_clock_control_get_subsys_rate+0x82>
		*rate = STM32_HSI_FREQ;
 8004624:	2300      	movs	r3, #0
 8004626:	602b      	str	r3, [r5, #0]
		break;
 8004628:	e7c7      	b.n	80045ba <stm32_clock_control_get_subsys_rate+0x82>
		*rate = STM32_HSE_FREQ;
 800462a:	4b08      	ldr	r3, [pc, #32]	@ (800464c <stm32_clock_control_get_subsys_rate+0x114>)
 800462c:	602b      	str	r3, [r5, #0]
		break;
 800462e:	e7c4      	b.n	80045ba <stm32_clock_control_get_subsys_rate+0x82>
		*rate = STM32_APB1_PRESCALER <= 2 ? ahb_clock : apb1_clock * 2;
 8004630:	602e      	str	r6, [r5, #0]
		break;
 8004632:	e7c2      	b.n	80045ba <stm32_clock_control_get_subsys_rate+0x82>
		*rate = STM32_APB2_PRESCALER <= 2 ? ahb_clock : apb2_clock * 2;
 8004634:	602e      	str	r6, [r5, #0]
		break;
 8004636:	e7c0      	b.n	80045ba <stm32_clock_control_get_subsys_rate+0x82>
	switch (pclken->bus) {
 8004638:	f06f 0085 	mvn.w	r0, #133	@ 0x85
 800463c:	e001      	b.n	8004642 <stm32_clock_control_get_subsys_rate+0x10a>
 800463e:	f06f 0085 	mvn.w	r0, #133	@ 0x85
}
 8004642:	bdf8      	pop	{r3, r4, r5, r6, r7, pc}
	return 0;
 8004644:	2000      	movs	r0, #0
 8004646:	e7fc      	b.n	8004642 <stm32_clock_control_get_subsys_rate+0x10a>
 8004648:	20000108 	.word	0x20000108
 800464c:	007a1200 	.word	0x007a1200

08004650 <set_up_plls>:
{
 8004650:	b508      	push	{r3, lr}
  return (uint32_t)(READ_BIT(RCC->CFGR, RCC_CFGR_SWS));
 8004652:	4b1b      	ldr	r3, [pc, #108]	@ (80046c0 <set_up_plls+0x70>)
 8004654:	689b      	ldr	r3, [r3, #8]
 8004656:	f003 030c 	and.w	r3, r3, #12
	if (LL_RCC_GetSysClkSource() == LL_RCC_SYS_CLKSOURCE_STATUS_PLL) {
 800465a:	2b08      	cmp	r3, #8
 800465c:	d027      	beq.n	80046ae <set_up_plls+0x5e>
  * @rmtoll CR           PLLON         LL_RCC_PLL_Disable
  * @retval None
  */
__STATIC_INLINE void LL_RCC_PLL_Disable(void)
{
  CLEAR_BIT(RCC->CR, RCC_CR_PLLON);
 800465e:	4a18      	ldr	r2, [pc, #96]	@ (80046c0 <set_up_plls+0x70>)
 8004660:	6813      	ldr	r3, [r2, #0]
 8004662:	f023 7380 	bic.w	r3, r3, #16777216	@ 0x1000000
 8004666:	6013      	str	r3, [r2, #0]
  * @rmtoll CR           PLLRDY        LL_RCC_PLL_IsReady
  * @retval State of bit (1 or 0).
  */
__STATIC_INLINE uint32_t LL_RCC_PLL_IsReady(void)
{
  return (READ_BIT(RCC->CR, RCC_CR_PLLRDY) == (RCC_CR_PLLRDY));
 8004668:	4b15      	ldr	r3, [pc, #84]	@ (80046c0 <set_up_plls+0x70>)
 800466a:	681b      	ldr	r3, [r3, #0]
	while (LL_RCC_PLL_IsReady() != 0U) {
 800466c:	f013 7f00 	tst.w	r3, #33554432	@ 0x2000000
 8004670:	d1fa      	bne.n	8004668 <set_up_plls+0x18>
	*(volatile uint16_t *)addr = data;
}

static ALWAYS_INLINE uint32_t sys_read32(mem_addr_t addr)
{
	return *(volatile uint32_t *)addr;
 8004672:	4a14      	ldr	r2, [pc, #80]	@ (80046c4 <set_up_plls+0x74>)
 8004674:	f8d2 3804 	ldr.w	r3, [r2, #2052]	@ 0x804
}

static ALWAYS_INLINE void stm32_reg_modify_bits(volatile uint32_t *addr, uint32_t mask,
						uint32_t value)
{
	stm32_reg_write(addr, (stm32_reg_read(addr) & ~mask) | value);
 8004678:	f423 3340 	bic.w	r3, r3, #196608	@ 0x30000
 800467c:	f443 3380 	orr.w	r3, r3, #65536	@ 0x10000
}

static ALWAYS_INLINE void sys_write32(uint32_t data, mem_addr_t addr)
{
	*(volatile uint32_t *)addr = data;
 8004680:	f8c2 3804 	str.w	r3, [r2, #2052]	@ 0x804
	return *(volatile uint32_t *)addr;
 8004684:	f8d2 3804 	ldr.w	r3, [r2, #2052]	@ 0x804
 8004688:	f023 6370 	bic.w	r3, r3, #251658240	@ 0xf000000
 800468c:	f043 63e0 	orr.w	r3, r3, #117440512	@ 0x7000000
	*(volatile uint32_t *)addr = data;
 8004690:	f8c2 3804 	str.w	r3, [r2, #2052]	@ 0x804
	config_pll_sysclock();
 8004694:	f000 f880 	bl	8004798 <config_pll_sysclock>
  SET_BIT(RCC->CR, RCC_CR_PLLON);
 8004698:	4a09      	ldr	r2, [pc, #36]	@ (80046c0 <set_up_plls+0x70>)
 800469a:	6813      	ldr	r3, [r2, #0]
 800469c:	f043 7380 	orr.w	r3, r3, #16777216	@ 0x1000000
 80046a0:	6013      	str	r3, [r2, #0]
  return (READ_BIT(RCC->CR, RCC_CR_PLLRDY) == (RCC_CR_PLLRDY));
 80046a2:	4b07      	ldr	r3, [pc, #28]	@ (80046c0 <set_up_plls+0x70>)
 80046a4:	681b      	ldr	r3, [r3, #0]
	while (LL_RCC_PLL_IsReady() != 1U) {
 80046a6:	f013 7f00 	tst.w	r3, #33554432	@ 0x2000000
 80046aa:	d0fa      	beq.n	80046a2 <set_up_plls+0x52>
}
 80046ac:	bd08      	pop	{r3, pc}
		stm32_clock_switch_to_hsi();
 80046ae:	f7ff ff0b 	bl	80044c8 <stm32_clock_switch_to_hsi>
  MODIFY_REG(RCC->CFGR, RCC_CFGR_HPRE, Prescaler);
 80046b2:	4a03      	ldr	r2, [pc, #12]	@ (80046c0 <set_up_plls+0x70>)
 80046b4:	6893      	ldr	r3, [r2, #8]
 80046b6:	f023 03f0 	bic.w	r3, r3, #240	@ 0xf0
 80046ba:	6093      	str	r3, [r2, #8]
}
 80046bc:	e7cf      	b.n	800465e <set_up_plls+0xe>
 80046be:	bf00      	nop
 80046c0:	40023800 	.word	0x40023800
 80046c4:	40023000 	.word	0x40023000

080046c8 <enabled_clock>:
	switch (src_clk) {
 80046c8:	2816      	cmp	r0, #22
 80046ca:	d806      	bhi.n	80046da <enabled_clock+0x12>
 80046cc:	4b06      	ldr	r3, [pc, #24]	@ (80046e8 <enabled_clock+0x20>)
 80046ce:	40c3      	lsrs	r3, r0
 80046d0:	f013 0f01 	tst.w	r3, #1
 80046d4:	d004      	beq.n	80046e0 <enabled_clock+0x18>
	int r = 0;
 80046d6:	2000      	movs	r0, #0
 80046d8:	4770      	bx	lr
	switch (src_clk) {
 80046da:	f06f 0085 	mvn.w	r0, #133	@ 0x85
 80046de:	4770      	bx	lr
 80046e0:	f06f 0085 	mvn.w	r0, #133	@ 0x85
}
 80046e4:	4770      	bx	lr
 80046e6:	bf00      	nop
 80046e8:	006000ea 	.word	0x006000ea

080046ec <stm32_clock_control_init>:
 * @param dev clock device struct
 *
 * @return 0
 */
int stm32_clock_control_init(const struct device *dev)
{
 80046ec:	b538      	push	{r3, r4, r5, lr}
	ARG_UNUSED(dev);

	/* Some clocks would be activated by default */
	config_enable_default_clocks();
 80046ee:	f000 f877 	bl	80047e0 <config_enable_default_clocks>
	config_regulator_voltage(CONFIG_SYS_CLOCK_HW_CYCLES_PER_SEC);
 80046f2:	4c23      	ldr	r4, [pc, #140]	@ (8004780 <stm32_clock_control_init+0x94>)
 80046f4:	4620      	mov	r0, r4
 80046f6:	f004 ff05 	bl	8009504 <config_regulator_voltage>

#if defined(FLASH_ACR_LATENCY)
	uint32_t old_flash_freq;
	uint32_t new_flash_freq;

	old_flash_freq = RCC_CALC_FLASH_FREQ(HAL_RCC_GetSysClockFreq(),
 80046fa:	f000 fe53 	bl	80053a4 <HAL_RCC_GetSysClockFreq>
  return (uint32_t)(READ_BIT(RCC->CFGR, RCC_CFGR_HPRE));
 80046fe:	4b21      	ldr	r3, [pc, #132]	@ (8004784 <stm32_clock_control_init+0x98>)
 8004700:	689b      	ldr	r3, [r3, #8]
 8004702:	f3c3 1303 	ubfx	r3, r3, #4, #4
 8004706:	4a20      	ldr	r2, [pc, #128]	@ (8004788 <stm32_clock_control_init+0x9c>)
 8004708:	5cd3      	ldrb	r3, [r2, r3]
 800470a:	fa20 f503 	lsr.w	r5, r0, r3
					       GET_CURRENT_FLASH_PRESCALER());

	new_flash_freq = RCC_CALC_FLASH_FREQ(CONFIG_SYS_CLOCK_HW_CYCLES_PER_SEC,
 800470e:	7813      	ldrb	r3, [r2, #0]
 8004710:	411c      	asrs	r4, r3
				      STM32_FLASH_PRESCALER);

	/* If HCLK increases, set flash latency before any clock setting */
	if (old_flash_freq < new_flash_freq) {
 8004712:	42a5      	cmp	r5, r4
 8004714:	d32c      	bcc.n	8004770 <stm32_clock_control_init+0x84>
		LL_SetFlashLatency(new_flash_freq);
	}
#endif /* FLASH_ACR_LATENCY */

	/* Set up individual enabled clocks */
	set_up_fixed_clock_sources();
 8004716:	f7ff fef3 	bl	8004500 <set_up_fixed_clock_sources>

	/* Set up PLLs */
	set_up_plls();
 800471a:	f7ff ff99 	bl	8004650 <set_up_plls>
  MODIFY_REG(RCC->CFGR, RCC_CFGR_HPRE, Prescaler);
 800471e:	4a19      	ldr	r2, [pc, #100]	@ (8004784 <stm32_clock_control_init+0x98>)
 8004720:	6893      	ldr	r3, [r2, #8]
 8004722:	f023 03f0 	bic.w	r3, r3, #240	@ 0xf0
 8004726:	6093      	str	r3, [r2, #8]
  MODIFY_REG(RCC->CFGR, RCC_CFGR_SW, Source);
 8004728:	6893      	ldr	r3, [r2, #8]
 800472a:	f023 0303 	bic.w	r3, r3, #3
 800472e:	f043 0302 	orr.w	r3, r3, #2
 8004732:	6093      	str	r3, [r2, #8]
  return (uint32_t)(READ_BIT(RCC->CFGR, RCC_CFGR_SWS));
 8004734:	4b13      	ldr	r3, [pc, #76]	@ (8004784 <stm32_clock_control_init+0x98>)
 8004736:	689b      	ldr	r3, [r3, #8]
 8004738:	f003 030c 	and.w	r3, r3, #12
	}

#if STM32_SYSCLK_SRC_PLL
	/* Set PLL as System Clock Source */
	LL_RCC_SetSysClkSource(LL_RCC_SYS_CLKSOURCE_PLL);
	while (LL_RCC_GetSysClkSource() != LL_RCC_SYS_CLKSOURCE_STATUS_PLL) {
 800473c:	2b08      	cmp	r3, #8
 800473e:	d1f9      	bne.n	8004734 <stm32_clock_control_init+0x48>
		LL_RCC_SetAHBPrescaler(ahb_prescaler(STM32_CORE_PRESCALER));
	}

#if defined(FLASH_ACR_LATENCY)
	/* If HCLK not increased, set flash latency after all clock setting */
	if (old_flash_freq >= new_flash_freq) {
 8004740:	42a5      	cmp	r5, r4
 8004742:	d219      	bcs.n	8004778 <stm32_clock_control_init+0x8c>
		LL_SetFlashLatency(new_flash_freq);
	}
#endif /* FLASH_ACR_LATENCY */

	SystemCoreClock = CONFIG_SYS_CLOCK_HW_CYCLES_PER_SEC;
 8004744:	4b11      	ldr	r3, [pc, #68]	@ (800478c <stm32_clock_control_init+0xa0>)
 8004746:	4a0e      	ldr	r2, [pc, #56]	@ (8004780 <stm32_clock_control_init+0x94>)
 8004748:	601a      	str	r2, [r3, #0]
  MODIFY_REG(RCC->CFGR, RCC_CFGR_PPRE1, Prescaler);
 800474a:	4b0e      	ldr	r3, [pc, #56]	@ (8004784 <stm32_clock_control_init+0x98>)
 800474c:	689a      	ldr	r2, [r3, #8]
 800474e:	f422 52e0 	bic.w	r2, r2, #7168	@ 0x1c00
 8004752:	f442 5280 	orr.w	r2, r2, #4096	@ 0x1000
 8004756:	609a      	str	r2, [r3, #8]
  MODIFY_REG(RCC->CFGR, RCC_CFGR_PPRE2, Prescaler);
 8004758:	689a      	ldr	r2, [r3, #8]
 800475a:	f422 4260 	bic.w	r2, r2, #57344	@ 0xe000
 800475e:	609a      	str	r2, [r3, #8]
  MODIFY_REG(RCC->DCKCFGR, RCC_DCKCFGR_TIMPRE, Prescaler);
 8004760:	f8d3 208c 	ldr.w	r2, [r3, #140]	@ 0x8c
 8004764:	f022 7280 	bic.w	r2, r2, #16777216	@ 0x1000000
 8004768:	f8c3 208c 	str.w	r2, [r3, #140]	@ 0x8c
		LL_RCC_SetTIMPrescaler(LL_RCC_TIM_PRESCALER_TWICE);
	}
#endif

	return 0;
}
 800476c:	2000      	movs	r0, #0
 800476e:	bd38      	pop	{r3, r4, r5, pc}
		LL_SetFlashLatency(new_flash_freq);
 8004770:	4620      	mov	r0, r4
 8004772:	f000 fe85 	bl	8005480 <LL_SetFlashLatency>
 8004776:	e7ce      	b.n	8004716 <stm32_clock_control_init+0x2a>
		LL_SetFlashLatency(new_flash_freq);
 8004778:	4620      	mov	r0, r4
 800477a:	f000 fe81 	bl	8005480 <LL_SetFlashLatency>
 800477e:	e7e1      	b.n	8004744 <stm32_clock_control_init+0x58>
 8004780:	0501bd00 	.word	0x0501bd00
 8004784:	40023800 	.word	0x40023800
 8004788:	0800bd58 	.word	0x0800bd58
 800478c:	20000108 	.word	0x20000108

08004790 <get_pllsrc_frequency>:
		return STM32_HSE_FREQ;
	}

	__ASSERT(0, "Invalid source");
	return 0;
}
 8004790:	4800      	ldr	r0, [pc, #0]	@ (8004794 <get_pllsrc_frequency+0x4>)
 8004792:	4770      	bx	lr
 8004794:	007a1200 	.word	0x007a1200

08004798 <config_pll_sysclock>:

/**
 * @brief Set up pll configuration
 */
void config_pll_sysclock(void)
{
 8004798:	b508      	push	{r3, lr}
#if STM32_PLL_P_ENABLED
	/* All STM32F2x, F4x and F7x */
	LL_RCC_PLL_ConfigDomain_SYS(get_pll_source(),
 800479a:	f004 feb4 	bl	8009506 <get_pll_source>
  *         (*) value not defined in all devices.
  * @retval None
  */
__STATIC_INLINE void LL_RCC_PLL_ConfigDomain_SYS(uint32_t Source, uint32_t PLLM, uint32_t PLLN, uint32_t PLLP_R)
{
  MODIFY_REG(RCC->PLLCFGR, RCC_PLLCFGR_PLLSRC | RCC_PLLCFGR_PLLM | RCC_PLLCFGR_PLLN,
 800479e:	4b0c      	ldr	r3, [pc, #48]	@ (80047d0 <config_pll_sysclock+0x38>)
 80047a0:	6859      	ldr	r1, [r3, #4]
 80047a2:	4a0c      	ldr	r2, [pc, #48]	@ (80047d4 <config_pll_sysclock+0x3c>)
 80047a4:	400a      	ands	r2, r1
 80047a6:	f440 41a8 	orr.w	r1, r0, #21504	@ 0x5400
 80047aa:	f041 0108 	orr.w	r1, r1, #8
 80047ae:	430a      	orrs	r2, r1
 80047b0:	605a      	str	r2, [r3, #4]
             Source | PLLM | PLLN << RCC_PLLCFGR_PLLN_Pos);
  MODIFY_REG(RCC->PLLCFGR, RCC_PLLCFGR_PLLP, PLLP_R);
 80047b2:	685a      	ldr	r2, [r3, #4]
 80047b4:	f422 3240 	bic.w	r2, r2, #196608	@ 0x30000
 80047b8:	f442 3280 	orr.w	r2, r2, #65536	@ 0x10000
 80047bc:	605a      	str	r2, [r3, #4]
  *         @arg @ref LL_RCC_PLLQ_DIV_15
  * @retval None
  */
__STATIC_INLINE void LL_RCC_PLL_ConfigDomain_48M(uint32_t Source, uint32_t PLLM, uint32_t PLLN, uint32_t PLLQ)
{
  MODIFY_REG(RCC->PLLCFGR, RCC_PLLCFGR_PLLSRC | RCC_PLLCFGR_PLLM | RCC_PLLCFGR_PLLN | RCC_PLLCFGR_PLLQ,
 80047be:	6859      	ldr	r1, [r3, #4]
 80047c0:	4a05      	ldr	r2, [pc, #20]	@ (80047d8 <config_pll_sysclock+0x40>)
 80047c2:	400a      	ands	r2, r1
 80047c4:	4905      	ldr	r1, [pc, #20]	@ (80047dc <config_pll_sysclock+0x44>)
 80047c6:	4301      	orrs	r1, r0
 80047c8:	430a      	orrs	r2, r1
 80047ca:	605a      	str	r2, [r3, #4]
		 * for the overdrive function. The caller will try to turn on the PLL
		 * And start waiting for the PLL locking phase to complete.
		 */
	}
#endif /* CONFIG_SOC_SERIES_STM32F7X */
}
 80047cc:	bd08      	pop	{r3, pc}
 80047ce:	bf00      	nop
 80047d0:	40023800 	.word	0x40023800
 80047d4:	ffbf8000 	.word	0xffbf8000
 80047d8:	f0bf8000 	.word	0xf0bf8000
 80047dc:	07005408 	.word	0x07005408

080047e0 <config_enable_default_clocks>:

/**
 * @brief Activate default clocks
 */
void config_enable_default_clocks(void)
{
 80047e0:	b082      	sub	sp, #8
  * @retval None
  */
__STATIC_INLINE void LL_APB1_GRP1_EnableClock(uint32_t Periphs)
{
  __IO uint32_t tmpreg;
  SET_BIT(RCC->APB1ENR, Periphs);
 80047e2:	4b06      	ldr	r3, [pc, #24]	@ (80047fc <config_enable_default_clocks+0x1c>)
 80047e4:	6c1a      	ldr	r2, [r3, #64]	@ 0x40
 80047e6:	f042 5280 	orr.w	r2, r2, #268435456	@ 0x10000000
 80047ea:	641a      	str	r2, [r3, #64]	@ 0x40
  /* Delay after an RCC peripheral clock enabling */
  tmpreg = READ_BIT(RCC->APB1ENR, Periphs);
 80047ec:	6c1b      	ldr	r3, [r3, #64]	@ 0x40
 80047ee:	f003 5380 	and.w	r3, r3, #268435456	@ 0x10000000
 80047f2:	9301      	str	r3, [sp, #4]
  (void)tmpreg;
 80047f4:	9b01      	ldr	r3, [sp, #4]
	/* Power Interface clock enabled by default */
	LL_APB1_GRP1_EnableClock(LL_APB1_GRP1_PERIPH_PWR);
}
 80047f6:	b002      	add	sp, #8
 80047f8:	4770      	bx	lr
 80047fa:	bf00      	nop
 80047fc:	40023800 	.word	0x40023800

08004800 <console_out>:
 *
 * @return The character passed as input.
 */

static int console_out(int c)
{
 8004800:	b510      	push	{r4, lr}
 8004802:	4604      	mov	r4, r0
		 * function MUST return the byte output.
		 */
		return c;
	}

	if ('\n' == c) {
 8004804:	280a      	cmp	r0, #10
 8004806:	d006      	beq.n	8004816 <console_out+0x16>
		uart_poll_out(uart_console_dev, '\r');
	}
	uart_poll_out(uart_console_dev, c);
 8004808:	b2e1      	uxtb	r1, r4
	const struct uart_driver_api *api = (const struct uart_driver_api *)dev->api;
 800480a:	4806      	ldr	r0, [pc, #24]	@ (8004824 <console_out+0x24>)
 800480c:	6883      	ldr	r3, [r0, #8]
	api->poll_out(dev, out_char);
 800480e:	685b      	ldr	r3, [r3, #4]
 8004810:	4798      	blx	r3
	 * As errors cannot be returned, ignore the return value
	 */
	(void)pm_device_runtime_put_async(uart_console_dev, K_MSEC(1));

	return c;
}
 8004812:	4620      	mov	r0, r4
 8004814:	bd10      	pop	{r4, pc}
	const struct uart_driver_api *api = (const struct uart_driver_api *)dev->api;
 8004816:	4803      	ldr	r0, [pc, #12]	@ (8004824 <console_out+0x24>)
 8004818:	6883      	ldr	r3, [r0, #8]
	api->poll_out(dev, out_char);
 800481a:	685b      	ldr	r3, [r3, #4]
 800481c:	210d      	movs	r1, #13
 800481e:	4798      	blx	r3
		return;
	}
#endif
	compiler_barrier();
	z_impl_uart_poll_out(dev, out_char);
}
 8004820:	e7f2      	b.n	8004808 <console_out+0x8>
 8004822:	bf00      	nop
 8004824:	0800a604 	.word	0x0800a604

08004828 <uart_console_hook_install>:
/**
 * @brief Install printk/stdout hook for UART console output
 */

static void uart_console_hook_install(void)
{
 8004828:	b510      	push	{r4, lr}
#if defined(CONFIG_STDOUT_CONSOLE)
	__stdout_hook_install(console_out);
 800482a:	4c04      	ldr	r4, [pc, #16]	@ (800483c <uart_console_hook_install+0x14>)
 800482c:	4620      	mov	r0, r4
 800482e:	f7ff fa31 	bl	8003c94 <__stdout_hook_install>
#endif
#if defined(CONFIG_PRINTK)
	__printk_hook_install(console_out);
 8004832:	4620      	mov	r0, r4
 8004834:	f7fd fbfa 	bl	800202c <__printk_hook_install>
#endif
}
 8004838:	bd10      	pop	{r4, pc}
 800483a:	bf00      	nop
 800483c:	08004801 	.word	0x08004801

08004840 <uart_console_init>:
 * @brief Initialize one UART as the console/debug port
 *
 * @return 0 if successful, otherwise failed.
 */
static int uart_console_init(void)
{
 8004840:	b508      	push	{r3, lr}
 8004842:	4805      	ldr	r0, [pc, #20]	@ (8004858 <uart_console_init+0x18>)
 8004844:	f005 fa0f 	bl	8009c66 <z_impl_device_is_ready>
	if (!device_is_ready(uart_console_dev)) {
 8004848:	b118      	cbz	r0, 8004852 <uart_console_init+0x12>
		return -ENODEV;
	}

	uart_console_hook_install();
 800484a:	f7ff ffed 	bl	8004828 <uart_console_hook_install>

	return 0;
 800484e:	2000      	movs	r0, #0
}
 8004850:	bd08      	pop	{r3, pc}
		return -ENODEV;
 8004852:	f06f 0012 	mvn.w	r0, #18
 8004856:	e7fb      	b.n	8004850 <uart_console_init+0x10>
 8004858:	0800a604 	.word	0x0800a604

0800485c <gpio_stm32_pin_interrupt_configure>:

static int gpio_stm32_pin_interrupt_configure(const struct device *dev,
					      gpio_pin_t pin,
					      enum gpio_int_mode mode,
					      enum gpio_int_trig trig)
{
 800485c:	e92d 43f8 	stmdb	sp!, {r3, r4, r5, r6, r7, r8, r9, lr}
 8004860:	4680      	mov	r8, r0
 8004862:	460f      	mov	r7, r1
 8004864:	4616      	mov	r6, r2
 8004866:	461c      	mov	r4, r3
	const struct gpio_stm32_config *cfg = dev->config;
 8004868:	f8d0 9004 	ldr.w	r9, [r0, #4]
	const stm32_gpio_irq_line_t irq_line = stm32_gpio_intc_get_pin_irq_line(cfg->port, pin);
 800486c:	f8d9 0008 	ldr.w	r0, [r9, #8]
 8004870:	f004 fc00 	bl	8009074 <stm32_gpio_intc_get_pin_irq_line>
		stm32_gpio_intc_enable_line(irq_line);
		goto exit;
	}
#endif /* CONFIG_GPIO_ENABLE_DISABLE_INTERRUPT */

	if (mode == GPIO_INT_MODE_DISABLED) {
 8004874:	f5b6 1f00 	cmp.w	r6, #2097152	@ 0x200000
 8004878:	d00e      	beq.n	8004898 <gpio_stm32_pin_interrupt_configure+0x3c>
 800487a:	4605      	mov	r5, r0
		gpio_stm32_disable_pin_irqs(cfg->port, pin);
		goto exit;
	}

	if (mode == GPIO_INT_MODE_LEVEL) {
 800487c:	f5b6 0f80 	cmp.w	r6, #4194304	@ 0x400000
 8004880:	d02a      	beq.n	80048d8 <gpio_stm32_pin_interrupt_configure+0x7c>
				err = -EINVAL;
				goto exit;
			}
		}
	} else {
		switch (trig) {
 8004882:	f1b4 6f80 	cmp.w	r4, #67108864	@ 0x4000000
 8004886:	d00e      	beq.n	80048a6 <gpio_stm32_pin_interrupt_configure+0x4a>
 8004888:	f1b4 6fc0 	cmp.w	r4, #100663296	@ 0x6000000
 800488c:	d00d      	beq.n	80048aa <gpio_stm32_pin_interrupt_configure+0x4e>
 800488e:	f1b4 7f00 	cmp.w	r4, #33554432	@ 0x2000000
 8004892:	d124      	bne.n	80048de <gpio_stm32_pin_interrupt_configure+0x82>
 8004894:	2602      	movs	r6, #2
 8004896:	e009      	b.n	80048ac <gpio_stm32_pin_interrupt_configure+0x50>
		gpio_stm32_disable_pin_irqs(cfg->port, pin);
 8004898:	4639      	mov	r1, r7
 800489a:	f8d9 0008 	ldr.w	r0, [r9, #8]
 800489e:	f004 ff06 	bl	80096ae <gpio_stm32_disable_pin_irqs>
	int err = 0;
 80048a2:	2400      	movs	r4, #0
		goto exit;
 80048a4:	e015      	b.n	80048d2 <gpio_stm32_pin_interrupt_configure+0x76>
		case GPIO_INT_TRIG_LOW:
			irq_trigger = STM32_GPIO_IRQ_TRIG_FALLING;
			break;
		case GPIO_INT_TRIG_HIGH:
			irq_trigger = STM32_GPIO_IRQ_TRIG_RISING;
 80048a6:	2601      	movs	r6, #1
 80048a8:	e000      	b.n	80048ac <gpio_stm32_pin_interrupt_configure+0x50>
			break;
		case GPIO_INT_TRIG_BOTH:
			irq_trigger = STM32_GPIO_IRQ_TRIG_BOTH;
 80048aa:	2603      	movs	r6, #3
			err = -EINVAL;
			goto exit;
		}
	}

	if (stm32_gpio_intc_set_irq_callback(irq_line, gpio_stm32_isr, (void *)dev) != 0) {
 80048ac:	4642      	mov	r2, r8
 80048ae:	490f      	ldr	r1, [pc, #60]	@ (80048ec <gpio_stm32_pin_interrupt_configure+0x90>)
 80048b0:	4628      	mov	r0, r5
 80048b2:	f7ff fb0f 	bl	8003ed4 <stm32_gpio_intc_set_irq_callback>
 80048b6:	4604      	mov	r4, r0
 80048b8:	b9a0      	cbnz	r0, 80048e4 <gpio_stm32_pin_interrupt_configure+0x88>
		err = -EBUSY;
		goto exit;
	}

#if defined(CONFIG_EXTI_STM32)
	stm32_exti_set_line_src_port(pin, cfg->port);
 80048ba:	f8d9 1008 	ldr.w	r1, [r9, #8]
 80048be:	4638      	mov	r0, r7
 80048c0:	f004 fbdd 	bl	800907e <stm32_exti_set_line_src_port>
#endif

	stm32_gpio_intc_select_line_trigger(irq_line, irq_trigger);
 80048c4:	4631      	mov	r1, r6
 80048c6:	4628      	mov	r0, r5
 80048c8:	f7ff fad8 	bl	8003e7c <stm32_gpio_intc_select_line_trigger>

	stm32_gpio_intc_enable_line(irq_line);
 80048cc:	4628      	mov	r0, r5
 80048ce:	f7ff fab5 	bl	8003e3c <stm32_gpio_intc_enable_line>

exit:
	return err;
}
 80048d2:	4620      	mov	r0, r4
 80048d4:	e8bd 83f8 	ldmia.w	sp!, {r3, r4, r5, r6, r7, r8, r9, pc}
			err = -ENOTSUP;
 80048d8:	f06f 0485 	mvn.w	r4, #133	@ 0x85
 80048dc:	e7f9      	b.n	80048d2 <gpio_stm32_pin_interrupt_configure+0x76>
		switch (trig) {
 80048de:	f06f 0415 	mvn.w	r4, #21
 80048e2:	e7f6      	b.n	80048d2 <gpio_stm32_pin_interrupt_configure+0x76>
		err = -EBUSY;
 80048e4:	f06f 040f 	mvn.w	r4, #15
	return err;
 80048e8:	e7f3      	b.n	80048d2 <gpio_stm32_pin_interrupt_configure+0x76>
 80048ea:	bf00      	nop
 80048ec:	080095d1 	.word	0x080095d1

080048f0 <rtc_stm32_get_time>:

	return err;
}

static int rtc_stm32_get_time(const struct device *dev, struct rtc_time *timeptr)
{
 80048f0:	e92d 43f8 	stmdb	sp!, {r3, r4, r5, r6, r7, r8, r9, lr}
	struct rtc_stm32_data *data = dev->data;

	uint32_t rtc_date, rtc_time;

#if HW_SUBSECOND_SUPPORT
	const struct rtc_stm32_config *cfg = dev->config;
 80048f4:	f8d0 8004 	ldr.w	r8, [r0, #4]
	uint32_t rtc_subsecond;
#endif /* HW_SUBSECOND_SUPPORT */

	if (timeptr == NULL) {
 80048f8:	b1a9      	cbz	r1, 8004926 <rtc_stm32_get_time+0x36>
 80048fa:	460f      	mov	r7, r1
  __ASM volatile ("MRS %0, basepri" : "=r" (result) );
 80048fc:	f3ef 8311 	mrs	r3, BASEPRI
  __ASM volatile ("MSR basepri_max, %0" : : "r" (basePri) : "memory");
 8004900:	2210      	movs	r2, #16
 8004902:	f382 8812 	msr	BASEPRI_MAX, r2
  __ASM volatile ("isb 0xF":::"memory");
 8004906:	f3bf 8f6f 	isb	sy
	}
#endif /* CONFIG_TICKET_SPINLOCKS */
#endif /* CONFIG_SMP */
	z_spinlock_validate_post(l);

	return k;
 800490a:	4699      	mov	r9, r3
  * @param  RTCx RTC Instance
  * @retval State of bit (1 or 0).
  */
__STATIC_INLINE uint32_t LL_RTC_IsActiveFlag_INITS(RTC_TypeDef *RTCx)
{
  return ((READ_BIT(RTCx->ISR, RTC_ISR_INITS) == (RTC_ISR_INITS)) ? 1UL : 0UL);
 800490c:	4a49      	ldr	r2, [pc, #292]	@ (8004a34 <rtc_stm32_get_time+0x144>)
 800490e:	68d2      	ldr	r2, [r2, #12]
 8004910:	f012 0f10 	tst.w	r2, #16
 8004914:	d10f      	bne.n	8004936 <rtc_stm32_get_time+0x46>
  __ASM volatile ("MSR basepri, %0" : : "r" (basePri) : "memory");
 8004916:	f383 8811 	msr	BASEPRI, r3
 800491a:	f3bf 8f6f 	isb	sy
		/* INITS flag is set when the calendar has been initialized. This flag is
		 * reset only on backup domain reset, so it can be read after a system
		 * reset to check if the calendar has been initialized.
		 */
		k_spin_unlock(&data->lock, key);
		return -ENODATA;
 800491e:	f06f 003c 	mvn.w	r0, #60	@ 0x3c
		timeptr->tm_hour,
		timeptr->tm_min,
		timeptr->tm_sec);

	return 0;
}
 8004922:	e8bd 83f8 	ldmia.w	sp!, {r3, r4, r5, r6, r7, r8, r9, pc}
 8004926:	4a44      	ldr	r2, [pc, #272]	@ (8004a38 <rtc_stm32_get_time+0x148>)
 8004928:	2101      	movs	r1, #1
 800492a:	4844      	ldr	r0, [pc, #272]	@ (8004a3c <rtc_stm32_get_time+0x14c>)
 800492c:	f004 f89f 	bl	8008a6e <z_impl_z_log_msg_simple_create_0>
		return -EINVAL;
 8004930:	f06f 0015 	mvn.w	r0, #21
 8004934:	e7f5      	b.n	8004922 <rtc_stm32_get_time+0x32>
		rtc_date = LL_RTC_DATE_Get(STM32_ARG(RTC));
 8004936:	483f      	ldr	r0, [pc, #252]	@ (8004a34 <rtc_stm32_get_time+0x144>)
 8004938:	f004 ffbb 	bl	80098b2 <LL_RTC_DATE_Get>
 800493c:	4606      	mov	r6, r0
  return (uint32_t)(READ_BIT(RTCx->TR, (RTC_TR_HT | RTC_TR_HU | RTC_TR_MNT | RTC_TR_MNU | RTC_TR_ST | RTC_TR_SU)));
 800493e:	4b3d      	ldr	r3, [pc, #244]	@ (8004a34 <rtc_stm32_get_time+0x144>)
 8004940:	681d      	ldr	r5, [r3, #0]
 8004942:	f025 457f 	bic.w	r5, r5, #4278190080	@ 0xff000000
 8004946:	f425 0540 	bic.w	r5, r5, #12582912	@ 0xc00000
 800494a:	f425 4500 	bic.w	r5, r5, #32768	@ 0x8000
 800494e:	f025 0580 	bic.w	r5, r5, #128	@ 0x80
  return (uint32_t)(READ_BIT(RTCx->SSR, RTC_SSR_SS));
 8004952:	4b38      	ldr	r3, [pc, #224]	@ (8004a34 <rtc_stm32_get_time+0x144>)
 8004954:	6a9c      	ldr	r4, [r3, #40]	@ 0x28
 8004956:	b2a4      	uxth	r4, r4
 8004958:	6a9b      	ldr	r3, [r3, #40]	@ 0x28
 800495a:	b29b      	uxth	r3, r3
			} while (rtc_subsecond != LL_RTC_TIME_GetSubSecond(STM32_ARG(RTC)));
 800495c:	429c      	cmp	r4, r3
 800495e:	d1f8      	bne.n	8004952 <rtc_stm32_get_time+0x62>
  return (uint32_t)(READ_BIT(RTCx->TR, (RTC_TR_HT | RTC_TR_HU | RTC_TR_MNT | RTC_TR_MNU | RTC_TR_ST | RTC_TR_SU)));
 8004960:	4b34      	ldr	r3, [pc, #208]	@ (8004a34 <rtc_stm32_get_time+0x144>)
 8004962:	681b      	ldr	r3, [r3, #0]
 8004964:	f023 437f 	bic.w	r3, r3, #4278190080	@ 0xff000000
 8004968:	f423 0340 	bic.w	r3, r3, #12582912	@ 0xc00000
 800496c:	f423 4300 	bic.w	r3, r3, #32768	@ 0x8000
 8004970:	f023 0380 	bic.w	r3, r3, #128	@ 0x80
		} while (rtc_time != LL_RTC_TIME_Get(STM32_ARG(RTC)));
 8004974:	42ab      	cmp	r3, r5
 8004976:	d1e2      	bne.n	800493e <rtc_stm32_get_time+0x4e>
	} while (rtc_date != LL_RTC_DATE_Get(STM32_ARG(RTC)));
 8004978:	482e      	ldr	r0, [pc, #184]	@ (8004a34 <rtc_stm32_get_time+0x144>)
 800497a:	f004 ff9a 	bl	80098b2 <LL_RTC_DATE_Get>
 800497e:	42b0      	cmp	r0, r6
 8004980:	d1d9      	bne.n	8004936 <rtc_stm32_get_time+0x46>
 8004982:	f389 8811 	msr	BASEPRI, r9
 8004986:	f3bf 8f6f 	isb	sy
 *
 * @return Binary representation of input value.
 */
static inline uint8_t bcd2bin(uint8_t bcd)
{
	return ((10 * (bcd >> 4)) + (bcd & 0x0F));
 800498a:	f006 030f 	and.w	r3, r6, #15
 800498e:	f3c6 1203 	ubfx	r2, r6, #4, #4
 8004992:	eb02 0282 	add.w	r2, r2, r2, lsl #2
 8004996:	eb03 0342 	add.w	r3, r3, r2, lsl #1
 800499a:	b2db      	uxtb	r3, r3
	timeptr->tm_year = bcd2bin(STM32_RTC_LL_GET_YEAR(rtc_date)) + (RTC_YEAR_REF - TM_YEAR_REF);
 800499c:	3364      	adds	r3, #100	@ 0x64
 800499e:	617b      	str	r3, [r7, #20]
 80049a0:	f3c6 2303 	ubfx	r3, r6, #8, #4
 80049a4:	f3c6 3203 	ubfx	r2, r6, #12, #4
 80049a8:	eb02 0282 	add.w	r2, r2, r2, lsl #2
 80049ac:	eb03 0342 	add.w	r3, r3, r2, lsl #1
 80049b0:	b2db      	uxtb	r3, r3
	timeptr->tm_mon = bcd2bin(STM32_RTC_LL_GET_MONTH(rtc_date)) - 1;
 80049b2:	3b01      	subs	r3, #1
 80049b4:	613b      	str	r3, [r7, #16]
 80049b6:	f3c6 4303 	ubfx	r3, r6, #16, #4
 80049ba:	f3c6 5203 	ubfx	r2, r6, #20, #4
 80049be:	eb02 0282 	add.w	r2, r2, r2, lsl #2
 80049c2:	eb03 0342 	add.w	r3, r3, r2, lsl #1
 80049c6:	b2db      	uxtb	r3, r3
	timeptr->tm_mday = bcd2bin(STM32_RTC_LL_GET_DAY(rtc_date));
 80049c8:	60fb      	str	r3, [r7, #12]
	int hw_wday = STM32_RTC_LL_GET_WEEKDAY(rtc_date);
 80049ca:	0e36      	lsrs	r6, r6, #24
	if (hw_wday == LL_RTC_WEEKDAY_SUNDAY) {
 80049cc:	2e07      	cmp	r6, #7
 80049ce:	d02e      	beq.n	8004a2e <rtc_stm32_get_time+0x13e>
		timeptr->tm_wday = hw_wday;
 80049d0:	61be      	str	r6, [r7, #24]
 80049d2:	f3c5 4203 	ubfx	r2, r5, #16, #4
 80049d6:	0d2b      	lsrs	r3, r5, #20
 80049d8:	eb03 0383 	add.w	r3, r3, r3, lsl #2
 80049dc:	eb02 0343 	add.w	r3, r2, r3, lsl #1
	timeptr->tm_hour = bcd2bin(STM32_RTC_LL_GET_HOUR(rtc_time));
 80049e0:	60bb      	str	r3, [r7, #8]
 80049e2:	f3c5 2303 	ubfx	r3, r5, #8, #4
 80049e6:	f3c5 3202 	ubfx	r2, r5, #12, #3
 80049ea:	eb02 0282 	add.w	r2, r2, r2, lsl #2
 80049ee:	eb03 0342 	add.w	r3, r3, r2, lsl #1
 80049f2:	b2db      	uxtb	r3, r3
	timeptr->tm_min = bcd2bin(STM32_RTC_LL_GET_MINUTE(rtc_time));
 80049f4:	607b      	str	r3, [r7, #4]
 80049f6:	f005 030f 	and.w	r3, r5, #15
 80049fa:	f3c5 1502 	ubfx	r5, r5, #4, #3
 80049fe:	eb05 0585 	add.w	r5, r5, r5, lsl #2
 8004a02:	eb03 0345 	add.w	r3, r3, r5, lsl #1
 8004a06:	b2db      	uxtb	r3, r3
	timeptr->tm_sec = bcd2bin(STM32_RTC_LL_GET_SECOND(rtc_time));
 8004a08:	603b      	str	r3, [r7, #0]
	uint64_t temp = ((uint64_t)(cfg->sync_prescaler - rtc_subsecond)) * 1000000000L;
 8004a0a:	f8d8 2004 	ldr.w	r2, [r8, #4]
 8004a0e:	1b14      	subs	r4, r2, r4
 8004a10:	2500      	movs	r5, #0
 8004a12:	480b      	ldr	r0, [pc, #44]	@ (8004a40 <rtc_stm32_get_time+0x150>)
	timeptr->tm_nsec = temp / (cfg->sync_prescaler + 1);
 8004a14:	3201      	adds	r2, #1
 8004a16:	462b      	mov	r3, r5
 8004a18:	fba4 0100 	umull	r0, r1, r4, r0
 8004a1c:	f7fb fe9e 	bl	800075c <__aeabi_uldivmod>
 8004a20:	6278      	str	r0, [r7, #36]	@ 0x24
	timeptr->tm_yday  = -1;
 8004a22:	f04f 33ff 	mov.w	r3, #4294967295
 8004a26:	61fb      	str	r3, [r7, #28]
	timeptr->tm_isdst = -1;
 8004a28:	623b      	str	r3, [r7, #32]
	return 0;
 8004a2a:	4628      	mov	r0, r5
 8004a2c:	e779      	b.n	8004922 <rtc_stm32_get_time+0x32>
		timeptr->tm_wday = 0;
 8004a2e:	2300      	movs	r3, #0
 8004a30:	61bb      	str	r3, [r7, #24]
 8004a32:	e7ce      	b.n	80049d2 <rtc_stm32_get_time+0xe2>
 8004a34:	40002800 	.word	0x40002800
 8004a38:	0800b714 	.word	0x0800b714
 8004a3c:	0800aa8c 	.word	0x0800aa8c
 8004a40:	3b9aca00 	.word	0x3b9aca00

08004a44 <rtc_stm32_enter_init_mode>:
{
 8004a44:	b538      	push	{r3, r4, r5, lr}
  return ((READ_BIT(RTCx->ISR, RTC_ISR_INITF) == (RTC_ISR_INITF)) ? 1UL : 0UL);
 8004a46:	4b10      	ldr	r3, [pc, #64]	@ (8004a88 <rtc_stm32_enter_init_mode+0x44>)
 8004a48:	68db      	ldr	r3, [r3, #12]
 8004a4a:	f013 0f40 	tst.w	r3, #64	@ 0x40
 8004a4e:	d116      	bne.n	8004a7e <rtc_stm32_enter_init_mode+0x3a>
  WRITE_REG(RTCx->ISR, RTC_INIT_MASK);
 8004a50:	4b0d      	ldr	r3, [pc, #52]	@ (8004a88 <rtc_stm32_enter_init_mode+0x44>)
 8004a52:	f04f 32ff 	mov.w	r2, #4294967295
 8004a56:	60da      	str	r2, [r3, #12]
#ifndef _ASMLANGUAGE
extern uint32_t sys_clock_cycle_get_32(void);

static inline uint32_t arch_k_cycle_get_32(void)
{
	return sys_clock_cycle_get_32();
 8004a58:	f000 fc90 	bl	800537c <sys_clock_cycle_get_32>
 8004a5c:	4605      	mov	r5, r0
  return ((READ_BIT(RTCx->ISR, RTC_ISR_INITF) == (RTC_ISR_INITF)) ? 1UL : 0UL);
 8004a5e:	4b0a      	ldr	r3, [pc, #40]	@ (8004a88 <rtc_stm32_enter_init_mode+0x44>)
 8004a60:	68dc      	ldr	r4, [r3, #12]
 8004a62:	f014 0440 	ands.w	r4, r4, #64	@ 0x40
 8004a66:	d106      	bne.n	8004a76 <rtc_stm32_enter_init_mode+0x32>
 8004a68:	f000 fc88 	bl	800537c <sys_clock_cycle_get_32>
		if (!WAIT_FOR(LL_RTC_IsActiveFlag_INIT(STM32_ARG(RTC)), RTC_TIMEOUT, NULL)) {
 8004a6c:	1b40      	subs	r0, r0, r5
 8004a6e:	4b07      	ldr	r3, [pc, #28]	@ (8004a8c <rtc_stm32_enter_init_mode+0x48>)
 8004a70:	4298      	cmp	r0, r3
 8004a72:	d9f4      	bls.n	8004a5e <rtc_stm32_enter_init_mode+0x1a>
 8004a74:	e000      	b.n	8004a78 <rtc_stm32_enter_init_mode+0x34>
 8004a76:	2401      	movs	r4, #1
 8004a78:	b11c      	cbz	r4, 8004a82 <rtc_stm32_enter_init_mode+0x3e>
	int status = 0;
 8004a7a:	2000      	movs	r0, #0
 8004a7c:	e000      	b.n	8004a80 <rtc_stm32_enter_init_mode+0x3c>
 8004a7e:	2000      	movs	r0, #0
}
 8004a80:	bd38      	pop	{r3, r4, r5, pc}
			status = -ETIMEDOUT;
 8004a82:	f06f 0073 	mvn.w	r0, #115	@ 0x73
	return status;
 8004a86:	e7fb      	b.n	8004a80 <rtc_stm32_enter_init_mode+0x3c>
 8004a88:	40002800 	.word	0x40002800
 8004a8c:	0001481f 	.word	0x0001481f

08004a90 <rtc_stm32_set_time>:
{
 8004a90:	e92d 4ff0 	stmdb	sp!, {r4, r5, r6, r7, r8, r9, sl, fp, lr}
 8004a94:	b083      	sub	sp, #12
	uint32_t real_year = timeptr->tm_year + TM_YEAR_REF;
 8004a96:	694b      	ldr	r3, [r1, #20]
 8004a98:	f203 736c 	addw	r3, r3, #1900	@ 0x76c
	if (real_year < RTC_YEAR_REF) {
 8004a9c:	f5b3 6ffa 	cmp.w	r3, #2000	@ 0x7d0
 8004aa0:	f0c0 8096 	bcc.w	8004bd0 <rtc_stm32_set_time+0x140>
	if (timeptr->tm_wday == -1) {
 8004aa4:	6988      	ldr	r0, [r1, #24]
 8004aa6:	f1b0 3fff 	cmp.w	r0, #4294967295
 8004aaa:	f000 8094 	beq.w	8004bd6 <rtc_stm32_set_time+0x146>
	uint32_t hours = bin2bcd(timeptr->tm_hour);
 8004aae:	f891 9008 	ldrb.w	r9, [r1, #8]
 *
 * @return BCD 8421 representation of input value.
 */
static inline uint8_t bin2bcd(uint8_t bin)
{
	return (((bin / 10) << 4) | (bin % 10));
 8004ab2:	4a4a      	ldr	r2, [pc, #296]	@ (8004bdc <rtc_stm32_set_time+0x14c>)
 8004ab4:	fba2 5409 	umull	r5, r4, r2, r9
 8004ab8:	08e5      	lsrs	r5, r4, #3
 8004aba:	462c      	mov	r4, r5
 8004abc:	eb05 0585 	add.w	r5, r5, r5, lsl #2
 8004ac0:	eba9 0945 	sub.w	r9, r9, r5, lsl #1
 8004ac4:	ea49 1904 	orr.w	r9, r9, r4, lsl #4
 8004ac8:	fa5f f989 	uxtb.w	r9, r9
	uint32_t minutes = bin2bcd(timeptr->tm_min);
 8004acc:	790e      	ldrb	r6, [r1, #4]
 8004ace:	fba2 5406 	umull	r5, r4, r2, r6
 8004ad2:	08e5      	lsrs	r5, r4, #3
 8004ad4:	462c      	mov	r4, r5
 8004ad6:	eb05 0585 	add.w	r5, r5, r5, lsl #2
 8004ada:	eba6 0645 	sub.w	r6, r6, r5, lsl #1
 8004ade:	ea46 1604 	orr.w	r6, r6, r4, lsl #4
 8004ae2:	b2f6      	uxtb	r6, r6
	uint32_t seconds = bin2bcd(timeptr->tm_sec);
 8004ae4:	f891 8000 	ldrb.w	r8, [r1]
 8004ae8:	fba2 5408 	umull	r5, r4, r2, r8
 8004aec:	08e5      	lsrs	r5, r4, #3
 8004aee:	462c      	mov	r4, r5
 8004af0:	eb05 0585 	add.w	r5, r5, r5, lsl #2
 8004af4:	eba8 0845 	sub.w	r8, r8, r5, lsl #1
 8004af8:	ea48 1804 	orr.w	r8, r8, r4, lsl #4
 8004afc:	fa5f f888 	uxtb.w	r8, r8
	uint32_t year = bin2bcd((real_year - RTC_YEAR_REF));
 8004b00:	3330      	adds	r3, #48	@ 0x30
 8004b02:	b2db      	uxtb	r3, r3
 8004b04:	fba2 5403 	umull	r5, r4, r2, r3
 8004b08:	08e7      	lsrs	r7, r4, #3
 8004b0a:	463d      	mov	r5, r7
 8004b0c:	eb07 0787 	add.w	r7, r7, r7, lsl #2
 8004b10:	eba3 0447 	sub.w	r4, r3, r7, lsl #1
 8004b14:	ea44 1405 	orr.w	r4, r4, r5, lsl #4
 8004b18:	b2e4      	uxtb	r4, r4
	uint32_t month = bin2bcd((timeptr->tm_mon + 1));
 8004b1a:	690d      	ldr	r5, [r1, #16]
 8004b1c:	3501      	adds	r5, #1
 8004b1e:	b2ed      	uxtb	r5, r5
 8004b20:	fba2 7305 	umull	r7, r3, r2, r5
 8004b24:	08df      	lsrs	r7, r3, #3
 8004b26:	463b      	mov	r3, r7
 8004b28:	eb07 0787 	add.w	r7, r7, r7, lsl #2
 8004b2c:	eba5 0547 	sub.w	r5, r5, r7, lsl #1
 8004b30:	ea45 1503 	orr.w	r5, r5, r3, lsl #4
 8004b34:	b2ed      	uxtb	r5, r5
	uint32_t day = bin2bcd(timeptr->tm_mday);
 8004b36:	7b0f      	ldrb	r7, [r1, #12]
 8004b38:	fba2 3207 	umull	r3, r2, r2, r7
 8004b3c:	08d3      	lsrs	r3, r2, #3
 8004b3e:	461a      	mov	r2, r3
 8004b40:	eb03 0383 	add.w	r3, r3, r3, lsl #2
 8004b44:	eba7 0743 	sub.w	r7, r7, r3, lsl #1
 8004b48:	ea47 1702 	orr.w	r7, r7, r2, lsl #4
 8004b4c:	b2ff      	uxtb	r7, r7
	uint32_t weekDay = ((timeptr->tm_wday == 0) ? (LL_RTC_WEEKDAY_SUNDAY) : (timeptr->tm_wday));
 8004b4e:	2800      	cmp	r0, #0
 8004b50:	d03b      	beq.n	8004bca <rtc_stm32_set_time+0x13a>
 8004b52:	9001      	str	r0, [sp, #4]
  __ASM volatile ("MRS %0, basepri" : "=r" (result) );
 8004b54:	f3ef 8a11 	mrs	sl, BASEPRI
  __ASM volatile ("MSR basepri_max, %0" : : "r" (basePri) : "memory");
 8004b58:	2310      	movs	r3, #16
 8004b5a:	f383 8812 	msr	BASEPRI_MAX, r3
 8004b5e:	f3bf 8f6f 	isb	sy
	stm32_backup_domain_enable_access();
 8004b62:	f7fd fad1 	bl	8002108 <stm32_backup_domain_enable_access>
  WRITE_REG(RTCx->WPR, RTC_WRITE_PROTECTION_ENABLE_1);
 8004b66:	4b1e      	ldr	r3, [pc, #120]	@ (8004be0 <rtc_stm32_set_time+0x150>)
 8004b68:	22ca      	movs	r2, #202	@ 0xca
 8004b6a:	625a      	str	r2, [r3, #36]	@ 0x24
  WRITE_REG(RTCx->WPR, RTC_WRITE_PROTECTION_ENABLE_2);
 8004b6c:	2253      	movs	r2, #83	@ 0x53
 8004b6e:	625a      	str	r2, [r3, #36]	@ 0x24
	err = rtc_stm32_enter_init_mode();
 8004b70:	f7ff ff68 	bl	8004a44 <rtc_stm32_enter_init_mode>
	if (err == 0) {
 8004b74:	4683      	mov	fp, r0
 8004b76:	b9c0      	cbnz	r0, 8004baa <rtc_stm32_set_time+0x11a>
         (((Minutes & 0xF0U) << (RTC_TR_MNT_Pos - 4U)) | ((Minutes & 0x0FU) << RTC_TR_MNU_Pos)) | \
 8004b78:	0236      	lsls	r6, r6, #8
         (((Hours   & 0xF0U) << (RTC_TR_HT_Pos  - 4U)) | ((Hours & 0x0FU) << RTC_TR_HU_Pos))    | \
 8004b7a:	ea46 4609 	orr.w	r6, r6, r9, lsl #16
  temp = Format12_24                                                                            | \
 8004b7e:	ea46 0608 	orr.w	r6, r6, r8
  MODIFY_REG(RTCx->TR, (RTC_TR_PM | RTC_TR_HT | RTC_TR_HU | RTC_TR_MNT | RTC_TR_MNU | RTC_TR_ST | RTC_TR_SU), temp);
 8004b82:	4a17      	ldr	r2, [pc, #92]	@ (8004be0 <rtc_stm32_set_time+0x150>)
 8004b84:	6813      	ldr	r3, [r2, #0]
 8004b86:	f023 137f 	bic.w	r3, r3, #8323199	@ 0x7f007f
 8004b8a:	f423 43fe 	bic.w	r3, r3, #32512	@ 0x7f00
 8004b8e:	431e      	orrs	r6, r3
 8004b90:	6016      	str	r6, [r2, #0]
         (((Year  & 0xF0U) << (RTC_DR_YT_Pos - 4U)) | ((Year  & 0x0FU) << RTC_DR_YU_Pos)) | \
 8004b92:	0424      	lsls	r4, r4, #16
  temp = (  WeekDay                                                    << RTC_DR_WDU_Pos) | \
 8004b94:	9b01      	ldr	r3, [sp, #4]
 8004b96:	ea44 3443 	orr.w	r4, r4, r3, lsl #13
         (((Year  & 0xF0U) << (RTC_DR_YT_Pos - 4U)) | ((Year  & 0x0FU) << RTC_DR_YU_Pos)) | \
 8004b9a:	ea44 2405 	orr.w	r4, r4, r5, lsl #8
  temp = (  WeekDay                                                    << RTC_DR_WDU_Pos) | \
 8004b9e:	433c      	orrs	r4, r7
  MODIFY_REG(RTCx->DR, (RTC_DR_WDU | RTC_DR_MT | RTC_DR_MU | RTC_DR_DT | RTC_DR_DU | RTC_DR_YT | RTC_DR_YU), temp);
 8004ba0:	6851      	ldr	r1, [r2, #4]
 8004ba2:	4b10      	ldr	r3, [pc, #64]	@ (8004be4 <rtc_stm32_set_time+0x154>)
 8004ba4:	400b      	ands	r3, r1
 8004ba6:	4323      	orrs	r3, r4
 8004ba8:	6053      	str	r3, [r2, #4]
  WRITE_REG(RTCx->ISR, (uint32_t)~RTC_ISR_INIT);
 8004baa:	4b0d      	ldr	r3, [pc, #52]	@ (8004be0 <rtc_stm32_set_time+0x150>)
 8004bac:	f06f 0280 	mvn.w	r2, #128	@ 0x80
 8004bb0:	60da      	str	r2, [r3, #12]
  WRITE_REG(RTCx->WPR, RTC_WRITE_PROTECTION_DISABLE);
 8004bb2:	22ff      	movs	r2, #255	@ 0xff
 8004bb4:	625a      	str	r2, [r3, #36]	@ 0x24
	stm32_backup_domain_disable_access();
 8004bb6:	f7fd fac9 	bl	800214c <stm32_backup_domain_disable_access>
  __ASM volatile ("MSR basepri, %0" : : "r" (basePri) : "memory");
 8004bba:	f38a 8811 	msr	BASEPRI, sl
 8004bbe:	f3bf 8f6f 	isb	sy
}
 8004bc2:	4658      	mov	r0, fp
 8004bc4:	b003      	add	sp, #12
 8004bc6:	e8bd 8ff0 	ldmia.w	sp!, {r4, r5, r6, r7, r8, r9, sl, fp, pc}
	uint32_t weekDay = ((timeptr->tm_wday == 0) ? (LL_RTC_WEEKDAY_SUNDAY) : (timeptr->tm_wday));
 8004bca:	2307      	movs	r3, #7
 8004bcc:	9301      	str	r3, [sp, #4]
 8004bce:	e7c1      	b.n	8004b54 <rtc_stm32_set_time+0xc4>
		return -EINVAL;
 8004bd0:	f06f 0b15 	mvn.w	fp, #21
 8004bd4:	e7f5      	b.n	8004bc2 <rtc_stm32_set_time+0x132>
		return -EINVAL;
 8004bd6:	f06f 0b15 	mvn.w	fp, #21
 8004bda:	e7f2      	b.n	8004bc2 <rtc_stm32_set_time+0x132>
 8004bdc:	cccccccd 	.word	0xcccccccd
 8004be0:	40002800 	.word	0x40002800
 8004be4:	ff0000c0 	.word	0xff0000c0

08004be8 <rtc_stm32_configure>:
{
 8004be8:	b538      	push	{r3, r4, r5, lr}
	const struct rtc_stm32_config *cfg = dev->config;
 8004bea:	6844      	ldr	r4, [r0, #4]
  return (uint32_t)(READ_BIT(RTCx->CR, RTC_CR_FMT));
 8004bec:	4b1d      	ldr	r3, [pc, #116]	@ (8004c64 <rtc_stm32_configure+0x7c>)
 8004bee:	6898      	ldr	r0, [r3, #8]
  return (uint32_t)(READ_BIT(RTCx->PRER, RTC_PRER_PREDIV_S));
 8004bf0:	691a      	ldr	r2, [r3, #16]
 8004bf2:	f3c2 020e 	ubfx	r2, r2, #0, #15
  return (uint32_t)(READ_BIT(RTCx->PRER, RTC_PRER_PREDIV_A) >> RTC_PRER_PREDIV_A_Pos);
 8004bf6:	6919      	ldr	r1, [r3, #16]
 8004bf8:	f3c1 4106 	ubfx	r1, r1, #16, #7
  WRITE_REG(RTCx->WPR, RTC_WRITE_PROTECTION_ENABLE_1);
 8004bfc:	25ca      	movs	r5, #202	@ 0xca
 8004bfe:	625d      	str	r5, [r3, #36]	@ 0x24
  WRITE_REG(RTCx->WPR, RTC_WRITE_PROTECTION_ENABLE_2);
 8004c00:	2553      	movs	r5, #83	@ 0x53
 8004c02:	625d      	str	r5, [r3, #36]	@ 0x24
	if ((hour_format != STM32_RTC_LL_HOURFORMAT_24H) ||
 8004c04:	f010 0f40 	tst.w	r0, #64	@ 0x40
 8004c08:	d102      	bne.n	8004c10 <rtc_stm32_configure+0x28>
	    (sync_prescaler != cfg->sync_prescaler) ||
 8004c0a:	6863      	ldr	r3, [r4, #4]
	if ((hour_format != STM32_RTC_LL_HOURFORMAT_24H) ||
 8004c0c:	4293      	cmp	r3, r2
 8004c0e:	d024      	beq.n	8004c5a <rtc_stm32_configure+0x72>
		err = rtc_stm32_enter_init_mode();
 8004c10:	f7ff ff18 	bl	8004a44 <rtc_stm32_enter_init_mode>
		if (err == 0) {
 8004c14:	b988      	cbnz	r0, 8004c3a <rtc_stm32_configure+0x52>
  MODIFY_REG(RTCx->CR, RTC_CR_FMT, HourFormat);
 8004c16:	4b13      	ldr	r3, [pc, #76]	@ (8004c64 <rtc_stm32_configure+0x7c>)
 8004c18:	689a      	ldr	r2, [r3, #8]
 8004c1a:	f022 0240 	bic.w	r2, r2, #64	@ 0x40
 8004c1e:	609a      	str	r2, [r3, #8]
			LL_RTC_SetSynchPrescaler(STM32_ARG(RTC, cfg->sync_prescaler));
 8004c20:	6862      	ldr	r2, [r4, #4]
  MODIFY_REG(RTCx->PRER, RTC_PRER_PREDIV_S, SynchPrescaler);
 8004c22:	6919      	ldr	r1, [r3, #16]
 8004c24:	f36f 010e 	bfc	r1, #0, #15
 8004c28:	430a      	orrs	r2, r1
 8004c2a:	611a      	str	r2, [r3, #16]
			LL_RTC_SetAsynchPrescaler(STM32_ARG(RTC, cfg->async_prescaler));
 8004c2c:	6821      	ldr	r1, [r4, #0]
  MODIFY_REG(RTCx->PRER, RTC_PRER_PREDIV_A, AsynchPrescaler << RTC_PRER_PREDIV_A_Pos);
 8004c2e:	691a      	ldr	r2, [r3, #16]
 8004c30:	f422 02fe 	bic.w	r2, r2, #8323072	@ 0x7f0000
 8004c34:	ea42 4201 	orr.w	r2, r2, r1, lsl #16
 8004c38:	611a      	str	r2, [r3, #16]
  WRITE_REG(RTCx->ISR, (uint32_t)~RTC_ISR_INIT);
 8004c3a:	4b0a      	ldr	r3, [pc, #40]	@ (8004c64 <rtc_stm32_configure+0x7c>)
 8004c3c:	f06f 0280 	mvn.w	r2, #128	@ 0x80
 8004c40:	60da      	str	r2, [r3, #12]
  MODIFY_REG(RTCx->CR, RTC_CR_COE | RTC_CR_COSEL, Frequency);
 8004c42:	4b08      	ldr	r3, [pc, #32]	@ (8004c64 <rtc_stm32_configure+0x7c>)
 8004c44:	689a      	ldr	r2, [r3, #8]
 8004c46:	f422 0208 	bic.w	r2, r2, #8912896	@ 0x880000
 8004c4a:	609a      	str	r2, [r3, #8]
  SET_BIT(RTCx->CR, RTC_CR_BYPSHAD);
 8004c4c:	689a      	ldr	r2, [r3, #8]
 8004c4e:	f042 0220 	orr.w	r2, r2, #32
 8004c52:	609a      	str	r2, [r3, #8]
  WRITE_REG(RTCx->WPR, RTC_WRITE_PROTECTION_DISABLE);
 8004c54:	22ff      	movs	r2, #255	@ 0xff
 8004c56:	625a      	str	r2, [r3, #36]	@ 0x24
}
 8004c58:	bd38      	pop	{r3, r4, r5, pc}
	    (async_prescaler != cfg->async_prescaler)) {
 8004c5a:	6823      	ldr	r3, [r4, #0]
	    (sync_prescaler != cfg->sync_prescaler) ||
 8004c5c:	428b      	cmp	r3, r1
 8004c5e:	d1d7      	bne.n	8004c10 <rtc_stm32_configure+0x28>
	int err = 0;
 8004c60:	2000      	movs	r0, #0
 8004c62:	e7ee      	b.n	8004c42 <rtc_stm32_configure+0x5a>
 8004c64:	40002800 	.word	0x40002800

08004c68 <rtc_stm32_init>:
{
 8004c68:	b570      	push	{r4, r5, r6, lr}
	const struct rtc_stm32_config *cfg = dev->config;
 8004c6a:	6845      	ldr	r5, [r0, #4]
	if (clock_control_on(clk, (clock_control_subsys_t)&cfg->pclken[0]) != 0) {
 8004c6c:	68a9      	ldr	r1, [r5, #8]
	const struct clock_control_driver_api *api =
 8004c6e:	4b1a      	ldr	r3, [pc, #104]	@ (8004cd8 <rtc_stm32_init+0x70>)
 8004c70:	689e      	ldr	r6, [r3, #8]
	if (api->on == NULL) {
 8004c72:	6833      	ldr	r3, [r6, #0]
 8004c74:	b1f3      	cbz	r3, 8004cb4 <rtc_stm32_init+0x4c>
 8004c76:	4604      	mov	r4, r0
	return api->on(dev, sys);
 8004c78:	4817      	ldr	r0, [pc, #92]	@ (8004cd8 <rtc_stm32_init+0x70>)
 8004c7a:	4798      	blx	r3
 8004c7c:	b9d0      	cbnz	r0, 8004cb4 <rtc_stm32_init+0x4c>
	stm32_backup_domain_enable_access();
 8004c7e:	f7fd fa43 	bl	8002108 <stm32_backup_domain_enable_access>
	if (cfg->pclken[1].enr != NO_SEL) {
 8004c82:	68a9      	ldr	r1, [r5, #8]
 8004c84:	68cb      	ldr	r3, [r1, #12]
 8004c86:	2bff      	cmp	r3, #255	@ 0xff
 8004c88:	d007      	beq.n	8004c9a <rtc_stm32_init+0x32>
		err = clock_control_configure(clk, (clock_control_subsys_t)&cfg->pclken[1], NULL);
 8004c8a:	3108      	adds	r1, #8
	if (api->configure == NULL) {
 8004c8c:	69b3      	ldr	r3, [r6, #24]
 8004c8e:	b1cb      	cbz	r3, 8004cc4 <rtc_stm32_init+0x5c>
	return api->configure(dev, sys, data);
 8004c90:	2200      	movs	r2, #0
 8004c92:	4811      	ldr	r0, [pc, #68]	@ (8004cd8 <rtc_stm32_init+0x70>)
 8004c94:	4798      	blx	r3
		if (err < 0) {
 8004c96:	2800      	cmp	r0, #0
 8004c98:	db14      	blt.n	8004cc4 <rtc_stm32_init+0x5c>
  SET_BIT(RCC->BDCR, RCC_BDCR_RTCEN);
 8004c9a:	4a10      	ldr	r2, [pc, #64]	@ (8004cdc <rtc_stm32_init+0x74>)
 8004c9c:	6f13      	ldr	r3, [r2, #112]	@ 0x70
 8004c9e:	f443 4300 	orr.w	r3, r3, #32768	@ 0x8000
 8004ca2:	6713      	str	r3, [r2, #112]	@ 0x70
	err = rtc_stm32_configure(dev);
 8004ca4:	4620      	mov	r0, r4
 8004ca6:	f7ff ff9f 	bl	8004be8 <rtc_stm32_configure>
 8004caa:	4604      	mov	r4, r0
	stm32_backup_domain_disable_access();
 8004cac:	f7fd fa4e 	bl	800214c <stm32_backup_domain_disable_access>
}
 8004cb0:	4620      	mov	r0, r4
 8004cb2:	bd70      	pop	{r4, r5, r6, pc}
 8004cb4:	4a0a      	ldr	r2, [pc, #40]	@ (8004ce0 <rtc_stm32_init+0x78>)
 8004cb6:	2101      	movs	r1, #1
 8004cb8:	480a      	ldr	r0, [pc, #40]	@ (8004ce4 <rtc_stm32_init+0x7c>)
 8004cba:	f003 fed8 	bl	8008a6e <z_impl_z_log_msg_simple_create_0>
		return -EIO;
 8004cbe:	f06f 0404 	mvn.w	r4, #4
 8004cc2:	e7f5      	b.n	8004cb0 <rtc_stm32_init+0x48>
			stm32_backup_domain_disable_access();
 8004cc4:	f7fd fa42 	bl	800214c <stm32_backup_domain_disable_access>
 8004cc8:	4a07      	ldr	r2, [pc, #28]	@ (8004ce8 <rtc_stm32_init+0x80>)
 8004cca:	2101      	movs	r1, #1
 8004ccc:	4805      	ldr	r0, [pc, #20]	@ (8004ce4 <rtc_stm32_init+0x7c>)
 8004cce:	f003 fece 	bl	8008a6e <z_impl_z_log_msg_simple_create_0>
			return -EIO;
 8004cd2:	f06f 0404 	mvn.w	r4, #4
 8004cd6:	e7eb      	b.n	8004cb0 <rtc_stm32_init+0x48>
 8004cd8:	0800a4b4 	.word	0x0800a4b4
 8004cdc:	40023800 	.word	0x40023800
 8004ce0:	0800b72c 	.word	0x0800b72c
 8004ce4:	0800aa8c 	.word	0x0800aa8c
 8004ce8:	0800b740 	.word	0x0800b740

08004cec <LL_USART_SetBaudRate>:
  * @param  BaudRate Baud Rate
  * @retval None
  */
__STATIC_INLINE void LL_USART_SetBaudRate(USART_TypeDef *USARTx, uint32_t PeriphClk, uint32_t OverSampling,
                                          uint32_t BaudRate)
{
 8004cec:	b510      	push	{r4, lr}
 8004cee:	4604      	mov	r4, r0
  if (OverSampling == LL_USART_OVERSAMPLING_8)
 8004cf0:	f5b2 4f00 	cmp.w	r2, #32768	@ 0x8000
 8004cf4:	d02f      	beq.n	8004d56 <LL_USART_SetBaudRate+0x6a>
  {
    USARTx->BRR = (uint16_t)(__LL_USART_DIV_SAMPLING8(PeriphClk, BaudRate));
  }
  else
  {
    USARTx->BRR = (uint16_t)(__LL_USART_DIV_SAMPLING16(PeriphClk, BaudRate));
 8004cf6:	f04f 0c00 	mov.w	ip, #0
 8004cfa:	1848      	adds	r0, r1, r1
 8004cfc:	eb4c 0c0c 	adc.w	ip, ip, ip
 8004d00:	1840      	adds	r0, r0, r1
 8004d02:	f14c 0c00 	adc.w	ip, ip, #0
 8004d06:	ea4f 0ccc 	mov.w	ip, ip, lsl #3
 8004d0a:	ea4c 7c50 	orr.w	ip, ip, r0, lsr #29
 8004d0e:	00c0      	lsls	r0, r0, #3
 8004d10:	1840      	adds	r0, r0, r1
 8004d12:	ea4f 0283 	mov.w	r2, r3, lsl #2
 8004d16:	ea4f 7393 	mov.w	r3, r3, lsr #30
 8004d1a:	f14c 0100 	adc.w	r1, ip, #0
 8004d1e:	f7fb fd1d 	bl	800075c <__aeabi_uldivmod>
 8004d22:	4924      	ldr	r1, [pc, #144]	@ (8004db4 <LL_USART_SetBaudRate+0xc8>)
 8004d24:	fba1 2300 	umull	r2, r3, r1, r0
 8004d28:	095b      	lsrs	r3, r3, #5
 8004d2a:	011a      	lsls	r2, r3, #4
 8004d2c:	b292      	uxth	r2, r2
 8004d2e:	f04f 0c64 	mov.w	ip, #100	@ 0x64
 8004d32:	fb0c 0313 	mls	r3, ip, r3, r0
 8004d36:	011b      	lsls	r3, r3, #4
 8004d38:	3332      	adds	r3, #50	@ 0x32
 8004d3a:	fba1 1303 	umull	r1, r3, r1, r3
 8004d3e:	f3c3 134f 	ubfx	r3, r3, #5, #16
 8004d42:	f003 01f0 	and.w	r1, r3, #240	@ 0xf0
 8004d46:	440a      	add	r2, r1
 8004d48:	b292      	uxth	r2, r2
 8004d4a:	f003 030f 	and.w	r3, r3, #15
 8004d4e:	4413      	add	r3, r2
 8004d50:	b29b      	uxth	r3, r3
 8004d52:	60a3      	str	r3, [r4, #8]
  }
}
 8004d54:	bd10      	pop	{r4, pc}
    USARTx->BRR = (uint16_t)(__LL_USART_DIV_SAMPLING8(PeriphClk, BaudRate));
 8004d56:	f04f 0c00 	mov.w	ip, #0
 8004d5a:	1848      	adds	r0, r1, r1
 8004d5c:	eb4c 020c 	adc.w	r2, ip, ip
 8004d60:	1840      	adds	r0, r0, r1
 8004d62:	f142 0200 	adc.w	r2, r2, #0
 8004d66:	00d2      	lsls	r2, r2, #3
 8004d68:	ea42 7250 	orr.w	r2, r2, r0, lsr #29
 8004d6c:	00c0      	lsls	r0, r0, #3
 8004d6e:	1840      	adds	r0, r0, r1
 8004d70:	f142 0100 	adc.w	r1, r2, #0
 8004d74:	18da      	adds	r2, r3, r3
 8004d76:	eb4c 030c 	adc.w	r3, ip, ip
 8004d7a:	f7fb fcef 	bl	800075c <__aeabi_uldivmod>
 8004d7e:	490d      	ldr	r1, [pc, #52]	@ (8004db4 <LL_USART_SetBaudRate+0xc8>)
 8004d80:	fba1 2300 	umull	r2, r3, r1, r0
 8004d84:	095b      	lsrs	r3, r3, #5
 8004d86:	011a      	lsls	r2, r3, #4
 8004d88:	b292      	uxth	r2, r2
 8004d8a:	f04f 0c64 	mov.w	ip, #100	@ 0x64
 8004d8e:	fb0c 0313 	mls	r3, ip, r3, r0
 8004d92:	00db      	lsls	r3, r3, #3
 8004d94:	3332      	adds	r3, #50	@ 0x32
 8004d96:	fba1 1303 	umull	r1, r3, r1, r3
 8004d9a:	f3c3 134f 	ubfx	r3, r3, #5, #16
 8004d9e:	0059      	lsls	r1, r3, #1
 8004da0:	f401 71f8 	and.w	r1, r1, #496	@ 0x1f0
 8004da4:	440a      	add	r2, r1
 8004da6:	b292      	uxth	r2, r2
 8004da8:	f003 0307 	and.w	r3, r3, #7
 8004dac:	4413      	add	r3, r2
 8004dae:	b29b      	uxth	r3, r3
 8004db0:	60a3      	str	r3, [r4, #8]
 8004db2:	e7cf      	b.n	8004d54 <LL_USART_SetBaudRate+0x68>
 8004db4:	51eb851f 	.word	0x51eb851f

08004db8 <uart_stm32_poll_in>:
{
	LL_USART_TransmitData8(usart, (uint8_t)out);
}

static int uart_stm32_poll_in(const struct device *dev, unsigned char *c)
{
 8004db8:	b508      	push	{r3, lr}
	return uart_stm32_poll_in_visitor(dev, (void *)c, poll_in_u8);
 8004dba:	4a02      	ldr	r2, [pc, #8]	@ (8004dc4 <uart_stm32_poll_in+0xc>)
 8004dbc:	f004 fde0 	bl	8009980 <uart_stm32_poll_in_visitor>
}
 8004dc0:	bd08      	pop	{r3, pc}
 8004dc2:	bf00      	nop
 8004dc4:	080099ef 	.word	0x080099ef

08004dc8 <uart_stm32_poll_out>:

static void uart_stm32_poll_out(const struct device *dev, unsigned char c)
{
 8004dc8:	b508      	push	{r3, lr}
	uart_stm32_poll_out_visitor(dev, c, poll_out_u8);
 8004dca:	4a02      	ldr	r2, [pc, #8]	@ (8004dd4 <uart_stm32_poll_out+0xc>)
 8004dcc:	f004 fdf2 	bl	80099b4 <uart_stm32_poll_out_visitor>
}
 8004dd0:	bd08      	pop	{r3, pc}
 8004dd2:	bf00      	nop
 8004dd4:	080099f5 	.word	0x080099f5

08004dd8 <uart_stm32_clocks_enable>:
#endif
#endif /* CONFIG_UART_ASYNC_API */
};

static int uart_stm32_clocks_enable(const struct device *dev)
{
 8004dd8:	b510      	push	{r4, lr}
	const struct uart_stm32_config *config = dev->config;
 8004dda:	6843      	ldr	r3, [r0, #4]
	int err;

	/* enable clock */
	err = clock_control_on(config->clock, (clock_control_subsys_t)&config->pclken[0]);
 8004ddc:	6858      	ldr	r0, [r3, #4]
 8004dde:	6919      	ldr	r1, [r3, #16]
	const struct clock_control_driver_api *api =
 8004de0:	6883      	ldr	r3, [r0, #8]
	if (api->on == NULL) {
 8004de2:	681b      	ldr	r3, [r3, #0]
 8004de4:	b123      	cbz	r3, 8004df0 <uart_stm32_clocks_enable+0x18>
	return api->on(dev, sys);
 8004de6:	4798      	blx	r3
	if (err != 0) {
 8004de8:	4604      	mov	r4, r0
 8004dea:	b918      	cbnz	r0, 8004df4 <uart_stm32_clocks_enable+0x1c>
			return err;
		}
	}

	return 0;
}
 8004dec:	4620      	mov	r0, r4
 8004dee:	bd10      	pop	{r4, pc}
		return -ENOSYS;
 8004df0:	f06f 0457 	mvn.w	r4, #87	@ 0x57
 8004df4:	4a02      	ldr	r2, [pc, #8]	@ (8004e00 <uart_stm32_clocks_enable+0x28>)
 8004df6:	2101      	movs	r1, #1
 8004df8:	4802      	ldr	r0, [pc, #8]	@ (8004e04 <uart_stm32_clocks_enable+0x2c>)
 8004dfa:	f003 fe38 	bl	8008a6e <z_impl_z_log_msg_simple_create_0>
		return err;
 8004dfe:	e7f5      	b.n	8004dec <uart_stm32_clocks_enable+0x14>
 8004e00:	0800b774 	.word	0x0800b774
 8004e04:	0800aab4 	.word	0x0800aab4

08004e08 <uart_stm32_set_baudrate>:
{
 8004e08:	e92d 41f0 	stmdb	sp!, {r4, r5, r6, r7, r8, lr}
 8004e0c:	b084      	sub	sp, #16
 8004e0e:	af00      	add	r7, sp, #0
	const struct uart_stm32_config *config = dev->config;
 8004e10:	6843      	ldr	r3, [r0, #4]
	USART_TypeDef *usart = config->usart;
 8004e12:	f8d3 8000 	ldr.w	r8, [r3]
	if (baud_rate == 0) {
 8004e16:	2900      	cmp	r1, #0
 8004e18:	f000 80a8 	beq.w	8004f6c <uart_stm32_set_baudrate+0x164>
 8004e1c:	4605      	mov	r5, r0
 8004e1e:	460e      	mov	r6, r1
		int ret = clock_control_get_rate(config->clock,
 8004e20:	6858      	ldr	r0, [r3, #4]
						 (clock_control_subsys_t)&config->pclken[0],
 8004e22:	6919      	ldr	r1, [r3, #16]
	const struct clock_control_driver_api *api =
 8004e24:	6883      	ldr	r3, [r0, #8]
	if (api->get_rate == NULL) {
 8004e26:	68db      	ldr	r3, [r3, #12]
 8004e28:	2b00      	cmp	r3, #0
 8004e2a:	d03f      	beq.n	8004eac <uart_stm32_set_baudrate+0xa4>
	return api->get_rate(dev, sys, rate);
 8004e2c:	f107 020c 	add.w	r2, r7, #12
 8004e30:	4798      	blx	r3
		if (ret < 0) {
 8004e32:	1e04      	subs	r4, r0, #0
 8004e34:	db3c      	blt.n	8004eb0 <uart_stm32_set_baudrate+0xa8>
  MODIFY_REG(USARTx->CR1, USART_CR1_OVER8, OverSampling);
 8004e36:	f8d8 300c 	ldr.w	r3, [r8, #12]
 8004e3a:	f423 4300 	bic.w	r3, r3, #32768	@ 0x8000
 8004e3e:	f8c8 300c 	str.w	r3, [r8, #12]
		uint32_t usartdiv = STM32_USART_DIV_SAMPLING16(clock_rate,
 8004e42:	68fc      	ldr	r4, [r7, #12]
 8004e44:	2100      	movs	r1, #0
 8004e46:	1920      	adds	r0, r4, r4
 8004e48:	4149      	adcs	r1, r1
 8004e4a:	1900      	adds	r0, r0, r4
 8004e4c:	f141 0100 	adc.w	r1, r1, #0
 8004e50:	00c9      	lsls	r1, r1, #3
 8004e52:	ea41 7150 	orr.w	r1, r1, r0, lsr #29
 8004e56:	00c0      	lsls	r0, r0, #3
 8004e58:	1900      	adds	r0, r0, r4
 8004e5a:	ea4f 0286 	mov.w	r2, r6, lsl #2
 8004e5e:	ea4f 7396 	mov.w	r3, r6, lsr #30
 8004e62:	f141 0100 	adc.w	r1, r1, #0
 8004e66:	f7fb fc79 	bl	800075c <__aeabi_uldivmod>
 8004e6a:	4a42      	ldr	r2, [pc, #264]	@ (8004f74 <uart_stm32_set_baudrate+0x16c>)
 8004e6c:	fba2 3100 	umull	r3, r1, r2, r0
 8004e70:	0949      	lsrs	r1, r1, #5
 8004e72:	2364      	movs	r3, #100	@ 0x64
 8004e74:	fb03 0311 	mls	r3, r3, r1, r0
 8004e78:	011b      	lsls	r3, r3, #4
 8004e7a:	3332      	adds	r3, #50	@ 0x32
 8004e7c:	fba2 2303 	umull	r2, r3, r2, r3
 8004e80:	095b      	lsrs	r3, r3, #5
 8004e82:	f003 02f0 	and.w	r2, r3, #240	@ 0xf0
 8004e86:	eb02 1201 	add.w	r2, r2, r1, lsl #4
 8004e8a:	f003 030f 	and.w	r3, r3, #15
 8004e8e:	4413      	add	r3, r2
		if (usartdiv < 16) {
 8004e90:	2b0f      	cmp	r3, #15
 8004e92:	d913      	bls.n	8004ebc <uart_stm32_set_baudrate+0xb4>
		LL_USART_SetBaudRate(usart,
 8004e94:	4633      	mov	r3, r6
 8004e96:	2200      	movs	r2, #0
 8004e98:	4621      	mov	r1, r4
 8004e9a:	4640      	mov	r0, r8
 8004e9c:	f7ff ff26 	bl	8004cec <LL_USART_SetBaudRate>
	return 0;
 8004ea0:	2400      	movs	r4, #0
}
 8004ea2:	4620      	mov	r0, r4
 8004ea4:	3710      	adds	r7, #16
 8004ea6:	46bd      	mov	sp, r7
 8004ea8:	e8bd 81f0 	ldmia.w	sp!, {r4, r5, r6, r7, r8, pc}
		return -ENOSYS;
 8004eac:	f06f 0457 	mvn.w	r4, #87	@ 0x57
 8004eb0:	4a31      	ldr	r2, [pc, #196]	@ (8004f78 <uart_stm32_set_baudrate+0x170>)
 8004eb2:	2101      	movs	r1, #1
 8004eb4:	4831      	ldr	r0, [pc, #196]	@ (8004f7c <uart_stm32_set_baudrate+0x174>)
 8004eb6:	f003 fdda 	bl	8008a6e <z_impl_z_log_msg_simple_create_0>
			return ret;
 8004eba:	e7f2      	b.n	8004ea2 <uart_stm32_set_baudrate+0x9a>
			LOG_ERR("Unable to set %s to %d", dev->name, baud_rate);
 8004ebc:	6829      	ldr	r1, [r5, #0]
 8004ebe:	466d      	mov	r5, sp
 8004ec0:	2300      	movs	r3, #0
 8004ec2:	723b      	strb	r3, [r7, #8]
 8004ec4:	2302      	movs	r3, #2
 8004ec6:	727b      	strb	r3, [r7, #9]
 8004ec8:	b08a      	sub	sp, #40	@ 0x28
 8004eca:	466c      	mov	r4, sp
 8004ecc:	f114 0210 	adds.w	r2, r4, #16
 8004ed0:	d015      	beq.n	8004efe <uart_stm32_set_baudrate+0xf6>
 8004ed2:	2012      	movs	r0, #18
 8004ed4:	b11a      	cbz	r2, 8004ede <uart_stm32_set_baudrate+0xd6>
 8004ed6:	2804      	cmp	r0, #4
 8004ed8:	dd01      	ble.n	8004ede <uart_stm32_set_baudrate+0xd6>
 8004eda:	4b29      	ldr	r3, [pc, #164]	@ (8004f80 <uart_stm32_set_baudrate+0x178>)
 8004edc:	6163      	str	r3, [r4, #20]
 8004ede:	2300      	movs	r3, #0
 8004ee0:	713b      	strb	r3, [r7, #4]
 8004ee2:	2302      	movs	r3, #2
 8004ee4:	717b      	strb	r3, [r7, #5]
 8004ee6:	b1ba      	cbz	r2, 8004f18 <uart_stm32_set_baudrate+0x110>
 8004ee8:	4603      	mov	r3, r0
 8004eea:	2808      	cmp	r0, #8
 8004eec:	dd00      	ble.n	8004ef0 <uart_stm32_set_baudrate+0xe8>
 8004eee:	61a1      	str	r1, [r4, #24]
 8004ef0:	2b0c      	cmp	r3, #12
 8004ef2:	dd00      	ble.n	8004ef6 <uart_stm32_set_baudrate+0xee>
 8004ef4:	61e6      	str	r6, [r4, #28]
 8004ef6:	f104 0320 	add.w	r3, r4, #32
 8004efa:	2100      	movs	r1, #0
 8004efc:	e00a      	b.n	8004f14 <uart_stm32_set_baudrate+0x10c>
 8004efe:	f06f 4000 	mvn.w	r0, #2147483648	@ 0x80000000
 8004f02:	e7e7      	b.n	8004ed4 <uart_stm32_set_baudrate+0xcc>
 8004f04:	f101 0610 	add.w	r6, r1, #16
 8004f08:	443e      	add	r6, r7
 8004f0a:	f816 6c0c 	ldrb.w	r6, [r6, #-12]
 8004f0e:	f803 6b01 	strb.w	r6, [r3], #1
 8004f12:	3101      	adds	r1, #1
 8004f14:	2901      	cmp	r1, #1
 8004f16:	d9f5      	bls.n	8004f04 <uart_stm32_set_baudrate+0xfc>
 8004f18:	2811      	cmp	r0, #17
 8004f1a:	dd24      	ble.n	8004f66 <uart_stm32_set_baudrate+0x15e>
 8004f1c:	2312      	movs	r3, #18
 8004f1e:	b142      	cbz	r2, 8004f32 <uart_stm32_set_baudrate+0x12a>
 8004f20:	2104      	movs	r1, #4
 8004f22:	7239      	strb	r1, [r7, #8]
 8004f24:	2100      	movs	r1, #0
 8004f26:	7279      	strb	r1, [r7, #9]
 8004f28:	72b9      	strb	r1, [r7, #10]
 8004f2a:	2101      	movs	r1, #1
 8004f2c:	72f9      	strb	r1, [r7, #11]
 8004f2e:	68b8      	ldr	r0, [r7, #8]
 8004f30:	6120      	str	r0, [r4, #16]
 8004f32:	2100      	movs	r1, #0
 8004f34:	f021 0101 	bic.w	r1, r1, #1
 8004f38:	f021 0102 	bic.w	r1, r1, #2
 8004f3c:	f021 0104 	bic.w	r1, r1, #4
 8004f40:	f021 0138 	bic.w	r1, r1, #56	@ 0x38
 8004f44:	2001      	movs	r0, #1
 8004f46:	f360 1188 	bfi	r1, r0, #6, #3
 8004f4a:	f3c3 030a 	ubfx	r3, r3, #0, #11
 8004f4e:	f363 2153 	bfi	r1, r3, #9, #11
 8004f52:	f3c1 0113 	ubfx	r1, r1, #0, #20
	z_impl_z_log_msg_static_create(source, desc, package, data);
 8004f56:	2300      	movs	r3, #0
 8004f58:	4808      	ldr	r0, [pc, #32]	@ (8004f7c <uart_stm32_set_baudrate+0x174>)
 8004f5a:	f7fd fca1 	bl	80028a0 <z_impl_z_log_msg_static_create>
 8004f5e:	46ad      	mov	sp, r5
			return -EINVAL;
 8004f60:	f06f 0415 	mvn.w	r4, #21
 8004f64:	e79d      	b.n	8004ea2 <uart_stm32_set_baudrate+0x9a>
			LOG_ERR("Unable to set %s to %d", dev->name, baud_rate);
 8004f66:	f06f 031b 	mvn.w	r3, #27
 8004f6a:	e7d8      	b.n	8004f1e <uart_stm32_set_baudrate+0x116>
		return -EINVAL;
 8004f6c:	f06f 0415 	mvn.w	r4, #21
 8004f70:	e797      	b.n	8004ea2 <uart_stm32_set_baudrate+0x9a>
 8004f72:	bf00      	nop
 8004f74:	51eb851f 	.word	0x51eb851f
 8004f78:	0800b794 	.word	0x0800b794
 8004f7c:	0800aab4 	.word	0x0800aab4
 8004f80:	0800b7c4 	.word	0x0800b7c4

08004f84 <uart_stm32_configure>:
{
 8004f84:	e92d 41f0 	stmdb	sp!, {r4, r5, r6, r7, r8, lr}
 8004f88:	460c      	mov	r4, r1
	const struct uart_stm32_config *config = dev->config;
 8004f8a:	6843      	ldr	r3, [r0, #4]
	USART_TypeDef *usart = config->usart;
 8004f8c:	681d      	ldr	r5, [r3, #0]
	struct uart_stm32_data *data = dev->data;
 8004f8e:	6903      	ldr	r3, [r0, #16]
	struct uart_config *uart_cfg = data->uart_cfg;
 8004f90:	681e      	ldr	r6, [r3, #0]
	const uint32_t parity = uart_stm32_cfg2ll_parity(cfg->parity);
 8004f92:	790b      	ldrb	r3, [r1, #4]
	switch (parity) {
 8004f94:	2b01      	cmp	r3, #1
 8004f96:	d004      	beq.n	8004fa2 <uart_stm32_configure+0x1e>
 8004f98:	2b02      	cmp	r3, #2
 8004f9a:	d10d      	bne.n	8004fb8 <uart_stm32_configure+0x34>
		return LL_USART_PARITY_EVEN;
 8004f9c:	f44f 6880 	mov.w	r8, #1024	@ 0x400
 8004fa0:	e001      	b.n	8004fa6 <uart_stm32_configure+0x22>
	switch (parity) {
 8004fa2:	f44f 68c0 	mov.w	r8, #1536	@ 0x600
	const uint32_t stopbits = uart_stm32_cfg2ll_stopbits(config, cfg->stop_bits);
 8004fa6:	7962      	ldrb	r2, [r4, #5]
	switch (sb) {
 8004fa8:	2a01      	cmp	r2, #1
 8004faa:	d008      	beq.n	8004fbe <uart_stm32_configure+0x3a>
 8004fac:	2a02      	cmp	r2, #2
 8004fae:	d008      	beq.n	8004fc2 <uart_stm32_configure+0x3e>
 8004fb0:	bb1a      	cbnz	r2, 8004ffa <uart_stm32_configure+0x76>
 8004fb2:	f44f 5780 	mov.w	r7, #4096	@ 0x1000
 8004fb6:	e006      	b.n	8004fc6 <uart_stm32_configure+0x42>
		return LL_USART_PARITY_NONE;
 8004fb8:	f04f 0800 	mov.w	r8, #0
 8004fbc:	e7f3      	b.n	8004fa6 <uart_stm32_configure+0x22>
		return STM32_USART_STOP_BIT_1;
 8004fbe:	2700      	movs	r7, #0
 8004fc0:	e001      	b.n	8004fc6 <uart_stm32_configure+0x42>
		return STM32_USART_STOP_BIT_1_5;
 8004fc2:	f44f 5740 	mov.w	r7, #12288	@ 0x3000
	const uint32_t databits = uart_stm32_cfg2ll_databits(cfg->data_bits,
 8004fc6:	f894 c006 	ldrb.w	ip, [r4, #6]
	switch (db) {
 8004fca:	f1bc 0f04 	cmp.w	ip, #4
 8004fce:	d017      	beq.n	8005000 <uart_stm32_configure+0x7c>
		if (p != UART_CFG_PARITY_NONE) {
 8004fd0:	b9cb      	cbnz	r3, 8005006 <uart_stm32_configure+0x82>
		return STM32_USART_DATAWIDTH_8_BIT;
 8004fd2:	f04f 0e00 	mov.w	lr, #0
	if ((cfg->parity == UART_CFG_PARITY_MARK) ||
 8004fd6:	1ed9      	subs	r1, r3, #3
 8004fd8:	b2c9      	uxtb	r1, r1
 8004fda:	2901      	cmp	r1, #1
 8004fdc:	d952      	bls.n	8005084 <uart_stm32_configure+0x100>
	if ((cfg->parity != UART_CFG_PARITY_NONE) &&
 8004fde:	b113      	cbz	r3, 8004fe6 <uart_stm32_configure+0x62>
 8004fe0:	f1bc 0f04 	cmp.w	ip, #4
 8004fe4:	d051      	beq.n	800508a <uart_stm32_configure+0x106>
	switch (sb) {
 8004fe6:	f5b7 5f80 	cmp.w	r7, #4096	@ 0x1000
 8004fea:	d00f      	beq.n	800500c <uart_stm32_configure+0x88>
 8004fec:	f5b7 5f40 	cmp.w	r7, #12288	@ 0x3000
 8004ff0:	d00e      	beq.n	8005010 <uart_stm32_configure+0x8c>
 8004ff2:	2f00      	cmp	r7, #0
 8004ff4:	d13b      	bne.n	800506e <uart_stm32_configure+0xea>
		return UART_CFG_STOP_BITS_1;
 8004ff6:	2301      	movs	r3, #1
 8004ff8:	e00b      	b.n	8005012 <uart_stm32_configure+0x8e>
		return STM32_USART_STOP_BIT_2;
 8004ffa:	f44f 5700 	mov.w	r7, #8192	@ 0x2000
 8004ffe:	e7e2      	b.n	8004fc6 <uart_stm32_configure+0x42>
		return STM32_USART_DATAWIDTH_9_BIT;
 8005000:	f44f 5e80 	mov.w	lr, #4096	@ 0x1000
 8005004:	e7e7      	b.n	8004fd6 <uart_stm32_configure+0x52>
			return STM32_USART_DATAWIDTH_9_BIT;
 8005006:	f44f 5e80 	mov.w	lr, #4096	@ 0x1000
 800500a:	e7e4      	b.n	8004fd6 <uart_stm32_configure+0x52>
	switch (sb) {
 800500c:	2300      	movs	r3, #0
 800500e:	e000      	b.n	8005012 <uart_stm32_configure+0x8e>
		return UART_CFG_STOP_BITS_1_5;
 8005010:	2302      	movs	r3, #2
	if (uart_stm32_ll2cfg_stopbits(stopbits) != cfg->stop_bits) {
 8005012:	429a      	cmp	r2, r3
 8005014:	d13c      	bne.n	8005090 <uart_stm32_configure+0x10c>
	switch (db) {
 8005016:	f1be 0f00 	cmp.w	lr, #0
 800501a:	d12a      	bne.n	8005072 <uart_stm32_configure+0xee>
		if (p == LL_USART_PARITY_NONE) {
 800501c:	f1b8 0f00 	cmp.w	r8, #0
 8005020:	d12e      	bne.n	8005080 <uart_stm32_configure+0xfc>
			return UART_CFG_DATA_BITS_8;
 8005022:	2303      	movs	r3, #3
	if (uart_stm32_ll2cfg_databits(databits, parity) != cfg->data_bits) {
 8005024:	459c      	cmp	ip, r3
 8005026:	d136      	bne.n	8005096 <uart_stm32_configure+0x112>
	if (!(cfg->flow_ctrl == UART_CFG_FLOW_CTRL_NONE
 8005028:	79e3      	ldrb	r3, [r4, #7]
 800502a:	b163      	cbz	r3, 8005046 <uart_stm32_configure+0xc2>
 800502c:	2b01      	cmp	r3, #1
 800502e:	d135      	bne.n	800509c <uart_stm32_configure+0x118>
		|| (cfg->flow_ctrl == UART_CFG_FLOW_CTRL_RTS_CTS &&
 8005030:	4b1f      	ldr	r3, [pc, #124]	@ (80050b0 <uart_stm32_configure+0x12c>)
 8005032:	429d      	cmp	r5, r3
 8005034:	d007      	beq.n	8005046 <uart_stm32_configure+0xc2>
			IS_UART_HWFLOW_INSTANCE(usart))
 8005036:	f5a3 434c 	sub.w	r3, r3, #52224	@ 0xcc00
 800503a:	429d      	cmp	r5, r3
 800503c:	d003      	beq.n	8005046 <uart_stm32_configure+0xc2>
 800503e:	f503 4350 	add.w	r3, r3, #53248	@ 0xd000
 8005042:	429d      	cmp	r5, r3
 8005044:	d12d      	bne.n	80050a2 <uart_stm32_configure+0x11e>
  CLEAR_BIT(USARTx->CR1, USART_CR1_UE);
 8005046:	68eb      	ldr	r3, [r5, #12]
 8005048:	f423 5300 	bic.w	r3, r3, #8192	@ 0x2000
 800504c:	60eb      	str	r3, [r5, #12]
	if (uart_stm32_parameters_set(dev, cfg) < 0) {
 800504e:	4621      	mov	r1, r4
 8005050:	f004 fd20 	bl	8009a94 <uart_stm32_parameters_set>
 8005054:	2800      	cmp	r0, #0
 8005056:	db27      	blt.n	80050a8 <uart_stm32_configure+0x124>
  SET_BIT(USARTx->CR1, USART_CR1_UE);
 8005058:	68eb      	ldr	r3, [r5, #12]
 800505a:	f443 5300 	orr.w	r3, r3, #8192	@ 0x2000
 800505e:	60eb      	str	r3, [r5, #12]
	*uart_cfg = *cfg;
 8005060:	e894 0003 	ldmia.w	r4, {r0, r1}
 8005064:	e886 0003 	stmia.w	r6, {r0, r1}
	return 0;
 8005068:	2000      	movs	r0, #0
};
 800506a:	e8bd 81f0 	ldmia.w	sp!, {r4, r5, r6, r7, r8, pc}
		return UART_CFG_STOP_BITS_2;
 800506e:	2303      	movs	r3, #3
 8005070:	e7cf      	b.n	8005012 <uart_stm32_configure+0x8e>
		if (p == LL_USART_PARITY_NONE) {
 8005072:	f1b8 0f00 	cmp.w	r8, #0
 8005076:	d101      	bne.n	800507c <uart_stm32_configure+0xf8>
			return UART_CFG_DATA_BITS_9;
 8005078:	2304      	movs	r3, #4
 800507a:	e7d3      	b.n	8005024 <uart_stm32_configure+0xa0>
			return UART_CFG_DATA_BITS_8;
 800507c:	2303      	movs	r3, #3
 800507e:	e7d1      	b.n	8005024 <uart_stm32_configure+0xa0>
			return UART_CFG_DATA_BITS_7;
 8005080:	2302      	movs	r3, #2
 8005082:	e7cf      	b.n	8005024 <uart_stm32_configure+0xa0>
		return -ENOTSUP;
 8005084:	f06f 0085 	mvn.w	r0, #133	@ 0x85
 8005088:	e7ef      	b.n	800506a <uart_stm32_configure+0xe6>
		return -ENOTSUP;
 800508a:	f06f 0085 	mvn.w	r0, #133	@ 0x85
 800508e:	e7ec      	b.n	800506a <uart_stm32_configure+0xe6>
		return -ENOTSUP;
 8005090:	f06f 0085 	mvn.w	r0, #133	@ 0x85
 8005094:	e7e9      	b.n	800506a <uart_stm32_configure+0xe6>
		return -ENOTSUP;
 8005096:	f06f 0085 	mvn.w	r0, #133	@ 0x85
 800509a:	e7e6      	b.n	800506a <uart_stm32_configure+0xe6>
		return -ENOTSUP;
 800509c:	f06f 0085 	mvn.w	r0, #133	@ 0x85
 80050a0:	e7e3      	b.n	800506a <uart_stm32_configure+0xe6>
 80050a2:	f06f 0085 	mvn.w	r0, #133	@ 0x85
 80050a6:	e7e0      	b.n	800506a <uart_stm32_configure+0xe6>
		return -ENOTSUP;
 80050a8:	f06f 0085 	mvn.w	r0, #133	@ 0x85
 80050ac:	e7dd      	b.n	800506a <uart_stm32_configure+0xe6>
 80050ae:	bf00      	nop
 80050b0:	40011000 	.word	0x40011000

080050b4 <uart_stm32_registers_configure>:

static int uart_stm32_registers_configure(const struct device *dev)
{
 80050b4:	b5f8      	push	{r3, r4, r5, r6, r7, lr}
 80050b6:	4605      	mov	r5, r0
	const struct uart_stm32_config *config = dev->config;
 80050b8:	6846      	ldr	r6, [r0, #4]
	USART_TypeDef *usart = config->usart;
 80050ba:	6834      	ldr	r4, [r6, #0]
	struct uart_stm32_data *data = dev->data;
 80050bc:	6903      	ldr	r3, [r0, #16]
	struct uart_config *uart_cfg = data->uart_cfg;
 80050be:	681f      	ldr	r7, [r3, #0]
  CLEAR_BIT(USARTx->CR1, USART_CR1_UE);
 80050c0:	68e3      	ldr	r3, [r4, #12]
 80050c2:	f423 5300 	bic.w	r3, r3, #8192	@ 0x2000
 80050c6:	60e3      	str	r3, [r4, #12]

	LL_USART_Disable(usart);

	if (!device_is_ready(config->reset.dev)) {
 80050c8:	68b0      	ldr	r0, [r6, #8]
 80050ca:	f004 fdcc 	bl	8009c66 <z_impl_device_is_ready>
 80050ce:	b308      	cbz	r0, 8005114 <uart_stm32_registers_configure+0x60>
 *
 * @return a value from reset_line_toggle()
 */
static inline int reset_line_toggle_dt(const struct reset_dt_spec *spec)
{
	return reset_line_toggle(spec->dev, spec->id);
 80050d0:	68f1      	ldr	r1, [r6, #12]
 80050d2:	68b0      	ldr	r0, [r6, #8]
 80050d4:	f004 fc01 	bl	80098da <reset_line_toggle>
 */
__STATIC_FORCEINLINE uint32_t __LDREXW(volatile uint32_t *addr)
{
  uint32_t result;

  __ASM volatile ("ldrex %0, %1" : "=r" (result) : "Q" (*addr) );
 80050d8:	f104 030c 	add.w	r3, r4, #12
 80050dc:	e853 3f00 	ldrex	r3, [r3]
  ATOMIC_MODIFY_REG(USARTx->CR1, USART_CR1_RE | USART_CR1_TE, TransferDirection);
 80050e0:	f043 030c 	orr.w	r3, r3, #12
 */
__STATIC_FORCEINLINE uint32_t __STREXW(uint32_t value, volatile uint32_t *addr)
{
  uint32_t result;

  __ASM volatile ("strex %0, %2, %1" : "=&r" (result), "=Q" (*addr) : "r" (value) );
 80050e4:	f104 010c 	add.w	r1, r4, #12
 80050e8:	e841 3200 	strex	r2, r3, [r1]
 80050ec:	2a00      	cmp	r2, #0
 80050ee:	d1f3      	bne.n	80050d8 <uart_stm32_registers_configure+0x24>

	/* TX/RX direction */
	LL_USART_SetTransferDirection(usart, LL_USART_DIRECTION_TX_RX);

	/* Set basic parameters, such as data-/stop-bit, parity, and baudrate */
	if (uart_stm32_parameters_set(dev, uart_cfg) < 0) {
 80050f0:	4639      	mov	r1, r7
 80050f2:	4628      	mov	r0, r5
 80050f4:	f004 fcce 	bl	8009a94 <uart_stm32_parameters_set>
 80050f8:	2800      	cmp	r0, #0
 80050fa:	db13      	blt.n	8005124 <uart_stm32_registers_configure+0x70>
		return -EINVAL;
	}

	/* Enable the single wire / half-duplex mode */
	if (config->single_wire) {
 80050fc:	7e33      	ldrb	r3, [r6, #24]
 80050fe:	b11b      	cbz	r3, 8005108 <uart_stm32_registers_configure+0x54>
  * @param  USARTx USART Instance
  * @retval None
  */
__STATIC_INLINE void LL_USART_EnableHalfDuplex(USART_TypeDef *USARTx)
{
  SET_BIT(USARTx->CR3, USART_CR3_HDSEL);
 8005100:	6963      	ldr	r3, [r4, #20]
 8005102:	f043 0308 	orr.w	r3, r3, #8
 8005106:	6163      	str	r3, [r4, #20]
  SET_BIT(USARTx->CR1, USART_CR1_UE);
 8005108:	68e3      	ldr	r3, [r4, #12]
 800510a:	f443 5300 	orr.w	r3, r3, #8192	@ 0x2000
 800510e:	60e3      	str	r3, [r4, #12]
	/* Wait until REACK flag is set */
	while (!(LL_USART_IsActiveFlag_REACK(usart))) {
	}
#endif /* USART_ISR_REACK */

	return 0;
 8005110:	2000      	movs	r0, #0
}
 8005112:	bdf8      	pop	{r3, r4, r5, r6, r7, pc}
	z_impl_z_log_msg_simple_create_0(source, level, fmt);
 8005114:	4a05      	ldr	r2, [pc, #20]	@ (800512c <uart_stm32_registers_configure+0x78>)
 8005116:	2101      	movs	r1, #1
 8005118:	4805      	ldr	r0, [pc, #20]	@ (8005130 <uart_stm32_registers_configure+0x7c>)
 800511a:	f003 fca8 	bl	8008a6e <z_impl_z_log_msg_simple_create_0>
		return -ENODEV;
 800511e:	f06f 0012 	mvn.w	r0, #18
 8005122:	e7f6      	b.n	8005112 <uart_stm32_registers_configure+0x5e>
		return -EINVAL;
 8005124:	f06f 0015 	mvn.w	r0, #21
 8005128:	e7f3      	b.n	8005112 <uart_stm32_registers_configure+0x5e>
 800512a:	bf00      	nop
 800512c:	0800b7dc 	.word	0x0800b7dc
 8005130:	0800aab4 	.word	0x0800aab4

08005134 <elapsed>:
 *     - and until the current call of the function is completed.
 * - the function is invoked with interrupts disabled.
 */
static uint32_t elapsed(void)
{
	uint32_t val1 = SysTick->VAL;	/* A */
 8005134:	f04f 23e0 	mov.w	r3, #3758153728	@ 0xe000e000
 8005138:	6999      	ldr	r1, [r3, #24]
	uint32_t ctrl = SysTick->CTRL;	/* B */
 800513a:	6918      	ldr	r0, [r3, #16]
	uint32_t val2 = SysTick->VAL;	/* C */
 800513c:	699a      	ldr	r2, [r3, #24]
	 * 4) After C we'll see it next time
	 *
	 * So the count in val2 is post-wrap and last_load needs to be
	 * added if and only if COUNTFLAG is set or val1 < val2.
	 */
	if (val1 == 0) {
 800513e:	b909      	cbnz	r1, 8005144 <elapsed+0x10>
		val1 = last_load;
 8005140:	4b0c      	ldr	r3, [pc, #48]	@ (8005174 <elapsed+0x40>)
 8005142:	6819      	ldr	r1, [r3, #0]
	}
	if (val2 == 0) {
 8005144:	b90a      	cbnz	r2, 800514a <elapsed+0x16>
		val2 = last_load;
 8005146:	4b0b      	ldr	r3, [pc, #44]	@ (8005174 <elapsed+0x40>)
 8005148:	681a      	ldr	r2, [r3, #0]
	}

	if ((ctrl & SysTick_CTRL_COUNTFLAG_Msk)
 800514a:	f410 3f80 	tst.w	r0, #65536	@ 0x10000
 800514e:	d101      	bne.n	8005154 <elapsed+0x20>
	    || (val1 < val2)) {
 8005150:	4291      	cmp	r1, r2
 8005152:	d208      	bcs.n	8005166 <elapsed+0x32>
		overflow_cyc += last_load;
 8005154:	4908      	ldr	r1, [pc, #32]	@ (8005178 <elapsed+0x44>)
 8005156:	680b      	ldr	r3, [r1, #0]
 8005158:	4806      	ldr	r0, [pc, #24]	@ (8005174 <elapsed+0x40>)
 800515a:	6800      	ldr	r0, [r0, #0]
 800515c:	4403      	add	r3, r0
 800515e:	600b      	str	r3, [r1, #0]

		/* We know there was a wrap, but we might not have
		 * seen it in CTRL, so clear it. */
		(void)SysTick->CTRL;
 8005160:	f04f 23e0 	mov.w	r3, #3758153728	@ 0xe000e000
 8005164:	691b      	ldr	r3, [r3, #16]
	}

	return (last_load - val2) + overflow_cyc;
 8005166:	4b03      	ldr	r3, [pc, #12]	@ (8005174 <elapsed+0x40>)
 8005168:	681b      	ldr	r3, [r3, #0]
 800516a:	1a9b      	subs	r3, r3, r2
 800516c:	4a02      	ldr	r2, [pc, #8]	@ (8005178 <elapsed+0x44>)
 800516e:	6810      	ldr	r0, [r2, #0]
}
 8005170:	4418      	add	r0, r3
 8005172:	4770      	bx	lr
 8005174:	20001144 	.word	0x20001144
 8005178:	20001140 	.word	0x20001140

0800517c <sys_clock_driver_init>:
    SCB->SHPR[(((uint32_t)IRQn) & 0xFUL)-4UL] = (uint8_t)((priority << (8U - __NVIC_PRIO_BITS)) & (uint32_t)0xFFUL);
 800517c:	4b09      	ldr	r3, [pc, #36]	@ (80051a4 <sys_clock_driver_init+0x28>)
 800517e:	2210      	movs	r2, #16
 8005180:	f883 2023 	strb.w	r2, [r3, #35]	@ 0x23

static int sys_clock_driver_init(void)
{

	NVIC_SetPriority(SysTick_IRQn, _IRQ_PRIO_OFFSET);
	last_load = CYC_PER_TICK;
 8005184:	4b08      	ldr	r3, [pc, #32]	@ (80051a8 <sys_clock_driver_init+0x2c>)
 8005186:	f242 02d0 	movw	r2, #8400	@ 0x20d0
 800518a:	601a      	str	r2, [r3, #0]
	overflow_cyc = 0U;
 800518c:	2000      	movs	r0, #0
 800518e:	4b07      	ldr	r3, [pc, #28]	@ (80051ac <sys_clock_driver_init+0x30>)
 8005190:	6018      	str	r0, [r3, #0]
	SysTick->LOAD = last_load - 1;
 8005192:	f04f 23e0 	mov.w	r3, #3758153728	@ 0xe000e000
 8005196:	f242 02cf 	movw	r2, #8399	@ 0x20cf
 800519a:	615a      	str	r2, [r3, #20]
	SysTick->VAL = 0; /* resets timer to last_load */
 800519c:	6198      	str	r0, [r3, #24]

	uint32_t ctrl_flags = SysTick_CTRL_ENABLE_Msk |
			      SysTick_CTRL_TICKINT_Msk |
			      SYSTICK_CTRL_CLKSOURCE_MSK_GET();

	SysTick->CTRL = ctrl_flags;
 800519e:	2207      	movs	r2, #7
 80051a0:	611a      	str	r2, [r3, #16]

	return 0;
}
 80051a2:	4770      	bx	lr
 80051a4:	e000ed00 	.word	0xe000ed00
 80051a8:	20001144 	.word	0x20001144
 80051ac:	20001140 	.word	0x20001140

080051b0 <sys_clock_isr>:
{
 80051b0:	4668      	mov	r0, sp
 80051b2:	f020 0107 	bic.w	r1, r0, #7
 80051b6:	468d      	mov	sp, r1
 80051b8:	b519      	push	{r0, r3, r4, lr}
	elapsed();
 80051ba:	f7ff ffbb 	bl	8005134 <elapsed>
	cycle_count += overflow_cyc;
 80051be:	4812      	ldr	r0, [pc, #72]	@ (8005208 <sys_clock_isr+0x58>)
 80051c0:	6803      	ldr	r3, [r0, #0]
 80051c2:	4a12      	ldr	r2, [pc, #72]	@ (800520c <sys_clock_isr+0x5c>)
 80051c4:	6851      	ldr	r1, [r2, #4]
 80051c6:	6814      	ldr	r4, [r2, #0]
 80051c8:	191b      	adds	r3, r3, r4
 80051ca:	f141 0100 	adc.w	r1, r1, #0
 80051ce:	6013      	str	r3, [r2, #0]
 80051d0:	6051      	str	r1, [r2, #4]
	overflow_cyc = 0;
 80051d2:	2200      	movs	r2, #0
 80051d4:	6002      	str	r2, [r0, #0]
		dcycles = cycle_count - announced_cycles;
 80051d6:	490e      	ldr	r1, [pc, #56]	@ (8005210 <sys_clock_isr+0x60>)
 80051d8:	680a      	ldr	r2, [r1, #0]
 80051da:	1a98      	subs	r0, r3, r2
		dticks = dcycles / CYC_PER_TICK;
 80051dc:	4b0d      	ldr	r3, [pc, #52]	@ (8005214 <sys_clock_isr+0x64>)
 80051de:	fba3 3000 	umull	r3, r0, r3, r0
 80051e2:	0b40      	lsrs	r0, r0, #13
		announced_cycles += dticks * CYC_PER_TICK;
 80051e4:	f242 03d0 	movw	r3, #8400	@ 0x20d0
 80051e8:	fb00 f303 	mul.w	r3, r0, r3
 80051ec:	18d2      	adds	r2, r2, r3
 80051ee:	684b      	ldr	r3, [r1, #4]
 80051f0:	f143 0300 	adc.w	r3, r3, #0
 80051f4:	600a      	str	r2, [r1, #0]
 80051f6:	604b      	str	r3, [r1, #4]
		sys_clock_announce(dticks);
 80051f8:	f004 fd01 	bl	8009bfe <sys_clock_announce>
	z_arm_int_exit();
 80051fc:	f7fe fb98 	bl	8003930 <z_arm_exc_exit>
}
 8005200:	e8bd 4019 	ldmia.w	sp!, {r0, r3, r4, lr}
 8005204:	4685      	mov	sp, r0
 8005206:	4770      	bx	lr
 8005208:	20001140 	.word	0x20001140
 800520c:	20000ca0 	.word	0x20000ca0
 8005210:	20000c98 	.word	0x20000c98
 8005214:	f9a9342d 	.word	0xf9a9342d

08005218 <sys_clock_set_timeout>:
{
 8005218:	b5f8      	push	{r3, r4, r5, r6, r7, lr}
	if (IS_ENABLED(CONFIG_TICKLESS_KERNEL) && idle && ticks == K_TICKS_FOREVER) {
 800521a:	2900      	cmp	r1, #0
 800521c:	d04d      	beq.n	80052ba <sys_clock_set_timeout+0xa2>
 800521e:	f1b0 3fff 	cmp.w	r0, #4294967295
 8005222:	d03f      	beq.n	80052a4 <sys_clock_set_timeout+0x8c>
	uint32_t last_load_ = last_load;
 8005224:	4b3f      	ldr	r3, [pc, #252]	@ (8005324 <sys_clock_set_timeout+0x10c>)
 8005226:	681c      	ldr	r4, [r3, #0]
	ticks = CLAMP(ticks - 1, 0, (int32_t)MAX_TICKS);
 8005228:	2801      	cmp	r0, #1
 800522a:	dd4e      	ble.n	80052ca <sys_clock_set_timeout+0xb2>
 800522c:	f240 73cd 	movw	r3, #1997	@ 0x7cd
 8005230:	4298      	cmp	r0, r3
 8005232:	bfa8      	it	ge
 8005234:	4618      	movge	r0, r3
 8005236:	1e46      	subs	r6, r0, #1
  __ASM volatile ("MRS %0, basepri" : "=r" (result) );
 8005238:	f3ef 8511 	mrs	r5, BASEPRI
  __ASM volatile ("MSR basepri_max, %0" : : "r" (basePri) : "memory");
 800523c:	2310      	movs	r3, #16
 800523e:	f383 8812 	msr	BASEPRI_MAX, r3
  __ASM volatile ("isb 0xF":::"memory");
 8005242:	f3bf 8f6f 	isb	sy
	uint32_t pending = elapsed();
 8005246:	f7ff ff75 	bl	8005134 <elapsed>
	val1 = SysTick->VAL;
 800524a:	f04f 23e0 	mov.w	r3, #3758153728	@ 0xe000e000
 800524e:	699f      	ldr	r7, [r3, #24]
	cycle_count += pending;
 8005250:	4a35      	ldr	r2, [pc, #212]	@ (8005328 <sys_clock_set_timeout+0x110>)
 8005252:	6813      	ldr	r3, [r2, #0]
 8005254:	6851      	ldr	r1, [r2, #4]
 8005256:	18c3      	adds	r3, r0, r3
 8005258:	f141 0100 	adc.w	r1, r1, #0
 800525c:	6013      	str	r3, [r2, #0]
 800525e:	6051      	str	r1, [r2, #4]
	overflow_cyc = 0U;
 8005260:	2100      	movs	r1, #0
 8005262:	4a32      	ldr	r2, [pc, #200]	@ (800532c <sys_clock_set_timeout+0x114>)
 8005264:	6011      	str	r1, [r2, #0]
	uint32_t unannounced = cycle_count - announced_cycles;
 8005266:	4a32      	ldr	r2, [pc, #200]	@ (8005330 <sys_clock_set_timeout+0x118>)
 8005268:	6811      	ldr	r1, [r2, #0]
	if ((int32_t)unannounced < 0) {
 800526a:	1a5a      	subs	r2, r3, r1
 800526c:	d42f      	bmi.n	80052ce <sys_clock_set_timeout+0xb6>
		delay = ticks * CYC_PER_TICK;
 800526e:	f242 00d0 	movw	r0, #8400	@ 0x20d0
		delay += unannounced;
 8005272:	fb00 2206 	mla	r2, r0, r6, r2
		delay = DIV_ROUND_UP(delay, CYC_PER_TICK) * CYC_PER_TICK;
 8005276:	f502 5203 	add.w	r2, r2, #8384	@ 0x20c0
 800527a:	320f      	adds	r2, #15
 800527c:	4e2d      	ldr	r6, [pc, #180]	@ (8005334 <sys_clock_set_timeout+0x11c>)
 800527e:	fba6 6202 	umull	r6, r2, r6, r2
 8005282:	0b52      	lsrs	r2, r2, #13
		delay -= unannounced;
 8005284:	1ac9      	subs	r1, r1, r3
 8005286:	fb00 1102 	mla	r1, r0, r2, r1
		delay = MAX(delay, MIN_DELAY);
 800528a:	460a      	mov	r2, r1
 800528c:	f5b1 6f80 	cmp.w	r1, #1024	@ 0x400
 8005290:	bf38      	it	cc
 8005292:	f44f 6280 	movcc.w	r2, #1024	@ 0x400
		if (delay > MAX_CYCLES) {
 8005296:	4b28      	ldr	r3, [pc, #160]	@ (8005338 <sys_clock_set_timeout+0x120>)
 8005298:	4299      	cmp	r1, r3
 800529a:	d936      	bls.n	800530a <sys_clock_set_timeout+0xf2>
			last_load = MAX_CYCLES;
 800529c:	4b21      	ldr	r3, [pc, #132]	@ (8005324 <sys_clock_set_timeout+0x10c>)
 800529e:	4a26      	ldr	r2, [pc, #152]	@ (8005338 <sys_clock_set_timeout+0x120>)
 80052a0:	601a      	str	r2, [r3, #0]
 80052a2:	e018      	b.n	80052d6 <sys_clock_set_timeout+0xbe>
		SysTick->CTRL &= ~SysTick_CTRL_ENABLE_Msk;
 80052a4:	f04f 22e0 	mov.w	r2, #3758153728	@ 0xe000e000
 80052a8:	6913      	ldr	r3, [r2, #16]
 80052aa:	f023 0301 	bic.w	r3, r3, #1
 80052ae:	6113      	str	r3, [r2, #16]
		last_load = TIMER_STOPPED;
 80052b0:	4b1c      	ldr	r3, [pc, #112]	@ (8005324 <sys_clock_set_timeout+0x10c>)
 80052b2:	f04f 427f 	mov.w	r2, #4278190080	@ 0xff000000
 80052b6:	601a      	str	r2, [r3, #0]
		return;
 80052b8:	e026      	b.n	8005308 <sys_clock_set_timeout+0xf0>
	uint32_t last_load_ = last_load;
 80052ba:	4b1a      	ldr	r3, [pc, #104]	@ (8005324 <sys_clock_set_timeout+0x10c>)
 80052bc:	681c      	ldr	r4, [r3, #0]
	ticks = (ticks == K_TICKS_FOREVER) ? MAX_TICKS : ticks;
 80052be:	f1b0 3fff 	cmp.w	r0, #4294967295
 80052c2:	d1b1      	bne.n	8005228 <sys_clock_set_timeout+0x10>
 80052c4:	f240 70cc 	movw	r0, #1996	@ 0x7cc
 80052c8:	e7b0      	b.n	800522c <sys_clock_set_timeout+0x14>
	ticks = CLAMP(ticks - 1, 0, (int32_t)MAX_TICKS);
 80052ca:	2600      	movs	r6, #0
 80052cc:	e7b4      	b.n	8005238 <sys_clock_set_timeout+0x20>
		last_load = MIN_DELAY;
 80052ce:	4b15      	ldr	r3, [pc, #84]	@ (8005324 <sys_clock_set_timeout+0x10c>)
 80052d0:	f44f 6280 	mov.w	r2, #1024	@ 0x400
 80052d4:	601a      	str	r2, [r3, #0]
	val2 = SysTick->VAL;
 80052d6:	f04f 23e0 	mov.w	r3, #3758153728	@ 0xe000e000
 80052da:	6999      	ldr	r1, [r3, #24]
	SysTick->LOAD = last_load - 1;
 80052dc:	4a11      	ldr	r2, [pc, #68]	@ (8005324 <sys_clock_set_timeout+0x10c>)
 80052de:	6812      	ldr	r2, [r2, #0]
 80052e0:	3a01      	subs	r2, #1
 80052e2:	615a      	str	r2, [r3, #20]
	SysTick->VAL = 0; /* resets timer to last_load */
 80052e4:	2200      	movs	r2, #0
 80052e6:	619a      	str	r2, [r3, #24]
	if (val1 < val2) {
 80052e8:	428f      	cmp	r7, r1
 80052ea:	d211      	bcs.n	8005310 <sys_clock_set_timeout+0xf8>
		cycle_count += (val1 + (last_load_ - val2));
 80052ec:	1a64      	subs	r4, r4, r1
 80052ee:	443c      	add	r4, r7
 80052f0:	4a0d      	ldr	r2, [pc, #52]	@ (8005328 <sys_clock_set_timeout+0x110>)
 80052f2:	6813      	ldr	r3, [r2, #0]
 80052f4:	6851      	ldr	r1, [r2, #4]
 80052f6:	191b      	adds	r3, r3, r4
 80052f8:	f141 0100 	adc.w	r1, r1, #0
 80052fc:	6013      	str	r3, [r2, #0]
 80052fe:	6051      	str	r1, [r2, #4]
  __ASM volatile ("MSR basepri, %0" : : "r" (basePri) : "memory");
 8005300:	f385 8811 	msr	BASEPRI, r5
 8005304:	f3bf 8f6f 	isb	sy
}
 8005308:	bdf8      	pop	{r3, r4, r5, r6, r7, pc}
			last_load = delay;
 800530a:	4b06      	ldr	r3, [pc, #24]	@ (8005324 <sys_clock_set_timeout+0x10c>)
 800530c:	601a      	str	r2, [r3, #0]
 800530e:	e7e2      	b.n	80052d6 <sys_clock_set_timeout+0xbe>
		cycle_count += (val1 - val2);
 8005310:	1a7f      	subs	r7, r7, r1
 8005312:	4a05      	ldr	r2, [pc, #20]	@ (8005328 <sys_clock_set_timeout+0x110>)
 8005314:	6813      	ldr	r3, [r2, #0]
 8005316:	6851      	ldr	r1, [r2, #4]
 8005318:	19db      	adds	r3, r3, r7
 800531a:	f141 0100 	adc.w	r1, r1, #0
 800531e:	6013      	str	r3, [r2, #0]
 8005320:	6051      	str	r1, [r2, #4]
 8005322:	e7ed      	b.n	8005300 <sys_clock_set_timeout+0xe8>
 8005324:	20001144 	.word	0x20001144
 8005328:	20000ca0 	.word	0x20000ca0
 800532c:	20001140 	.word	0x20001140
 8005330:	20000c98 	.word	0x20000c98
 8005334:	f9a9342d 	.word	0xf9a9342d
 8005338:	00ffd5c0 	.word	0x00ffd5c0

0800533c <sys_clock_elapsed>:
{
 800533c:	b538      	push	{r3, r4, r5, lr}
  __ASM volatile ("MRS %0, basepri" : "=r" (result) );
 800533e:	f3ef 8511 	mrs	r5, BASEPRI
  __ASM volatile ("MSR basepri_max, %0" : : "r" (basePri) : "memory");
 8005342:	2310      	movs	r3, #16
 8005344:	f383 8812 	msr	BASEPRI_MAX, r3
 8005348:	f3bf 8f6f 	isb	sy
	uint32_t unannounced = cycle_count - announced_cycles;
 800534c:	4b08      	ldr	r3, [pc, #32]	@ (8005370 <sys_clock_elapsed+0x34>)
 800534e:	681c      	ldr	r4, [r3, #0]
 8005350:	4b08      	ldr	r3, [pc, #32]	@ (8005374 <sys_clock_elapsed+0x38>)
 8005352:	681b      	ldr	r3, [r3, #0]
 8005354:	1ae4      	subs	r4, r4, r3
	uint32_t cyc = elapsed() + unannounced;
 8005356:	f7ff feed 	bl	8005134 <elapsed>
 800535a:	4420      	add	r0, r4
  __ASM volatile ("MSR basepri, %0" : : "r" (basePri) : "memory");
 800535c:	f385 8811 	msr	BASEPRI, r5
 8005360:	f3bf 8f6f 	isb	sy
	return cyc / CYC_PER_TICK;
 8005364:	4b04      	ldr	r3, [pc, #16]	@ (8005378 <sys_clock_elapsed+0x3c>)
 8005366:	fba3 3000 	umull	r3, r0, r3, r0
}
 800536a:	0b40      	lsrs	r0, r0, #13
 800536c:	bd38      	pop	{r3, r4, r5, pc}
 800536e:	bf00      	nop
 8005370:	20000ca0 	.word	0x20000ca0
 8005374:	20000c98 	.word	0x20000c98
 8005378:	f9a9342d 	.word	0xf9a9342d

0800537c <sys_clock_cycle_get_32>:
{
 800537c:	b538      	push	{r3, r4, r5, lr}
  __ASM volatile ("MRS %0, basepri" : "=r" (result) );
 800537e:	f3ef 8511 	mrs	r5, BASEPRI
  __ASM volatile ("MSR basepri_max, %0" : : "r" (basePri) : "memory");
 8005382:	2310      	movs	r3, #16
 8005384:	f383 8812 	msr	BASEPRI_MAX, r3
 8005388:	f3bf 8f6f 	isb	sy
	uint32_t ret = cycle_count;
 800538c:	4b04      	ldr	r3, [pc, #16]	@ (80053a0 <sys_clock_cycle_get_32+0x24>)
 800538e:	681c      	ldr	r4, [r3, #0]
	ret += elapsed();
 8005390:	f7ff fed0 	bl	8005134 <elapsed>
 8005394:	4420      	add	r0, r4
  __ASM volatile ("MSR basepri, %0" : : "r" (basePri) : "memory");
 8005396:	f385 8811 	msr	BASEPRI, r5
 800539a:	f3bf 8f6f 	isb	sy
}
 800539e:	bd38      	pop	{r3, r4, r5, pc}
 80053a0:	20000ca0 	.word	0x20000ca0

080053a4 <HAL_RCC_GetSysClockFreq>:
  *
  *
  * @retval SYSCLK frequency
  */
__weak uint32_t HAL_RCC_GetSysClockFreq(void)
{
 80053a4:	b508      	push	{r3, lr}
  uint32_t pllvco = 0U;
  uint32_t pllp = 0U;
  uint32_t sysclockfreq = 0U;

  /* Get SYSCLK source -------------------------------------------------------*/
  switch (RCC->CFGR & RCC_CFGR_SWS)
 80053a6:	4b33      	ldr	r3, [pc, #204]	@ (8005474 <HAL_RCC_GetSysClockFreq+0xd0>)
 80053a8:	689b      	ldr	r3, [r3, #8]
 80053aa:	f003 030c 	and.w	r3, r3, #12
 80053ae:	2b04      	cmp	r3, #4
 80053b0:	d05b      	beq.n	800546a <HAL_RCC_GetSysClockFreq+0xc6>
 80053b2:	2b08      	cmp	r3, #8
 80053b4:	d15b      	bne.n	800546e <HAL_RCC_GetSysClockFreq+0xca>
    }
    case RCC_CFGR_SWS_PLL:  /* PLL used as system clock  source */
    {
      /* PLL_VCO = (HSE_VALUE or HSI_VALUE / PLLM) * PLLN
      SYSCLK = PLL_VCO / PLLP */
      pllm = RCC->PLLCFGR & RCC_PLLCFGR_PLLM;
 80053b6:	4b2f      	ldr	r3, [pc, #188]	@ (8005474 <HAL_RCC_GetSysClockFreq+0xd0>)
 80053b8:	685a      	ldr	r2, [r3, #4]
 80053ba:	f002 023f 	and.w	r2, r2, #63	@ 0x3f
      if (__HAL_RCC_GET_PLL_OSCSOURCE() != RCC_PLLSOURCE_HSI)
 80053be:	685b      	ldr	r3, [r3, #4]
 80053c0:	f413 0f80 	tst.w	r3, #4194304	@ 0x400000
 80053c4:	d02c      	beq.n	8005420 <HAL_RCC_GetSysClockFreq+0x7c>
      {
        /* HSE used as PLL clock source */
        pllvco = (uint32_t)((((uint64_t) HSE_VALUE * ((uint64_t)((RCC->PLLCFGR & RCC_PLLCFGR_PLLN) >> RCC_PLLCFGR_PLLN_Pos)))) / (uint64_t)pllm);
 80053c6:	4b2b      	ldr	r3, [pc, #172]	@ (8005474 <HAL_RCC_GetSysClockFreq+0xd0>)
 80053c8:	6858      	ldr	r0, [r3, #4]
 80053ca:	f3c0 1088 	ubfx	r0, r0, #6, #9
 80053ce:	ea4f 1c40 	mov.w	ip, r0, lsl #5
 80053d2:	ebbc 0c00 	subs.w	ip, ip, r0
 80053d6:	eb6e 0e0e 	sbc.w	lr, lr, lr
 80053da:	ea4f 138e 	mov.w	r3, lr, lsl #6
 80053de:	ea43 639c 	orr.w	r3, r3, ip, lsr #26
 80053e2:	ea4f 118c 	mov.w	r1, ip, lsl #6
 80053e6:	ebb1 010c 	subs.w	r1, r1, ip
 80053ea:	eb63 030e 	sbc.w	r3, r3, lr
 80053ee:	00db      	lsls	r3, r3, #3
 80053f0:	ea43 7351 	orr.w	r3, r3, r1, lsr #29
 80053f4:	00c9      	lsls	r1, r1, #3
 80053f6:	eb11 0c00 	adds.w	ip, r1, r0
 80053fa:	f143 0300 	adc.w	r3, r3, #0
 80053fe:	0259      	lsls	r1, r3, #9
 8005400:	2300      	movs	r3, #0
 8005402:	ea4f 204c 	mov.w	r0, ip, lsl #9
 8005406:	ea41 51dc 	orr.w	r1, r1, ip, lsr #23
 800540a:	f7fb f9a7 	bl	800075c <__aeabi_uldivmod>
      else
      {
        /* HSI used as PLL clock source */
        pllvco = (uint32_t)((((uint64_t) HSI_VALUE * ((uint64_t)((RCC->PLLCFGR & RCC_PLLCFGR_PLLN) >> RCC_PLLCFGR_PLLN_Pos)))) / (uint64_t)pllm);
      }
      pllp = ((((RCC->PLLCFGR & RCC_PLLCFGR_PLLP) >> RCC_PLLCFGR_PLLP_Pos) + 1U) * 2U);
 800540e:	4b19      	ldr	r3, [pc, #100]	@ (8005474 <HAL_RCC_GetSysClockFreq+0xd0>)
 8005410:	685b      	ldr	r3, [r3, #4]
 8005412:	f3c3 4301 	ubfx	r3, r3, #16, #2
 8005416:	3301      	adds	r3, #1
 8005418:	005b      	lsls	r3, r3, #1

      sysclockfreq = pllvco / pllp;
 800541a:	fbb0 f0f3 	udiv	r0, r0, r3
      sysclockfreq = HSI_VALUE;
      break;
    }
  }
  return sysclockfreq;
}
 800541e:	bd08      	pop	{r3, pc}
        pllvco = (uint32_t)((((uint64_t) HSI_VALUE * ((uint64_t)((RCC->PLLCFGR & RCC_PLLCFGR_PLLN) >> RCC_PLLCFGR_PLLN_Pos)))) / (uint64_t)pllm);
 8005420:	4b14      	ldr	r3, [pc, #80]	@ (8005474 <HAL_RCC_GetSysClockFreq+0xd0>)
 8005422:	6858      	ldr	r0, [r3, #4]
 8005424:	f3c0 1088 	ubfx	r0, r0, #6, #9
 8005428:	ea4f 1c40 	mov.w	ip, r0, lsl #5
 800542c:	ebbc 0c00 	subs.w	ip, ip, r0
 8005430:	eb6e 0e0e 	sbc.w	lr, lr, lr
 8005434:	ea4f 138e 	mov.w	r3, lr, lsl #6
 8005438:	ea43 639c 	orr.w	r3, r3, ip, lsr #26
 800543c:	ea4f 118c 	mov.w	r1, ip, lsl #6
 8005440:	ebb1 010c 	subs.w	r1, r1, ip
 8005444:	eb63 030e 	sbc.w	r3, r3, lr
 8005448:	00db      	lsls	r3, r3, #3
 800544a:	ea43 7351 	orr.w	r3, r3, r1, lsr #29
 800544e:	00c9      	lsls	r1, r1, #3
 8005450:	eb11 0c00 	adds.w	ip, r1, r0
 8005454:	f143 0300 	adc.w	r3, r3, #0
 8005458:	0299      	lsls	r1, r3, #10
 800545a:	2300      	movs	r3, #0
 800545c:	ea4f 208c 	mov.w	r0, ip, lsl #10
 8005460:	ea41 519c 	orr.w	r1, r1, ip, lsr #22
 8005464:	f7fb f97a 	bl	800075c <__aeabi_uldivmod>
 8005468:	e7d1      	b.n	800540e <HAL_RCC_GetSysClockFreq+0x6a>
      sysclockfreq = HSE_VALUE;
 800546a:	4803      	ldr	r0, [pc, #12]	@ (8005478 <HAL_RCC_GetSysClockFreq+0xd4>)
 800546c:	e7d7      	b.n	800541e <HAL_RCC_GetSysClockFreq+0x7a>
  switch (RCC->CFGR & RCC_CFGR_SWS)
 800546e:	4803      	ldr	r0, [pc, #12]	@ (800547c <HAL_RCC_GetSysClockFreq+0xd8>)
  return sysclockfreq;
 8005470:	e7d5      	b.n	800541e <HAL_RCC_GetSysClockFreq+0x7a>
 8005472:	bf00      	nop
 8005474:	40023800 	.word	0x40023800
 8005478:	007a1200 	.word	0x007a1200
 800547c:	00f42400 	.word	0x00f42400

08005480 <LL_SetFlashLatency>:
  uint32_t latency = LL_FLASH_LATENCY_0;  /* default value 0WS */
  ErrorStatus status = SUCCESS;


  /* Frequency cannot be equal to 0 */
  if(HCLK_Frequency == 0U)
 8005480:	4602      	mov	r2, r0
 8005482:	2800      	cmp	r0, #0
 8005484:	d03c      	beq.n	8005500 <LL_SetFlashLatency+0x80>
  return (uint32_t)(READ_BIT(PWR->CR, PWR_CR_VOS));
 8005486:	4b20      	ldr	r3, [pc, #128]	@ (8005508 <LL_SetFlashLatency+0x88>)
 8005488:	6819      	ldr	r1, [r3, #0]
 800548a:	681b      	ldr	r3, [r3, #0]
 800548c:	f403 4340 	and.w	r3, r3, #49152	@ 0xc000
          latency = LL_FLASH_LATENCY_1;
        }
      }
#endif /* UTILS_SCALE1_LATENCY2_FREQ */
    }
    if(LL_PWR_GetRegulVoltageScaling() == LL_PWR_REGU_VOLTAGE_SCALE2)
 8005490:	f5b3 4f00 	cmp.w	r3, #32768	@ 0x8000
 8005494:	d01b      	beq.n	80054ce <LL_SetFlashLatency+0x4e>
  uint32_t latency = LL_FLASH_LATENCY_0;  /* default value 0WS */
 8005496:	2100      	movs	r1, #0
 8005498:	4b1b      	ldr	r3, [pc, #108]	@ (8005508 <LL_SetFlashLatency+0x88>)
 800549a:	681b      	ldr	r3, [r3, #0]
 800549c:	f403 4340 	and.w	r3, r3, #49152	@ 0xc000
          latency = LL_FLASH_LATENCY_1;
        }
      }
    }
#if defined (LL_PWR_REGU_VOLTAGE_SCALE3)
    if(LL_PWR_GetRegulVoltageScaling() == LL_PWR_REGU_VOLTAGE_SCALE3)
 80054a0:	f5b3 4f80 	cmp.w	r3, #16384	@ 0x4000
 80054a4:	d01f      	beq.n	80054e6 <LL_SetFlashLatency+0x66>
  MODIFY_REG(FLASH->ACR, FLASH_ACR_LATENCY, Latency);
 80054a6:	4a19      	ldr	r2, [pc, #100]	@ (800550c <LL_SetFlashLatency+0x8c>)
 80054a8:	6813      	ldr	r3, [r2, #0]
 80054aa:	f023 0307 	bic.w	r3, r3, #7
 80054ae:	430b      	orrs	r3, r1
 80054b0:	6013      	str	r3, [r2, #0]
#endif /* LL_PWR_REGU_VOLTAGE_SCALE3 */

    LL_FLASH_SetLatency(latency);
    /* Check that the new number of wait states is taken into account to access the Flash
       memory by reading the FLASH_ACR register */
    timeout = 2;
 80054b2:	2202      	movs	r2, #2
  return (uint32_t)(READ_BIT(FLASH->ACR, FLASH_ACR_LATENCY));
 80054b4:	4b15      	ldr	r3, [pc, #84]	@ (800550c <LL_SetFlashLatency+0x8c>)
 80054b6:	681b      	ldr	r3, [r3, #0]
 80054b8:	f003 0307 	and.w	r3, r3, #7
    do
    {
    /* Wait for Flash latency to be updated */
    getlatency = LL_FLASH_GetLatency();
    timeout--;
 80054bc:	3a01      	subs	r2, #1
    } while ((getlatency != latency) && (timeout > 0));
 80054be:	4299      	cmp	r1, r3
 80054c0:	d001      	beq.n	80054c6 <LL_SetFlashLatency+0x46>
 80054c2:	2a00      	cmp	r2, #0
 80054c4:	d1f6      	bne.n	80054b4 <LL_SetFlashLatency+0x34>

    if(getlatency != latency)
 80054c6:	4299      	cmp	r1, r3
 80054c8:	d01c      	beq.n	8005504 <LL_SetFlashLatency+0x84>
    {
      status = ERROR;
 80054ca:	2001      	movs	r0, #1
 80054cc:	4770      	bx	lr
      if((HCLK_Frequency > UTILS_SCALE2_LATENCY2_FREQ)&&(latency == LL_FLASH_LATENCY_0))
 80054ce:	4b10      	ldr	r3, [pc, #64]	@ (8005510 <LL_SetFlashLatency+0x90>)
 80054d0:	4298      	cmp	r0, r3
 80054d2:	d804      	bhi.n	80054de <LL_SetFlashLatency+0x5e>
        if((HCLK_Frequency > UTILS_SCALE2_LATENCY1_FREQ)&&(latency == LL_FLASH_LATENCY_0))
 80054d4:	4b0f      	ldr	r3, [pc, #60]	@ (8005514 <LL_SetFlashLatency+0x94>)
 80054d6:	4298      	cmp	r0, r3
 80054d8:	d803      	bhi.n	80054e2 <LL_SetFlashLatency+0x62>
  uint32_t latency = LL_FLASH_LATENCY_0;  /* default value 0WS */
 80054da:	2100      	movs	r1, #0
 80054dc:	e7dc      	b.n	8005498 <LL_SetFlashLatency+0x18>
        latency = LL_FLASH_LATENCY_2;
 80054de:	2102      	movs	r1, #2
 80054e0:	e7da      	b.n	8005498 <LL_SetFlashLatency+0x18>
          latency = LL_FLASH_LATENCY_1;
 80054e2:	2101      	movs	r1, #1
 80054e4:	e7d8      	b.n	8005498 <LL_SetFlashLatency+0x18>
      if((HCLK_Frequency > UTILS_SCALE3_LATENCY2_FREQ)&&(latency == LL_FLASH_LATENCY_0))
 80054e6:	4b0a      	ldr	r3, [pc, #40]	@ (8005510 <LL_SetFlashLatency+0x90>)
 80054e8:	429a      	cmp	r2, r3
 80054ea:	d900      	bls.n	80054ee <LL_SetFlashLatency+0x6e>
 80054ec:	b131      	cbz	r1, 80054fc <LL_SetFlashLatency+0x7c>
        if((HCLK_Frequency > UTILS_SCALE3_LATENCY1_FREQ)&&(latency == LL_FLASH_LATENCY_0))
 80054ee:	4b09      	ldr	r3, [pc, #36]	@ (8005514 <LL_SetFlashLatency+0x94>)
 80054f0:	429a      	cmp	r2, r3
 80054f2:	d9d8      	bls.n	80054a6 <LL_SetFlashLatency+0x26>
 80054f4:	2900      	cmp	r1, #0
 80054f6:	d1d6      	bne.n	80054a6 <LL_SetFlashLatency+0x26>
          latency = LL_FLASH_LATENCY_1;
 80054f8:	2101      	movs	r1, #1
 80054fa:	e7d4      	b.n	80054a6 <LL_SetFlashLatency+0x26>
        latency = LL_FLASH_LATENCY_2;
 80054fc:	2102      	movs	r1, #2
 80054fe:	e7d2      	b.n	80054a6 <LL_SetFlashLatency+0x26>
    status = ERROR;
 8005500:	2001      	movs	r0, #1
 8005502:	4770      	bx	lr
    }
    else
    {
      status = SUCCESS;
 8005504:	2000      	movs	r0, #0
    }
  }
  return status;
}
 8005506:	4770      	bx	lr
 8005508:	40007000 	.word	0x40007000
 800550c:	40023c00 	.word	0x40023c00
 8005510:	03938700 	.word	0x03938700
 8005514:	01c9c380 	.word	0x01c9c380

08005518 <reason_to_str>:
	return thread_name;
}

static const char *reason_to_str(unsigned int reason)
{
	switch (reason) {
 8005518:	2804      	cmp	r0, #4
 800551a:	d80c      	bhi.n	8005536 <reason_to_str+0x1e>
 800551c:	e8df f000 	tbb	[pc, r0]
 8005520:	07050d03 	.word	0x07050d03
 8005524:	09          	.byte	0x09
 8005525:	00          	.byte	0x00
 8005526:	4806      	ldr	r0, [pc, #24]	@ (8005540 <reason_to_str+0x28>)
 8005528:	4770      	bx	lr
	case K_ERR_CPU_EXCEPTION:
		return "CPU exception";
	case K_ERR_SPURIOUS_IRQ:
		return "Unhandled interrupt";
	case K_ERR_STACK_CHK_FAIL:
		return "Stack overflow";
 800552a:	4806      	ldr	r0, [pc, #24]	@ (8005544 <reason_to_str+0x2c>)
 800552c:	4770      	bx	lr
	case K_ERR_KERNEL_OOPS:
		return "Kernel oops";
 800552e:	4806      	ldr	r0, [pc, #24]	@ (8005548 <reason_to_str+0x30>)
 8005530:	4770      	bx	lr
	case K_ERR_KERNEL_PANIC:
		return "Kernel panic";
 8005532:	4806      	ldr	r0, [pc, #24]	@ (800554c <reason_to_str+0x34>)
 8005534:	4770      	bx	lr
	default:
		return "Unknown error";
 8005536:	4806      	ldr	r0, [pc, #24]	@ (8005550 <reason_to_str+0x38>)
 8005538:	4770      	bx	lr
		return "Unhandled interrupt";
 800553a:	4806      	ldr	r0, [pc, #24]	@ (8005554 <reason_to_str+0x3c>)
	}
}
 800553c:	4770      	bx	lr
 800553e:	bf00      	nop
 8005540:	0800b824 	.word	0x0800b824
 8005544:	0800b848 	.word	0x0800b848
 8005548:	0800b858 	.word	0x0800b858
 800554c:	0800b864 	.word	0x0800b864
 8005550:	0800b874 	.word	0x0800b874
 8005554:	0800b834 	.word	0x0800b834

08005558 <thread_name_get>:
	const char *thread_name = (thread != NULL) ? k_thread_name_get(thread) : NULL;
 8005558:	b130      	cbz	r0, 8005568 <thread_name_get+0x10>
{
 800555a:	b508      	push	{r3, lr}
	const char *thread_name = (thread != NULL) ? k_thread_name_get(thread) : NULL;
 800555c:	f004 fc70 	bl	8009e40 <k_thread_name_get>
	if ((thread_name == NULL) || (thread_name[0] == '\0')) {
 8005560:	b120      	cbz	r0, 800556c <thread_name_get+0x14>
 8005562:	7803      	ldrb	r3, [r0, #0]
 8005564:	b123      	cbz	r3, 8005570 <thread_name_get+0x18>
}
 8005566:	bd08      	pop	{r3, pc}
		thread_name = "unknown";
 8005568:	4802      	ldr	r0, [pc, #8]	@ (8005574 <thread_name_get+0x1c>)
}
 800556a:	4770      	bx	lr
		thread_name = "unknown";
 800556c:	4801      	ldr	r0, [pc, #4]	@ (8005574 <thread_name_get+0x1c>)
 800556e:	e7fa      	b.n	8005566 <thread_name_get+0xe>
 8005570:	4800      	ldr	r0, [pc, #0]	@ (8005574 <thread_name_get+0x1c>)
	return thread_name;
 8005572:	e7f8      	b.n	8005566 <thread_name_get+0xe>
 8005574:	0800b884 	.word	0x0800b884

08005578 <k_sys_fatal_error_handler>:
{
 8005578:	b510      	push	{r4, lr}
 800557a:	4604      	mov	r4, r0
	z_impl_log_panic();
 800557c:	f7fd f8ac 	bl	80026d8 <z_impl_log_panic>
 8005580:	4a03      	ldr	r2, [pc, #12]	@ (8005590 <k_sys_fatal_error_handler+0x18>)
 8005582:	2101      	movs	r1, #1
 8005584:	4803      	ldr	r0, [pc, #12]	@ (8005594 <k_sys_fatal_error_handler+0x1c>)
 8005586:	f003 fa72 	bl	8008a6e <z_impl_z_log_msg_simple_create_0>
	arch_system_halt(reason);
 800558a:	4620      	mov	r0, r4
 800558c:	f004 fb7b 	bl	8009c86 <arch_system_halt>
 8005590:	0800b88c 	.word	0x0800b88c
 8005594:	0800aa7c 	.word	0x0800aa7c

08005598 <z_fatal_error>:
	arch_system_halt(reason);
}
/* LCOV_EXCL_STOP */

void z_fatal_error(unsigned int reason, const struct arch_esf *esf)
{
 8005598:	e92d 47f0 	stmdb	sp!, {r4, r5, r6, r7, r8, r9, sl, lr}
 800559c:	b082      	sub	sp, #8
 800559e:	af00      	add	r7, sp, #0
 80055a0:	4605      	mov	r5, r0
 80055a2:	460c      	mov	r4, r1
  __ASM volatile ("MRS %0, basepri" : "=r" (result) );
 80055a4:	f3ef 8811 	mrs	r8, BASEPRI
  __ASM volatile ("MSR basepri_max, %0" : : "r" (basePri) : "memory");
 80055a8:	2310      	movs	r3, #16
 80055aa:	f383 8812 	msr	BASEPRI_MAX, r3
 80055ae:	f3bf 8f6f 	isb	sy
	/* We can't allow this code to be preempted, but don't need to
	 * synchronize between CPUs, so an arch-layer lock is
	 * appropriate.
	 */
	unsigned int key = arch_irq_lock();
	struct k_thread *thread = IS_ENABLED(CONFIG_MULTITHREADING) ?
 80055b2:	f8df 91c4 	ldr.w	r9, [pc, #452]	@ 8005778 <z_fatal_error+0x1e0>
 80055b6:	f8d9 6008 	ldr.w	r6, [r9, #8]
			_current : NULL;

	/* twister looks for the "ZEPHYR FATAL ERROR" string, don't
	 * change it without also updating twister
	 */
	LOG_ERR(">>> ZEPHYR FATAL ERROR %d: %s on CPU %d", reason,
 80055ba:	f7ff ffad 	bl	8005518 <reason_to_str>
 80055be:	f899 1010 	ldrb.w	r1, [r9, #16]
 80055c2:	46e9      	mov	r9, sp
 80055c4:	2301      	movs	r3, #1
 80055c6:	713b      	strb	r3, [r7, #4]
 80055c8:	2303      	movs	r3, #3
 80055ca:	717b      	strb	r3, [r7, #5]
 80055cc:	b08a      	sub	sp, #40	@ 0x28
 80055ce:	46ec      	mov	ip, sp
 80055d0:	f11c 0210 	adds.w	r2, ip, #16
 80055d4:	d021      	beq.n	800561a <z_fatal_error+0x82>
 80055d6:	f04f 0e16 	mov.w	lr, #22
 80055da:	b15a      	cbz	r2, 80055f4 <z_fatal_error+0x5c>
 80055dc:	4673      	mov	r3, lr
 80055de:	f1be 0f04 	cmp.w	lr, #4
 80055e2:	dd03      	ble.n	80055ec <z_fatal_error+0x54>
 80055e4:	f8df a194 	ldr.w	sl, [pc, #404]	@ 800577c <z_fatal_error+0x1e4>
 80055e8:	f8cc a014 	str.w	sl, [ip, #20]
 80055ec:	2b08      	cmp	r3, #8
 80055ee:	dd01      	ble.n	80055f4 <z_fatal_error+0x5c>
 80055f0:	f8cc 5018 	str.w	r5, [ip, #24]
 80055f4:	2301      	movs	r3, #1
 80055f6:	703b      	strb	r3, [r7, #0]
 80055f8:	2303      	movs	r3, #3
 80055fa:	707b      	strb	r3, [r7, #1]
 80055fc:	b1d2      	cbz	r2, 8005634 <z_fatal_error+0x9c>
 80055fe:	4673      	mov	r3, lr
 8005600:	f1be 0f0c 	cmp.w	lr, #12
 8005604:	dd01      	ble.n	800560a <z_fatal_error+0x72>
 8005606:	f8cc 001c 	str.w	r0, [ip, #28]
 800560a:	2b10      	cmp	r3, #16
 800560c:	dd01      	ble.n	8005612 <z_fatal_error+0x7a>
 800560e:	f8cc 1020 	str.w	r1, [ip, #32]
 8005612:	f10c 0324 	add.w	r3, ip, #36	@ 0x24
 8005616:	2100      	movs	r1, #0
 8005618:	e00a      	b.n	8005630 <z_fatal_error+0x98>
 800561a:	f06f 4e00 	mvn.w	lr, #2147483648	@ 0x80000000
 800561e:	e7dc      	b.n	80055da <z_fatal_error+0x42>
 8005620:	f101 0008 	add.w	r0, r1, #8
 8005624:	4438      	add	r0, r7
 8005626:	f810 0c08 	ldrb.w	r0, [r0, #-8]
 800562a:	f803 0b01 	strb.w	r0, [r3], #1
 800562e:	3101      	adds	r1, #1
 8005630:	2901      	cmp	r1, #1
 8005632:	d9f5      	bls.n	8005620 <z_fatal_error+0x88>
 8005634:	f1be 0f15 	cmp.w	lr, #21
 8005638:	dd50      	ble.n	80056dc <z_fatal_error+0x144>
 800563a:	2316      	movs	r3, #22
 800563c:	b14a      	cbz	r2, 8005652 <z_fatal_error+0xba>
 800563e:	2105      	movs	r1, #5
 8005640:	7139      	strb	r1, [r7, #4]
 8005642:	2100      	movs	r1, #0
 8005644:	7179      	strb	r1, [r7, #5]
 8005646:	71b9      	strb	r1, [r7, #6]
 8005648:	2101      	movs	r1, #1
 800564a:	71f9      	strb	r1, [r7, #7]
 800564c:	6878      	ldr	r0, [r7, #4]
 800564e:	f8cc 0010 	str.w	r0, [ip, #16]
 8005652:	2100      	movs	r1, #0
 8005654:	f021 0101 	bic.w	r1, r1, #1
 8005658:	f021 0102 	bic.w	r1, r1, #2
 800565c:	f021 0104 	bic.w	r1, r1, #4
 8005660:	f021 0138 	bic.w	r1, r1, #56	@ 0x38
 8005664:	2001      	movs	r0, #1
 8005666:	f360 1188 	bfi	r1, r0, #6, #3
 800566a:	f3c3 030a 	ubfx	r3, r3, #0, #11
 800566e:	f363 2153 	bfi	r1, r3, #9, #11
 8005672:	f3c1 0113 	ubfx	r1, r1, #0, #20
	z_impl_z_log_msg_static_create(source, desc, package, data);
 8005676:	2300      	movs	r3, #0
 8005678:	4841      	ldr	r0, [pc, #260]	@ (8005780 <z_fatal_error+0x1e8>)
 800567a:	f7fd f911 	bl	80028a0 <z_impl_z_log_msg_static_create>
 800567e:	46cd      	mov	sp, r9
	 * an IRQ or exception was being handled, or thread context.
	 *
	 * See #17656
	 */
#if defined(CONFIG_ARCH_HAS_NESTED_EXCEPTION_DETECTION)
	if ((esf != NULL) && arch_is_in_nested_exception(esf)) {
 8005680:	b11c      	cbz	r4, 800568a <z_fatal_error+0xf2>
 * @return true if execution state was in handler mode, before
 *              the current exception occurred, otherwise false.
 */
static ALWAYS_INLINE bool arch_is_in_nested_exception(const struct arch_esf *esf)
{
	return (esf->basic.xpsr & IPSR_ISR_Msk) ? (true) : (false);
 8005682:	69e3      	ldr	r3, [r4, #28]
 8005684:	f3c3 0308 	ubfx	r3, r3, #0, #9
 8005688:	bb5b      	cbnz	r3, 80056e2 <z_fatal_error+0x14a>
		LOG_ERR("Fault during interrupt handling\n");
	}
#endif /* CONFIG_ARCH_HAS_NESTED_EXCEPTION_DETECTION */

	if (IS_ENABLED(CONFIG_MULTITHREADING)) {
		LOG_ERR("Current thread: %p (%s)", thread, thread_name_get(thread));
 800568a:	4630      	mov	r0, r6
 800568c:	f7ff ff64 	bl	8005558 <thread_name_get>
 8005690:	46e9      	mov	r9, sp
 8005692:	2301      	movs	r3, #1
 8005694:	713b      	strb	r3, [r7, #4]
 8005696:	2303      	movs	r3, #3
 8005698:	717b      	strb	r3, [r7, #5]
 800569a:	b08a      	sub	sp, #40	@ 0x28
 800569c:	46ec      	mov	ip, sp
 800569e:	f11c 0210 	adds.w	r2, ip, #16
 80056a2:	d024      	beq.n	80056ee <z_fatal_error+0x156>
 80056a4:	f04f 0e12 	mov.w	lr, #18
 80056a8:	b152      	cbz	r2, 80056c0 <z_fatal_error+0x128>
 80056aa:	4673      	mov	r3, lr
 80056ac:	f1be 0f04 	cmp.w	lr, #4
 80056b0:	dd02      	ble.n	80056b8 <z_fatal_error+0x120>
 80056b2:	4934      	ldr	r1, [pc, #208]	@ (8005784 <z_fatal_error+0x1ec>)
 80056b4:	f8cc 1014 	str.w	r1, [ip, #20]
 80056b8:	2b08      	cmp	r3, #8
 80056ba:	dd01      	ble.n	80056c0 <z_fatal_error+0x128>
 80056bc:	f8cc 6018 	str.w	r6, [ip, #24]
 80056c0:	2301      	movs	r3, #1
 80056c2:	703b      	strb	r3, [r7, #0]
 80056c4:	2303      	movs	r3, #3
 80056c6:	707b      	strb	r3, [r7, #1]
 80056c8:	b1f2      	cbz	r2, 8005708 <z_fatal_error+0x170>
 80056ca:	f1be 0f0c 	cmp.w	lr, #12
 80056ce:	dd01      	ble.n	80056d4 <z_fatal_error+0x13c>
 80056d0:	f8cc 001c 	str.w	r0, [ip, #28]
 80056d4:	f10c 0320 	add.w	r3, ip, #32
 80056d8:	2100      	movs	r1, #0
 80056da:	e013      	b.n	8005704 <z_fatal_error+0x16c>
	LOG_ERR(">>> ZEPHYR FATAL ERROR %d: %s on CPU %d", reason,
 80056dc:	f06f 031b 	mvn.w	r3, #27
 80056e0:	e7ac      	b.n	800563c <z_fatal_error+0xa4>
	z_impl_z_log_msg_simple_create_0(source, level, fmt);
 80056e2:	4a29      	ldr	r2, [pc, #164]	@ (8005788 <z_fatal_error+0x1f0>)
 80056e4:	2101      	movs	r1, #1
 80056e6:	4826      	ldr	r0, [pc, #152]	@ (8005780 <z_fatal_error+0x1e8>)
 80056e8:	f003 f9c1 	bl	8008a6e <z_impl_z_log_msg_simple_create_0>
		LOG_ERR("Fault during interrupt handling\n");
 80056ec:	e7cd      	b.n	800568a <z_fatal_error+0xf2>
		LOG_ERR("Current thread: %p (%s)", thread, thread_name_get(thread));
 80056ee:	f06f 4e00 	mvn.w	lr, #2147483648	@ 0x80000000
 80056f2:	e7d9      	b.n	80056a8 <z_fatal_error+0x110>
 80056f4:	f101 0008 	add.w	r0, r1, #8
 80056f8:	4438      	add	r0, r7
 80056fa:	f810 0c08 	ldrb.w	r0, [r0, #-8]
 80056fe:	f803 0b01 	strb.w	r0, [r3], #1
 8005702:	3101      	adds	r1, #1
 8005704:	2901      	cmp	r1, #1
 8005706:	d9f5      	bls.n	80056f4 <z_fatal_error+0x15c>
 8005708:	f1be 0f11 	cmp.w	lr, #17
 800570c:	dd31      	ble.n	8005772 <z_fatal_error+0x1da>
 800570e:	2312      	movs	r3, #18
 8005710:	b14a      	cbz	r2, 8005726 <z_fatal_error+0x18e>
 8005712:	2104      	movs	r1, #4
 8005714:	7139      	strb	r1, [r7, #4]
 8005716:	2100      	movs	r1, #0
 8005718:	7179      	strb	r1, [r7, #5]
 800571a:	71b9      	strb	r1, [r7, #6]
 800571c:	2101      	movs	r1, #1
 800571e:	71f9      	strb	r1, [r7, #7]
 8005720:	6878      	ldr	r0, [r7, #4]
 8005722:	f8cc 0010 	str.w	r0, [ip, #16]
 8005726:	2100      	movs	r1, #0
 8005728:	f021 0101 	bic.w	r1, r1, #1
 800572c:	f021 0102 	bic.w	r1, r1, #2
 8005730:	f021 0104 	bic.w	r1, r1, #4
 8005734:	f021 0138 	bic.w	r1, r1, #56	@ 0x38
 8005738:	2001      	movs	r0, #1
 800573a:	f360 1188 	bfi	r1, r0, #6, #3
 800573e:	f3c3 030a 	ubfx	r3, r3, #0, #11
 8005742:	f363 2153 	bfi	r1, r3, #9, #11
 8005746:	f3c1 0113 	ubfx	r1, r1, #0, #20
	z_impl_z_log_msg_static_create(source, desc, package, data);
 800574a:	2300      	movs	r3, #0
 800574c:	480c      	ldr	r0, [pc, #48]	@ (8005780 <z_fatal_error+0x1e8>)
 800574e:	f7fd f8a7 	bl	80028a0 <z_impl_z_log_msg_static_create>
 8005752:	46cd      	mov	sp, r9
	}

	coredump(reason, esf, thread);

	k_sys_fatal_error_handler(reason, esf);
 8005754:	4621      	mov	r1, r4
 8005756:	4628      	mov	r0, r5
 8005758:	f7ff ff0e 	bl	8005578 <k_sys_fatal_error_handler>
  __ASM volatile ("MSR basepri, %0" : : "r" (basePri) : "memory");
 800575c:	f388 8811 	msr	BASEPRI, r8
 8005760:	f3bf 8f6f 	isb	sy
	z_impl_k_thread_abort(thread);
 8005764:	4630      	mov	r0, r6
 8005766:	f7fe f8f3 	bl	8003950 <z_impl_k_thread_abort>
	arch_irq_unlock(key);

	if (IS_ENABLED(CONFIG_MULTITHREADING)) {
		k_thread_abort(thread);
	}
}
 800576a:	3708      	adds	r7, #8
 800576c:	46bd      	mov	sp, r7
 800576e:	e8bd 87f0 	ldmia.w	sp!, {r4, r5, r6, r7, r8, r9, sl, pc}
		LOG_ERR("Current thread: %p (%s)", thread, thread_name_get(thread));
 8005772:	f06f 031b 	mvn.w	r3, #27
 8005776:	e7cb      	b.n	8005710 <z_fatal_error+0x178>
 8005778:	20001148 	.word	0x20001148
 800577c:	0800b89c 	.word	0x0800b89c
 8005780:	0800aa7c 	.word	0x0800aa7c
 8005784:	0800b8e8 	.word	0x0800b8e8
 8005788:	0800b8c4 	.word	0x0800b8c4

0800578c <init_idle_thread>:
} /* LCOV_EXCL_LINE ... because we just dumped final coverage data */

#if defined(CONFIG_MULTITHREADING)
__boot_func
static void init_idle_thread(int i)
{
 800578c:	b510      	push	{r4, lr}
 800578e:	b086      	sub	sp, #24
	struct k_thread *thread = &z_idle_threads[i];
 8005790:	23b8      	movs	r3, #184	@ 0xb8
 8005792:	4c11      	ldr	r4, [pc, #68]	@ (80057d8 <init_idle_thread+0x4c>)
 8005794:	fb03 4400 	mla	r4, r3, r0, r4
	k_thread_stack_t *stack = z_idle_stacks[i];
 8005798:	eb00 0c40 	add.w	ip, r0, r0, lsl #1
#else
	char *tname = NULL;
#endif /* CONFIG_THREAD_NAME */

	z_setup_new_thread(thread, stack,
			  stack_size, idle, &_kernel.cpus[i],
 800579c:	eb00 0080 	add.w	r0, r0, r0, lsl #2
 80057a0:	4b0e      	ldr	r3, [pc, #56]	@ (80057dc <init_idle_thread+0x50>)
 80057a2:	eb03 0380 	add.w	r3, r3, r0, lsl #2
	z_setup_new_thread(thread, stack,
 80057a6:	4a0e      	ldr	r2, [pc, #56]	@ (80057e0 <init_idle_thread+0x54>)
 80057a8:	9205      	str	r2, [sp, #20]
 80057aa:	2201      	movs	r2, #1
 80057ac:	9204      	str	r2, [sp, #16]
 80057ae:	220f      	movs	r2, #15
 80057b0:	9203      	str	r2, [sp, #12]
 80057b2:	2200      	movs	r2, #0
 80057b4:	9202      	str	r2, [sp, #8]
 80057b6:	9201      	str	r2, [sp, #4]
 80057b8:	9300      	str	r3, [sp, #0]
 80057ba:	4b0a      	ldr	r3, [pc, #40]	@ (80057e4 <init_idle_thread+0x58>)
 80057bc:	f44f 72a0 	mov.w	r2, #320	@ 0x140
 80057c0:	4909      	ldr	r1, [pc, #36]	@ (80057e8 <init_idle_thread+0x5c>)
 80057c2:	eb01 11cc 	add.w	r1, r1, ip, lsl #7
 80057c6:	4620      	mov	r0, r4
 80057c8:	f000 fb70 	bl	8005eac <z_setup_new_thread>
	thread->base.thread_state |= _THREAD_SLEEPING;
}

static inline void z_mark_thread_as_not_sleeping(struct k_thread *thread)
{
	thread->base.thread_state &= ~_THREAD_SLEEPING;
 80057cc:	7c23      	ldrb	r3, [r4, #16]
 80057ce:	f023 0304 	bic.w	r3, r3, #4
 80057d2:	7423      	strb	r3, [r4, #16]
	z_mark_thread_as_not_sleeping(thread);

#ifdef CONFIG_SMP
	thread->base.is_idle = 1U;
#endif /* CONFIG_SMP */
}
 80057d4:	b006      	add	sp, #24
 80057d6:	bd10      	pop	{r4, pc}
 80057d8:	20000ca8 	.word	0x20000ca8
 80057dc:	20001148 	.word	0x20001148
 80057e0:	0800b900 	.word	0x0800b900
 80057e4:	08009c97 	.word	0x08009c97
 80057e8:	20002ac0 	.word	0x20002ac0

080057ec <z_sys_init_run_level>:
{
 80057ec:	b538      	push	{r3, r4, r5, lr}
 80057ee:	4605      	mov	r5, r0
	for (entry = levels[level]; entry < levels[level+1]; entry++) {
 80057f0:	4b0b      	ldr	r3, [pc, #44]	@ (8005820 <z_sys_init_run_level+0x34>)
 80057f2:	f853 4020 	ldr.w	r4, [r3, r0, lsl #2]
 80057f6:	e002      	b.n	80057fe <z_sys_init_run_level+0x12>
			result = entry->init_fn();
 80057f8:	6823      	ldr	r3, [r4, #0]
 80057fa:	4798      	blx	r3
	for (entry = levels[level]; entry < levels[level+1]; entry++) {
 80057fc:	3408      	adds	r4, #8
 80057fe:	1c6b      	adds	r3, r5, #1
 8005800:	4a07      	ldr	r2, [pc, #28]	@ (8005820 <z_sys_init_run_level+0x34>)
 8005802:	f852 3023 	ldr.w	r3, [r2, r3, lsl #2]
 8005806:	42a3      	cmp	r3, r4
 8005808:	d909      	bls.n	800581e <z_sys_init_run_level+0x32>
		const struct device *dev = entry->dev;
 800580a:	6860      	ldr	r0, [r4, #4]
		if (dev != NULL) {
 800580c:	2800      	cmp	r0, #0
 800580e:	d0f3      	beq.n	80057f8 <z_sys_init_run_level+0xc>
			if ((dev->flags & DEVICE_FLAG_INIT_DEFERRED) == 0U) {
 8005810:	7e03      	ldrb	r3, [r0, #24]
 8005812:	f013 0f01 	tst.w	r3, #1
 8005816:	d1f1      	bne.n	80057fc <z_sys_init_run_level+0x10>
				result = do_device_init(dev);
 8005818:	f004 fa0c 	bl	8009c34 <do_device_init>
 800581c:	e7ee      	b.n	80057fc <z_sys_init_run_level+0x10>
}
 800581e:	bd38      	pop	{r3, r4, r5, pc}
 8005820:	0800bd68 	.word	0x0800bd68

08005824 <thread_schedule_new>:
{
 8005824:	b508      	push	{r3, lr}
	if (K_TIMEOUT_EQ(delay, K_NO_WAIT)) {
 8005826:	ea53 0102 	orrs.w	r1, r3, r2
 800582a:	d102      	bne.n	8005832 <thread_schedule_new+0xe>
	z_impl_k_wakeup(thread);
 800582c:	f000 ff2c 	bl	8006688 <z_impl_k_wakeup>
}
 8005830:	bd08      	pop	{r3, pc}

extern void z_thread_timeout(struct _timeout *timeout);

static inline k_ticks_t z_add_thread_timeout(struct k_thread *thread, k_timeout_t ticks)
{
	return z_add_timeout(&thread->base.timeout, z_thread_timeout, ticks);
 8005832:	4902      	ldr	r1, [pc, #8]	@ (800583c <thread_schedule_new+0x18>)
 8005834:	3018      	adds	r0, #24
 8005836:	f001 f8e7 	bl	8006a08 <z_add_timeout>
 800583a:	e7f9      	b.n	8005830 <thread_schedule_new+0xc>
 800583c:	0800a00b 	.word	0x0800a00b

08005840 <z_init_static_threads>:
{
 8005840:	b510      	push	{r4, lr}
 8005842:	b086      	sub	sp, #24
	STRUCT_SECTION_FOREACH(_static_thread_data, thread_data) {
 8005844:	4c18      	ldr	r4, [pc, #96]	@ (80058a8 <z_init_static_threads+0x68>)
 8005846:	e014      	b.n	8005872 <z_init_static_threads+0x32>
		z_setup_new_thread(
 8005848:	6a63      	ldr	r3, [r4, #36]	@ 0x24
 800584a:	9305      	str	r3, [sp, #20]
 800584c:	6a23      	ldr	r3, [r4, #32]
 800584e:	9304      	str	r3, [sp, #16]
 8005850:	69e3      	ldr	r3, [r4, #28]
 8005852:	9303      	str	r3, [sp, #12]
 8005854:	69a3      	ldr	r3, [r4, #24]
 8005856:	9302      	str	r3, [sp, #8]
 8005858:	6963      	ldr	r3, [r4, #20]
 800585a:	9301      	str	r3, [sp, #4]
 800585c:	6923      	ldr	r3, [r4, #16]
 800585e:	9300      	str	r3, [sp, #0]
 8005860:	68e3      	ldr	r3, [r4, #12]
 8005862:	68a2      	ldr	r2, [r4, #8]
 8005864:	6861      	ldr	r1, [r4, #4]
 8005866:	6820      	ldr	r0, [r4, #0]
 8005868:	f000 fb20 	bl	8005eac <z_setup_new_thread>
		thread_data->init_thread->init_data = thread_data;
 800586c:	6823      	ldr	r3, [r4, #0]
 800586e:	655c      	str	r4, [r3, #84]	@ 0x54
	STRUCT_SECTION_FOREACH(_static_thread_data, thread_data) {
 8005870:	3430      	adds	r4, #48	@ 0x30
 8005872:	4b0e      	ldr	r3, [pc, #56]	@ (80058ac <z_init_static_threads+0x6c>)
 8005874:	429c      	cmp	r4, r3
 8005876:	d3e7      	bcc.n	8005848 <z_init_static_threads+0x8>
	k_sched_lock();
 8005878:	f000 fdec 	bl	8006454 <k_sched_lock>
	STRUCT_SECTION_FOREACH(_static_thread_data, thread_data) {
 800587c:	4c0a      	ldr	r4, [pc, #40]	@ (80058a8 <z_init_static_threads+0x68>)
 800587e:	e003      	b.n	8005888 <z_init_static_threads+0x48>
			thread_schedule_new(thread_data->init_thread,
 8005880:	6820      	ldr	r0, [r4, #0]
 8005882:	f7ff ffcf 	bl	8005824 <thread_schedule_new>
	STRUCT_SECTION_FOREACH(_static_thread_data, thread_data) {
 8005886:	3430      	adds	r4, #48	@ 0x30
 8005888:	4b08      	ldr	r3, [pc, #32]	@ (80058ac <z_init_static_threads+0x6c>)
 800588a:	429c      	cmp	r4, r3
 800588c:	d208      	bcs.n	80058a0 <z_init_static_threads+0x60>
		k_timeout_t init_delay = Z_THREAD_INIT_DELAY(thread_data);
 800588e:	6aa2      	ldr	r2, [r4, #40]	@ 0x28
 8005890:	6ae3      	ldr	r3, [r4, #44]	@ 0x2c
		if (!K_TIMEOUT_EQ(init_delay, K_FOREVER)) {
 8005892:	f1b3 3fff 	cmp.w	r3, #4294967295
 8005896:	bf08      	it	eq
 8005898:	f1b2 3fff 	cmpeq.w	r2, #4294967295
 800589c:	d0f3      	beq.n	8005886 <z_init_static_threads+0x46>
 800589e:	e7ef      	b.n	8005880 <z_init_static_threads+0x40>
	k_sched_unlock();
 80058a0:	f000 fdf0 	bl	8006484 <k_sched_unlock>
}
 80058a4:	b006      	add	sp, #24
 80058a6:	bd10      	pop	{r4, pc}
 80058a8:	0800a8a8 	.word	0x0800a8a8
 80058ac:	0800a9c8 	.word	0x0800a9c8

080058b0 <bg_thread_main>:
{
 80058b0:	b508      	push	{r3, lr}
	z_sys_post_kernel = true;
 80058b2:	4b0a      	ldr	r3, [pc, #40]	@ (80058dc <bg_thread_main+0x2c>)
 80058b4:	2201      	movs	r2, #1
 80058b6:	701a      	strb	r2, [r3, #0]
	z_sys_init_run_level(INIT_LEVEL_POST_KERNEL);
 80058b8:	2003      	movs	r0, #3
 80058ba:	f7ff ff97 	bl	80057ec <z_sys_init_run_level>
	boot_banner();
 80058be:	f001 fae9 	bl	8006e94 <boot_banner>
	z_sys_init_run_level(INIT_LEVEL_APPLICATION);
 80058c2:	2004      	movs	r0, #4
 80058c4:	f7ff ff92 	bl	80057ec <z_sys_init_run_level>
	z_init_static_threads();
 80058c8:	f7ff ffba 	bl	8005840 <z_init_static_threads>
	(void)main();
 80058cc:	f004 fd1d 	bl	800a30a <main>
 * Exceptions raised by this thread may be recoverable.
 * (This is the default tag for a thread.)
 */
static inline void z_thread_essential_clear(struct k_thread *thread)
{
	thread->base.user_options &= ~K_ESSENTIAL;
 80058d0:	4a03      	ldr	r2, [pc, #12]	@ (80058e0 <bg_thread_main+0x30>)
 80058d2:	8993      	ldrh	r3, [r2, #12]
 80058d4:	f023 0301 	bic.w	r3, r3, #1
 80058d8:	8193      	strh	r3, [r2, #12]
} /* LCOV_EXCL_LINE ... because we just dumped final coverage data */
 80058da:	bd08      	pop	{r3, pc}
 80058dc:	20001187 	.word	0x20001187
 80058e0:	20000d60 	.word	0x20000d60

080058e4 <switch_to_main_thread>:
	return stack_ptr;
}

__boot_func
static FUNC_NORETURN void switch_to_main_thread(char *stack_ptr)
{
 80058e4:	b508      	push	{r3, lr}
 80058e6:	4601      	mov	r1, r0
#ifdef CONFIG_ARCH_HAS_CUSTOM_SWAP_TO_MAIN
	arch_switch_to_main_thread(&z_main_thread, stack_ptr, bg_thread_main);
 80058e8:	4a01      	ldr	r2, [pc, #4]	@ (80058f0 <switch_to_main_thread+0xc>)
 80058ea:	4802      	ldr	r0, [pc, #8]	@ (80058f4 <switch_to_main_thread+0x10>)
 80058ec:	f7fd fffa 	bl	80038e4 <arch_switch_to_main_thread>
	 * current fake thread is not on a wait queue or ready queue, so it
	 * will never be rescheduled in.
	 */
	z_swap_unlocked();
#endif /* CONFIG_ARCH_HAS_CUSTOM_SWAP_TO_MAIN */
	CODE_UNREACHABLE; /* LCOV_EXCL_LINE */
 80058f0:	080058b1 	.word	0x080058b1
 80058f4:	20000d60 	.word	0x20000d60

080058f8 <z_init_cpu>:
{
 80058f8:	b510      	push	{r4, lr}
 80058fa:	4604      	mov	r4, r0
	init_idle_thread(id);
 80058fc:	f7ff ff46 	bl	800578c <init_idle_thread>
	_kernel.cpus[id].idle_thread = &z_idle_threads[id];
 8005900:	23b8      	movs	r3, #184	@ 0xb8
 8005902:	490b      	ldr	r1, [pc, #44]	@ (8005930 <z_init_cpu+0x38>)
 8005904:	fb03 1104 	mla	r1, r3, r4, r1
 8005908:	4a0a      	ldr	r2, [pc, #40]	@ (8005934 <z_init_cpu+0x3c>)
 800590a:	eb04 0384 	add.w	r3, r4, r4, lsl #2
 800590e:	eb02 0383 	add.w	r3, r2, r3, lsl #2
 8005912:	60d9      	str	r1, [r3, #12]
	_kernel.cpus[id].id = id;
 8005914:	741c      	strb	r4, [r3, #16]
		(K_KERNEL_STACK_BUFFER(z_interrupt_stacks[id]) +
 8005916:	eb04 1144 	add.w	r1, r4, r4, lsl #5
 800591a:	4b07      	ldr	r3, [pc, #28]	@ (8005938 <z_init_cpu+0x40>)
 800591c:	eb03 1381 	add.w	r3, r3, r1, lsl #6
 8005920:	f503 6304 	add.w	r3, r3, #2112	@ 0x840
	_kernel.cpus[id].irq_stack =
 8005924:	eb04 0484 	add.w	r4, r4, r4, lsl #2
 8005928:	eb02 0284 	add.w	r2, r2, r4, lsl #2
 800592c:	6053      	str	r3, [r2, #4]
}
 800592e:	bd10      	pop	{r4, pc}
 8005930:	20000ca8 	.word	0x20000ca8
 8005934:	20001148 	.word	0x20001148
 8005938:	20002280 	.word	0x20002280

0800593c <prepare_multithreading>:
{
 800593c:	b570      	push	{r4, r5, r6, lr}
 800593e:	b086      	sub	sp, #24
	z_sched_init();
 8005940:	f000 fdd2 	bl	80064e8 <z_sched_init>
	_kernel.ready_q.cache = &z_main_thread;
 8005944:	4d10      	ldr	r5, [pc, #64]	@ (8005988 <prepare_multithreading+0x4c>)
 8005946:	4b11      	ldr	r3, [pc, #68]	@ (800598c <prepare_multithreading+0x50>)
 8005948:	615d      	str	r5, [r3, #20]
	stack_ptr = z_setup_new_thread(&z_main_thread, z_main_stack,
 800594a:	4b11      	ldr	r3, [pc, #68]	@ (8005990 <prepare_multithreading+0x54>)
 800594c:	9305      	str	r3, [sp, #20]
 800594e:	2301      	movs	r3, #1
 8005950:	9304      	str	r3, [sp, #16]
 8005952:	2400      	movs	r4, #0
 8005954:	9403      	str	r4, [sp, #12]
 8005956:	9402      	str	r4, [sp, #8]
 8005958:	9401      	str	r4, [sp, #4]
 800595a:	9400      	str	r4, [sp, #0]
 800595c:	4b0d      	ldr	r3, [pc, #52]	@ (8005994 <prepare_multithreading+0x58>)
 800595e:	f44f 6280 	mov.w	r2, #1024	@ 0x400
 8005962:	490d      	ldr	r1, [pc, #52]	@ (8005998 <prepare_multithreading+0x5c>)
 8005964:	4628      	mov	r0, r5
 8005966:	f000 faa1 	bl	8005eac <z_setup_new_thread>
 800596a:	4606      	mov	r6, r0
	thread->base.thread_state &= ~_THREAD_SLEEPING;
 800596c:	7c2b      	ldrb	r3, [r5, #16]
 800596e:	f023 0304 	bic.w	r3, r3, #4
 8005972:	742b      	strb	r3, [r5, #16]
	z_ready_thread(&z_main_thread);
 8005974:	4628      	mov	r0, r5
 8005976:	f004 faf3 	bl	8009f60 <z_ready_thread>
	z_init_cpu(0);
 800597a:	4620      	mov	r0, r4
 800597c:	f7ff ffbc 	bl	80058f8 <z_init_cpu>
}
 8005980:	4630      	mov	r0, r6
 8005982:	b006      	add	sp, #24
 8005984:	bd70      	pop	{r4, r5, r6, pc}
 8005986:	bf00      	nop
 8005988:	20000d60 	.word	0x20000d60
 800598c:	20001148 	.word	0x20001148
 8005990:	0800b908 	.word	0x0800b908
 8005994:	080058b1 	.word	0x080058b1
 8005998:	20002c40 	.word	0x20002c40

0800599c <z_cstart>:
 * @return Does not return
 */
__boot_func
FUNC_NO_STACK_PROTECTOR
FUNC_NORETURN void z_cstart(void)
{
 800599c:	b508      	push	{r3, lr}
	/* gcov hook needed to get the coverage report.*/
	gcov_static_init();

	/* initialize early init calls */
	z_sys_init_run_level(INIT_LEVEL_EARLY);
 800599e:	2000      	movs	r0, #0
 80059a0:	f7ff ff24 	bl	80057ec <z_sys_init_run_level>
 * pointer) register, and switched to automatically when taking an exception.
 *
 */
static ALWAYS_INLINE void z_arm_interrupt_stack_setup(void)
{
	uint32_t msp = (uint32_t)(K_KERNEL_STACK_BUFFER(z_interrupt_stacks[0])) +
 80059a4:	4b19      	ldr	r3, [pc, #100]	@ (8005a0c <z_cstart+0x70>)
  __ASM volatile ("MSR msp, %0" : : "r" (topOfMainStack) : );
 80059a6:	f383 8808 	msr	MSP, r3
	 * for Cortex-M3 and Cortex-M4 (ARMv7-M) MCUs. For the rest
	 * of ARM Cortex-M processors this setting is enforced by
	 * default and it is not configurable.
	 */
#if defined(CONFIG_CPU_CORTEX_M3) || defined(CONFIG_CPU_CORTEX_M4)
	SCB->CCR |= SCB_CCR_STKALIGN_Msk;
 80059aa:	4c19      	ldr	r4, [pc, #100]	@ (8005a10 <z_cstart+0x74>)
 80059ac:	6963      	ldr	r3, [r4, #20]
 80059ae:	f443 7300 	orr.w	r3, r3, #512	@ 0x200
 80059b2:	6163      	str	r3, [r4, #20]
 80059b4:	23f0      	movs	r3, #240	@ 0xf0
 80059b6:	f884 3022 	strb.w	r3, [r4, #34]	@ 0x22
 80059ba:	2300      	movs	r3, #0
 80059bc:	77e3      	strb	r3, [r4, #31]
 80059be:	7623      	strb	r3, [r4, #24]
 80059c0:	7663      	strb	r3, [r4, #25]
 80059c2:	76a3      	strb	r3, [r4, #26]
 80059c4:	f884 3020 	strb.w	r3, [r4, #32]
#if defined(CONFIG_ARM_SECURE_FIRMWARE)
	NVIC_SetPriority(SecureFault_IRQn, _EXC_FAULT_PRIO);
#endif /* CONFIG_ARM_SECURE_FIRMWARE */

	/* Enable Usage, Mem, & Bus Faults */
	SCB->SHCSR |=
 80059c8:	6a63      	ldr	r3, [r4, #36]	@ 0x24
 80059ca:	f443 23e0 	orr.w	r3, r3, #458752	@ 0x70000
 80059ce:	6263      	str	r3, [r4, #36]	@ 0x24

static ALWAYS_INLINE void arch_kernel_init(void)
{
	z_arm_interrupt_stack_setup();
	z_arm_exc_setup();
	z_arm_fault_init();
 80059d0:	f7fd feae 	bl	8003730 <z_arm_fault_init>
	z_arm_cpu_idle_init();
 80059d4:	f7fd ffa6 	bl	8003924 <z_arm_cpu_idle_init>
static ALWAYS_INLINE void z_arm_clear_faults(void)
{
#if defined(CONFIG_ARMV6_M_ARMV8_M_BASELINE)
#elif defined(CONFIG_ARMV7_M_ARMV8_M_MAINLINE)
	/* Reset all faults */
	SCB->CFSR = SCB_CFSR_USGFAULTSR_Msk | SCB_CFSR_MEMFAULTSR_Msk | SCB_CFSR_BUSFAULTSR_Msk;
 80059d8:	f04f 33ff 	mov.w	r3, #4294967295
 80059dc:	62a3      	str	r3, [r4, #40]	@ 0x28

	/* Clear all Hard Faults - HFSR is write-one-to-clear */
	SCB->HFSR = 0xffffffff;
 80059de:	62e3      	str	r3, [r4, #44]	@ 0x2c
	z_arm_clear_faults();
#if defined(CONFIG_ARM_MPU)
	z_arm_mpu_init();
 80059e0:	f7fe f8f4 	bl	8003bcc <z_arm_mpu_init>
	 * to set up access permissions for fixed memory sections, such
	 * as Application Memory or No-Cacheable SRAM area.
	 *
	 * This function is invoked once, upon system initialization.
	 */
	z_arm_configure_static_mpu_regions();
 80059e4:	f7fe f830 	bl	8003a48 <z_arm_configure_static_mpu_regions>

	/* perform any architecture-specific initialization */
	arch_kernel_init();

	LOG_CORE_INIT();
 80059e8:	f7fc fdbc 	bl	8002564 <log_core_init>

#if defined(CONFIG_MULTITHREADING)
	z_dummy_thread_init(&_thread_dummy);
 80059ec:	4809      	ldr	r0, [pc, #36]	@ (8005a14 <z_cstart+0x78>)
 80059ee:	f000 fabf 	bl	8005f70 <z_dummy_thread_init>
#endif /* CONFIG_MULTITHREADING */
	/* do any necessary initialization of static devices */
	z_device_state_init();

	soc_early_init_hook();
 80059f2:	f7fc fbe7 	bl	80021c4 <soc_early_init_hook>

	board_early_init_hook();

	/* perform basic hardware initialization */
	z_sys_init_run_level(INIT_LEVEL_PRE_KERNEL_1);
 80059f6:	2001      	movs	r0, #1
 80059f8:	f7ff fef8 	bl	80057ec <z_sys_init_run_level>
#if defined(CONFIG_SMP)
	arch_smp_init();
#endif
	z_sys_init_run_level(INIT_LEVEL_PRE_KERNEL_2);
 80059fc:	2002      	movs	r0, #2
 80059fe:	f7ff fef5 	bl	80057ec <z_sys_init_run_level>
	timing_init();
	timing_start();
#endif /* CONFIG_TIMING_FUNCTIONS_NEED_AT_BOOT */

#ifdef CONFIG_MULTITHREADING
	switch_to_main_thread(prepare_multithreading());
 8005a02:	f7ff ff9b 	bl	800593c <prepare_multithreading>
 8005a06:	f7ff ff6d 	bl	80058e4 <switch_to_main_thread>
 8005a0a:	bf00      	nop
 8005a0c:	20002ac0 	.word	0x20002ac0
 8005a10:	e000ed00 	.word	0xe000ed00
 8005a14:	20000e18 	.word	0x20000e18

08005a18 <put_msg_in_queue>:
	return ret;
}

static inline int put_msg_in_queue(struct k_msgq *msgq, const void *data,
			k_timeout_t timeout, bool put_at_back)
{
 8005a18:	e92d 41f0 	stmdb	sp!, {r4, r5, r6, r7, r8, lr}
 8005a1c:	b082      	sub	sp, #8
 8005a1e:	4604      	mov	r4, r0
 8005a20:	460e      	mov	r6, r1
 8005a22:	f89d 0020 	ldrb.w	r0, [sp, #32]
  __ASM volatile ("MRS %0, basepri" : "=r" (result) );
 8005a26:	f3ef 8711 	mrs	r7, BASEPRI
  __ASM volatile ("MSR basepri_max, %0" : : "r" (basePri) : "memory");
 8005a2a:	2110      	movs	r1, #16
 8005a2c:	f381 8812 	msr	BASEPRI_MAX, r1
 8005a30:	f3bf 8f6f 	isb	sy
 8005a34:	46b8      	mov	r8, r7
		SYS_PORT_TRACING_OBJ_FUNC_ENTER(k_msgq, put, msgq, timeout);
	} else {
		SYS_PORT_TRACING_OBJ_FUNC_ENTER(k_msgq, put_front, msgq, timeout);
	}

	if (msgq->used_msgs < msgq->max_msgs) {
 8005a36:	6a25      	ldr	r5, [r4, #32]
 8005a38:	68e1      	ldr	r1, [r4, #12]
 8005a3a:	428d      	cmp	r5, r1
 8005a3c:	d251      	bcs.n	8005ae2 <put_msg_in_queue+0xca>
 * @return true if empty, false otherwise
 */

static inline bool sys_dlist_is_empty(const sys_dlist_t *list)
{
	return list->head == list;
 8005a3e:	6825      	ldr	r5, [r4, #0]
 * @return a pointer to the head element, NULL if list is empty
 */

static inline sys_dnode_t *sys_dlist_peek_head(const sys_dlist_t *list)
{
	return sys_dlist_is_empty(list) ? NULL : list->head;
 8005a40:	42ac      	cmp	r4, r5
 8005a42:	d025      	beq.n	8005a90 <put_msg_in_queue+0x78>
static ALWAYS_INLINE struct k_thread *z_priq_simple_best(sys_dlist_t *pq)
{
	struct k_thread *thread = NULL;
	sys_dnode_t *n = sys_dlist_peek_head(pq);

	if (n != NULL) {
 8005a44:	b325      	cbz	r5, 8005a90 <put_msg_in_queue+0x78>
 * @param node the node to remove
 */

static inline void sys_dlist_remove(sys_dnode_t *node)
{
	sys_dnode_t *const prev = node->prev;
 8005a46:	686a      	ldr	r2, [r5, #4]
	sys_dnode_t *const next = node->next;
 8005a48:	682b      	ldr	r3, [r5, #0]

	prev->next = next;
 8005a4a:	6013      	str	r3, [r2, #0]
	next->prev = prev;
 8005a4c:	605a      	str	r2, [r3, #4]
	node->next = NULL;
 8005a4e:	f04f 0800 	mov.w	r8, #0
 8005a52:	f8c5 8000 	str.w	r8, [r5]
	node->prev = NULL;
 8005a56:	f8c5 8004 	str.w	r8, [r5, #4]
	thread->base.thread_state &= ~_THREAD_PENDING;
 8005a5a:	7c2b      	ldrb	r3, [r5, #16]
 8005a5c:	f023 0302 	bic.w	r3, r3, #2
 8005a60:	742b      	strb	r3, [r5, #16]

static inline void unpend_thread_no_timeout(struct k_thread *thread)
{
	_priq_wait_remove(&pended_on_thread(thread)->waitq, thread);
	z_mark_thread_as_not_pending(thread);
	thread->base.pended_on = NULL;
 8005a62:	f8c5 8008 	str.w	r8, [r5, #8]
}

static inline void z_abort_thread_timeout(struct k_thread *thread)
{
	z_abort_timeout(&thread->base.timeout);
 8005a66:	f105 0018 	add.w	r0, r5, #24
 8005a6a:	f004 fb83 	bl	800a174 <z_abort_timeout>
		pending_thread = z_unpend_first_thread(&msgq->wait_q);
		if (unlikely(pending_thread != NULL)) {
			resched = true;

			/* give message to waiting thread */
			(void)memcpy(pending_thread->base.swap_data, data, msgq->msg_size);
 8005a6e:	68a2      	ldr	r2, [r4, #8]
 8005a70:	4631      	mov	r1, r6
 8005a72:	6968      	ldr	r0, [r5, #20]
 8005a74:	f7fa fbf0 	bl	8000258 <__aeabi_memcpy>
}

#ifndef CONFIG_USE_SWITCH
static ALWAYS_INLINE void arch_thread_return_value_set(struct k_thread *thread, unsigned int value)
{
	thread->arch.swap_return_value = value;
 8005a78:	f8c5 80b0 	str.w	r8, [r5, #176]	@ 0xb0
			/* wake up waiting thread */
			arch_thread_return_value_set(pending_thread, 0);
			z_ready_thread(pending_thread);
 8005a7c:	4628      	mov	r0, r5
 8005a7e:	f004 fa6f 	bl	8009f60 <z_ready_thread>
	} else {
		SYS_PORT_TRACING_OBJ_FUNC_EXIT(k_msgq, put_front, msgq, timeout, result);
	}

	if (resched) {
		z_reschedule(&msgq->lock, key);
 8005a82:	4639      	mov	r1, r7
 8005a84:	f104 0008 	add.w	r0, r4, #8
 8005a88:	f004 fb04 	bl	800a094 <z_reschedule>
 8005a8c:	2000      	movs	r0, #0
 8005a8e:	e031      	b.n	8005af4 <put_msg_in_queue+0xdc>
			if (put_at_back) {
 8005a90:	b9a8      	cbnz	r0, 8005abe <put_msg_in_queue+0xa6>
				if (msgq->read_ptr == msgq->buffer_start) {
 8005a92:	69a2      	ldr	r2, [r4, #24]
 8005a94:	6923      	ldr	r3, [r4, #16]
 8005a96:	429a      	cmp	r2, r3
 8005a98:	d020      	beq.n	8005adc <put_msg_in_queue+0xc4>
				msgq->read_ptr -= msgq->msg_size;
 8005a9a:	69a0      	ldr	r0, [r4, #24]
 8005a9c:	68a2      	ldr	r2, [r4, #8]
 8005a9e:	1a80      	subs	r0, r0, r2
 8005aa0:	61a0      	str	r0, [r4, #24]
				(void)memcpy(msgq->read_ptr, (char *)data, msgq->msg_size);
 8005aa2:	4631      	mov	r1, r6
 8005aa4:	f7fa fbd8 	bl	8000258 <__aeabi_memcpy>
			msgq->used_msgs++;
 8005aa8:	6a23      	ldr	r3, [r4, #32]
 8005aaa:	3301      	adds	r3, #1
 8005aac:	6223      	str	r3, [r4, #32]
	return z_handle_obj_poll_events(&msgq->poll_events,
 8005aae:	2110      	movs	r1, #16
 8005ab0:	f104 0024 	add.w	r0, r4, #36	@ 0x24
 8005ab4:	f004 fc0a 	bl	800a2cc <z_handle_obj_poll_events>
	if (resched) {
 8005ab8:	2800      	cmp	r0, #0
 8005aba:	d1e2      	bne.n	8005a82 <put_msg_in_queue+0x6a>
 8005abc:	e016      	b.n	8005aec <put_msg_in_queue+0xd4>
				(void)memcpy(msgq->write_ptr, (char *)data, msgq->msg_size);
 8005abe:	68a2      	ldr	r2, [r4, #8]
 8005ac0:	4631      	mov	r1, r6
 8005ac2:	69e0      	ldr	r0, [r4, #28]
 8005ac4:	f7fa fbc8 	bl	8000258 <__aeabi_memcpy>
				msgq->write_ptr += msgq->msg_size;
 8005ac8:	69e3      	ldr	r3, [r4, #28]
 8005aca:	68a2      	ldr	r2, [r4, #8]
 8005acc:	4413      	add	r3, r2
 8005ace:	61e3      	str	r3, [r4, #28]
				if (msgq->write_ptr == msgq->buffer_end) {
 8005ad0:	6962      	ldr	r2, [r4, #20]
 8005ad2:	4293      	cmp	r3, r2
 8005ad4:	d1e8      	bne.n	8005aa8 <put_msg_in_queue+0x90>
					msgq->write_ptr = msgq->buffer_start;
 8005ad6:	6923      	ldr	r3, [r4, #16]
 8005ad8:	61e3      	str	r3, [r4, #28]
 8005ada:	e7e5      	b.n	8005aa8 <put_msg_in_queue+0x90>
					msgq->read_ptr = msgq->buffer_end;
 8005adc:	6963      	ldr	r3, [r4, #20]
 8005ade:	61a3      	str	r3, [r4, #24]
 8005ae0:	e7db      	b.n	8005a9a <put_msg_in_queue+0x82>
	} else if (K_TIMEOUT_EQ(timeout, K_NO_WAIT)) {
 8005ae2:	ea53 0102 	orrs.w	r1, r3, r2
 8005ae6:	d108      	bne.n	8005afa <put_msg_in_queue+0xe2>
		result = -ENOMSG;
 8005ae8:	f06f 0022 	mvn.w	r0, #34	@ 0x22
  __ASM volatile ("MSR basepri, %0" : : "r" (basePri) : "memory");
 8005aec:	f388 8811 	msr	BASEPRI, r8
 8005af0:	f3bf 8f6f 	isb	sy
	} else {
		k_spin_unlock(&msgq->lock, key);
	}

	return result;
}
 8005af4:	b002      	add	sp, #8
 8005af6:	e8bd 81f0 	ldmia.w	sp!, {r4, r5, r6, r7, r8, pc}
		_current->base.swap_data = (void *) data;
 8005afa:	4906      	ldr	r1, [pc, #24]	@ (8005b14 <put_msg_in_queue+0xfc>)
 8005afc:	6889      	ldr	r1, [r1, #8]
 8005afe:	614e      	str	r6, [r1, #20]
		result = z_pend_curr(&msgq->lock, key, &msgq->wait_q, timeout);
 8005b00:	9200      	str	r2, [sp, #0]
 8005b02:	9301      	str	r3, [sp, #4]
 8005b04:	4622      	mov	r2, r4
 8005b06:	4639      	mov	r1, r7
 8005b08:	f104 0008 	add.w	r0, r4, #8
 8005b0c:	f000 fbe2 	bl	80062d4 <z_pend_curr>
		return result;
 8005b10:	e7f0      	b.n	8005af4 <put_msg_in_queue+0xdc>
 8005b12:	bf00      	nop
 8005b14:	20001148 	.word	0x20001148

08005b18 <z_impl_k_msgq_get>:
}
#include <zephyr/syscalls/k_msgq_get_attrs_mrsh.c>
#endif /* CONFIG_USERSPACE */

int z_impl_k_msgq_get(struct k_msgq *msgq, void *data, k_timeout_t timeout)
{
 8005b18:	b5f0      	push	{r4, r5, r6, r7, lr}
 8005b1a:	b083      	sub	sp, #12
 8005b1c:	4604      	mov	r4, r0
 8005b1e:	4608      	mov	r0, r1
  __ASM volatile ("MRS %0, basepri" : "=r" (result) );
 8005b20:	f3ef 8711 	mrs	r7, BASEPRI
  __ASM volatile ("MSR basepri_max, %0" : : "r" (basePri) : "memory");
 8005b24:	2510      	movs	r5, #16
 8005b26:	f385 8812 	msr	BASEPRI_MAX, r5
 8005b2a:	f3bf 8f6f 	isb	sy
 8005b2e:	463e      	mov	r6, r7

	key = k_spin_lock(&msgq->lock);

	SYS_PORT_TRACING_OBJ_FUNC_ENTER(k_msgq, get, msgq, timeout);

	if (msgq->used_msgs > 0U) {
 8005b30:	6a25      	ldr	r5, [r4, #32]
 8005b32:	b955      	cbnz	r5, 8005b4a <z_impl_k_msgq_get+0x32>
			arch_thread_return_value_set(pending_thread, 0);
			z_ready_thread(pending_thread);
			resched = true;
		}
		result = 0;
	} else if (K_TIMEOUT_EQ(timeout, K_NO_WAIT)) {
 8005b34:	ea53 0102 	orrs.w	r1, r3, r2
 8005b38:	d14c      	bne.n	8005bd4 <z_impl_k_msgq_get+0xbc>
		/* don't wait for a message to become available */
		result = -ENOMSG;
 8005b3a:	f06f 0022 	mvn.w	r0, #34	@ 0x22
  __ASM volatile ("MSR basepri, %0" : : "r" (basePri) : "memory");
 8005b3e:	f386 8811 	msr	BASEPRI, r6
 8005b42:	f3bf 8f6f 	isb	sy
	} else {
		k_spin_unlock(&msgq->lock, key);
	}

	return result;
}
 8005b46:	b003      	add	sp, #12
 8005b48:	bdf0      	pop	{r4, r5, r6, r7, pc}
		(void)memcpy((char *)data, msgq->read_ptr, msgq->msg_size);
 8005b4a:	68a2      	ldr	r2, [r4, #8]
 8005b4c:	69a1      	ldr	r1, [r4, #24]
 8005b4e:	f7fa fb83 	bl	8000258 <__aeabi_memcpy>
		msgq->read_ptr += msgq->msg_size;
 8005b52:	69a3      	ldr	r3, [r4, #24]
 8005b54:	68a2      	ldr	r2, [r4, #8]
 8005b56:	4413      	add	r3, r2
 8005b58:	61a3      	str	r3, [r4, #24]
		if (msgq->read_ptr == msgq->buffer_end) {
 8005b5a:	6962      	ldr	r2, [r4, #20]
 8005b5c:	4293      	cmp	r3, r2
 8005b5e:	d033      	beq.n	8005bc8 <z_impl_k_msgq_get+0xb0>
		msgq->used_msgs--;
 8005b60:	6a23      	ldr	r3, [r4, #32]
 8005b62:	3b01      	subs	r3, #1
 8005b64:	6223      	str	r3, [r4, #32]
	return list->head == list;
 8005b66:	6825      	ldr	r5, [r4, #0]
	return sys_dlist_is_empty(list) ? NULL : list->head;
 8005b68:	42ac      	cmp	r4, r5
 8005b6a:	d03f      	beq.n	8005bec <z_impl_k_msgq_get+0xd4>
 8005b6c:	2d00      	cmp	r5, #0
 8005b6e:	d03f      	beq.n	8005bf0 <z_impl_k_msgq_get+0xd8>
	sys_dnode_t *const prev = node->prev;
 8005b70:	686a      	ldr	r2, [r5, #4]
	sys_dnode_t *const next = node->next;
 8005b72:	682b      	ldr	r3, [r5, #0]
	prev->next = next;
 8005b74:	6013      	str	r3, [r2, #0]
	next->prev = prev;
 8005b76:	605a      	str	r2, [r3, #4]
	node->next = NULL;
 8005b78:	2300      	movs	r3, #0
 8005b7a:	602b      	str	r3, [r5, #0]
	node->prev = NULL;
 8005b7c:	606b      	str	r3, [r5, #4]
 8005b7e:	7c2a      	ldrb	r2, [r5, #16]
 8005b80:	f022 0202 	bic.w	r2, r2, #2
 8005b84:	742a      	strb	r2, [r5, #16]
 8005b86:	60ab      	str	r3, [r5, #8]
 8005b88:	f105 0018 	add.w	r0, r5, #24
 8005b8c:	f004 faf2 	bl	800a174 <z_abort_timeout>
			(void)memcpy(msgq->write_ptr, (char *)pending_thread->base.swap_data,
 8005b90:	68a2      	ldr	r2, [r4, #8]
 8005b92:	6969      	ldr	r1, [r5, #20]
 8005b94:	69e0      	ldr	r0, [r4, #28]
 8005b96:	f7fa fb5f 	bl	8000258 <__aeabi_memcpy>
			msgq->write_ptr += msgq->msg_size;
 8005b9a:	69e3      	ldr	r3, [r4, #28]
 8005b9c:	68a2      	ldr	r2, [r4, #8]
 8005b9e:	4413      	add	r3, r2
 8005ba0:	61e3      	str	r3, [r4, #28]
			if (msgq->write_ptr == msgq->buffer_end) {
 8005ba2:	6962      	ldr	r2, [r4, #20]
 8005ba4:	4293      	cmp	r3, r2
 8005ba6:	d012      	beq.n	8005bce <z_impl_k_msgq_get+0xb6>
			msgq->used_msgs++;
 8005ba8:	6a23      	ldr	r3, [r4, #32]
 8005baa:	3301      	adds	r3, #1
 8005bac:	6223      	str	r3, [r4, #32]
 8005bae:	2600      	movs	r6, #0
 8005bb0:	f8c5 60b0 	str.w	r6, [r5, #176]	@ 0xb0
			z_ready_thread(pending_thread);
 8005bb4:	4628      	mov	r0, r5
 8005bb6:	f004 f9d3 	bl	8009f60 <z_ready_thread>
		z_reschedule(&msgq->lock, key);
 8005bba:	4639      	mov	r1, r7
 8005bbc:	f104 0008 	add.w	r0, r4, #8
 8005bc0:	f004 fa68 	bl	800a094 <z_reschedule>
 8005bc4:	4630      	mov	r0, r6
 8005bc6:	e7be      	b.n	8005b46 <z_impl_k_msgq_get+0x2e>
			msgq->read_ptr = msgq->buffer_start;
 8005bc8:	6923      	ldr	r3, [r4, #16]
 8005bca:	61a3      	str	r3, [r4, #24]
 8005bcc:	e7c8      	b.n	8005b60 <z_impl_k_msgq_get+0x48>
				msgq->write_ptr = msgq->buffer_start;
 8005bce:	6923      	ldr	r3, [r4, #16]
 8005bd0:	61e3      	str	r3, [r4, #28]
 8005bd2:	e7e9      	b.n	8005ba8 <z_impl_k_msgq_get+0x90>
		_current->base.swap_data = data;
 8005bd4:	4907      	ldr	r1, [pc, #28]	@ (8005bf4 <z_impl_k_msgq_get+0xdc>)
 8005bd6:	6889      	ldr	r1, [r1, #8]
 8005bd8:	6148      	str	r0, [r1, #20]
		result = z_pend_curr(&msgq->lock, key, &msgq->wait_q, timeout);
 8005bda:	9200      	str	r2, [sp, #0]
 8005bdc:	9301      	str	r3, [sp, #4]
 8005bde:	4622      	mov	r2, r4
 8005be0:	4639      	mov	r1, r7
 8005be2:	f104 0008 	add.w	r0, r4, #8
 8005be6:	f000 fb75 	bl	80062d4 <z_pend_curr>
		return result;
 8005bea:	e7ac      	b.n	8005b46 <z_impl_k_msgq_get+0x2e>
 8005bec:	2000      	movs	r0, #0
 8005bee:	e7a6      	b.n	8005b3e <z_impl_k_msgq_get+0x26>
		result = 0;
 8005bf0:	2000      	movs	r0, #0
 8005bf2:	e7a4      	b.n	8005b3e <z_impl_k_msgq_get+0x26>
 8005bf4:	20001148 	.word	0x20001148

08005bf8 <z_impl_k_mutex_lock>:
	return false;
}
#endif

int z_impl_k_mutex_lock(struct k_mutex *mutex, k_timeout_t timeout)
{
 8005bf8:	e92d 41f0 	stmdb	sp!, {r4, r5, r6, r7, r8, lr}
 8005bfc:	b082      	sub	sp, #8
 8005bfe:	4604      	mov	r4, r0
  __ASM volatile ("MRS %0, basepri" : "=r" (result) );
 8005c00:	f3ef 8711 	mrs	r7, BASEPRI
  __ASM volatile ("MSR basepri_max, %0" : : "r" (basePri) : "memory");
 8005c04:	2110      	movs	r1, #16
 8005c06:	f381 8812 	msr	BASEPRI_MAX, r1
 8005c0a:	f3bf 8f6f 	isb	sy

	SYS_PORT_TRACING_OBJ_FUNC_ENTER(k_mutex, lock, mutex, timeout);

	key = k_spin_lock(&lock);

	if (likely((mutex->lock_count == 0U) || (mutex->owner == _current))) {
 8005c0e:	68c1      	ldr	r1, [r0, #12]
 8005c10:	b999      	cbnz	r1, 8005c3a <z_impl_k_mutex_lock+0x42>

#if (CONFIG_PRIORITY_CEILING < K_LOWEST_THREAD_PRIO)
		mutex->owner_orig_prio = (mutex->lock_count == 0U) ?
					_current->base.prio :
 8005c12:	2900      	cmp	r1, #0
 8005c14:	d150      	bne.n	8005cb8 <z_impl_k_mutex_lock+0xc0>
 8005c16:	4b36      	ldr	r3, [pc, #216]	@ (8005cf0 <z_impl_k_mutex_lock+0xf8>)
 8005c18:	689b      	ldr	r3, [r3, #8]
 8005c1a:	f993 300e 	ldrsb.w	r3, [r3, #14]
		mutex->owner_orig_prio = (mutex->lock_count == 0U) ?
 8005c1e:	6123      	str	r3, [r4, #16]
					mutex->owner_orig_prio;
#endif

		mutex->lock_count++;
 8005c20:	3101      	adds	r1, #1
 8005c22:	60e1      	str	r1, [r4, #12]
		mutex->owner = _current;
 8005c24:	4b32      	ldr	r3, [pc, #200]	@ (8005cf0 <z_impl_k_mutex_lock+0xf8>)
 8005c26:	689b      	ldr	r3, [r3, #8]
 8005c28:	60a3      	str	r3, [r4, #8]
  __ASM volatile ("MSR basepri, %0" : : "r" (basePri) : "memory");
 8005c2a:	f387 8811 	msr	BASEPRI, r7
 8005c2e:	f3bf 8f6f 	isb	sy

		k_spin_unlock(&lock, key);

		SYS_PORT_TRACING_OBJ_FUNC_EXIT(k_mutex, lock, mutex, timeout, 0);

		return 0;
 8005c32:	2000      	movs	r0, #0
#else
	SYS_PORT_TRACING_OBJ_FUNC_EXIT(k_mutex, lock, mutex, timeout, got_mutex);

	return got_mutex;
#endif
}
 8005c34:	b002      	add	sp, #8
 8005c36:	e8bd 81f0 	ldmia.w	sp!, {r4, r5, r6, r7, r8, pc}
 8005c3a:	4616      	mov	r6, r2
 8005c3c:	461d      	mov	r5, r3
	if (likely((mutex->lock_count == 0U) || (mutex->owner == _current))) {
 8005c3e:	6882      	ldr	r2, [r0, #8]
 8005c40:	4b2b      	ldr	r3, [pc, #172]	@ (8005cf0 <z_impl_k_mutex_lock+0xf8>)
 8005c42:	689b      	ldr	r3, [r3, #8]
 8005c44:	429a      	cmp	r2, r3
 8005c46:	d0e4      	beq.n	8005c12 <z_impl_k_mutex_lock+0x1a>
	if (unlikely(K_TIMEOUT_EQ(timeout, K_NO_WAIT))) {
 8005c48:	ea55 0106 	orrs.w	r1, r5, r6
 8005c4c:	d036      	beq.n	8005cbc <z_impl_k_mutex_lock+0xc4>
					    mutex->owner->base.prio);
 8005c4e:	f992 800e 	ldrsb.w	r8, [r2, #14]
	new_prio = new_prio_for_inheritance(_current->base.prio,
 8005c52:	4641      	mov	r1, r8
 8005c54:	f993 000e 	ldrsb.w	r0, [r3, #14]
 8005c58:	f004 f89d 	bl	8009d96 <new_prio_for_inheritance>
	if (z_is_prio_higher(new_prio, mutex->owner->base.prio)) {
 8005c5c:	4580      	cmp	r8, r0
 8005c5e:	dc34      	bgt.n	8005cca <z_impl_k_mutex_lock+0xd2>
	bool resched = false;
 8005c60:	f04f 0800 	mov.w	r8, #0
	int got_mutex = z_pend_curr(&lock, key, &mutex->wait_q, timeout);
 8005c64:	9600      	str	r6, [sp, #0]
 8005c66:	9501      	str	r5, [sp, #4]
 8005c68:	4622      	mov	r2, r4
 8005c6a:	4639      	mov	r1, r7
 8005c6c:	4821      	ldr	r0, [pc, #132]	@ (8005cf4 <z_impl_k_mutex_lock+0xfc>)
 8005c6e:	f000 fb31 	bl	80062d4 <z_pend_curr>
	if (got_mutex == 0) {
 8005c72:	2800      	cmp	r0, #0
 8005c74:	d0de      	beq.n	8005c34 <z_impl_k_mutex_lock+0x3c>
  __ASM volatile ("MRS %0, basepri" : "=r" (result) );
 8005c76:	f3ef 8511 	mrs	r5, BASEPRI
  __ASM volatile ("MSR basepri_max, %0" : : "r" (basePri) : "memory");
 8005c7a:	2310      	movs	r3, #16
 8005c7c:	f383 8812 	msr	BASEPRI_MAX, r3
 8005c80:	f3bf 8f6f 	isb	sy
	if (likely(mutex->owner != NULL)) {
 8005c84:	68a3      	ldr	r3, [r4, #8]
 8005c86:	b343      	cbz	r3, 8005cda <z_impl_k_mutex_lock+0xe2>
	return list->head == list;
 8005c88:	6823      	ldr	r3, [r4, #0]
	return sys_dlist_is_empty(list) ? NULL : list->head;
 8005c8a:	429c      	cmp	r4, r3
 8005c8c:	d023      	beq.n	8005cd6 <z_impl_k_mutex_lock+0xde>
			new_prio_for_inheritance(waiter->base.prio, mutex->owner_orig_prio) :
 8005c8e:	b313      	cbz	r3, 8005cd6 <z_impl_k_mutex_lock+0xde>
 8005c90:	6921      	ldr	r1, [r4, #16]
 8005c92:	f993 000e 	ldrsb.w	r0, [r3, #14]
 8005c96:	f004 f87e 	bl	8009d96 <new_prio_for_inheritance>
 8005c9a:	4601      	mov	r1, r0
		resched = adjust_owner_prio(mutex, new_prio) || resched;
 8005c9c:	4620      	mov	r0, r4
 8005c9e:	f004 f885 	bl	8009dac <adjust_owner_prio>
 8005ca2:	b9e8      	cbnz	r0, 8005ce0 <z_impl_k_mutex_lock+0xe8>
 8005ca4:	f1b8 0f00 	cmp.w	r8, #0
 8005ca8:	d11a      	bne.n	8005ce0 <z_impl_k_mutex_lock+0xe8>
  __ASM volatile ("MSR basepri, %0" : : "r" (basePri) : "memory");
 8005caa:	f385 8811 	msr	BASEPRI, r5
 8005cae:	f3bf 8f6f 	isb	sy
	return -EAGAIN;
 8005cb2:	f06f 000a 	mvn.w	r0, #10
 8005cb6:	e7bd      	b.n	8005c34 <z_impl_k_mutex_lock+0x3c>
					_current->base.prio :
 8005cb8:	6923      	ldr	r3, [r4, #16]
 8005cba:	e7b0      	b.n	8005c1e <z_impl_k_mutex_lock+0x26>
 8005cbc:	f387 8811 	msr	BASEPRI, r7
 8005cc0:	f3bf 8f6f 	isb	sy
		return -EBUSY;
 8005cc4:	f06f 000f 	mvn.w	r0, #15
 8005cc8:	e7b4      	b.n	8005c34 <z_impl_k_mutex_lock+0x3c>
		resched = adjust_owner_prio(mutex, new_prio);
 8005cca:	4601      	mov	r1, r0
 8005ccc:	4620      	mov	r0, r4
 8005cce:	f004 f86d 	bl	8009dac <adjust_owner_prio>
 8005cd2:	4680      	mov	r8, r0
 8005cd4:	e7c6      	b.n	8005c64 <z_impl_k_mutex_lock+0x6c>
			new_prio_for_inheritance(waiter->base.prio, mutex->owner_orig_prio) :
 8005cd6:	6921      	ldr	r1, [r4, #16]
 8005cd8:	e7e0      	b.n	8005c9c <z_impl_k_mutex_lock+0xa4>
	if (resched) {
 8005cda:	f1b8 0f00 	cmp.w	r8, #0
 8005cde:	d0e4      	beq.n	8005caa <z_impl_k_mutex_lock+0xb2>
		z_reschedule(&lock, key);
 8005ce0:	4629      	mov	r1, r5
 8005ce2:	4804      	ldr	r0, [pc, #16]	@ (8005cf4 <z_impl_k_mutex_lock+0xfc>)
 8005ce4:	f004 f9d6 	bl	800a094 <z_reschedule>
	return -EAGAIN;
 8005ce8:	f06f 000a 	mvn.w	r0, #10
 8005cec:	e7a2      	b.n	8005c34 <z_impl_k_mutex_lock+0x3c>
 8005cee:	bf00      	nop
 8005cf0:	20001148 	.word	0x20001148
 8005cf4:	2000116c 	.word	0x2000116c

08005cf8 <z_impl_k_mutex_unlock>:

	__ASSERT(!arch_is_in_isr(), "mutexes cannot be used inside ISRs");

	SYS_PORT_TRACING_OBJ_FUNC_ENTER(k_mutex, unlock, mutex);

	CHECKIF(mutex->owner == NULL) {
 8005cf8:	6883      	ldr	r3, [r0, #8]
 8005cfa:	2b00      	cmp	r3, #0
 8005cfc:	d047      	beq.n	8005d8e <z_impl_k_mutex_unlock+0x96>
{
 8005cfe:	b570      	push	{r4, r5, r6, lr}
 8005d00:	4604      	mov	r4, r0
		return -EINVAL;
	}
	/*
	 * The current thread does not own the mutex.
	 */
	CHECKIF(mutex->owner != _current) {
 8005d02:	4a26      	ldr	r2, [pc, #152]	@ (8005d9c <z_impl_k_mutex_unlock+0xa4>)
 8005d04:	6892      	ldr	r2, [r2, #8]
 8005d06:	4293      	cmp	r3, r2
 8005d08:	d144      	bne.n	8005d94 <z_impl_k_mutex_unlock+0x9c>

	/*
	 * If we are the owner and count is greater than 1, then decrement
	 * the count and return and keep current thread as the owner.
	 */
	if (mutex->lock_count > 1U) {
 8005d0a:	68c3      	ldr	r3, [r0, #12]
 8005d0c:	2b01      	cmp	r3, #1
 8005d0e:	d903      	bls.n	8005d18 <z_impl_k_mutex_unlock+0x20>
		mutex->lock_count--;
 8005d10:	3b01      	subs	r3, #1
 8005d12:	60c3      	str	r3, [r0, #12]


k_mutex_unlock_return:
	SYS_PORT_TRACING_OBJ_FUNC_EXIT(k_mutex, unlock, mutex, 0);

	return 0;
 8005d14:	2000      	movs	r0, #0
}
 8005d16:	bd70      	pop	{r4, r5, r6, pc}
  __ASM volatile ("MRS %0, basepri" : "=r" (result) );
 8005d18:	f3ef 8611 	mrs	r6, BASEPRI
  __ASM volatile ("MSR basepri_max, %0" : : "r" (basePri) : "memory");
 8005d1c:	2310      	movs	r3, #16
 8005d1e:	f383 8812 	msr	BASEPRI_MAX, r3
 8005d22:	f3bf 8f6f 	isb	sy
	adjust_owner_prio(mutex, mutex->owner_orig_prio);
 8005d26:	6901      	ldr	r1, [r0, #16]
 8005d28:	f004 f840 	bl	8009dac <adjust_owner_prio>
	return list->head == list;
 8005d2c:	6825      	ldr	r5, [r4, #0]
	return sys_dlist_is_empty(list) ? NULL : list->head;
 8005d2e:	42ac      	cmp	r4, r5
 8005d30:	d01c      	beq.n	8005d6c <z_impl_k_mutex_unlock+0x74>
 8005d32:	b17d      	cbz	r5, 8005d54 <z_impl_k_mutex_unlock+0x5c>
	sys_dnode_t *const prev = node->prev;
 8005d34:	686a      	ldr	r2, [r5, #4]
	sys_dnode_t *const next = node->next;
 8005d36:	682b      	ldr	r3, [r5, #0]
	prev->next = next;
 8005d38:	6013      	str	r3, [r2, #0]
	next->prev = prev;
 8005d3a:	605a      	str	r2, [r3, #4]
	node->next = NULL;
 8005d3c:	2300      	movs	r3, #0
 8005d3e:	602b      	str	r3, [r5, #0]
	node->prev = NULL;
 8005d40:	606b      	str	r3, [r5, #4]
 8005d42:	7c2a      	ldrb	r2, [r5, #16]
 8005d44:	f022 0202 	bic.w	r2, r2, #2
 8005d48:	742a      	strb	r2, [r5, #16]
 8005d4a:	60ab      	str	r3, [r5, #8]
 8005d4c:	f105 0018 	add.w	r0, r5, #24
 8005d50:	f004 fa10 	bl	800a174 <z_abort_timeout>
	mutex->owner = new_owner;
 8005d54:	60a5      	str	r5, [r4, #8]
	if (unlikely(new_owner != NULL)) {
 8005d56:	1e28      	subs	r0, r5, #0
 8005d58:	bf18      	it	ne
 8005d5a:	2001      	movne	r0, #1
 8005d5c:	b945      	cbnz	r5, 8005d70 <z_impl_k_mutex_unlock+0x78>
		mutex->lock_count = 0U;
 8005d5e:	2300      	movs	r3, #0
 8005d60:	60e3      	str	r3, [r4, #12]
  __ASM volatile ("MSR basepri, %0" : : "r" (basePri) : "memory");
 8005d62:	f386 8811 	msr	BASEPRI, r6
 8005d66:	f3bf 8f6f 	isb	sy
 8005d6a:	e7d4      	b.n	8005d16 <z_impl_k_mutex_unlock+0x1e>
	struct k_thread *thread = NULL;
 8005d6c:	2500      	movs	r5, #0
 8005d6e:	e7f1      	b.n	8005d54 <z_impl_k_mutex_unlock+0x5c>
		mutex->owner_orig_prio = new_owner->base.prio;
 8005d70:	f995 300e 	ldrsb.w	r3, [r5, #14]
 8005d74:	6123      	str	r3, [r4, #16]
 8005d76:	2400      	movs	r4, #0
 8005d78:	f8c5 40b0 	str.w	r4, [r5, #176]	@ 0xb0
		z_ready_thread(new_owner);
 8005d7c:	4628      	mov	r0, r5
 8005d7e:	f004 f8ef 	bl	8009f60 <z_ready_thread>
		z_reschedule(&lock, key);
 8005d82:	4631      	mov	r1, r6
 8005d84:	4806      	ldr	r0, [pc, #24]	@ (8005da0 <z_impl_k_mutex_unlock+0xa8>)
 8005d86:	f004 f985 	bl	800a094 <z_reschedule>
	return 0;
 8005d8a:	4620      	mov	r0, r4
 8005d8c:	e7c3      	b.n	8005d16 <z_impl_k_mutex_unlock+0x1e>
		return -EINVAL;
 8005d8e:	f06f 0015 	mvn.w	r0, #21
}
 8005d92:	4770      	bx	lr
		return -EPERM;
 8005d94:	f04f 30ff 	mov.w	r0, #4294967295
 8005d98:	e7bd      	b.n	8005d16 <z_impl_k_mutex_unlock+0x1e>
 8005d9a:	bf00      	nop
 8005d9c:	20001148 	.word	0x20001148
 8005da0:	2000116c 	.word	0x2000116c

08005da4 <z_impl_k_sem_give>:
	return false;
#endif /* CONFIG_POLL */
}

void z_impl_k_sem_give(struct k_sem *sem)
{
 8005da4:	b570      	push	{r4, r5, r6, lr}
  __ASM volatile ("MRS %0, basepri" : "=r" (result) );
 8005da6:	f3ef 8611 	mrs	r6, BASEPRI
  __ASM volatile ("MSR basepri_max, %0" : : "r" (basePri) : "memory");
 8005daa:	2310      	movs	r3, #16
 8005dac:	f383 8812 	msr	BASEPRI_MAX, r3
 8005db0:	f3bf 8f6f 	isb	sy
	return list->head == list;
 8005db4:	6804      	ldr	r4, [r0, #0]
	return sys_dlist_is_empty(list) ? NULL : list->head;
 8005db6:	42a0      	cmp	r0, r4
 8005db8:	d01a      	beq.n	8005df0 <z_impl_k_sem_give+0x4c>
	if (n != NULL) {
 8005dba:	b1cc      	cbz	r4, 8005df0 <z_impl_k_sem_give+0x4c>
	sys_dnode_t *const prev = node->prev;
 8005dbc:	6862      	ldr	r2, [r4, #4]
	sys_dnode_t *const next = node->next;
 8005dbe:	6823      	ldr	r3, [r4, #0]
	prev->next = next;
 8005dc0:	6013      	str	r3, [r2, #0]
	next->prev = prev;
 8005dc2:	605a      	str	r2, [r3, #4]
	node->next = NULL;
 8005dc4:	2500      	movs	r5, #0
 8005dc6:	6025      	str	r5, [r4, #0]
	node->prev = NULL;
 8005dc8:	6065      	str	r5, [r4, #4]
 8005dca:	7c23      	ldrb	r3, [r4, #16]
 8005dcc:	f023 0302 	bic.w	r3, r3, #2
 8005dd0:	7423      	strb	r3, [r4, #16]
 8005dd2:	60a5      	str	r5, [r4, #8]
 8005dd4:	f104 0018 	add.w	r0, r4, #24
 8005dd8:	f004 f9cc 	bl	800a174 <z_abort_timeout>
 8005ddc:	f8c4 50b0 	str.w	r5, [r4, #176]	@ 0xb0

	thread = z_unpend_first_thread(&sem->wait_q);

	if (unlikely(thread != NULL)) {
		arch_thread_return_value_set(thread, 0);
		z_ready_thread(thread);
 8005de0:	4620      	mov	r0, r4
 8005de2:	f004 f8bd 	bl	8009f60 <z_ready_thread>
		sem->count += (sem->count != sem->limit) ? 1U : 0U;
		resched = handle_poll_events(sem);
	}

	if (unlikely(resched)) {
		z_reschedule(&lock, key);
 8005de6:	4631      	mov	r1, r6
 8005de8:	480b      	ldr	r0, [pc, #44]	@ (8005e18 <z_impl_k_sem_give+0x74>)
 8005dea:	f004 f953 	bl	800a094 <z_reschedule>
	} else {
		k_spin_unlock(&lock, key);
	}

	SYS_PORT_TRACING_OBJ_FUNC_EXIT(k_sem, give, sem);
}
 8005dee:	bd70      	pop	{r4, r5, r6, pc}
		sem->count += (sem->count != sem->limit) ? 1U : 0U;
 8005df0:	6883      	ldr	r3, [r0, #8]
 8005df2:	68c2      	ldr	r2, [r0, #12]
 8005df4:	4293      	cmp	r3, r2
 8005df6:	d00d      	beq.n	8005e14 <z_impl_k_sem_give+0x70>
 8005df8:	2201      	movs	r2, #1
 8005dfa:	4413      	add	r3, r2
 8005dfc:	6083      	str	r3, [r0, #8]
	return z_handle_obj_poll_events(&sem->poll_events, K_POLL_STATE_SEM_AVAILABLE);
 8005dfe:	2102      	movs	r1, #2
 8005e00:	3010      	adds	r0, #16
 8005e02:	f004 fa63 	bl	800a2cc <z_handle_obj_poll_events>
	if (unlikely(resched)) {
 8005e06:	2800      	cmp	r0, #0
 8005e08:	d1ed      	bne.n	8005de6 <z_impl_k_sem_give+0x42>
  __ASM volatile ("MSR basepri, %0" : : "r" (basePri) : "memory");
 8005e0a:	f386 8811 	msr	BASEPRI, r6
 8005e0e:	f3bf 8f6f 	isb	sy
}
 8005e12:	e7ec      	b.n	8005dee <z_impl_k_sem_give+0x4a>
		sem->count += (sem->count != sem->limit) ? 1U : 0U;
 8005e14:	2200      	movs	r2, #0
 8005e16:	e7f0      	b.n	8005dfa <z_impl_k_sem_give+0x56>
 8005e18:	2000116c 	.word	0x2000116c

08005e1c <z_impl_k_sem_take>:
}
#include <zephyr/syscalls/k_sem_give_mrsh.c>
#endif /* CONFIG_USERSPACE */

int z_impl_k_sem_take(struct k_sem *sem, k_timeout_t timeout)
{
 8005e1c:	b510      	push	{r4, lr}
 8005e1e:	b082      	sub	sp, #8
  __ASM volatile ("MRS %0, basepri" : "=r" (result) );
 8005e20:	f3ef 8111 	mrs	r1, BASEPRI
  __ASM volatile ("MSR basepri_max, %0" : : "r" (basePri) : "memory");
 8005e24:	2410      	movs	r4, #16
 8005e26:	f384 8812 	msr	BASEPRI_MAX, r4
 8005e2a:	f3bf 8f6f 	isb	sy

	k_spinlock_key_t key = k_spin_lock(&lock);

	SYS_PORT_TRACING_OBJ_FUNC_ENTER(k_sem, take, sem, timeout);

	if (likely(sem->count > 0U)) {
 8005e2e:	6884      	ldr	r4, [r0, #8]
 8005e30:	b144      	cbz	r4, 8005e44 <z_impl_k_sem_take+0x28>
		sem->count--;
 8005e32:	3c01      	subs	r4, #1
 8005e34:	6084      	str	r4, [r0, #8]
  __ASM volatile ("MSR basepri, %0" : : "r" (basePri) : "memory");
 8005e36:	f381 8811 	msr	BASEPRI, r1
 8005e3a:	f3bf 8f6f 	isb	sy
		k_spin_unlock(&lock, key);
		ret = 0;
 8005e3e:	2000      	movs	r0, #0

out:
	SYS_PORT_TRACING_OBJ_FUNC_EXIT(k_sem, take, sem, timeout, ret);

	return ret;
}
 8005e40:	b002      	add	sp, #8
 8005e42:	bd10      	pop	{r4, pc}
	if (K_TIMEOUT_EQ(timeout, K_NO_WAIT)) {
 8005e44:	ea53 0402 	orrs.w	r4, r3, r2
 8005e48:	d006      	beq.n	8005e58 <z_impl_k_sem_take+0x3c>
	ret = z_pend_curr(&lock, key, &sem->wait_q, timeout);
 8005e4a:	9200      	str	r2, [sp, #0]
 8005e4c:	9301      	str	r3, [sp, #4]
 8005e4e:	4602      	mov	r2, r0
 8005e50:	4805      	ldr	r0, [pc, #20]	@ (8005e68 <z_impl_k_sem_take+0x4c>)
 8005e52:	f000 fa3f 	bl	80062d4 <z_pend_curr>
	return ret;
 8005e56:	e7f3      	b.n	8005e40 <z_impl_k_sem_take+0x24>
 8005e58:	f381 8811 	msr	BASEPRI, r1
 8005e5c:	f3bf 8f6f 	isb	sy
		ret = -EBUSY;
 8005e60:	f06f 000f 	mvn.w	r0, #15
 8005e64:	e7ec      	b.n	8005e40 <z_impl_k_sem_take+0x24>
 8005e66:	bf00      	nop
 8005e68:	2000116c 	.word	0x2000116c

08005e6c <thread_schedule_new>:
{
 8005e6c:	b508      	push	{r3, lr}
	if (K_TIMEOUT_EQ(delay, K_NO_WAIT)) {
 8005e6e:	ea53 0102 	orrs.w	r1, r3, r2
 8005e72:	d102      	bne.n	8005e7a <thread_schedule_new+0xe>
 8005e74:	f000 fc08 	bl	8006688 <z_impl_k_wakeup>
}
 8005e78:	bd08      	pop	{r3, pc}
	return z_add_timeout(&thread->base.timeout, z_thread_timeout, ticks);
 8005e7a:	4902      	ldr	r1, [pc, #8]	@ (8005e84 <thread_schedule_new+0x18>)
 8005e7c:	3018      	adds	r0, #24
 8005e7e:	f000 fdc3 	bl	8006a08 <z_add_timeout>
 8005e82:	e7f9      	b.n	8005e78 <thread_schedule_new+0xc>
 8005e84:	0800a00b 	.word	0x0800a00b

08005e88 <z_impl_k_thread_name_set>:
}
#include <zephyr/syscalls/k_thread_priority_get_mrsh.c>
#endif /* CONFIG_USERSPACE */

int z_impl_k_thread_name_set(k_tid_t thread, const char *str)
{
 8005e88:	b510      	push	{r4, lr}
#ifdef CONFIG_THREAD_NAME
	if (thread == NULL) {
 8005e8a:	4604      	mov	r4, r0
 8005e8c:	b140      	cbz	r0, 8005ea0 <z_impl_k_thread_name_set+0x18>
		thread = _current;
	}

	strncpy(thread->name, str, CONFIG_THREAD_MAX_NAME_LEN - 1);
 8005e8e:	221f      	movs	r2, #31
 8005e90:	f104 0078 	add.w	r0, r4, #120	@ 0x78
 8005e94:	f001 f9cc 	bl	8007230 <strncpy>
	thread->name[CONFIG_THREAD_MAX_NAME_LEN - 1] = '\0';
 8005e98:	2000      	movs	r0, #0
 8005e9a:	f884 0097 	strb.w	r0, [r4, #151]	@ 0x97

	SYS_PORT_TRACING_OBJ_FUNC(k_thread, name_set, thread, -ENOSYS);

	return -ENOSYS;
#endif /* CONFIG_THREAD_NAME */
}
 8005e9e:	bd10      	pop	{r4, pc}
		thread = _current;
 8005ea0:	4b01      	ldr	r3, [pc, #4]	@ (8005ea8 <z_impl_k_thread_name_set+0x20>)
 8005ea2:	689c      	ldr	r4, [r3, #8]
 8005ea4:	e7f3      	b.n	8005e8e <z_impl_k_thread_name_set+0x6>
 8005ea6:	bf00      	nop
 8005ea8:	20001148 	.word	0x20001148

08005eac <z_setup_new_thread>:
char *z_setup_new_thread(struct k_thread *new_thread,
			 k_thread_stack_t *stack, size_t stack_size,
			 k_thread_entry_t entry,
			 void *p1, void *p2, void *p3,
			 int prio, uint32_t options, const char *name)
{
 8005eac:	e92d 4ff0 	stmdb	sp!, {r4, r5, r6, r7, r8, r9, sl, fp, lr}
 8005eb0:	b085      	sub	sp, #20
 8005eb2:	4604      	mov	r4, r0
 8005eb4:	460f      	mov	r7, r1
 8005eb6:	4615      	mov	r5, r2
 8005eb8:	461e      	mov	r6, r3
 8005eba:	f8dd a038 	ldr.w	sl, [sp, #56]	@ 0x38
 8005ebe:	f8dd 903c 	ldr.w	r9, [sp, #60]	@ 0x3c
 8005ec2:	f8dd 8040 	ldr.w	r8, [sp, #64]	@ 0x40
 8005ec6:	f8dd b04c 	ldr.w	fp, [sp, #76]	@ 0x4c
	SYS_DLIST_FOR_EACH_CONTAINER_SAFE(&((wq)->waitq), thread_ptr, \
					  loop_ptr, base.qnode_dlist)

static inline void z_waitq_init(_wait_q_t *w)
{
	sys_dlist_init(&w->waitq);
 8005eca:	f100 0358 	add.w	r3, r0, #88	@ 0x58
	list->head = (sys_dnode_t *)list;
 8005ece:	6583      	str	r3, [r0, #88]	@ 0x58
	list->tail = (sys_dnode_t *)list;
 8005ed0:	65c3      	str	r3, [r0, #92]	@ 0x5c
	k_object_access_grant(new_thread, new_thread);
#endif /* CONFIG_USERSPACE */
	z_waitq_init(&new_thread->join_queue);

	/* Initialize various struct k_thread members */
	z_init_thread_base(&new_thread->base, prio, _THREAD_SLEEPING, options);
 8005ed2:	9b12      	ldr	r3, [sp, #72]	@ 0x48
 8005ed4:	2204      	movs	r2, #4
 8005ed6:	9911      	ldr	r1, [sp, #68]	@ 0x44
 8005ed8:	f003 ffb4 	bl	8009e44 <z_init_thread_base>
	stack_ptr = setup_thread_stack(new_thread, stack, stack_size);
 8005edc:	462a      	mov	r2, r5
 8005ede:	4639      	mov	r1, r7
 8005ee0:	4620      	mov	r0, r4
 8005ee2:	f003 ff81 	bl	8009de8 <setup_thread_stack>
 8005ee6:	4605      	mov	r5, r0
	__ASSERT_NO_MSG(!sys_cache_is_mem_coherent(stack));
#endif  /* CONFIG_DYNAMIC_THREAD */

#endif /* CONFIG_KERNEL_COHERENCE */

	arch_new_thread(new_thread, stack, stack_ptr, entry, p1, p2, p3);
 8005ee8:	f8cd 8008 	str.w	r8, [sp, #8]
 8005eec:	f8cd 9004 	str.w	r9, [sp, #4]
 8005ef0:	f8cd a000 	str.w	sl, [sp]
 8005ef4:	4633      	mov	r3, r6
 8005ef6:	4602      	mov	r2, r0
 8005ef8:	4639      	mov	r1, r7
 8005efa:	4620      	mov	r0, r4
 8005efc:	f7fd fcd0 	bl	80038a0 <arch_new_thread>

	/* static threads overwrite it afterwards with real value */
	new_thread->init_data = NULL;
 8005f00:	2300      	movs	r3, #0
 8005f02:	6563      	str	r3, [r4, #84]	@ 0x54
#ifdef CONFIG_THREAD_CUSTOM_DATA
	/* Initialize custom data field (value is opaque to kernel) */
	new_thread->custom_data = NULL;
#endif /* CONFIG_THREAD_CUSTOM_DATA */
#ifdef CONFIG_THREAD_MONITOR
	new_thread->entry.pEntry = entry;
 8005f04:	6666      	str	r6, [r4, #100]	@ 0x64
	new_thread->entry.parameter1 = p1;
 8005f06:	f8c4 a068 	str.w	sl, [r4, #104]	@ 0x68
	new_thread->entry.parameter2 = p2;
 8005f0a:	f8c4 906c 	str.w	r9, [r4, #108]	@ 0x6c
	new_thread->entry.parameter3 = p3;
 8005f0e:	f8c4 8070 	str.w	r8, [r4, #112]	@ 0x70
  __ASM volatile ("MRS %0, basepri" : "=r" (result) );
 8005f12:	f3ef 8211 	mrs	r2, BASEPRI
  __ASM volatile ("MSR basepri_max, %0" : : "r" (basePri) : "memory");
 8005f16:	2310      	movs	r3, #16
 8005f18:	f383 8812 	msr	BASEPRI_MAX, r3
 8005f1c:	f3bf 8f6f 	isb	sy

	k_spinlock_key_t key = k_spin_lock(&z_thread_monitor_lock);

	new_thread->next_thread = _kernel.threads;
 8005f20:	4b12      	ldr	r3, [pc, #72]	@ (8005f6c <z_setup_new_thread+0xc0>)
 8005f22:	6a19      	ldr	r1, [r3, #32]
 8005f24:	6761      	str	r1, [r4, #116]	@ 0x74
	_kernel.threads = new_thread;
 8005f26:	621c      	str	r4, [r3, #32]
  __ASM volatile ("MSR basepri, %0" : : "r" (basePri) : "memory");
 8005f28:	f382 8811 	msr	BASEPRI, r2
 8005f2c:	f3bf 8f6f 	isb	sy
	k_spin_unlock(&z_thread_monitor_lock, key);
#endif /* CONFIG_THREAD_MONITOR */
#ifdef CONFIG_THREAD_NAME
	if (name != NULL) {
 8005f30:	f1bb 0f00 	cmp.w	fp, #0
 8005f34:	d013      	beq.n	8005f5e <z_setup_new_thread+0xb2>
		strncpy(new_thread->name, name,
 8005f36:	221f      	movs	r2, #31
 8005f38:	4659      	mov	r1, fp
 8005f3a:	f104 0078 	add.w	r0, r4, #120	@ 0x78
 8005f3e:	f001 f977 	bl	8007230 <strncpy>
			CONFIG_THREAD_MAX_NAME_LEN - 1);
		/* Ensure NULL termination, truncate if longer */
		new_thread->name[CONFIG_THREAD_MAX_NAME_LEN - 1] = '\0';
 8005f42:	2300      	movs	r3, #0
 8005f44:	f884 3097 	strb.w	r3, [r4, #151]	@ 0x97
		new_thread->base.cpu_mask = -1; /* allow all cpus */
	}
#endif /* CONFIG_SCHED_CPU_MASK */
#ifdef CONFIG_ARCH_HAS_CUSTOM_SWAP_TO_MAIN
	/* _current may be null if the dummy thread is not used */
	if (!_current) {
 8005f48:	4b08      	ldr	r3, [pc, #32]	@ (8005f6c <z_setup_new_thread+0xc0>)
 8005f4a:	689b      	ldr	r3, [r3, #8]
 8005f4c:	b15b      	cbz	r3, 8005f66 <z_setup_new_thread+0xba>
	}
#endif /* CONFIG_USERSPACE */
#ifdef CONFIG_SCHED_DEADLINE
	new_thread->base.prio_deadline = 0;
#endif /* CONFIG_SCHED_DEADLINE */
	new_thread->resource_pool = _current->resource_pool;
 8005f4e:	f8d3 30a4 	ldr.w	r3, [r3, #164]	@ 0xa4
 8005f52:	f8c4 30a4 	str.w	r3, [r4, #164]	@ 0xa4
#endif /* CONFIG_SCHED_THREAD_USAGE */

	SYS_PORT_TRACING_OBJ_FUNC(k_thread, create, new_thread);

	return stack_ptr;
}
 8005f56:	4628      	mov	r0, r5
 8005f58:	b005      	add	sp, #20
 8005f5a:	e8bd 8ff0 	ldmia.w	sp!, {r4, r5, r6, r7, r8, r9, sl, fp, pc}
		new_thread->name[0] = '\0';
 8005f5e:	2300      	movs	r3, #0
 8005f60:	f884 3078 	strb.w	r3, [r4, #120]	@ 0x78
 8005f64:	e7f0      	b.n	8005f48 <z_setup_new_thread+0x9c>
		new_thread->resource_pool = NULL;
 8005f66:	f8c4 30a4 	str.w	r3, [r4, #164]	@ 0xa4
		return stack_ptr;
 8005f6a:	e7f4      	b.n	8005f56 <z_setup_new_thread+0xaa>
 8005f6c:	20001148 	.word	0x20001148

08005f70 <z_dummy_thread_init>:

#endif /* CONFIG_THREAD_ABORT_NEED_CLEANUP */

void z_dummy_thread_init(struct k_thread *dummy_thread)
{
	dummy_thread->base.thread_state = _THREAD_DUMMY;
 8005f70:	2301      	movs	r3, #1
 8005f72:	7403      	strb	r3, [r0, #16]
#ifdef CONFIG_SCHED_CPU_MASK
	dummy_thread->base.cpu_mask = -1;
#endif /* CONFIG_SCHED_CPU_MASK */
	dummy_thread->base.user_options = K_ESSENTIAL;
 8005f74:	8183      	strh	r3, [r0, #12]
#ifdef CONFIG_THREAD_STACK_INFO
	dummy_thread->stack_info.start = 0U;
 8005f76:	2300      	movs	r3, #0
 8005f78:	f8c0 3098 	str.w	r3, [r0, #152]	@ 0x98
	dummy_thread->stack_info.size = 0U;
 8005f7c:	f8c0 309c 	str.w	r3, [r0, #156]	@ 0x9c
	dummy_thread->mem_domain_info.mem_domain = &k_mem_domain_default;
#endif /* CONFIG_USERSPACE */
#if (K_HEAP_MEM_POOL_SIZE > 0)
	k_thread_system_pool_assign(dummy_thread);
#else
	dummy_thread->resource_pool = NULL;
 8005f80:	f8c0 30a4 	str.w	r3, [r0, #164]	@ 0xa4

#ifdef CONFIG_TIMESLICE_PER_THREAD
	dummy_thread->base.slice_ticks = 0;
#endif /* CONFIG_TIMESLICE_PER_THREAD */

	z_current_thread_set(dummy_thread);
 8005f84:	4b01      	ldr	r3, [pc, #4]	@ (8005f8c <z_dummy_thread_init+0x1c>)
 8005f86:	6098      	str	r0, [r3, #8]
}
 8005f88:	4770      	bx	lr
 8005f8a:	bf00      	nop
 8005f8c:	20001148 	.word	0x20001148

08005f90 <z_swap_irqlock>:

#ifndef CONFIG_USE_SWITCH
static ALWAYS_INLINE int arch_swap(unsigned int key)
{
	/* store off key and return value */
	_current->arch.basepri = key;
 8005f90:	4a0a      	ldr	r2, [pc, #40]	@ (8005fbc <z_swap_irqlock+0x2c>)
 8005f92:	6893      	ldr	r3, [r2, #8]
 8005f94:	f8c3 00ac 	str.w	r0, [r3, #172]	@ 0xac
	_current->arch.swap_return_value = -EAGAIN;
 8005f98:	f06f 010a 	mvn.w	r1, #10
 8005f9c:	f8c3 10b0 	str.w	r1, [r3, #176]	@ 0xb0

	/* set pending bit to make sure we will take a PendSV exception */
	SCB->ICSR |= SCB_ICSR_PENDSVSET_Msk;
 8005fa0:	4907      	ldr	r1, [pc, #28]	@ (8005fc0 <z_swap_irqlock+0x30>)
 8005fa2:	684b      	ldr	r3, [r1, #4]
 8005fa4:	f043 5380 	orr.w	r3, r3, #268435456	@ 0x10000000
 8005fa8:	604b      	str	r3, [r1, #4]
 8005faa:	2300      	movs	r3, #0
 8005fac:	f383 8811 	msr	BASEPRI, r3
 8005fb0:	f3bf 8f6f 	isb	sy
	irq_unlock(0);

	/* Context switch is performed here. Returning implies the
	 * thread has been context-switched-in again.
	 */
	return _current->arch.swap_return_value;
 8005fb4:	6893      	ldr	r3, [r2, #8]
# endif /* CONFIG_ARM64 */
#endif /* CONFIG_SPIN_VALIDATE */

	ret = arch_swap(key);
	return ret;
}
 8005fb6:	f8d3 00b0 	ldr.w	r0, [r3, #176]	@ 0xb0
 8005fba:	4770      	bx	lr
 8005fbc:	20001148 	.word	0x20001148
 8005fc0:	e000ed00 	.word	0xe000ed00

08005fc4 <reschedule>:
{
#ifdef CONFIG_SMP
	_current_cpu->swap_ok = 0;
#endif /* CONFIG_SMP */

	return arch_irq_unlocked(key) && !arch_is_in_isr();
 8005fc4:	4608      	mov	r0, r1
 8005fc6:	b981      	cbnz	r1, 8005fea <reschedule+0x26>
	return new_thread != _current;
#endif /* CONFIG_SMP */
}

static void reschedule(struct k_spinlock *lock, k_spinlock_key_t key)
{
 8005fc8:	b508      	push	{r3, lr}
  __ASM volatile ("MRS %0, ipsr" : "=r" (result) );
 8005fca:	f3ef 8305 	mrs	r3, IPSR
	return arch_irq_unlocked(key) && !arch_is_in_isr();
 8005fce:	b93b      	cbnz	r3, 8005fe0 <reschedule+0x1c>
	new_thread = _kernel.ready_q.cache;
 8005fd0:	4b08      	ldr	r3, [pc, #32]	@ (8005ff4 <reschedule+0x30>)
 8005fd2:	695a      	ldr	r2, [r3, #20]
	return new_thread != _current;
 8005fd4:	689b      	ldr	r3, [r3, #8]
	if (resched(key.key) && need_swap()) {
 8005fd6:	429a      	cmp	r2, r3
 8005fd8:	d002      	beq.n	8005fe0 <reschedule+0x1c>
 * handling.
 */
static ALWAYS_INLINE int z_swap(struct k_spinlock *lock, k_spinlock_key_t key)
{
	k_spin_release(lock);
	return z_swap_irqlock(key.key);
 8005fda:	f7ff ffd9 	bl	8005f90 <z_swap_irqlock>
		z_swap(lock, key);
 8005fde:	e003      	b.n	8005fe8 <reschedule+0x24>
  __ASM volatile ("MSR basepri, %0" : : "r" (basePri) : "memory");
 8005fe0:	f380 8811 	msr	BASEPRI, r0
 8005fe4:	f3bf 8f6f 	isb	sy
	} else {
		signal_pending_ipi();
		k_spin_unlock(lock, key);
	}
}
 8005fe8:	bd08      	pop	{r3, pc}
 8005fea:	f381 8811 	msr	BASEPRI, r1
 8005fee:	f3bf 8f6f 	isb	sy
 8005ff2:	4770      	bx	lr
 8005ff4:	20001148 	.word	0x20001148

08005ff8 <ready_thread>:
	return (thread->base.thread_state & state) != 0U;
 8005ff8:	7c03      	ldrb	r3, [r0, #16]
	if (!z_is_thread_queued(thread) && z_is_thread_ready(thread)) {
 8005ffa:	f990 2010 	ldrsb.w	r2, [r0, #16]
 8005ffe:	2a00      	cmp	r2, #0
 8006000:	db4e      	blt.n	80060a0 <ready_thread+0xa8>
 8006002:	f013 0f1f 	tst.w	r3, #31
 8006006:	d14b      	bne.n	80060a0 <ready_thread+0xa8>
{
 8006008:	b510      	push	{r4, lr}
	thread->base.thread_state |= _THREAD_QUEUED;
 800600a:	f063 037f 	orn	r3, r3, #127	@ 0x7f
 800600e:	7403      	strb	r3, [r0, #16]
	return list->head == list;
 8006010:	4a24      	ldr	r2, [pc, #144]	@ (80060a4 <ready_thread+0xac>)
 8006012:	f852 3f18 	ldr.w	r3, [r2, #24]!
	return sys_dlist_is_empty(list) ? NULL : list->head;
 8006016:	4293      	cmp	r3, r2
 8006018:	d03a      	beq.n	8006090 <ready_thread+0x98>
	SYS_DLIST_FOR_EACH_CONTAINER(pq, t, base.qnode_dlist) {
 800601a:	b17b      	cbz	r3, 800603c <ready_thread+0x44>
	int32_t b1 = thread_1->base.prio;
 800601c:	f990 100e 	ldrsb.w	r1, [r0, #14]
	int32_t b2 = thread_2->base.prio;
 8006020:	f993 200e 	ldrsb.w	r2, [r3, #14]
	if (b1 != b2) {
 8006024:	4291      	cmp	r1, r2
 8006026:	d002      	beq.n	800602e <ready_thread+0x36>
		return b2 - b1;
 8006028:	1a52      	subs	r2, r2, r1
		if (z_sched_prio_cmp(thread, t) > 0) {
 800602a:	2a00      	cmp	r2, #0
 800602c:	dc27      	bgt.n	800607e <ready_thread+0x86>
	SYS_DLIST_FOR_EACH_CONTAINER(pq, t, base.qnode_dlist) {
 800602e:	4619      	mov	r1, r3
	return (node == list->tail) ? NULL : node->next;
 8006030:	4a1c      	ldr	r2, [pc, #112]	@ (80060a4 <ready_thread+0xac>)
 8006032:	69d2      	ldr	r2, [r2, #28]
 8006034:	4293      	cmp	r3, r2
 8006036:	d001      	beq.n	800603c <ready_thread+0x44>
 8006038:	681b      	ldr	r3, [r3, #0]
 800603a:	bb33      	cbnz	r3, 800608a <ready_thread+0x92>
	sys_dnode_t *const tail = list->tail;
 800603c:	4b19      	ldr	r3, [pc, #100]	@ (80060a4 <ready_thread+0xac>)
 800603e:	69da      	ldr	r2, [r3, #28]
	node->next = list;
 8006040:	f103 0118 	add.w	r1, r3, #24
 8006044:	6001      	str	r1, [r0, #0]
	node->prev = tail;
 8006046:	6042      	str	r2, [r0, #4]
	tail->next = node;
 8006048:	6010      	str	r0, [r2, #0]
	list->tail = node;
 800604a:	61d8      	str	r0, [r3, #28]
	return list->head == list;
 800604c:	4b15      	ldr	r3, [pc, #84]	@ (80060a4 <ready_thread+0xac>)
 800604e:	f853 4f18 	ldr.w	r4, [r3, #24]!
	return sys_dlist_is_empty(list) ? NULL : list->head;
 8006052:	429c      	cmp	r4, r3
 8006054:	d01e      	beq.n	8006094 <ready_thread+0x9c>
	if (n != NULL) {
 8006056:	b1ec      	cbz	r4, 8006094 <ready_thread+0x9c>
	}

	__ASSERT(_current != NULL, "");

	/* Or if we're pended/suspended/dummy (duh) */
	if (z_is_thread_prevented_from_running(_current)) {
 8006058:	4b12      	ldr	r3, [pc, #72]	@ (80060a4 <ready_thread+0xac>)
 800605a:	689b      	ldr	r3, [r3, #8]
	uint8_t state = thread->base.thread_state;
 800605c:	7c1a      	ldrb	r2, [r3, #16]
	if (z_is_thread_prevented_from_running(_current)) {
 800605e:	f012 0f1f 	tst.w	r2, #31
 8006062:	d104      	bne.n	800606e <ready_thread+0x76>
	return thread->base.preempt <= _PREEMPT_THRESHOLD;
 8006064:	89da      	ldrh	r2, [r3, #14]
	}

	/* Otherwise we have to be running a preemptible thread or
	 * switching to a metairq
	 */
	if (thread_is_preemptible(_current) || thread_is_metairq(thread)) {
 8006066:	2a7f      	cmp	r2, #127	@ 0x7f
 8006068:	d901      	bls.n	800606e <ready_thread+0x76>
	return node->next != NULL;
 800606a:	69a2      	ldr	r2, [r4, #24]
	/* Edge case on ARM where a thread can be pended out of an
	 * interrupt handler before the "synchronous" swap starts
	 * context switching.  Platforms with atomic swap can never
	 * hit this.
	 */
	if (IS_ENABLED(CONFIG_SWAP_NONATOMIC)
 800606c:	b1aa      	cbz	r2, 800609a <ready_thread+0xa2>
		if (thread != _current) {
 800606e:	42a3      	cmp	r3, r4
 8006070:	d002      	beq.n	8006078 <ready_thread+0x80>
			z_reset_time_slice(thread);
 8006072:	4620      	mov	r0, r4
 8006074:	f000 fc2e 	bl	80068d4 <z_reset_time_slice>
		_kernel.ready_q.cache = thread;
 8006078:	4b0a      	ldr	r3, [pc, #40]	@ (80060a4 <ready_thread+0xac>)
 800607a:	615c      	str	r4, [r3, #20]
}
 800607c:	bd10      	pop	{r4, pc}
	sys_dnode_t *const prev = successor->prev;
 800607e:	685a      	ldr	r2, [r3, #4]
	node->prev = prev;
 8006080:	6042      	str	r2, [r0, #4]
	node->next = successor;
 8006082:	6003      	str	r3, [r0, #0]
	prev->next = node;
 8006084:	6010      	str	r0, [r2, #0]
	successor->prev = node;
 8006086:	6058      	str	r0, [r3, #4]
			return;
 8006088:	e7e0      	b.n	800604c <ready_thread+0x54>
	return (node != NULL) ? sys_dlist_peek_next_no_check(list, node) : NULL;
 800608a:	2900      	cmp	r1, #0
 800608c:	d1c5      	bne.n	800601a <ready_thread+0x22>
 800608e:	e7d5      	b.n	800603c <ready_thread+0x44>
	SYS_DLIST_FOR_EACH_CONTAINER(pq, t, base.qnode_dlist) {
 8006090:	2300      	movs	r3, #0
 8006092:	e7c2      	b.n	800601a <ready_thread+0x22>
	return (thread != NULL) ? thread : _current_cpu->idle_thread;
 8006094:	4b03      	ldr	r3, [pc, #12]	@ (80060a4 <ready_thread+0xac>)
 8006096:	68dc      	ldr	r4, [r3, #12]
 8006098:	e7de      	b.n	8006058 <ready_thread+0x60>
		_kernel.ready_q.cache = _current;
 800609a:	4a02      	ldr	r2, [pc, #8]	@ (80060a4 <ready_thread+0xac>)
 800609c:	6153      	str	r3, [r2, #20]
 800609e:	e7ed      	b.n	800607c <ready_thread+0x84>
 80060a0:	4770      	bx	lr
 80060a2:	bf00      	nop
 80060a4:	20001148 	.word	0x20001148

080060a8 <unready_thread>:
}
#include <zephyr/syscalls/k_thread_resume_mrsh.c>
#endif /* CONFIG_USERSPACE */

static void unready_thread(struct k_thread *thread)
{
 80060a8:	b510      	push	{r4, lr}
	return (thread->base.thread_state & state) != 0U;
 80060aa:	7c03      	ldrb	r3, [r0, #16]
	if (z_is_thread_queued(thread)) {
 80060ac:	f990 2010 	ldrsb.w	r2, [r0, #16]
 80060b0:	2a00      	cmp	r2, #0
 80060b2:	db19      	blt.n	80060e8 <unready_thread+0x40>
		dequeue_thread(thread);
	}
	update_cache(thread == _current);
 80060b4:	4b15      	ldr	r3, [pc, #84]	@ (800610c <unready_thread+0x64>)
 80060b6:	689a      	ldr	r2, [r3, #8]
	return list->head == list;
 80060b8:	f853 4f18 	ldr.w	r4, [r3, #24]!
	return sys_dlist_is_empty(list) ? NULL : list->head;
 80060bc:	429c      	cmp	r4, r3
 80060be:	d01e      	beq.n	80060fe <unready_thread+0x56>
	if (n != NULL) {
 80060c0:	b1ec      	cbz	r4, 80060fe <unready_thread+0x56>
	if (preempt_ok != 0) {
 80060c2:	4282      	cmp	r2, r0
 80060c4:	d008      	beq.n	80060d8 <unready_thread+0x30>
	uint8_t state = thread->base.thread_state;
 80060c6:	7c13      	ldrb	r3, [r2, #16]
	if (z_is_thread_prevented_from_running(_current)) {
 80060c8:	f013 0f1f 	tst.w	r3, #31
 80060cc:	d104      	bne.n	80060d8 <unready_thread+0x30>
	return thread->base.preempt <= _PREEMPT_THRESHOLD;
 80060ce:	89d3      	ldrh	r3, [r2, #14]
	if (thread_is_preemptible(_current) || thread_is_metairq(thread)) {
 80060d0:	2b7f      	cmp	r3, #127	@ 0x7f
 80060d2:	d901      	bls.n	80060d8 <unready_thread+0x30>
	return node->next != NULL;
 80060d4:	69a3      	ldr	r3, [r4, #24]
	if (IS_ENABLED(CONFIG_SWAP_NONATOMIC)
 80060d6:	b1ab      	cbz	r3, 8006104 <unready_thread+0x5c>
		if (thread != _current) {
 80060d8:	42a2      	cmp	r2, r4
 80060da:	d002      	beq.n	80060e2 <unready_thread+0x3a>
			z_reset_time_slice(thread);
 80060dc:	4620      	mov	r0, r4
 80060de:	f000 fbf9 	bl	80068d4 <z_reset_time_slice>
		_kernel.ready_q.cache = thread;
 80060e2:	4b0a      	ldr	r3, [pc, #40]	@ (800610c <unready_thread+0x64>)
 80060e4:	615c      	str	r4, [r3, #20]
}
 80060e6:	bd10      	pop	{r4, pc}
	thread->base.thread_state &= ~_THREAD_QUEUED;
 80060e8:	f003 037f 	and.w	r3, r3, #127	@ 0x7f
 80060ec:	7403      	strb	r3, [r0, #16]
	sys_dnode_t *const prev = node->prev;
 80060ee:	6842      	ldr	r2, [r0, #4]
	sys_dnode_t *const next = node->next;
 80060f0:	6803      	ldr	r3, [r0, #0]
	prev->next = next;
 80060f2:	6013      	str	r3, [r2, #0]
	next->prev = prev;
 80060f4:	605a      	str	r2, [r3, #4]
	node->next = NULL;
 80060f6:	2300      	movs	r3, #0
 80060f8:	6003      	str	r3, [r0, #0]
	node->prev = NULL;
 80060fa:	6043      	str	r3, [r0, #4]
}
 80060fc:	e7da      	b.n	80060b4 <unready_thread+0xc>
	return (thread != NULL) ? thread : _current_cpu->idle_thread;
 80060fe:	4b03      	ldr	r3, [pc, #12]	@ (800610c <unready_thread+0x64>)
 8006100:	68dc      	ldr	r4, [r3, #12]
 8006102:	e7de      	b.n	80060c2 <unready_thread+0x1a>
		_kernel.ready_q.cache = _current;
 8006104:	4b01      	ldr	r3, [pc, #4]	@ (800610c <unready_thread+0x64>)
 8006106:	615a      	str	r2, [r3, #20]
 8006108:	e7ed      	b.n	80060e6 <unready_thread+0x3e>
 800610a:	bf00      	nop
 800610c:	20001148 	.word	0x20001148

08006110 <thread_halt_spin>:
{
 8006110:	e92d 43f8 	stmdb	sp!, {r3, r4, r5, r6, r7, r8, r9, lr}
 8006114:	4605      	mov	r5, r0
 8006116:	460c      	mov	r4, r1
	if (z_is_thread_halting(_current)) {
 8006118:	4b42      	ldr	r3, [pc, #264]	@ (8006224 <thread_halt_spin+0x114>)
 800611a:	689e      	ldr	r6, [r3, #8]
	return (thread->base.thread_state &
 800611c:	7c33      	ldrb	r3, [r6, #16]
 800611e:	f013 0f60 	tst.w	r3, #96	@ 0x60
 8006122:	d02b      	beq.n	800617c <thread_halt_spin+0x6c>
		halt_thread(_current,
 8006124:	f013 0f20 	tst.w	r3, #32
 8006128:	d02d      	beq.n	8006186 <thread_halt_spin+0x76>
 800612a:	2708      	movs	r7, #8
	bool dummify = false;

	/* We hold the lock, and the thread is known not to be running
	 * anywhere.
	 */
	if ((thread->base.thread_state & new_state) == 0U) {
 800612c:	421f      	tst	r7, r3
 800612e:	d125      	bne.n	800617c <thread_halt_spin+0x6c>
		thread->base.thread_state |= new_state;
 8006130:	433b      	orrs	r3, r7
 8006132:	7433      	strb	r3, [r6, #16]
		if (z_is_thread_queued(thread)) {
 8006134:	f013 0f80 	tst.w	r3, #128	@ 0x80
 8006138:	d127      	bne.n	800618a <thread_halt_spin+0x7a>
			dequeue_thread(thread);
		}

		if (new_state == _THREAD_DEAD) {
 800613a:	2f08      	cmp	r7, #8
 800613c:	d030      	beq.n	80061a0 <thread_halt_spin+0x90>
	bool dummify = false;
 800613e:	f04f 0900 	mov.w	r9, #0
	return list->head == list;
 8006142:	4b38      	ldr	r3, [pc, #224]	@ (8006224 <thread_halt_spin+0x114>)
 8006144:	f853 8f18 	ldr.w	r8, [r3, #24]!
	return sys_dlist_is_empty(list) ? NULL : list->head;
 8006148:	4598      	cmp	r8, r3
 800614a:	d04f      	beq.n	80061ec <thread_halt_spin+0xdc>
 800614c:	f1b8 0f00 	cmp.w	r8, #0
 8006150:	d04c      	beq.n	80061ec <thread_halt_spin+0xdc>
		if (thread != _current) {
 8006152:	4b34      	ldr	r3, [pc, #208]	@ (8006224 <thread_halt_spin+0x114>)
 8006154:	689b      	ldr	r3, [r3, #8]
 8006156:	4543      	cmp	r3, r8
 8006158:	d002      	beq.n	8006160 <thread_halt_spin+0x50>
			z_reset_time_slice(thread);
 800615a:	4640      	mov	r0, r8
 800615c:	f000 fbba 	bl	80068d4 <z_reset_time_slice>
		_kernel.ready_q.cache = thread;
 8006160:	4b30      	ldr	r3, [pc, #192]	@ (8006224 <thread_halt_spin+0x114>)
 8006162:	f8c3 8014 	str.w	r8, [r3, #20]
#ifdef CONFIG_SMP
		unpend_all(&thread->halt_queue);
#endif /* CONFIG_SMP */
		update_cache(1);

		if (new_state == _THREAD_SUSPENDED) {
 8006166:	2f10      	cmp	r7, #16
 8006168:	d008      	beq.n	800617c <thread_halt_spin+0x6c>
			clear_halting(thread);
			return;
		}

		arch_coprocessors_disable(thread);
 800616a:	4630      	mov	r0, r6
 800616c:	f002 fde0 	bl	8008d30 <arch_coprocessors_disable>

		SYS_PORT_TRACING_FUNC(k_thread, sched_abort, thread);

		z_thread_monitor_exit(thread);
 8006170:	4630      	mov	r0, r6
 8006172:	f000 fc09 	bl	8006988 <z_thread_monitor_exit>
		 * handle for any threads spinning in join() (this can
		 * never be used, as our thread is flagged dead, but
		 * it must not be NULL otherwise join can deadlock).
		 * Use 1 as a clearly invalid but non-NULL value.
		 */
		if (dummify && !IS_ENABLED(CONFIG_ARCH_POSIX)) {
 8006176:	f1b9 0f00 	cmp.w	r9, #0
 800617a:	d13b      	bne.n	80061f4 <thread_halt_spin+0xe4>
 800617c:	f384 8811 	msr	BASEPRI, r4
 8006180:	f3bf 8f6f 	isb	sy
	while (z_is_thread_halting(thread)) {
 8006184:	e047      	b.n	8006216 <thread_halt_spin+0x106>
		halt_thread(_current,
 8006186:	2710      	movs	r7, #16
 8006188:	e7d0      	b.n	800612c <thread_halt_spin+0x1c>
	thread->base.thread_state &= ~_THREAD_QUEUED;
 800618a:	f003 037f 	and.w	r3, r3, #127	@ 0x7f
 800618e:	7433      	strb	r3, [r6, #16]
	sys_dnode_t *const prev = node->prev;
 8006190:	6872      	ldr	r2, [r6, #4]
	sys_dnode_t *const next = node->next;
 8006192:	6833      	ldr	r3, [r6, #0]
	prev->next = next;
 8006194:	6013      	str	r3, [r2, #0]
	next->prev = prev;
 8006196:	605a      	str	r2, [r3, #4]
	node->next = NULL;
 8006198:	2300      	movs	r3, #0
 800619a:	6033      	str	r3, [r6, #0]
	node->prev = NULL;
 800619c:	6073      	str	r3, [r6, #4]
}
 800619e:	e7cc      	b.n	800613a <thread_halt_spin+0x2a>
			if (thread->base.pended_on != NULL) {
 80061a0:	68b3      	ldr	r3, [r6, #8]
 80061a2:	b15b      	cbz	r3, 80061bc <thread_halt_spin+0xac>
	sys_dnode_t *const prev = node->prev;
 80061a4:	6872      	ldr	r2, [r6, #4]
	sys_dnode_t *const next = node->next;
 80061a6:	6833      	ldr	r3, [r6, #0]
	prev->next = next;
 80061a8:	6013      	str	r3, [r2, #0]
	next->prev = prev;
 80061aa:	605a      	str	r2, [r3, #4]
	node->next = NULL;
 80061ac:	2300      	movs	r3, #0
 80061ae:	6033      	str	r3, [r6, #0]
	node->prev = NULL;
 80061b0:	6073      	str	r3, [r6, #4]
	thread->base.thread_state &= ~_THREAD_PENDING;
 80061b2:	7c32      	ldrb	r2, [r6, #16]
 80061b4:	f022 0202 	bic.w	r2, r2, #2
 80061b8:	7432      	strb	r2, [r6, #16]
 80061ba:	60b3      	str	r3, [r6, #8]
	z_abort_timeout(&thread->base.timeout);
 80061bc:	f106 0018 	add.w	r0, r6, #24
 80061c0:	f003 ffd8 	bl	800a174 <z_abort_timeout>
			unpend_all(&thread->join_queue);
 80061c4:	f106 0058 	add.w	r0, r6, #88	@ 0x58
 80061c8:	f003 fe9b 	bl	8009f02 <unpend_all>
			if (thread == _current && arch_is_in_isr()) {
 80061cc:	4b15      	ldr	r3, [pc, #84]	@ (8006224 <thread_halt_spin+0x114>)
 80061ce:	689b      	ldr	r3, [r3, #8]
 80061d0:	429e      	cmp	r6, r3
 80061d2:	d002      	beq.n	80061da <thread_halt_spin+0xca>
	bool dummify = false;
 80061d4:	f04f 0900 	mov.w	r9, #0
 80061d8:	e7b3      	b.n	8006142 <thread_halt_spin+0x32>
  __ASM volatile ("MRS %0, ipsr" : "=r" (result) );
 80061da:	f3ef 8305 	mrs	r3, IPSR
			if (thread == _current && arch_is_in_isr()) {
 80061de:	b913      	cbnz	r3, 80061e6 <thread_halt_spin+0xd6>
	bool dummify = false;
 80061e0:	f04f 0900 	mov.w	r9, #0
 80061e4:	e7ad      	b.n	8006142 <thread_halt_spin+0x32>
				dummify = true;
 80061e6:	f04f 0901 	mov.w	r9, #1
 80061ea:	e7aa      	b.n	8006142 <thread_halt_spin+0x32>
	return (thread != NULL) ? thread : _current_cpu->idle_thread;
 80061ec:	4b0d      	ldr	r3, [pc, #52]	@ (8006224 <thread_halt_spin+0x114>)
 80061ee:	f8d3 800c 	ldr.w	r8, [r3, #12]
 80061f2:	e7ae      	b.n	8006152 <thread_halt_spin+0x42>
#ifdef CONFIG_USE_SWITCH
			_current->switch_handle = (void *)1;
#endif
			z_dummy_thread_init(&_thread_dummy);
 80061f4:	480c      	ldr	r0, [pc, #48]	@ (8006228 <thread_halt_spin+0x118>)
 80061f6:	f7ff febb 	bl	8005f70 <z_dummy_thread_init>
 80061fa:	e7bf      	b.n	800617c <thread_halt_spin+0x6c>
  __ASM volatile ("MRS %0, basepri" : "=r" (result) );
 80061fc:	f3ef 8411 	mrs	r4, BASEPRI
  __ASM volatile ("MSR basepri_max, %0" : : "r" (basePri) : "memory");
 8006200:	2310      	movs	r3, #16
 8006202:	f383 8812 	msr	BASEPRI_MAX, r3
 8006206:	f3bf 8f6f 	isb	sy
		arch_spin_relax(); /* Requires interrupts be masked */
 800620a:	f003 fd4f 	bl	8009cac <arch_spin_relax>
  __ASM volatile ("MSR basepri, %0" : : "r" (basePri) : "memory");
 800620e:	f384 8811 	msr	BASEPRI, r4
 8006212:	f3bf 8f6f 	isb	sy
	return (thread->base.thread_state &
 8006216:	7c2b      	ldrb	r3, [r5, #16]
	while (z_is_thread_halting(thread)) {
 8006218:	f013 0f60 	tst.w	r3, #96	@ 0x60
 800621c:	d1ee      	bne.n	80061fc <thread_halt_spin+0xec>
}
 800621e:	e8bd 83f8 	ldmia.w	sp!, {r3, r4, r5, r6, r7, r8, r9, pc}
 8006222:	bf00      	nop
 8006224:	20001148 	.word	0x20001148
 8006228:	20000e18 	.word	0x20000e18

0800622c <add_thread_timeout>:
	if (!K_TIMEOUT_EQ(timeout, K_FOREVER)) {
 800622c:	f1b3 3fff 	cmp.w	r3, #4294967295
 8006230:	bf08      	it	eq
 8006232:	f1b2 3fff 	cmpeq.w	r2, #4294967295
 8006236:	d100      	bne.n	800623a <add_thread_timeout+0xe>
 8006238:	4770      	bx	lr
{
 800623a:	b508      	push	{r3, lr}
	return z_add_timeout(&thread->base.timeout, z_thread_timeout, ticks);
 800623c:	4902      	ldr	r1, [pc, #8]	@ (8006248 <add_thread_timeout+0x1c>)
 800623e:	3018      	adds	r0, #24
 8006240:	f000 fbe2 	bl	8006a08 <z_add_timeout>
}
 8006244:	bd08      	pop	{r3, pc}
 8006246:	bf00      	nop
 8006248:	0800a00b 	.word	0x0800a00b

0800624c <move_current_to_end_of_prio_q>:
{
 800624c:	b510      	push	{r4, lr}
	n = sys_dlist_peek_next_no_check(pq, &_current->base.qnode_dlist);
 800624e:	4b20      	ldr	r3, [pc, #128]	@ (80062d0 <move_current_to_end_of_prio_q+0x84>)
 8006250:	689a      	ldr	r2, [r3, #8]
	return (node == list->tail) ? NULL : node->next;
 8006252:	69db      	ldr	r3, [r3, #28]
 8006254:	429a      	cmp	r2, r3
 8006256:	d005      	beq.n	8006264 <move_current_to_end_of_prio_q+0x18>
 8006258:	6813      	ldr	r3, [r2, #0]
	sys_dnode_t *const prev = node->prev;
 800625a:	6851      	ldr	r1, [r2, #4]
	sys_dnode_t *const next = node->next;
 800625c:	6812      	ldr	r2, [r2, #0]
	prev->next = next;
 800625e:	600a      	str	r2, [r1, #0]
	next->prev = prev;
 8006260:	6051      	str	r1, [r2, #4]
}
 8006262:	e006      	b.n	8006272 <move_current_to_end_of_prio_q+0x26>
	return (node == list->tail) ? NULL : node->next;
 8006264:	2300      	movs	r3, #0
 8006266:	e7f8      	b.n	800625a <move_current_to_end_of_prio_q+0xe>
 8006268:	4a19      	ldr	r2, [pc, #100]	@ (80062d0 <move_current_to_end_of_prio_q+0x84>)
 800626a:	69d2      	ldr	r2, [r2, #28]
 800626c:	4293      	cmp	r3, r2
 800626e:	d012      	beq.n	8006296 <move_current_to_end_of_prio_q+0x4a>
 8006270:	681b      	ldr	r3, [r3, #0]
	while (n != NULL) {
 8006272:	b183      	cbz	r3, 8006296 <move_current_to_end_of_prio_q+0x4a>
		if (z_sched_prio_cmp(_current, t) > 0) {
 8006274:	4a16      	ldr	r2, [pc, #88]	@ (80062d0 <move_current_to_end_of_prio_q+0x84>)
 8006276:	6890      	ldr	r0, [r2, #8]
	int32_t b1 = thread_1->base.prio;
 8006278:	f990 100e 	ldrsb.w	r1, [r0, #14]
	int32_t b2 = thread_2->base.prio;
 800627c:	f993 200e 	ldrsb.w	r2, [r3, #14]
	if (b1 != b2) {
 8006280:	4291      	cmp	r1, r2
 8006282:	d0f1      	beq.n	8006268 <move_current_to_end_of_prio_q+0x1c>
		return b2 - b1;
 8006284:	1a52      	subs	r2, r2, r1
		if (z_sched_prio_cmp(_current, t) > 0) {
 8006286:	2a00      	cmp	r2, #0
 8006288:	ddee      	ble.n	8006268 <move_current_to_end_of_prio_q+0x1c>
	sys_dnode_t *const prev = successor->prev;
 800628a:	685a      	ldr	r2, [r3, #4]
	node->prev = prev;
 800628c:	6042      	str	r2, [r0, #4]
	node->next = successor;
 800628e:	6003      	str	r3, [r0, #0]
	prev->next = node;
 8006290:	6010      	str	r0, [r2, #0]
	successor->prev = node;
 8006292:	6058      	str	r0, [r3, #4]
			return;
 8006294:	e008      	b.n	80062a8 <move_current_to_end_of_prio_q+0x5c>
	sys_dlist_append(pq, &_current->base.qnode_dlist);
 8006296:	4b0e      	ldr	r3, [pc, #56]	@ (80062d0 <move_current_to_end_of_prio_q+0x84>)
 8006298:	689a      	ldr	r2, [r3, #8]
	sys_dnode_t *const tail = list->tail;
 800629a:	69d9      	ldr	r1, [r3, #28]
	node->next = list;
 800629c:	f103 0018 	add.w	r0, r3, #24
 80062a0:	6010      	str	r0, [r2, #0]
	node->prev = tail;
 80062a2:	6051      	str	r1, [r2, #4]
	tail->next = node;
 80062a4:	600a      	str	r2, [r1, #0]
	list->tail = node;
 80062a6:	61da      	str	r2, [r3, #28]
	return list->head == list;
 80062a8:	4b09      	ldr	r3, [pc, #36]	@ (80062d0 <move_current_to_end_of_prio_q+0x84>)
 80062aa:	f853 4f18 	ldr.w	r4, [r3, #24]!
	return sys_dlist_is_empty(list) ? NULL : list->head;
 80062ae:	429c      	cmp	r4, r3
 80062b0:	d00a      	beq.n	80062c8 <move_current_to_end_of_prio_q+0x7c>
	if (n != NULL) {
 80062b2:	b14c      	cbz	r4, 80062c8 <move_current_to_end_of_prio_q+0x7c>
		if (thread != _current) {
 80062b4:	4b06      	ldr	r3, [pc, #24]	@ (80062d0 <move_current_to_end_of_prio_q+0x84>)
 80062b6:	689b      	ldr	r3, [r3, #8]
 80062b8:	429c      	cmp	r4, r3
 80062ba:	d002      	beq.n	80062c2 <move_current_to_end_of_prio_q+0x76>
			z_reset_time_slice(thread);
 80062bc:	4620      	mov	r0, r4
 80062be:	f000 fb09 	bl	80068d4 <z_reset_time_slice>
		_kernel.ready_q.cache = thread;
 80062c2:	4b03      	ldr	r3, [pc, #12]	@ (80062d0 <move_current_to_end_of_prio_q+0x84>)
 80062c4:	615c      	str	r4, [r3, #20]
}
 80062c6:	bd10      	pop	{r4, pc}
	return (thread != NULL) ? thread : _current_cpu->idle_thread;
 80062c8:	4b01      	ldr	r3, [pc, #4]	@ (80062d0 <move_current_to_end_of_prio_q+0x84>)
 80062ca:	68dc      	ldr	r4, [r3, #12]
 80062cc:	e7f2      	b.n	80062b4 <move_current_to_end_of_prio_q+0x68>
 80062ce:	bf00      	nop
 80062d0:	20001148 	.word	0x20001148

080062d4 <z_pend_curr>:
{
 80062d4:	b510      	push	{r4, lr}
 80062d6:	460c      	mov	r4, r1
 80062d8:	4611      	mov	r1, r2
	pending_current = _current;
 80062da:	480a      	ldr	r0, [pc, #40]	@ (8006304 <z_pend_curr+0x30>)
 80062dc:	6882      	ldr	r2, [r0, #8]
 80062de:	4b0a      	ldr	r3, [pc, #40]	@ (8006308 <z_pend_curr+0x34>)
 80062e0:	601a      	str	r2, [r3, #0]
  __ASM volatile ("MRS %0, basepri" : "=r" (result) );
 80062e2:	f3ef 8311 	mrs	r3, BASEPRI
  __ASM volatile ("MSR basepri_max, %0" : : "r" (basePri) : "memory");
 80062e6:	2310      	movs	r3, #16
 80062e8:	f383 8812 	msr	BASEPRI_MAX, r3
 80062ec:	f3bf 8f6f 	isb	sy
	pend_locked(_current, wait_q, timeout);
 80062f0:	e9dd 2302 	ldrd	r2, r3, [sp, #8]
 80062f4:	6880      	ldr	r0, [r0, #8]
 80062f6:	f003 fe27 	bl	8009f48 <pend_locked>
 80062fa:	4620      	mov	r0, r4
 80062fc:	f7ff fe48 	bl	8005f90 <z_swap_irqlock>
}
 8006300:	bd10      	pop	{r4, pc}
 8006302:	bf00      	nop
 8006304:	20001148 	.word	0x20001148
 8006308:	2000116c 	.word	0x2000116c

0800630c <z_thread_prio_set>:
{
 800630c:	e92d 41f0 	stmdb	sp!, {r4, r5, r6, r7, r8, lr}
 8006310:	4604      	mov	r4, r0
 8006312:	460e      	mov	r6, r1
	K_SPINLOCK(&_sched_spinlock) {
 8006314:	2300      	movs	r3, #0
  __ASM volatile ("MRS %0, basepri" : "=r" (result) );
 8006316:	f3ef 8511 	mrs	r5, BASEPRI
  __ASM volatile ("MSR basepri_max, %0" : : "r" (basePri) : "memory");
 800631a:	2210      	movs	r2, #16
 800631c:	f382 8812 	msr	BASEPRI_MAX, r2
 8006320:	f3bf 8f6f 	isb	sy
	bool need_sched = false;
 8006324:	461f      	mov	r7, r3
 8006326:	e043      	b.n	80063b0 <z_thread_prio_set+0xa4>
	thread->base.thread_state &= ~_THREAD_QUEUED;
 8006328:	f003 037f 	and.w	r3, r3, #127	@ 0x7f
 800632c:	7423      	strb	r3, [r4, #16]
	sys_dnode_t *const prev = node->prev;
 800632e:	6862      	ldr	r2, [r4, #4]
	sys_dnode_t *const next = node->next;
 8006330:	6823      	ldr	r3, [r4, #0]
	prev->next = next;
 8006332:	6013      	str	r3, [r2, #0]
	next->prev = prev;
 8006334:	605a      	str	r2, [r3, #4]
	node->next = NULL;
 8006336:	2300      	movs	r3, #0
 8006338:	6023      	str	r3, [r4, #0]
	node->prev = NULL;
 800633a:	6063      	str	r3, [r4, #4]
				thread->base.prio = prio;
 800633c:	b271      	sxtb	r1, r6
 800633e:	73a1      	strb	r1, [r4, #14]
	thread->base.thread_state |= _THREAD_QUEUED;
 8006340:	7c23      	ldrb	r3, [r4, #16]
 8006342:	f063 037f 	orn	r3, r3, #127	@ 0x7f
 8006346:	7423      	strb	r3, [r4, #16]
	return list->head == list;
 8006348:	4a41      	ldr	r2, [pc, #260]	@ (8006450 <z_thread_prio_set+0x144>)
 800634a:	f852 3f18 	ldr.w	r3, [r2, #24]!
	return sys_dlist_is_empty(list) ? NULL : list->head;
 800634e:	4293      	cmp	r3, r2
 8006350:	d046      	beq.n	80063e0 <z_thread_prio_set+0xd4>
	SYS_DLIST_FOR_EACH_CONTAINER(pq, t, base.qnode_dlist) {
 8006352:	b173      	cbz	r3, 8006372 <z_thread_prio_set+0x66>
	int32_t b2 = thread_2->base.prio;
 8006354:	f993 200e 	ldrsb.w	r2, [r3, #14]
	if (b1 != b2) {
 8006358:	4291      	cmp	r1, r2
 800635a:	d002      	beq.n	8006362 <z_thread_prio_set+0x56>
		return b2 - b1;
 800635c:	1a52      	subs	r2, r2, r1
		if (z_sched_prio_cmp(thread, t) > 0) {
 800635e:	2a00      	cmp	r2, #0
 8006360:	dc35      	bgt.n	80063ce <z_thread_prio_set+0xc2>
	SYS_DLIST_FOR_EACH_CONTAINER(pq, t, base.qnode_dlist) {
 8006362:	4618      	mov	r0, r3
	return (node == list->tail) ? NULL : node->next;
 8006364:	4a3a      	ldr	r2, [pc, #232]	@ (8006450 <z_thread_prio_set+0x144>)
 8006366:	69d2      	ldr	r2, [r2, #28]
 8006368:	4293      	cmp	r3, r2
 800636a:	d002      	beq.n	8006372 <z_thread_prio_set+0x66>
 800636c:	681b      	ldr	r3, [r3, #0]
 800636e:	2b00      	cmp	r3, #0
 8006370:	d133      	bne.n	80063da <z_thread_prio_set+0xce>
	sys_dnode_t *const tail = list->tail;
 8006372:	4b37      	ldr	r3, [pc, #220]	@ (8006450 <z_thread_prio_set+0x144>)
 8006374:	69da      	ldr	r2, [r3, #28]
	node->next = list;
 8006376:	f103 0118 	add.w	r1, r3, #24
 800637a:	6021      	str	r1, [r4, #0]
	node->prev = tail;
 800637c:	6062      	str	r2, [r4, #4]
	tail->next = node;
 800637e:	6014      	str	r4, [r2, #0]
	list->tail = node;
 8006380:	61dc      	str	r4, [r3, #28]
	return list->head == list;
 8006382:	4b33      	ldr	r3, [pc, #204]	@ (8006450 <z_thread_prio_set+0x144>)
 8006384:	f853 8f18 	ldr.w	r8, [r3, #24]!
	return sys_dlist_is_empty(list) ? NULL : list->head;
 8006388:	4598      	cmp	r8, r3
 800638a:	d02b      	beq.n	80063e4 <z_thread_prio_set+0xd8>
	if (n != NULL) {
 800638c:	f1b8 0f00 	cmp.w	r8, #0
 8006390:	d028      	beq.n	80063e4 <z_thread_prio_set+0xd8>
		if (thread != _current) {
 8006392:	4b2f      	ldr	r3, [pc, #188]	@ (8006450 <z_thread_prio_set+0x144>)
 8006394:	689b      	ldr	r3, [r3, #8]
 8006396:	4598      	cmp	r8, r3
 8006398:	d002      	beq.n	80063a0 <z_thread_prio_set+0x94>
			z_reset_time_slice(thread);
 800639a:	4640      	mov	r0, r8
 800639c:	f000 fa9a 	bl	80068d4 <z_reset_time_slice>
		_kernel.ready_q.cache = thread;
 80063a0:	4b2b      	ldr	r3, [pc, #172]	@ (8006450 <z_thread_prio_set+0x144>)
 80063a2:	f8c3 8014 	str.w	r8, [r3, #20]
  __ASM volatile ("MSR basepri, %0" : : "r" (basePri) : "memory");
 80063a6:	f385 8811 	msr	BASEPRI, r5
 80063aa:	f3bf 8f6f 	isb	sy
	K_SPINLOCK(&_sched_spinlock) {
 80063ae:	2301      	movs	r3, #1
 80063b0:	2b00      	cmp	r3, #0
 80063b2:	d149      	bne.n	8006448 <z_thread_prio_set+0x13c>
	uint8_t state = thread->base.thread_state;
 80063b4:	7c23      	ldrb	r3, [r4, #16]
	return (state & (_THREAD_PENDING | _THREAD_SLEEPING | _THREAD_DEAD |
 80063b6:	f003 021f 	and.w	r2, r3, #31
	return !z_is_thread_prevented_from_running(thread);
 80063ba:	2a00      	cmp	r2, #0
 80063bc:	bf0c      	ite	eq
 80063be:	2701      	moveq	r7, #1
 80063c0:	2700      	movne	r7, #0
		if (need_sched) {
 80063c2:	d0b1      	beq.n	8006328 <z_thread_prio_set+0x1c>
		} else if (z_is_thread_pending(thread)) {
 80063c4:	f013 0f02 	tst.w	r3, #2
 80063c8:	d110      	bne.n	80063ec <z_thread_prio_set+0xe0>
			thread->base.prio = prio;
 80063ca:	73a6      	strb	r6, [r4, #14]
 80063cc:	e7eb      	b.n	80063a6 <z_thread_prio_set+0x9a>
	sys_dnode_t *const prev = successor->prev;
 80063ce:	685a      	ldr	r2, [r3, #4]
	node->prev = prev;
 80063d0:	6062      	str	r2, [r4, #4]
	node->next = successor;
 80063d2:	6023      	str	r3, [r4, #0]
	prev->next = node;
 80063d4:	6014      	str	r4, [r2, #0]
	successor->prev = node;
 80063d6:	605c      	str	r4, [r3, #4]
			return;
 80063d8:	e7d3      	b.n	8006382 <z_thread_prio_set+0x76>
	return (node != NULL) ? sys_dlist_peek_next_no_check(list, node) : NULL;
 80063da:	2800      	cmp	r0, #0
 80063dc:	d1b9      	bne.n	8006352 <z_thread_prio_set+0x46>
 80063de:	e7c8      	b.n	8006372 <z_thread_prio_set+0x66>
	SYS_DLIST_FOR_EACH_CONTAINER(pq, t, base.qnode_dlist) {
 80063e0:	2300      	movs	r3, #0
 80063e2:	e7b6      	b.n	8006352 <z_thread_prio_set+0x46>
	return (thread != NULL) ? thread : _current_cpu->idle_thread;
 80063e4:	4b1a      	ldr	r3, [pc, #104]	@ (8006450 <z_thread_prio_set+0x144>)
 80063e6:	f8d3 800c 	ldr.w	r8, [r3, #12]
 80063ea:	e7d2      	b.n	8006392 <z_thread_prio_set+0x86>
	return thread->base.pended_on;
 80063ec:	68a1      	ldr	r1, [r4, #8]
	sys_dnode_t *const prev = node->prev;
 80063ee:	6862      	ldr	r2, [r4, #4]
	sys_dnode_t *const next = node->next;
 80063f0:	6823      	ldr	r3, [r4, #0]
	prev->next = next;
 80063f2:	6013      	str	r3, [r2, #0]
	next->prev = prev;
 80063f4:	605a      	str	r2, [r3, #4]
	node->next = NULL;
 80063f6:	2300      	movs	r3, #0
 80063f8:	6023      	str	r3, [r4, #0]
	node->prev = NULL;
 80063fa:	6063      	str	r3, [r4, #4]
			thread->base.prio = prio;
 80063fc:	b270      	sxtb	r0, r6
 80063fe:	73a0      	strb	r0, [r4, #14]
	return list->head == list;
 8006400:	680b      	ldr	r3, [r1, #0]
	return sys_dlist_is_empty(list) ? NULL : list->head;
 8006402:	4299      	cmp	r1, r3
 8006404:	d108      	bne.n	8006418 <z_thread_prio_set+0x10c>
 8006406:	2300      	movs	r3, #0
 8006408:	e006      	b.n	8006418 <z_thread_prio_set+0x10c>
 800640a:	461a      	mov	r2, r3
	return (node == list->tail) ? NULL : node->next;
 800640c:	f8d1 c004 	ldr.w	ip, [r1, #4]
 8006410:	4563      	cmp	r3, ip
 8006412:	d013      	beq.n	800643c <z_thread_prio_set+0x130>
 8006414:	681b      	ldr	r3, [r3, #0]
 8006416:	b96b      	cbnz	r3, 8006434 <z_thread_prio_set+0x128>
 8006418:	b183      	cbz	r3, 800643c <z_thread_prio_set+0x130>
	int32_t b2 = thread_2->base.prio;
 800641a:	f993 200e 	ldrsb.w	r2, [r3, #14]
	if (b1 != b2) {
 800641e:	4290      	cmp	r0, r2
 8006420:	d0f3      	beq.n	800640a <z_thread_prio_set+0xfe>
		return b2 - b1;
 8006422:	1a12      	subs	r2, r2, r0
		if (z_sched_prio_cmp(thread, t) > 0) {
 8006424:	2a00      	cmp	r2, #0
 8006426:	ddf0      	ble.n	800640a <z_thread_prio_set+0xfe>
	sys_dnode_t *const prev = successor->prev;
 8006428:	685a      	ldr	r2, [r3, #4]
	node->prev = prev;
 800642a:	6062      	str	r2, [r4, #4]
	node->next = successor;
 800642c:	6023      	str	r3, [r4, #0]
	prev->next = node;
 800642e:	6014      	str	r4, [r2, #0]
	successor->prev = node;
 8006430:	605c      	str	r4, [r3, #4]
			return;
 8006432:	e7b8      	b.n	80063a6 <z_thread_prio_set+0x9a>
	return (node != NULL) ? sys_dlist_peek_next_no_check(list, node) : NULL;
 8006434:	2a00      	cmp	r2, #0
 8006436:	d1ef      	bne.n	8006418 <z_thread_prio_set+0x10c>
 8006438:	4613      	mov	r3, r2
 800643a:	e7ed      	b.n	8006418 <z_thread_prio_set+0x10c>
	sys_dnode_t *const tail = list->tail;
 800643c:	684b      	ldr	r3, [r1, #4]
	node->next = list;
 800643e:	6021      	str	r1, [r4, #0]
	node->prev = tail;
 8006440:	6063      	str	r3, [r4, #4]
	tail->next = node;
 8006442:	601c      	str	r4, [r3, #0]
	list->tail = node;
 8006444:	604c      	str	r4, [r1, #4]
}
 8006446:	e7ae      	b.n	80063a6 <z_thread_prio_set+0x9a>
}
 8006448:	4638      	mov	r0, r7
 800644a:	e8bd 81f0 	ldmia.w	sp!, {r4, r5, r6, r7, r8, pc}
 800644e:	bf00      	nop
 8006450:	20001148 	.word	0x20001148

08006454 <k_sched_lock>:
	K_SPINLOCK(&_sched_spinlock) {
 8006454:	2300      	movs	r3, #0
  __ASM volatile ("MRS %0, basepri" : "=r" (result) );
 8006456:	f3ef 8111 	mrs	r1, BASEPRI
  __ASM volatile ("MSR basepri_max, %0" : : "r" (basePri) : "memory");
 800645a:	2210      	movs	r2, #16
 800645c:	f382 8812 	msr	BASEPRI_MAX, r2
 8006460:	f3bf 8f6f 	isb	sy
 8006464:	e009      	b.n	800647a <k_sched_lock+0x26>
		--_current->base.sched_locked;
 8006466:	4b06      	ldr	r3, [pc, #24]	@ (8006480 <k_sched_lock+0x2c>)
 8006468:	689a      	ldr	r2, [r3, #8]
 800646a:	7bd3      	ldrb	r3, [r2, #15]
 800646c:	3b01      	subs	r3, #1
 800646e:	73d3      	strb	r3, [r2, #15]
  __ASM volatile ("MSR basepri, %0" : : "r" (basePri) : "memory");
 8006470:	f381 8811 	msr	BASEPRI, r1
 8006474:	f3bf 8f6f 	isb	sy
	K_SPINLOCK(&_sched_spinlock) {
 8006478:	2301      	movs	r3, #1
 800647a:	2b00      	cmp	r3, #0
 800647c:	d0f3      	beq.n	8006466 <k_sched_lock+0x12>
}
 800647e:	4770      	bx	lr
 8006480:	20001148 	.word	0x20001148

08006484 <k_sched_unlock>:
{
 8006484:	b538      	push	{r3, r4, r5, lr}
  __ASM volatile ("MRS %0, basepri" : "=r" (result) );
 8006486:	f3ef 8511 	mrs	r5, BASEPRI
  __ASM volatile ("MSR basepri_max, %0" : : "r" (basePri) : "memory");
 800648a:	2310      	movs	r3, #16
 800648c:	f383 8812 	msr	BASEPRI_MAX, r3
 8006490:	f3bf 8f6f 	isb	sy
	++_current->base.sched_locked;
 8006494:	4b12      	ldr	r3, [pc, #72]	@ (80064e0 <k_sched_unlock+0x5c>)
 8006496:	689a      	ldr	r2, [r3, #8]
 8006498:	7bd1      	ldrb	r1, [r2, #15]
 800649a:	3101      	adds	r1, #1
 800649c:	73d1      	strb	r1, [r2, #15]
	return list->head == list;
 800649e:	f853 4f18 	ldr.w	r4, [r3, #24]!
	return sys_dlist_is_empty(list) ? NULL : list->head;
 80064a2:	429c      	cmp	r4, r3
 80064a4:	d015      	beq.n	80064d2 <k_sched_unlock+0x4e>
	if (n != NULL) {
 80064a6:	b1a4      	cbz	r4, 80064d2 <k_sched_unlock+0x4e>
	uint8_t state = thread->base.thread_state;
 80064a8:	7c13      	ldrb	r3, [r2, #16]
	if (z_is_thread_prevented_from_running(_current)) {
 80064aa:	f013 0f1f 	tst.w	r3, #31
 80064ae:	d104      	bne.n	80064ba <k_sched_unlock+0x36>
	return thread->base.preempt <= _PREEMPT_THRESHOLD;
 80064b0:	89d3      	ldrh	r3, [r2, #14]
	if (thread_is_preemptible(_current) || thread_is_metairq(thread)) {
 80064b2:	2b7f      	cmp	r3, #127	@ 0x7f
 80064b4:	d901      	bls.n	80064ba <k_sched_unlock+0x36>
	return node->next != NULL;
 80064b6:	69a3      	ldr	r3, [r4, #24]
	if (IS_ENABLED(CONFIG_SWAP_NONATOMIC)
 80064b8:	b173      	cbz	r3, 80064d8 <k_sched_unlock+0x54>
		if (thread != _current) {
 80064ba:	4294      	cmp	r4, r2
 80064bc:	d002      	beq.n	80064c4 <k_sched_unlock+0x40>
			z_reset_time_slice(thread);
 80064be:	4620      	mov	r0, r4
 80064c0:	f000 fa08 	bl	80068d4 <z_reset_time_slice>
		_kernel.ready_q.cache = thread;
 80064c4:	4b06      	ldr	r3, [pc, #24]	@ (80064e0 <k_sched_unlock+0x5c>)
 80064c6:	615c      	str	r4, [r3, #20]
	reschedule(&_sched_spinlock, key);
 80064c8:	4629      	mov	r1, r5
 80064ca:	4806      	ldr	r0, [pc, #24]	@ (80064e4 <k_sched_unlock+0x60>)
 80064cc:	f7ff fd7a 	bl	8005fc4 <reschedule>
}
 80064d0:	bd38      	pop	{r3, r4, r5, pc}
	return (thread != NULL) ? thread : _current_cpu->idle_thread;
 80064d2:	4b03      	ldr	r3, [pc, #12]	@ (80064e0 <k_sched_unlock+0x5c>)
 80064d4:	68dc      	ldr	r4, [r3, #12]
 80064d6:	e7e7      	b.n	80064a8 <k_sched_unlock+0x24>
		_kernel.ready_q.cache = _current;
 80064d8:	4b01      	ldr	r3, [pc, #4]	@ (80064e0 <k_sched_unlock+0x5c>)
 80064da:	615a      	str	r2, [r3, #20]
 80064dc:	e7f4      	b.n	80064c8 <k_sched_unlock+0x44>
 80064de:	bf00      	nop
 80064e0:	20001148 	.word	0x20001148
 80064e4:	2000116c 	.word	0x2000116c

080064e8 <z_sched_init>:
{
 80064e8:	b508      	push	{r3, lr}
	init_ready_q(&_kernel.ready_q);
 80064ea:	4802      	ldr	r0, [pc, #8]	@ (80064f4 <z_sched_init+0xc>)
 80064ec:	f003 fdd6 	bl	800a09c <init_ready_q>
}
 80064f0:	bd08      	pop	{r3, pc}
 80064f2:	bf00      	nop
 80064f4:	2000115c 	.word	0x2000115c

080064f8 <z_impl_k_yield>:
{
 80064f8:	b538      	push	{r3, r4, r5, lr}
  __ASM volatile ("MRS %0, basepri" : "=r" (result) );
 80064fa:	f3ef 8411 	mrs	r4, BASEPRI
  __ASM volatile ("MSR basepri_max, %0" : : "r" (basePri) : "memory");
 80064fe:	2310      	movs	r3, #16
 8006500:	f383 8812 	msr	BASEPRI_MAX, r3
 8006504:	f3bf 8f6f 	isb	sy
	n = sys_dlist_peek_next_no_check(pq, &_current->base.qnode_dlist);
 8006508:	4b21      	ldr	r3, [pc, #132]	@ (8006590 <z_impl_k_yield+0x98>)
 800650a:	689a      	ldr	r2, [r3, #8]
	return (node == list->tail) ? NULL : node->next;
 800650c:	69db      	ldr	r3, [r3, #28]
 800650e:	429a      	cmp	r2, r3
 8006510:	d005      	beq.n	800651e <z_impl_k_yield+0x26>
 8006512:	6813      	ldr	r3, [r2, #0]
	sys_dnode_t *const prev = node->prev;
 8006514:	6851      	ldr	r1, [r2, #4]
	sys_dnode_t *const next = node->next;
 8006516:	6812      	ldr	r2, [r2, #0]
	prev->next = next;
 8006518:	600a      	str	r2, [r1, #0]
	next->prev = prev;
 800651a:	6051      	str	r1, [r2, #4]
}
 800651c:	e006      	b.n	800652c <z_impl_k_yield+0x34>
	return (node == list->tail) ? NULL : node->next;
 800651e:	2300      	movs	r3, #0
 8006520:	e7f8      	b.n	8006514 <z_impl_k_yield+0x1c>
 8006522:	4a1b      	ldr	r2, [pc, #108]	@ (8006590 <z_impl_k_yield+0x98>)
 8006524:	69d2      	ldr	r2, [r2, #28]
 8006526:	4293      	cmp	r3, r2
 8006528:	d012      	beq.n	8006550 <z_impl_k_yield+0x58>
 800652a:	681b      	ldr	r3, [r3, #0]
	while (n != NULL) {
 800652c:	b183      	cbz	r3, 8006550 <z_impl_k_yield+0x58>
		if (z_sched_prio_cmp(_current, t) > 0) {
 800652e:	4a18      	ldr	r2, [pc, #96]	@ (8006590 <z_impl_k_yield+0x98>)
 8006530:	6890      	ldr	r0, [r2, #8]
	int32_t b1 = thread_1->base.prio;
 8006532:	f990 100e 	ldrsb.w	r1, [r0, #14]
	int32_t b2 = thread_2->base.prio;
 8006536:	f993 200e 	ldrsb.w	r2, [r3, #14]
	if (b1 != b2) {
 800653a:	4291      	cmp	r1, r2
 800653c:	d0f1      	beq.n	8006522 <z_impl_k_yield+0x2a>
		return b2 - b1;
 800653e:	1a52      	subs	r2, r2, r1
		if (z_sched_prio_cmp(_current, t) > 0) {
 8006540:	2a00      	cmp	r2, #0
 8006542:	ddee      	ble.n	8006522 <z_impl_k_yield+0x2a>
	sys_dnode_t *const prev = successor->prev;
 8006544:	685a      	ldr	r2, [r3, #4]
	node->prev = prev;
 8006546:	6042      	str	r2, [r0, #4]
	node->next = successor;
 8006548:	6003      	str	r3, [r0, #0]
	prev->next = node;
 800654a:	6010      	str	r0, [r2, #0]
	successor->prev = node;
 800654c:	6058      	str	r0, [r3, #4]
			return;
 800654e:	e008      	b.n	8006562 <z_impl_k_yield+0x6a>
	sys_dlist_append(pq, &_current->base.qnode_dlist);
 8006550:	4b0f      	ldr	r3, [pc, #60]	@ (8006590 <z_impl_k_yield+0x98>)
 8006552:	689a      	ldr	r2, [r3, #8]
	sys_dnode_t *const tail = list->tail;
 8006554:	69d9      	ldr	r1, [r3, #28]
	node->next = list;
 8006556:	f103 0018 	add.w	r0, r3, #24
 800655a:	6010      	str	r0, [r2, #0]
	node->prev = tail;
 800655c:	6051      	str	r1, [r2, #4]
	tail->next = node;
 800655e:	600a      	str	r2, [r1, #0]
	list->tail = node;
 8006560:	61da      	str	r2, [r3, #28]
	return list->head == list;
 8006562:	4b0b      	ldr	r3, [pc, #44]	@ (8006590 <z_impl_k_yield+0x98>)
 8006564:	f853 5f18 	ldr.w	r5, [r3, #24]!
	return sys_dlist_is_empty(list) ? NULL : list->head;
 8006568:	429d      	cmp	r5, r3
 800656a:	d00d      	beq.n	8006588 <z_impl_k_yield+0x90>
	if (n != NULL) {
 800656c:	b165      	cbz	r5, 8006588 <z_impl_k_yield+0x90>
		if (thread != _current) {
 800656e:	4b08      	ldr	r3, [pc, #32]	@ (8006590 <z_impl_k_yield+0x98>)
 8006570:	689b      	ldr	r3, [r3, #8]
 8006572:	429d      	cmp	r5, r3
 8006574:	d002      	beq.n	800657c <z_impl_k_yield+0x84>
			z_reset_time_slice(thread);
 8006576:	4628      	mov	r0, r5
 8006578:	f000 f9ac 	bl	80068d4 <z_reset_time_slice>
		_kernel.ready_q.cache = thread;
 800657c:	4b04      	ldr	r3, [pc, #16]	@ (8006590 <z_impl_k_yield+0x98>)
 800657e:	615d      	str	r5, [r3, #20]
 8006580:	4620      	mov	r0, r4
 8006582:	f7ff fd05 	bl	8005f90 <z_swap_irqlock>
}
 8006586:	bd38      	pop	{r3, r4, r5, pc}
	return (thread != NULL) ? thread : _current_cpu->idle_thread;
 8006588:	4b01      	ldr	r3, [pc, #4]	@ (8006590 <z_impl_k_yield+0x98>)
 800658a:	68dd      	ldr	r5, [r3, #12]
 800658c:	e7ef      	b.n	800656e <z_impl_k_yield+0x76>
 800658e:	bf00      	nop
 8006590:	20001148 	.word	0x20001148

08006594 <z_tick_sleep>:
{
 8006594:	b5f8      	push	{r3, r4, r5, r6, r7, lr}
	if (K_TIMEOUT_EQ(timeout, K_NO_WAIT)) {
 8006596:	ea51 0300 	orrs.w	r3, r1, r0
 800659a:	d028      	beq.n	80065ee <z_tick_sleep+0x5a>
 800659c:	4605      	mov	r5, r0
 800659e:	460c      	mov	r4, r1
  __ASM volatile ("MRS %0, basepri" : "=r" (result) );
 80065a0:	f3ef 8711 	mrs	r7, BASEPRI
  __ASM volatile ("MSR basepri_max, %0" : : "r" (basePri) : "memory");
 80065a4:	2310      	movs	r3, #16
 80065a6:	f383 8812 	msr	BASEPRI_MAX, r3
 80065aa:	f3bf 8f6f 	isb	sy
	pending_current = _current;
 80065ae:	4e15      	ldr	r6, [pc, #84]	@ (8006604 <z_tick_sleep+0x70>)
 80065b0:	68b0      	ldr	r0, [r6, #8]
 80065b2:	4b15      	ldr	r3, [pc, #84]	@ (8006608 <z_tick_sleep+0x74>)
 80065b4:	6018      	str	r0, [r3, #0]
	unready_thread(_current);
 80065b6:	f7ff fd77 	bl	80060a8 <unready_thread>
	expected_wakeup_ticks = (uint32_t)z_add_thread_timeout(_current, timeout);
 80065ba:	68b0      	ldr	r0, [r6, #8]
 80065bc:	462a      	mov	r2, r5
 80065be:	4623      	mov	r3, r4
 80065c0:	4912      	ldr	r1, [pc, #72]	@ (800660c <z_tick_sleep+0x78>)
 80065c2:	3018      	adds	r0, #24
 80065c4:	f000 fa20 	bl	8006a08 <z_add_timeout>
 80065c8:	4604      	mov	r4, r0
	z_mark_thread_as_sleeping(_current);
 80065ca:	68b2      	ldr	r2, [r6, #8]
	thread->base.thread_state |= _THREAD_SLEEPING;
 80065cc:	7c13      	ldrb	r3, [r2, #16]
 80065ce:	f043 0304 	orr.w	r3, r3, #4
 80065d2:	7413      	strb	r3, [r2, #16]
 80065d4:	4638      	mov	r0, r7
 80065d6:	f7ff fcdb 	bl	8005f90 <z_swap_irqlock>
	if (!z_is_aborted_thread_timeout(_current)) {
 80065da:	68b3      	ldr	r3, [r6, #8]
	return to->dticks == TIMEOUT_DTICKS_ABORTED;
 80065dc:	6a9a      	ldr	r2, [r3, #40]	@ 0x28
 80065de:	6adb      	ldr	r3, [r3, #44]	@ 0x2c
 80065e0:	f1b3 4f00 	cmp.w	r3, #2147483648	@ 0x80000000
 80065e4:	bf08      	it	eq
 80065e6:	2a00      	cmpeq	r2, #0
 80065e8:	d005      	beq.n	80065f6 <z_tick_sleep+0x62>
		return 0;
 80065ea:	2000      	movs	r0, #0
}
 80065ec:	bdf8      	pop	{r3, r4, r5, r6, r7, pc}
	z_impl_k_yield();
 80065ee:	f7ff ff83 	bl	80064f8 <z_impl_k_yield>
		return 0;
 80065f2:	2000      	movs	r0, #0
 80065f4:	e7fa      	b.n	80065ec <z_tick_sleep+0x58>
	uint32_t left_ticks = expected_wakeup_ticks - sys_clock_tick_get_32();
 80065f6:	f003 fdfc 	bl	800a1f2 <sys_clock_tick_get_32>
 80065fa:	1a20      	subs	r0, r4, r0
	if (signed_left > 0) {
 80065fc:	2800      	cmp	r0, #0
 80065fe:	dcf5      	bgt.n	80065ec <z_tick_sleep+0x58>
	return 0;
 8006600:	2000      	movs	r0, #0
 8006602:	e7f3      	b.n	80065ec <z_tick_sleep+0x58>
 8006604:	20001148 	.word	0x20001148
 8006608:	2000116c 	.word	0x2000116c
 800660c:	0800a00b 	.word	0x0800a00b

08006610 <z_impl_k_sleep>:
{
 8006610:	b538      	push	{r3, r4, r5, lr}
 8006612:	4604      	mov	r4, r0
 8006614:	460d      	mov	r5, r1
	ticks = z_tick_sleep(timeout);
 8006616:	f7ff ffbd 	bl	8006594 <z_tick_sleep>
 800661a:	4603      	mov	r3, r0
	int64_t ms = K_TIMEOUT_EQ(timeout, K_FOREVER) ? K_TICKS_FOREVER :
 800661c:	4620      	mov	r0, r4
 800661e:	f1b5 3fff 	cmp.w	r5, #4294967295
 8006622:	bf08      	it	eq
 8006624:	f1b4 3fff 	cmpeq.w	r4, #4294967295
 8006628:	d028      	beq.n	800667c <z_impl_k_sleep+0x6c>
		clamp(k_ticks_to_ms_ceil64(ticks), 0, INT_MAX);
 800662a:	17da      	asrs	r2, r3, #31
 800662c:	f113 0009 	adds.w	r0, r3, #9
 8006630:	f142 0300 	adc.w	r3, r2, #0
 8006634:	2100      	movs	r1, #0
 8006636:	18c2      	adds	r2, r0, r3
 8006638:	d221      	bcs.n	800667e <z_impl_k_sleep+0x6e>
 800663a:	440a      	add	r2, r1
 800663c:	4911      	ldr	r1, [pc, #68]	@ (8006684 <z_impl_k_sleep+0x74>)
 800663e:	fba1 4502 	umull	r4, r5, r1, r2
 8006642:	f025 0403 	bic.w	r4, r5, #3
 8006646:	eb04 0495 	add.w	r4, r4, r5, lsr #2
 800664a:	1b12      	subs	r2, r2, r4
 800664c:	1a80      	subs	r0, r0, r2
 800664e:	f163 0300 	sbc.w	r3, r3, #0
 8006652:	f04f 32cc 	mov.w	r2, #3435973836	@ 0xcccccccc
 8006656:	fb00 f202 	mul.w	r2, r0, r2
 800665a:	fb01 2203 	mla	r2, r1, r3, r2
 800665e:	fba0 0101 	umull	r0, r1, r0, r1
 8006662:	440a      	add	r2, r1
 8006664:	0843      	lsrs	r3, r0, #1
 8006666:	ea43 73c2 	orr.w	r3, r3, r2, lsl #31
 800666a:	0852      	lsrs	r2, r2, #1
 800666c:	4618      	mov	r0, r3
 800666e:	f1b3 4f00 	cmp.w	r3, #2147483648	@ 0x80000000
 8006672:	f172 0200 	sbcs.w	r2, r2, #0
 8006676:	d301      	bcc.n	800667c <z_impl_k_sleep+0x6c>
 8006678:	f06f 4000 	mvn.w	r0, #2147483648	@ 0x80000000
}
 800667c:	bd38      	pop	{r3, r4, r5, pc}
		clamp(k_ticks_to_ms_ceil64(ticks), 0, INT_MAX);
 800667e:	2101      	movs	r1, #1
 8006680:	e7db      	b.n	800663a <z_impl_k_sleep+0x2a>
 8006682:	bf00      	nop
 8006684:	cccccccd 	.word	0xcccccccd

08006688 <z_impl_k_wakeup>:
{
 8006688:	b538      	push	{r3, r4, r5, lr}
  __ASM volatile ("MRS %0, basepri" : "=r" (result) );
 800668a:	f3ef 8511 	mrs	r5, BASEPRI
  __ASM volatile ("MSR basepri_max, %0" : : "r" (basePri) : "memory");
 800668e:	2310      	movs	r3, #16
 8006690:	f383 8812 	msr	BASEPRI_MAX, r3
 8006694:	f3bf 8f6f 	isb	sy
	return (thread->base.thread_state & _THREAD_SLEEPING) != 0U;
 8006698:	7c03      	ldrb	r3, [r0, #16]
	if (z_is_thread_sleeping(thread)) {
 800669a:	f013 0f04 	tst.w	r3, #4
 800669e:	d104      	bne.n	80066aa <z_impl_k_wakeup+0x22>
  __ASM volatile ("MSR basepri, %0" : : "r" (basePri) : "memory");
 80066a0:	f385 8811 	msr	BASEPRI, r5
 80066a4:	f3bf 8f6f 	isb	sy
}
 80066a8:	bd38      	pop	{r3, r4, r5, pc}
 80066aa:	4604      	mov	r4, r0
	z_abort_timeout(&thread->base.timeout);
 80066ac:	3018      	adds	r0, #24
 80066ae:	f003 fd61 	bl	800a174 <z_abort_timeout>
	thread->base.thread_state &= ~_THREAD_SLEEPING;
 80066b2:	7c23      	ldrb	r3, [r4, #16]
 80066b4:	f023 0304 	bic.w	r3, r3, #4
 80066b8:	7423      	strb	r3, [r4, #16]
		ready_thread(thread);
 80066ba:	4620      	mov	r0, r4
 80066bc:	f7ff fc9c 	bl	8005ff8 <ready_thread>
		reschedule(&_sched_spinlock, key);
 80066c0:	4629      	mov	r1, r5
 80066c2:	4802      	ldr	r0, [pc, #8]	@ (80066cc <z_impl_k_wakeup+0x44>)
 80066c4:	f7ff fc7e 	bl	8005fc4 <reschedule>
 80066c8:	e7ee      	b.n	80066a8 <z_impl_k_wakeup+0x20>
 80066ca:	bf00      	nop
 80066cc:	2000116c 	.word	0x2000116c

080066d0 <z_impl_k_sched_current_thread_query>:
}
 80066d0:	4b01      	ldr	r3, [pc, #4]	@ (80066d8 <z_impl_k_sched_current_thread_query+0x8>)
 80066d2:	6898      	ldr	r0, [r3, #8]
 80066d4:	4770      	bx	lr
 80066d6:	bf00      	nop
 80066d8:	20001148 	.word	0x20001148

080066dc <z_thread_abort>:
#ifdef IAR_SUPPRESS_ALWAYS_INLINE_WARNING_FLAG
TOOLCHAIN_ENABLE_WARNING(TOOLCHAIN_WARNING_ALWAYS_INLINE)
#endif

void z_thread_abort(struct k_thread *thread)
{
 80066dc:	e92d 43f8 	stmdb	sp!, {r3, r4, r5, r6, r7, r8, r9, lr}
	return (thread->base.user_options & K_ESSENTIAL) == K_ESSENTIAL;
 80066e0:	8983      	ldrh	r3, [r0, #12]
 80066e2:	f003 0701 	and.w	r7, r3, #1
  __ASM volatile ("MRS %0, basepri" : "=r" (result) );
 80066e6:	f3ef 8611 	mrs	r6, BASEPRI
  __ASM volatile ("MSR basepri_max, %0" : : "r" (basePri) : "memory");
 80066ea:	2310      	movs	r3, #16
 80066ec:	f383 8812 	msr	BASEPRI_MAX, r3
 80066f0:	f3bf 8f6f 	isb	sy
	return (thread->base.thread_state & _THREAD_DEAD) != 0U;
 80066f4:	7c05      	ldrb	r5, [r0, #16]
	bool essential = z_is_thread_essential(thread);
	k_spinlock_key_t key = k_spin_lock(&_sched_spinlock);

	if (z_is_thread_dead(thread)) {
 80066f6:	f015 0f08 	tst.w	r5, #8
 80066fa:	d11a      	bne.n	8006732 <z_thread_abort+0x56>
 80066fc:	4604      	mov	r4, r0
		k_spin_unlock(&_sched_spinlock, key);
		return;
	}

	z_thread_halt(thread, key, true);
 80066fe:	46b1      	mov	r9, r6
	_wait_q_t *wq = &thread->join_queue;
 8006700:	f100 0858 	add.w	r8, r0, #88	@ 0x58
	struct _cpu *cpu = thread_active_elsewhere(thread);
 8006704:	f003 fbcb 	bl	8009e9e <thread_active_elsewhere>
	if (cpu != NULL) {
 8006708:	b310      	cbz	r0, 8006750 <z_thread_abort+0x74>
		thread->base.thread_state |= (terminate ? _THREAD_ABORTING
 800670a:	f045 0520 	orr.w	r5, r5, #32
 800670e:	7425      	strb	r5, [r4, #16]
  __ASM volatile ("MRS %0, ipsr" : "=r" (result) );
 8006710:	f3ef 8305 	mrs	r3, IPSR
		if (arch_is_in_isr()) {
 8006714:	b19b      	cbz	r3, 800673e <z_thread_abort+0x62>
			thread_halt_spin(thread, key);
 8006716:	4631      	mov	r1, r6
 8006718:	4620      	mov	r0, r4
 800671a:	f7ff fcf9 	bl	8006110 <thread_halt_spin>

	if (essential) {
 800671e:	b167      	cbz	r7, 800673a <z_thread_abort+0x5e>
  __ASM volatile ("MSR basepri, %0" : : "r" (basePri) : "memory");
 8006720:	2300      	movs	r3, #0
 8006722:	f383 8811 	msr	BASEPRI, r3
 8006726:	f3bf 8f6f 	isb	sy
		__ASSERT(!essential, "aborted essential thread %p", thread);
		k_panic();
 800672a:	2304      	movs	r3, #4
 800672c:	4618      	mov	r0, r3
 800672e:	df02      	svc	2
 8006730:	e003      	b.n	800673a <z_thread_abort+0x5e>
 8006732:	f386 8811 	msr	BASEPRI, r6
 8006736:	f3bf 8f6f 	isb	sy
	}
}
 800673a:	e8bd 83f8 	ldmia.w	sp!, {r3, r4, r5, r6, r7, r8, r9, pc}
			add_to_waitq_locked(_current, wq);
 800673e:	4641      	mov	r1, r8
 8006740:	4b3f      	ldr	r3, [pc, #252]	@ (8006840 <z_thread_abort+0x164>)
 8006742:	6898      	ldr	r0, [r3, #8]
 8006744:	f003 fbad 	bl	8009ea2 <add_to_waitq_locked>
 8006748:	4630      	mov	r0, r6
 800674a:	f7ff fc21 	bl	8005f90 <z_swap_irqlock>
 800674e:	e7e6      	b.n	800671e <z_thread_abort+0x42>
		thread->base.thread_state |= new_state;
 8006750:	f045 0308 	orr.w	r3, r5, #8
 8006754:	7423      	strb	r3, [r4, #16]
		if (z_is_thread_queued(thread)) {
 8006756:	f013 0f80 	tst.w	r3, #128	@ 0x80
 800675a:	d136      	bne.n	80067ca <z_thread_abort+0xee>
			if (thread->base.pended_on != NULL) {
 800675c:	68a3      	ldr	r3, [r4, #8]
 800675e:	b15b      	cbz	r3, 8006778 <z_thread_abort+0x9c>
	sys_dnode_t *const prev = node->prev;
 8006760:	6862      	ldr	r2, [r4, #4]
	sys_dnode_t *const next = node->next;
 8006762:	6823      	ldr	r3, [r4, #0]
	prev->next = next;
 8006764:	6013      	str	r3, [r2, #0]
	next->prev = prev;
 8006766:	605a      	str	r2, [r3, #4]
	node->next = NULL;
 8006768:	2300      	movs	r3, #0
 800676a:	6023      	str	r3, [r4, #0]
	node->prev = NULL;
 800676c:	6063      	str	r3, [r4, #4]
	thread->base.thread_state &= ~_THREAD_PENDING;
 800676e:	7c22      	ldrb	r2, [r4, #16]
 8006770:	f022 0202 	bic.w	r2, r2, #2
 8006774:	7422      	strb	r2, [r4, #16]
	thread->base.pended_on = NULL;
 8006776:	60a3      	str	r3, [r4, #8]
 8006778:	f104 0018 	add.w	r0, r4, #24
 800677c:	f003 fcfa 	bl	800a174 <z_abort_timeout>
			unpend_all(&thread->join_queue);
 8006780:	4640      	mov	r0, r8
 8006782:	f003 fbbe 	bl	8009f02 <unpend_all>
			if (thread == _current && arch_is_in_isr()) {
 8006786:	4b2e      	ldr	r3, [pc, #184]	@ (8006840 <z_thread_abort+0x164>)
 8006788:	689a      	ldr	r2, [r3, #8]
 800678a:	4294      	cmp	r4, r2
 800678c:	d02a      	beq.n	80067e4 <z_thread_abort+0x108>
	bool dummify = false;
 800678e:	2600      	movs	r6, #0
	return list->head == list;
 8006790:	4b2b      	ldr	r3, [pc, #172]	@ (8006840 <z_thread_abort+0x164>)
 8006792:	f853 5f18 	ldr.w	r5, [r3, #24]!
	return sys_dlist_is_empty(list) ? NULL : list->head;
 8006796:	429d      	cmp	r5, r3
 8006798:	d02b      	beq.n	80067f2 <z_thread_abort+0x116>
 800679a:	b355      	cbz	r5, 80067f2 <z_thread_abort+0x116>
		if (thread != _current) {
 800679c:	42aa      	cmp	r2, r5
 800679e:	d002      	beq.n	80067a6 <z_thread_abort+0xca>
			z_reset_time_slice(thread);
 80067a0:	4628      	mov	r0, r5
 80067a2:	f000 f897 	bl	80068d4 <z_reset_time_slice>
		_kernel.ready_q.cache = thread;
 80067a6:	4b26      	ldr	r3, [pc, #152]	@ (8006840 <z_thread_abort+0x164>)
 80067a8:	615d      	str	r5, [r3, #20]
		arch_coprocessors_disable(thread);
 80067aa:	4620      	mov	r0, r4
 80067ac:	f002 fac0 	bl	8008d30 <arch_coprocessors_disable>
		z_thread_monitor_exit(thread);
 80067b0:	4620      	mov	r0, r4
 80067b2:	f000 f8e9 	bl	8006988 <z_thread_monitor_exit>
		if (dummify && !IS_ENABLED(CONFIG_ARCH_POSIX)) {
 80067b6:	b9fe      	cbnz	r6, 80067f8 <z_thread_abort+0x11c>
		if ((thread == _current) && !arch_is_in_isr()) {
 80067b8:	4b21      	ldr	r3, [pc, #132]	@ (8006840 <z_thread_abort+0x164>)
 80067ba:	689b      	ldr	r3, [r3, #8]
 80067bc:	429c      	cmp	r4, r3
 80067be:	d01f      	beq.n	8006800 <z_thread_abort+0x124>
 80067c0:	f389 8811 	msr	BASEPRI, r9
 80067c4:	f3bf 8f6f 	isb	sy
 80067c8:	e7a9      	b.n	800671e <z_thread_abort+0x42>
	thread->base.thread_state &= ~_THREAD_QUEUED;
 80067ca:	f005 057f 	and.w	r5, r5, #127	@ 0x7f
 80067ce:	f045 0508 	orr.w	r5, r5, #8
 80067d2:	7425      	strb	r5, [r4, #16]
	sys_dnode_t *const prev = node->prev;
 80067d4:	6862      	ldr	r2, [r4, #4]
	sys_dnode_t *const next = node->next;
 80067d6:	6823      	ldr	r3, [r4, #0]
	prev->next = next;
 80067d8:	6013      	str	r3, [r2, #0]
	next->prev = prev;
 80067da:	605a      	str	r2, [r3, #4]
	node->next = NULL;
 80067dc:	2300      	movs	r3, #0
 80067de:	6023      	str	r3, [r4, #0]
	node->prev = NULL;
 80067e0:	6063      	str	r3, [r4, #4]
}
 80067e2:	e7bb      	b.n	800675c <z_thread_abort+0x80>
  __ASM volatile ("MRS %0, ipsr" : "=r" (result) );
 80067e4:	f3ef 8305 	mrs	r3, IPSR
			if (thread == _current && arch_is_in_isr()) {
 80067e8:	b90b      	cbnz	r3, 80067ee <z_thread_abort+0x112>
	bool dummify = false;
 80067ea:	2600      	movs	r6, #0
 80067ec:	e7d0      	b.n	8006790 <z_thread_abort+0xb4>
				dummify = true;
 80067ee:	2601      	movs	r6, #1
 80067f0:	e7ce      	b.n	8006790 <z_thread_abort+0xb4>
	return (thread != NULL) ? thread : _current_cpu->idle_thread;
 80067f2:	4b13      	ldr	r3, [pc, #76]	@ (8006840 <z_thread_abort+0x164>)
 80067f4:	68dd      	ldr	r5, [r3, #12]
 80067f6:	e7d1      	b.n	800679c <z_thread_abort+0xc0>
			z_dummy_thread_init(&_thread_dummy);
 80067f8:	4812      	ldr	r0, [pc, #72]	@ (8006844 <z_thread_abort+0x168>)
 80067fa:	f7ff fbb9 	bl	8005f70 <z_dummy_thread_init>
 80067fe:	e7db      	b.n	80067b8 <z_thread_abort+0xdc>
 8006800:	f3ef 8305 	mrs	r3, IPSR
		if ((thread == _current) && !arch_is_in_isr()) {
 8006804:	2b00      	cmp	r3, #0
 8006806:	d1db      	bne.n	80067c0 <z_thread_abort+0xe4>
	return (thread->base.user_options & K_ESSENTIAL) == K_ESSENTIAL;
 8006808:	89a3      	ldrh	r3, [r4, #12]
			if (z_is_thread_essential(thread)) {
 800680a:	f013 0f01 	tst.w	r3, #1
 800680e:	d012      	beq.n	8006836 <z_thread_abort+0x15a>
  __ASM volatile ("MSR basepri, %0" : : "r" (basePri) : "memory");
 8006810:	f389 8811 	msr	BASEPRI, r9
 8006814:	f3bf 8f6f 	isb	sy
 8006818:	2300      	movs	r3, #0
 800681a:	f383 8811 	msr	BASEPRI, r3
 800681e:	f3bf 8f6f 	isb	sy
				k_panic();
 8006822:	2304      	movs	r3, #4
 8006824:	4618      	mov	r0, r3
 8006826:	df02      	svc	2
  __ASM volatile ("MRS %0, basepri" : "=r" (result) );
 8006828:	f3ef 8911 	mrs	r9, BASEPRI
  __ASM volatile ("MSR basepri_max, %0" : : "r" (basePri) : "memory");
 800682c:	2310      	movs	r3, #16
 800682e:	f383 8812 	msr	BASEPRI_MAX, r3
 8006832:	f3bf 8f6f 	isb	sy
 8006836:	4648      	mov	r0, r9
 8006838:	f7ff fbaa 	bl	8005f90 <z_swap_irqlock>
			z_swap(&_sched_spinlock, key);
 800683c:	e76f      	b.n	800671e <z_thread_abort+0x42>
 800683e:	bf00      	nop
 8006840:	20001148 	.word	0x20001148
 8006844:	20000e18 	.word	0x20000e18

08006848 <z_sched_wait>:
	return ret;
}

int z_sched_wait(struct k_spinlock *lock, k_spinlock_key_t key,
		 _wait_q_t *wait_q, k_timeout_t timeout, void **data)
{
 8006848:	e92d 4810 	stmdb	sp!, {r4, fp, lr}
 800684c:	b083      	sub	sp, #12
 800684e:	9c08      	ldr	r4, [sp, #32]
	int ret = z_pend_curr(lock, key, wait_q, timeout);
 8006850:	e9dd bc06 	ldrd	fp, ip, [sp, #24]
 8006854:	e9cd bc00 	strd	fp, ip, [sp]
 8006858:	f7ff fd3c 	bl	80062d4 <z_pend_curr>

	if (data != NULL) {
 800685c:	b11c      	cbz	r4, 8006866 <z_sched_wait+0x1e>
		*data = _current->base.swap_data;
 800685e:	4b03      	ldr	r3, [pc, #12]	@ (800686c <z_sched_wait+0x24>)
 8006860:	689b      	ldr	r3, [r3, #8]
 8006862:	695b      	ldr	r3, [r3, #20]
 8006864:	6023      	str	r3, [r4, #0]
	}
	return ret;
}
 8006866:	b003      	add	sp, #12
 8006868:	e8bd 8810 	ldmia.w	sp!, {r4, fp, pc}
 800686c:	20001148 	.word	0x20001148

08006870 <z_time_slice_size>:
#endif
	return ret;
}

static int z_time_slice_size(struct k_thread *thread)
{
 8006870:	4603      	mov	r3, r0
	uint8_t state = thread->base.thread_state;
 8006872:	7c02      	ldrb	r2, [r0, #16]
	if (z_is_thread_prevented_from_running(thread) ||
 8006874:	f012 0f1f 	tst.w	r2, #31
 8006878:	d110      	bne.n	800689c <z_time_slice_size+0x2c>
 800687a:	4a0b      	ldr	r2, [pc, #44]	@ (80068a8 <z_time_slice_size+0x38>)
 800687c:	4290      	cmp	r0, r2
 800687e:	d00f      	beq.n	80068a0 <z_time_slice_size+0x30>
	int ret = slice_ticks;
 8006880:	4a0a      	ldr	r2, [pc, #40]	@ (80068ac <z_time_slice_size+0x3c>)
 8006882:	6810      	ldr	r0, [r2, #0]
	    z_is_idle_thread_object(thread) ||
 8006884:	b178      	cbz	r0, 80068a6 <z_time_slice_size+0x36>
	return thread->base.preempt <= _PREEMPT_THRESHOLD;
 8006886:	89da      	ldrh	r2, [r3, #14]
	if (thread->base.slice_ticks != 0) {
		return thread->base.slice_ticks;
	}
#endif

	if (thread_is_preemptible(thread) &&
 8006888:	2a7f      	cmp	r2, #127	@ 0x7f
 800688a:	d80b      	bhi.n	80068a4 <z_time_slice_size+0x34>
	    !z_is_prio_higher(thread->base.prio, slice_max_prio)) {
 800688c:	f993 200e 	ldrsb.w	r2, [r3, #14]
 8006890:	4b07      	ldr	r3, [pc, #28]	@ (80068b0 <z_time_slice_size+0x40>)
 8006892:	681b      	ldr	r3, [r3, #0]
	if (thread_is_preemptible(thread) &&
 8006894:	429a      	cmp	r2, r3
 8006896:	da06      	bge.n	80068a6 <z_time_slice_size+0x36>
		return slice_ticks;
	}

	return 0;
 8006898:	2000      	movs	r0, #0
 800689a:	4770      	bx	lr
		return 0;
 800689c:	2000      	movs	r0, #0
 800689e:	4770      	bx	lr
 80068a0:	2000      	movs	r0, #0
 80068a2:	4770      	bx	lr
	return 0;
 80068a4:	2000      	movs	r0, #0
}
 80068a6:	4770      	bx	lr
 80068a8:	20000ca8 	.word	0x20000ca8
 80068ac:	2000010c 	.word	0x2000010c
 80068b0:	20001174 	.word	0x20001174

080068b4 <slice_timeout>:

static void slice_timeout(struct _timeout *timeout)
{
	int cpu = ARRAY_INDEX(slice_timeouts, timeout);
 80068b4:	4b04      	ldr	r3, [pc, #16]	@ (80068c8 <slice_timeout+0x14>)
 80068b6:	1ac0      	subs	r0, r0, r3
 80068b8:	10c0      	asrs	r0, r0, #3
 80068ba:	4b04      	ldr	r3, [pc, #16]	@ (80068cc <slice_timeout+0x18>)
 80068bc:	fb03 f000 	mul.w	r0, r3, r0

	slice_expired[cpu] = true;
 80068c0:	4b03      	ldr	r3, [pc, #12]	@ (80068d0 <slice_timeout+0x1c>)
 80068c2:	2201      	movs	r2, #1
 80068c4:	541a      	strb	r2, [r3, r0]
	 * for a different CPU.
	 */
	if (cpu != _current_cpu->id) {
		flag_ipi(IPI_CPU_MASK(cpu));
	}
}
 80068c6:	4770      	bx	lr
 80068c8:	20000ed0 	.word	0x20000ed0
 80068cc:	aaaaaaab 	.word	0xaaaaaaab
 80068d0:	20001170 	.word	0x20001170

080068d4 <z_reset_time_slice>:

void z_reset_time_slice(struct k_thread *thread)
{
 80068d4:	b570      	push	{r4, r5, r6, lr}
	int cpu = _current_cpu->id;
 80068d6:	4b0c      	ldr	r3, [pc, #48]	@ (8006908 <z_reset_time_slice+0x34>)
 80068d8:	7c1e      	ldrb	r6, [r3, #16]
	int slice_size = z_time_slice_size(thread);
 80068da:	f7ff ffc9 	bl	8006870 <z_time_slice_size>
 80068de:	4604      	mov	r4, r0

	z_abort_timeout(&slice_timeouts[cpu]);
 80068e0:	eb06 0346 	add.w	r3, r6, r6, lsl #1
 80068e4:	4d09      	ldr	r5, [pc, #36]	@ (800690c <z_reset_time_slice+0x38>)
 80068e6:	eb05 05c3 	add.w	r5, r5, r3, lsl #3
 80068ea:	4628      	mov	r0, r5
 80068ec:	f003 fc42 	bl	800a174 <z_abort_timeout>
	slice_expired[cpu] = false;
 80068f0:	4b07      	ldr	r3, [pc, #28]	@ (8006910 <z_reset_time_slice+0x3c>)
 80068f2:	2200      	movs	r2, #0
 80068f4:	559a      	strb	r2, [r3, r6]
	if (slice_size != 0) {
 80068f6:	b904      	cbnz	r4, 80068fa <z_reset_time_slice+0x26>
		z_add_timeout(&slice_timeouts[cpu], slice_timeout,
			      K_TICKS(slice_size - 1));
	}
}
 80068f8:	bd70      	pop	{r4, r5, r6, pc}
			      K_TICKS(slice_size - 1));
 80068fa:	1e62      	subs	r2, r4, #1
		z_add_timeout(&slice_timeouts[cpu], slice_timeout,
 80068fc:	17d3      	asrs	r3, r2, #31
 80068fe:	4905      	ldr	r1, [pc, #20]	@ (8006914 <z_reset_time_slice+0x40>)
 8006900:	4628      	mov	r0, r5
 8006902:	f000 f881 	bl	8006a08 <z_add_timeout>
}
 8006906:	e7f7      	b.n	80068f8 <z_reset_time_slice+0x24>
 8006908:	20001148 	.word	0x20001148
 800690c:	20000ed0 	.word	0x20000ed0
 8006910:	20001170 	.word	0x20001170
 8006914:	080068b5 	.word	0x080068b5

08006918 <z_time_slice>:
}
#endif

/* Called out of each timer and IPI interrupt */
void z_time_slice(void)
{
 8006918:	b538      	push	{r3, r4, r5, lr}
  __ASM volatile ("MRS %0, basepri" : "=r" (result) );
 800691a:	f3ef 8511 	mrs	r5, BASEPRI
  __ASM volatile ("MSR basepri_max, %0" : : "r" (basePri) : "memory");
 800691e:	2310      	movs	r3, #16
 8006920:	f383 8812 	msr	BASEPRI_MAX, r3
 8006924:	f3bf 8f6f 	isb	sy
	k_spinlock_key_t key = k_spin_lock(&_sched_spinlock);
	struct k_thread *curr = _current;
 8006928:	4b14      	ldr	r3, [pc, #80]	@ (800697c <z_time_slice+0x64>)
 800692a:	689c      	ldr	r4, [r3, #8]

#ifdef CONFIG_SWAP_NONATOMIC
	if (pending_current == curr) {
 800692c:	4b14      	ldr	r3, [pc, #80]	@ (8006980 <z_time_slice+0x68>)
 800692e:	681b      	ldr	r3, [r3, #0]
 8006930:	42a3      	cmp	r3, r4
 8006932:	d017      	beq.n	8006964 <z_time_slice+0x4c>
		z_reset_time_slice(curr);
		k_spin_unlock(&_sched_spinlock, key);
		return;
	}
	pending_current = NULL;
 8006934:	4b12      	ldr	r3, [pc, #72]	@ (8006980 <z_time_slice+0x68>)
 8006936:	2200      	movs	r2, #0
 8006938:	601a      	str	r2, [r3, #0]
#endif

	if (slice_expired[_current_cpu->id] && (z_time_slice_size(curr) != 0)) {
 800693a:	4b10      	ldr	r3, [pc, #64]	@ (800697c <z_time_slice+0x64>)
 800693c:	7c1b      	ldrb	r3, [r3, #16]
 800693e:	4a11      	ldr	r2, [pc, #68]	@ (8006984 <z_time_slice+0x6c>)
 8006940:	5cd3      	ldrb	r3, [r2, r3]
 8006942:	b153      	cbz	r3, 800695a <z_time_slice+0x42>
 8006944:	4620      	mov	r0, r4
 8006946:	f7ff ff93 	bl	8006870 <z_time_slice_size>
 800694a:	b130      	cbz	r0, 800695a <z_time_slice+0x42>
	uint8_t state = thread->base.thread_state;
 800694c:	7c23      	ldrb	r3, [r4, #16]
			k_spin_unlock(&_sched_spinlock, key);
			handler(curr, curr->base.slice_data);
			key = k_spin_lock(&_sched_spinlock);
		}
#endif
		if (!z_is_thread_prevented_from_running(curr)) {
 800694e:	f013 0f1f 	tst.w	r3, #31
 8006952:	d00f      	beq.n	8006974 <z_time_slice+0x5c>
			move_current_to_end_of_prio_q();
		}
		z_reset_time_slice(curr);
 8006954:	4620      	mov	r0, r4
 8006956:	f7ff ffbd 	bl	80068d4 <z_reset_time_slice>
  __ASM volatile ("MSR basepri, %0" : : "r" (basePri) : "memory");
 800695a:	f385 8811 	msr	BASEPRI, r5
 800695e:	f3bf 8f6f 	isb	sy
	}
	k_spin_unlock(&_sched_spinlock, key);
}
 8006962:	bd38      	pop	{r3, r4, r5, pc}
		z_reset_time_slice(curr);
 8006964:	4620      	mov	r0, r4
 8006966:	f7ff ffb5 	bl	80068d4 <z_reset_time_slice>
 800696a:	f385 8811 	msr	BASEPRI, r5
 800696e:	f3bf 8f6f 	isb	sy
		return;
 8006972:	e7f6      	b.n	8006962 <z_time_slice+0x4a>
			move_current_to_end_of_prio_q();
 8006974:	f7ff fc6a 	bl	800624c <move_current_to_end_of_prio_q>
 8006978:	e7ec      	b.n	8006954 <z_time_slice+0x3c>
 800697a:	bf00      	nop
 800697c:	20001148 	.word	0x20001148
 8006980:	2000116c 	.word	0x2000116c
 8006984:	20001170 	.word	0x20001170

08006988 <z_thread_monitor_exit>:
  __ASM volatile ("MRS %0, basepri" : "=r" (result) );
 8006988:	f3ef 8111 	mrs	r1, BASEPRI
  __ASM volatile ("MSR basepri_max, %0" : : "r" (basePri) : "memory");
 800698c:	2310      	movs	r3, #16
 800698e:	f383 8812 	msr	BASEPRI_MAX, r3
 8006992:	f3bf 8f6f 	isb	sy
 */
void z_thread_monitor_exit(struct k_thread *thread)
{
	k_spinlock_key_t key = k_spin_lock(&z_thread_monitor_lock);

	if (thread == _kernel.threads) {
 8006996:	4b0a      	ldr	r3, [pc, #40]	@ (80069c0 <z_thread_monitor_exit+0x38>)
 8006998:	6a1b      	ldr	r3, [r3, #32]
 800699a:	4283      	cmp	r3, r0
 800699c:	d104      	bne.n	80069a8 <z_thread_monitor_exit+0x20>
		_kernel.threads = _kernel.threads->next_thread;
 800699e:	6f5a      	ldr	r2, [r3, #116]	@ 0x74
 80069a0:	4b07      	ldr	r3, [pc, #28]	@ (80069c0 <z_thread_monitor_exit+0x38>)
 80069a2:	621a      	str	r2, [r3, #32]
 80069a4:	e007      	b.n	80069b6 <z_thread_monitor_exit+0x2e>
		struct k_thread *prev_thread;

		prev_thread = _kernel.threads;
		while ((prev_thread != NULL) &&
			(thread != prev_thread->next_thread)) {
			prev_thread = prev_thread->next_thread;
 80069a6:	4613      	mov	r3, r2
		while ((prev_thread != NULL) &&
 80069a8:	b113      	cbz	r3, 80069b0 <z_thread_monitor_exit+0x28>
			(thread != prev_thread->next_thread)) {
 80069aa:	6f5a      	ldr	r2, [r3, #116]	@ 0x74
		while ((prev_thread != NULL) &&
 80069ac:	4282      	cmp	r2, r0
 80069ae:	d1fa      	bne.n	80069a6 <z_thread_monitor_exit+0x1e>
		}
		if (prev_thread != NULL) {
 80069b0:	b10b      	cbz	r3, 80069b6 <z_thread_monitor_exit+0x2e>
			prev_thread->next_thread = thread->next_thread;
 80069b2:	6f42      	ldr	r2, [r0, #116]	@ 0x74
 80069b4:	675a      	str	r2, [r3, #116]	@ 0x74
  __ASM volatile ("MSR basepri, %0" : : "r" (basePri) : "memory");
 80069b6:	f381 8811 	msr	BASEPRI, r1
 80069ba:	f3bf 8f6f 	isb	sy
		}
	}

	k_spin_unlock(&z_thread_monitor_lock, key);
}
 80069be:	4770      	bx	lr
 80069c0:	20001148 	.word	0x20001148

080069c4 <first>:
	return list->head == list;
 80069c4:	4b03      	ldr	r3, [pc, #12]	@ (80069d4 <first+0x10>)
 80069c6:	6818      	ldr	r0, [r3, #0]
	return sys_dlist_is_empty(list) ? NULL : list->head;
 80069c8:	4298      	cmp	r0, r3
 80069ca:	d000      	beq.n	80069ce <first+0xa>
static struct _timeout *first(void)
{
	sys_dnode_t *t = sys_dlist_peek_head(&timeout_list);

	return (t == NULL) ? NULL : CONTAINER_OF(t, struct _timeout, node);
}
 80069cc:	4770      	bx	lr
 80069ce:	2000      	movs	r0, #0
	return (t == NULL) ? NULL : CONTAINER_OF(t, struct _timeout, node);
 80069d0:	e7fc      	b.n	80069cc <first+0x8>
 80069d2:	bf00      	nop
 80069d4:	20000110 	.word	0x20000110

080069d8 <next>:
	return (node != NULL) ? sys_dlist_peek_next_no_check(list, node) : NULL;
 80069d8:	b130      	cbz	r0, 80069e8 <next+0x10>
	return (node == list->tail) ? NULL : node->next;
 80069da:	4a04      	ldr	r2, [pc, #16]	@ (80069ec <next+0x14>)
 80069dc:	6852      	ldr	r2, [r2, #4]
 80069de:	4290      	cmp	r0, r2
 80069e0:	d001      	beq.n	80069e6 <next+0xe>
 80069e2:	6800      	ldr	r0, [r0, #0]
 80069e4:	4770      	bx	lr
 80069e6:	2000      	movs	r0, #0
static struct _timeout *next(struct _timeout *t)
{
	sys_dnode_t *n = sys_dlist_peek_next(&timeout_list, &t->node);

	return (n == NULL) ? NULL : CONTAINER_OF(n, struct _timeout, node);
}
 80069e8:	4770      	bx	lr
 80069ea:	bf00      	nop
 80069ec:	20000110 	.word	0x20000110

080069f0 <elapsed>:

	sys_dlist_remove(&t->node);
}

static int32_t elapsed(void)
{
 80069f0:	b508      	push	{r3, lr}
	 *
	 * The distinction is implemented by looking at announce_remaining which
	 * will be non-zero while sys_clock_announce() is executing and zero
	 * otherwise.
	 */
	return announce_remaining == 0 ? sys_clock_elapsed() : 0U;
 80069f2:	4b04      	ldr	r3, [pc, #16]	@ (8006a04 <elapsed+0x14>)
 80069f4:	681b      	ldr	r3, [r3, #0]
 80069f6:	b10b      	cbz	r3, 80069fc <elapsed+0xc>
 80069f8:	2000      	movs	r0, #0
}
 80069fa:	bd08      	pop	{r3, pc}
	return announce_remaining == 0 ? sys_clock_elapsed() : 0U;
 80069fc:	f7fe fc9e 	bl	800533c <sys_clock_elapsed>
 8006a00:	e7fb      	b.n	80069fa <elapsed+0xa>
 8006a02:	bf00      	nop
 8006a04:	20001178 	.word	0x20001178

08006a08 <z_add_timeout>:

	return ret;
}

k_ticks_t z_add_timeout(struct _timeout *to, _timeout_func_t fn, k_timeout_t timeout)
{
 8006a08:	e92d 4ff0 	stmdb	sp!, {r4, r5, r6, r7, r8, r9, sl, fp, lr}
 8006a0c:	b083      	sub	sp, #12
	k_ticks_t ticks = 0;

	if (K_TIMEOUT_EQ(timeout, K_FOREVER)) {
 8006a0e:	f1b3 3fff 	cmp.w	r3, #4294967295
 8006a12:	bf08      	it	eq
 8006a14:	f1b2 3fff 	cmpeq.w	r2, #4294967295
 8006a18:	d00e      	beq.n	8006a38 <z_add_timeout+0x30>
 8006a1a:	4604      	mov	r4, r0
 8006a1c:	4691      	mov	r9, r2
 8006a1e:	461f      	mov	r7, r3
#ifdef CONFIG_KERNEL_COHERENCE
	__ASSERT_NO_MSG(sys_cache_is_mem_coherent(to));
#endif /* CONFIG_KERNEL_COHERENCE */

	__ASSERT(!sys_dnode_is_linked(&to->node), "");
	to->fn = fn;
 8006a20:	6081      	str	r1, [r0, #8]

	K_SPINLOCK(&timeout_lock) {
 8006a22:	2300      	movs	r3, #0
  __ASM volatile ("MRS %0, basepri" : "=r" (result) );
 8006a24:	f3ef 8a11 	mrs	sl, BASEPRI
  __ASM volatile ("MSR basepri_max, %0" : : "r" (basePri) : "memory");
 8006a28:	2210      	movs	r2, #16
 8006a2a:	f382 8812 	msr	BASEPRI_MAX, r2
 8006a2e:	f3bf 8f6f 	isb	sy
	k_ticks_t ticks = 0;
 8006a32:	461d      	mov	r5, r3
 8006a34:	9301      	str	r3, [sp, #4]
 8006a36:	e035      	b.n	8006aa4 <z_add_timeout+0x9c>
		return 0;
 8006a38:	2500      	movs	r5, #0
 8006a3a:	9501      	str	r5, [sp, #4]
			sys_clock_set_timeout(next_timeout(ticks_elapsed), false);
		}
	}

	return ticks;
}
 8006a3c:	4628      	mov	r0, r5
 8006a3e:	9901      	ldr	r1, [sp, #4]
 8006a40:	b003      	add	sp, #12
 8006a42:	e8bd 8ff0 	ldmia.w	sp!, {r4, r5, r6, r7, r8, r9, sl, fp, pc}
			ticks_elapsed = elapsed();
 8006a46:	f7ff ffd3 	bl	80069f0 <elapsed>
 8006a4a:	4680      	mov	r8, r0
			to->dticks = timeout.ticks + 1 + ticks_elapsed;
 8006a4c:	3501      	adds	r5, #1
 8006a4e:	f147 0600 	adc.w	r6, r7, #0
 8006a52:	1945      	adds	r5, r0, r5
 8006a54:	eb46 76e0 	adc.w	r6, r6, r0, asr #31
 8006a58:	6125      	str	r5, [r4, #16]
 8006a5a:	6166      	str	r6, [r4, #20]
			ticks = curr_tick + to->dticks;
 8006a5c:	4a34      	ldr	r2, [pc, #208]	@ (8006b30 <z_add_timeout+0x128>)
 8006a5e:	6813      	ldr	r3, [r2, #0]
 8006a60:	6852      	ldr	r2, [r2, #4]
 8006a62:	18ed      	adds	r5, r5, r3
 8006a64:	eb46 0302 	adc.w	r3, r6, r2
 8006a68:	9301      	str	r3, [sp, #4]
			has_elapsed = true;
 8006a6a:	f04f 0b01 	mov.w	fp, #1
 8006a6e:	e038      	b.n	8006ae2 <z_add_timeout+0xda>
				t->dticks -= to->dticks;
 8006a70:	1ac9      	subs	r1, r1, r3
 8006a72:	eb66 0202 	sbc.w	r2, r6, r2
 8006a76:	6101      	str	r1, [r0, #16]
 8006a78:	6142      	str	r2, [r0, #20]
	sys_dnode_t *const prev = successor->prev;
 8006a7a:	6843      	ldr	r3, [r0, #4]
	node->prev = prev;
 8006a7c:	6063      	str	r3, [r4, #4]
	node->next = successor;
 8006a7e:	6020      	str	r0, [r4, #0]
	prev->next = node;
 8006a80:	601c      	str	r4, [r3, #0]
	successor->prev = node;
 8006a82:	6044      	str	r4, [r0, #4]
		if (t == NULL) {
 8006a84:	e005      	b.n	8006a92 <z_add_timeout+0x8a>
	sys_dnode_t *const tail = list->tail;
 8006a86:	4b2b      	ldr	r3, [pc, #172]	@ (8006b34 <z_add_timeout+0x12c>)
 8006a88:	685a      	ldr	r2, [r3, #4]
	node->next = list;
 8006a8a:	6023      	str	r3, [r4, #0]
	node->prev = tail;
 8006a8c:	6062      	str	r2, [r4, #4]
	tail->next = node;
 8006a8e:	6014      	str	r4, [r2, #0]
	list->tail = node;
 8006a90:	605c      	str	r4, [r3, #4]
		if (to == first() && announce_remaining == 0) {
 8006a92:	f7ff ff97 	bl	80069c4 <first>
 8006a96:	4284      	cmp	r4, r0
 8006a98:	d037      	beq.n	8006b0a <z_add_timeout+0x102>
  __ASM volatile ("MSR basepri, %0" : : "r" (basePri) : "memory");
 8006a9a:	f38a 8811 	msr	BASEPRI, sl
 8006a9e:	f3bf 8f6f 	isb	sy
	K_SPINLOCK(&timeout_lock) {
 8006aa2:	2301      	movs	r3, #1
 8006aa4:	2b00      	cmp	r3, #0
 8006aa6:	d1c9      	bne.n	8006a3c <z_add_timeout+0x34>
		if (Z_IS_TIMEOUT_RELATIVE(timeout)) {
 8006aa8:	464d      	mov	r5, r9
 8006aaa:	9701      	str	r7, [sp, #4]
 8006aac:	2f00      	cmp	r7, #0
 8006aae:	daca      	bge.n	8006a46 <z_add_timeout+0x3e>
			k_ticks_t dticks = Z_TICK_ABS(timeout.ticks) - curr_tick;
 8006ab0:	4b1f      	ldr	r3, [pc, #124]	@ (8006b30 <z_add_timeout+0x128>)
 8006ab2:	6819      	ldr	r1, [r3, #0]
 8006ab4:	685b      	ldr	r3, [r3, #4]
 8006ab6:	1869      	adds	r1, r5, r1
 8006ab8:	eb43 0307 	adc.w	r3, r3, r7
 8006abc:	f06f 0201 	mvn.w	r2, #1
 8006ac0:	1a52      	subs	r2, r2, r1
 8006ac2:	f04f 31ff 	mov.w	r1, #4294967295
 8006ac6:	eb61 0303 	sbc.w	r3, r1, r3
			to->dticks = max(1, dticks);
 8006aca:	4610      	mov	r0, r2
 8006acc:	4619      	mov	r1, r3
 8006ace:	2a01      	cmp	r2, #1
 8006ad0:	f173 0300 	sbcs.w	r3, r3, #0
 8006ad4:	da01      	bge.n	8006ada <z_add_timeout+0xd2>
 8006ad6:	2001      	movs	r0, #1
 8006ad8:	2100      	movs	r1, #0
 8006ada:	6120      	str	r0, [r4, #16]
 8006adc:	6161      	str	r1, [r4, #20]
		bool has_elapsed = false;
 8006ade:	f04f 0b00 	mov.w	fp, #0
		for (t = first(); t != NULL; t = next(t)) {
 8006ae2:	f7ff ff6f 	bl	80069c4 <first>
 8006ae6:	2800      	cmp	r0, #0
 8006ae8:	d0cd      	beq.n	8006a86 <z_add_timeout+0x7e>
			if (t->dticks > to->dticks) {
 8006aea:	6901      	ldr	r1, [r0, #16]
 8006aec:	6946      	ldr	r6, [r0, #20]
 8006aee:	6923      	ldr	r3, [r4, #16]
 8006af0:	6962      	ldr	r2, [r4, #20]
 8006af2:	428b      	cmp	r3, r1
 8006af4:	eb72 0e06 	sbcs.w	lr, r2, r6
 8006af8:	dbba      	blt.n	8006a70 <z_add_timeout+0x68>
			to->dticks -= t->dticks;
 8006afa:	1a5b      	subs	r3, r3, r1
 8006afc:	eb62 0206 	sbc.w	r2, r2, r6
 8006b00:	6123      	str	r3, [r4, #16]
 8006b02:	6162      	str	r2, [r4, #20]
		for (t = first(); t != NULL; t = next(t)) {
 8006b04:	f7ff ff68 	bl	80069d8 <next>
 8006b08:	e7ed      	b.n	8006ae6 <z_add_timeout+0xde>
		if (to == first() && announce_remaining == 0) {
 8006b0a:	4b0b      	ldr	r3, [pc, #44]	@ (8006b38 <z_add_timeout+0x130>)
 8006b0c:	681b      	ldr	r3, [r3, #0]
 8006b0e:	2b00      	cmp	r3, #0
 8006b10:	d1c3      	bne.n	8006a9a <z_add_timeout+0x92>
			if (!has_elapsed) {
 8006b12:	f1bb 0f00 	cmp.w	fp, #0
 8006b16:	d006      	beq.n	8006b26 <z_add_timeout+0x11e>
			sys_clock_set_timeout(next_timeout(ticks_elapsed), false);
 8006b18:	4640      	mov	r0, r8
 8006b1a:	f003 fb10 	bl	800a13e <next_timeout>
 8006b1e:	2100      	movs	r1, #0
 8006b20:	f7fe fb7a 	bl	8005218 <sys_clock_set_timeout>
 8006b24:	e7b9      	b.n	8006a9a <z_add_timeout+0x92>
				ticks_elapsed = elapsed();
 8006b26:	f7ff ff63 	bl	80069f0 <elapsed>
 8006b2a:	4680      	mov	r8, r0
 8006b2c:	e7f4      	b.n	8006b18 <z_add_timeout+0x110>
 8006b2e:	bf00      	nop
 8006b30:	20000ee8 	.word	0x20000ee8
 8006b34:	20000110 	.word	0x20000110
 8006b38:	20001178 	.word	0x20001178

08006b3c <sys_clock_announce_locked>:
	}
	return ret;
}

void sys_clock_announce_locked(int32_t ticks, k_spinlock_key_t key)
{
 8006b3c:	b570      	push	{r4, r5, r6, lr}
 8006b3e:	460e      	mov	r6, r1
		announce_remaining += ticks;
		k_spin_unlock(&timeout_lock, key);
		return;
	}

	announce_remaining = ticks;
 8006b40:	4b2d      	ldr	r3, [pc, #180]	@ (8006bf8 <sys_clock_announce_locked+0xbc>)
 8006b42:	6018      	str	r0, [r3, #0]

	struct _timeout *t;

	for (t = first();
 8006b44:	f7ff ff3e 	bl	80069c4 <first>
 8006b48:	4604      	mov	r4, r0
 8006b4a:	e028      	b.n	8006b9e <sys_clock_announce_locked+0x62>
	     (t != NULL) && (t->dticks <= announce_remaining);
	     t = first()) {
		int dt = t->dticks;

		curr_tick += dt;
 8006b4c:	4a2b      	ldr	r2, [pc, #172]	@ (8006bfc <sys_clock_announce_locked+0xc0>)
 8006b4e:	6813      	ldr	r3, [r2, #0]
 8006b50:	6851      	ldr	r1, [r2, #4]
 8006b52:	195b      	adds	r3, r3, r5
 8006b54:	eb41 71e5 	adc.w	r1, r1, r5, asr #31
 8006b58:	6013      	str	r3, [r2, #0]
 8006b5a:	6051      	str	r1, [r2, #4]
		t->dticks = 0;
 8006b5c:	2200      	movs	r2, #0
 8006b5e:	2300      	movs	r3, #0
 8006b60:	e9c4 2304 	strd	r2, r3, [r4, #16]
		remove_timeout(t);
 8006b64:	4620      	mov	r0, r4
 8006b66:	f003 fad3 	bl	800a110 <remove_timeout>
		t->dticks = TIMEOUT_DTICKS_ANNOUNCING;
 8006b6a:	2201      	movs	r2, #1
 8006b6c:	f04f 4300 	mov.w	r3, #2147483648	@ 0x80000000
 8006b70:	e9c4 2304 	strd	r2, r3, [r4, #16]
 8006b74:	f386 8811 	msr	BASEPRI, r6
 8006b78:	f3bf 8f6f 	isb	sy

		k_spin_unlock(&timeout_lock, key);
		t->fn(t);
 8006b7c:	68a3      	ldr	r3, [r4, #8]
 8006b7e:	4620      	mov	r0, r4
 8006b80:	4798      	blx	r3
  __ASM volatile ("MRS %0, basepri" : "=r" (result) );
 8006b82:	f3ef 8611 	mrs	r6, BASEPRI
  __ASM volatile ("MSR basepri_max, %0" : : "r" (basePri) : "memory");
 8006b86:	2310      	movs	r3, #16
 8006b88:	f383 8812 	msr	BASEPRI_MAX, r3
 8006b8c:	f3bf 8f6f 	isb	sy
		key = k_spin_lock(&timeout_lock);
		announce_remaining -= dt;
 8006b90:	4a19      	ldr	r2, [pc, #100]	@ (8006bf8 <sys_clock_announce_locked+0xbc>)
 8006b92:	6813      	ldr	r3, [r2, #0]
 8006b94:	1b5b      	subs	r3, r3, r5
 8006b96:	6013      	str	r3, [r2, #0]
	     t = first()) {
 8006b98:	f7ff ff14 	bl	80069c4 <first>
 8006b9c:	4604      	mov	r4, r0
	     (t != NULL) && (t->dticks <= announce_remaining);
 8006b9e:	b13c      	cbz	r4, 8006bb0 <sys_clock_announce_locked+0x74>
 8006ba0:	6925      	ldr	r5, [r4, #16]
 8006ba2:	6961      	ldr	r1, [r4, #20]
 8006ba4:	4b14      	ldr	r3, [pc, #80]	@ (8006bf8 <sys_clock_announce_locked+0xbc>)
 8006ba6:	681a      	ldr	r2, [r3, #0]
 8006ba8:	17d3      	asrs	r3, r2, #31
 8006baa:	42aa      	cmp	r2, r5
 8006bac:	418b      	sbcs	r3, r1
 8006bae:	dacd      	bge.n	8006b4c <sys_clock_announce_locked+0x10>
	}

	if (t != NULL) {
 8006bb0:	b144      	cbz	r4, 8006bc4 <sys_clock_announce_locked+0x88>
		t->dticks -= announce_remaining;
 8006bb2:	6923      	ldr	r3, [r4, #16]
 8006bb4:	6962      	ldr	r2, [r4, #20]
 8006bb6:	4910      	ldr	r1, [pc, #64]	@ (8006bf8 <sys_clock_announce_locked+0xbc>)
 8006bb8:	6809      	ldr	r1, [r1, #0]
 8006bba:	1a5b      	subs	r3, r3, r1
 8006bbc:	eb62 72e1 	sbc.w	r2, r2, r1, asr #31
 8006bc0:	6123      	str	r3, [r4, #16]
 8006bc2:	6162      	str	r2, [r4, #20]
	}

	curr_tick += announce_remaining;
 8006bc4:	4a0d      	ldr	r2, [pc, #52]	@ (8006bfc <sys_clock_announce_locked+0xc0>)
 8006bc6:	4d0c      	ldr	r5, [pc, #48]	@ (8006bf8 <sys_clock_announce_locked+0xbc>)
 8006bc8:	6828      	ldr	r0, [r5, #0]
 8006bca:	6813      	ldr	r3, [r2, #0]
 8006bcc:	6851      	ldr	r1, [r2, #4]
 8006bce:	181b      	adds	r3, r3, r0
 8006bd0:	eb41 71e0 	adc.w	r1, r1, r0, asr #31
 8006bd4:	6013      	str	r3, [r2, #0]
 8006bd6:	6051      	str	r1, [r2, #4]
	announce_remaining = 0;
 8006bd8:	2400      	movs	r4, #0
 8006bda:	602c      	str	r4, [r5, #0]

	sys_clock_set_timeout(next_timeout(0), false);
 8006bdc:	4620      	mov	r0, r4
 8006bde:	f003 faae 	bl	800a13e <next_timeout>
 8006be2:	4621      	mov	r1, r4
 8006be4:	f7fe fb18 	bl	8005218 <sys_clock_set_timeout>
  __ASM volatile ("MSR basepri, %0" : : "r" (basePri) : "memory");
 8006be8:	f386 8811 	msr	BASEPRI, r6
 8006bec:	f3bf 8f6f 	isb	sy

	k_spin_unlock(&timeout_lock, key);

#ifdef CONFIG_TIMESLICING
	z_time_slice();
 8006bf0:	f7ff fe92 	bl	8006918 <z_time_slice>
#endif /* CONFIG_TIMESLICING */
}
 8006bf4:	bd70      	pop	{r4, r5, r6, pc}
 8006bf6:	bf00      	nop
 8006bf8:	20001178 	.word	0x20001178
 8006bfc:	20000ee8 	.word	0x20000ee8

08006c00 <sys_clock_tick_get>:
	k_spin_unlock(&timeout_lock, key);
}
#endif

int64_t sys_clock_tick_get(void)
{
 8006c00:	b510      	push	{r4, lr}
	uint64_t t = 0U;

	K_SPINLOCK(&timeout_lock) {
 8006c02:	2200      	movs	r2, #0
  __ASM volatile ("MRS %0, basepri" : "=r" (result) );
 8006c04:	f3ef 8411 	mrs	r4, BASEPRI
  __ASM volatile ("MSR basepri_max, %0" : : "r" (basePri) : "memory");
 8006c08:	2310      	movs	r3, #16
 8006c0a:	f383 8812 	msr	BASEPRI_MAX, r3
 8006c0e:	f3bf 8f6f 	isb	sy
	uint64_t t = 0U;
 8006c12:	4613      	mov	r3, r2
 8006c14:	4611      	mov	r1, r2
 8006c16:	e00c      	b.n	8006c32 <sys_clock_tick_get+0x32>
		t = curr_tick + elapsed();
 8006c18:	f7ff feea 	bl	80069f0 <elapsed>
 8006c1c:	4a07      	ldr	r2, [pc, #28]	@ (8006c3c <sys_clock_tick_get+0x3c>)
 8006c1e:	6813      	ldr	r3, [r2, #0]
 8006c20:	6851      	ldr	r1, [r2, #4]
 8006c22:	18c3      	adds	r3, r0, r3
 8006c24:	eb41 71e0 	adc.w	r1, r1, r0, asr #31
  __ASM volatile ("MSR basepri, %0" : : "r" (basePri) : "memory");
 8006c28:	f384 8811 	msr	BASEPRI, r4
 8006c2c:	f3bf 8f6f 	isb	sy
	K_SPINLOCK(&timeout_lock) {
 8006c30:	2201      	movs	r2, #1
 8006c32:	2a00      	cmp	r2, #0
 8006c34:	d0f0      	beq.n	8006c18 <sys_clock_tick_get+0x18>
	}
	return t;
}
 8006c36:	4618      	mov	r0, r3
 8006c38:	bd10      	pop	{r4, pc}
 8006c3a:	bf00      	nop
 8006c3c:	20000ee8 	.word	0x20000ee8

08006c40 <z_timer_expiration_handler>:
  __ASM volatile ("MRS %0, basepri" : "=r" (result) );
 8006c40:	f3ef 8311 	mrs	r3, BASEPRI
  __ASM volatile ("MSR basepri_max, %0" : : "r" (basePri) : "memory");
 8006c44:	2210      	movs	r2, #16
 8006c46:	f382 8812 	msr	BASEPRI_MAX, r2
 8006c4a:	f3bf 8f6f 	isb	sy
	return (to->dticks != TIMEOUT_DTICKS_ANNOUNCING);
 8006c4e:	6901      	ldr	r1, [r0, #16]
 8006c50:	6942      	ldr	r2, [r0, #20]
{
	struct k_timer *timer = CONTAINER_OF(t, struct k_timer, timeout);
	struct k_thread *thread;
	k_spinlock_key_t key = k_spin_lock(&lock);

	if (z_is_timeout_handler_canceled(t)) {
 8006c52:	f1b2 4f00 	cmp.w	r2, #2147483648	@ 0x80000000
 8006c56:	bf08      	it	eq
 8006c58:	2901      	cmpeq	r1, #1
 8006c5a:	d004      	beq.n	8006c66 <z_timer_expiration_handler+0x26>
  __ASM volatile ("MSR basepri, %0" : : "r" (basePri) : "memory");
 8006c5c:	f383 8811 	msr	BASEPRI, r3
 8006c60:	f3bf 8f6f 	isb	sy
		k_spin_unlock(&lock, key);
		return;
 8006c64:	4770      	bx	lr
{
 8006c66:	e92d 41f0 	stmdb	sp!, {r4, r5, r6, r7, r8, lr}
 8006c6a:	4604      	mov	r4, r0
 8006c6c:	461d      	mov	r5, r3

	/*
	 * if the timer is periodic, start it again; don't add _TICK_ALIGN
	 * since we're already aligned to a tick boundary
	 */
	if (!K_TIMEOUT_EQ(timer->period, K_NO_WAIT) &&
 8006c6e:	6a86      	ldr	r6, [r0, #40]	@ 0x28
 8006c70:	6ac2      	ldr	r2, [r0, #44]	@ 0x2c
 8006c72:	ea56 0102 	orrs.w	r1, r6, r2
 8006c76:	d005      	beq.n	8006c84 <z_timer_expiration_handler+0x44>
 8006c78:	f1b2 3fff 	cmp.w	r2, #4294967295
 8006c7c:	bf08      	it	eq
 8006c7e:	f1b6 3fff 	cmpeq.w	r6, #4294967295
 8006c82:	d127      	bne.n	8006cd4 <z_timer_expiration_handler+0x94>
		z_add_timeout(&timer->timeout, z_timer_expiration_handler,
			      next);
	}

	/* update timer's status */
	timer->status += 1U;
 8006c84:	6b23      	ldr	r3, [r4, #48]	@ 0x30
 8006c86:	3301      	adds	r3, #1
 8006c88:	6323      	str	r3, [r4, #48]	@ 0x30

	z_timer_observer_on_expiry(timer);

	/* invoke timer expiry function */
	if (timer->expiry_fn != NULL) {
 8006c8a:	6a23      	ldr	r3, [r4, #32]
 8006c8c:	b163      	cbz	r3, 8006ca8 <z_timer_expiration_handler+0x68>
 8006c8e:	f385 8811 	msr	BASEPRI, r5
 8006c92:	f3bf 8f6f 	isb	sy
		/* Unlock for user handler. */
		k_spin_unlock(&lock, key);

		SYS_PORT_TRACING_OBJ_FUNC_ENTER(k_timer, expiry, timer);

		expiry_fn(timer);
 8006c96:	4620      	mov	r0, r4
 8006c98:	4798      	blx	r3
  __ASM volatile ("MRS %0, basepri" : "=r" (result) );
 8006c9a:	f3ef 8511 	mrs	r5, BASEPRI
  __ASM volatile ("MSR basepri_max, %0" : : "r" (basePri) : "memory");
 8006c9e:	2310      	movs	r3, #16
 8006ca0:	f383 8812 	msr	BASEPRI_MAX, r3
 8006ca4:	f3bf 8f6f 	isb	sy
}

static inline struct k_thread *z_waitq_head(_wait_q_t *w)
{
	return (struct k_thread *)sys_dlist_peek_head(&w->waitq);
 8006ca8:	f104 0318 	add.w	r3, r4, #24
	return list->head == list;
 8006cac:	69a4      	ldr	r4, [r4, #24]
	return sys_dlist_is_empty(list) ? NULL : list->head;
 8006cae:	42a3      	cmp	r3, r4
 8006cb0:	d051      	beq.n	8006d56 <z_timer_expiration_handler+0x116>
		return;
	}

	thread = z_waitq_head(&timer->wait_q);

	if (thread == NULL) {
 8006cb2:	2c00      	cmp	r4, #0
 8006cb4:	d04f      	beq.n	8006d56 <z_timer_expiration_handler+0x116>
		k_spin_unlock(&lock, key);
		return;
	}

	z_unpend_thread_no_timeout(thread);
 8006cb6:	4620      	mov	r0, r4
 8006cb8:	f003 f96d 	bl	8009f96 <z_unpend_thread_no_timeout>
	thread->arch.swap_return_value = value;
 8006cbc:	2300      	movs	r3, #0
 8006cbe:	f8c4 30b0 	str.w	r3, [r4, #176]	@ 0xb0
  __ASM volatile ("MSR basepri, %0" : : "r" (basePri) : "memory");
 8006cc2:	f385 8811 	msr	BASEPRI, r5
 8006cc6:	f3bf 8f6f 	isb	sy

	arch_thread_return_value_set(thread, 0);

	k_spin_unlock(&lock, key);

	z_ready_thread(thread);
 8006cca:	4620      	mov	r0, r4
 8006ccc:	f003 f948 	bl	8009f60 <z_ready_thread>
}
 8006cd0:	e8bd 81f0 	ldmia.w	sp!, {r4, r5, r6, r7, r8, pc}
		next.ticks = max(next.ticks - 1, 0);
 8006cd4:	3e01      	subs	r6, #1
 8006cd6:	f142 32ff 	adc.w	r2, r2, #4294967295
 8006cda:	4617      	mov	r7, r2
 8006cdc:	2a00      	cmp	r2, #0
 8006cde:	db14      	blt.n	8006d0a <z_timer_expiration_handler+0xca>
	return z_impl_k_uptime_ticks();
 8006ce0:	f003 fa8b 	bl	800a1fa <z_impl_k_uptime_ticks>
		next = K_TIMEOUT_ABS_TICKS(k_uptime_ticks() + 1 + next.ticks);
 8006ce4:	3001      	adds	r0, #1
 8006ce6:	f141 0100 	adc.w	r1, r1, #0
 8006cea:	1980      	adds	r0, r0, r6
 8006cec:	eb41 0107 	adc.w	r1, r1, r7
 8006cf0:	2801      	cmp	r0, #1
 8006cf2:	f171 0100 	sbcs.w	r1, r1, #0
 8006cf6:	da0b      	bge.n	8006d10 <z_timer_expiration_handler+0xd0>
 8006cf8:	f06f 0201 	mvn.w	r2, #1
 8006cfc:	f04f 33ff 	mov.w	r3, #4294967295
		z_add_timeout(&timer->timeout, z_timer_expiration_handler,
 8006d00:	4917      	ldr	r1, [pc, #92]	@ (8006d60 <z_timer_expiration_handler+0x120>)
 8006d02:	4620      	mov	r0, r4
 8006d04:	f7ff fe80 	bl	8006a08 <z_add_timeout>
 8006d08:	e7bc      	b.n	8006c84 <z_timer_expiration_handler+0x44>
		next.ticks = max(next.ticks - 1, 0);
 8006d0a:	2600      	movs	r6, #0
 8006d0c:	4637      	mov	r7, r6
 8006d0e:	e7e7      	b.n	8006ce0 <z_timer_expiration_handler+0xa0>
 8006d10:	f003 fa73 	bl	800a1fa <z_impl_k_uptime_ticks>
		next = K_TIMEOUT_ABS_TICKS(k_uptime_ticks() + 1 + next.ticks);
 8006d14:	3001      	adds	r0, #1
 8006d16:	f141 0100 	adc.w	r1, r1, #0
 8006d1a:	1980      	adds	r0, r0, r6
 8006d1c:	eb41 0107 	adc.w	r1, r1, r7
 8006d20:	f06f 0302 	mvn.w	r3, #2
 8006d24:	4283      	cmp	r3, r0
 8006d26:	f06f 4300 	mvn.w	r3, #2147483648	@ 0x80000000
 8006d2a:	418b      	sbcs	r3, r1
 8006d2c:	da03      	bge.n	8006d36 <z_timer_expiration_handler+0xf6>
 8006d2e:	2200      	movs	r2, #0
 8006d30:	f04f 4300 	mov.w	r3, #2147483648	@ 0x80000000
 8006d34:	e7e4      	b.n	8006d00 <z_timer_expiration_handler+0xc0>
 8006d36:	f003 fa60 	bl	800a1fa <z_impl_k_uptime_ticks>
 8006d3a:	3001      	adds	r0, #1
 8006d3c:	f141 0300 	adc.w	r3, r1, #0
 8006d40:	1980      	adds	r0, r0, r6
 8006d42:	eb43 0307 	adc.w	r3, r3, r7
 8006d46:	f06f 0201 	mvn.w	r2, #1
 8006d4a:	1a12      	subs	r2, r2, r0
 8006d4c:	f04f 31ff 	mov.w	r1, #4294967295
 8006d50:	eb61 0303 	sbc.w	r3, r1, r3
 8006d54:	e7d4      	b.n	8006d00 <z_timer_expiration_handler+0xc0>
 8006d56:	f385 8811 	msr	BASEPRI, r5
 8006d5a:	f3bf 8f6f 	isb	sy
		return;
 8006d5e:	e7b7      	b.n	8006cd0 <z_timer_expiration_handler+0x90>
 8006d60:	08006c41 	.word	0x08006c41

08006d64 <z_impl_k_timer_start>:
}


void z_impl_k_timer_start(struct k_timer *timer, k_timeout_t duration,
			  k_timeout_t period)
{
 8006d64:	b5f8      	push	{r3, r4, r5, r6, r7, lr}
 8006d66:	461c      	mov	r4, r3
  __ASM volatile ("MRS %0, basepri" : "=r" (result) );
 8006d68:	f3ef 8711 	mrs	r7, BASEPRI
  __ASM volatile ("MSR basepri_max, %0" : : "r" (basePri) : "memory");
 8006d6c:	2310      	movs	r3, #16
 8006d6e:	f383 8812 	msr	BASEPRI_MAX, r3
 8006d72:	f3bf 8f6f 	isb	sy
	 * since k_timer_start can be preempted, especially for the same
	 * timer instance.
	 */
	k_spinlock_key_t key = k_spin_lock(&lock);

	if (K_TIMEOUT_EQ(duration, K_FOREVER)) {
 8006d76:	f1b4 3fff 	cmp.w	r4, #4294967295
 8006d7a:	bf08      	it	eq
 8006d7c:	f1b2 3fff 	cmpeq.w	r2, #4294967295
 8006d80:	d023      	beq.n	8006dca <z_impl_k_timer_start+0x66>
 8006d82:	4606      	mov	r6, r0
 8006d84:	4615      	mov	r5, r2
	 * for backwards compatibility.  This is unfortunate
	 * (i.e. k_timer_start() doesn't treat its initial sleep
	 * argument the same way k_sleep() does), but historical.  The
	 * timer_api test relies on this behavior.
	 */
	if (Z_IS_TIMEOUT_RELATIVE(duration)) {
 8006d86:	2c00      	cmp	r4, #0
 8006d88:	db0b      	blt.n	8006da2 <z_impl_k_timer_start+0x3e>
		/* For the duration == K_NO_WAIT case, ensure that behaviour
		 * is consistent for both 32-bit k_ticks_t which are unsigned
		 * and 64-bit k_ticks_t which are signed.
		 */
		duration.ticks = max(1, duration.ticks);
 8006d8a:	4613      	mov	r3, r2
 8006d8c:	4621      	mov	r1, r4
 8006d8e:	2a01      	cmp	r2, #1
 8006d90:	f174 0400 	sbcs.w	r4, r4, #0
 8006d94:	da01      	bge.n	8006d9a <z_impl_k_timer_start+0x36>
 8006d96:	2301      	movs	r3, #1
 8006d98:	2100      	movs	r1, #0
		duration.ticks = duration.ticks - 1;
 8006d9a:	1e5a      	subs	r2, r3, #1
 8006d9c:	4615      	mov	r5, r2
 8006d9e:	f141 34ff 	adc.w	r4, r1, #4294967295
	}

	(void)z_abort_timeout(&timer->timeout);
 8006da2:	4630      	mov	r0, r6
 8006da4:	f003 f9e6 	bl	800a174 <z_abort_timeout>
	timer->period = period;
 8006da8:	e9dd 2306 	ldrd	r2, r3, [sp, #24]
 8006dac:	e9c6 230a 	strd	r2, r3, [r6, #40]	@ 0x28
	timer->status = 0U;
 8006db0:	2300      	movs	r3, #0
 8006db2:	6333      	str	r3, [r6, #48]	@ 0x30

	z_add_timeout(&timer->timeout, z_timer_expiration_handler,
 8006db4:	462a      	mov	r2, r5
 8006db6:	4623      	mov	r3, r4
 8006db8:	4906      	ldr	r1, [pc, #24]	@ (8006dd4 <z_impl_k_timer_start+0x70>)
 8006dba:	4630      	mov	r0, r6
 8006dbc:	f7ff fe24 	bl	8006a08 <z_add_timeout>
  __ASM volatile ("MSR basepri, %0" : : "r" (basePri) : "memory");
 8006dc0:	f387 8811 	msr	BASEPRI, r7
 8006dc4:	f3bf 8f6f 	isb	sy
		     duration);

	z_timer_observer_on_start(timer, duration, period);

	k_spin_unlock(&lock, key);
}
 8006dc8:	bdf8      	pop	{r3, r4, r5, r6, r7, pc}
 8006dca:	f387 8811 	msr	BASEPRI, r7
 8006dce:	f3bf 8f6f 	isb	sy
		return;
 8006dd2:	e7f9      	b.n	8006dc8 <z_impl_k_timer_start+0x64>
 8006dd4:	08006c41 	.word	0x08006c41

08006dd8 <z_impl_k_timer_stop>:
}
#include <zephyr/syscalls/k_timer_start_mrsh.c>
#endif /* CONFIG_USERSPACE */

void z_impl_k_timer_stop(struct k_timer *timer)
{
 8006dd8:	b570      	push	{r4, r5, r6, lr}
 8006dda:	4604      	mov	r4, r0
  __ASM volatile ("MRS %0, basepri" : "=r" (result) );
 8006ddc:	f3ef 8611 	mrs	r6, BASEPRI
  __ASM volatile ("MSR basepri_max, %0" : : "r" (basePri) : "memory");
 8006de0:	2310      	movs	r3, #16
 8006de2:	f383 8812 	msr	BASEPRI_MAX, r3
 8006de6:	f3bf 8f6f 	isb	sy
	SYS_PORT_TRACING_OBJ_FUNC(k_timer, stop, timer);

	k_spinlock_key_t key = k_spin_lock(&lock);

	bool inactive = (z_abort_timeout(&timer->timeout) != 0);
 8006dea:	f003 f9c3 	bl	800a174 <z_abort_timeout>

	if (inactive) {
 8006dee:	b9e0      	cbnz	r0, 8006e2a <z_impl_k_timer_stop+0x52>
 8006df0:	4635      	mov	r5, r6
		return;
	}

	z_timer_observer_on_stop(timer);

	if (timer->stop_fn != NULL) {
 8006df2:	6a63      	ldr	r3, [r4, #36]	@ 0x24
 8006df4:	b16b      	cbz	r3, 8006e12 <z_impl_k_timer_stop+0x3a>
  __ASM volatile ("MSR basepri, %0" : : "r" (basePri) : "memory");
 8006df6:	f386 8811 	msr	BASEPRI, r6
 8006dfa:	f3bf 8f6f 	isb	sy
		SYS_PORT_TRACING_OBJ_FUNC_ENTER(k_timer, stop_fn_expiry, timer);
		k_spin_unlock(&lock, key);

		timer->stop_fn(timer);
 8006dfe:	6a63      	ldr	r3, [r4, #36]	@ 0x24
 8006e00:	4620      	mov	r0, r4
 8006e02:	4798      	blx	r3
  __ASM volatile ("MRS %0, basepri" : "=r" (result) );
 8006e04:	f3ef 8511 	mrs	r5, BASEPRI
  __ASM volatile ("MSR basepri_max, %0" : : "r" (basePri) : "memory");
 8006e08:	2310      	movs	r3, #16
 8006e0a:	f383 8812 	msr	BASEPRI_MAX, r3
 8006e0e:	f3bf 8f6f 	isb	sy
		k_spin_unlock(&lock, key);
		return;

	}

	struct k_thread *pending_thread = z_unpend1_no_timeout(&timer->wait_q);
 8006e12:	f104 0018 	add.w	r0, r4, #24
 8006e16:	f003 f90f 	bl	800a038 <z_unpend1_no_timeout>

	if (pending_thread != NULL) {
 8006e1a:	b158      	cbz	r0, 8006e34 <z_impl_k_timer_stop+0x5c>
		z_ready_thread(pending_thread);
 8006e1c:	f003 f8a0 	bl	8009f60 <z_ready_thread>
		z_reschedule(&lock, key);
 8006e20:	4629      	mov	r1, r5
 8006e22:	4807      	ldr	r0, [pc, #28]	@ (8006e40 <z_impl_k_timer_stop+0x68>)
 8006e24:	f003 f936 	bl	800a094 <z_reschedule>
	} else {
		k_spin_unlock(&lock, key);
	}
}
 8006e28:	bd70      	pop	{r4, r5, r6, pc}
  __ASM volatile ("MSR basepri, %0" : : "r" (basePri) : "memory");
 8006e2a:	f386 8811 	msr	BASEPRI, r6
 8006e2e:	f3bf 8f6f 	isb	sy
		return;
 8006e32:	e7f9      	b.n	8006e28 <z_impl_k_timer_stop+0x50>
 8006e34:	f385 8811 	msr	BASEPRI, r5
 8006e38:	f3bf 8f6f 	isb	sy
 8006e3c:	e7f4      	b.n	8006e28 <z_impl_k_timer_stop+0x50>
 8006e3e:	bf00      	nop
 8006e40:	2000117c 	.word	0x2000117c

08006e44 <z_impl_k_poll_signal_raise>:
}
#include <zephyr/syscalls/k_poll_signal_check_mrsh.c>
#endif /* CONFIG_USERSPACE */

int z_impl_k_poll_signal_raise(struct k_poll_signal *sig, int result)
{
 8006e44:	b538      	push	{r3, r4, r5, lr}
 8006e46:	4603      	mov	r3, r0
  __ASM volatile ("MRS %0, basepri" : "=r" (result) );
 8006e48:	f3ef 8511 	mrs	r5, BASEPRI
  __ASM volatile ("MSR basepri_max, %0" : : "r" (basePri) : "memory");
 8006e4c:	2210      	movs	r2, #16
 8006e4e:	f382 8812 	msr	BASEPRI_MAX, r2
 8006e52:	f3bf 8f6f 	isb	sy
	k_spinlock_key_t key = k_spin_lock(&lock);
	struct k_poll_event *poll_event;

	sig->result = result;
 8006e56:	60c1      	str	r1, [r0, #12]
	sig->signaled = 1U;
 8006e58:	2201      	movs	r2, #1
 8006e5a:	6082      	str	r2, [r0, #8]
	return list->head == list;
 8006e5c:	6800      	ldr	r0, [r0, #0]

static inline sys_dnode_t *sys_dlist_get(sys_dlist_t *list)
{
	sys_dnode_t *node = NULL;

	if (!sys_dlist_is_empty(list)) {
 8006e5e:	4283      	cmp	r3, r0
 8006e60:	d010      	beq.n	8006e84 <z_impl_k_poll_signal_raise+0x40>
	sys_dnode_t *const prev = node->prev;
 8006e62:	6842      	ldr	r2, [r0, #4]
	sys_dnode_t *const next = node->next;
 8006e64:	6803      	ldr	r3, [r0, #0]
	prev->next = next;
 8006e66:	6013      	str	r3, [r2, #0]
	next->prev = prev;
 8006e68:	605a      	str	r2, [r3, #4]
	node->next = NULL;
 8006e6a:	2300      	movs	r3, #0
 8006e6c:	6003      	str	r3, [r0, #0]
	node->prev = NULL;
 8006e6e:	6043      	str	r3, [r0, #4]
		SYS_PORT_TRACING_FUNC(k_poll_api, signal_raise, sig, 0);

		return 0;
	}

	int rc = signal_poll_event(poll_event, K_POLL_STATE_SIGNALED);
 8006e70:	2101      	movs	r1, #1
 8006e72:	f003 fa09 	bl	800a288 <signal_poll_event>
 8006e76:	4604      	mov	r4, r0

	SYS_PORT_TRACING_FUNC(k_poll_api, signal_raise, sig, rc);

	z_reschedule(&lock, key);
 8006e78:	4629      	mov	r1, r5
 8006e7a:	4805      	ldr	r0, [pc, #20]	@ (8006e90 <z_impl_k_poll_signal_raise+0x4c>)
 8006e7c:	f003 f90a 	bl	800a094 <z_reschedule>
	return rc;
}
 8006e80:	4620      	mov	r0, r4
 8006e82:	bd38      	pop	{r3, r4, r5, pc}
  __ASM volatile ("MSR basepri, %0" : : "r" (basePri) : "memory");
 8006e84:	f385 8811 	msr	BASEPRI, r5
 8006e88:	f3bf 8f6f 	isb	sy
		return 0;
 8006e8c:	2400      	movs	r4, #0
 8006e8e:	e7f7      	b.n	8006e80 <z_impl_k_poll_signal_raise+0x3c>
 8006e90:	2000117c 	.word	0x2000117c

08006e94 <boot_banner>:
#define BANNER_VERSION KERNEL_VERSION_STRING
#endif /* BUILD_VERSION */
#endif /* !BANNER_VERSION */

void boot_banner(void)
{
 8006e94:	b508      	push	{r3, lr}
	  */
	printk("\x1b[3J\x1b[2J\x1b[H");
#endif /* CONFIG_BOOT_CLEAR_SCREEN */

#ifdef CONFIG_BOOT_BANNER
	printk("*** " CONFIG_BOOT_BANNER_STRING " " BANNER_VERSION BANNER_POSTFIX " ***\n");
 8006e96:	4802      	ldr	r0, [pc, #8]	@ (8006ea0 <boot_banner+0xc>)
 8006e98:	f001 f92b 	bl	80080f2 <printk>
#endif /* CONFIG_BOOT_BANNER */
}
 8006e9c:	bd08      	pop	{r3, pc}
 8006e9e:	bf00      	nop
 8006ea0:	0800b914 	.word	0x0800b914

08006ea4 <statics_init>:

	SYS_PORT_TRACING_OBJ_INIT(k_heap, heap);
}

static int statics_init(void)
{
 8006ea4:	b510      	push	{r4, lr}
	STRUCT_SECTION_FOREACH(k_heap, heap) {
 8006ea6:	4c06      	ldr	r4, [pc, #24]	@ (8006ec0 <statics_init+0x1c>)
 8006ea8:	e005      	b.n	8006eb6 <statics_init+0x12>
		}

		if (do_clear)
#endif /* CONFIG_DEMAND_PAGING && !CONFIG_LINKER_GENERIC_SECTIONS_PRESENT_AT_BOOT */
		{
			k_heap_init(heap, heap->heap.init_mem, heap->heap.init_bytes);
 8006eaa:	68a2      	ldr	r2, [r4, #8]
 8006eac:	6861      	ldr	r1, [r4, #4]
 8006eae:	4620      	mov	r0, r4
 8006eb0:	f003 fa2e 	bl	800a310 <k_heap_init>
	STRUCT_SECTION_FOREACH(k_heap, heap) {
 8006eb4:	3414      	adds	r4, #20
 8006eb6:	4b03      	ldr	r3, [pc, #12]	@ (8006ec4 <statics_init+0x20>)
 8006eb8:	429c      	cmp	r4, r3
 8006eba:	d3f6      	bcc.n	8006eaa <statics_init+0x6>
		}
	}
	return 0;
}
 8006ebc:	2000      	movs	r0, #0
 8006ebe:	bd10      	pop	{r4, pc}
 8006ec0:	2000017c 	.word	0x2000017c
 8006ec4:	2000017c 	.word	0x2000017c

08006ec8 <k_sys_work_q_init>:
			     CONFIG_SYSTEM_WORKQUEUE_STACK_SIZE);

struct k_work_q k_sys_work_q;

static int k_sys_work_q_init(void)
{
 8006ec8:	b500      	push	{lr}
 8006eca:	b083      	sub	sp, #12
		.no_yield = IS_ENABLED(CONFIG_SYSTEM_WORKQUEUE_NO_YIELD),
		.essential = true,
		.work_timeout_ms = CONFIG_SYSTEM_WORKQUEUE_WORK_TIMEOUT_MS,
	};

	k_work_queue_start(&k_sys_work_q,
 8006ecc:	4b06      	ldr	r3, [pc, #24]	@ (8006ee8 <k_sys_work_q_init+0x20>)
 8006ece:	9300      	str	r3, [sp, #0]
 8006ed0:	f04f 33ff 	mov.w	r3, #4294967295
 8006ed4:	f44f 6280 	mov.w	r2, #1024	@ 0x400
 8006ed8:	4904      	ldr	r1, [pc, #16]	@ (8006eec <k_sys_work_q_init+0x24>)
 8006eda:	4805      	ldr	r0, [pc, #20]	@ (8006ef0 <k_sys_work_q_init+0x28>)
 8006edc:	f000 f90a 	bl	80070f4 <k_work_queue_start>
			    sys_work_q_stack,
			    K_KERNEL_STACK_SIZEOF(sys_work_q_stack),
			    CONFIG_SYSTEM_WORKQUEUE_PRIORITY, &cfg);
	return 0;
}
 8006ee0:	2000      	movs	r0, #0
 8006ee2:	b003      	add	sp, #12
 8006ee4:	f85d fb04 	ldr.w	pc, [sp], #4
 8006ee8:	0800bd80 	.word	0x0800bd80
 8006eec:	20003080 	.word	0x20003080
 8006ef0:	20000ef0 	.word	0x20000ef0

08006ef4 <queue_submit_locked>:
 * @retval -EBUSY if the submission was rejected (draining, plugged)
 */
static inline int queue_submit_locked(struct k_work_q *queue,
				      struct k_work *work)
{
	if (queue == NULL) {
 8006ef4:	b380      	cbz	r0, 8006f58 <queue_submit_locked+0x64>
{
 8006ef6:	b538      	push	{r3, r4, r5, lr}
 8006ef8:	460d      	mov	r5, r1
 8006efa:	4604      	mov	r4, r0
		return -EINVAL;
	}

	int ret;
	bool chained = (_current == queue->thread_id) && !k_is_in_isr();
 8006efc:	4b1c      	ldr	r3, [pc, #112]	@ (8006f70 <queue_submit_locked+0x7c>)
 8006efe:	689a      	ldr	r2, [r3, #8]
 8006f00:	f8d0 30b8 	ldr.w	r3, [r0, #184]	@ 0xb8
 8006f04:	429a      	cmp	r2, r3
 8006f06:	d01b      	beq.n	8006f40 <queue_submit_locked+0x4c>
 8006f08:	2300      	movs	r3, #0
 8006f0a:	461a      	mov	r2, r3
	return (*flagp & BIT(bit)) != 0U;
 8006f0c:	f8d4 30d4 	ldr.w	r3, [r4, #212]	@ 0xd4
 8006f10:	f3c3 0180 	ubfx	r1, r3, #2, #1
 8006f14:	f3c3 00c0 	ubfx	r0, r3, #3, #1
	 * * -ENODEV if the queue isn't running.
	 * * -EBUSY if draining and not chained
	 * * -EBUSY if plugged and not draining
	 * * otherwise OK
	 */
	if (!flag_test(&queue->flags, K_WORK_QUEUE_STARTED_BIT)) {
 8006f18:	f013 0f01 	tst.w	r3, #1
 8006f1c:	d01f      	beq.n	8006f5e <queue_submit_locked+0x6a>
		ret = -ENODEV;
	} else if (draining && !chained) {
 8006f1e:	b101      	cbz	r1, 8006f22 <queue_submit_locked+0x2e>
 8006f20:	b302      	cbz	r2, 8006f64 <queue_submit_locked+0x70>
		ret = -EBUSY;
	} else if (plugged && !draining) {
 8006f22:	b100      	cbz	r0, 8006f26 <queue_submit_locked+0x32>
 8006f24:	b309      	cbz	r1, 8006f6a <queue_submit_locked+0x76>
	return node->next;
}

static inline void z_snode_next_set(sys_snode_t *parent, sys_snode_t *child)
{
	parent->next = child;
 8006f26:	2300      	movs	r3, #0
 8006f28:	602b      	str	r3, [r5, #0]
 *
 * @return A pointer on the last node of the list (or NULL if none)
 */
static inline sys_snode_t *sys_slist_peek_tail(const sys_slist_t *list)
{
	return list->tail;
 8006f2a:	f8d4 30c0 	ldr.w	r3, [r4, #192]	@ 0xc0
 * @param node A pointer on the node to append
 */
static inline void sys_slist_append(sys_slist_t *list,
				    sys_snode_t *node);

Z_GENLIST_APPEND(slist, snode)
 8006f2e:	b173      	cbz	r3, 8006f4e <queue_submit_locked+0x5a>
	parent->next = child;
 8006f30:	601d      	str	r5, [r3, #0]
	list->tail = node;
 8006f32:	f8c4 50c0 	str.w	r5, [r4, #192]	@ 0xc0
		ret = -EBUSY;
	} else {
		sys_slist_append(&queue->pending, &work->node);
		ret = 1;
		(void)notify_queue_locked(queue);
 8006f36:	4620      	mov	r0, r4
 8006f38:	f003 fa05 	bl	800a346 <notify_queue_locked>
		ret = 1;
 8006f3c:	2001      	movs	r0, #1
	}

	return ret;
}
 8006f3e:	bd38      	pop	{r3, r4, r5, pc}
	bool chained = (_current == queue->thread_id) && !k_is_in_isr();
 8006f40:	f002 ff78 	bl	8009e34 <k_is_in_isr>
 8006f44:	b908      	cbnz	r0, 8006f4a <queue_submit_locked+0x56>
 8006f46:	2301      	movs	r3, #1
 8006f48:	e7df      	b.n	8006f0a <queue_submit_locked+0x16>
 8006f4a:	2300      	movs	r3, #0
 8006f4c:	e7dd      	b.n	8006f0a <queue_submit_locked+0x16>
 8006f4e:	f8c4 50c0 	str.w	r5, [r4, #192]	@ 0xc0
	list->head = node;
 8006f52:	f8c4 50bc 	str.w	r5, [r4, #188]	@ 0xbc
}
 8006f56:	e7ee      	b.n	8006f36 <queue_submit_locked+0x42>
		return -EINVAL;
 8006f58:	f06f 0015 	mvn.w	r0, #21
}
 8006f5c:	4770      	bx	lr
		ret = -ENODEV;
 8006f5e:	f06f 0012 	mvn.w	r0, #18
 8006f62:	e7ec      	b.n	8006f3e <queue_submit_locked+0x4a>
		ret = -EBUSY;
 8006f64:	f06f 000f 	mvn.w	r0, #15
 8006f68:	e7e9      	b.n	8006f3e <queue_submit_locked+0x4a>
		ret = -EBUSY;
 8006f6a:	f06f 000f 	mvn.w	r0, #15
 8006f6e:	e7e6      	b.n	8006f3e <queue_submit_locked+0x4a>
 8006f70:	20001148 	.word	0x20001148

08006f74 <finalize_cancel_locked>:
{
 8006f74:	b510      	push	{r4, lr}
	*flagp &= ~BIT(bit);
 8006f76:	68c3      	ldr	r3, [r0, #12]
 8006f78:	f023 0302 	bic.w	r3, r3, #2
 8006f7c:	60c3      	str	r3, [r0, #12]
	return list->head;
 8006f7e:	4b13      	ldr	r3, [pc, #76]	@ (8006fcc <finalize_cancel_locked+0x58>)
 8006f80:	681c      	ldr	r4, [r3, #0]
	SYS_SLIST_FOR_EACH_CONTAINER_SAFE(&pending_cancels, wc, tmp, node) {
 8006f82:	b17c      	cbz	r4, 8006fa4 <finalize_cancel_locked+0x30>
	return node->next;
 8006f84:	6823      	ldr	r3, [r4, #0]
 8006f86:	b103      	cbz	r3, 8006f8a <finalize_cancel_locked+0x16>
Z_GENLIST_PEEK_NEXT(slist, snode)
 8006f88:	b10c      	cbz	r4, 8006f8e <finalize_cancel_locked+0x1a>
 8006f8a:	2100      	movs	r1, #0
 8006f8c:	e00f      	b.n	8006fae <finalize_cancel_locked+0x3a>
 8006f8e:	4623      	mov	r3, r4
 8006f90:	e7fb      	b.n	8006f8a <finalize_cancel_locked+0x16>
			sys_slist_remove(&pending_cancels, prev, &wc->node);
 8006f92:	4622      	mov	r2, r4
 8006f94:	480d      	ldr	r0, [pc, #52]	@ (8006fcc <finalize_cancel_locked+0x58>)
 8006f96:	f003 f9c3 	bl	800a320 <sys_slist_remove>
			k_sem_give(&wc->sem);
 8006f9a:	f104 0008 	add.w	r0, r4, #8
	z_impl_k_sem_give(sem);
 8006f9e:	f7fe ff01 	bl	8005da4 <z_impl_k_sem_give>
}
 8006fa2:	bd10      	pop	{r4, pc}
	SYS_SLIST_FOR_EACH_CONTAINER_SAFE(&pending_cancels, wc, tmp, node) {
 8006fa4:	4623      	mov	r3, r4
 8006fa6:	e7f0      	b.n	8006f8a <finalize_cancel_locked+0x16>
 8006fa8:	461a      	mov	r2, r3
 8006faa:	461c      	mov	r4, r3
 8006fac:	4613      	mov	r3, r2
 8006fae:	2c00      	cmp	r4, #0
 8006fb0:	d0f7      	beq.n	8006fa2 <finalize_cancel_locked+0x2e>
		if (wc->work == work) {
 8006fb2:	6862      	ldr	r2, [r4, #4]
 8006fb4:	4282      	cmp	r2, r0
 8006fb6:	d0ec      	beq.n	8006f92 <finalize_cancel_locked+0x1e>
		prev = &wc->node;
 8006fb8:	4621      	mov	r1, r4
	SYS_SLIST_FOR_EACH_CONTAINER_SAFE(&pending_cancels, wc, tmp, node) {
 8006fba:	2b00      	cmp	r3, #0
 8006fbc:	d0f4      	beq.n	8006fa8 <finalize_cancel_locked+0x34>
	return node->next;
 8006fbe:	681a      	ldr	r2, [r3, #0]
 8006fc0:	2a00      	cmp	r2, #0
 8006fc2:	d0f2      	beq.n	8006faa <finalize_cancel_locked+0x36>
Z_GENLIST_PEEK_NEXT(slist, snode)
 8006fc4:	2b00      	cmp	r3, #0
 8006fc6:	d1f0      	bne.n	8006faa <finalize_cancel_locked+0x36>
 8006fc8:	461a      	mov	r2, r3
 8006fca:	e7ee      	b.n	8006faa <finalize_cancel_locked+0x36>
 8006fcc:	2000117c 	.word	0x2000117c

08006fd0 <work_queue_main>:
/* Loop executed by a work queue thread.
 *
 * @param workq_ptr pointer to the work queue structure
 */
static void work_queue_main(void *workq_ptr, void *p2, void *p3)
{
 8006fd0:	b570      	push	{r4, r5, r6, lr}
 8006fd2:	b084      	sub	sp, #16
 8006fd4:	4605      	mov	r5, r0
	ARG_UNUSED(p2);
	ARG_UNUSED(p3);

	struct k_work_q *queue = (struct k_work_q *)workq_ptr;
 8006fd6:	e03e      	b.n	8007056 <work_queue_main+0x86>
	return (*flagp & BIT(bit)) != 0U;
 8006fd8:	f8d5 30d4 	ldr.w	r3, [r5, #212]	@ 0xd4
	*flagp &= ~BIT(bit);
 8006fdc:	f023 0204 	bic.w	r2, r3, #4
 8006fe0:	f8c5 20d4 	str.w	r2, [r5, #212]	@ 0xd4
			 * which should never happen, even line 'if (work != NULL)'
			 * ensures that.
			 * This means that if node is not NULL, then work will not be NULL.
			 */
			handler = work->handler;
		} else if (flag_test_and_clear(&queue->flags,
 8006fe4:	f013 0f04 	tst.w	r3, #4
 8006fe8:	d10e      	bne.n	8007008 <work_queue_main+0x38>
			 * We don't touch K_WORK_QUEUE_PLUGGABLE, so getting
			 * here doesn't mean that the queue will allow new
			 * submissions.
			 */
			(void)z_sched_wake_all(&queue->drainq, 1, NULL);
		} else if (flag_test(&queue->flags, K_WORK_QUEUE_STOP_BIT)) {
 8006fea:	f012 0f10 	tst.w	r2, #16
 8006fee:	d014      	beq.n	800701a <work_queue_main+0x4a>
	*flagp = flags;
 8006ff0:	2300      	movs	r3, #0
 8006ff2:	f8c5 30d4 	str.w	r3, [r5, #212]	@ 0xd4
 8006ff6:	f386 8811 	msr	BASEPRI, r6
 8006ffa:	f3bf 8f6f 	isb	sy
		 */
		if (yield) {
			k_yield();
		}
	}
}
 8006ffe:	b004      	add	sp, #16
 8007000:	bd70      	pop	{r4, r5, r6, pc}
	list->tail = node;
 8007002:	f8c5 30c0 	str.w	r3, [r5, #192]	@ 0xc0
		if (node != NULL) {
 8007006:	e038      	b.n	800707a <work_queue_main+0xaa>
			(void)z_sched_wake_all(&queue->drainq, 1, NULL);
 8007008:	f105 04cc 	add.w	r4, r5, #204	@ 0xcc
static inline bool z_sched_wake_all(_wait_q_t *wait_q, int swap_retval,
				    void *swap_data)
{
	bool woken = false;

	while (z_sched_wake(wait_q, swap_retval, swap_data)) {
 800700c:	2200      	movs	r2, #0
 800700e:	2101      	movs	r1, #1
 8007010:	4620      	mov	r0, r4
 8007012:	f003 f847 	bl	800a0a4 <z_sched_wake>
 8007016:	2800      	cmp	r0, #0
 8007018:	d1f8      	bne.n	800700c <work_queue_main+0x3c>
			(void)z_sched_wait(&lock, key, &queue->notifyq,
 800701a:	2300      	movs	r3, #0
 800701c:	9302      	str	r3, [sp, #8]
 800701e:	f04f 32ff 	mov.w	r2, #4294967295
 8007022:	f04f 33ff 	mov.w	r3, #4294967295
 8007026:	e9cd 2300 	strd	r2, r3, [sp]
 800702a:	f105 02c4 	add.w	r2, r5, #196	@ 0xc4
 800702e:	4631      	mov	r1, r6
 8007030:	482f      	ldr	r0, [pc, #188]	@ (80070f0 <work_queue_main+0x120>)
 8007032:	f7ff fc09 	bl	8006848 <z_sched_wait>
			continue;
 8007036:	e00e      	b.n	8007056 <work_queue_main+0x86>
			finalize_flush_locked(work);
 8007038:	4620      	mov	r0, r4
 800703a:	f003 f9be 	bl	800a3ba <finalize_flush_locked>
 800703e:	e040      	b.n	80070c2 <work_queue_main+0xf2>
			finalize_cancel_locked(work);
 8007040:	4620      	mov	r0, r4
 8007042:	f7ff ff97 	bl	8006f74 <finalize_cancel_locked>
 8007046:	e040      	b.n	80070ca <work_queue_main+0xfa>
		yield = (!flag_test(&queue->flags, K_WORK_QUEUE_NO_YIELD_BIT) &&
 8007048:	2300      	movs	r3, #0
 800704a:	f386 8811 	msr	BASEPRI, r6
 800704e:	f3bf 8f6f 	isb	sy
		if (yield) {
 8007052:	2b00      	cmp	r3, #0
 8007054:	d149      	bne.n	80070ea <work_queue_main+0x11a>
  __ASM volatile ("MRS %0, basepri" : "=r" (result) );
 8007056:	f3ef 8611 	mrs	r6, BASEPRI
  __ASM volatile ("MSR basepri_max, %0" : : "r" (basePri) : "memory");
 800705a:	2310      	movs	r3, #16
 800705c:	f383 8812 	msr	BASEPRI_MAX, r3
 8007060:	f3bf 8f6f 	isb	sy
	return list->head;
 8007064:	f8d5 40bc 	ldr.w	r4, [r5, #188]	@ 0xbc
 *
 * @return A pointer to the first node of the list (or NULL if empty)
 */
static inline sys_snode_t *sys_slist_get(sys_slist_t *list);

Z_GENLIST_GET(slist, snode)
 8007068:	2c00      	cmp	r4, #0
 800706a:	d0b5      	beq.n	8006fd8 <work_queue_main+0x8>
	return node->next;
 800706c:	6823      	ldr	r3, [r4, #0]
	list->head = node;
 800706e:	f8c5 30bc 	str.w	r3, [r5, #188]	@ 0xbc
	return list->tail;
 8007072:	f8d5 20c0 	ldr.w	r2, [r5, #192]	@ 0xc0
Z_GENLIST_GET_NOT_EMPTY(slist, snode)
 8007076:	4294      	cmp	r4, r2
 8007078:	d0c3      	beq.n	8007002 <work_queue_main+0x32>
	*flagp |= BIT(bit);
 800707a:	f8d5 30d4 	ldr.w	r3, [r5, #212]	@ 0xd4
 800707e:	f043 0302 	orr.w	r3, r3, #2
 8007082:	f8c5 30d4 	str.w	r3, [r5, #212]	@ 0xd4
 8007086:	68e3      	ldr	r3, [r4, #12]
 8007088:	f043 0201 	orr.w	r2, r3, #1
 800708c:	60e2      	str	r2, [r4, #12]
	*flagp &= ~BIT(bit);
 800708e:	f023 0304 	bic.w	r3, r3, #4
 8007092:	f043 0301 	orr.w	r3, r3, #1
 8007096:	60e3      	str	r3, [r4, #12]
			handler = work->handler;
 8007098:	6863      	ldr	r3, [r4, #4]
  __ASM volatile ("MSR basepri, %0" : : "r" (basePri) : "memory");
 800709a:	f386 8811 	msr	BASEPRI, r6
 800709e:	f3bf 8f6f 	isb	sy
		handler(work);
 80070a2:	4620      	mov	r0, r4
 80070a4:	4798      	blx	r3
  __ASM volatile ("MRS %0, basepri" : "=r" (result) );
 80070a6:	f3ef 8611 	mrs	r6, BASEPRI
  __ASM volatile ("MSR basepri_max, %0" : : "r" (basePri) : "memory");
 80070aa:	2310      	movs	r3, #16
 80070ac:	f383 8812 	msr	BASEPRI_MAX, r3
 80070b0:	f3bf 8f6f 	isb	sy
	*flagp &= ~BIT(bit);
 80070b4:	68e3      	ldr	r3, [r4, #12]
 80070b6:	f023 0301 	bic.w	r3, r3, #1
 80070ba:	60e3      	str	r3, [r4, #12]
		if (flag_test(&work->flags, K_WORK_FLUSHING_BIT)) {
 80070bc:	f013 0f10 	tst.w	r3, #16
 80070c0:	d1ba      	bne.n	8007038 <work_queue_main+0x68>
	return (*flagp & BIT(bit)) != 0U;
 80070c2:	68e3      	ldr	r3, [r4, #12]
		if (flag_test(&work->flags, K_WORK_CANCELING_BIT)) {
 80070c4:	f013 0f02 	tst.w	r3, #2
 80070c8:	d1ba      	bne.n	8007040 <work_queue_main+0x70>
	*flagp &= ~BIT(bit);
 80070ca:	f8d5 30d4 	ldr.w	r3, [r5, #212]	@ 0xd4
 80070ce:	f023 0302 	bic.w	r3, r3, #2
 80070d2:	f8c5 30d4 	str.w	r3, [r5, #212]	@ 0xd4
		yield = (!flag_test(&queue->flags, K_WORK_QUEUE_NO_YIELD_BIT) &&
 80070d6:	f413 7f80 	tst.w	r3, #256	@ 0x100
 80070da:	d1b5      	bne.n	8007048 <work_queue_main+0x78>
	return list->head;
 80070dc:	f8d5 30bc 	ldr.w	r3, [r5, #188]	@ 0xbc
 80070e0:	b10b      	cbz	r3, 80070e6 <work_queue_main+0x116>
 80070e2:	2301      	movs	r3, #1
 80070e4:	e7b1      	b.n	800704a <work_queue_main+0x7a>
 80070e6:	2300      	movs	r3, #0
 80070e8:	e7af      	b.n	800704a <work_queue_main+0x7a>
	z_impl_k_yield();
 80070ea:	f7ff fa05 	bl	80064f8 <z_impl_k_yield>
}
 80070ee:	e7b2      	b.n	8007056 <work_queue_main+0x86>
 80070f0:	20001184 	.word	0x20001184

080070f4 <k_work_queue_start>:
void k_work_queue_start(struct k_work_q *queue,
			k_thread_stack_t *stack,
			size_t stack_size,
			int prio,
			const struct k_work_queue_config *cfg)
{
 80070f4:	b5f0      	push	{r4, r5, r6, r7, lr}
 80070f6:	b089      	sub	sp, #36	@ 0x24
 80070f8:	4604      	mov	r4, r0
 80070fa:	9d0e      	ldr	r5, [sp, #56]	@ 0x38
	list->head = NULL;
 80070fc:	2000      	movs	r0, #0
 80070fe:	f8c4 00bc 	str.w	r0, [r4, #188]	@ 0xbc
	list->tail = NULL;
 8007102:	f8c4 00c0 	str.w	r0, [r4, #192]	@ 0xc0
	sys_dlist_init(&w->waitq);
 8007106:	f104 00c4 	add.w	r0, r4, #196	@ 0xc4
	list->head = (sys_dnode_t *)list;
 800710a:	f8c4 00c4 	str.w	r0, [r4, #196]	@ 0xc4
	list->tail = (sys_dnode_t *)list;
 800710e:	f8c4 00c8 	str.w	r0, [r4, #200]	@ 0xc8
 8007112:	f104 00cc 	add.w	r0, r4, #204	@ 0xcc
	list->head = (sys_dnode_t *)list;
 8007116:	f8c4 00cc 	str.w	r0, [r4, #204]	@ 0xcc
	list->tail = (sys_dnode_t *)list;
 800711a:	f8c4 00d0 	str.w	r0, [r4, #208]	@ 0xd0

	sys_slist_init(&queue->pending);
	z_waitq_init(&queue->notifyq);
	z_waitq_init(&queue->drainq);

	if ((cfg != NULL) && cfg->no_yield) {
 800711e:	b33d      	cbz	r5, 8007170 <k_work_queue_start+0x7c>
 8007120:	7928      	ldrb	r0, [r5, #4]
 8007122:	bb38      	cbnz	r0, 8007174 <k_work_queue_start+0x80>
	uint32_t flags = K_WORK_QUEUE_STARTED;
 8007124:	2001      	movs	r0, #1
	*flagp = flags;
 8007126:	f8c4 00d4 	str.w	r0, [r4, #212]	@ 0xd4
	return z_impl_k_thread_create(new_thread, stack, stack_size, entry, p1, p2, p3, prio, options, delay);
 800712a:	f04f 36ff 	mov.w	r6, #4294967295
 800712e:	f04f 37ff 	mov.w	r7, #4294967295
 8007132:	e9cd 6706 	strd	r6, r7, [sp, #24]
 8007136:	2000      	movs	r0, #0
 8007138:	9004      	str	r0, [sp, #16]
 800713a:	9303      	str	r3, [sp, #12]
 800713c:	9002      	str	r0, [sp, #8]
 800713e:	9001      	str	r0, [sp, #4]
 8007140:	9400      	str	r4, [sp, #0]
 8007142:	4b0e      	ldr	r3, [pc, #56]	@ (800717c <k_work_queue_start+0x88>)
 8007144:	4620      	mov	r0, r4
 8007146:	f002 fe88 	bl	8009e5a <z_impl_k_thread_create>

	(void)k_thread_create(&queue->thread, stack, stack_size,
			      work_queue_main, queue, NULL, NULL,
			      prio, 0, K_FOREVER);

	if ((cfg != NULL) && (cfg->name != NULL)) {
 800714a:	b155      	cbz	r5, 8007162 <k_work_queue_start+0x6e>
 800714c:	6829      	ldr	r1, [r5, #0]
 800714e:	b111      	cbz	r1, 8007156 <k_work_queue_start+0x62>
	return z_impl_k_thread_name_set(thread, str);
 8007150:	4620      	mov	r0, r4
 8007152:	f7fe fe99 	bl	8005e88 <z_impl_k_thread_name_set>
		k_thread_name_set(&queue->thread, cfg->name);
	}

	if ((cfg != NULL) && (cfg->essential)) {
 8007156:	796b      	ldrb	r3, [r5, #5]
 8007158:	b11b      	cbz	r3, 8007162 <k_work_queue_start+0x6e>
		queue->thread.base.user_options |= K_ESSENTIAL;
 800715a:	89a3      	ldrh	r3, [r4, #12]
 800715c:	f043 0301 	orr.w	r3, r3, #1
 8007160:	81a3      	strh	r3, [r4, #12]
	z_impl_k_wakeup(thread);
 8007162:	4620      	mov	r0, r4
 8007164:	f7ff fa90 	bl	8006688 <z_impl_k_wakeup>
		queue->work_timeout = K_FOREVER;
	}
#endif /* defined(CONFIG_WORKQUEUE_WORK_TIMEOUT) */

	k_thread_start(&queue->thread);
	queue->thread_id = &queue->thread;
 8007168:	f8c4 40b8 	str.w	r4, [r4, #184]	@ 0xb8

	SYS_PORT_TRACING_OBJ_FUNC_EXIT(k_work_queue, start, queue);
}
 800716c:	b009      	add	sp, #36	@ 0x24
 800716e:	bdf0      	pop	{r4, r5, r6, r7, pc}
	uint32_t flags = K_WORK_QUEUE_STARTED;
 8007170:	2001      	movs	r0, #1
 8007172:	e7d8      	b.n	8007126 <k_work_queue_start+0x32>
		flags |= K_WORK_QUEUE_NO_YIELD;
 8007174:	f240 1001 	movw	r0, #257	@ 0x101
 8007178:	e7d5      	b.n	8007126 <k_work_queue_start+0x32>
 800717a:	bf00      	nop
 800717c:	08006fd1 	.word	0x08006fd1

08007180 <memset>:
 8007180:	b570      	push	{r4, r5, r6, lr}
 8007182:	0786      	lsls	r6, r0, #30
 8007184:	d04f      	beq.n	8007226 <memset+0xa6>
 8007186:	1884      	adds	r4, r0, r2
 8007188:	4684      	mov	ip, r0
 800718a:	e004      	b.n	8007196 <memset+0x16>
 800718c:	f803 1b01 	strb.w	r1, [r3], #1
 8007190:	079d      	lsls	r5, r3, #30
 8007192:	d004      	beq.n	800719e <memset+0x1e>
 8007194:	469c      	mov	ip, r3
 8007196:	4564      	cmp	r4, ip
 8007198:	4663      	mov	r3, ip
 800719a:	d1f7      	bne.n	800718c <memset+0xc>
 800719c:	bd70      	pop	{r4, r5, r6, pc}
 800719e:	3a01      	subs	r2, #1
 80071a0:	4402      	add	r2, r0
 80071a2:	eba2 020c 	sub.w	r2, r2, ip
 80071a6:	2a03      	cmp	r2, #3
 80071a8:	d92f      	bls.n	800720a <memset+0x8a>
 80071aa:	b2cc      	uxtb	r4, r1
 80071ac:	eb04 2404 	add.w	r4, r4, r4, lsl #8
 80071b0:	2a0f      	cmp	r2, #15
 80071b2:	eb04 4404 	add.w	r4, r4, r4, lsl #16
 80071b6:	d938      	bls.n	800722a <memset+0xaa>
 80071b8:	f1a2 0610 	sub.w	r6, r2, #16
 80071bc:	0935      	lsrs	r5, r6, #4
 80071be:	3501      	adds	r5, #1
 80071c0:	469c      	mov	ip, r3
 80071c2:	f04f 0e00 	mov.w	lr, #0
 80071c6:	f10e 0e01 	add.w	lr, lr, #1
 80071ca:	45ae      	cmp	lr, r5
 80071cc:	e9cc 4400 	strd	r4, r4, [ip]
 80071d0:	e9cc 4402 	strd	r4, r4, [ip, #8]
 80071d4:	f10c 0c10 	add.w	ip, ip, #16
 80071d8:	d3f5      	bcc.n	80071c6 <memset+0x46>
 80071da:	f026 060f 	bic.w	r6, r6, #15
 80071de:	3310      	adds	r3, #16
 80071e0:	f012 0f0c 	tst.w	r2, #12
 80071e4:	4433      	add	r3, r6
 80071e6:	f002 050f 	and.w	r5, r2, #15
 80071ea:	d01a      	beq.n	8007222 <memset+0xa2>
 80071ec:	1f2a      	subs	r2, r5, #4
 80071ee:	2a03      	cmp	r2, #3
 80071f0:	601c      	str	r4, [r3, #0]
 80071f2:	d905      	bls.n	8007200 <memset+0x80>
 80071f4:	f1a5 0208 	sub.w	r2, r5, #8
 80071f8:	2a03      	cmp	r2, #3
 80071fa:	605c      	str	r4, [r3, #4]
 80071fc:	bf88      	it	hi
 80071fe:	609c      	strhi	r4, [r3, #8]
 8007200:	f005 0203 	and.w	r2, r5, #3
 8007204:	f025 0503 	bic.w	r5, r5, #3
 8007208:	442b      	add	r3, r5
 800720a:	1e54      	subs	r4, r2, #1
 800720c:	2a00      	cmp	r2, #0
 800720e:	d0c5      	beq.n	800719c <memset+0x1c>
 8007210:	b2c9      	uxtb	r1, r1
 8007212:	7019      	strb	r1, [r3, #0]
 8007214:	2c00      	cmp	r4, #0
 8007216:	d0c1      	beq.n	800719c <memset+0x1c>
 8007218:	2c01      	cmp	r4, #1
 800721a:	7059      	strb	r1, [r3, #1]
 800721c:	bf18      	it	ne
 800721e:	7099      	strbne	r1, [r3, #2]
 8007220:	bd70      	pop	{r4, r5, r6, pc}
 8007222:	462a      	mov	r2, r5
 8007224:	e7f1      	b.n	800720a <memset+0x8a>
 8007226:	4603      	mov	r3, r0
 8007228:	e7bd      	b.n	80071a6 <memset+0x26>
 800722a:	4615      	mov	r5, r2
 800722c:	e7de      	b.n	80071ec <memset+0x6c>
 800722e:	bf00      	nop

08007230 <strncpy>:
 8007230:	b538      	push	{r3, r4, r5, lr}
 8007232:	ea40 0301 	orr.w	r3, r0, r1
 8007236:	079b      	lsls	r3, r3, #30
 8007238:	4604      	mov	r4, r0
 800723a:	d122      	bne.n	8007282 <strncpy+0x52>
 800723c:	2a03      	cmp	r2, #3
 800723e:	d920      	bls.n	8007282 <strncpy+0x52>
 8007240:	468c      	mov	ip, r1
 8007242:	f8dc 5000 	ldr.w	r5, [ip]
 8007246:	f1a5 3301 	sub.w	r3, r5, #16843009	@ 0x1010101
 800724a:	ea23 0305 	bic.w	r3, r3, r5
 800724e:	f013 3f80 	tst.w	r3, #2155905152	@ 0x80808080
 8007252:	4661      	mov	r1, ip
 8007254:	f10c 0c04 	add.w	ip, ip, #4
 8007258:	d114      	bne.n	8007284 <strncpy+0x54>
 800725a:	3a04      	subs	r2, #4
 800725c:	2a03      	cmp	r2, #3
 800725e:	f840 5b04 	str.w	r5, [r0], #4
 8007262:	d8ee      	bhi.n	8007242 <strncpy+0x12>
 8007264:	4661      	mov	r1, ip
 8007266:	1e4b      	subs	r3, r1, #1
 8007268:	b14a      	cbz	r2, 800727e <strncpy+0x4e>
 800726a:	f813 1f01 	ldrb.w	r1, [r3, #1]!
 800726e:	f800 1b01 	strb.w	r1, [r0], #1
 8007272:	3a01      	subs	r2, #1
 8007274:	2900      	cmp	r1, #0
 8007276:	d1f7      	bne.n	8007268 <strncpy+0x38>
 8007278:	b10a      	cbz	r2, 800727e <strncpy+0x4e>
 800727a:	f7ff ff81 	bl	8007180 <memset>
 800727e:	4620      	mov	r0, r4
 8007280:	bd38      	pop	{r3, r4, r5, pc}
 8007282:	4620      	mov	r0, r4
 8007284:	1e4b      	subs	r3, r1, #1
 8007286:	e7ef      	b.n	8007268 <strncpy+0x38>

08007288 <strnlen>:
 8007288:	b171      	cbz	r1, 80072a8 <strnlen+0x20>
 800728a:	4603      	mov	r3, r0
 800728c:	eb01 0c00 	add.w	ip, r1, r0
 8007290:	e001      	b.n	8007296 <strnlen+0xe>
 8007292:	4563      	cmp	r3, ip
 8007294:	d006      	beq.n	80072a4 <strnlen+0x1c>
 8007296:	461a      	mov	r2, r3
 8007298:	3301      	adds	r3, #1
 800729a:	7811      	ldrb	r1, [r2, #0]
 800729c:	2900      	cmp	r1, #0
 800729e:	d1f8      	bne.n	8007292 <strnlen+0xa>
 80072a0:	1a10      	subs	r0, r2, r0
 80072a2:	4770      	bx	lr
 80072a4:	1a18      	subs	r0, r3, r0
 80072a6:	4770      	bx	lr
 80072a8:	4608      	mov	r0, r1
 80072aa:	4770      	bx	lr

080072ac <snprintf>:
 80072ac:	b40c      	push	{r2, r3}
 80072ae:	b530      	push	{r4, r5, lr}
 80072b0:	b08b      	sub	sp, #44	@ 0x2c
 80072b2:	460d      	mov	r5, r1
 80072b4:	2220      	movs	r2, #32
 80072b6:	4604      	mov	r4, r0
 80072b8:	2100      	movs	r1, #0
 80072ba:	a802      	add	r0, sp, #8
 80072bc:	f7ff ff60 	bl	8007180 <memset>
 80072c0:	4b13      	ldr	r3, [pc, #76]	@ (8007310 <snprintf+0x64>)
 80072c2:	9303      	str	r3, [sp, #12]
 80072c4:	2202      	movs	r2, #2
 80072c6:	2d00      	cmp	r5, #0
 80072c8:	f88d 200a 	strb.w	r2, [sp, #10]
 80072cc:	9406      	str	r4, [sp, #24]
 80072ce:	db1d      	blt.n	800730c <snprintf+0x60>
 80072d0:	d010      	beq.n	80072f4 <snprintf+0x48>
 80072d2:	3d01      	subs	r5, #1
 80072d4:	442c      	add	r4, r5
 80072d6:	aa0f      	add	r2, sp, #60	@ 0x3c
 80072d8:	990e      	ldr	r1, [sp, #56]	@ 0x38
 80072da:	9201      	str	r2, [sp, #4]
 80072dc:	a802      	add	r0, sp, #8
 80072de:	9407      	str	r4, [sp, #28]
 80072e0:	f000 f896 	bl	8007410 <__l_vfprintf>
 80072e4:	9b06      	ldr	r3, [sp, #24]
 80072e6:	2200      	movs	r2, #0
 80072e8:	701a      	strb	r2, [r3, #0]
 80072ea:	b00b      	add	sp, #44	@ 0x2c
 80072ec:	e8bd 4030 	ldmia.w	sp!, {r4, r5, lr}
 80072f0:	b002      	add	sp, #8
 80072f2:	4770      	bx	lr
 80072f4:	aa0f      	add	r2, sp, #60	@ 0x3c
 80072f6:	990e      	ldr	r1, [sp, #56]	@ 0x38
 80072f8:	9407      	str	r4, [sp, #28]
 80072fa:	a802      	add	r0, sp, #8
 80072fc:	9201      	str	r2, [sp, #4]
 80072fe:	f000 f887 	bl	8007410 <__l_vfprintf>
 8007302:	b00b      	add	sp, #44	@ 0x2c
 8007304:	e8bd 4030 	ldmia.w	sp!, {r4, r5, lr}
 8007308:	b002      	add	sp, #8
 800730a:	4770      	bx	lr
 800730c:	2400      	movs	r4, #0
 800730e:	e7e2      	b.n	80072d6 <snprintf+0x2a>
 8007310:	08007dc5 	.word	0x08007dc5

08007314 <__ultoa_invert>:
 8007314:	b570      	push	{r4, r5, r6, lr}
 8007316:	f003 051f 	and.w	r5, r3, #31
 800731a:	2d08      	cmp	r5, #8
 800731c:	4684      	mov	ip, r0
 800731e:	468e      	mov	lr, r1
 8007320:	d065      	beq.n	80073ee <__ultoa_invert+0xda>
 8007322:	f1c3 0337 	rsb	r3, r3, #55	@ 0x37
 8007326:	2d10      	cmp	r5, #16
 8007328:	b2dc      	uxtb	r4, r3
 800732a:	4610      	mov	r0, r2
 800732c:	d044      	beq.n	80073b8 <__ultoa_invert+0xa4>
 800732e:	ea4f 039c 	mov.w	r3, ip, lsr #2
 8007332:	ea4f 025c 	mov.w	r2, ip, lsr #1
 8007336:	ea43 738e 	orr.w	r3, r3, lr, lsl #30
 800733a:	ea42 72ce 	orr.w	r2, r2, lr, lsl #31
 800733e:	189a      	adds	r2, r3, r2
 8007340:	ea4f 015e 	mov.w	r1, lr, lsr #1
 8007344:	eb41 019e 	adc.w	r1, r1, lr, lsr #2
 8007348:	0913      	lsrs	r3, r2, #4
 800734a:	ea43 7301 	orr.w	r3, r3, r1, lsl #28
 800734e:	189a      	adds	r2, r3, r2
 8007350:	eb41 1111 	adc.w	r1, r1, r1, lsr #4
 8007354:	0a13      	lsrs	r3, r2, #8
 8007356:	ea43 6301 	orr.w	r3, r3, r1, lsl #24
 800735a:	189a      	adds	r2, r3, r2
 800735c:	eb41 2111 	adc.w	r1, r1, r1, lsr #8
 8007360:	0c13      	lsrs	r3, r2, #16
 8007362:	ea43 4301 	orr.w	r3, r3, r1, lsl #16
 8007366:	189b      	adds	r3, r3, r2
 8007368:	eb41 4111 	adc.w	r1, r1, r1, lsr #16
 800736c:	18cb      	adds	r3, r1, r3
 800736e:	fa5f f28c 	uxtb.w	r2, ip
 8007372:	f141 0100 	adc.w	r1, r1, #0
 8007376:	ea4f 0cd3 	mov.w	ip, r3, lsr #3
 800737a:	ea4c 7c41 	orr.w	ip, ip, r1, lsl #29
 800737e:	eb0c 038c 	add.w	r3, ip, ip, lsl #2
 8007382:	eba2 0343 	sub.w	r3, r2, r3, lsl #1
 8007386:	b2db      	uxtb	r3, r3
 8007388:	f1a3 020a 	sub.w	r2, r3, #10
 800738c:	b2d2      	uxtb	r2, r2
 800738e:	18a5      	adds	r5, r4, r2
 8007390:	2b09      	cmp	r3, #9
 8007392:	f103 0630 	add.w	r6, r3, #48	@ 0x30
 8007396:	ea4f 0ed1 	mov.w	lr, r1, lsr #3
 800739a:	f105 0530 	add.w	r5, r5, #48	@ 0x30
 800739e:	d920      	bls.n	80073e2 <__ultoa_invert+0xce>
 80073a0:	f11c 0c01 	adds.w	ip, ip, #1
 80073a4:	f14e 0e00 	adc.w	lr, lr, #0
 80073a8:	2a09      	cmp	r2, #9
 80073aa:	bf9a      	itte	ls
 80073ac:	3326      	addls	r3, #38	@ 0x26
 80073ae:	f800 3b01 	strbls.w	r3, [r0], #1
 80073b2:	f800 5b01 	strbhi.w	r5, [r0], #1
 80073b6:	e7ba      	b.n	800732e <__ultoa_invert+0x1a>
 80073b8:	f00c 030f 	and.w	r3, ip, #15
 80073bc:	2b09      	cmp	r3, #9
 80073be:	bf88      	it	hi
 80073c0:	191b      	addhi	r3, r3, r4
 80073c2:	ea4f 121c 	mov.w	r2, ip, lsr #4
 80073c6:	ea42 720e 	orr.w	r2, r2, lr, lsl #28
 80073ca:	ea4f 111e 	mov.w	r1, lr, lsr #4
 80073ce:	bf88      	it	hi
 80073d0:	b2db      	uxtbhi	r3, r3
 80073d2:	4694      	mov	ip, r2
 80073d4:	3330      	adds	r3, #48	@ 0x30
 80073d6:	430a      	orrs	r2, r1
 80073d8:	f800 3b01 	strb.w	r3, [r0], #1
 80073dc:	468e      	mov	lr, r1
 80073de:	d1eb      	bne.n	80073b8 <__ultoa_invert+0xa4>
 80073e0:	bd70      	pop	{r4, r5, r6, pc}
 80073e2:	ea5c 030e 	orrs.w	r3, ip, lr
 80073e6:	f800 6b01 	strb.w	r6, [r0], #1
 80073ea:	d1a0      	bne.n	800732e <__ultoa_invert+0x1a>
 80073ec:	bd70      	pop	{r4, r5, r6, pc}
 80073ee:	4610      	mov	r0, r2
 80073f0:	f00c 0307 	and.w	r3, ip, #7
 80073f4:	ea4f 0cdc 	mov.w	ip, ip, lsr #3
 80073f8:	ea4c 7c4e 	orr.w	ip, ip, lr, lsl #29
 80073fc:	3330      	adds	r3, #48	@ 0x30
 80073fe:	ea4f 0ede 	mov.w	lr, lr, lsr #3
 8007402:	f800 3b01 	strb.w	r3, [r0], #1
 8007406:	ea5c 030e 	orrs.w	r3, ip, lr
 800740a:	d1f1      	bne.n	80073f0 <__ultoa_invert+0xdc>
 800740c:	bd70      	pop	{r4, r5, r6, pc}
 800740e:	bf00      	nop

08007410 <__l_vfprintf>:
 8007410:	e92d 4ff0 	stmdb	sp!, {r4, r5, r6, r7, r8, r9, sl, fp, lr}
 8007414:	7883      	ldrb	r3, [r0, #2]
 8007416:	f8d0 9004 	ldr.w	r9, [r0, #4]
 800741a:	079f      	lsls	r7, r3, #30
 800741c:	b08b      	sub	sp, #44	@ 0x2c
 800741e:	f140 8132 	bpl.w	8007686 <__l_vfprintf+0x276>
 8007422:	460b      	mov	r3, r1
 8007424:	4680      	mov	r8, r0
 8007426:	f813 0b01 	ldrb.w	r0, [r3], #1
 800742a:	460c      	mov	r4, r1
 800742c:	2800      	cmp	r0, #0
 800742e:	f000 83d8 	beq.w	8007be2 <__l_vfprintf+0x7d2>
 8007432:	2500      	movs	r5, #0
 8007434:	9200      	str	r2, [sp, #0]
 8007436:	e00d      	b.n	8007454 <__l_vfprintf+0x44>
 8007438:	461c      	mov	r4, r3
 800743a:	4641      	mov	r1, r8
 800743c:	47c8      	blx	r9
 800743e:	2800      	cmp	r0, #0
 8007440:	f105 0501 	add.w	r5, r5, #1
 8007444:	f2c0 8119 	blt.w	800767a <__l_vfprintf+0x26a>
 8007448:	4623      	mov	r3, r4
 800744a:	f813 0b01 	ldrb.w	r0, [r3], #1
 800744e:	2800      	cmp	r0, #0
 8007450:	f000 811b 	beq.w	800768a <__l_vfprintf+0x27a>
 8007454:	2825      	cmp	r0, #37	@ 0x25
 8007456:	d1ef      	bne.n	8007438 <__l_vfprintf+0x28>
 8007458:	7866      	ldrb	r6, [r4, #1]
 800745a:	2e25      	cmp	r6, #37	@ 0x25
 800745c:	f104 0402 	add.w	r4, r4, #2
 8007460:	d0eb      	beq.n	800743a <__l_vfprintf+0x2a>
 8007462:	f04f 0b00 	mov.w	fp, #0
 8007466:	46da      	mov	sl, fp
 8007468:	465f      	mov	r7, fp
 800746a:	2f1f      	cmp	r7, #31
 800746c:	d95d      	bls.n	800752a <__l_vfprintf+0x11a>
 800746e:	2f7f      	cmp	r7, #127	@ 0x7f
 8007470:	f200 808a 	bhi.w	8007588 <__l_vfprintf+0x178>
 8007474:	f1a6 0330 	sub.w	r3, r6, #48	@ 0x30
 8007478:	2b09      	cmp	r3, #9
 800747a:	d811      	bhi.n	80074a0 <__l_vfprintf+0x90>
 800747c:	067e      	lsls	r6, r7, #25
 800747e:	f100 8132 	bmi.w	80076e6 <__l_vfprintf+0x2d6>
 8007482:	f814 6b01 	ldrb.w	r6, [r4], #1
 8007486:	eb0a 0a8a 	add.w	sl, sl, sl, lsl #2
 800748a:	eb03 0a4a 	add.w	sl, r3, sl, lsl #1
 800748e:	f047 0720 	orr.w	r7, r7, #32
 8007492:	f1a6 0330 	sub.w	r3, r6, #48	@ 0x30
 8007496:	2e00      	cmp	r6, #0
 8007498:	f000 80e1 	beq.w	800765e <__l_vfprintf+0x24e>
 800749c:	2b09      	cmp	r3, #9
 800749e:	d9f0      	bls.n	8007482 <__l_vfprintf+0x72>
 80074a0:	2e2a      	cmp	r6, #42	@ 0x2a
 80074a2:	f000 810e 	beq.w	80076c2 <__l_vfprintf+0x2b2>
 80074a6:	2e2e      	cmp	r6, #46	@ 0x2e
 80074a8:	f000 81c3 	beq.w	8007832 <__l_vfprintf+0x422>
 80074ac:	f1a6 034c 	sub.w	r3, r6, #76	@ 0x4c
 80074b0:	2b2e      	cmp	r3, #46	@ 0x2e
 80074b2:	f200 8125 	bhi.w	8007700 <__l_vfprintf+0x2f0>
 80074b6:	e8df f013 	tbh	[pc, r3, lsl #1]
 80074ba:	0061      	.short	0x0061
 80074bc:	01230123 	.word	0x01230123
 80074c0:	01230123 	.word	0x01230123
 80074c4:	01230123 	.word	0x01230123
 80074c8:	01230123 	.word	0x01230123
 80074cc:	01230123 	.word	0x01230123
 80074d0:	01230123 	.word	0x01230123
 80074d4:	01230123 	.word	0x01230123
 80074d8:	01230123 	.word	0x01230123
 80074dc:	01230123 	.word	0x01230123
 80074e0:	01230123 	.word	0x01230123
 80074e4:	01230123 	.word	0x01230123
 80074e8:	01230123 	.word	0x01230123
 80074ec:	01230123 	.word	0x01230123
 80074f0:	01510123 	.word	0x01510123
 80074f4:	00610123 	.word	0x00610123
 80074f8:	015d0123 	.word	0x015d0123
 80074fc:	01230123 	.word	0x01230123
 8007500:	01230123 	.word	0x01230123
 8007504:	01230123 	.word	0x01230123
 8007508:	00cd0123 	.word	0x00cd0123
 800750c:	01230123 	.word	0x01230123
 8007510:	01230123 	.word	0x01230123
 8007514:	00cd0123 	.word	0x00cd0123
 8007518:	f047 0702 	orr.w	r7, r7, #2
 800751c:	f814 6b01 	ldrb.w	r6, [r4], #1
 8007520:	f047 0704 	orr.w	r7, r7, #4
 8007524:	2e00      	cmp	r6, #0
 8007526:	f000 809a 	beq.w	800765e <__l_vfprintf+0x24e>
 800752a:	f1a6 0320 	sub.w	r3, r6, #32
 800752e:	2b10      	cmp	r3, #16
 8007530:	d8a0      	bhi.n	8007474 <__l_vfprintf+0x64>
 8007532:	a201      	add	r2, pc, #4	@ (adr r2, 8007538 <__l_vfprintf+0x128>)
 8007534:	f852 f023 	ldr.w	pc, [r2, r3, lsl #2]
 8007538:	0800751d 	.word	0x0800751d
 800753c:	08007475 	.word	0x08007475
 8007540:	08007475 	.word	0x08007475
 8007544:	08007693 	.word	0x08007693
 8007548:	08007475 	.word	0x08007475
 800754c:	08007475 	.word	0x08007475
 8007550:	08007475 	.word	0x08007475
 8007554:	08007655 	.word	0x08007655
 8007558:	08007475 	.word	0x08007475
 800755c:	08007475 	.word	0x08007475
 8007560:	08007475 	.word	0x08007475
 8007564:	08007519 	.word	0x08007519
 8007568:	08007475 	.word	0x08007475
 800756c:	080076b3 	.word	0x080076b3
 8007570:	08007475 	.word	0x08007475
 8007574:	08007475 	.word	0x08007475
 8007578:	080076a3 	.word	0x080076a3
 800757c:	f814 6b01 	ldrb.w	r6, [r4], #1
 8007580:	f447 7720 	orr.w	r7, r7, #640	@ 0x280
 8007584:	2e00      	cmp	r6, #0
 8007586:	d06a      	beq.n	800765e <__l_vfprintf+0x24e>
 8007588:	f1a6 034c 	sub.w	r3, r6, #76	@ 0x4c
 800758c:	2b2e      	cmp	r3, #46	@ 0x2e
 800758e:	f200 80b7 	bhi.w	8007700 <__l_vfprintf+0x2f0>
 8007592:	a201      	add	r2, pc, #4	@ (adr r2, 8007598 <__l_vfprintf+0x188>)
 8007594:	f852 f023 	ldr.w	pc, [r2, r3, lsl #2]
 8007598:	0800757d 	.word	0x0800757d
 800759c:	08007701 	.word	0x08007701
 80075a0:	08007701 	.word	0x08007701
 80075a4:	08007701 	.word	0x08007701
 80075a8:	08007701 	.word	0x08007701
 80075ac:	08007701 	.word	0x08007701
 80075b0:	08007701 	.word	0x08007701
 80075b4:	08007701 	.word	0x08007701
 80075b8:	08007701 	.word	0x08007701
 80075bc:	08007701 	.word	0x08007701
 80075c0:	08007701 	.word	0x08007701
 80075c4:	08007701 	.word	0x08007701
 80075c8:	08007701 	.word	0x08007701
 80075cc:	08007701 	.word	0x08007701
 80075d0:	08007701 	.word	0x08007701
 80075d4:	08007701 	.word	0x08007701
 80075d8:	08007701 	.word	0x08007701
 80075dc:	08007701 	.word	0x08007701
 80075e0:	08007701 	.word	0x08007701
 80075e4:	08007701 	.word	0x08007701
 80075e8:	08007701 	.word	0x08007701
 80075ec:	08007701 	.word	0x08007701
 80075f0:	08007701 	.word	0x08007701
 80075f4:	08007701 	.word	0x08007701
 80075f8:	08007701 	.word	0x08007701
 80075fc:	08007701 	.word	0x08007701
 8007600:	08007701 	.word	0x08007701
 8007604:	08007701 	.word	0x08007701
 8007608:	08007755 	.word	0x08007755
 800760c:	08007701 	.word	0x08007701
 8007610:	0800757d 	.word	0x0800757d
 8007614:	08007701 	.word	0x08007701
 8007618:	0800776d 	.word	0x0800776d
 800761c:	08007701 	.word	0x08007701
 8007620:	08007701 	.word	0x08007701
 8007624:	08007701 	.word	0x08007701
 8007628:	08007701 	.word	0x08007701
 800762c:	08007701 	.word	0x08007701
 8007630:	08007701 	.word	0x08007701
 8007634:	08007701 	.word	0x08007701
 8007638:	08007849 	.word	0x08007849
 800763c:	08007701 	.word	0x08007701
 8007640:	08007701 	.word	0x08007701
 8007644:	08007701 	.word	0x08007701
 8007648:	08007701 	.word	0x08007701
 800764c:	08007701 	.word	0x08007701
 8007650:	08007849 	.word	0x08007849
 8007654:	f814 6b01 	ldrb.w	r6, [r4], #1
 8007658:	2e00      	cmp	r6, #0
 800765a:	f47f af06 	bne.w	800746a <__l_vfprintf+0x5a>
 800765e:	2600      	movs	r6, #0
 8007660:	4641      	mov	r1, r8
 8007662:	2025      	movs	r0, #37	@ 0x25
 8007664:	47c8      	blx	r9
 8007666:	2800      	cmp	r0, #0
 8007668:	db07      	blt.n	800767a <__l_vfprintf+0x26a>
 800766a:	4630      	mov	r0, r6
 800766c:	4641      	mov	r1, r8
 800766e:	47c8      	blx	r9
 8007670:	2800      	cmp	r0, #0
 8007672:	f105 0502 	add.w	r5, r5, #2
 8007676:	f6bf aee7 	bge.w	8007448 <__l_vfprintf+0x38>
 800767a:	f898 3002 	ldrb.w	r3, [r8, #2]
 800767e:	f043 0304 	orr.w	r3, r3, #4
 8007682:	f888 3002 	strb.w	r3, [r8, #2]
 8007686:	f04f 35ff 	mov.w	r5, #4294967295
 800768a:	4628      	mov	r0, r5
 800768c:	b00b      	add	sp, #44	@ 0x2c
 800768e:	e8bd 8ff0 	ldmia.w	sp!, {r4, r5, r6, r7, r8, r9, sl, fp, pc}
 8007692:	f814 6b01 	ldrb.w	r6, [r4], #1
 8007696:	f047 0710 	orr.w	r7, r7, #16
 800769a:	2e00      	cmp	r6, #0
 800769c:	f47f af45 	bne.w	800752a <__l_vfprintf+0x11a>
 80076a0:	e7dd      	b.n	800765e <__l_vfprintf+0x24e>
 80076a2:	f814 6b01 	ldrb.w	r6, [r4], #1
 80076a6:	f047 0701 	orr.w	r7, r7, #1
 80076aa:	2e00      	cmp	r6, #0
 80076ac:	f47f af3d 	bne.w	800752a <__l_vfprintf+0x11a>
 80076b0:	e7d5      	b.n	800765e <__l_vfprintf+0x24e>
 80076b2:	f814 6b01 	ldrb.w	r6, [r4], #1
 80076b6:	f047 0708 	orr.w	r7, r7, #8
 80076ba:	2e00      	cmp	r6, #0
 80076bc:	f47f af35 	bne.w	800752a <__l_vfprintf+0x11a>
 80076c0:	e7cd      	b.n	800765e <__l_vfprintf+0x24e>
 80076c2:	9900      	ldr	r1, [sp, #0]
 80076c4:	0678      	lsls	r0, r7, #25
 80076c6:	f851 2b04 	ldr.w	r2, [r1], #4
 80076ca:	f140 80c3 	bpl.w	8007854 <__l_vfprintf+0x444>
 80076ce:	f814 6b01 	ldrb.w	r6, [r4], #1
 80076d2:	2e00      	cmp	r6, #0
 80076d4:	f000 825d 	beq.w	8007b92 <__l_vfprintf+0x782>
 80076d8:	f1a6 0330 	sub.w	r3, r6, #48	@ 0x30
 80076dc:	2b09      	cmp	r3, #9
 80076de:	9100      	str	r1, [sp, #0]
 80076e0:	4693      	mov	fp, r2
 80076e2:	f63f aedd 	bhi.w	80074a0 <__l_vfprintf+0x90>
 80076e6:	f814 6b01 	ldrb.w	r6, [r4], #1
 80076ea:	eb0b 0b8b 	add.w	fp, fp, fp, lsl #2
 80076ee:	eb03 0b4b 	add.w	fp, r3, fp, lsl #1
 80076f2:	2e00      	cmp	r6, #0
 80076f4:	d0b3      	beq.n	800765e <__l_vfprintf+0x24e>
 80076f6:	f1a6 0330 	sub.w	r3, r6, #48	@ 0x30
 80076fa:	2b09      	cmp	r3, #9
 80076fc:	d9f3      	bls.n	80076e6 <__l_vfprintf+0x2d6>
 80076fe:	e6cf      	b.n	80074a0 <__l_vfprintf+0x90>
 8007700:	f046 0320 	orr.w	r3, r6, #32
 8007704:	f1bb 0f00 	cmp.w	fp, #0
 8007708:	f1a3 0265 	sub.w	r2, r3, #101	@ 0x65
 800770c:	da04      	bge.n	8007718 <__l_vfprintf+0x308>
 800770e:	f027 0740 	bic.w	r7, r7, #64	@ 0x40
 8007712:	b2bf      	uxth	r7, r7
 8007714:	f04f 0b00 	mov.w	fp, #0
 8007718:	2a02      	cmp	r2, #2
 800771a:	d933      	bls.n	8007784 <__l_vfprintf+0x374>
 800771c:	2b61      	cmp	r3, #97	@ 0x61
 800771e:	d031      	beq.n	8007784 <__l_vfprintf+0x374>
 8007720:	f1a6 0263 	sub.w	r2, r6, #99	@ 0x63
 8007724:	2a12      	cmp	r2, #18
 8007726:	f200 81fc 	bhi.w	8007b22 <__l_vfprintf+0x712>
 800772a:	e8df f012 	tbh	[pc, r2, lsl #1]
 800772e:	012e      	.short	0x012e
 8007730:	01fa00a5 	.word	0x01fa00a5
 8007734:	01fa01fa 	.word	0x01fa01fa
 8007738:	00a501fa 	.word	0x00a501fa
 800773c:	01fa01fa 	.word	0x01fa01fa
 8007740:	01fa01fa 	.word	0x01fa01fa
 8007744:	01f001fa 	.word	0x01f001fa
 8007748:	01fa014e 	.word	0x01fa014e
 800774c:	013801fa 	.word	0x013801fa
 8007750:	00ef01fa 	.word	0x00ef01fa
 8007754:	05fe      	lsls	r6, r7, #23
 8007756:	bf48      	it	mi
 8007758:	f447 7700 	orrmi.w	r7, r7, #512	@ 0x200
 800775c:	f814 6b01 	ldrb.w	r6, [r4], #1
 8007760:	f447 7780 	orr.w	r7, r7, #256	@ 0x100
 8007764:	2e00      	cmp	r6, #0
 8007766:	f47f af0f 	bne.w	8007588 <__l_vfprintf+0x178>
 800776a:	e778      	b.n	800765e <__l_vfprintf+0x24e>
 800776c:	063b      	lsls	r3, r7, #24
 800776e:	bf48      	it	mi
 8007770:	f447 7700 	orrmi.w	r7, r7, #512	@ 0x200
 8007774:	f814 6b01 	ldrb.w	r6, [r4], #1
 8007778:	f047 0780 	orr.w	r7, r7, #128	@ 0x80
 800777c:	2e00      	cmp	r6, #0
 800777e:	f47f af03 	bne.w	8007588 <__l_vfprintf+0x178>
 8007782:	e76c      	b.n	800765e <__l_vfprintf+0x24e>
 8007784:	9b00      	ldr	r3, [sp, #0]
 8007786:	f103 0b07 	add.w	fp, r3, #7
 800778a:	f02b 0b07 	bic.w	fp, fp, #7
 800778e:	f10b 0308 	add.w	r3, fp, #8
 8007792:	9300      	str	r3, [sp, #0]
 8007794:	4bba      	ldr	r3, [pc, #744]	@ (8007a80 <__l_vfprintf+0x670>)
 8007796:	f04f 0b07 	mov.w	fp, #7
 800779a:	0738      	lsls	r0, r7, #28
 800779c:	4651      	mov	r1, sl
 800779e:	d418      	bmi.n	80077d2 <__l_vfprintf+0x3c2>
 80077a0:	45d3      	cmp	fp, sl
 80077a2:	d216      	bcs.n	80077d2 <__l_vfprintf+0x3c2>
 80077a4:	464e      	mov	r6, r9
 80077a6:	461f      	mov	r7, r3
 80077a8:	46d1      	mov	r9, sl
 80077aa:	e002      	b.n	80077b2 <__l_vfprintf+0x3a2>
 80077ac:	4583      	cmp	fp, r0
 80077ae:	d208      	bcs.n	80077c2 <__l_vfprintf+0x3b2>
 80077b0:	4682      	mov	sl, r0
 80077b2:	4641      	mov	r1, r8
 80077b4:	2020      	movs	r0, #32
 80077b6:	47b0      	blx	r6
 80077b8:	2800      	cmp	r0, #0
 80077ba:	f10a 30ff 	add.w	r0, sl, #4294967295
 80077be:	daf5      	bge.n	80077ac <__l_vfprintf+0x39c>
 80077c0:	e75b      	b.n	800767a <__l_vfprintf+0x26a>
 80077c2:	4649      	mov	r1, r9
 80077c4:	3501      	adds	r5, #1
 80077c6:	440d      	add	r5, r1
 80077c8:	463b      	mov	r3, r7
 80077ca:	46b1      	mov	r9, r6
 80077cc:	eba5 050a 	sub.w	r5, r5, sl
 80077d0:	4601      	mov	r1, r0
 80077d2:	461e      	mov	r6, r3
 80077d4:	eb03 070b 	add.w	r7, r3, fp
 80077d8:	9401      	str	r4, [sp, #4]
 80077da:	464c      	mov	r4, r9
 80077dc:	4699      	mov	r9, r3
 80077de:	462b      	mov	r3, r5
 80077e0:	468a      	mov	sl, r1
 80077e2:	4635      	mov	r5, r6
 80077e4:	461e      	mov	r6, r3
 80077e6:	e005      	b.n	80077f4 <__l_vfprintf+0x3e4>
 80077e8:	f815 0b01 	ldrb.w	r0, [r5], #1
 80077ec:	47a0      	blx	r4
 80077ee:	2800      	cmp	r0, #0
 80077f0:	f6ff af43 	blt.w	800767a <__l_vfprintf+0x26a>
 80077f4:	42bd      	cmp	r5, r7
 80077f6:	4641      	mov	r1, r8
 80077f8:	d1f6      	bne.n	80077e8 <__l_vfprintf+0x3d8>
 80077fa:	464b      	mov	r3, r9
 80077fc:	4632      	mov	r2, r6
 80077fe:	46a1      	mov	r9, r4
 8007800:	462e      	mov	r6, r5
 8007802:	1ad3      	subs	r3, r2, r3
 8007804:	9c01      	ldr	r4, [sp, #4]
 8007806:	441e      	add	r6, r3
 8007808:	ebaa 0a0b 	sub.w	sl, sl, fp
 800780c:	4635      	mov	r5, r6
 800780e:	44b2      	add	sl, r6
 8007810:	464e      	mov	r6, r9
 8007812:	e005      	b.n	8007820 <__l_vfprintf+0x410>
 8007814:	47b0      	blx	r6
 8007816:	2800      	cmp	r0, #0
 8007818:	f105 0501 	add.w	r5, r5, #1
 800781c:	f6ff af2d 	blt.w	800767a <__l_vfprintf+0x26a>
 8007820:	ebaa 0305 	sub.w	r3, sl, r5
 8007824:	2b00      	cmp	r3, #0
 8007826:	4641      	mov	r1, r8
 8007828:	f04f 0020 	mov.w	r0, #32
 800782c:	dcf2      	bgt.n	8007814 <__l_vfprintf+0x404>
 800782e:	46b1      	mov	r9, r6
 8007830:	e60a      	b.n	8007448 <__l_vfprintf+0x38>
 8007832:	067a      	lsls	r2, r7, #25
 8007834:	f53f af29 	bmi.w	800768a <__l_vfprintf+0x27a>
 8007838:	f814 6b01 	ldrb.w	r6, [r4], #1
 800783c:	f047 0740 	orr.w	r7, r7, #64	@ 0x40
 8007840:	2e00      	cmp	r6, #0
 8007842:	f47f af58 	bne.w	80076f6 <__l_vfprintf+0x2e6>
 8007846:	e70a      	b.n	800765e <__l_vfprintf+0x24e>
 8007848:	f814 6b01 	ldrb.w	r6, [r4], #1
 800784c:	2e00      	cmp	r6, #0
 800784e:	f47f ae0e 	bne.w	800746e <__l_vfprintf+0x5e>
 8007852:	e704      	b.n	800765e <__l_vfprintf+0x24e>
 8007854:	2a00      	cmp	r2, #0
 8007856:	f2c0 8122 	blt.w	8007a9e <__l_vfprintf+0x68e>
 800785a:	f814 6b01 	ldrb.w	r6, [r4], #1
 800785e:	f047 0720 	orr.w	r7, r7, #32
 8007862:	2e00      	cmp	r6, #0
 8007864:	f000 8195 	beq.w	8007b92 <__l_vfprintf+0x782>
 8007868:	f1a6 0330 	sub.w	r3, r6, #48	@ 0x30
 800786c:	2b09      	cmp	r3, #9
 800786e:	9100      	str	r1, [sp, #0]
 8007870:	4692      	mov	sl, r2
 8007872:	f67f ae06 	bls.w	8007482 <__l_vfprintf+0x72>
 8007876:	e613      	b.n	80074a0 <__l_vfprintf+0x90>
 8007878:	063a      	lsls	r2, r7, #24
 800787a:	9b00      	ldr	r3, [sp, #0]
 800787c:	f100 813b 	bmi.w	8007af6 <__l_vfprintf+0x6e6>
 8007880:	461a      	mov	r2, r3
 8007882:	05f9      	lsls	r1, r7, #23
 8007884:	f852 3b04 	ldr.w	r3, [r2], #4
 8007888:	9201      	str	r2, [sp, #4]
 800788a:	f100 81fd 	bmi.w	8007c88 <__l_vfprintf+0x878>
 800788e:	4618      	mov	r0, r3
 8007890:	17db      	asrs	r3, r3, #31
 8007892:	f027 0110 	bic.w	r1, r7, #16
 8007896:	b28a      	uxth	r2, r1
 8007898:	2b00      	cmp	r3, #0
 800789a:	9200      	str	r2, [sp, #0]
 800789c:	f2c0 8186 	blt.w	8007bac <__l_vfprintf+0x79c>
 80078a0:	ea50 0103 	orrs.w	r1, r0, r3
 80078a4:	f040 825e 	bne.w	8007d64 <__l_vfprintf+0x954>
 80078a8:	067b      	lsls	r3, r7, #25
 80078aa:	f140 81d5 	bpl.w	8007c58 <__l_vfprintf+0x848>
 80078ae:	f1bb 0f00 	cmp.w	fp, #0
 80078b2:	f040 8216 	bne.w	8007ce2 <__l_vfprintf+0x8d2>
 80078b6:	f027 0711 	bic.w	r7, r7, #17
 80078ba:	b2bb      	uxth	r3, r7
 80078bc:	9300      	str	r3, [sp, #0]
 80078be:	4659      	mov	r1, fp
 80078c0:	465b      	mov	r3, fp
 80078c2:	f8dd c000 	ldr.w	ip, [sp]
 80078c6:	f240 4706 	movw	r7, #1030	@ 0x406
 80078ca:	f00c 0008 	and.w	r0, ip, #8
 80078ce:	ea1c 0f07 	tst.w	ip, r7
 80078d2:	4602      	mov	r2, r0
 80078d4:	f000 826d 	beq.w	8007db2 <__l_vfprintf+0x9a2>
 80078d8:	3101      	adds	r1, #1
 80078da:	2800      	cmp	r0, #0
 80078dc:	f000 81c7 	beq.w	8007c6e <__l_vfprintf+0x85e>
 80078e0:	ebaa 0a01 	sub.w	sl, sl, r1
 80078e4:	9302      	str	r3, [sp, #8]
 80078e6:	9b00      	ldr	r3, [sp, #0]
 80078e8:	f013 0f02 	tst.w	r3, #2
 80078ec:	bf14      	ite	ne
 80078ee:	202b      	movne	r0, #43	@ 0x2b
 80078f0:	2020      	moveq	r0, #32
 80078f2:	f413 6f80 	tst.w	r3, #1024	@ 0x400
 80078f6:	bf18      	it	ne
 80078f8:	202d      	movne	r0, #45	@ 0x2d
 80078fa:	4641      	mov	r1, r8
 80078fc:	47c8      	blx	r9
 80078fe:	2800      	cmp	r0, #0
 8007900:	9b02      	ldr	r3, [sp, #8]
 8007902:	f105 0601 	add.w	r6, r5, #1
 8007906:	f280 80b1 	bge.w	8007a6c <__l_vfprintf+0x65c>
 800790a:	e6b6      	b.n	800767a <__l_vfprintf+0x26a>
 800790c:	f027 0710 	bic.w	r7, r7, #16
 8007910:	b2bf      	uxth	r7, r7
 8007912:	230a      	movs	r3, #10
 8007914:	f017 0280 	ands.w	r2, r7, #128	@ 0x80
 8007918:	d05c      	beq.n	80079d4 <__l_vfprintf+0x5c4>
 800791a:	f417 7100 	ands.w	r1, r7, #512	@ 0x200
 800791e:	9a00      	ldr	r2, [sp, #0]
 8007920:	f000 80cc 	beq.w	8007abc <__l_vfprintf+0x6ac>
 8007924:	3207      	adds	r2, #7
 8007926:	f022 0207 	bic.w	r2, r2, #7
 800792a:	6851      	ldr	r1, [r2, #4]
 800792c:	f852 0b08 	ldr.w	r0, [r2], #8
 8007930:	9201      	str	r2, [sp, #4]
 8007932:	f007 0c40 	and.w	ip, r7, #64	@ 0x40
 8007936:	ea50 0201 	orrs.w	r2, r0, r1
 800793a:	f8cd c000 	str.w	ip, [sp]
 800793e:	d16c      	bne.n	8007a1a <__l_vfprintf+0x60a>
 8007940:	4662      	mov	r2, ip
 8007942:	2a00      	cmp	r2, #0
 8007944:	d054      	beq.n	80079f0 <__l_vfprintf+0x5e0>
 8007946:	f1bb 0f00 	cmp.w	fp, #0
 800794a:	f040 80bb 	bne.w	8007ac4 <__l_vfprintf+0x6b4>
 800794e:	073b      	lsls	r3, r7, #28
 8007950:	f140 81d1 	bpl.w	8007cf6 <__l_vfprintf+0x8e6>
 8007954:	465b      	mov	r3, fp
 8007956:	aa04      	add	r2, sp, #16
 8007958:	18d6      	adds	r6, r2, r3
 800795a:	4623      	mov	r3, r4
 800795c:	4637      	mov	r7, r6
 800795e:	464c      	mov	r4, r9
 8007960:	4693      	mov	fp, r2
 8007962:	4699      	mov	r9, r3
 8007964:	e005      	b.n	8007972 <__l_vfprintf+0x562>
 8007966:	f817 0d01 	ldrb.w	r0, [r7, #-1]!
 800796a:	47a0      	blx	r4
 800796c:	2800      	cmp	r0, #0
 800796e:	f6ff ae84 	blt.w	800767a <__l_vfprintf+0x26a>
 8007972:	45bb      	cmp	fp, r7
 8007974:	4641      	mov	r1, r8
 8007976:	d1f6      	bne.n	8007966 <__l_vfprintf+0x556>
 8007978:	464b      	mov	r3, r9
 800797a:	465a      	mov	r2, fp
 800797c:	46a1      	mov	r9, r4
 800797e:	442e      	add	r6, r5
 8007980:	461c      	mov	r4, r3
 8007982:	9b01      	ldr	r3, [sp, #4]
 8007984:	9300      	str	r3, [sp, #0]
 8007986:	1ab6      	subs	r6, r6, r2
 8007988:	e740      	b.n	800780c <__l_vfprintf+0x3fc>
 800798a:	9a00      	ldr	r2, [sp, #0]
 800798c:	f852 3b04 	ldr.w	r3, [r2], #4
 8007990:	f88d 3010 	strb.w	r3, [sp, #16]
 8007994:	f04f 0b01 	mov.w	fp, #1
 8007998:	9200      	str	r2, [sp, #0]
 800799a:	ab04      	add	r3, sp, #16
 800799c:	e6fd      	b.n	800779a <__l_vfprintf+0x38a>
 800799e:	9e00      	ldr	r6, [sp, #0]
 80079a0:	4a38      	ldr	r2, [pc, #224]	@ (8007a84 <__l_vfprintf+0x674>)
 80079a2:	f856 3b04 	ldr.w	r3, [r6], #4
 80079a6:	2b00      	cmp	r3, #0
 80079a8:	bf08      	it	eq
 80079aa:	4613      	moveq	r3, r2
 80079ac:	f017 0f40 	tst.w	r7, #64	@ 0x40
 80079b0:	bf18      	it	ne
 80079b2:	4659      	movne	r1, fp
 80079b4:	4618      	mov	r0, r3
 80079b6:	bf08      	it	eq
 80079b8:	f04f 31ff 	moveq.w	r1, #4294967295
 80079bc:	9301      	str	r3, [sp, #4]
 80079be:	f7ff fc63 	bl	8007288 <strnlen>
 80079c2:	9b01      	ldr	r3, [sp, #4]
 80079c4:	9600      	str	r6, [sp, #0]
 80079c6:	4683      	mov	fp, r0
 80079c8:	e6e7      	b.n	800779a <__l_vfprintf+0x38a>
 80079ca:	f047 0710 	orr.w	r7, r7, #16
 80079ce:	2310      	movs	r3, #16
 80079d0:	2678      	movs	r6, #120	@ 0x78
 80079d2:	e79f      	b.n	8007914 <__l_vfprintf+0x504>
 80079d4:	9900      	ldr	r1, [sp, #0]
 80079d6:	f851 0b04 	ldr.w	r0, [r1], #4
 80079da:	9101      	str	r1, [sp, #4]
 80079dc:	f417 7180 	ands.w	r1, r7, #256	@ 0x100
 80079e0:	d0a7      	beq.n	8007932 <__l_vfprintf+0x522>
 80079e2:	f417 7100 	ands.w	r1, r7, #512	@ 0x200
 80079e6:	bf1a      	itte	ne
 80079e8:	b2c0      	uxtbne	r0, r0
 80079ea:	4611      	movne	r1, r2
 80079ec:	b280      	uxtheq	r0, r0
 80079ee:	e7a0      	b.n	8007932 <__l_vfprintf+0x522>
 80079f0:	f027 0716 	bic.w	r7, r7, #22
 80079f4:	b2ba      	uxth	r2, r7
 80079f6:	9200      	str	r2, [sp, #0]
 80079f8:	2000      	movs	r0, #0
 80079fa:	aa04      	add	r2, sp, #16
 80079fc:	2100      	movs	r1, #0
 80079fe:	9202      	str	r2, [sp, #8]
 8007a00:	f7ff fc88 	bl	8007314 <__ultoa_invert>
 8007a04:	9a02      	ldr	r2, [sp, #8]
 8007a06:	1a83      	subs	r3, r0, r2
 8007a08:	9900      	ldr	r1, [sp, #0]
 8007a0a:	f011 0108 	ands.w	r1, r1, #8
 8007a0e:	f000 8090 	beq.w	8007b32 <__l_vfprintf+0x722>
 8007a12:	ebaa 0a03 	sub.w	sl, sl, r3
 8007a16:	462e      	mov	r6, r5
 8007a18:	e028      	b.n	8007a6c <__l_vfprintf+0x65c>
 8007a1a:	aa04      	add	r2, sp, #16
 8007a1c:	9202      	str	r2, [sp, #8]
 8007a1e:	f7ff fc79 	bl	8007314 <__ultoa_invert>
 8007a22:	9a02      	ldr	r2, [sp, #8]
 8007a24:	9900      	ldr	r1, [sp, #0]
 8007a26:	1a83      	subs	r3, r0, r2
 8007a28:	2900      	cmp	r1, #0
 8007a2a:	d073      	beq.n	8007b14 <__l_vfprintf+0x704>
 8007a2c:	f027 0107 	bic.w	r1, r7, #7
 8007a30:	b289      	uxth	r1, r1
 8007a32:	455b      	cmp	r3, fp
 8007a34:	9100      	str	r1, [sp, #0]
 8007a36:	f2c0 80d6 	blt.w	8007be6 <__l_vfprintf+0x7d6>
 8007a3a:	06f9      	lsls	r1, r7, #27
 8007a3c:	f140 813f 	bpl.w	8007cbe <__l_vfprintf+0x8ae>
 8007a40:	9a00      	ldr	r2, [sp, #0]
 8007a42:	f002 0208 	and.w	r2, r2, #8
 8007a46:	2e00      	cmp	r6, #0
 8007a48:	f040 80a9 	bne.w	8007b9e <__l_vfprintf+0x78e>
 8007a4c:	1c59      	adds	r1, r3, #1
 8007a4e:	2a00      	cmp	r2, #0
 8007a50:	f000 8123 	beq.w	8007c9a <__l_vfprintf+0x88a>
 8007a54:	ebaa 0a01 	sub.w	sl, sl, r1
 8007a58:	2030      	movs	r0, #48	@ 0x30
 8007a5a:	4641      	mov	r1, r8
 8007a5c:	9300      	str	r3, [sp, #0]
 8007a5e:	47c8      	blx	r9
 8007a60:	2800      	cmp	r0, #0
 8007a62:	9b00      	ldr	r3, [sp, #0]
 8007a64:	f105 0601 	add.w	r6, r5, #1
 8007a68:	f6ff ae07 	blt.w	800767a <__l_vfprintf+0x26a>
 8007a6c:	459b      	cmp	fp, r3
 8007a6e:	f340 817e 	ble.w	8007d6e <__l_vfprintf+0x95e>
 8007a72:	eb0b 0506 	add.w	r5, fp, r6
 8007a76:	464f      	mov	r7, r9
 8007a78:	1aed      	subs	r5, r5, r3
 8007a7a:	4699      	mov	r9, r3
 8007a7c:	e007      	b.n	8007a8e <__l_vfprintf+0x67e>
 8007a7e:	bf00      	nop
 8007a80:	0800b950 	.word	0x0800b950
 8007a84:	0800b948 	.word	0x0800b948
 8007a88:	42ae      	cmp	r6, r5
 8007a8a:	f000 8084 	beq.w	8007b96 <__l_vfprintf+0x786>
 8007a8e:	4641      	mov	r1, r8
 8007a90:	2030      	movs	r0, #48	@ 0x30
 8007a92:	47b8      	blx	r7
 8007a94:	2800      	cmp	r0, #0
 8007a96:	f106 0601 	add.w	r6, r6, #1
 8007a9a:	daf5      	bge.n	8007a88 <__l_vfprintf+0x678>
 8007a9c:	e5ed      	b.n	800767a <__l_vfprintf+0x26a>
 8007a9e:	f814 6b01 	ldrb.w	r6, [r4], #1
 8007aa2:	f1c2 0a00 	rsb	sl, r2, #0
 8007aa6:	f047 0728 	orr.w	r7, r7, #40	@ 0x28
 8007aaa:	2e00      	cmp	r6, #0
 8007aac:	d071      	beq.n	8007b92 <__l_vfprintf+0x782>
 8007aae:	f1a6 0330 	sub.w	r3, r6, #48	@ 0x30
 8007ab2:	2b09      	cmp	r3, #9
 8007ab4:	9100      	str	r1, [sp, #0]
 8007ab6:	f67f ace4 	bls.w	8007482 <__l_vfprintf+0x72>
 8007aba:	e4f1      	b.n	80074a0 <__l_vfprintf+0x90>
 8007abc:	f852 0b04 	ldr.w	r0, [r2], #4
 8007ac0:	9201      	str	r2, [sp, #4]
 8007ac2:	e736      	b.n	8007932 <__l_vfprintf+0x522>
 8007ac4:	aa04      	add	r2, sp, #16
 8007ac6:	2100      	movs	r1, #0
 8007ac8:	2000      	movs	r0, #0
 8007aca:	9200      	str	r2, [sp, #0]
 8007acc:	f7ff fc22 	bl	8007314 <__ultoa_invert>
 8007ad0:	9a00      	ldr	r2, [sp, #0]
 8007ad2:	f027 0117 	bic.w	r1, r7, #23
 8007ad6:	1a83      	subs	r3, r0, r2
 8007ad8:	b289      	uxth	r1, r1
 8007ada:	459b      	cmp	fp, r3
 8007adc:	9100      	str	r1, [sp, #0]
 8007ade:	f340 80ee 	ble.w	8007cbe <__l_vfprintf+0x8ae>
 8007ae2:	2e00      	cmp	r6, #0
 8007ae4:	f040 8127 	bne.w	8007d36 <__l_vfprintf+0x926>
 8007ae8:	0739      	lsls	r1, r7, #28
 8007aea:	f140 8086 	bpl.w	8007bfa <__l_vfprintf+0x7ea>
 8007aee:	ebaa 0a0b 	sub.w	sl, sl, fp
 8007af2:	462e      	mov	r6, r5
 8007af4:	e7bd      	b.n	8007a72 <__l_vfprintf+0x662>
 8007af6:	05b8      	lsls	r0, r7, #22
 8007af8:	f140 80da 	bpl.w	8007cb0 <__l_vfprintf+0x8a0>
 8007afc:	3307      	adds	r3, #7
 8007afe:	f023 0307 	bic.w	r3, r3, #7
 8007b02:	461a      	mov	r2, r3
 8007b04:	685b      	ldr	r3, [r3, #4]
 8007b06:	f852 0b08 	ldr.w	r0, [r2], #8
 8007b0a:	9201      	str	r2, [sp, #4]
 8007b0c:	e6c1      	b.n	8007892 <__l_vfprintf+0x482>
 8007b0e:	2308      	movs	r3, #8
 8007b10:	2600      	movs	r6, #0
 8007b12:	e6ff      	b.n	8007914 <__l_vfprintf+0x504>
 8007b14:	f027 0106 	bic.w	r1, r7, #6
 8007b18:	b289      	uxth	r1, r1
 8007b1a:	9100      	str	r1, [sp, #0]
 8007b1c:	06f9      	lsls	r1, r7, #27
 8007b1e:	d48f      	bmi.n	8007a40 <__l_vfprintf+0x630>
 8007b20:	e772      	b.n	8007a08 <__l_vfprintf+0x5f8>
 8007b22:	2b78      	cmp	r3, #120	@ 0x78
 8007b24:	f47f ad9c 	bne.w	8007660 <__l_vfprintf+0x250>
 8007b28:	f1c6 0378 	rsb	r3, r6, #120	@ 0x78
 8007b2c:	f043 0310 	orr.w	r3, r3, #16
 8007b30:	e6f0      	b.n	8007914 <__l_vfprintf+0x504>
 8007b32:	9800      	ldr	r0, [sp, #0]
 8007b34:	07c0      	lsls	r0, r0, #31
 8007b36:	f140 8121 	bpl.w	8007d7c <__l_vfprintf+0x96c>
 8007b3a:	459a      	cmp	sl, r3
 8007b3c:	ebaa 0003 	sub.w	r0, sl, r3
 8007b40:	dd25      	ble.n	8007b8e <__l_vfprintf+0x77e>
 8007b42:	eb03 0b00 	add.w	fp, r3, r0
 8007b46:	2900      	cmp	r1, #0
 8007b48:	f000 8120 	beq.w	8007d8c <__l_vfprintf+0x97c>
 8007b4c:	f04f 0a00 	mov.w	sl, #0
 8007b50:	4641      	mov	r1, r8
 8007b52:	2030      	movs	r0, #48	@ 0x30
 8007b54:	9300      	str	r3, [sp, #0]
 8007b56:	47c8      	blx	r9
 8007b58:	2800      	cmp	r0, #0
 8007b5a:	f6ff ad8e 	blt.w	800767a <__l_vfprintf+0x26a>
 8007b5e:	9b00      	ldr	r3, [sp, #0]
 8007b60:	2e00      	cmp	r6, #0
 8007b62:	f000 80aa 	beq.w	8007cba <__l_vfprintf+0x8aa>
 8007b66:	4630      	mov	r0, r6
 8007b68:	4641      	mov	r1, r8
 8007b6a:	9300      	str	r3, [sp, #0]
 8007b6c:	47c8      	blx	r9
 8007b6e:	2800      	cmp	r0, #0
 8007b70:	9b00      	ldr	r3, [sp, #0]
 8007b72:	f105 0602 	add.w	r6, r5, #2
 8007b76:	f6bf af79 	bge.w	8007a6c <__l_vfprintf+0x65c>
 8007b7a:	e57e      	b.n	800767a <__l_vfprintf+0x26a>
 8007b7c:	9800      	ldr	r0, [sp, #0]
 8007b7e:	07c7      	lsls	r7, r0, #31
 8007b80:	f140 810e 	bpl.w	8007da0 <__l_vfprintf+0x990>
 8007b84:	45d3      	cmp	fp, sl
 8007b86:	ebaa 000b 	sub.w	r0, sl, fp
 8007b8a:	dbda      	blt.n	8007b42 <__l_vfprintf+0x732>
 8007b8c:	aa04      	add	r2, sp, #16
 8007b8e:	4682      	mov	sl, r0
 8007b90:	e6e2      	b.n	8007958 <__l_vfprintf+0x548>
 8007b92:	9100      	str	r1, [sp, #0]
 8007b94:	e563      	b.n	800765e <__l_vfprintf+0x24e>
 8007b96:	464b      	mov	r3, r9
 8007b98:	aa04      	add	r2, sp, #16
 8007b9a:	46b9      	mov	r9, r7
 8007b9c:	e6dc      	b.n	8007958 <__l_vfprintf+0x548>
 8007b9e:	1c99      	adds	r1, r3, #2
 8007ba0:	2a00      	cmp	r2, #0
 8007ba2:	f000 8091 	beq.w	8007cc8 <__l_vfprintf+0x8b8>
 8007ba6:	ebaa 0a01 	sub.w	sl, sl, r1
 8007baa:	e7d1      	b.n	8007b50 <__l_vfprintf+0x740>
 8007bac:	4240      	negs	r0, r0
 8007bae:	eb63 0143 	sbc.w	r1, r3, r3, lsl #1
 8007bb2:	f442 6380 	orr.w	r3, r2, #1024	@ 0x400
 8007bb6:	9300      	str	r3, [sp, #0]
 8007bb8:	aa04      	add	r2, sp, #16
 8007bba:	230a      	movs	r3, #10
 8007bbc:	9202      	str	r2, [sp, #8]
 8007bbe:	f7ff fba9 	bl	8007314 <__ultoa_invert>
 8007bc2:	9a02      	ldr	r2, [sp, #8]
 8007bc4:	1a83      	subs	r3, r0, r2
 8007bc6:	9a00      	ldr	r2, [sp, #0]
 8007bc8:	0650      	lsls	r0, r2, #25
 8007bca:	f140 80c4 	bpl.w	8007d56 <__l_vfprintf+0x946>
 8007bce:	9a00      	ldr	r2, [sp, #0]
 8007bd0:	f022 0201 	bic.w	r2, r2, #1
 8007bd4:	b292      	uxth	r2, r2
 8007bd6:	459b      	cmp	fp, r3
 8007bd8:	4659      	mov	r1, fp
 8007bda:	9200      	str	r2, [sp, #0]
 8007bdc:	bfb8      	it	lt
 8007bde:	4619      	movlt	r1, r3
 8007be0:	e66f      	b.n	80078c2 <__l_vfprintf+0x4b2>
 8007be2:	4605      	mov	r5, r0
 8007be4:	e551      	b.n	800768a <__l_vfprintf+0x27a>
 8007be6:	2e00      	cmp	r6, #0
 8007be8:	f040 8090 	bne.w	8007d0c <__l_vfprintf+0x8fc>
 8007bec:	0738      	lsls	r0, r7, #28
 8007bee:	f53f af7e 	bmi.w	8007aee <__l_vfprintf+0x6de>
 8007bf2:	f027 0717 	bic.w	r7, r7, #23
 8007bf6:	b2ba      	uxth	r2, r7
 8007bf8:	9200      	str	r2, [sp, #0]
 8007bfa:	4659      	mov	r1, fp
 8007bfc:	2600      	movs	r6, #0
 8007bfe:	458a      	cmp	sl, r1
 8007c00:	f340 80d3 	ble.w	8007daa <__l_vfprintf+0x99a>
 8007c04:	e9cd 3402 	strd	r3, r4, [sp, #8]
 8007c08:	462b      	mov	r3, r5
 8007c0a:	464c      	mov	r4, r9
 8007c0c:	460d      	mov	r5, r1
 8007c0e:	4689      	mov	r9, r1
 8007c10:	461f      	mov	r7, r3
 8007c12:	e002      	b.n	8007c1a <__l_vfprintf+0x80a>
 8007c14:	4552      	cmp	r2, sl
 8007c16:	da08      	bge.n	8007c2a <__l_vfprintf+0x81a>
 8007c18:	4615      	mov	r5, r2
 8007c1a:	4641      	mov	r1, r8
 8007c1c:	2020      	movs	r0, #32
 8007c1e:	47a0      	blx	r4
 8007c20:	2800      	cmp	r0, #0
 8007c22:	f105 0201 	add.w	r2, r5, #1
 8007c26:	daf5      	bge.n	8007c14 <__l_vfprintf+0x804>
 8007c28:	e527      	b.n	800767a <__l_vfprintf+0x26a>
 8007c2a:	4638      	mov	r0, r7
 8007c2c:	462f      	mov	r7, r5
 8007c2e:	4605      	mov	r5, r0
 8007c30:	4649      	mov	r1, r9
 8007c32:	ebaa 0a02 	sub.w	sl, sl, r2
 8007c36:	3501      	adds	r5, #1
 8007c38:	9a00      	ldr	r2, [sp, #0]
 8007c3a:	1a6d      	subs	r5, r5, r1
 8007c3c:	443d      	add	r5, r7
 8007c3e:	06d7      	lsls	r7, r2, #27
 8007c40:	46a1      	mov	r9, r4
 8007c42:	e9dd 3402 	ldrd	r3, r4, [sp, #8]
 8007c46:	d483      	bmi.n	8007b50 <__l_vfprintf+0x740>
 8007c48:	4611      	mov	r1, r2
 8007c4a:	f240 4206 	movw	r2, #1030	@ 0x406
 8007c4e:	4211      	tst	r1, r2
 8007c50:	f47f ae48 	bne.w	80078e4 <__l_vfprintf+0x4d4>
 8007c54:	462e      	mov	r6, r5
 8007c56:	e709      	b.n	8007a6c <__l_vfprintf+0x65c>
 8007c58:	aa04      	add	r2, sp, #16
 8007c5a:	230a      	movs	r3, #10
 8007c5c:	2100      	movs	r1, #0
 8007c5e:	2000      	movs	r0, #0
 8007c60:	9202      	str	r2, [sp, #8]
 8007c62:	f7ff fb57 	bl	8007314 <__ultoa_invert>
 8007c66:	9a02      	ldr	r2, [sp, #8]
 8007c68:	1a81      	subs	r1, r0, r2
 8007c6a:	460b      	mov	r3, r1
 8007c6c:	e629      	b.n	80078c2 <__l_vfprintf+0x4b2>
 8007c6e:	ea5f 77cc 	movs.w	r7, ip, lsl #31
 8007c72:	4660      	mov	r0, ip
 8007c74:	d532      	bpl.n	8007cdc <__l_vfprintf+0x8cc>
 8007c76:	458a      	cmp	sl, r1
 8007c78:	ebaa 0001 	sub.w	r0, sl, r1
 8007c7c:	dd6d      	ble.n	8007d5a <__l_vfprintf+0x94a>
 8007c7e:	eb03 0b00 	add.w	fp, r3, r0
 8007c82:	4610      	mov	r0, r2
 8007c84:	4682      	mov	sl, r0
 8007c86:	e62d      	b.n	80078e4 <__l_vfprintf+0x4d4>
 8007c88:	05ba      	lsls	r2, r7, #22
 8007c8a:	bf4b      	itete	mi
 8007c8c:	b258      	sxtbmi	r0, r3
 8007c8e:	b218      	sxthpl	r0, r3
 8007c90:	f343 13c0 	sbfxmi	r3, r3, #7, #1
 8007c94:	f343 33c0 	sbfxpl	r3, r3, #15, #1
 8007c98:	e5fb      	b.n	8007892 <__l_vfprintf+0x482>
 8007c9a:	9a00      	ldr	r2, [sp, #0]
 8007c9c:	07d0      	lsls	r0, r2, #31
 8007c9e:	d556      	bpl.n	8007d4e <__l_vfprintf+0x93e>
 8007ca0:	4551      	cmp	r1, sl
 8007ca2:	ebaa 0201 	sub.w	r2, sl, r1
 8007ca6:	da5f      	bge.n	8007d68 <__l_vfprintf+0x958>
 8007ca8:	eb03 0b02 	add.w	fp, r3, r2
 8007cac:	46b2      	mov	sl, r6
 8007cae:	e74f      	b.n	8007b50 <__l_vfprintf+0x740>
 8007cb0:	f853 0b04 	ldr.w	r0, [r3], #4
 8007cb4:	9301      	str	r3, [sp, #4]
 8007cb6:	17c3      	asrs	r3, r0, #31
 8007cb8:	e5eb      	b.n	8007892 <__l_vfprintf+0x482>
 8007cba:	1c6e      	adds	r6, r5, #1
 8007cbc:	e6d6      	b.n	8007a6c <__l_vfprintf+0x65c>
 8007cbe:	0739      	lsls	r1, r7, #28
 8007cc0:	d56c      	bpl.n	8007d9c <__l_vfprintf+0x98c>
 8007cc2:	ebaa 0a03 	sub.w	sl, sl, r3
 8007cc6:	e647      	b.n	8007958 <__l_vfprintf+0x548>
 8007cc8:	9a00      	ldr	r2, [sp, #0]
 8007cca:	07d2      	lsls	r2, r2, #31
 8007ccc:	d552      	bpl.n	8007d74 <__l_vfprintf+0x964>
 8007cce:	4551      	cmp	r1, sl
 8007cd0:	ebaa 0001 	sub.w	r0, sl, r1
 8007cd4:	db44      	blt.n	8007d60 <__l_vfprintf+0x950>
 8007cd6:	4682      	mov	sl, r0
 8007cd8:	469b      	mov	fp, r3
 8007cda:	e739      	b.n	8007b50 <__l_vfprintf+0x740>
 8007cdc:	458a      	cmp	sl, r1
 8007cde:	dc91      	bgt.n	8007c04 <__l_vfprintf+0x7f4>
 8007ce0:	e5fe      	b.n	80078e0 <__l_vfprintf+0x4d0>
 8007ce2:	aa04      	add	r2, sp, #16
 8007ce4:	230a      	movs	r3, #10
 8007ce6:	2000      	movs	r0, #0
 8007ce8:	2100      	movs	r1, #0
 8007cea:	9202      	str	r2, [sp, #8]
 8007cec:	f7ff fb12 	bl	8007314 <__ultoa_invert>
 8007cf0:	9a02      	ldr	r2, [sp, #8]
 8007cf2:	1a83      	subs	r3, r0, r2
 8007cf4:	e76b      	b.n	8007bce <__l_vfprintf+0x7be>
 8007cf6:	f1ba 0f00 	cmp.w	sl, #0
 8007cfa:	f77f ae2b 	ble.w	8007954 <__l_vfprintf+0x544>
 8007cfe:	f027 0717 	bic.w	r7, r7, #23
 8007d02:	b2bb      	uxth	r3, r7
 8007d04:	9300      	str	r3, [sp, #0]
 8007d06:	4659      	mov	r1, fp
 8007d08:	465b      	mov	r3, fp
 8007d0a:	e77b      	b.n	8007c04 <__l_vfprintf+0x7f4>
 8007d0c:	06fa      	lsls	r2, r7, #27
 8007d0e:	d540      	bpl.n	8007d92 <__l_vfprintf+0x982>
 8007d10:	0738      	lsls	r0, r7, #28
 8007d12:	f10b 0102 	add.w	r1, fp, #2
 8007d16:	f53f af46 	bmi.w	8007ba6 <__l_vfprintf+0x796>
 8007d1a:	458a      	cmp	sl, r1
 8007d1c:	f73f af72 	bgt.w	8007c04 <__l_vfprintf+0x7f4>
 8007d20:	ebaa 0a01 	sub.w	sl, sl, r1
 8007d24:	2030      	movs	r0, #48	@ 0x30
 8007d26:	4641      	mov	r1, r8
 8007d28:	9300      	str	r3, [sp, #0]
 8007d2a:	47c8      	blx	r9
 8007d2c:	2800      	cmp	r0, #0
 8007d2e:	9b00      	ldr	r3, [sp, #0]
 8007d30:	f6bf af19 	bge.w	8007b66 <__l_vfprintf+0x756>
 8007d34:	e4a1      	b.n	800767a <__l_vfprintf+0x26a>
 8007d36:	465a      	mov	r2, fp
 8007d38:	f001 0008 	and.w	r0, r1, #8
 8007d3c:	b281      	uxth	r1, r0
 8007d3e:	2800      	cmp	r0, #0
 8007d40:	f43f af1c 	beq.w	8007b7c <__l_vfprintf+0x76c>
 8007d44:	ebaa 0a0b 	sub.w	sl, sl, fp
 8007d48:	462e      	mov	r6, r5
 8007d4a:	4693      	mov	fp, r2
 8007d4c:	e68e      	b.n	8007a6c <__l_vfprintf+0x65c>
 8007d4e:	4551      	cmp	r1, sl
 8007d50:	f6ff af58 	blt.w	8007c04 <__l_vfprintf+0x7f4>
 8007d54:	e67e      	b.n	8007a54 <__l_vfprintf+0x644>
 8007d56:	4619      	mov	r1, r3
 8007d58:	e5b3      	b.n	80078c2 <__l_vfprintf+0x4b2>
 8007d5a:	469b      	mov	fp, r3
 8007d5c:	4682      	mov	sl, r0
 8007d5e:	e5c1      	b.n	80078e4 <__l_vfprintf+0x4d4>
 8007d60:	2110      	movs	r1, #16
 8007d62:	e6ee      	b.n	8007b42 <__l_vfprintf+0x732>
 8007d64:	4619      	mov	r1, r3
 8007d66:	e727      	b.n	8007bb8 <__l_vfprintf+0x7a8>
 8007d68:	4692      	mov	sl, r2
 8007d6a:	469b      	mov	fp, r3
 8007d6c:	e6f0      	b.n	8007b50 <__l_vfprintf+0x740>
 8007d6e:	4635      	mov	r5, r6
 8007d70:	aa04      	add	r2, sp, #16
 8007d72:	e5f1      	b.n	8007958 <__l_vfprintf+0x548>
 8007d74:	4551      	cmp	r1, sl
 8007d76:	f6ff af45 	blt.w	8007c04 <__l_vfprintf+0x7f4>
 8007d7a:	e714      	b.n	8007ba6 <__l_vfprintf+0x796>
 8007d7c:	459a      	cmp	sl, r3
 8007d7e:	bfd8      	it	le
 8007d80:	ebaa 0a03 	suble.w	sl, sl, r3
 8007d84:	f77f af66 	ble.w	8007c54 <__l_vfprintf+0x844>
 8007d88:	4619      	mov	r1, r3
 8007d8a:	e73b      	b.n	8007c04 <__l_vfprintf+0x7f4>
 8007d8c:	462e      	mov	r6, r5
 8007d8e:	468a      	mov	sl, r1
 8007d90:	e66c      	b.n	8007a6c <__l_vfprintf+0x65c>
 8007d92:	9900      	ldr	r1, [sp, #0]
 8007d94:	465a      	mov	r2, fp
 8007d96:	f001 0008 	and.w	r0, r1, #8
 8007d9a:	e7cf      	b.n	8007d3c <__l_vfprintf+0x92c>
 8007d9c:	4619      	mov	r1, r3
 8007d9e:	e72e      	b.n	8007bfe <__l_vfprintf+0x7ee>
 8007da0:	45d3      	cmp	fp, sl
 8007da2:	da09      	bge.n	8007db8 <__l_vfprintf+0x9a8>
 8007da4:	4659      	mov	r1, fp
 8007da6:	4693      	mov	fp, r2
 8007da8:	e72c      	b.n	8007c04 <__l_vfprintf+0x7f4>
 8007daa:	ebaa 0a01 	sub.w	sl, sl, r1
 8007dae:	462e      	mov	r6, r5
 8007db0:	e65c      	b.n	8007a6c <__l_vfprintf+0x65c>
 8007db2:	465a      	mov	r2, fp
 8007db4:	468b      	mov	fp, r1
 8007db6:	e7c1      	b.n	8007d3c <__l_vfprintf+0x92c>
 8007db8:	ebaa 0a0b 	sub.w	sl, sl, fp
 8007dbc:	462e      	mov	r6, r5
 8007dbe:	4693      	mov	fp, r2
 8007dc0:	e654      	b.n	8007a6c <__l_vfprintf+0x65c>
 8007dc2:	bf00      	nop

08007dc4 <__file_str_put>:
 8007dc4:	e9d1 3204 	ldrd	r3, r2, [r1, #16]
 8007dc8:	4293      	cmp	r3, r2
 8007dca:	d002      	beq.n	8007dd2 <__file_str_put+0xe>
 8007dcc:	1c5a      	adds	r2, r3, #1
 8007dce:	610a      	str	r2, [r1, #16]
 8007dd0:	7018      	strb	r0, [r3, #0]
 8007dd2:	4770      	bx	lr

08007dd4 <_OffsetAbsSyms>:

#include <gen_offset.h>

#include "offsets_aarch32.c"

GEN_ABS_SYM_END
 8007dd4:	4770      	bx	lr

08007dd6 <k_msleep>:
{
 8007dd6:	b508      	push	{r3, lr}
	return k_sleep(Z_TIMEOUT_MS(ms));
 8007dd8:	ea20 73e0 	bic.w	r3, r0, r0, asr #31
 8007ddc:	17d9      	asrs	r1, r3, #31
 8007dde:	008a      	lsls	r2, r1, #2
 8007de0:	ea42 7293 	orr.w	r2, r2, r3, lsr #30
 8007de4:	0098      	lsls	r0, r3, #2
 8007de6:	18c0      	adds	r0, r0, r3
 8007de8:	eb41 0102 	adc.w	r1, r1, r2
 8007dec:	1800      	adds	r0, r0, r0
 8007dee:	4149      	adcs	r1, r1
	return z_impl_k_sleep(timeout);
 8007df0:	f7fe fc0e 	bl	8006610 <z_impl_k_sleep>
}
 8007df4:	bd08      	pop	{r3, pc}

08007df6 <convlum>:
}
 8007df6:	4770      	bx	lr

08007df8 <convtemp>:
}
 8007df8:	4770      	bx	lr

08007dfa <z_impl_gpio_pin_configure>:
{
 8007dfa:	b538      	push	{r3, r4, r5, lr}
 8007dfc:	4613      	mov	r3, r2
	const struct gpio_driver_api *api =
 8007dfe:	6885      	ldr	r5, [r0, #8]
	struct gpio_driver_data *data =
 8007e00:	6904      	ldr	r4, [r0, #16]
	if (((flags & GPIO_OUTPUT_INIT_LOGICAL) != 0)
 8007e02:	f412 1f80 	tst.w	r2, #1048576	@ 0x100000
 8007e06:	d007      	beq.n	8007e18 <z_impl_gpio_pin_configure+0x1e>
	    && ((flags & (GPIO_OUTPUT_INIT_LOW | GPIO_OUTPUT_INIT_HIGH)) != 0)
 8007e08:	f412 2f40 	tst.w	r2, #786432	@ 0xc0000
 8007e0c:	d004      	beq.n	8007e18 <z_impl_gpio_pin_configure+0x1e>
	    && ((flags & GPIO_ACTIVE_LOW) != 0)) {
 8007e0e:	f012 0f01 	tst.w	r2, #1
 8007e12:	d001      	beq.n	8007e18 <z_impl_gpio_pin_configure+0x1e>
		flags ^= GPIO_OUTPUT_INIT_LOW | GPIO_OUTPUT_INIT_HIGH;
 8007e14:	f482 2340 	eor.w	r3, r2, #786432	@ 0xc0000
	flags &= ~GPIO_OUTPUT_INIT_LOGICAL;
 8007e18:	f423 1280 	bic.w	r2, r3, #1048576	@ 0x100000
	if ((flags & GPIO_ACTIVE_LOW) != 0) {
 8007e1c:	f013 0f01 	tst.w	r3, #1
 8007e20:	d00a      	beq.n	8007e38 <z_impl_gpio_pin_configure+0x3e>
		data->invert |= (gpio_port_pins_t)BIT(pin);
 8007e22:	6823      	ldr	r3, [r4, #0]
 8007e24:	f04f 0c01 	mov.w	ip, #1
 8007e28:	fa0c fc01 	lsl.w	ip, ip, r1
 8007e2c:	ea43 030c 	orr.w	r3, r3, ip
 8007e30:	6023      	str	r3, [r4, #0]
	ret = api->pin_configure(port, pin, flags);
 8007e32:	682b      	ldr	r3, [r5, #0]
 8007e34:	4798      	blx	r3
}
 8007e36:	bd38      	pop	{r3, r4, r5, pc}
		data->invert &= ~(gpio_port_pins_t)BIT(pin);
 8007e38:	6823      	ldr	r3, [r4, #0]
 8007e3a:	f04f 0c01 	mov.w	ip, #1
 8007e3e:	fa0c fc01 	lsl.w	ip, ip, r1
 8007e42:	ea23 030c 	bic.w	r3, r3, ip
 8007e46:	6023      	str	r3, [r4, #0]
 8007e48:	e7f3      	b.n	8007e32 <z_impl_gpio_pin_configure+0x38>

08007e4a <gpio_pin_configure_dt>:
{
 8007e4a:	b508      	push	{r3, lr}
 8007e4c:	4603      	mov	r3, r0
 8007e4e:	468c      	mov	ip, r1
	return gpio_pin_configure(spec->port,
 8007e50:	6800      	ldr	r0, [r0, #0]
				  spec->pin,
 8007e52:	7919      	ldrb	r1, [r3, #4]
				  spec->dt_flags | extra_flags);
 8007e54:	88da      	ldrh	r2, [r3, #6]
	return gpio_pin_configure(spec->port,
 8007e56:	ea42 020c 	orr.w	r2, r2, ip
		union { uintptr_t x; gpio_flags_t val; } parm2 = { .val = flags };
		return (int) arch_syscall_invoke3(parm0.x, parm1.x, parm2.x, K_SYSCALL_GPIO_PIN_CONFIGURE);
	}
#endif
	compiler_barrier();
	return z_impl_gpio_pin_configure(port, pin, flags);
 8007e5a:	f7ff ffce 	bl	8007dfa <z_impl_gpio_pin_configure>
}
 8007e5e:	bd08      	pop	{r3, pc}

08007e60 <gpio_port_get>:
{
 8007e60:	b538      	push	{r3, r4, r5, lr}
 8007e62:	460c      	mov	r4, r1
	const struct gpio_driver_data *const data =
 8007e64:	6905      	ldr	r5, [r0, #16]
	const struct gpio_driver_api *api = (const struct gpio_driver_api *)port->api;
 8007e66:	6883      	ldr	r3, [r0, #8]
	ret = api->port_get_raw(port, value);
 8007e68:	685b      	ldr	r3, [r3, #4]
 8007e6a:	4798      	blx	r3
	if (ret == 0) {
 8007e6c:	b918      	cbnz	r0, 8007e76 <gpio_port_get+0x16>
		*value ^= data->invert;
 8007e6e:	6823      	ldr	r3, [r4, #0]
 8007e70:	682a      	ldr	r2, [r5, #0]
 8007e72:	4053      	eors	r3, r2
 8007e74:	6023      	str	r3, [r4, #0]
}
 8007e76:	bd38      	pop	{r3, r4, r5, pc}

08007e78 <gpio_pin_get>:
{
 8007e78:	b510      	push	{r4, lr}
 8007e7a:	b082      	sub	sp, #8
 8007e7c:	460c      	mov	r4, r1
	ret = gpio_port_get(port, &value);
 8007e7e:	a901      	add	r1, sp, #4
 8007e80:	f7ff ffee 	bl	8007e60 <gpio_port_get>
	if (ret == 0) {
 8007e84:	4603      	mov	r3, r0
 8007e86:	b930      	cbnz	r0, 8007e96 <gpio_pin_get+0x1e>
		ret = (value & (gpio_port_pins_t)BIT(pin)) != 0 ? 1 : 0;
 8007e88:	2301      	movs	r3, #1
 8007e8a:	40a3      	lsls	r3, r4
 8007e8c:	9a01      	ldr	r2, [sp, #4]
 8007e8e:	4013      	ands	r3, r2
 8007e90:	3b00      	subs	r3, #0
 8007e92:	bf18      	it	ne
 8007e94:	2301      	movne	r3, #1
}
 8007e96:	4618      	mov	r0, r3
 8007e98:	b002      	add	sp, #8
 8007e9a:	bd10      	pop	{r4, pc}

08007e9c <gpio_pin_set_raw>:
{
 8007e9c:	b508      	push	{r3, lr}
	if (value != 0)	{
 8007e9e:	b132      	cbz	r2, 8007eae <gpio_pin_set_raw+0x12>
		ret = gpio_port_set_bits_raw(port, (gpio_port_pins_t)BIT(pin));
 8007ea0:	2301      	movs	r3, #1
 8007ea2:	fa03 f101 	lsl.w	r1, r3, r1
	const struct gpio_driver_api *api =
 8007ea6:	6883      	ldr	r3, [r0, #8]
	ret = api->port_set_bits_raw(port, pins);
 8007ea8:	68db      	ldr	r3, [r3, #12]
 8007eaa:	4798      	blx	r3
}
 8007eac:	bd08      	pop	{r3, pc}
		ret = gpio_port_clear_bits_raw(port, (gpio_port_pins_t)BIT(pin));
 8007eae:	2301      	movs	r3, #1
 8007eb0:	fa03 f101 	lsl.w	r1, r3, r1
	const struct gpio_driver_api *api =
 8007eb4:	6883      	ldr	r3, [r0, #8]
	ret = api->port_clear_bits_raw(port, pins);
 8007eb6:	691b      	ldr	r3, [r3, #16]
 8007eb8:	4798      	blx	r3
	return ret;
 8007eba:	e7f7      	b.n	8007eac <gpio_pin_set_raw+0x10>

08007ebc <gpio_pin_set>:
{
 8007ebc:	b510      	push	{r4, lr}
	const struct gpio_driver_data *const data =
 8007ebe:	6903      	ldr	r3, [r0, #16]
	if (data->invert & (gpio_port_pins_t)BIT(pin)) {
 8007ec0:	681c      	ldr	r4, [r3, #0]
 8007ec2:	2301      	movs	r3, #1
 8007ec4:	408b      	lsls	r3, r1
 8007ec6:	421c      	tst	r4, r3
 8007ec8:	d002      	beq.n	8007ed0 <gpio_pin_set+0x14>
		value = (value != 0) ? 0 : 1;
 8007eca:	fab2 f282 	clz	r2, r2
 8007ece:	0952      	lsrs	r2, r2, #5
	return gpio_pin_set_raw(port, pin, value);
 8007ed0:	f7ff ffe4 	bl	8007e9c <gpio_pin_set_raw>
}
 8007ed4:	bd10      	pop	{r4, pc}

08007ed6 <free_list_add_bidx>:
		free_list_remove_bidx(h, c, bidx);
	}
}

static void free_list_add_bidx(struct z_heap *h, chunkid_t c, int bidx)
{
 8007ed6:	b510      	push	{r4, lr}
	struct z_heap_bucket *b = &h->buckets[bidx];

	if (b->next == 0U) {
 8007ed8:	1d13      	adds	r3, r2, #4
 8007eda:	f850 4023 	ldr.w	r4, [r0, r3, lsl #2]
 8007ede:	b974      	cbnz	r4, 8007efe <free_list_add_bidx+0x28>
		CHECK((h->avail_buckets & BIT(bidx)) == 0);

		/* Empty list, first item */
		h->avail_buckets |= BIT(bidx);
 8007ee0:	68c3      	ldr	r3, [r0, #12]
 8007ee2:	2401      	movs	r4, #1
 8007ee4:	4094      	lsls	r4, r2
 8007ee6:	4323      	orrs	r3, r4
 8007ee8:	60c3      	str	r3, [r0, #12]
		b->next = c;
 8007eea:	3204      	adds	r2, #4
 8007eec:	f840 1022 	str.w	r1, [r0, r2, lsl #2]
			     enum chunk_fields f, chunkid_t val)
{
	CHECK(c <= h->end_chunk);

	chunk_unit_t *buf = chunk_buf(h);
	void *cmem = &buf[c];
 8007ef0:	00cb      	lsls	r3, r1, #3
	if (big_heap(h)) {
		CHECK(val == (uint32_t)val);
		((uint32_t *)cmem)[f] = val;
	} else {
		CHECK(val == (uint16_t)val);
		((uint16_t *)cmem)[f] = val;
 8007ef2:	1d1a      	adds	r2, r3, #4
 8007ef4:	b289      	uxth	r1, r1
 8007ef6:	5281      	strh	r1, [r0, r2]
 8007ef8:	3306      	adds	r3, #6
 8007efa:	52c1      	strh	r1, [r0, r3]
	}

#ifdef CONFIG_SYS_HEAP_RUNTIME_STATS
	h->free_bytes += chunk_usable_bytes(h, c);
#endif
}
 8007efc:	bd10      	pop	{r4, pc}
	void *cmem = &buf[c];
 8007efe:	00e2      	lsls	r2, r4, #3
		return ((uint16_t *)cmem)[f];
 8007f00:	3204      	adds	r2, #4
 8007f02:	5a83      	ldrh	r3, [r0, r2]
	void *cmem = &buf[c];
 8007f04:	ea4f 0cc1 	mov.w	ip, r1, lsl #3
		((uint16_t *)cmem)[f] = val;
 8007f08:	f10c 0e04 	add.w	lr, ip, #4
 8007f0c:	f820 300e 	strh.w	r3, [r0, lr]
 8007f10:	f10c 0c06 	add.w	ip, ip, #6
 8007f14:	f820 400c 	strh.w	r4, [r0, ip]
	void *cmem = &buf[c];
 8007f18:	00db      	lsls	r3, r3, #3
		((uint16_t *)cmem)[f] = val;
 8007f1a:	3306      	adds	r3, #6
 8007f1c:	b289      	uxth	r1, r1
 8007f1e:	52c1      	strh	r1, [r0, r3]
 8007f20:	5281      	strh	r1, [r0, r2]
 8007f22:	e7eb      	b.n	8007efc <free_list_add_bidx+0x26>

08007f24 <free_list_add>:

static void free_list_add(struct z_heap *h, chunkid_t c)
{
 8007f24:	b508      	push	{r3, lr}
		return ((uint16_t *)cmem)[f];
 8007f26:	eb00 03c1 	add.w	r3, r0, r1, lsl #3
 8007f2a:	885a      	ldrh	r2, [r3, #2]
	return chunk_field(h, c, SIZE_AND_USED) & 1U;
}

static inline chunksz_t chunk_size(struct z_heap *h, chunkid_t c)
{
	return chunk_field(h, c, SIZE_AND_USED) >> 1;
 8007f2c:	0852      	lsrs	r2, r2, #1
}

static inline int bucket_idx(struct z_heap *h, chunksz_t sz)
{
	unsigned int usable_sz = sz - min_chunk_size(h) + 1;
	return 31 - __builtin_clz(usable_sz);
 8007f2e:	fab2 f282 	clz	r2, r2
	if (!undersized_chunk(h, c)) {
		int bidx = bucket_idx(h, chunk_size(h, c));
		free_list_add_bidx(h, c, bidx);
 8007f32:	f1c2 021f 	rsb	r2, r2, #31
 8007f36:	f7ff ffce 	bl	8007ed6 <free_list_add_bidx>
	}
}
 8007f3a:	bd08      	pop	{r3, pc}

08007f3c <sys_heap_init>:
	}
	return ptr2;
}

void sys_heap_init(struct sys_heap *heap, void *mem, size_t bytes)
{
 8007f3c:	b570      	push	{r4, r5, r6, lr}
 8007f3e:	4603      	mov	r3, r0
		__ASSERT(bytes / CHUNK_UNIT <= 0x7fffffffU, "heap size is too big");
	}

	/* Reserve the end marker chunk's header */
	__ASSERT(bytes > heap_footer_bytes(bytes), "heap size is too small");
	bytes -= heap_footer_bytes(bytes);
 8007f40:	3a04      	subs	r2, #4

	/* Round the start up, the end down */
	uintptr_t addr = ROUND_UP(mem, CHUNK_UNIT);
 8007f42:	1dc8      	adds	r0, r1, #7
 8007f44:	f020 0007 	bic.w	r0, r0, #7
	uintptr_t end = ROUND_DOWN((uint8_t *)mem + bytes, CHUNK_UNIT);
 8007f48:	440a      	add	r2, r1
 8007f4a:	f022 0207 	bic.w	r2, r2, #7
	chunksz_t heap_sz = (end - addr) / CHUNK_UNIT;
 8007f4e:	1a12      	subs	r2, r2, r0
 8007f50:	08d5      	lsrs	r5, r2, #3

	CHECK(end > addr);
	__ASSERT(heap_sz > chunksz(sizeof(struct z_heap)), "heap size is too small");

	struct z_heap *h = (struct z_heap *)addr;
	heap->heap = h;
 8007f52:	6018      	str	r0, [r3, #0]
	h->end_chunk = heap_sz;
 8007f54:	6085      	str	r5, [r0, #8]
	h->avail_buckets = 0;
 8007f56:	2300      	movs	r3, #0
 8007f58:	60c3      	str	r3, [r0, #12]
 8007f5a:	fab5 f185 	clz	r1, r5

#if CONFIG_SYS_HEAP_ARRAY_SIZE
	sys_heap_array_save(heap);
#endif

	int nb_buckets = bucket_idx(h, heap_sz) + 1;
 8007f5e:	f1c1 0e20 	rsb	lr, r1, #32
	chunksz_t chunk0_size = chunksz(sizeof(struct z_heap) +
 8007f62:	f1c1 0124 	rsb	r1, r1, #36	@ 0x24
				     nb_buckets * sizeof(struct z_heap_bucket)) +
 8007f66:	0089      	lsls	r1, r1, #2
	return (bytes + CHUNK_UNIT - 1U) / CHUNK_UNIT;
 8007f68:	1dce      	adds	r6, r1, #7
 8007f6a:	08f1      	lsrs	r1, r6, #3
				CHUNK_TRAILER_SIZE;

	__ASSERT(chunk0_size + min_chunk_size(h) <= heap_sz, "heap size is too small");

	for (int i = 0; i < nb_buckets; i++) {
 8007f6c:	e005      	b.n	8007f7a <sys_heap_init+0x3e>
		h->buckets[i].next = 0;
 8007f6e:	f103 0c04 	add.w	ip, r3, #4
 8007f72:	2400      	movs	r4, #0
 8007f74:	f840 402c 	str.w	r4, [r0, ip, lsl #2]
	for (int i = 0; i < nb_buckets; i++) {
 8007f78:	3301      	adds	r3, #1
 8007f7a:	4573      	cmp	r3, lr
 8007f7c:	dbf7      	blt.n	8007f6e <sys_heap_init+0x32>
		((uint16_t *)cmem)[f] = val;
 8007f7e:	fa1f fe81 	uxth.w	lr, r1
 8007f82:	ea4f 044e 	mov.w	r4, lr, lsl #1
 8007f86:	b2a4      	uxth	r4, r4
 8007f88:	8044      	strh	r4, [r0, #2]
 8007f8a:	f04f 0c00 	mov.w	ip, #0
 8007f8e:	f8a0 c000 	strh.w	ip, [r0]
			((uint16_t *)cmem)[SIZE_AND_USED] |= 1U;
 8007f92:	f044 0401 	orr.w	r4, r4, #1
 8007f96:	8044      	strh	r4, [r0, #2]
	if (SYS_HEAP_HARDENING_FULL) {
		set_chunk_canary(h, 0);
	}

	/* chunk containing the free heap */
	set_chunk_size(h, chunk0_size, heap_sz - chunk0_size);
 8007f98:	1a6b      	subs	r3, r5, r1
	void *cmem = &buf[c];
 8007f9a:	f026 0407 	bic.w	r4, r6, #7
		((uint16_t *)cmem)[f] = val;
 8007f9e:	1ca5      	adds	r5, r4, #2
 8007fa0:	b29b      	uxth	r3, r3
 8007fa2:	005e      	lsls	r6, r3, #1
 8007fa4:	5346      	strh	r6, [r0, r5]
 8007fa6:	f820 e004 	strh.w	lr, [r0, r4]
	void *cmem = &buf[c];
 8007faa:	f022 0407 	bic.w	r4, r2, #7
		((uint16_t *)cmem)[f] = val;
 8007fae:	1c95      	adds	r5, r2, #2
 8007fb0:	f820 c005 	strh.w	ip, [r0, r5]
 8007fb4:	4402      	add	r2, r0
 8007fb6:	5303      	strh	r3, [r0, r4]
			((uint16_t *)cmem)[SIZE_AND_USED] |= 1U;
 8007fb8:	8853      	ldrh	r3, [r2, #2]
 8007fba:	f043 0301 	orr.w	r3, r3, #1
 8007fbe:	8053      	strh	r3, [r2, #2]
	/* the end marker chunk */
	set_chunk_size(h, heap_sz, 0);
	set_left_chunk_size(h, heap_sz, heap_sz - chunk0_size);
	set_chunk_used(h, heap_sz, true);

	free_list_add(h, chunk0_size);
 8007fc0:	f7ff ffb0 	bl	8007f24 <free_list_add>
}
 8007fc4:	bd70      	pop	{r4, r5, r6, pc}

08007fc6 <cbprintf_via_va_list>:
{
 8007fc6:	b510      	push	{r4, lr}
 8007fc8:	460c      	mov	r4, r1
 8007fca:	4611      	mov	r1, r2
 8007fcc:	461a      	mov	r2, r3
	return formatter(out, ctx, fmt, u.ap);
 8007fce:	9b02      	ldr	r3, [sp, #8]
 8007fd0:	47a0      	blx	r4
}
 8007fd2:	bd10      	pop	{r4, pc}

08007fd4 <is_fmt_spec>:
	return (c >= 64) && (c <= 122);
 8007fd4:	3840      	subs	r0, #64	@ 0x40
 8007fd6:	b2c0      	uxtb	r0, r0
}
 8007fd8:	283a      	cmp	r0, #58	@ 0x3a
 8007fda:	bf8c      	ite	hi
 8007fdc:	2000      	movhi	r0, #0
 8007fde:	2001      	movls	r0, #1
 8007fe0:	4770      	bx	lr

08007fe2 <get_package_len>:
{
 8007fe2:	b5f8      	push	{r3, r4, r5, r6, r7, lr}
 8007fe4:	4606      	mov	r6, r0
	args_size = buf[0] * sizeof(int);
 8007fe6:	7803      	ldrb	r3, [r0, #0]
	s_nbr     = buf[1];
 8007fe8:	7845      	ldrb	r5, [r0, #1]
	ros_nbr   = buf[2];
 8007fea:	7884      	ldrb	r4, [r0, #2]
	buf += ros_nbr;
 8007fec:	eb04 0483 	add.w	r4, r4, r3, lsl #2
 8007ff0:	4404      	add	r4, r0
	for (unsigned int i = 0; i < s_nbr; i++) {
 8007ff2:	2700      	movs	r7, #0
 8007ff4:	e006      	b.n	8008004 <get_package_len+0x22>
		buf++;
 8007ff6:	3401      	adds	r4, #1
		buf += strlen((const char *)buf) + 1;
 8007ff8:	4620      	mov	r0, r4
 8007ffa:	f7f8 f8c1 	bl	8000180 <strlen>
 8007ffe:	3001      	adds	r0, #1
 8008000:	4404      	add	r4, r0
	for (unsigned int i = 0; i < s_nbr; i++) {
 8008002:	3701      	adds	r7, #1
 8008004:	42af      	cmp	r7, r5
 8008006:	d3f6      	bcc.n	8007ff6 <get_package_len+0x14>
}
 8008008:	1ba0      	subs	r0, r4, r6
 800800a:	bdf8      	pop	{r3, r4, r5, r6, r7, pc}

0800800c <append_string>:
{
 800800c:	b570      	push	{r4, r5, r6, lr}
 800800e:	4614      	mov	r4, r2
	if (cb == NULL) {
 8008010:	b168      	cbz	r0, 800802e <append_string+0x22>
 8008012:	460d      	mov	r5, r1
 8008014:	4619      	mov	r1, r3
 8008016:	4606      	mov	r6, r0
	strl = strl > 0 ? strl : strlen(str) + 1;
 8008018:	b92b      	cbnz	r3, 8008026 <append_string+0x1a>
 800801a:	4610      	mov	r0, r2
 800801c:	f7f8 f8b0 	bl	8000180 <strlen>
 8008020:	b283      	uxth	r3, r0
 8008022:	3301      	adds	r3, #1
 8008024:	b299      	uxth	r1, r3
	return cb(str, strl, ctx);
 8008026:	462a      	mov	r2, r5
 8008028:	4620      	mov	r0, r4
 800802a:	47b0      	blx	r6
}
 800802c:	bd70      	pop	{r4, r5, r6, pc}
		return 1 + strlen(str);
 800802e:	4610      	mov	r0, r2
 8008030:	f7f8 f8a6 	bl	8000180 <strlen>
 8008034:	3001      	adds	r0, #1
 8008036:	e7f9      	b.n	800802c <append_string+0x20>

08008038 <cbpprintf_external>:
	if (buf == NULL) {
 8008038:	b35b      	cbz	r3, 8008092 <cbpprintf_external+0x5a>
{
 800803a:	e92d 47f0 	stmdb	sp!, {r4, r5, r6, r7, r8, r9, sl, lr}
 800803e:	b082      	sub	sp, #8
 8008040:	4607      	mov	r7, r0
 8008042:	4688      	mov	r8, r1
 8008044:	4691      	mov	r9, r2
 8008046:	461d      	mov	r5, r3
	args_size = hdr->hdr.desc.len * sizeof(int);
 8008048:	781a      	ldrb	r2, [r3, #0]
	s_nbr     = hdr->hdr.desc.str_cnt;
 800804a:	785e      	ldrb	r6, [r3, #1]
	ros_nbr   = hdr->hdr.desc.ro_str_cnt;
 800804c:	789c      	ldrb	r4, [r3, #2]
	rws_nbr   = hdr->hdr.desc.rw_str_cnt;
 800804e:	78db      	ldrb	r3, [r3, #3]
	s = (char *)(buf + args_size + ros_nbr + 2 * rws_nbr);
 8008050:	eb04 0482 	add.w	r4, r4, r2, lsl #2
 8008054:	eb04 0443 	add.w	r4, r4, r3, lsl #1
 8008058:	442c      	add	r4, r5
	for (i = 0; i < s_nbr; i++) {
 800805a:	f04f 0a00 	mov.w	sl, #0
 800805e:	e00a      	b.n	8008076 <cbpprintf_external+0x3e>
		s_idx = *(uint8_t *)s;
 8008060:	f814 3b01 	ldrb.w	r3, [r4], #1
		*ps = s;
 8008064:	f845 4023 	str.w	r4, [r5, r3, lsl #2]
		s += strlen(s) + 1;
 8008068:	4620      	mov	r0, r4
 800806a:	f7f8 f889 	bl	8000180 <strlen>
 800806e:	3001      	adds	r0, #1
 8008070:	4404      	add	r4, r0
	for (i = 0; i < s_nbr; i++) {
 8008072:	f10a 0a01 	add.w	sl, sl, #1
 8008076:	45b2      	cmp	sl, r6
 8008078:	d3f2      	bcc.n	8008060 <cbpprintf_external+0x28>
	buf += sizeof(*hdr);
 800807a:	f105 0308 	add.w	r3, r5, #8
	return cbprintf_via_va_list(out, formatter, ctx, hdr->fmt, buf);
 800807e:	9300      	str	r3, [sp, #0]
 8008080:	686b      	ldr	r3, [r5, #4]
 8008082:	464a      	mov	r2, r9
 8008084:	4641      	mov	r1, r8
 8008086:	4638      	mov	r0, r7
 8008088:	f7ff ff9d 	bl	8007fc6 <cbprintf_via_va_list>
}
 800808c:	b002      	add	sp, #8
 800808e:	e8bd 87f0 	ldmia.w	sp!, {r4, r5, r6, r7, r8, r9, sl, pc}
		return -EINVAL;
 8008092:	f06f 0015 	mvn.w	r0, #21
}
 8008096:	4770      	bx	lr

08008098 <is_ptr>:
{
 8008098:	e92d 41f0 	stmdb	sp!, {r4, r5, r6, r7, r8, lr}
 800809c:	4604      	mov	r4, r0
 800809e:	4688      	mov	r8, r1
	int cnt = 0;
 80080a0:	2700      	movs	r7, #0
	bool mod = false;
 80080a2:	463e      	mov	r6, r7
	while ((c = *fmt++) != '\0') {
 80080a4:	e007      	b.n	80080b6 <is_ptr+0x1e>
				if (c == 'p') {
 80080a6:	2d70      	cmp	r5, #112	@ 0x70
 80080a8:	d018      	beq.n	80080dc <is_ptr+0x44>
				} else if (is_fmt_spec(c)) {
 80080aa:	4628      	mov	r0, r5
 80080ac:	f7ff ff92 	bl	8007fd4 <is_fmt_spec>
 80080b0:	b9b8      	cbnz	r0, 80080e2 <is_ptr+0x4a>
		if (c == '%') {
 80080b2:	2d25      	cmp	r5, #37	@ 0x25
 80080b4:	d00e      	beq.n	80080d4 <is_ptr+0x3c>
	while ((c = *fmt++) != '\0') {
 80080b6:	f814 5b01 	ldrb.w	r5, [r4], #1
 80080ba:	b175      	cbz	r5, 80080da <is_ptr+0x42>
		if (mod) {
 80080bc:	2e00      	cmp	r6, #0
 80080be:	d0f8      	beq.n	80080b2 <is_ptr+0x1a>
			if (cnt == n) {
 80080c0:	4547      	cmp	r7, r8
 80080c2:	d0f0      	beq.n	80080a6 <is_ptr+0xe>
			} else if (is_fmt_spec(c)) {
 80080c4:	4628      	mov	r0, r5
 80080c6:	f7ff ff85 	bl	8007fd4 <is_fmt_spec>
 80080ca:	2800      	cmp	r0, #0
 80080cc:	d0f1      	beq.n	80080b2 <is_ptr+0x1a>
				cnt++;
 80080ce:	3701      	adds	r7, #1
				mod = false;
 80080d0:	2600      	movs	r6, #0
 80080d2:	e7ee      	b.n	80080b2 <is_ptr+0x1a>
			mod = !mod;
 80080d4:	f086 0601 	eor.w	r6, r6, #1
 80080d8:	e7ed      	b.n	80080b6 <is_ptr+0x1e>
	return false;
 80080da:	2600      	movs	r6, #0
}
 80080dc:	4630      	mov	r0, r6
 80080de:	e8bd 81f0 	ldmia.w	sp!, {r4, r5, r6, r7, r8, pc}
					return false;
 80080e2:	2600      	movs	r6, #0
 80080e4:	e7fa      	b.n	80080dc <is_ptr+0x44>

080080e6 <arch_printk_char_out>:
}
 80080e6:	2000      	movs	r0, #0
 80080e8:	4770      	bx	lr

080080ea <vprintk>:
	ARG_UNUSED(ctx_p);
	return _char_out(c);
}

void vprintk(const char *fmt, va_list ap)
{
 80080ea:	b508      	push	{r3, lr}
	if (IS_ENABLED(CONFIG_LOG_PRINTK)) {
		z_log_vprintk(fmt, ap);
 80080ec:	f000 fc33 	bl	8008956 <z_log_vprintk>

#ifdef CONFIG_PRINTK_SYNC
		k_spin_unlock(&lock, key);
#endif
	}
}
 80080f0:	bd08      	pop	{r3, pc}

080080f2 <printk>:
 *
 * @param fmt formatted string to output
 */

void printk(const char *fmt, ...)
{
 80080f2:	b40f      	push	{r0, r1, r2, r3}
 80080f4:	b500      	push	{lr}
 80080f6:	b083      	sub	sp, #12
 80080f8:	a904      	add	r1, sp, #16
 80080fa:	f851 0b04 	ldr.w	r0, [r1], #4
	va_list ap;

	va_start(ap, fmt);
 80080fe:	9101      	str	r1, [sp, #4]

	vprintk(fmt, ap);
 8008100:	f7ff fff3 	bl	80080ea <vprintk>

	va_end(ap);
}
 8008104:	b003      	add	sp, #12
 8008106:	f85d eb04 	ldr.w	lr, [sp], #4
 800810a:	b004      	add	sp, #16
 800810c:	4770      	bx	lr

0800810e <free_space>:
 * be more space available after wrapping.
 * @retval false When result is total free space.
 */
static inline bool free_space(struct mpsc_pbuf_buffer *buffer, uint32_t *res)
{
	if (buffer->flags & MPSC_PBUF_FULL) {
 800810e:	6903      	ldr	r3, [r0, #16]
 8008110:	f013 0f08 	tst.w	r3, #8
 8008114:	d108      	bne.n	8008128 <free_space+0x1a>
		*res = 0;
		return false;
	}

	if (buffer->rd_idx > buffer->tmp_wr_idx) {
 8008116:	68c3      	ldr	r3, [r0, #12]
 8008118:	6802      	ldr	r2, [r0, #0]
 800811a:	4293      	cmp	r3, r2
 800811c:	d807      	bhi.n	800812e <free_space+0x20>
		*res =  buffer->rd_idx - buffer->tmp_wr_idx;
		return false;
	}
	*res = buffer->size - buffer->tmp_wr_idx;
 800811e:	6a03      	ldr	r3, [r0, #32]
 8008120:	1a9b      	subs	r3, r3, r2
 8008122:	600b      	str	r3, [r1, #0]

	return true;
 8008124:	2001      	movs	r0, #1
}
 8008126:	4770      	bx	lr
		*res = 0;
 8008128:	2000      	movs	r0, #0
 800812a:	6008      	str	r0, [r1, #0]
		return false;
 800812c:	4770      	bx	lr
		*res =  buffer->rd_idx - buffer->tmp_wr_idx;
 800812e:	1a9b      	subs	r3, r3, r2
 8008130:	600b      	str	r3, [r1, #0]
		return false;
 8008132:	2000      	movs	r0, #0
 8008134:	4770      	bx	lr

08008136 <available>:
 * be more space available after wrapping.
 * @retval false When result is total free space.
 */
static inline bool available(struct mpsc_pbuf_buffer *buffer, uint32_t *res)
{
	if (buffer->flags & MPSC_PBUF_FULL || buffer->tmp_rd_idx > buffer->wr_idx) {
 8008136:	6903      	ldr	r3, [r0, #16]
 8008138:	f013 0f08 	tst.w	r3, #8
 800813c:	d107      	bne.n	800814e <available+0x18>
 800813e:	6882      	ldr	r2, [r0, #8]
 8008140:	6843      	ldr	r3, [r0, #4]
 8008142:	429a      	cmp	r2, r3
 8008144:	d803      	bhi.n	800814e <available+0x18>
		*res = buffer->size - buffer->tmp_rd_idx;
		return true;
	}

	*res = (buffer->wr_idx - buffer->tmp_rd_idx);
 8008146:	1a9b      	subs	r3, r3, r2
 8008148:	600b      	str	r3, [r1, #0]

	return false;
 800814a:	2000      	movs	r0, #0
}
 800814c:	4770      	bx	lr
		*res = buffer->size - buffer->tmp_rd_idx;
 800814e:	6a03      	ldr	r3, [r0, #32]
 8008150:	6882      	ldr	r2, [r0, #8]
 8008152:	1a9b      	subs	r3, r3, r2
 8008154:	600b      	str	r3, [r1, #0]
		return true;
 8008156:	2001      	movs	r0, #1
 8008158:	4770      	bx	lr

0800815a <get_usage>:

static inline uint32_t get_usage(struct mpsc_pbuf_buffer *buffer)
{
 800815a:	b510      	push	{r4, lr}
 800815c:	b082      	sub	sp, #8
 800815e:	4604      	mov	r4, r0
	uint32_t f;

	if (free_space(buffer, &f)) {
 8008160:	a901      	add	r1, sp, #4
 8008162:	f7ff ffd4 	bl	800810e <free_space>
 8008166:	b120      	cbz	r0, 8008172 <get_usage+0x18>
		f += (buffer->rd_idx - 1);
 8008168:	68e3      	ldr	r3, [r4, #12]
 800816a:	9a01      	ldr	r2, [sp, #4]
 800816c:	4413      	add	r3, r2
 800816e:	3b01      	subs	r3, #1
 8008170:	9301      	str	r3, [sp, #4]
	}

	return buffer->size - 1 - f;
 8008172:	6a20      	ldr	r0, [r4, #32]
 8008174:	9b01      	ldr	r3, [sp, #4]
 8008176:	1ac0      	subs	r0, r0, r3
}
 8008178:	3801      	subs	r0, #1
 800817a:	b002      	add	sp, #8
 800817c:	bd10      	pop	{r4, pc}

0800817e <max_utilization_update>:

static inline void max_utilization_update(struct mpsc_pbuf_buffer *buffer)
{
 800817e:	b538      	push	{r3, r4, r5, lr}
	if (!(buffer->flags & MPSC_PBUF_MAX_UTILIZATION)) {
 8008180:	6903      	ldr	r3, [r0, #16]
 8008182:	f013 0f04 	tst.w	r3, #4
 8008186:	d100      	bne.n	800818a <max_utilization_update+0xc>
		return;
	}

	buffer->max_usage = max(buffer->max_usage, get_usage(buffer));
}
 8008188:	bd38      	pop	{r3, r4, r5, pc}
 800818a:	4604      	mov	r4, r0
	buffer->max_usage = max(buffer->max_usage, get_usage(buffer));
 800818c:	6a45      	ldr	r5, [r0, #36]	@ 0x24
 800818e:	f7ff ffe4 	bl	800815a <get_usage>
 8008192:	42a8      	cmp	r0, r5
 8008194:	bf38      	it	cc
 8008196:	4628      	movcc	r0, r5
 8008198:	6260      	str	r0, [r4, #36]	@ 0x24
 800819a:	e7f5      	b.n	8008188 <max_utilization_update+0xa>

0800819c <rd_idx_inc>:
	}
}

static void rd_idx_inc(struct mpsc_pbuf_buffer *buffer, int32_t wlen)
{
	buffer->rd_idx = idx_inc(buffer, buffer->rd_idx, wlen);
 800819c:	68c3      	ldr	r3, [r0, #12]
	uint32_t i = idx + val;
 800819e:	4419      	add	r1, r3
	if (buffer->flags & MPSC_PBUF_SIZE_POW2) {
 80081a0:	6903      	ldr	r3, [r0, #16]
 80081a2:	f013 0f01 	tst.w	r3, #1
 80081a6:	d104      	bne.n	80081b2 <rd_idx_inc+0x16>
	return (i >= buffer->size) ? i - buffer->size : i;
 80081a8:	6a02      	ldr	r2, [r0, #32]
 80081aa:	4291      	cmp	r1, r2
 80081ac:	d304      	bcc.n	80081b8 <rd_idx_inc+0x1c>
 80081ae:	1a89      	subs	r1, r1, r2
 80081b0:	e002      	b.n	80081b8 <rd_idx_inc+0x1c>
		return i & (buffer->size - 1);
 80081b2:	6a02      	ldr	r2, [r0, #32]
 80081b4:	3a01      	subs	r2, #1
 80081b6:	4011      	ands	r1, r2
	buffer->rd_idx = idx_inc(buffer, buffer->rd_idx, wlen);
 80081b8:	60c1      	str	r1, [r0, #12]
	buffer->flags &= ~MPSC_PBUF_FULL;
 80081ba:	f023 0308 	bic.w	r3, r3, #8
 80081be:	6103      	str	r3, [r0, #16]
}
 80081c0:	4770      	bx	lr

080081c2 <add_skip_item>:

static void add_skip_item(struct mpsc_pbuf_buffer *buffer, uint32_t wlen)
{
 80081c2:	b410      	push	{r4}
	union mpsc_pbuf_generic skip = {
 80081c4:	2300      	movs	r3, #0
 80081c6:	f023 0301 	bic.w	r3, r3, #1
 80081ca:	f043 0302 	orr.w	r3, r3, #2
 80081ce:	f361 039f 	bfi	r3, r1, #2, #30
		.skip = { .valid = 0, .busy = 1, .len = wlen }
	};

	buffer->buf[buffer->tmp_wr_idx] = skip.raw;
 80081d2:	69c2      	ldr	r2, [r0, #28]
 80081d4:	6804      	ldr	r4, [r0, #0]
 80081d6:	f842 3024 	str.w	r3, [r2, r4, lsl #2]
	buffer->tmp_wr_idx = idx_inc(buffer, buffer->tmp_wr_idx, wlen);
 80081da:	6803      	ldr	r3, [r0, #0]
	uint32_t i = idx + val;
 80081dc:	440b      	add	r3, r1
	if (buffer->flags & MPSC_PBUF_SIZE_POW2) {
 80081de:	6902      	ldr	r2, [r0, #16]
 80081e0:	f012 0f01 	tst.w	r2, #1
 80081e4:	d104      	bne.n	80081f0 <add_skip_item+0x2e>
	return (i >= buffer->size) ? i - buffer->size : i;
 80081e6:	6a04      	ldr	r4, [r0, #32]
 80081e8:	42a3      	cmp	r3, r4
 80081ea:	d304      	bcc.n	80081f6 <add_skip_item+0x34>
 80081ec:	1b1b      	subs	r3, r3, r4
 80081ee:	e002      	b.n	80081f6 <add_skip_item+0x34>
		return i & (buffer->size - 1);
 80081f0:	6a04      	ldr	r4, [r0, #32]
 80081f2:	3c01      	subs	r4, #1
 80081f4:	4023      	ands	r3, r4
	buffer->tmp_wr_idx = idx_inc(buffer, buffer->tmp_wr_idx, wlen);
 80081f6:	6003      	str	r3, [r0, #0]
	if (buffer->tmp_wr_idx == buffer->rd_idx) {
 80081f8:	68c4      	ldr	r4, [r0, #12]
 80081fa:	42a3      	cmp	r3, r4
 80081fc:	d00a      	beq.n	8008214 <add_skip_item+0x52>
	tmp_wr_idx_inc(buffer, wlen);
	buffer->wr_idx = idx_inc(buffer, buffer->wr_idx, wlen);
 80081fe:	6843      	ldr	r3, [r0, #4]
	uint32_t i = idx + val;
 8008200:	4419      	add	r1, r3
	if (buffer->flags & MPSC_PBUF_SIZE_POW2) {
 8008202:	6903      	ldr	r3, [r0, #16]
 8008204:	f013 0f01 	tst.w	r3, #1
 8008208:	d108      	bne.n	800821c <add_skip_item+0x5a>
	return (i >= buffer->size) ? i - buffer->size : i;
 800820a:	6a03      	ldr	r3, [r0, #32]
 800820c:	4299      	cmp	r1, r3
 800820e:	d308      	bcc.n	8008222 <add_skip_item+0x60>
 8008210:	1ac9      	subs	r1, r1, r3
 8008212:	e006      	b.n	8008222 <add_skip_item+0x60>
		buffer->flags |= MPSC_PBUF_FULL;
 8008214:	f042 0208 	orr.w	r2, r2, #8
 8008218:	6102      	str	r2, [r0, #16]
 800821a:	e7f0      	b.n	80081fe <add_skip_item+0x3c>
		return i & (buffer->size - 1);
 800821c:	6a03      	ldr	r3, [r0, #32]
 800821e:	3b01      	subs	r3, #1
 8008220:	4019      	ands	r1, r3
	buffer->wr_idx = idx_inc(buffer, buffer->wr_idx, wlen);
 8008222:	6041      	str	r1, [r0, #4]
}
 8008224:	bc10      	pop	{r4}
 8008226:	4770      	bx	lr

08008228 <drop_item_locked>:

static bool drop_item_locked(struct mpsc_pbuf_buffer *buffer,
			     uint32_t free_wlen,
			     union mpsc_pbuf_generic **item_to_drop,
			     uint32_t *tmp_wr_idx_shift)
{
 8008228:	e92d 4ff0 	stmdb	sp!, {r4, r5, r6, r7, r8, r9, sl, fp, lr}
 800822c:	b083      	sub	sp, #12
 800822e:	4604      	mov	r4, r0
 8008230:	9101      	str	r1, [sp, #4]
 8008232:	4617      	mov	r7, r2
 8008234:	4698      	mov	r8, r3
	union mpsc_pbuf_generic *item;
	uint32_t skip_wlen;

	item = (union mpsc_pbuf_generic *)&buffer->buf[buffer->rd_idx];
 8008236:	69c5      	ldr	r5, [r0, #28]
 8008238:	68c6      	ldr	r6, [r0, #12]
 800823a:	eb05 0b86 	add.w	fp, r5, r6, lsl #2
	if (item->hdr.busy && !item->hdr.valid) {
 800823e:	f815 3026 	ldrb.w	r3, [r5, r6, lsl #2]
 8008242:	f003 0303 	and.w	r3, r3, #3
 8008246:	2b02      	cmp	r3, #2
 8008248:	d024      	beq.n	8008294 <drop_item_locked+0x6c>
	return 0;
 800824a:	2100      	movs	r1, #0
	skip_wlen = get_skip(item);
	*item_to_drop = NULL;
 800824c:	2300      	movs	r3, #0
 800824e:	603b      	str	r3, [r7, #0]
	*tmp_wr_idx_shift = 0;
 8008250:	f8c8 3000 	str.w	r3, [r8]

	if (skip_wlen) {
 8008254:	bb19      	cbnz	r1, 800829e <drop_item_locked+0x76>
		buffer->tmp_rd_idx = buffer->rd_idx;
		return true;
	}

	/* Other options for dropping available only in overwrite mode. */
	if (!(buffer->flags & MPSC_PBUF_MODE_OVERWRITE)) {
 8008256:	6923      	ldr	r3, [r4, #16]
 8008258:	f013 0f02 	tst.w	r3, #2
 800825c:	d075      	beq.n	800834a <drop_item_locked+0x122>
		return false;
	}

	uint32_t rd_wlen = buffer->get_wlen(item);
 800825e:	69a3      	ldr	r3, [r4, #24]
 8008260:	4658      	mov	r0, fp
 8008262:	4798      	blx	r3
 8008264:	4682      	mov	sl, r0
	return item->hdr.valid;
 8008266:	f815 9026 	ldrb.w	r9, [r5, r6, lsl #2]

	/* If packet is busy need to be omitted. */
	if (!is_valid(item)) {
 800826a:	f019 0901 	ands.w	r9, r9, #1
 800826e:	d06e      	beq.n	800834e <drop_item_locked+0x126>
		return false;
	} else if (item->hdr.busy) {
 8008270:	f815 3026 	ldrb.w	r3, [r5, r6, lsl #2]
 8008274:	f013 0f02 	tst.w	r3, #2
 8008278:	d03b      	beq.n	80082f2 <drop_item_locked+0xca>
		bool ret = true;

		MPSC_PBUF_DBG(buffer, "no space: Found busy packet %p (len:%d)", item, rd_wlen);
		/* Add skip packet before claimed packet. */
		if (free_wlen) {
 800827a:	9b01      	ldr	r3, [sp, #4]
 800827c:	b9bb      	cbnz	r3, 80082ae <drop_item_locked+0x86>
			add_skip_item(buffer, free_wlen);
			MPSC_PBUF_DBG(buffer, "no space: Added skip packet (len:%d)", free_wlen);
		}
		/* Move all indexes forward, after claimed packet. */
		buffer->wr_idx = idx_inc(buffer, buffer->wr_idx, rd_wlen);
 800827e:	6862      	ldr	r2, [r4, #4]
	uint32_t i = idx + val;
 8008280:	4452      	add	r2, sl
	if (buffer->flags & MPSC_PBUF_SIZE_POW2) {
 8008282:	6923      	ldr	r3, [r4, #16]
 8008284:	f013 0001 	ands.w	r0, r3, #1
 8008288:	d116      	bne.n	80082b8 <drop_item_locked+0x90>
	return (i >= buffer->size) ? i - buffer->size : i;
 800828a:	6a21      	ldr	r1, [r4, #32]
 800828c:	428a      	cmp	r2, r1
 800828e:	d316      	bcc.n	80082be <drop_item_locked+0x96>
 8008290:	1a52      	subs	r2, r2, r1
 8008292:	e014      	b.n	80082be <drop_item_locked+0x96>
		return item->skip.len;
 8008294:	f855 1026 	ldr.w	r1, [r5, r6, lsl #2]
 8008298:	f3c1 019d 	ubfx	r1, r1, #2, #30
 800829c:	e7d6      	b.n	800824c <drop_item_locked+0x24>
		rd_idx_inc(buffer, skip_wlen);
 800829e:	4620      	mov	r0, r4
 80082a0:	f7ff ff7c 	bl	800819c <rd_idx_inc>
		buffer->tmp_rd_idx = buffer->rd_idx;
 80082a4:	68e3      	ldr	r3, [r4, #12]
 80082a6:	60a3      	str	r3, [r4, #8]
		return true;
 80082a8:	f04f 0901 	mov.w	r9, #1
 80082ac:	e04f      	b.n	800834e <drop_item_locked+0x126>
			add_skip_item(buffer, free_wlen);
 80082ae:	4619      	mov	r1, r3
 80082b0:	4620      	mov	r0, r4
 80082b2:	f7ff ff86 	bl	80081c2 <add_skip_item>
			MPSC_PBUF_DBG(buffer, "no space: Added skip packet (len:%d)", free_wlen);
 80082b6:	e7e2      	b.n	800827e <drop_item_locked+0x56>
		return i & (buffer->size - 1);
 80082b8:	6a21      	ldr	r1, [r4, #32]
 80082ba:	3901      	subs	r1, #1
 80082bc:	400a      	ands	r2, r1
		buffer->wr_idx = idx_inc(buffer, buffer->wr_idx, rd_wlen);
 80082be:	6062      	str	r2, [r4, #4]

		/* If allocation wrapped around the buffer and found busy packet
		 * that was already omitted, skip it again and indicate that no
		 * packet was dropped.
		 */
		if (buffer->rd_idx == buffer->tmp_rd_idx) {
 80082c0:	68e1      	ldr	r1, [r4, #12]
 80082c2:	68a2      	ldr	r2, [r4, #8]
 80082c4:	4291      	cmp	r1, r2
 80082c6:	d006      	beq.n	80082d6 <drop_item_locked+0xae>
			buffer->tmp_rd_idx = idx_inc(buffer, buffer->tmp_rd_idx, rd_wlen);
			ret = false;
		}

		buffer->tmp_wr_idx = buffer->tmp_rd_idx;
 80082c8:	68a2      	ldr	r2, [r4, #8]
 80082ca:	6022      	str	r2, [r4, #0]
		buffer->rd_idx = buffer->tmp_rd_idx;
 80082cc:	60e2      	str	r2, [r4, #12]
		buffer->flags |= MPSC_PBUF_FULL;
 80082ce:	f043 0308 	orr.w	r3, r3, #8
 80082d2:	6123      	str	r3, [r4, #16]
		return ret;
 80082d4:	e03b      	b.n	800834e <drop_item_locked+0x126>
	uint32_t i = idx + val;
 80082d6:	4452      	add	r2, sl
	if (buffer->flags & MPSC_PBUF_SIZE_POW2) {
 80082d8:	b920      	cbnz	r0, 80082e4 <drop_item_locked+0xbc>
	return (i >= buffer->size) ? i - buffer->size : i;
 80082da:	6a21      	ldr	r1, [r4, #32]
 80082dc:	428a      	cmp	r2, r1
 80082de:	d304      	bcc.n	80082ea <drop_item_locked+0xc2>
 80082e0:	1a52      	subs	r2, r2, r1
 80082e2:	e002      	b.n	80082ea <drop_item_locked+0xc2>
		return i & (buffer->size - 1);
 80082e4:	6a21      	ldr	r1, [r4, #32]
 80082e6:	3901      	subs	r1, #1
 80082e8:	400a      	ands	r2, r1
			buffer->tmp_rd_idx = idx_inc(buffer, buffer->tmp_rd_idx, rd_wlen);
 80082ea:	60a2      	str	r2, [r4, #8]
			ret = false;
 80082ec:	f04f 0900 	mov.w	r9, #0
 80082f0:	e7ea      	b.n	80082c8 <drop_item_locked+0xa0>
	} else {
		/* Prepare packet dropping. */
		rd_idx_inc(buffer, rd_wlen);
 80082f2:	4601      	mov	r1, r0
 80082f4:	4620      	mov	r0, r4
 80082f6:	f7ff ff51 	bl	800819c <rd_idx_inc>
		buffer->tmp_rd_idx = buffer->rd_idx;
 80082fa:	68e3      	ldr	r3, [r4, #12]
 80082fc:	60a3      	str	r3, [r4, #8]
		/* Temporary move tmp_wr idx forward to ensure that packet
		 * will not be dropped twice and content will not be
		 * overwritten.
		 */
		if (free_wlen) {
 80082fe:	9b01      	ldr	r3, [sp, #4]
 8008300:	b123      	cbz	r3, 800830c <drop_item_locked+0xe4>
					.valid = 0,
					.busy = 0
				}
			};

			buffer->buf[buffer->tmp_wr_idx] = invalid.raw;
 8008302:	69e3      	ldr	r3, [r4, #28]
 8008304:	6822      	ldr	r2, [r4, #0]
 8008306:	2100      	movs	r1, #0
 8008308:	f843 1022 	str.w	r1, [r3, r2, lsl #2]
		}

		*tmp_wr_idx_shift = rd_wlen + free_wlen;
 800830c:	9b01      	ldr	r3, [sp, #4]
 800830e:	4453      	add	r3, sl
 8008310:	f8c8 3000 	str.w	r3, [r8]
		buffer->tmp_wr_idx = idx_inc(buffer, buffer->tmp_wr_idx, *tmp_wr_idx_shift);
 8008314:	6822      	ldr	r2, [r4, #0]
	uint32_t i = idx + val;
 8008316:	4413      	add	r3, r2
	if (buffer->flags & MPSC_PBUF_SIZE_POW2) {
 8008318:	6922      	ldr	r2, [r4, #16]
 800831a:	f012 0f01 	tst.w	r2, #1
 800831e:	d104      	bne.n	800832a <drop_item_locked+0x102>
	return (i >= buffer->size) ? i - buffer->size : i;
 8008320:	6a21      	ldr	r1, [r4, #32]
 8008322:	428b      	cmp	r3, r1
 8008324:	d304      	bcc.n	8008330 <drop_item_locked+0x108>
 8008326:	1a5b      	subs	r3, r3, r1
 8008328:	e002      	b.n	8008330 <drop_item_locked+0x108>
		return i & (buffer->size - 1);
 800832a:	6a21      	ldr	r1, [r4, #32]
 800832c:	3901      	subs	r1, #1
 800832e:	400b      	ands	r3, r1
		buffer->tmp_wr_idx = idx_inc(buffer, buffer->tmp_wr_idx, *tmp_wr_idx_shift);
 8008330:	6023      	str	r3, [r4, #0]
		buffer->flags |= MPSC_PBUF_FULL;
 8008332:	f042 0208 	orr.w	r2, r2, #8
 8008336:	6122      	str	r2, [r4, #16]
		item->hdr.valid = 0;
 8008338:	f815 3026 	ldrb.w	r3, [r5, r6, lsl #2]
 800833c:	f023 0301 	bic.w	r3, r3, #1
 8008340:	f805 3026 	strb.w	r3, [r5, r6, lsl #2]
		*item_to_drop = item;
 8008344:	f8c7 b000 	str.w	fp, [r7]
		MPSC_PBUF_DBG(buffer, "no space: dropping packet %p (len: %d)",
			       item, rd_wlen);
	}

	return true;
 8008348:	e001      	b.n	800834e <drop_item_locked+0x126>
		return false;
 800834a:	f04f 0900 	mov.w	r9, #0
}
 800834e:	4648      	mov	r0, r9
 8008350:	b003      	add	sp, #12
 8008352:	e8bd 8ff0 	ldmia.w	sp!, {r4, r5, r6, r7, r8, r9, sl, fp, pc}

08008356 <post_drop_action>:

static void post_drop_action(struct mpsc_pbuf_buffer *buffer,
			     uint32_t prev_tmp_wr_idx,
			     uint32_t tmp_wr_idx_shift)
{
 8008356:	b430      	push	{r4, r5}
	uint32_t i = idx + val;
 8008358:	1853      	adds	r3, r2, r1
	if (buffer->flags & MPSC_PBUF_SIZE_POW2) {
 800835a:	6904      	ldr	r4, [r0, #16]
 800835c:	f014 0f01 	tst.w	r4, #1
 8008360:	d104      	bne.n	800836c <post_drop_action+0x16>
	return (i >= buffer->size) ? i - buffer->size : i;
 8008362:	6a05      	ldr	r5, [r0, #32]
 8008364:	42ab      	cmp	r3, r5
 8008366:	d304      	bcc.n	8008372 <post_drop_action+0x1c>
 8008368:	1b5b      	subs	r3, r3, r5
 800836a:	e002      	b.n	8008372 <post_drop_action+0x1c>
		return i & (buffer->size - 1);
 800836c:	6a05      	ldr	r5, [r0, #32]
 800836e:	3d01      	subs	r5, #1
 8008370:	402b      	ands	r3, r5
	uint32_t cmp_tmp_wr_idx = idx_inc(buffer, prev_tmp_wr_idx, tmp_wr_idx_shift);

	if (cmp_tmp_wr_idx == buffer->tmp_wr_idx) {
 8008372:	6805      	ldr	r5, [r0, #0]
 8008374:	429d      	cmp	r5, r3
 8008376:	d014      	beq.n	80083a2 <post_drop_action+0x4c>
		buffer->flags &= ~MPSC_PBUF_FULL;
		return;
	}

	/* Operation interrupted, mark area as to be skipped. */
	union mpsc_pbuf_generic skip = {
 8008378:	2300      	movs	r3, #0
 800837a:	f023 0301 	bic.w	r3, r3, #1
 800837e:	f043 0302 	orr.w	r3, r3, #2
 8008382:	f362 039f 	bfi	r3, r2, #2, #30
			.busy = 1,
			.len = tmp_wr_idx_shift
		}
	};

	buffer->buf[prev_tmp_wr_idx] = skip.raw;
 8008386:	69c4      	ldr	r4, [r0, #28]
 8008388:	f844 3021 	str.w	r3, [r4, r1, lsl #2]
	buffer->wr_idx = idx_inc(buffer,
 800838c:	6843      	ldr	r3, [r0, #4]
	uint32_t i = idx + val;
 800838e:	4413      	add	r3, r2
	if (buffer->flags & MPSC_PBUF_SIZE_POW2) {
 8008390:	6902      	ldr	r2, [r0, #16]
 8008392:	f012 0f01 	tst.w	r2, #1
 8008396:	d109      	bne.n	80083ac <post_drop_action+0x56>
	return (i >= buffer->size) ? i - buffer->size : i;
 8008398:	6a02      	ldr	r2, [r0, #32]
 800839a:	4293      	cmp	r3, r2
 800839c:	d309      	bcc.n	80083b2 <post_drop_action+0x5c>
 800839e:	1a9b      	subs	r3, r3, r2
 80083a0:	e007      	b.n	80083b2 <post_drop_action+0x5c>
		buffer->tmp_wr_idx = prev_tmp_wr_idx;
 80083a2:	6001      	str	r1, [r0, #0]
		buffer->flags &= ~MPSC_PBUF_FULL;
 80083a4:	f024 0408 	bic.w	r4, r4, #8
 80083a8:	6104      	str	r4, [r0, #16]
		return;
 80083aa:	e003      	b.n	80083b4 <post_drop_action+0x5e>
		return i & (buffer->size - 1);
 80083ac:	6a02      	ldr	r2, [r0, #32]
 80083ae:	3a01      	subs	r2, #1
 80083b0:	4013      	ands	r3, r2
	buffer->wr_idx = idx_inc(buffer,
 80083b2:	6043      	str	r3, [r0, #4]
				 buffer->wr_idx,
				 tmp_wr_idx_shift);
	/* full flag? */
}
 80083b4:	bc30      	pop	{r4, r5}
 80083b6:	4770      	bx	lr

080083b8 <mpsc_pbuf_init>:
{
 80083b8:	b508      	push	{r3, lr}
	memset(buffer, 0, offsetof(struct mpsc_pbuf_buffer, buf));
 80083ba:	2300      	movs	r3, #0
 80083bc:	6003      	str	r3, [r0, #0]
 80083be:	6043      	str	r3, [r0, #4]
 80083c0:	6083      	str	r3, [r0, #8]
 80083c2:	60c3      	str	r3, [r0, #12]
 80083c4:	6103      	str	r3, [r0, #16]
 80083c6:	6143      	str	r3, [r0, #20]
 80083c8:	6183      	str	r3, [r0, #24]
	buffer->get_wlen = cfg->get_wlen;
 80083ca:	68ca      	ldr	r2, [r1, #12]
 80083cc:	6182      	str	r2, [r0, #24]
	buffer->notify_drop = cfg->notify_drop;
 80083ce:	688a      	ldr	r2, [r1, #8]
 80083d0:	6142      	str	r2, [r0, #20]
	buffer->buf = cfg->buf;
 80083d2:	680a      	ldr	r2, [r1, #0]
 80083d4:	61c2      	str	r2, [r0, #28]
	buffer->size = cfg->size;
 80083d6:	684a      	ldr	r2, [r1, #4]
 80083d8:	6202      	str	r2, [r0, #32]
	buffer->max_usage = 0;
 80083da:	6243      	str	r3, [r0, #36]	@ 0x24
	buffer->flags = cfg->flags;
 80083dc:	690b      	ldr	r3, [r1, #16]
 80083de:	6103      	str	r3, [r0, #16]
	return IS_POWER_OF_TWO(x);
 80083e0:	b12a      	cbz	r2, 80083ee <mpsc_pbuf_init+0x36>
 80083e2:	1e51      	subs	r1, r2, #1
 80083e4:	420a      	tst	r2, r1
 80083e6:	d102      	bne.n	80083ee <mpsc_pbuf_init+0x36>
		buffer->flags |= MPSC_PBUF_SIZE_POW2;
 80083e8:	f043 0301 	orr.w	r3, r3, #1
 80083ec:	6103      	str	r3, [r0, #16]
		err = k_sem_init(&buffer->sem, 0, 1);
 80083ee:	3028      	adds	r0, #40	@ 0x28
	return z_impl_k_sem_init(sem, initial_count, limit);
 80083f0:	2201      	movs	r2, #1
 80083f2:	2100      	movs	r1, #0
 80083f4:	f001 fce5 	bl	8009dc2 <z_impl_k_sem_init>
}
 80083f8:	bd08      	pop	{r3, pc}

080083fa <mpsc_pbuf_alloc>:
	} while (cont);
}

union mpsc_pbuf_generic *mpsc_pbuf_alloc(struct mpsc_pbuf_buffer *buffer,
					 size_t wlen, k_timeout_t timeout)
{
 80083fa:	e92d 4ff0 	stmdb	sp!, {r4, r5, r6, r7, r8, r9, sl, fp, lr}
 80083fe:	b087      	sub	sp, #28
 8008400:	469a      	mov	sl, r3
	union mpsc_pbuf_generic *item = NULL;
	union mpsc_pbuf_generic *dropped_item = NULL;
 8008402:	2300      	movs	r3, #0
 8008404:	9305      	str	r3, [sp, #20]
	bool cont = true;
	uint32_t free_wlen;
	uint32_t tmp_wr_idx_shift = 0;
 8008406:	9303      	str	r3, [sp, #12]
	uint32_t tmp_wr_idx_val = 0;

	MPSC_PBUF_DBG(buffer, "alloc %d words", (int)wlen);

	if (wlen > (buffer->size)) {
 8008408:	6a03      	ldr	r3, [r0, #32]
 800840a:	428b      	cmp	r3, r1
 800840c:	f0c0 8089 	bcc.w	8008522 <mpsc_pbuf_alloc+0x128>
 8008410:	4604      	mov	r4, r0
 8008412:	4689      	mov	r9, r1
 8008414:	4693      	mov	fp, r2
	uint32_t tmp_wr_idx_val = 0;
 8008416:	2300      	movs	r3, #0
 8008418:	9301      	str	r3, [sp, #4]
	bool cont = true;
 800841a:	2601      	movs	r6, #1
	union mpsc_pbuf_generic *item = NULL;
 800841c:	9300      	str	r3, [sp, #0]
 800841e:	e041      	b.n	80084a4 <mpsc_pbuf_alloc+0xaa>
		k_spinlock_key_t key;
		bool wrap;

		key = k_spin_lock(&buffer->lock);
		if (tmp_wr_idx_shift) {
			post_drop_action(buffer, tmp_wr_idx_val, tmp_wr_idx_shift);
 8008420:	9901      	ldr	r1, [sp, #4]
 8008422:	4620      	mov	r0, r4
 8008424:	f7ff ff97 	bl	8008356 <post_drop_action>
			tmp_wr_idx_shift = 0;
 8008428:	2300      	movs	r3, #0
 800842a:	9303      	str	r3, [sp, #12]
 800842c:	e045      	b.n	80084ba <mpsc_pbuf_alloc+0xc0>

		wrap = free_space(buffer, &free_wlen);

		if (free_wlen >= wlen) {
			item =
			    (union mpsc_pbuf_generic *)&buffer->buf[buffer->tmp_wr_idx];
 800842e:	69e3      	ldr	r3, [r4, #28]
 8008430:	6822      	ldr	r2, [r4, #0]
			item =
 8008432:	eb03 0182 	add.w	r1, r3, r2, lsl #2
 8008436:	9100      	str	r1, [sp, #0]
			item->hdr.valid = 0;
 8008438:	f813 1022 	ldrb.w	r1, [r3, r2, lsl #2]
 800843c:	f021 0101 	bic.w	r1, r1, #1
 8008440:	f803 1022 	strb.w	r1, [r3, r2, lsl #2]
			item->hdr.busy = 0;
 8008444:	b2c9      	uxtb	r1, r1
 8008446:	f021 0102 	bic.w	r1, r1, #2
 800844a:	f803 1022 	strb.w	r1, [r3, r2, lsl #2]
	buffer->tmp_wr_idx = idx_inc(buffer, buffer->tmp_wr_idx, wlen);
 800844e:	6823      	ldr	r3, [r4, #0]
	uint32_t i = idx + val;
 8008450:	444b      	add	r3, r9
	if (buffer->flags & MPSC_PBUF_SIZE_POW2) {
 8008452:	6922      	ldr	r2, [r4, #16]
 8008454:	f012 0f01 	tst.w	r2, #1
 8008458:	d104      	bne.n	8008464 <mpsc_pbuf_alloc+0x6a>
	return (i >= buffer->size) ? i - buffer->size : i;
 800845a:	6a21      	ldr	r1, [r4, #32]
 800845c:	428b      	cmp	r3, r1
 800845e:	d304      	bcc.n	800846a <mpsc_pbuf_alloc+0x70>
 8008460:	1a5b      	subs	r3, r3, r1
 8008462:	e002      	b.n	800846a <mpsc_pbuf_alloc+0x70>
		return i & (buffer->size - 1);
 8008464:	6a21      	ldr	r1, [r4, #32]
 8008466:	3901      	subs	r1, #1
 8008468:	400b      	ands	r3, r1
	buffer->tmp_wr_idx = idx_inc(buffer, buffer->tmp_wr_idx, wlen);
 800846a:	6023      	str	r3, [r4, #0]
	if (buffer->tmp_wr_idx == buffer->rd_idx) {
 800846c:	68e1      	ldr	r1, [r4, #12]
 800846e:	428b      	cmp	r3, r1
 8008470:	d001      	beq.n	8008476 <mpsc_pbuf_alloc+0x7c>
			tmp_wr_idx_inc(buffer, wlen);
			cont = false;
 8008472:	2600      	movs	r6, #0
 8008474:	e008      	b.n	8008488 <mpsc_pbuf_alloc+0x8e>
		buffer->flags |= MPSC_PBUF_FULL;
 8008476:	f042 0208 	orr.w	r2, r2, #8
 800847a:	6122      	str	r2, [r4, #16]
			cont = false;
 800847c:	2600      	movs	r6, #0
 800847e:	e003      	b.n	8008488 <mpsc_pbuf_alloc+0x8e>
		} else if (wrap) {
			add_skip_item(buffer, free_wlen);
 8008480:	4620      	mov	r0, r4
 8008482:	f7ff fe9e 	bl	80081c2 <add_skip_item>
			cont = true;
 8008486:	462e      	mov	r6, r5
  __ASM volatile ("MSR basepri, %0" : : "r" (basePri) : "memory");
 8008488:	f388 8811 	msr	BASEPRI, r8
 800848c:	f3bf 8f6f 	isb	sy
			cont = drop_item_locked(buffer, free_wlen,
						&dropped_item, &tmp_wr_idx_shift);
		}
		k_spin_unlock(&buffer->lock, key);

		if (dropped_item) {
 8008490:	9905      	ldr	r1, [sp, #20]
 8008492:	b129      	cbz	r1, 80084a0 <mpsc_pbuf_alloc+0xa6>
			/* Notify about item being dropped. */
			if (buffer->notify_drop) {
 8008494:	6963      	ldr	r3, [r4, #20]
 8008496:	b10b      	cbz	r3, 800849c <mpsc_pbuf_alloc+0xa2>
				buffer->notify_drop(buffer, dropped_item);
 8008498:	4620      	mov	r0, r4
 800849a:	4798      	blx	r3
			}
			dropped_item = NULL;
 800849c:	2300      	movs	r3, #0
 800849e:	9305      	str	r3, [sp, #20]
		}
	} while (cont);
 80084a0:	2e00      	cmp	r6, #0
 80084a2:	d040      	beq.n	8008526 <mpsc_pbuf_alloc+0x12c>
  __ASM volatile ("MRS %0, basepri" : "=r" (result) );
 80084a4:	f3ef 8711 	mrs	r7, BASEPRI
  __ASM volatile ("MSR basepri_max, %0" : : "r" (basePri) : "memory");
 80084a8:	2310      	movs	r3, #16
 80084aa:	f383 8812 	msr	BASEPRI_MAX, r3
 80084ae:	f3bf 8f6f 	isb	sy
 80084b2:	46b8      	mov	r8, r7
		if (tmp_wr_idx_shift) {
 80084b4:	9a03      	ldr	r2, [sp, #12]
 80084b6:	2a00      	cmp	r2, #0
 80084b8:	d1b2      	bne.n	8008420 <mpsc_pbuf_alloc+0x26>
		wrap = free_space(buffer, &free_wlen);
 80084ba:	a904      	add	r1, sp, #16
 80084bc:	4620      	mov	r0, r4
 80084be:	f7ff fe26 	bl	800810e <free_space>
 80084c2:	4605      	mov	r5, r0
		if (free_wlen >= wlen) {
 80084c4:	9904      	ldr	r1, [sp, #16]
 80084c6:	4549      	cmp	r1, r9
 80084c8:	d2b1      	bcs.n	800842e <mpsc_pbuf_alloc+0x34>
		} else if (wrap) {
 80084ca:	2800      	cmp	r0, #0
 80084cc:	d1d8      	bne.n	8008480 <mpsc_pbuf_alloc+0x86>
		} else if (IS_ENABLED(CONFIG_MULTITHREADING) && !K_TIMEOUT_EQ(timeout, K_NO_WAIT) &&
 80084ce:	ea5a 030b 	orrs.w	r3, sl, fp
 80084d2:	d10b      	bne.n	80084ec <mpsc_pbuf_alloc+0xf2>
		} else if (cont) {
 80084d4:	2e00      	cmp	r6, #0
 80084d6:	d0d7      	beq.n	8008488 <mpsc_pbuf_alloc+0x8e>
			tmp_wr_idx_val = buffer->tmp_wr_idx;
 80084d8:	6823      	ldr	r3, [r4, #0]
 80084da:	9301      	str	r3, [sp, #4]
			cont = drop_item_locked(buffer, free_wlen,
 80084dc:	ab03      	add	r3, sp, #12
 80084de:	aa05      	add	r2, sp, #20
 80084e0:	9904      	ldr	r1, [sp, #16]
 80084e2:	4620      	mov	r0, r4
 80084e4:	f7ff fea0 	bl	8008228 <drop_item_locked>
 80084e8:	4606      	mov	r6, r0
 80084ea:	e7cd      	b.n	8008488 <mpsc_pbuf_alloc+0x8e>
			   !k_is_in_isr() && arch_irq_unlocked(key.key)) {
 80084ec:	f001 fca2 	bl	8009e34 <k_is_in_isr>
		} else if (IS_ENABLED(CONFIG_MULTITHREADING) && !K_TIMEOUT_EQ(timeout, K_NO_WAIT) &&
 80084f0:	2800      	cmp	r0, #0
 80084f2:	d1ef      	bne.n	80084d4 <mpsc_pbuf_alloc+0xda>
			   !k_is_in_isr() && arch_irq_unlocked(key.key)) {
 80084f4:	2f00      	cmp	r7, #0
 80084f6:	d1ed      	bne.n	80084d4 <mpsc_pbuf_alloc+0xda>
  __ASM volatile ("MSR basepri, %0" : : "r" (basePri) : "memory");
 80084f8:	f387 8811 	msr	BASEPRI, r7
 80084fc:	f3bf 8f6f 	isb	sy
			err = k_sem_take(&buffer->sem, timeout);
 8008500:	f104 0028 	add.w	r0, r4, #40	@ 0x28
	return z_impl_k_sem_take(sem, timeout);
 8008504:	465a      	mov	r2, fp
 8008506:	4653      	mov	r3, sl
 8008508:	f7fd fc88 	bl	8005e1c <z_impl_k_sem_take>
  __ASM volatile ("MRS %0, basepri" : "=r" (result) );
 800850c:	f3ef 8811 	mrs	r8, BASEPRI
  __ASM volatile ("MSR basepri_max, %0" : : "r" (basePri) : "memory");
 8008510:	2310      	movs	r3, #16
 8008512:	f383 8812 	msr	BASEPRI_MAX, r3
 8008516:	f3bf 8f6f 	isb	sy
			cont = (err == 0) ? true : false;
 800851a:	fab0 f680 	clz	r6, r0
 800851e:	0976      	lsrs	r6, r6, #5
			   !k_is_in_isr() && arch_irq_unlocked(key.key)) {
 8008520:	e7b2      	b.n	8008488 <mpsc_pbuf_alloc+0x8e>
		return NULL;
 8008522:	2300      	movs	r3, #0
 8008524:	9300      	str	r3, [sp, #0]
		/* During test fill with 0's to simplify message comparison */
		memset(item, 0, sizeof(int) * wlen);
	}

	return item;
}
 8008526:	9800      	ldr	r0, [sp, #0]
 8008528:	b007      	add	sp, #28
 800852a:	e8bd 8ff0 	ldmia.w	sp!, {r4, r5, r6, r7, r8, r9, sl, fp, pc}

0800852e <mpsc_pbuf_commit>:

void mpsc_pbuf_commit(struct mpsc_pbuf_buffer *buffer,
		       union mpsc_pbuf_generic *item)
{
 800852e:	b570      	push	{r4, r5, r6, lr}
 8008530:	4604      	mov	r4, r0
 8008532:	460d      	mov	r5, r1
	uint32_t wlen = buffer->get_wlen(item);
 8008534:	6983      	ldr	r3, [r0, #24]
 8008536:	4608      	mov	r0, r1
 8008538:	4798      	blx	r3
  __ASM volatile ("MRS %0, basepri" : "=r" (result) );
 800853a:	f3ef 8611 	mrs	r6, BASEPRI
  __ASM volatile ("MSR basepri_max, %0" : : "r" (basePri) : "memory");
 800853e:	2310      	movs	r3, #16
 8008540:	f383 8812 	msr	BASEPRI_MAX, r3
 8008544:	f3bf 8f6f 	isb	sy

	k_spinlock_key_t key = k_spin_lock(&buffer->lock);

	item->hdr.valid = 1;
 8008548:	782b      	ldrb	r3, [r5, #0]
 800854a:	f043 0301 	orr.w	r3, r3, #1
 800854e:	702b      	strb	r3, [r5, #0]
	buffer->wr_idx = idx_inc(buffer, buffer->wr_idx, wlen);
 8008550:	6863      	ldr	r3, [r4, #4]
	uint32_t i = idx + val;
 8008552:	4418      	add	r0, r3
	if (buffer->flags & MPSC_PBUF_SIZE_POW2) {
 8008554:	6923      	ldr	r3, [r4, #16]
 8008556:	f013 0f01 	tst.w	r3, #1
 800855a:	d104      	bne.n	8008566 <mpsc_pbuf_commit+0x38>
	return (i >= buffer->size) ? i - buffer->size : i;
 800855c:	6a23      	ldr	r3, [r4, #32]
 800855e:	4298      	cmp	r0, r3
 8008560:	d304      	bcc.n	800856c <mpsc_pbuf_commit+0x3e>
 8008562:	1ac0      	subs	r0, r0, r3
 8008564:	e002      	b.n	800856c <mpsc_pbuf_commit+0x3e>
		return i & (buffer->size - 1);
 8008566:	6a23      	ldr	r3, [r4, #32]
 8008568:	3b01      	subs	r3, #1
 800856a:	4018      	ands	r0, r3
	buffer->wr_idx = idx_inc(buffer, buffer->wr_idx, wlen);
 800856c:	6060      	str	r0, [r4, #4]
	max_utilization_update(buffer);
 800856e:	4620      	mov	r0, r4
 8008570:	f7ff fe05 	bl	800817e <max_utilization_update>
  __ASM volatile ("MSR basepri, %0" : : "r" (basePri) : "memory");
 8008574:	f386 8811 	msr	BASEPRI, r6
 8008578:	f3bf 8f6f 	isb	sy
	k_spin_unlock(&buffer->lock, key);
	MPSC_PBUF_DBG(buffer, "committed %p", item);
}
 800857c:	bd70      	pop	{r4, r5, r6, pc}

0800857e <mpsc_pbuf_claim>:
		}
	} while (cont);
}

const union mpsc_pbuf_generic *mpsc_pbuf_claim(struct mpsc_pbuf_buffer *buffer)
{
 800857e:	e92d 41f0 	stmdb	sp!, {r4, r5, r6, r7, r8, lr}
 8008582:	b082      	sub	sp, #8
 8008584:	4604      	mov	r4, r0
	union mpsc_pbuf_generic *item;
	bool cont;
	bool need_post = false;
 8008586:	2700      	movs	r7, #0
 8008588:	e030      	b.n	80085ec <mpsc_pbuf_claim+0x6e>
		return item->skip.len;
 800858a:	f853 1022 	ldr.w	r1, [r3, r2, lsl #2]
			MPSC_PBUF_DBG(buffer, "invalid claim %d: %p", a, item);
			item = NULL;
		} else {
			uint32_t skip = get_skip(item);

			if (skip || !is_valid(item)) {
 800858e:	0889      	lsrs	r1, r1, #2
 8008590:	d150      	bne.n	8008634 <mpsc_pbuf_claim+0xb6>
 8008592:	e045      	b.n	8008620 <mpsc_pbuf_claim+0xa2>
		return i & (buffer->size - 1);
 8008594:	6a22      	ldr	r2, [r4, #32]
 8008596:	3a01      	subs	r2, #1
 8008598:	4013      	ands	r3, r2
				uint32_t inc =
					skip ? skip : buffer->get_wlen(item);

				buffer->tmp_rd_idx =
 800859a:	60a3      	str	r3, [r4, #8]
				      idx_inc(buffer, buffer->tmp_rd_idx, inc);
				rd_idx_inc(buffer, inc);
 800859c:	4620      	mov	r0, r4
 800859e:	f7ff fdfd 	bl	800819c <rd_idx_inc>
				cont = true;
				need_post = true;
 80085a2:	2701      	movs	r7, #1
				cont = true;
 80085a4:	463b      	mov	r3, r7
			if (skip || !is_valid(item)) {
 80085a6:	e01c      	b.n	80085e2 <mpsc_pbuf_claim+0x64>
			} else {
				item->hdr.busy = 1;
 80085a8:	f813 1022 	ldrb.w	r1, [r3, r2, lsl #2]
 80085ac:	f041 0102 	orr.w	r1, r1, #2
 80085b0:	f803 1022 	strb.w	r1, [r3, r2, lsl #2]
				buffer->tmp_rd_idx =
					idx_inc(buffer, buffer->tmp_rd_idx,
 80085b4:	f8d4 8008 	ldr.w	r8, [r4, #8]
						buffer->get_wlen(item));
 80085b8:	69a3      	ldr	r3, [r4, #24]
 80085ba:	4628      	mov	r0, r5
 80085bc:	4798      	blx	r3
	uint32_t i = idx + val;
 80085be:	4440      	add	r0, r8
	if (buffer->flags & MPSC_PBUF_SIZE_POW2) {
 80085c0:	6923      	ldr	r3, [r4, #16]
 80085c2:	f013 0f01 	tst.w	r3, #1
 80085c6:	d104      	bne.n	80085d2 <mpsc_pbuf_claim+0x54>
	return (i >= buffer->size) ? i - buffer->size : i;
 80085c8:	6a23      	ldr	r3, [r4, #32]
 80085ca:	4298      	cmp	r0, r3
 80085cc:	d304      	bcc.n	80085d8 <mpsc_pbuf_claim+0x5a>
 80085ce:	1ac0      	subs	r0, r0, r3
 80085d0:	e002      	b.n	80085d8 <mpsc_pbuf_claim+0x5a>
		return i & (buffer->size - 1);
 80085d2:	6a23      	ldr	r3, [r4, #32]
 80085d4:	3b01      	subs	r3, #1
 80085d6:	4018      	ands	r0, r3
				buffer->tmp_rd_idx =
 80085d8:	60a0      	str	r0, [r4, #8]
		cont = false;
 80085da:	2300      	movs	r3, #0
 80085dc:	e001      	b.n	80085e2 <mpsc_pbuf_claim+0x64>
 80085de:	2300      	movs	r3, #0
			item = NULL;
 80085e0:	461d      	mov	r5, r3
 80085e2:	f386 8811 	msr	BASEPRI, r6
 80085e6:	f3bf 8f6f 	isb	sy

		if (!cont) {
			MPSC_PBUF_DBG(buffer, ">>claimed %d: %p", a, item);
		}
		k_spin_unlock(&buffer->lock, key);
	} while (cont);
 80085ea:	b38b      	cbz	r3, 8008650 <mpsc_pbuf_claim+0xd2>
  __ASM volatile ("MRS %0, basepri" : "=r" (result) );
 80085ec:	f3ef 8611 	mrs	r6, BASEPRI
  __ASM volatile ("MSR basepri_max, %0" : : "r" (basePri) : "memory");
 80085f0:	2310      	movs	r3, #16
 80085f2:	f383 8812 	msr	BASEPRI_MAX, r3
 80085f6:	f3bf 8f6f 	isb	sy
		(void)available(buffer, &a);
 80085fa:	a901      	add	r1, sp, #4
 80085fc:	4620      	mov	r0, r4
 80085fe:	f7ff fd9a 	bl	8008136 <available>
			&buffer->buf[buffer->tmp_rd_idx];
 8008602:	69e3      	ldr	r3, [r4, #28]
 8008604:	68a2      	ldr	r2, [r4, #8]
		item = (union mpsc_pbuf_generic *)
 8008606:	eb03 0582 	add.w	r5, r3, r2, lsl #2
		if (!a || is_invalid(item)) {
 800860a:	9901      	ldr	r1, [sp, #4]
 800860c:	2900      	cmp	r1, #0
 800860e:	d0e6      	beq.n	80085de <mpsc_pbuf_claim+0x60>
	return !item->hdr.valid && !item->hdr.busy;
 8008610:	f813 1022 	ldrb.w	r1, [r3, r2, lsl #2]
		if (!a || is_invalid(item)) {
 8008614:	f011 0103 	ands.w	r1, r1, #3
 8008618:	d017      	beq.n	800864a <mpsc_pbuf_claim+0xcc>
	if (item->hdr.busy && !item->hdr.valid) {
 800861a:	2902      	cmp	r1, #2
 800861c:	d0b5      	beq.n	800858a <mpsc_pbuf_claim+0xc>
	return 0;
 800861e:	2100      	movs	r1, #0
	return item->hdr.valid;
 8008620:	f813 0022 	ldrb.w	r0, [r3, r2, lsl #2]
			if (skip || !is_valid(item)) {
 8008624:	f010 0f01 	tst.w	r0, #1
 8008628:	d1be      	bne.n	80085a8 <mpsc_pbuf_claim+0x2a>
					skip ? skip : buffer->get_wlen(item);
 800862a:	b919      	cbnz	r1, 8008634 <mpsc_pbuf_claim+0xb6>
 800862c:	69a3      	ldr	r3, [r4, #24]
 800862e:	4628      	mov	r0, r5
 8008630:	4798      	blx	r3
 8008632:	4601      	mov	r1, r0
				      idx_inc(buffer, buffer->tmp_rd_idx, inc);
 8008634:	68a3      	ldr	r3, [r4, #8]
	uint32_t i = idx + val;
 8008636:	440b      	add	r3, r1
	if (buffer->flags & MPSC_PBUF_SIZE_POW2) {
 8008638:	6922      	ldr	r2, [r4, #16]
 800863a:	f012 0f01 	tst.w	r2, #1
 800863e:	d1a9      	bne.n	8008594 <mpsc_pbuf_claim+0x16>
	return (i >= buffer->size) ? i - buffer->size : i;
 8008640:	6a22      	ldr	r2, [r4, #32]
 8008642:	4293      	cmp	r3, r2
 8008644:	d3a9      	bcc.n	800859a <mpsc_pbuf_claim+0x1c>
 8008646:	1a9b      	subs	r3, r3, r2
 8008648:	e7a7      	b.n	800859a <mpsc_pbuf_claim+0x1c>
		cont = false;
 800864a:	2300      	movs	r3, #0
			item = NULL;
 800864c:	461d      	mov	r5, r3
 800864e:	e7c8      	b.n	80085e2 <mpsc_pbuf_claim+0x64>

	if (IS_ENABLED(CONFIG_MULTITHREADING) && need_post && item == NULL) {
 8008650:	b107      	cbz	r7, 8008654 <mpsc_pbuf_claim+0xd6>
 8008652:	b11d      	cbz	r5, 800865c <mpsc_pbuf_claim+0xde>
		k_sem_give(&buffer->sem);
	}

	return item;
}
 8008654:	4628      	mov	r0, r5
 8008656:	b002      	add	sp, #8
 8008658:	e8bd 81f0 	ldmia.w	sp!, {r4, r5, r6, r7, r8, pc}
		k_sem_give(&buffer->sem);
 800865c:	f104 0028 	add.w	r0, r4, #40	@ 0x28
	z_impl_k_sem_give(sem);
 8008660:	f7fd fba0 	bl	8005da4 <z_impl_k_sem_give>
	return item;
 8008664:	e7f6      	b.n	8008654 <mpsc_pbuf_claim+0xd6>

08008666 <mpsc_pbuf_free>:

void mpsc_pbuf_free(struct mpsc_pbuf_buffer *buffer,
		     const union mpsc_pbuf_generic *item)
{
 8008666:	b570      	push	{r4, r5, r6, lr}
 8008668:	4604      	mov	r4, r0
 800866a:	460d      	mov	r5, r1
	uint32_t wlen = buffer->get_wlen(item);
 800866c:	6983      	ldr	r3, [r0, #24]
 800866e:	4608      	mov	r0, r1
 8008670:	4798      	blx	r3
 8008672:	4601      	mov	r1, r0
  __ASM volatile ("MRS %0, basepri" : "=r" (result) );
 8008674:	f3ef 8611 	mrs	r6, BASEPRI
  __ASM volatile ("MSR basepri_max, %0" : : "r" (basePri) : "memory");
 8008678:	2310      	movs	r3, #16
 800867a:	f383 8812 	msr	BASEPRI_MAX, r3
 800867e:	f3bf 8f6f 	isb	sy
	k_spinlock_key_t key = k_spin_lock(&buffer->lock);
	union mpsc_pbuf_generic *witem = (union mpsc_pbuf_generic *)item;

	witem->hdr.valid = 0;
 8008682:	782b      	ldrb	r3, [r5, #0]
 8008684:	f023 0301 	bic.w	r3, r3, #1
 8008688:	702b      	strb	r3, [r5, #0]
	if (!(buffer->flags & MPSC_PBUF_MODE_OVERWRITE) ||
 800868a:	6923      	ldr	r3, [r4, #16]
 800868c:	f013 0f02 	tst.w	r3, #2
 8008690:	d00a      	beq.n	80086a8 <mpsc_pbuf_free+0x42>
		 ((uint32_t *)item == &buffer->buf[buffer->rd_idx])) {
 8008692:	69e3      	ldr	r3, [r4, #28]
 8008694:	68e2      	ldr	r2, [r4, #12]
 8008696:	eb03 0382 	add.w	r3, r3, r2, lsl #2
	if (!(buffer->flags & MPSC_PBUF_MODE_OVERWRITE) ||
 800869a:	42ab      	cmp	r3, r5
 800869c:	d004      	beq.n	80086a8 <mpsc_pbuf_free+0x42>
			buffer->tmp_rd_idx = idx_inc(buffer, buffer->tmp_rd_idx, wlen);
		}
		rd_idx_inc(buffer, wlen);
	} else {
		MPSC_PBUF_DBG(buffer, "Allocation occurred during claim");
		witem->skip.len = wlen;
 800869e:	682b      	ldr	r3, [r5, #0]
 80086a0:	f360 039f 	bfi	r3, r0, #2, #30
 80086a4:	602b      	str	r3, [r5, #0]
 80086a6:	e00a      	b.n	80086be <mpsc_pbuf_free+0x58>
		witem->hdr.busy = 0;
 80086a8:	782b      	ldrb	r3, [r5, #0]
 80086aa:	f023 0302 	bic.w	r3, r3, #2
 80086ae:	702b      	strb	r3, [r5, #0]
		if (buffer->rd_idx == buffer->tmp_rd_idx) {
 80086b0:	68e2      	ldr	r2, [r4, #12]
 80086b2:	68a3      	ldr	r3, [r4, #8]
 80086b4:	429a      	cmp	r2, r3
 80086b6:	d00b      	beq.n	80086d0 <mpsc_pbuf_free+0x6a>
		rd_idx_inc(buffer, wlen);
 80086b8:	4620      	mov	r0, r4
 80086ba:	f7ff fd6f 	bl	800819c <rd_idx_inc>
  __ASM volatile ("MSR basepri, %0" : : "r" (basePri) : "memory");
 80086be:	f386 8811 	msr	BASEPRI, r6
 80086c2:	f3bf 8f6f 	isb	sy
	}
	MPSC_PBUF_DBG(buffer, "<<freed: %p", item);

	k_spin_unlock(&buffer->lock, key);
	if (IS_ENABLED(CONFIG_MULTITHREADING)) {
		k_sem_give(&buffer->sem);
 80086c6:	f104 0028 	add.w	r0, r4, #40	@ 0x28
 80086ca:	f7fd fb6b 	bl	8005da4 <z_impl_k_sem_give>
	}
}
 80086ce:	bd70      	pop	{r4, r5, r6, pc}
	uint32_t i = idx + val;
 80086d0:	440b      	add	r3, r1
	if (buffer->flags & MPSC_PBUF_SIZE_POW2) {
 80086d2:	6922      	ldr	r2, [r4, #16]
 80086d4:	f012 0f01 	tst.w	r2, #1
 80086d8:	d104      	bne.n	80086e4 <mpsc_pbuf_free+0x7e>
	return (i >= buffer->size) ? i - buffer->size : i;
 80086da:	6a22      	ldr	r2, [r4, #32]
 80086dc:	4293      	cmp	r3, r2
 80086de:	d304      	bcc.n	80086ea <mpsc_pbuf_free+0x84>
 80086e0:	1a9b      	subs	r3, r3, r2
 80086e2:	e002      	b.n	80086ea <mpsc_pbuf_free+0x84>
		return i & (buffer->size - 1);
 80086e4:	6a22      	ldr	r2, [r4, #32]
 80086e6:	3a01      	subs	r2, #1
 80086e8:	4013      	ands	r3, r2
			buffer->tmp_rd_idx = idx_inc(buffer, buffer->tmp_rd_idx, wlen);
 80086ea:	60a3      	str	r3, [r4, #8]
 80086ec:	e7e4      	b.n	80086b8 <mpsc_pbuf_free+0x52>

080086ee <mpsc_pbuf_is_pending>:

bool mpsc_pbuf_is_pending(struct mpsc_pbuf_buffer *buffer)
{
 80086ee:	b510      	push	{r4, lr}
 80086f0:	b082      	sub	sp, #8
  __ASM volatile ("MRS %0, basepri" : "=r" (result) );
 80086f2:	f3ef 8411 	mrs	r4, BASEPRI
  __ASM volatile ("MSR basepri_max, %0" : : "r" (basePri) : "memory");
 80086f6:	2310      	movs	r3, #16
 80086f8:	f383 8812 	msr	BASEPRI_MAX, r3
 80086fc:	f3bf 8f6f 	isb	sy
	uint32_t a;
	k_spinlock_key_t key = k_spin_lock(&buffer->lock);

	(void)available(buffer, &a);
 8008700:	a901      	add	r1, sp, #4
 8008702:	f7ff fd18 	bl	8008136 <available>
  __ASM volatile ("MSR basepri, %0" : : "r" (basePri) : "memory");
 8008706:	f384 8811 	msr	BASEPRI, r4
 800870a:	f3bf 8f6f 	isb	sy
	k_spin_unlock(&buffer->lock, key);

	return a ? true : false;
 800870e:	9801      	ldr	r0, [sp, #4]
}
 8008710:	3800      	subs	r0, #0
 8008712:	bf18      	it	ne
 8008714:	2001      	movne	r0, #1
 8008716:	b002      	add	sp, #8
 8008718:	bd10      	pop	{r4, pc}

0800871a <_ConfigAbsSyms>:
GEN_ABSOLUTE_SYM_KCONFIG(CONFIG_WARN_DEPRECATED, 1);
GEN_ABSOLUTE_SYM_KCONFIG(CONFIG_TAINT, 1);
GEN_ABSOLUTE_SYM_KCONFIG(CONFIG_ENFORCE_ZEPHYR_STDINT, 1);
GEN_ABSOLUTE_SYM_KCONFIG(CONFIG_LEGACY_GENERATED_INCLUDE_PATH, 1);

GEN_ABS_SYM_END
 800871a:	4770      	bx	lr

0800871c <pm_device_driver_init>:
	ARG_UNUSED(dev);
	return true;
}

static inline int pm_device_driver_init(const struct device *dev, pm_device_action_cb_t action_cb)
{
 800871c:	b538      	push	{r3, r4, r5, lr}
 800871e:	4605      	mov	r5, r0
 8008720:	460c      	mov	r4, r1
	int rc;

	/* When power management is not enabled, all drivers should initialise to active state */
	rc = action_cb(dev, PM_DEVICE_ACTION_TURN_ON);
 8008722:	2103      	movs	r1, #3
 8008724:	47a0      	blx	r4
	if ((rc < 0) && (rc != -ENOTSUP)) {
 8008726:	2800      	cmp	r0, #0
 8008728:	db06      	blt.n	8008738 <pm_device_driver_init+0x1c>
		return rc;
	}

	rc = action_cb(dev, PM_DEVICE_ACTION_RESUME);
 800872a:	2101      	movs	r1, #1
 800872c:	4628      	mov	r0, r5
 800872e:	47a0      	blx	r4
	if (rc < 0) {
 8008730:	2800      	cmp	r0, #0
 8008732:	db00      	blt.n	8008736 <pm_device_driver_init+0x1a>
		return rc;
	}

	return 0;
 8008734:	2000      	movs	r0, #0
}
 8008736:	bd38      	pop	{r3, r4, r5, pc}
	if ((rc < 0) && (rc != -ENOTSUP)) {
 8008738:	f110 0f86 	cmn.w	r0, #134	@ 0x86
 800873c:	d1fb      	bne.n	8008736 <pm_device_driver_init+0x1a>
 800873e:	e7f4      	b.n	800872a <pm_device_driver_init+0xe>

08008740 <LL_GPIO_SetPinSpeed>:
  *         @arg @ref LL_GPIO_SPEED_FREQ_HIGH
  *         @arg @ref LL_GPIO_SPEED_FREQ_VERY_HIGH
  * @retval None
  */
__STATIC_INLINE void LL_GPIO_SetPinSpeed(GPIO_TypeDef *GPIOx, uint32_t Pin, uint32_t  Speed)
{
 8008740:	b410      	push	{r4}
  MODIFY_REG(GPIOx->OSPEEDR, (GPIO_OSPEEDER_OSPEEDR0 << (POSITION_VAL(Pin) * 2U)),
 8008742:	6884      	ldr	r4, [r0, #8]
   __ASM ("rbit %0, %1" : "=r" (result) : "r" (value) );
 8008744:	fa91 f3a1 	rbit	r3, r1
  if (value == 0U)
 8008748:	b19b      	cbz	r3, 8008772 <LL_GPIO_SetPinSpeed+0x32>
  return __builtin_clz(value);
 800874a:	fab3 f383 	clz	r3, r3
 800874e:	005b      	lsls	r3, r3, #1
 8008750:	f04f 0c03 	mov.w	ip, #3
 8008754:	fa0c f303 	lsl.w	r3, ip, r3
 8008758:	ea24 0303 	bic.w	r3, r4, r3
   __ASM ("rbit %0, %1" : "=r" (result) : "r" (value) );
 800875c:	fa91 f1a1 	rbit	r1, r1
  if (value == 0U)
 8008760:	b149      	cbz	r1, 8008776 <LL_GPIO_SetPinSpeed+0x36>
  return __builtin_clz(value);
 8008762:	fab1 f181 	clz	r1, r1
 8008766:	0049      	lsls	r1, r1, #1
 8008768:	408a      	lsls	r2, r1
 800876a:	4313      	orrs	r3, r2
 800876c:	6083      	str	r3, [r0, #8]
             (Speed << (POSITION_VAL(Pin) * 2U)));
}
 800876e:	bc10      	pop	{r4}
 8008770:	4770      	bx	lr
    return 32U;
 8008772:	2320      	movs	r3, #32
 8008774:	e7eb      	b.n	800874e <LL_GPIO_SetPinSpeed+0xe>
 8008776:	2120      	movs	r1, #32
 8008778:	e7f5      	b.n	8008766 <LL_GPIO_SetPinSpeed+0x26>

0800877a <LL_GPIO_SetPinPull>:
  *         @arg @ref LL_GPIO_PULL_UP
  *         @arg @ref LL_GPIO_PULL_DOWN
  * @retval None
  */
__STATIC_INLINE void LL_GPIO_SetPinPull(GPIO_TypeDef *GPIOx, uint32_t Pin, uint32_t Pull)
{
 800877a:	b410      	push	{r4}
  MODIFY_REG(GPIOx->PUPDR, (GPIO_PUPDR_PUPDR0 << (POSITION_VAL(Pin) * 2U)), (Pull << (POSITION_VAL(Pin) * 2U)));
 800877c:	68c4      	ldr	r4, [r0, #12]
   __ASM ("rbit %0, %1" : "=r" (result) : "r" (value) );
 800877e:	fa91 f3a1 	rbit	r3, r1
  if (value == 0U)
 8008782:	b19b      	cbz	r3, 80087ac <LL_GPIO_SetPinPull+0x32>
  return __builtin_clz(value);
 8008784:	fab3 f383 	clz	r3, r3
 8008788:	005b      	lsls	r3, r3, #1
 800878a:	f04f 0c03 	mov.w	ip, #3
 800878e:	fa0c f303 	lsl.w	r3, ip, r3
 8008792:	ea24 0303 	bic.w	r3, r4, r3
   __ASM ("rbit %0, %1" : "=r" (result) : "r" (value) );
 8008796:	fa91 f1a1 	rbit	r1, r1
  if (value == 0U)
 800879a:	b149      	cbz	r1, 80087b0 <LL_GPIO_SetPinPull+0x36>
  return __builtin_clz(value);
 800879c:	fab1 f181 	clz	r1, r1
 80087a0:	0049      	lsls	r1, r1, #1
 80087a2:	408a      	lsls	r2, r1
 80087a4:	4313      	orrs	r3, r2
 80087a6:	60c3      	str	r3, [r0, #12]
}
 80087a8:	bc10      	pop	{r4}
 80087aa:	4770      	bx	lr
    return 32U;
 80087ac:	2320      	movs	r3, #32
 80087ae:	e7eb      	b.n	8008788 <LL_GPIO_SetPinPull+0xe>
 80087b0:	2120      	movs	r1, #32
 80087b2:	e7f5      	b.n	80087a0 <LL_GPIO_SetPinPull+0x26>

080087b4 <ll_gpio_set_pin_pull>:
{
 80087b4:	b508      	push	{r3, lr}
	LL_GPIO_SetPinPull(GPIOx, Pin, Pull);
 80087b6:	f7ff ffe0 	bl	800877a <LL_GPIO_SetPinPull>
}
 80087ba:	bd08      	pop	{r3, pc}

080087bc <LL_GPIO_SetAFPin_0_7>:
  *         @arg @ref LL_GPIO_AF_14
  *         @arg @ref LL_GPIO_AF_15
  * @retval None
  */
__STATIC_INLINE void LL_GPIO_SetAFPin_0_7(GPIO_TypeDef *GPIOx, uint32_t Pin, uint32_t Alternate)
{
 80087bc:	b410      	push	{r4}
  MODIFY_REG(GPIOx->AFR[0], (GPIO_AFRL_AFSEL0 << (POSITION_VAL(Pin) * 4U)),
 80087be:	6a04      	ldr	r4, [r0, #32]
   __ASM ("rbit %0, %1" : "=r" (result) : "r" (value) );
 80087c0:	fa91 f3a1 	rbit	r3, r1
  if (value == 0U)
 80087c4:	b19b      	cbz	r3, 80087ee <LL_GPIO_SetAFPin_0_7+0x32>
  return __builtin_clz(value);
 80087c6:	fab3 f383 	clz	r3, r3
 80087ca:	009b      	lsls	r3, r3, #2
 80087cc:	f04f 0c0f 	mov.w	ip, #15
 80087d0:	fa0c f303 	lsl.w	r3, ip, r3
 80087d4:	ea24 0303 	bic.w	r3, r4, r3
   __ASM ("rbit %0, %1" : "=r" (result) : "r" (value) );
 80087d8:	fa91 f1a1 	rbit	r1, r1
  if (value == 0U)
 80087dc:	b149      	cbz	r1, 80087f2 <LL_GPIO_SetAFPin_0_7+0x36>
  return __builtin_clz(value);
 80087de:	fab1 f181 	clz	r1, r1
 80087e2:	0089      	lsls	r1, r1, #2
 80087e4:	408a      	lsls	r2, r1
 80087e6:	4313      	orrs	r3, r2
 80087e8:	6203      	str	r3, [r0, #32]
             (Alternate << (POSITION_VAL(Pin) * 4U)));
}
 80087ea:	bc10      	pop	{r4}
 80087ec:	4770      	bx	lr
    return 32U;
 80087ee:	2320      	movs	r3, #32
 80087f0:	e7eb      	b.n	80087ca <LL_GPIO_SetAFPin_0_7+0xe>
 80087f2:	2120      	movs	r1, #32
 80087f4:	e7f5      	b.n	80087e2 <LL_GPIO_SetAFPin_0_7+0x26>

080087f6 <LL_GPIO_SetAFPin_8_15>:
  *         @arg @ref LL_GPIO_AF_14
  *         @arg @ref LL_GPIO_AF_15
  * @retval None
  */
__STATIC_INLINE void LL_GPIO_SetAFPin_8_15(GPIO_TypeDef *GPIOx, uint32_t Pin, uint32_t Alternate)
{
 80087f6:	b410      	push	{r4}
  MODIFY_REG(GPIOx->AFR[1], (GPIO_AFRH_AFSEL8 << (POSITION_VAL(Pin >> 8U) * 4U)),
 80087f8:	6a44      	ldr	r4, [r0, #36]	@ 0x24
 80087fa:	0a09      	lsrs	r1, r1, #8
   __ASM ("rbit %0, %1" : "=r" (result) : "r" (value) );
 80087fc:	fa91 f3a1 	rbit	r3, r1
  if (value == 0U)
 8008800:	b19b      	cbz	r3, 800882a <LL_GPIO_SetAFPin_8_15+0x34>
  return __builtin_clz(value);
 8008802:	fab3 f383 	clz	r3, r3
 8008806:	009b      	lsls	r3, r3, #2
 8008808:	f04f 0c0f 	mov.w	ip, #15
 800880c:	fa0c f303 	lsl.w	r3, ip, r3
 8008810:	ea24 0403 	bic.w	r4, r4, r3
   __ASM ("rbit %0, %1" : "=r" (result) : "r" (value) );
 8008814:	fa91 f1a1 	rbit	r1, r1
  if (value == 0U)
 8008818:	b149      	cbz	r1, 800882e <LL_GPIO_SetAFPin_8_15+0x38>
  return __builtin_clz(value);
 800881a:	fab1 f181 	clz	r1, r1
 800881e:	0089      	lsls	r1, r1, #2
 8008820:	408a      	lsls	r2, r1
 8008822:	4314      	orrs	r4, r2
 8008824:	6244      	str	r4, [r0, #36]	@ 0x24
             (Alternate << (POSITION_VAL(Pin >> 8U) * 4U)));
}
 8008826:	bc10      	pop	{r4}
 8008828:	4770      	bx	lr
    return 32U;
 800882a:	2320      	movs	r3, #32
 800882c:	e7eb      	b.n	8008806 <LL_GPIO_SetAFPin_8_15+0x10>
 800882e:	2120      	movs	r1, #32
 8008830:	e7f5      	b.n	800881e <LL_GPIO_SetAFPin_8_15+0x28>

08008832 <LL_GPIO_SetPinMode>:
{
 8008832:	b410      	push	{r4}
  MODIFY_REG(GPIOx->MODER, (GPIO_MODER_MODER0 << (POSITION_VAL(Pin) * 2U)), (Mode << (POSITION_VAL(Pin) * 2U)));
 8008834:	6804      	ldr	r4, [r0, #0]
   __ASM ("rbit %0, %1" : "=r" (result) : "r" (value) );
 8008836:	fa91 f3a1 	rbit	r3, r1
  if (value == 0U)
 800883a:	b19b      	cbz	r3, 8008864 <LL_GPIO_SetPinMode+0x32>
  return __builtin_clz(value);
 800883c:	fab3 f383 	clz	r3, r3
 8008840:	005b      	lsls	r3, r3, #1
 8008842:	f04f 0c03 	mov.w	ip, #3
 8008846:	fa0c f303 	lsl.w	r3, ip, r3
 800884a:	ea24 0303 	bic.w	r3, r4, r3
   __ASM ("rbit %0, %1" : "=r" (result) : "r" (value) );
 800884e:	fa91 f1a1 	rbit	r1, r1
  if (value == 0U)
 8008852:	b149      	cbz	r1, 8008868 <LL_GPIO_SetPinMode+0x36>
  return __builtin_clz(value);
 8008854:	fab1 f181 	clz	r1, r1
 8008858:	0049      	lsls	r1, r1, #1
 800885a:	408a      	lsls	r2, r1
 800885c:	4313      	orrs	r3, r2
 800885e:	6003      	str	r3, [r0, #0]
}
 8008860:	bc10      	pop	{r4}
 8008862:	4770      	bx	lr
    return 32U;
 8008864:	2320      	movs	r3, #32
 8008866:	e7eb      	b.n	8008840 <LL_GPIO_SetPinMode+0xe>
 8008868:	2120      	movs	r1, #32
 800886a:	e7f5      	b.n	8008858 <LL_GPIO_SetPinMode+0x26>

0800886c <stm32_gpioport_configure_pin>:
{
 800886c:	e92d 43f8 	stmdb	sp!, {r3, r4, r5, r6, r7, r8, r9, lr}
 8008870:	460f      	mov	r7, r1
 8008872:	4615      	mov	r5, r2
 8008874:	4698      	mov	r8, r3
	const struct gpio_stm32_config *dev_cfg = port->config;
 8008876:	6843      	ldr	r3, [r0, #4]
	GPIO_TypeDef *gpio = (GPIO_TypeDef *)dev_cfg->base;
 8008878:	685e      	ldr	r6, [r3, #4]
		pinval |= 1u << pinnum;
	} else {
		pinval |= (1u << (pinnum % 8)) | 0x04000000u;
	}
#else
	pinval = 1u << pinnum;
 800887a:	2401      	movs	r4, #1
 800887c:	408c      	lsls	r4, r1
	mode = config & (STM32_MODER_MASK << STM32_MODER_SHIFT);
 800887e:	f002 0930 	and.w	r9, r2, #48	@ 0x30
	LL_GPIO_SetPinOutputType(gpio, pin_ll, otype >> STM32_OTYPER_SHIFT);
 8008882:	f3c2 1380 	ubfx	r3, r2, #6, #1
  MODIFY_REG(GPIOx->OTYPER, PinMask, (PinMask * OutputType));
 8008886:	6870      	ldr	r0, [r6, #4]
 8008888:	ea20 0004 	bic.w	r0, r0, r4
 800888c:	408b      	lsls	r3, r1
 800888e:	4318      	orrs	r0, r3
 8008890:	6070      	str	r0, [r6, #4]
	LL_GPIO_SetPinSpeed(gpio, pin_ll, ospeed >> STM32_OSPEEDR_SHIFT);
 8008892:	f3c2 12c1 	ubfx	r2, r2, #7, #2
 8008896:	4621      	mov	r1, r4
 8008898:	4630      	mov	r0, r6
 800889a:	f7ff ff51 	bl	8008740 <LL_GPIO_SetPinSpeed>
	ll_gpio_set_pin_pull(gpio, pin_ll, pupd >> STM32_PUPDR_SHIFT);
 800889e:	f3c5 2241 	ubfx	r2, r5, #9, #2
 80088a2:	4621      	mov	r1, r4
 80088a4:	4630      	mov	r0, r6
 80088a6:	f7ff ff85 	bl	80087b4 <ll_gpio_set_pin_pull>
	if (mode == STM32_MODER_ALT_MODE) {
 80088aa:	f1b9 0f20 	cmp.w	r9, #32
 80088ae:	d008      	beq.n	80088c2 <stm32_gpioport_configure_pin+0x56>
	LL_GPIO_SetPinMode(gpio, pin_ll, mode >> STM32_MODER_SHIFT);
 80088b0:	ea4f 1219 	mov.w	r2, r9, lsr #4
 80088b4:	4621      	mov	r1, r4
 80088b6:	4630      	mov	r0, r6
 80088b8:	f7ff ffbb 	bl	8008832 <LL_GPIO_SetPinMode>
}
 80088bc:	2000      	movs	r0, #0
 80088be:	e8bd 83f8 	ldmia.w	sp!, {r3, r4, r5, r6, r7, r8, r9, pc}
		if (pin < 8) {
 80088c2:	2f07      	cmp	r7, #7
 80088c4:	d805      	bhi.n	80088d2 <stm32_gpioport_configure_pin+0x66>
			LL_GPIO_SetAFPin_0_7(gpio, pin_ll, func);
 80088c6:	4642      	mov	r2, r8
 80088c8:	4621      	mov	r1, r4
 80088ca:	4630      	mov	r0, r6
 80088cc:	f7ff ff76 	bl	80087bc <LL_GPIO_SetAFPin_0_7>
 80088d0:	e7ee      	b.n	80088b0 <stm32_gpioport_configure_pin+0x44>
			LL_GPIO_SetAFPin_8_15(gpio, pin_ll, func);
 80088d2:	4642      	mov	r2, r8
 80088d4:	4621      	mov	r1, r4
 80088d6:	4630      	mov	r0, r6
 80088d8:	f7ff ff8d 	bl	80087f6 <LL_GPIO_SetAFPin_8_15>
 80088dc:	e7e8      	b.n	80088b0 <stm32_gpioport_configure_pin+0x44>

080088de <log_msg_generic_get_wlen>:
	return msg->generic.type == Z_LOG_MSG_LOG;
 80088de:	7803      	ldrb	r3, [r0, #0]
	if (z_log_item_is_msg(generic_msg)) {
 80088e0:	f013 0f04 	tst.w	r3, #4
 80088e4:	d001      	beq.n	80088ea <log_msg_generic_get_wlen+0xc>
	return 0;
 80088e6:	2000      	movs	r0, #0
}
 80088e8:	4770      	bx	lr
		return log_msg_get_total_wlen(msg->hdr.desc);
 80088ea:	6803      	ldr	r3, [r0, #0]
	return Z_LOG_MSG_ALIGNED_WLEN(desc.package_len, desc.data_len);
 80088ec:	f3c3 204a 	ubfx	r0, r3, #9, #11
 80088f0:	eb00 5013 	add.w	r0, r0, r3, lsr #20
 80088f4:	3017      	adds	r0, #23
 80088f6:	f020 0007 	bic.w	r0, r0, #7
 80088fa:	0880      	lsrs	r0, r0, #2
		return log_msg_get_total_wlen(msg->hdr.desc);
 80088fc:	4770      	bx	lr

080088fe <log_backend_init>:
{
 80088fe:	b510      	push	{r4, lr}
 8008900:	4604      	mov	r4, r0
	if (backend->api->init) {
 8008902:	6803      	ldr	r3, [r0, #0]
 8008904:	68db      	ldr	r3, [r3, #12]
 8008906:	b103      	cbz	r3, 800890a <log_backend_init+0xc>
		backend->api->init(backend);
 8008908:	4798      	blx	r3
	backend->cb->initialized = true;
 800890a:	6863      	ldr	r3, [r4, #4]
 800890c:	2201      	movs	r2, #1
 800890e:	719a      	strb	r2, [r3, #6]
}
 8008910:	bd10      	pop	{r4, pc}

08008912 <dummy_timestamp>:
}
 8008912:	2000      	movs	r0, #0
 8008914:	4770      	bx	lr

08008916 <msg_filter_check>:
}
 8008916:	2001      	movs	r0, #1
 8008918:	4770      	bx	lr

0800891a <k_msleep>:
{
 800891a:	b508      	push	{r3, lr}
	return k_sleep(Z_TIMEOUT_MS(ms));
 800891c:	ea20 73e0 	bic.w	r3, r0, r0, asr #31
 8008920:	17d9      	asrs	r1, r3, #31
 8008922:	008a      	lsls	r2, r1, #2
 8008924:	ea42 7293 	orr.w	r2, r2, r3, lsr #30
 8008928:	0098      	lsls	r0, r3, #2
 800892a:	18c0      	adds	r0, r0, r3
 800892c:	eb41 0102 	adc.w	r1, r1, r2
 8008930:	1800      	adds	r0, r0, r0
 8008932:	4149      	adcs	r1, r1
	return z_impl_k_sleep(timeout);
 8008934:	f7fd fe6c 	bl	8006610 <z_impl_k_sleep>
}
 8008938:	bd08      	pop	{r3, pc}

0800893a <msg_alloc>:
{
 800893a:	b508      	push	{r3, lr}
	return (struct log_msg *)mpsc_pbuf_alloc(
 800893c:	2200      	movs	r2, #0
 800893e:	2300      	movs	r3, #0
 8008940:	f7ff fd5b 	bl	80083fa <mpsc_pbuf_alloc>
}
 8008944:	bd08      	pop	{r3, pc}

08008946 <msg_free>:
{
 8008946:	b508      	push	{r3, lr}
	mpsc_pbuf_free(buffer, &msg->buf);
 8008948:	f7ff fe8d 	bl	8008666 <mpsc_pbuf_free>
}
 800894c:	bd08      	pop	{r3, pc}

0800894e <msg_pending>:
{
 800894e:	b508      	push	{r3, lr}
	return mpsc_pbuf_is_pending(buffer);
 8008950:	f7ff fecd 	bl	80086ee <mpsc_pbuf_is_pending>
}
 8008954:	bd08      	pop	{r3, pc}

08008956 <z_log_vprintk>:
{
 8008956:	b500      	push	{lr}
 8008958:	b085      	sub	sp, #20
	z_log_msg_runtime_vcreate(Z_LOG_LOCAL_DOMAIN_ID, NULL,
 800895a:	9103      	str	r1, [sp, #12]
 800895c:	9002      	str	r0, [sp, #8]
 800895e:	2000      	movs	r0, #0
 8008960:	9001      	str	r0, [sp, #4]
 8008962:	9000      	str	r0, [sp, #0]
 8008964:	4603      	mov	r3, r0
 8008966:	4602      	mov	r2, r0
 8008968:	4601      	mov	r1, r0
 800896a:	f7fa f845 	bl	80029f8 <z_log_msg_runtime_vcreate>
}
 800896e:	b005      	add	sp, #20
 8008970:	f85d fb04 	ldr.w	pc, [sp], #4

08008974 <z_log_notify_drop>:
 */
bool z_log_msg_pending(void);

static inline void z_log_notify_drop(const struct mpsc_pbuf_buffer *buffer,
				     const union mpsc_pbuf_generic *item)
{
 8008974:	b508      	push	{r3, lr}
	ARG_UNUSED(buffer);
	ARG_UNUSED(item);

	z_log_dropped(true);
 8008976:	2001      	movs	r0, #1
 8008978:	f7f9 fd84 	bl	8002484 <z_log_dropped>
}
 800897c:	bd08      	pop	{r3, pc}

0800897e <z_log_msg_claim>:
{
 800897e:	b508      	push	{r3, lr}
	return z_log_msg_local_claim();
 8008980:	f7f9 fe20 	bl	80025c4 <z_log_msg_local_claim>
}
 8008984:	bd08      	pop	{r3, pc}

08008986 <msg_commit>:
{
 8008986:	b508      	push	{r3, lr}
	mpsc_pbuf_commit(buffer, &m->buf);
 8008988:	f7ff fdd1 	bl	800852e <mpsc_pbuf_commit>
	z_log_msg_post_finalize();
 800898c:	f7f9 feca 	bl	8002724 <z_log_msg_post_finalize>
}
 8008990:	bd08      	pop	{r3, pc}

08008992 <z_log_get_tag>:
}
 8008992:	2000      	movs	r0, #0
 8008994:	4770      	bx	lr

08008996 <log_backend_enable>:
}

void log_backend_enable(struct log_backend const *const backend,
			void *ctx,
			uint32_t level)
{
 8008996:	b508      	push	{r3, lr}
	backend->cb->level = level;
 8008998:	6843      	ldr	r3, [r0, #4]
 800899a:	71da      	strb	r2, [r3, #7]
	backend->cb->ctx = ctx;
 800899c:	6843      	ldr	r3, [r0, #4]
 800899e:	6019      	str	r1, [r3, #0]
	backend->cb->active = true;
 80089a0:	6843      	ldr	r3, [r0, #4]
 80089a2:	2201      	movs	r2, #1
 80089a4:	715a      	strb	r2, [r3, #5]
	backend_filter_set(backend, level);
	log_backend_activate(backend, ctx);

	z_log_notify_backend_enabled();
 80089a6:	f7f9 fd5d 	bl	8002464 <z_log_notify_backend_enabled>
}
 80089aa:	bd08      	pop	{r3, pc}

080089ac <z_cbprintf_cpy>:
	if (len == 0) {
 80089ac:	b191      	cbz	r1, 80089d4 <z_cbprintf_cpy+0x28>
{
 80089ae:	b570      	push	{r4, r5, r6, lr}
 80089b0:	4614      	mov	r4, r2
 80089b2:	460d      	mov	r5, r1
	if ((desc->size - desc->off) < len) {
 80089b4:	6853      	ldr	r3, [r2, #4]
 80089b6:	6896      	ldr	r6, [r2, #8]
 80089b8:	1b9b      	subs	r3, r3, r6
 80089ba:	428b      	cmp	r3, r1
 80089bc:	d30c      	bcc.n	80089d8 <z_cbprintf_cpy+0x2c>
	memcpy(&((uint8_t *)desc->buf)[desc->off], buf, len);
 80089be:	6813      	ldr	r3, [r2, #0]
 80089c0:	460a      	mov	r2, r1
 80089c2:	4601      	mov	r1, r0
 80089c4:	1998      	adds	r0, r3, r6
 80089c6:	f7f7 fc47 	bl	8000258 <__aeabi_memcpy>
	desc->off += len;
 80089ca:	68a3      	ldr	r3, [r4, #8]
 80089cc:	442b      	add	r3, r5
 80089ce:	60a3      	str	r3, [r4, #8]
	return len;
 80089d0:	4628      	mov	r0, r5
}
 80089d2:	bd70      	pop	{r4, r5, r6, pc}
		return 0;
 80089d4:	2000      	movs	r0, #0
}
 80089d6:	4770      	bx	lr
		return -ENOSPC;
 80089d8:	f06f 001b 	mvn.w	r0, #27
 80089dc:	e7f9      	b.n	80089d2 <z_cbprintf_cpy+0x26>

080089de <z_log_msg_finalize>:
{
 80089de:	b570      	push	{r4, r5, r6, lr}
	if (!msg) {
 80089e0:	b188      	cbz	r0, 8008a06 <z_log_msg_finalize+0x28>
 80089e2:	460e      	mov	r6, r1
 80089e4:	4614      	mov	r4, r2
 80089e6:	4619      	mov	r1, r3
 80089e8:	4605      	mov	r5, r0
	if (data) {
 80089ea:	b133      	cbz	r3, 80089fa <z_log_msg_finalize+0x1c>
		uint8_t *d = msg->data + desc.package_len;
 80089ec:	3010      	adds	r0, #16
 80089ee:	f3c2 234a 	ubfx	r3, r2, #9, #11
		memcpy(d, data, desc.data_len);
 80089f2:	0d12      	lsrs	r2, r2, #20
 80089f4:	4418      	add	r0, r3
 80089f6:	f7f7 fc2f 	bl	8000258 <__aeabi_memcpy>
	msg->hdr.desc = desc;
 80089fa:	602c      	str	r4, [r5, #0]
	msg->hdr.source = source;
 80089fc:	606e      	str	r6, [r5, #4]
	z_log_msg_commit(msg);
 80089fe:	4628      	mov	r0, r5
 8008a00:	f7f9 fed2 	bl	80027a8 <z_log_msg_commit>
}
 8008a04:	bd70      	pop	{r4, r5, r6, pc}
		z_log_dropped(false);
 8008a06:	f7f9 fd3d 	bl	8002484 <z_log_dropped>
		return;
 8008a0a:	e7fb      	b.n	8008a04 <z_log_msg_finalize+0x26>

08008a0c <z_log_msg_simple_create>:
{
 8008a0c:	e92d 43f0 	stmdb	sp!, {r4, r5, r6, r7, r8, r9, lr}
 8008a10:	b083      	sub	sp, #12
 8008a12:	4606      	mov	r6, r0
 8008a14:	460f      	mov	r7, r1
 8008a16:	4615      	mov	r5, r2
 8008a18:	461c      	mov	r4, r3
	size_t plen32 = len + CBPRINTF_DESC_SIZE32;
 8008a1a:	f103 0901 	add.w	r9, r3, #1
	size_t plen8 = sizeof(uint32_t) * plen32 +
 8008a1e:	ea4f 0889 	mov.w	r8, r9, lsl #2
	struct log_msg *msg = z_log_msg_alloc(Z_LOG_MSG_ALIGNED_WLEN(plen8, 0));
 8008a22:	f108 0017 	add.w	r0, r8, #23
 8008a26:	f020 0007 	bic.w	r0, r0, #7
 8008a2a:	0880      	lsrs	r0, r0, #2
 8008a2c:	f7f9 fdc2 	bl	80025b4 <z_log_msg_alloc>
	union cbprintf_package_hdr package_hdr = {
 8008a30:	2200      	movs	r2, #0
 8008a32:	9201      	str	r2, [sp, #4]
 8008a34:	f88d 9004 	strb.w	r9, [sp, #4]
	if (msg) {
 8008a38:	b168      	cbz	r0, 8008a56 <z_log_msg_simple_create+0x4a>
		*package++ = (uint32_t)(uintptr_t)package_hdr.raw;
 8008a3a:	f100 0c14 	add.w	ip, r0, #20
 8008a3e:	9b01      	ldr	r3, [sp, #4]
 8008a40:	6103      	str	r3, [r0, #16]
		for (size_t i = 0; i < len; i++) {
 8008a42:	4696      	mov	lr, r2
 8008a44:	e005      	b.n	8008a52 <z_log_msg_simple_create+0x46>
			*package++ = data[i];
 8008a46:	f855 302e 	ldr.w	r3, [r5, lr, lsl #2]
 8008a4a:	f84c 3b04 	str.w	r3, [ip], #4
		for (size_t i = 0; i < len; i++) {
 8008a4e:	f10e 0e01 	add.w	lr, lr, #1
 8008a52:	45a6      	cmp	lr, r4
 8008a54:	d3f7      	bcc.n	8008a46 <z_log_msg_simple_create+0x3a>
	struct log_msg_desc desc = {
 8008a56:	2200      	movs	r2, #0
 8008a58:	f367 1288 	bfi	r2, r7, #6, #3
 8008a5c:	f368 2253 	bfi	r2, r8, #9, #11
	z_log_msg_finalize(msg, source, desc, NULL);
 8008a60:	2300      	movs	r3, #0
 8008a62:	4631      	mov	r1, r6
 8008a64:	f7ff ffbb 	bl	80089de <z_log_msg_finalize>
}
 8008a68:	b003      	add	sp, #12
 8008a6a:	e8bd 83f0 	ldmia.w	sp!, {r4, r5, r6, r7, r8, r9, pc}

08008a6e <z_impl_z_log_msg_simple_create_0>:
{
 8008a6e:	b500      	push	{lr}
 8008a70:	b083      	sub	sp, #12
	uint32_t data[] = {(uint32_t)(uintptr_t)fmt};
 8008a72:	9201      	str	r2, [sp, #4]
	z_log_msg_simple_create(source, level, data, ARRAY_SIZE(data));
 8008a74:	2301      	movs	r3, #1
 8008a76:	aa01      	add	r2, sp, #4
 8008a78:	f7ff ffc8 	bl	8008a0c <z_log_msg_simple_create>
}
 8008a7c:	b003      	add	sp, #12
 8008a7e:	f85d fb04 	ldr.w	pc, [sp], #4

08008a82 <z_impl_z_log_msg_simple_create_1>:
{
 8008a82:	b500      	push	{lr}
 8008a84:	b083      	sub	sp, #12
	uint32_t data[] = {(uint32_t)(uintptr_t)fmt, arg};
 8008a86:	9200      	str	r2, [sp, #0]
 8008a88:	9301      	str	r3, [sp, #4]
	z_log_msg_simple_create(source, level, data, ARRAY_SIZE(data));
 8008a8a:	2302      	movs	r3, #2
 8008a8c:	466a      	mov	r2, sp
 8008a8e:	f7ff ffbd 	bl	8008a0c <z_log_msg_simple_create>
}
 8008a92:	b003      	add	sp, #12
 8008a94:	f85d fb04 	ldr.w	pc, [sp], #4

08008a98 <z_impl_z_log_msg_simple_create_2>:
{
 8008a98:	b500      	push	{lr}
 8008a9a:	b085      	sub	sp, #20
	uint32_t data[] = {(uint32_t)(uintptr_t)fmt, arg0, arg1};
 8008a9c:	9201      	str	r2, [sp, #4]
 8008a9e:	9302      	str	r3, [sp, #8]
 8008aa0:	9b06      	ldr	r3, [sp, #24]
 8008aa2:	9303      	str	r3, [sp, #12]
	z_log_msg_simple_create(source, level, data, ARRAY_SIZE(data));
 8008aa4:	2303      	movs	r3, #3
 8008aa6:	aa01      	add	r2, sp, #4
 8008aa8:	f7ff ffb0 	bl	8008a0c <z_log_msg_simple_create>
}
 8008aac:	b005      	add	sp, #20
 8008aae:	f85d fb04 	ldr.w	pc, [sp], #4

08008ab2 <z_log_msg_static_create>:
{
 8008ab2:	b508      	push	{r3, lr}
	z_impl_z_log_msg_static_create(source, desc, package, data);
 8008ab4:	f7f9 fef4 	bl	80028a0 <z_impl_z_log_msg_static_create>
}
 8008ab8:	bd08      	pop	{r3, pc}

08008aba <log_output_flush>:
/** @brief Flush output buffer.
 *
 * @param output Pointer to the log output instance.
 */
static inline void log_output_flush(const struct log_output *output)
{
 8008aba:	e92d 41f0 	stmdb	sp!, {r4, r5, r6, r7, r8, lr}
 8008abe:	4680      	mov	r8, r0
	log_output_write(output->func, output->buf, output->control_block->offset,
 8008ac0:	6807      	ldr	r7, [r0, #0]
 8008ac2:	6885      	ldr	r5, [r0, #8]
 8008ac4:	6843      	ldr	r3, [r0, #4]
 8008ac6:	681c      	ldr	r4, [r3, #0]
 8008ac8:	685e      	ldr	r6, [r3, #4]
	while (len != 0) {
 8008aca:	e005      	b.n	8008ad8 <log_output_flush+0x1e>
		processed = outf(buf, len, ctx);
 8008acc:	4632      	mov	r2, r6
 8008ace:	4621      	mov	r1, r4
 8008ad0:	4628      	mov	r0, r5
 8008ad2:	47b8      	blx	r7
		len -= processed;
 8008ad4:	1a24      	subs	r4, r4, r0
		buf += processed;
 8008ad6:	4405      	add	r5, r0
	while (len != 0) {
 8008ad8:	2c00      	cmp	r4, #0
 8008ada:	d1f7      	bne.n	8008acc <log_output_flush+0x12>
			 output->control_block->ctx);
	output->control_block->offset = 0;
 8008adc:	f8d8 3004 	ldr.w	r3, [r8, #4]
 8008ae0:	2200      	movs	r2, #0
 8008ae2:	601a      	str	r2, [r3, #0]
}
 8008ae4:	e8bd 81f0 	ldmia.w	sp!, {r4, r5, r6, r7, r8, pc}

08008ae8 <out_func>:
{
 8008ae8:	b538      	push	{r3, r4, r5, lr}
 8008aea:	4605      	mov	r5, r0
 8008aec:	460c      	mov	r4, r1
	if (out_ctx->control_block->offset == out_ctx->size) {
 8008aee:	684b      	ldr	r3, [r1, #4]
 8008af0:	681a      	ldr	r2, [r3, #0]
 8008af2:	68cb      	ldr	r3, [r1, #12]
 8008af4:	429a      	cmp	r2, r3
 8008af6:	d00f      	beq.n	8008b18 <out_func+0x30>
	idx = atomic_inc(&out_ctx->control_block->offset);
 8008af8:	6863      	ldr	r3, [r4, #4]
 8008afa:	f3bf 8f5b 	dmb	ish
 8008afe:	e853 2f00 	ldrex	r2, [r3]
 8008b02:	1c51      	adds	r1, r2, #1
 8008b04:	e843 1000 	strex	r0, r1, [r3]
 8008b08:	2800      	cmp	r0, #0
 8008b0a:	d1f8      	bne.n	8008afe <out_func+0x16>
 8008b0c:	f3bf 8f5b 	dmb	ish
	out_ctx->buf[idx] = (uint8_t)c;
 8008b10:	68a3      	ldr	r3, [r4, #8]
 8008b12:	549d      	strb	r5, [r3, r2]
}
 8008b14:	2000      	movs	r0, #0
 8008b16:	bd38      	pop	{r3, r4, r5, pc}
		log_output_flush(out_ctx);
 8008b18:	4608      	mov	r0, r1
 8008b1a:	f7ff ffce 	bl	8008aba <log_output_flush>
 8008b1e:	e7eb      	b.n	8008af8 <out_func+0x10>

08008b20 <cr_out_func>:
{
 8008b20:	b538      	push	{r3, r4, r5, lr}
 8008b22:	4604      	mov	r4, r0
 8008b24:	460d      	mov	r5, r1
	if (c == '\n') {
 8008b26:	280a      	cmp	r0, #10
 8008b28:	d005      	beq.n	8008b36 <cr_out_func+0x16>
	out_func(c, ctx);
 8008b2a:	4629      	mov	r1, r5
 8008b2c:	4620      	mov	r0, r4
 8008b2e:	f7ff ffdb 	bl	8008ae8 <out_func>
}
 8008b32:	2000      	movs	r0, #0
 8008b34:	bd38      	pop	{r3, r4, r5, pc}
		out_func((int)'\r', ctx);
 8008b36:	200d      	movs	r0, #13
 8008b38:	f7ff ffd6 	bl	8008ae8 <out_func>
 8008b3c:	e7f5      	b.n	8008b2a <cr_out_func+0xa>

08008b3e <color_prefix>:
{
 8008b3e:	b508      	push	{r3, lr}
 8008b40:	4613      	mov	r3, r2
	color_print(output, color, true, level);
 8008b42:	2201      	movs	r2, #1
 8008b44:	f7fa f812 	bl	8002b6c <color_print>
}
 8008b48:	bd08      	pop	{r3, pc}

08008b4a <color_postfix>:
{
 8008b4a:	b508      	push	{r3, lr}
 8008b4c:	4613      	mov	r3, r2
	color_print(output, color, false, level);
 8008b4e:	2200      	movs	r2, #0
 8008b50:	f7fa f80c 	bl	8002b6c <color_print>
}
 8008b54:	bd08      	pop	{r3, pc}

08008b56 <postfix_print>:
{
 8008b56:	b538      	push	{r3, r4, r5, lr}
 8008b58:	4605      	mov	r5, r0
 8008b5a:	460c      	mov	r4, r1
	color_postfix(output, (flags & LOG_OUTPUT_FLAG_COLORS),
 8008b5c:	f001 0101 	and.w	r1, r1, #1
 8008b60:	f7ff fff3 	bl	8008b4a <color_postfix>
	newline_print(output, flags);
 8008b64:	4621      	mov	r1, r4
 8008b66:	4628      	mov	r0, r5
 8008b68:	f7fa f896 	bl	8002c98 <newline_print>
}
 8008b6c:	bd38      	pop	{r3, r4, r5, pc}

08008b6e <log_msg_hexdump>:
{
 8008b6e:	e92d 43f0 	stmdb	sp!, {r4, r5, r6, r7, r8, r9, lr}
 8008b72:	b083      	sub	sp, #12
 8008b74:	4680      	mov	r8, r0
 8008b76:	460e      	mov	r6, r1
 8008b78:	4615      	mov	r5, r2
 8008b7a:	461f      	mov	r7, r3
 8008b7c:	f8dd 9028 	ldr.w	r9, [sp, #40]	@ 0x28
		length = MIN(len, HEXDUMP_BYTES_IN_LINE);
 8008b80:	462c      	mov	r4, r5
 8008b82:	2d10      	cmp	r5, #16
 8008b84:	bf28      	it	cs
 8008b86:	2410      	movcs	r4, #16
		hexdump_line_print(output, data, length,
 8008b88:	f8cd 9000 	str.w	r9, [sp]
 8008b8c:	463b      	mov	r3, r7
 8008b8e:	4622      	mov	r2, r4
 8008b90:	4631      	mov	r1, r6
 8008b92:	4640      	mov	r0, r8
 8008b94:	f7fa f894 	bl	8002cc0 <hexdump_line_print>
		data += length;
 8008b98:	4426      	add	r6, r4
	} while (len);
 8008b9a:	1b2d      	subs	r5, r5, r4
 8008b9c:	d1f0      	bne.n	8008b80 <log_msg_hexdump+0x12>
}
 8008b9e:	b003      	add	sp, #12
 8008ba0:	e8bd 83f0 	ldmia.w	sp!, {r4, r5, r6, r7, r8, r9, pc}

08008ba4 <log_output_msg_process>:
{
 8008ba4:	e92d 43f0 	stmdb	sp!, {r4, r5, r6, r7, r8, r9, lr}
 8008ba8:	b089      	sub	sp, #36	@ 0x24
 8008baa:	4606      	mov	r6, r0
 8008bac:	460c      	mov	r4, r1
 8008bae:	4690      	mov	r8, r2
 *
 * @return Timestamp.
 */
static inline log_timestamp_t log_msg_get_timestamp(struct log_msg *msg)
{
	return msg->hdr.timestamp;
 8008bb0:	f8d1 9008 	ldr.w	r9, [r1, #8]
	return msg->hdr.desc.level;
 8008bb4:	880f      	ldrh	r7, [r1, #0]
 8008bb6:	f3c7 1782 	ubfx	r7, r7, #6, #3
	return msg->hdr.desc.domain;
 8008bba:	7808      	ldrb	r0, [r1, #0]
 8008bbc:	f3c0 05c2 	ubfx	r5, r0, #3, #3
	int16_t source_id = log_msg_get_source_id(msg);
 8008bc0:	4608      	mov	r0, r1
 8008bc2:	f7f9 ff6f 	bl	8002aa4 <log_msg_get_source_id>
	const char *sname = source_id >= 0 ? log_source_name_get(domain_id, source_id) : NULL;
 8008bc6:	1e01      	subs	r1, r0, #0
 8008bc8:	da1b      	bge.n	8008c02 <log_output_msg_process+0x5e>
 8008bca:	2300      	movs	r3, #0
 *
 * @return pointer to the package.
 */
static inline uint8_t *log_msg_get_package(struct log_msg *msg, size_t *len)
{
	*len = msg->hdr.desc.package_len;
 8008bcc:	4621      	mov	r1, r4
 8008bce:	f851 5b10 	ldr.w	r5, [r1], #16
 8008bd2:	f3c5 254a 	ubfx	r5, r5, #9, #11
	*len = msg->hdr.desc.data_len;
 8008bd6:	8862      	ldrh	r2, [r4, #2]
 8008bd8:	f3c2 120b 	ubfx	r2, r2, #4, #12
	return msg->data + msg->hdr.desc.package_len;
 8008bdc:	1948      	adds	r0, r1, r5
	log_output_process(output, timestamp, dname, sname, (k_tid_t)log_msg_get_tid(msg),
 8008bde:	b905      	cbnz	r5, 8008be2 <log_output_msg_process+0x3e>
 8008be0:	2100      	movs	r1, #0
 8008be2:	f8cd 8018 	str.w	r8, [sp, #24]
 8008be6:	9205      	str	r2, [sp, #20]
 8008be8:	9004      	str	r0, [sp, #16]
 8008bea:	9103      	str	r1, [sp, #12]
 8008bec:	9702      	str	r7, [sp, #8]
 8008bee:	2200      	movs	r2, #0
 8008bf0:	9201      	str	r2, [sp, #4]
 8008bf2:	9200      	str	r2, [sp, #0]
 8008bf4:	4649      	mov	r1, r9
 8008bf6:	4630      	mov	r0, r6
 8008bf8:	f7fa f8c4 	bl	8002d84 <log_output_process>
}
 8008bfc:	b009      	add	sp, #36	@ 0x24
 8008bfe:	e8bd 83f0 	ldmia.w	sp!, {r4, r5, r6, r7, r8, r9, pc}
	const char *sname = source_id >= 0 ? log_source_name_get(domain_id, source_id) : NULL;
 8008c02:	4628      	mov	r0, r5
 8008c04:	f7f9 fe26 	bl	8002854 <log_source_name_get>
 8008c08:	4603      	mov	r3, r0
 8008c0a:	e7df      	b.n	8008bcc <log_output_msg_process+0x28>

08008c0c <log_output_flush>:
{
 8008c0c:	e92d 41f0 	stmdb	sp!, {r4, r5, r6, r7, r8, lr}
 8008c10:	4680      	mov	r8, r0
	log_output_write(output->func, output->buf, output->control_block->offset,
 8008c12:	6807      	ldr	r7, [r0, #0]
 8008c14:	6885      	ldr	r5, [r0, #8]
 8008c16:	6843      	ldr	r3, [r0, #4]
 8008c18:	681c      	ldr	r4, [r3, #0]
 8008c1a:	685e      	ldr	r6, [r3, #4]
	while (len != 0) {
 8008c1c:	e005      	b.n	8008c2a <log_output_flush+0x1e>
		processed = outf(buf, len, ctx);
 8008c1e:	4632      	mov	r2, r6
 8008c20:	4621      	mov	r1, r4
 8008c22:	4628      	mov	r0, r5
 8008c24:	47b8      	blx	r7
		len -= processed;
 8008c26:	1a24      	subs	r4, r4, r0
		buf += processed;
 8008c28:	4405      	add	r5, r0
	while (len != 0) {
 8008c2a:	2c00      	cmp	r4, #0
 8008c2c:	d1f7      	bne.n	8008c1e <log_output_flush+0x12>
	output->control_block->offset = 0;
 8008c2e:	f8d8 3004 	ldr.w	r3, [r8, #4]
 8008c32:	2200      	movs	r2, #0
 8008c34:	601a      	str	r2, [r3, #0]
}
 8008c36:	e8bd 81f0 	ldmia.w	sp!, {r4, r5, r6, r7, r8, pc}

08008c3a <format_set>:
	log_output_func(ctx->output, &msg->log, flags);
}

static int format_set(const struct log_backend *const backend, uint32_t log_type)
{
	const struct lbu_cb_ctx *ctx = backend->cb->ctx;
 8008c3a:	6843      	ldr	r3, [r0, #4]
 8008c3c:	681b      	ldr	r3, [r3, #0]
	struct lbu_data *data = ctx->data;
 8008c3e:	685b      	ldr	r3, [r3, #4]

	data->log_format_current = log_type;
 8008c40:	6199      	str	r1, [r3, #24]

	return 0;
}
 8008c42:	2000      	movs	r0, #0
 8008c44:	4770      	bx	lr

08008c46 <log_backend_uart_init>:

static void log_backend_uart_init(struct log_backend const *const backend)
{
	const struct lbu_cb_ctx *ctx = backend->cb->ctx;
 8008c46:	6843      	ldr	r3, [r0, #4]
 8008c48:	681b      	ldr	r3, [r3, #0]
	const struct device *uart_dev = LBU_UART_DEV(ctx);
	struct lbu_data *data = ctx->data;

	__ASSERT_NO_MSG(device_is_ready(uart_dev));

	log_output_ctx_set(ctx->output, (void *)ctx);
 8008c4a:	681a      	ldr	r2, [r3, #0]
 * @param ctx		User context.
 */
static inline void log_output_ctx_set(const struct log_output *output,
				      void *ctx)
{
	output->control_block->ctx = ctx;
 8008c4c:	6852      	ldr	r2, [r2, #4]
 8008c4e:	6053      	str	r3, [r2, #4]
			LOG_WRN("Failed to initialize asynchronous mode (err:%d). "
				"Fallback to polling.",
				err);
		}
	}
}
 8008c50:	4770      	bx	lr

08008c52 <panic>:

static void panic(struct log_backend const *const backend)
{
 8008c52:	b508      	push	{r3, lr}
	const struct lbu_cb_ctx *ctx = backend->cb->ctx;
 8008c54:	6843      	ldr	r3, [r0, #4]
 8008c56:	681b      	ldr	r3, [r3, #0]
	struct lbu_data *data = ctx->data;
 8008c58:	685a      	ldr	r2, [r3, #4]
	}
#else
	ARG_UNUSED(uart_dev);
#endif /* CONFIG_PM_DEVICE */

	data->in_panic = true;
 8008c5a:	2101      	movs	r1, #1
 8008c5c:	7711      	strb	r1, [r2, #28]
 * @param output	Log output instance.
 */
static inline void
log_backend_std_panic(const struct log_output *const output)
{
	log_output_flush(output);
 8008c5e:	6818      	ldr	r0, [r3, #0]
 8008c60:	f7ff ffd4 	bl	8008c0c <log_output_flush>
	log_backend_std_panic(ctx->output);
}
 8008c64:	bd08      	pop	{r3, pc}

08008c66 <dropped>:

static void dropped(const struct log_backend *const backend, uint32_t cnt)
{
 8008c66:	b508      	push	{r3, lr}
	const struct lbu_cb_ctx *ctx = backend->cb->ctx;
 8008c68:	6843      	ldr	r3, [r0, #4]
 8008c6a:	681b      	ldr	r3, [r3, #0]
 * @param cnt		Number of dropped messages.
 */
static inline void
log_backend_std_dropped(const struct log_output *const output, uint32_t cnt)
{
	log_output_dropped_process(output, cnt);
 8008c6c:	6818      	ldr	r0, [r3, #0]
 8008c6e:	f7fa f8cf 	bl	8002e10 <log_output_dropped_process>
	if (IS_ENABLED(CONFIG_LOG_BACKEND_UART_OUTPUT_DICTIONARY)) {
		log_dict_output_dropped_process(ctx->output, cnt);
	} else {
		log_backend_std_dropped(ctx->output, cnt);
	}
}
 8008c72:	bd08      	pop	{r3, pc}

08008c74 <process>:
{
 8008c74:	b538      	push	{r3, r4, r5, lr}
 8008c76:	460c      	mov	r4, r1
	const struct lbu_cb_ctx *ctx = backend->cb->ctx;
 8008c78:	6843      	ldr	r3, [r0, #4]
 8008c7a:	681d      	ldr	r5, [r3, #0]
	struct lbu_data *data = ctx->data;
 8008c7c:	686b      	ldr	r3, [r5, #4]
	log_format_func_t log_output_func = log_format_func_t_get(data->log_format_current);
 8008c7e:	6998      	ldr	r0, [r3, #24]
 8008c80:	f7f9 fbd8 	bl	8002434 <log_format_func_t_get>
 8008c84:	4603      	mov	r3, r0
	log_output_func(ctx->output, &msg->log, flags);
 8008c86:	220f      	movs	r2, #15
 8008c88:	4621      	mov	r1, r4
 8008c8a:	6828      	ldr	r0, [r5, #0]
 8008c8c:	4798      	blx	r3
}
 8008c8e:	bd38      	pop	{r3, r4, r5, pc}

08008c90 <arch_early_memset>:
{
 8008c90:	b508      	push	{r3, lr}
	(void) memset(dst, c, n);
 8008c92:	f7fe fa75 	bl	8007180 <memset>
}
 8008c96:	bd08      	pop	{r3, pc}

08008c98 <arch_early_memcpy>:
{
 8008c98:	b508      	push	{r3, lr}
	(void) memcpy(dst, src, n);
 8008c9a:	f7f7 fadd 	bl	8000258 <__aeabi_memcpy>
}
 8008c9e:	bd08      	pop	{r3, pc}

08008ca0 <z_do_kernel_oops>:
 * @param esf exception frame
 * @param callee_regs Callee-saved registers (R4-R11)
 * @param exc_return EXC_RETURN value present in LR after exception entry.
 */
void z_do_kernel_oops(const struct arch_esf *esf, _callee_saved_t *callee_regs, uint32_t exc_return)
{
 8008ca0:	b508      	push	{r3, lr}
 8008ca2:	4601      	mov	r1, r0
	}

#endif /* CONFIG_USERSPACE */

#if !defined(CONFIG_EXTRA_EXCEPTION_INFO)
	z_arm_fatal_error(reason, esf);
 8008ca4:	6800      	ldr	r0, [r0, #0]
 8008ca6:	f7fa f9f9 	bl	800309c <z_arm_fatal_error>
		.exc_return = exc_return,
	};

	z_arm_fatal_error(reason, &esf_copy);
#endif /* CONFIG_EXTRA_EXCEPTION_INFO */
}
 8008caa:	bd08      	pop	{r3, pc}

08008cac <z_arm_nmi>:
 * Simply call what is installed in 'static void(*handler)(void)'.
 *
 */

void z_arm_nmi(void)
{
 8008cac:	b508      	push	{r3, lr}
	handler();
 8008cae:	f7fa fa11 	bl	80030d4 <z_SysNmiOnReset>
	z_arm_int_exit();
 8008cb2:	f7fa fe3d 	bl	8003930 <z_arm_exc_exit>
}
 8008cb6:	bd08      	pop	{r3, pc}

08008cb8 <memory_fault_recoverable>:
}
 8008cb8:	2000      	movs	r0, #0
 8008cba:	4770      	bx	lr

08008cbc <fault_handle>:
{
 8008cbc:	b508      	push	{r3, lr}
	*recoverable = false;
 8008cbe:	2300      	movs	r3, #0
 8008cc0:	7013      	strb	r3, [r2, #0]
	switch (fault) {
 8008cc2:	1ecb      	subs	r3, r1, #3
 8008cc4:	2b09      	cmp	r3, #9
 8008cc6:	d81a      	bhi.n	8008cfe <fault_handle+0x42>
 8008cc8:	e8df f003 	tbb	[pc, r3]
 8008ccc:	110d0905 	.word	0x110d0905
 8008cd0:	19191919 	.word	0x19191919
 8008cd4:	1419      	.short	0x1419
		reason = hard_fault(esf, recoverable);
 8008cd6:	4611      	mov	r1, r2
 8008cd8:	f7fa fc80 	bl	80035dc <hard_fault>
		break;
 8008cdc:	e012      	b.n	8008d04 <fault_handle+0x48>
		reason = mem_manage_fault(esf, 0, recoverable);
 8008cde:	2100      	movs	r1, #0
 8008ce0:	f7fa fbd8 	bl	8003494 <mem_manage_fault>
		break;
 8008ce4:	e00e      	b.n	8008d04 <fault_handle+0x48>
		reason = bus_fault(esf, 0, recoverable);
 8008ce6:	2100      	movs	r1, #0
 8008ce8:	f7fa fb4c 	bl	8003384 <bus_fault>
		break;
 8008cec:	e00a      	b.n	8008d04 <fault_handle+0x48>
		reason = usage_fault(esf);
 8008cee:	f7fa fa65 	bl	80031bc <usage_fault>
		break;
 8008cf2:	e007      	b.n	8008d04 <fault_handle+0x48>
		debug_monitor(esf, recoverable);
 8008cf4:	4611      	mov	r1, r2
 8008cf6:	f7fa facb 	bl	8003290 <debug_monitor>
	uint32_t reason = K_ERR_CPU_EXCEPTION;
 8008cfa:	2000      	movs	r0, #0
		break;
 8008cfc:	e002      	b.n	8008d04 <fault_handle+0x48>
		reserved_exception(esf, fault);
 8008cfe:	f7fa fad5 	bl	80032ac <reserved_exception>
	uint32_t reason = K_ERR_CPU_EXCEPTION;
 8008d02:	2000      	movs	r0, #0
}
 8008d04:	bd08      	pop	{r3, pc}

08008d06 <arm_irq_enable>:
 */

#if !defined(CONFIG_ARM_CUSTOM_INTERRUPT_CONTROLLER)

void arm_irq_enable(unsigned int irq)
{
 8008d06:	b508      	push	{r3, lr}
	NVIC_EnableIRQ((IRQn_Type)irq);
 8008d08:	b240      	sxtb	r0, r0
 8008d0a:	f7fa fd59 	bl	80037c0 <__NVIC_EnableIRQ>
}
 8008d0e:	bd08      	pop	{r3, pc}

08008d10 <arm_irq_priority_set>:
 * The priority is verified if ASSERT_ON is enabled. The maximum number
 * of priority levels is a little complex, as there are some hardware
 * priority levels which are reserved.
 */
void arm_irq_priority_set(unsigned int irq, unsigned int prio, uint32_t flags)
{
 8008d10:	b508      	push	{r3, lr}
	 * reduced set of priorities, like Cortex-M0/M0+).
	 */
	__ASSERT(prio <= (BIT(NUM_IRQ_PRIO_BITS) - 1),
		 "invalid priority %d for %d irq! values must be less than %lu\n",
		 prio - _IRQ_PRIO_OFFSET, irq, BIT(NUM_IRQ_PRIO_BITS) - (_IRQ_PRIO_OFFSET));
	NVIC_SetPriority((IRQn_Type)irq, prio);
 8008d12:	3101      	adds	r1, #1
 8008d14:	b240      	sxtb	r0, r0
 8008d16:	f7fa fd61 	bl	80037dc <__NVIC_SetPriority>
}
 8008d1a:	bd08      	pop	{r3, pc}

08008d1c <z_irq_spurious>:
 * Installed in all _sw_isr_table slots at boot time. Throws an error if
 * called.
 *
 */
void z_irq_spurious(const void *unused)
{
 8008d1c:	b508      	push	{r3, lr}
	ARG_UNUSED(unused);

	z_arm_fatal_error(K_ERR_SPURIOUS_IRQ, NULL);
 8008d1e:	2100      	movs	r1, #0
 8008d20:	2001      	movs	r0, #1
 8008d22:	f7fa f9bb 	bl	800309c <z_arm_fatal_error>
}
 8008d26:	bd08      	pop	{r3, pc}

08008d28 <z_check_thread_stack_fail>:
{
 8008d28:	b508      	push	{r3, lr}
	uint32_t sp = min_stack(fault_addr, psp);
 8008d2a:	f7fa fd95 	bl	8003858 <min_stack>
}
 8008d2e:	bd08      	pop	{r3, pc}

08008d30 <arch_coprocessors_disable>:
}
 8008d30:	f06f 0085 	mvn.w	r0, #133	@ 0x85
 8008d34:	4770      	bx	lr

08008d36 <arch_irq_unlock_outlined>:
  \details Enables FIQ interrupts by clearing special-purpose register FAULTMASK.
             Can only be executed in Privileged modes.
   */
  __STATIC_FORCEINLINE void __enable_fault_irq(void)
  {
    __ASM volatile ("cpsie f" : : : "memory");
 8008d36:	b661      	cpsie	f
  __ASM volatile ("cpsie i" : : : "memory");
 8008d38:	b662      	cpsie	i
 8008d3a:	f380 8811 	msr	BASEPRI, r0
  __ASM volatile ("isb 0xF":::"memory");
 8008d3e:	f3bf 8f6f 	isb	sy
#if defined(CONFIG_ARMV7_M_ARMV8_M_MAINLINE)
	__enable_fault_irq(); /* alters FAULTMASK */
	__enable_irq();       /* alters PRIMASK */
#endif
	arch_irq_unlock(key);
}
 8008d42:	4770      	bx	lr

08008d44 <arch_cpu_idle>:
  __ASM volatile ("cpsid i" : : : "memory");
 8008d44:	b672      	cpsid	i
 8008d46:	2300      	movs	r3, #0
 8008d48:	f383 8811 	msr	BASEPRI, r3
  __ASM volatile ("isb 0xF":::"memory");
 8008d4c:	f3bf 8f6f 	isb	sy
  __ASM volatile ("dsb 0xF":::"memory");
 8008d50:	f3bf 8f4f 	dsb	sy
	 * set by the caller as part of interrupt locking if necessary
	 * (i.e. if the caller sets _kernel.idle).
	 */
#endif

	SLEEP_IF_ALLOWED(__WFI);
 8008d54:	bf30      	wfi
  __ASM volatile ("cpsie i" : : : "memory");
 8008d56:	b662      	cpsie	i
  __ASM volatile ("isb 0xF":::"memory");
 8008d58:	f3bf 8f6f 	isb	sy
#if defined(CONFIG_TRACING)
	sys_trace_idle_exit();
#endif
	__enable_irq();
	__ISB();
}
 8008d5c:	4770      	bx	lr

08008d5e <mpu_partition_is_valid>:
		((part->size & (part->size - 1U)) == 0U)
 8008d5e:	6843      	ldr	r3, [r0, #4]
 8008d60:	1e5a      	subs	r2, r3, #1
		&&
 8008d62:	4213      	tst	r3, r2
 8008d64:	d106      	bne.n	8008d74 <mpu_partition_is_valid+0x16>
		&&
 8008d66:	2b1f      	cmp	r3, #31
 8008d68:	d906      	bls.n	8008d78 <mpu_partition_is_valid+0x1a>
		((part->start & (part->size - 1U)) == 0U);
 8008d6a:	6803      	ldr	r3, [r0, #0]
		&&
 8008d6c:	421a      	tst	r2, r3
 8008d6e:	d005      	beq.n	8008d7c <mpu_partition_is_valid+0x1e>
 8008d70:	2000      	movs	r0, #0
 8008d72:	4770      	bx	lr
 8008d74:	2000      	movs	r0, #0
 8008d76:	4770      	bx	lr
 8008d78:	2000      	movs	r0, #0
 8008d7a:	4770      	bx	lr
 8008d7c:	2001      	movs	r0, #1
}
 8008d7e:	4770      	bx	lr

08008d80 <mpu_configure_region>:
{
 8008d80:	b500      	push	{lr}
 8008d82:	b085      	sub	sp, #20
	region_conf.base = new_region->start;
 8008d84:	680b      	ldr	r3, [r1, #0]
 8008d86:	9301      	str	r3, [sp, #4]
		&new_region->attr, new_region->start, new_region->size);
 8008d88:	684b      	ldr	r3, [r1, #4]
	p_attr->rasr = attr->rasr_attr | size_to_mpu_rasr_size(size);
 8008d8a:	688a      	ldr	r2, [r1, #8]
	if (size <= 32U) {
 8008d8c:	2b20      	cmp	r3, #32
 8008d8e:	d912      	bls.n	8008db6 <mpu_configure_region+0x36>
	if (size > (1UL << 31)) {
 8008d90:	f1b3 4f00 	cmp.w	r3, #2147483648	@ 0x80000000
 8008d94:	d811      	bhi.n	8008dba <mpu_configure_region+0x3a>
	return ((32 - __builtin_clz(size - 1U) - 2 + 1) << MPU_RASR_SIZE_Pos) &
 8008d96:	3b01      	subs	r3, #1
 8008d98:	fab3 f383 	clz	r3, r3
 8008d9c:	f1c3 031f 	rsb	r3, r3, #31
 8008da0:	005b      	lsls	r3, r3, #1
 8008da2:	f003 033e 	and.w	r3, r3, #62	@ 0x3e
	p_attr->rasr = attr->rasr_attr | size_to_mpu_rasr_size(size);
 8008da6:	4313      	orrs	r3, r2
 8008da8:	9303      	str	r3, [sp, #12]
	return region_allocate_and_init(index,
 8008daa:	a901      	add	r1, sp, #4
 8008dac:	f7fa fe80 	bl	8003ab0 <region_allocate_and_init>
}
 8008db0:	b005      	add	sp, #20
 8008db2:	f85d fb04 	ldr.w	pc, [sp], #4
		return REGION_32B;
 8008db6:	2308      	movs	r3, #8
 8008db8:	e7f5      	b.n	8008da6 <mpu_configure_region+0x26>
		return REGION_4G;
 8008dba:	233e      	movs	r3, #62	@ 0x3e
 8008dbc:	e7f3      	b.n	8008da6 <mpu_configure_region+0x26>

08008dbe <mpu_configure_regions_from_dt>:
{
 8008dbe:	b5f0      	push	{r4, r5, r6, r7, lr}
 8008dc0:	b085      	sub	sp, #20
 8008dc2:	4605      	mov	r5, r0
	num_regions = mem_attr_get_regions(&region);
 8008dc4:	a803      	add	r0, sp, #12
 8008dc6:	f7fa f88d 	bl	8002ee4 <mem_attr_get_regions>
 8008dca:	4606      	mov	r6, r0
	for (size_t idx = 0; idx < num_regions; idx++) {
 8008dcc:	2400      	movs	r4, #0
 8008dce:	e035      	b.n	8008e3c <mpu_configure_regions_from_dt+0x7e>
		switch (DT_MEM_ARM_GET(region[idx].dt_attr)) {
 8008dd0:	f1b3 7f00 	cmp.w	r3, #33554432	@ 0x2000000
 8008dd4:	f000 80b2 	beq.w	8008f3c <mpu_configure_regions_from_dt+0x17e>
 8008dd8:	f1b3 5f80 	cmp.w	r3, #268435456	@ 0x10000000
 8008ddc:	f000 80c8 	beq.w	8008f70 <mpu_configure_regions_from_dt+0x1b2>
 8008de0:	f1b3 7f80 	cmp.w	r3, #16777216	@ 0x1000000
 8008de4:	d129      	bne.n	8008e3a <mpu_configure_regions_from_dt+0x7c>
			region_conf = _BUILD_REGION_CONF(region[idx], REGION_IO_ATTR);
 8008de6:	6857      	ldr	r7, [r2, #4]
 8008de8:	5809      	ldr	r1, [r1, r0]
 8008dea:	6893      	ldr	r3, [r2, #8]
	if (size <= 32U) {
 8008dec:	2b20      	cmp	r3, #32
 8008dee:	f240 80a1 	bls.w	8008f34 <mpu_configure_regions_from_dt+0x176>
	if (size > (1UL << 31)) {
 8008df2:	f1b3 4f00 	cmp.w	r3, #2147483648	@ 0x80000000
 8008df6:	f200 809f 	bhi.w	8008f38 <mpu_configure_regions_from_dt+0x17a>
	return ((32 - __builtin_clz(size - 1U) - 2 + 1) << MPU_RASR_SIZE_Pos) &
 8008dfa:	3b01      	subs	r3, #1
 8008dfc:	fab3 f383 	clz	r3, r3
 8008e00:	f1c3 031f 	rsb	r3, r3, #31
 8008e04:	005b      	lsls	r3, r3, #1
 8008e06:	f003 033e 	and.w	r3, r3, #62	@ 0x3e
 8008e0a:	f043 7388 	orr.w	r3, r3, #17825792	@ 0x1100000
 8008e0e:	9700      	str	r7, [sp, #0]
 8008e10:	9101      	str	r1, [sp, #4]
 8008e12:	9302      	str	r3, [sp, #8]
			break;
 8008e14:	e007      	b.n	8008e26 <mpu_configure_regions_from_dt+0x68>
		return REGION_32B;
 8008e16:	2308      	movs	r3, #8
			region_conf = _BUILD_REGION_CONF(region[idx], REGION_RAM_ATTR);
 8008e18:	f043 5388 	orr.w	r3, r3, #285212672	@ 0x11000000
 8008e1c:	f443 2330 	orr.w	r3, r3, #720896	@ 0xb0000
 8008e20:	9700      	str	r7, [sp, #0]
 8008e22:	9101      	str	r1, [sp, #4]
 8008e24:	9302      	str	r3, [sp, #8]
		if (region_allocate_and_init((*reg_index),
 8008e26:	4669      	mov	r1, sp
 8008e28:	7828      	ldrb	r0, [r5, #0]
 8008e2a:	f7fa fe41 	bl	8003ab0 <region_allocate_and_init>
 8008e2e:	2800      	cmp	r0, #0
 8008e30:	f2c0 80ba 	blt.w	8008fa8 <mpu_configure_regions_from_dt+0x1ea>
		(*reg_index)++;
 8008e34:	782b      	ldrb	r3, [r5, #0]
 8008e36:	3301      	adds	r3, #1
 8008e38:	702b      	strb	r3, [r5, #0]
	for (size_t idx = 0; idx < num_regions; idx++) {
 8008e3a:	3401      	adds	r4, #1
 8008e3c:	42b4      	cmp	r4, r6
 8008e3e:	f080 80b6 	bcs.w	8008fae <mpu_configure_regions_from_dt+0x1f0>
		switch (DT_MEM_ARM_GET(region[idx].dt_attr)) {
 8008e42:	0120      	lsls	r0, r4, #4
 8008e44:	9903      	ldr	r1, [sp, #12]
 8008e46:	eb01 1204 	add.w	r2, r1, r4, lsl #4
 8008e4a:	68d3      	ldr	r3, [r2, #12]
 8008e4c:	f36f 0313 	bfc	r3, #0, #20
 8008e50:	f5b3 0f00 	cmp.w	r3, #8388608	@ 0x800000
 8008e54:	d054      	beq.n	8008f00 <mpu_configure_regions_from_dt+0x142>
 8008e56:	d8bb      	bhi.n	8008dd0 <mpu_configure_regions_from_dt+0x12>
 8008e58:	f5b3 1f00 	cmp.w	r3, #2097152	@ 0x200000
 8008e5c:	d018      	beq.n	8008e90 <mpu_configure_regions_from_dt+0xd2>
 8008e5e:	f5b3 0f80 	cmp.w	r3, #4194304	@ 0x400000
 8008e62:	d031      	beq.n	8008ec8 <mpu_configure_regions_from_dt+0x10a>
 8008e64:	f5b3 1f80 	cmp.w	r3, #1048576	@ 0x100000
 8008e68:	d1e7      	bne.n	8008e3a <mpu_configure_regions_from_dt+0x7c>
			region_conf = _BUILD_REGION_CONF(region[idx], REGION_RAM_ATTR);
 8008e6a:	6857      	ldr	r7, [r2, #4]
 8008e6c:	5809      	ldr	r1, [r1, r0]
 8008e6e:	6893      	ldr	r3, [r2, #8]
	if (size <= 32U) {
 8008e70:	2b20      	cmp	r3, #32
 8008e72:	d9d0      	bls.n	8008e16 <mpu_configure_regions_from_dt+0x58>
	if (size > (1UL << 31)) {
 8008e74:	f1b3 4f00 	cmp.w	r3, #2147483648	@ 0x80000000
 8008e78:	d808      	bhi.n	8008e8c <mpu_configure_regions_from_dt+0xce>
	return ((32 - __builtin_clz(size - 1U) - 2 + 1) << MPU_RASR_SIZE_Pos) &
 8008e7a:	3b01      	subs	r3, #1
 8008e7c:	fab3 f383 	clz	r3, r3
 8008e80:	f1c3 031f 	rsb	r3, r3, #31
 8008e84:	005b      	lsls	r3, r3, #1
 8008e86:	f003 033e 	and.w	r3, r3, #62	@ 0x3e
 8008e8a:	e7c5      	b.n	8008e18 <mpu_configure_regions_from_dt+0x5a>
		return REGION_4G;
 8008e8c:	233e      	movs	r3, #62	@ 0x3e
 8008e8e:	e7c3      	b.n	8008e18 <mpu_configure_regions_from_dt+0x5a>
			region_conf = _BUILD_REGION_CONF(region[idx], REGION_RAM_NOCACHE_ATTR);
 8008e90:	6857      	ldr	r7, [r2, #4]
 8008e92:	5809      	ldr	r1, [r1, r0]
 8008e94:	6893      	ldr	r3, [r2, #8]
	if (size <= 32U) {
 8008e96:	2b20      	cmp	r3, #32
 8008e98:	d912      	bls.n	8008ec0 <mpu_configure_regions_from_dt+0x102>
	if (size > (1UL << 31)) {
 8008e9a:	f1b3 4f00 	cmp.w	r3, #2147483648	@ 0x80000000
 8008e9e:	d811      	bhi.n	8008ec4 <mpu_configure_regions_from_dt+0x106>
	return ((32 - __builtin_clz(size - 1U) - 2 + 1) << MPU_RASR_SIZE_Pos) &
 8008ea0:	3b01      	subs	r3, #1
 8008ea2:	fab3 f383 	clz	r3, r3
 8008ea6:	f1c3 031f 	rsb	r3, r3, #31
 8008eaa:	005b      	lsls	r3, r3, #1
 8008eac:	f003 033e 	and.w	r3, r3, #62	@ 0x3e
 8008eb0:	f043 5388 	orr.w	r3, r3, #285212672	@ 0x11000000
 8008eb4:	f443 2300 	orr.w	r3, r3, #524288	@ 0x80000
 8008eb8:	9700      	str	r7, [sp, #0]
 8008eba:	9101      	str	r1, [sp, #4]
 8008ebc:	9302      	str	r3, [sp, #8]
			break;
 8008ebe:	e7b2      	b.n	8008e26 <mpu_configure_regions_from_dt+0x68>
		return REGION_32B;
 8008ec0:	2308      	movs	r3, #8
 8008ec2:	e7f5      	b.n	8008eb0 <mpu_configure_regions_from_dt+0xf2>
		return REGION_4G;
 8008ec4:	233e      	movs	r3, #62	@ 0x3e
 8008ec6:	e7f3      	b.n	8008eb0 <mpu_configure_regions_from_dt+0xf2>
			region_conf = _BUILD_REGION_CONF(region[idx], REGION_FLASH_ATTR);
 8008ec8:	6857      	ldr	r7, [r2, #4]
 8008eca:	5809      	ldr	r1, [r1, r0]
 8008ecc:	6893      	ldr	r3, [r2, #8]
	if (size <= 32U) {
 8008ece:	2b20      	cmp	r3, #32
 8008ed0:	d912      	bls.n	8008ef8 <mpu_configure_regions_from_dt+0x13a>
	if (size > (1UL << 31)) {
 8008ed2:	f1b3 4f00 	cmp.w	r3, #2147483648	@ 0x80000000
 8008ed6:	d811      	bhi.n	8008efc <mpu_configure_regions_from_dt+0x13e>
	return ((32 - __builtin_clz(size - 1U) - 2 + 1) << MPU_RASR_SIZE_Pos) &
 8008ed8:	3b01      	subs	r3, #1
 8008eda:	fab3 f383 	clz	r3, r3
 8008ede:	f1c3 031f 	rsb	r3, r3, #31
 8008ee2:	005b      	lsls	r3, r3, #1
 8008ee4:	f003 033e 	and.w	r3, r3, #62	@ 0x3e
 8008ee8:	f043 63c0 	orr.w	r3, r3, #100663296	@ 0x6000000
 8008eec:	f443 3300 	orr.w	r3, r3, #131072	@ 0x20000
 8008ef0:	9700      	str	r7, [sp, #0]
 8008ef2:	9101      	str	r1, [sp, #4]
 8008ef4:	9302      	str	r3, [sp, #8]
			break;
 8008ef6:	e796      	b.n	8008e26 <mpu_configure_regions_from_dt+0x68>
		return REGION_32B;
 8008ef8:	2308      	movs	r3, #8
 8008efa:	e7f5      	b.n	8008ee8 <mpu_configure_regions_from_dt+0x12a>
		return REGION_4G;
 8008efc:	233e      	movs	r3, #62	@ 0x3e
 8008efe:	e7f3      	b.n	8008ee8 <mpu_configure_regions_from_dt+0x12a>
			region_conf = _BUILD_REGION_CONF(region[idx], REGION_PPB_ATTR);
 8008f00:	6857      	ldr	r7, [r2, #4]
 8008f02:	5809      	ldr	r1, [r1, r0]
 8008f04:	6893      	ldr	r3, [r2, #8]
	if (size <= 32U) {
 8008f06:	2b20      	cmp	r3, #32
 8008f08:	d910      	bls.n	8008f2c <mpu_configure_regions_from_dt+0x16e>
	if (size > (1UL << 31)) {
 8008f0a:	f1b3 4f00 	cmp.w	r3, #2147483648	@ 0x80000000
 8008f0e:	d80f      	bhi.n	8008f30 <mpu_configure_regions_from_dt+0x172>
	return ((32 - __builtin_clz(size - 1U) - 2 + 1) << MPU_RASR_SIZE_Pos) &
 8008f10:	3b01      	subs	r3, #1
 8008f12:	fab3 f383 	clz	r3, r3
 8008f16:	f1c3 031f 	rsb	r3, r3, #31
 8008f1a:	005b      	lsls	r3, r3, #1
 8008f1c:	f003 033e 	and.w	r3, r3, #62	@ 0x3e
 8008f20:	f043 7382 	orr.w	r3, r3, #17039360	@ 0x1040000
 8008f24:	9700      	str	r7, [sp, #0]
 8008f26:	9101      	str	r1, [sp, #4]
 8008f28:	9302      	str	r3, [sp, #8]
			break;
 8008f2a:	e77c      	b.n	8008e26 <mpu_configure_regions_from_dt+0x68>
		return REGION_32B;
 8008f2c:	2308      	movs	r3, #8
 8008f2e:	e7f7      	b.n	8008f20 <mpu_configure_regions_from_dt+0x162>
		return REGION_4G;
 8008f30:	233e      	movs	r3, #62	@ 0x3e
 8008f32:	e7f5      	b.n	8008f20 <mpu_configure_regions_from_dt+0x162>
		return REGION_32B;
 8008f34:	2308      	movs	r3, #8
 8008f36:	e768      	b.n	8008e0a <mpu_configure_regions_from_dt+0x4c>
		return REGION_4G;
 8008f38:	233e      	movs	r3, #62	@ 0x3e
 8008f3a:	e766      	b.n	8008e0a <mpu_configure_regions_from_dt+0x4c>
			region_conf = _BUILD_REGION_CONF(region[idx], REGION_EXTMEM_ATTR);
 8008f3c:	6857      	ldr	r7, [r2, #4]
 8008f3e:	5809      	ldr	r1, [r1, r0]
 8008f40:	6893      	ldr	r3, [r2, #8]
	if (size <= 32U) {
 8008f42:	2b20      	cmp	r3, #32
 8008f44:	d910      	bls.n	8008f68 <mpu_configure_regions_from_dt+0x1aa>
	if (size > (1UL << 31)) {
 8008f46:	f1b3 4f00 	cmp.w	r3, #2147483648	@ 0x80000000
 8008f4a:	d80f      	bhi.n	8008f6c <mpu_configure_regions_from_dt+0x1ae>
	return ((32 - __builtin_clz(size - 1U) - 2 + 1) << MPU_RASR_SIZE_Pos) &
 8008f4c:	3b01      	subs	r3, #1
 8008f4e:	fab3 f383 	clz	r3, r3
 8008f52:	f1c3 031f 	rsb	r3, r3, #31
 8008f56:	005b      	lsls	r3, r3, #1
 8008f58:	f003 033e 	and.w	r3, r3, #62	@ 0x3e
 8008f5c:	f443 2380 	orr.w	r3, r3, #262144	@ 0x40000
 8008f60:	9700      	str	r7, [sp, #0]
 8008f62:	9101      	str	r1, [sp, #4]
 8008f64:	9302      	str	r3, [sp, #8]
			break;
 8008f66:	e75e      	b.n	8008e26 <mpu_configure_regions_from_dt+0x68>
		return REGION_32B;
 8008f68:	2308      	movs	r3, #8
 8008f6a:	e7f7      	b.n	8008f5c <mpu_configure_regions_from_dt+0x19e>
		return REGION_4G;
 8008f6c:	233e      	movs	r3, #62	@ 0x3e
 8008f6e:	e7f5      	b.n	8008f5c <mpu_configure_regions_from_dt+0x19e>
			region_conf = _BUILD_REGION_CONF(region[idx], REGION_RAM_WT_ATTR);
 8008f70:	6857      	ldr	r7, [r2, #4]
 8008f72:	5809      	ldr	r1, [r1, r0]
 8008f74:	6893      	ldr	r3, [r2, #8]
	if (size <= 32U) {
 8008f76:	2b20      	cmp	r3, #32
 8008f78:	d912      	bls.n	8008fa0 <mpu_configure_regions_from_dt+0x1e2>
	if (size > (1UL << 31)) {
 8008f7a:	f1b3 4f00 	cmp.w	r3, #2147483648	@ 0x80000000
 8008f7e:	d811      	bhi.n	8008fa4 <mpu_configure_regions_from_dt+0x1e6>
	return ((32 - __builtin_clz(size - 1U) - 2 + 1) << MPU_RASR_SIZE_Pos) &
 8008f80:	3b01      	subs	r3, #1
 8008f82:	fab3 f383 	clz	r3, r3
 8008f86:	f1c3 031f 	rsb	r3, r3, #31
 8008f8a:	005b      	lsls	r3, r3, #1
 8008f8c:	f003 033e 	and.w	r3, r3, #62	@ 0x3e
 8008f90:	f043 5388 	orr.w	r3, r3, #285212672	@ 0x11000000
 8008f94:	f443 3300 	orr.w	r3, r3, #131072	@ 0x20000
 8008f98:	9700      	str	r7, [sp, #0]
 8008f9a:	9101      	str	r1, [sp, #4]
 8008f9c:	9302      	str	r3, [sp, #8]
			break;
 8008f9e:	e742      	b.n	8008e26 <mpu_configure_regions_from_dt+0x68>
		return REGION_32B;
 8008fa0:	2308      	movs	r3, #8
 8008fa2:	e7f5      	b.n	8008f90 <mpu_configure_regions_from_dt+0x1d2>
		return REGION_4G;
 8008fa4:	233e      	movs	r3, #62	@ 0x3e
 8008fa6:	e7f3      	b.n	8008f90 <mpu_configure_regions_from_dt+0x1d2>
			return -EINVAL;
 8008fa8:	f06f 0015 	mvn.w	r0, #21
 8008fac:	e000      	b.n	8008fb0 <mpu_configure_regions_from_dt+0x1f2>
	return 0;
 8008fae:	2000      	movs	r0, #0
}
 8008fb0:	b005      	add	sp, #20
 8008fb2:	bdf0      	pop	{r4, r5, r6, r7, pc}

08008fb4 <arm_core_mpu_configure_static_mpu_regions>:
{
 8008fb4:	b508      	push	{r3, lr}
	if (mpu_configure_static_mpu_regions(static_regions, regions_num,
 8008fb6:	f7fa fdcb 	bl	8003b50 <mpu_configure_static_mpu_regions>
}
 8008fba:	bd08      	pop	{r3, pc}

08008fbc <arm_core_mpu_configure_dynamic_mpu_regions>:
{
 8008fbc:	b508      	push	{r3, lr}
	if (mpu_configure_dynamic_mpu_regions(dynamic_regions, regions_num)
 8008fbe:	f7fa fdd1 	bl	8003b64 <mpu_configure_dynamic_mpu_regions>
}
 8008fc2:	bd08      	pop	{r3, pc}

08008fc4 <cbputc>:
{
 8008fc4:	b508      	push	{r3, lr}
	(*s->out) (c, s->ctx);
 8008fc6:	690b      	ldr	r3, [r1, #16]
 8008fc8:	6949      	ldr	r1, [r1, #20]
 8008fca:	4798      	blx	r3
}
 8008fcc:	2000      	movs	r0, #0
 8008fce:	bd08      	pop	{r3, pc}

08008fd0 <picolibc_put>:
{
 8008fd0:	b508      	push	{r3, lr}
		union { uintptr_t x; FILE * val; } parm1 = { .val = stream };
		return (int) arch_syscall_invoke2(parm0.x, parm1.x, K_SYSCALL_ZEPHYR_FPUTC);
	}
#endif
	compiler_barrier();
	return z_impl_zephyr_fputc(c, stream);
 8008fd2:	f7fa fe57 	bl	8003c84 <z_impl_zephyr_fputc>
}
 8008fd6:	2000      	movs	r0, #0
 8008fd8:	bd08      	pop	{r3, pc}

08008fda <stm32_exti_init>:

/**
 * @brief Initializes the EXTI interrupt controller driver
 */
static int stm32_exti_init(const struct device *dev)
{
 8008fda:	b508      	push	{r3, lr}
	ARG_UNUSED(dev);

	return stm32_exti_enable_clocks();
 8008fdc:	f7fa fe78 	bl	8003cd0 <stm32_exti_enable_clocks>
}
 8008fe0:	bd08      	pop	{r3, pc}

08008fe2 <stm32_exti_gpio_intc_init>:
{
 8008fe2:	b508      	push	{r3, lr}
	DT_FOREACH_PROP_ELEM(EXTI_NODE,
 8008fe4:	2206      	movs	r2, #6
 8008fe6:	2101      	movs	r1, #1
 8008fe8:	2000      	movs	r0, #0
 8008fea:	f7fa fec1 	bl	8003d70 <stm32_fill_irq_table>
 8008fee:	2200      	movs	r2, #0
 8008ff0:	4611      	mov	r1, r2
 8008ff2:	2006      	movs	r0, #6
 8008ff4:	f7ff fe8c 	bl	8008d10 <arm_irq_priority_set>
 8008ff8:	2207      	movs	r2, #7
 8008ffa:	2101      	movs	r1, #1
 8008ffc:	4608      	mov	r0, r1
 8008ffe:	f7fa feb7 	bl	8003d70 <stm32_fill_irq_table>
 8009002:	2200      	movs	r2, #0
 8009004:	4611      	mov	r1, r2
 8009006:	2007      	movs	r0, #7
 8009008:	f7ff fe82 	bl	8008d10 <arm_irq_priority_set>
 800900c:	2208      	movs	r2, #8
 800900e:	2101      	movs	r1, #1
 8009010:	2002      	movs	r0, #2
 8009012:	f7fa fead 	bl	8003d70 <stm32_fill_irq_table>
 8009016:	2200      	movs	r2, #0
 8009018:	4611      	mov	r1, r2
 800901a:	2008      	movs	r0, #8
 800901c:	f7ff fe78 	bl	8008d10 <arm_irq_priority_set>
 8009020:	2209      	movs	r2, #9
 8009022:	2101      	movs	r1, #1
 8009024:	2003      	movs	r0, #3
 8009026:	f7fa fea3 	bl	8003d70 <stm32_fill_irq_table>
 800902a:	2200      	movs	r2, #0
 800902c:	4611      	mov	r1, r2
 800902e:	2009      	movs	r0, #9
 8009030:	f7ff fe6e 	bl	8008d10 <arm_irq_priority_set>
 8009034:	220a      	movs	r2, #10
 8009036:	2101      	movs	r1, #1
 8009038:	2004      	movs	r0, #4
 800903a:	f7fa fe99 	bl	8003d70 <stm32_fill_irq_table>
 800903e:	2200      	movs	r2, #0
 8009040:	4611      	mov	r1, r2
 8009042:	200a      	movs	r0, #10
 8009044:	f7ff fe64 	bl	8008d10 <arm_irq_priority_set>
 8009048:	2217      	movs	r2, #23
 800904a:	2105      	movs	r1, #5
 800904c:	4608      	mov	r0, r1
 800904e:	f7fa fe8f 	bl	8003d70 <stm32_fill_irq_table>
 8009052:	2200      	movs	r2, #0
 8009054:	4611      	mov	r1, r2
 8009056:	2017      	movs	r0, #23
 8009058:	f7ff fe5a 	bl	8008d10 <arm_irq_priority_set>
 800905c:	2228      	movs	r2, #40	@ 0x28
 800905e:	2106      	movs	r1, #6
 8009060:	200a      	movs	r0, #10
 8009062:	f7fa fe85 	bl	8003d70 <stm32_fill_irq_table>
 8009066:	2200      	movs	r2, #0
 8009068:	4611      	mov	r1, r2
 800906a:	2028      	movs	r0, #40	@ 0x28
 800906c:	f7ff fe50 	bl	8008d10 <arm_irq_priority_set>
}
 8009070:	2000      	movs	r0, #0
 8009072:	bd08      	pop	{r3, pc}

08009074 <stm32_gpio_intc_get_pin_irq_line>:
 8009074:	f001 011f 	and.w	r1, r1, #31
}
 8009078:	2001      	movs	r0, #1
 800907a:	4088      	lsls	r0, r1
 800907c:	4770      	bx	lr

0800907e <stm32_exti_set_line_src_port>:

void stm32_exti_set_line_src_port(gpio_pin_t line, uint32_t port)
{
 800907e:	b508      	push	{r3, lr}
 8009080:	4602      	mov	r2, r0
 8009082:	4608      	mov	r0, r1
	return (0xF << ((linenum % 4 * 4) + 16)) | (linenum / 4);
 8009084:	f002 0303 	and.w	r3, r2, #3
 8009088:	3304      	adds	r3, #4
 800908a:	009b      	lsls	r3, r3, #2
 800908c:	210f      	movs	r1, #15
 800908e:	4099      	lsls	r1, r3
#elif DT_HAS_COMPAT_STATUS_OKAY(st_stm32h7rs_exti)
	LL_SBS_SetEXTISource(port, ll_line);
#elif defined(CONFIG_SOC_SERIES_STM32MP2X)
	LL_EXTI_SetEXTISource(EXTI2, port, ll_line);
#else
	LL_SYSCFG_SetEXTISource(port, ll_line);
 8009090:	ea41 0192 	orr.w	r1, r1, r2, lsr #2
 8009094:	f7fa fea2 	bl	8003ddc <LL_SYSCFG_SetEXTISource>
#endif
	z_stm32_hsem_unlock(CFG_HW_EXTI_SEMID);
}
 8009098:	bd08      	pop	{r3, pc}

0800909a <stm32_exti_get_line_src_port>:

uint32_t stm32_exti_get_line_src_port(gpio_pin_t line)
{
 800909a:	b508      	push	{r3, lr}
	return (0xF << ((linenum % 4 * 4) + 16)) | (linenum / 4);
 800909c:	f000 0303 	and.w	r3, r0, #3
 80090a0:	3304      	adds	r3, #4
 80090a2:	009b      	lsls	r3, r3, #2
 80090a4:	220f      	movs	r2, #15
 80090a6:	fa02 f303 	lsl.w	r3, r2, r3
#elif DT_HAS_COMPAT_STATUS_OKAY(st_stm32h7rs_exti)
	port = LL_SBS_GetEXTISource(ll_line);
#elif defined(CONFIG_SOC_SERIES_STM32MP2X)
	port = LL_EXTI_GetEXTISource(EXTI2, ll_line);
#else
	port = LL_SYSCFG_GetEXTISource(ll_line);
 80090aa:	ea43 0090 	orr.w	r0, r3, r0, lsr #2
 80090ae:	f7fa feb1 	bl	8003e14 <LL_SYSCFG_GetEXTISource>
		port = port + STM32_PORT_GAP;
	}
#endif

	return port;
}
 80090b2:	bd08      	pop	{r3, pc}

080090b4 <adc_stm32_enable>:
  return (READ_BIT(ADCx->CR2, ADC_CR2_ADON) == (ADC_CR2_ADON));
 80090b4:	6883      	ldr	r3, [r0, #8]
	if (LL_ADC_IsEnabled(adc) == 1UL) {
 80090b6:	f013 0f01 	tst.w	r3, #1
 80090ba:	d103      	bne.n	80090c4 <adc_stm32_enable+0x10>
  SET_BIT(ADCx->CR2, ADC_CR2_ADON);
 80090bc:	6883      	ldr	r3, [r0, #8]
 80090be:	f043 0301 	orr.w	r3, r3, #1
 80090c2:	6083      	str	r3, [r0, #8]
}
 80090c4:	2000      	movs	r0, #0
 80090c6:	4770      	bx	lr

080090c8 <adc_stm32_start_conversion>:
	const struct adc_stm32_cfg *config = dev->config;
 80090c8:	6843      	ldr	r3, [r0, #4]
	ADC_TypeDef *adc = config->base;
 80090ca:	681a      	ldr	r2, [r3, #0]
  SET_BIT(ADCx->CR2, ADC_CR2_SWSTART);
 80090cc:	6893      	ldr	r3, [r2, #8]
 80090ce:	f043 4380 	orr.w	r3, r3, #1073741824	@ 0x40000000
 80090d2:	6093      	str	r3, [r2, #8]
}
 80090d4:	4770      	bx	lr

080090d6 <adc_stm32_disable>:
  return (READ_BIT(ADCx->CR2, ADC_CR2_ADON) == (ADC_CR2_ADON));
 80090d6:	6883      	ldr	r3, [r0, #8]
	if (LL_ADC_IsEnabled(adc) != 1UL) {
 80090d8:	f013 0f01 	tst.w	r3, #1
 80090dc:	d00e      	beq.n	80090fc <adc_stm32_disable+0x26>
	return *(volatile uint32_t *)addr;
 80090de:	6803      	ldr	r3, [r0, #0]
	if ((stm32_reg_read(&adc->SR) & LL_ADC_FLAG_STRT) == LL_ADC_FLAG_STRT && !force) {
 80090e0:	f013 0f10 	tst.w	r3, #16
 80090e4:	d000      	beq.n	80090e8 <adc_stm32_disable+0x12>
 80090e6:	b159      	cbz	r1, 8009100 <adc_stm32_disable+0x2a>
  CLEAR_BIT(ADCx->CR2, ADC_CR2_ADON);
 80090e8:	6883      	ldr	r3, [r0, #8]
 80090ea:	f023 0301 	bic.w	r3, r3, #1
 80090ee:	6083      	str	r3, [r0, #8]
  return (READ_BIT(ADCx->CR2, ADC_CR2_ADON) == (ADC_CR2_ADON));
 80090f0:	6883      	ldr	r3, [r0, #8]
		while (LL_ADC_IsEnabled(adc) == 1UL) {
 80090f2:	f013 0f01 	tst.w	r3, #1
 80090f6:	d1fb      	bne.n	80090f0 <adc_stm32_disable+0x1a>
 80090f8:	2000      	movs	r0, #0
 80090fa:	4770      	bx	lr
		return 0;
 80090fc:	2000      	movs	r0, #0
 80090fe:	4770      	bx	lr
		err = -EBUSY;
 8009100:	f06f 000f 	mvn.w	r0, #15
}
 8009104:	4770      	bx	lr

08009106 <adc_context_start_sampling>:
{
 8009106:	b508      	push	{r3, lr}
	data->repeat_buffer = data->buffer;
 8009108:	f8d0 30ac 	ldr.w	r3, [r0, #172]	@ 0xac
 800910c:	f8c0 30b0 	str.w	r3, [r0, #176]	@ 0xb0
	adc_stm32_start_conversion(dev);
 8009110:	f8d0 00a8 	ldr.w	r0, [r0, #168]	@ 0xa8
 8009114:	f7ff ffd8 	bl	80090c8 <adc_stm32_start_conversion>
}
 8009118:	bd08      	pop	{r3, pc}

0800911a <adc_context_update_buffer_pointer>:
	if (repeat_sampling) {
 800911a:	b119      	cbz	r1, 8009124 <adc_context_update_buffer_pointer+0xa>
		data->buffer = data->repeat_buffer;
 800911c:	f8d0 30b0 	ldr.w	r3, [r0, #176]	@ 0xb0
 8009120:	f8c0 30ac 	str.w	r3, [r0, #172]	@ 0xac
}
 8009124:	4770      	bx	lr

08009126 <adc_context_on_complete>:
	data->acq_time_index[0] = -1;
 8009126:	23ff      	movs	r3, #255	@ 0xff
 8009128:	f880 30be 	strb.w	r3, [r0, #190]	@ 0xbe
	data->acq_time_index[1] = -1;
 800912c:	f880 30bf 	strb.w	r3, [r0, #191]	@ 0xbf
}
 8009130:	4770      	bx	lr

08009132 <LL_ADC_REG_SetSequencerRanks>:
{
 8009132:	b500      	push	{lr}
  __IO uint32_t *preg = __ADC_PTR_REG_OFFSET(ADCx->SQR1, __ADC_MASK_SHIFT(Rank, ADC_REG_SQRX_REGOFFSET_MASK));
 8009134:	302c      	adds	r0, #44	@ 0x2c
 8009136:	f401 7c40 	and.w	ip, r1, #768	@ 0x300
   __ASM ("rbit %0, %1" : "=r" (result) : "r" (value) );
 800913a:	f44f 7340 	mov.w	r3, #768	@ 0x300
 800913e:	fa93 f3a3 	rbit	r3, r3
  if (value == 0U)
 8009142:	b1ab      	cbz	r3, 8009170 <LL_ADC_REG_SetSequencerRanks+0x3e>
  return __builtin_clz(value);
 8009144:	fab3 f383 	clz	r3, r3
 8009148:	fa2c fc03 	lsr.w	ip, ip, r3
  MODIFY_REG(*preg,
 800914c:	f850 302c 	ldr.w	r3, [r0, ip, lsl #2]
 8009150:	f001 011f 	and.w	r1, r1, #31
 8009154:	f04f 0e1f 	mov.w	lr, #31
 8009158:	fa0e fe01 	lsl.w	lr, lr, r1
 800915c:	ea23 030e 	bic.w	r3, r3, lr
 8009160:	f002 021f 	and.w	r2, r2, #31
 8009164:	408a      	lsls	r2, r1
 8009166:	4313      	orrs	r3, r2
 8009168:	f840 302c 	str.w	r3, [r0, ip, lsl #2]
}
 800916c:	f85d fb04 	ldr.w	pc, [sp], #4
    return 32U;
 8009170:	2320      	movs	r3, #32
 8009172:	e7e9      	b.n	8009148 <LL_ADC_REG_SetSequencerRanks+0x16>

08009174 <LL_ADC_SetChannelSamplingTime>:
{
 8009174:	b510      	push	{r4, lr}
  __IO uint32_t *preg = __ADC_PTR_REG_OFFSET(ADCx->SMPR1, __ADC_MASK_SHIFT(Channel, ADC_CHANNEL_SMPRX_REGOFFSET_MASK));
 8009176:	300c      	adds	r0, #12
 8009178:	f001 7e00 	and.w	lr, r1, #33554432	@ 0x2000000
   __ASM ("rbit %0, %1" : "=r" (result) : "r" (value) );
 800917c:	f04f 7300 	mov.w	r3, #33554432	@ 0x2000000
 8009180:	fa93 f3a3 	rbit	r3, r3
  if (value == 0U)
 8009184:	b323      	cbz	r3, 80091d0 <LL_ADC_SetChannelSamplingTime+0x5c>
  return __builtin_clz(value);
 8009186:	fab3 f383 	clz	r3, r3
 800918a:	fa2e fe03 	lsr.w	lr, lr, r3
  MODIFY_REG(*preg,
 800918e:	f850 402e 	ldr.w	r4, [r0, lr, lsl #2]
 8009192:	f001 71f8 	and.w	r1, r1, #32505856	@ 0x1f00000
   __ASM ("rbit %0, %1" : "=r" (result) : "r" (value) );
 8009196:	f04f 73f8 	mov.w	r3, #32505856	@ 0x1f00000
 800919a:	fa93 f3a3 	rbit	r3, r3
  if (value == 0U)
 800919e:	b1cb      	cbz	r3, 80091d4 <LL_ADC_SetChannelSamplingTime+0x60>
  return __builtin_clz(value);
 80091a0:	fab3 f383 	clz	r3, r3
 80091a4:	fa21 f303 	lsr.w	r3, r1, r3
 80091a8:	f04f 0c07 	mov.w	ip, #7
 80091ac:	fa0c f303 	lsl.w	r3, ip, r3
 80091b0:	ea24 0c03 	bic.w	ip, r4, r3
   __ASM ("rbit %0, %1" : "=r" (result) : "r" (value) );
 80091b4:	f04f 73f8 	mov.w	r3, #32505856	@ 0x1f00000
 80091b8:	fa93 f3a3 	rbit	r3, r3
  if (value == 0U)
 80091bc:	b163      	cbz	r3, 80091d8 <LL_ADC_SetChannelSamplingTime+0x64>
  return __builtin_clz(value);
 80091be:	fab3 f383 	clz	r3, r3
 80091c2:	40d9      	lsrs	r1, r3
 80091c4:	408a      	lsls	r2, r1
 80091c6:	ea4c 0202 	orr.w	r2, ip, r2
 80091ca:	f840 202e 	str.w	r2, [r0, lr, lsl #2]
}
 80091ce:	bd10      	pop	{r4, pc}
    return 32U;
 80091d0:	2320      	movs	r3, #32
 80091d2:	e7da      	b.n	800918a <LL_ADC_SetChannelSamplingTime+0x16>
 80091d4:	2320      	movs	r3, #32
 80091d6:	e7e5      	b.n	80091a4 <LL_ADC_SetChannelSamplingTime+0x30>
 80091d8:	2320      	movs	r3, #32
 80091da:	e7f2      	b.n	80091c2 <LL_ADC_SetChannelSamplingTime+0x4e>

080091dc <adc_context_start_read>:
	k_sem_give(&ctx->sync);
}

static inline void adc_context_start_read(struct adc_context *ctx,
					  const struct adc_sequence *sequence)
{
 80091dc:	b538      	push	{r3, r4, r5, lr}
 80091de:	4684      	mov	ip, r0
 80091e0:	460d      	mov	r5, r1
	ctx->sequence = *sequence;
 80091e2:	f100 0e7c 	add.w	lr, r0, #124	@ 0x7c
 80091e6:	460c      	mov	r4, r1
 80091e8:	cc0f      	ldmia	r4!, {r0, r1, r2, r3}
 80091ea:	e8ae 000f 	stmia.w	lr!, {r0, r1, r2, r3}
 80091ee:	6823      	ldr	r3, [r4, #0]
 80091f0:	f8ce 3000 	str.w	r3, [lr]
	ctx->status = 0;
 80091f4:	2300      	movs	r3, #0
 80091f6:	f8cc 3070 	str.w	r3, [ip, #112]	@ 0x70

	if (sequence->options) {
 80091fa:	682b      	ldr	r3, [r5, #0]
 80091fc:	b153      	cbz	r3, 8009214 <adc_context_start_read+0x38>
		ctx->options = *sequence->options;
 80091fe:	f10c 0490 	add.w	r4, ip, #144	@ 0x90
 8009202:	cb0f      	ldmia	r3, {r0, r1, r2, r3}
 8009204:	e884 000f 	stmia.w	r4, {r0, r1, r2, r3}
		ctx->sequence.options = &ctx->options;
 8009208:	f8cc 407c 	str.w	r4, [ip, #124]	@ 0x7c
		ctx->sampling_index = 0U;
 800920c:	2300      	movs	r3, #0
 800920e:	f8ac 30a0 	strh.w	r3, [ip, #160]	@ 0xa0

		if (ctx->options.interval_us != 0U) {
 8009212:	b918      	cbnz	r0, 800921c <adc_context_start_read+0x40>
			adc_context_enable_timer(ctx);
			return;
		}
	}

	adc_context_start_sampling(ctx);
 8009214:	4660      	mov	r0, ip
 8009216:	f7ff ff76 	bl	8009106 <adc_context_start_sampling>
}
 800921a:	bd38      	pop	{r3, r4, r5, pc}
	return __atomic_exchange_n(target, value, __ATOMIC_SEQ_CST);
 800921c:	2300      	movs	r3, #0
 800921e:	f3bf 8f5b 	dmb	ish
 8009222:	e85c 2f00 	ldrex	r2, [ip]
 8009226:	e84c 3100 	strex	r1, r3, [ip]
 800922a:	2900      	cmp	r1, #0
 800922c:	d1f9      	bne.n	8009222 <adc_context_start_read+0x46>
 800922e:	f3bf 8f5b 	dmb	ish
			adc_context_enable_timer(ctx);
 8009232:	4660      	mov	r0, ip
 8009234:	f7fb f80c 	bl	8004250 <adc_context_enable_timer>
			return;
 8009238:	e7ef      	b.n	800921a <adc_context_start_read+0x3e>

0800923a <adc_context_wait_for_completion>:
	if (ctx->asynchronous) {
 800923a:	f890 3078 	ldrb.w	r3, [r0, #120]	@ 0x78
 800923e:	b10b      	cbz	r3, 8009244 <adc_context_wait_for_completion+0xa>
		return 0;
 8009240:	2000      	movs	r0, #0
}
 8009242:	4770      	bx	lr
{
 8009244:	b510      	push	{r4, lr}
 8009246:	4604      	mov	r4, r0
	int status = k_sem_take(&ctx->sync, ADC_CONTEXT_WAIT_FOR_COMPLETION_TIMEOUT);
 8009248:	3058      	adds	r0, #88	@ 0x58
	return z_impl_k_sem_take(sem, timeout);
 800924a:	f04f 32ff 	mov.w	r2, #4294967295
 800924e:	f04f 33ff 	mov.w	r3, #4294967295
 8009252:	f7fc fde3 	bl	8005e1c <z_impl_k_sem_take>
	if (status != 0) {
 8009256:	b100      	cbz	r0, 800925a <adc_context_wait_for_completion+0x20>
		ctx->status = status;
 8009258:	6720      	str	r0, [r4, #112]	@ 0x70
	return ctx->status;
 800925a:	6f20      	ldr	r0, [r4, #112]	@ 0x70
}
 800925c:	bd10      	pop	{r4, pc}

0800925e <adc_context_lock>:
{
 800925e:	b570      	push	{r4, r5, r6, lr}
 8009260:	4604      	mov	r4, r0
 8009262:	460e      	mov	r6, r1
 8009264:	4615      	mov	r5, r2
	k_sem_take(&ctx->lock, K_FOREVER);
 8009266:	3040      	adds	r0, #64	@ 0x40
 8009268:	f04f 32ff 	mov.w	r2, #4294967295
 800926c:	f04f 33ff 	mov.w	r3, #4294967295
 8009270:	f7fc fdd4 	bl	8005e1c <z_impl_k_sem_take>
	ctx->asynchronous = asynchronous;
 8009274:	f884 6078 	strb.w	r6, [r4, #120]	@ 0x78
	ctx->signal = signal;
 8009278:	6765      	str	r5, [r4, #116]	@ 0x74
}
 800927a:	bd70      	pop	{r4, r5, r6, pc}

0800927c <adc_context_release>:
{
 800927c:	b508      	push	{r3, lr}
	if (ctx->asynchronous && (status == 0)) {
 800927e:	f890 3078 	ldrb.w	r3, [r0, #120]	@ 0x78
 8009282:	b103      	cbz	r3, 8009286 <adc_context_release+0xa>
 8009284:	b111      	cbz	r1, 800928c <adc_context_release+0x10>
	k_sem_give(&ctx->lock);
 8009286:	3040      	adds	r0, #64	@ 0x40
	z_impl_k_sem_give(sem);
 8009288:	f7fc fd8c 	bl	8005da4 <z_impl_k_sem_give>
}
 800928c:	bd08      	pop	{r3, pc}

0800928e <adc_stm32_read>:
{
 800928e:	b570      	push	{r4, r5, r6, lr}
 8009290:	4604      	mov	r4, r0
 8009292:	460d      	mov	r5, r1
	struct adc_stm32_data *data = dev->data;
 8009294:	6906      	ldr	r6, [r0, #16]
	adc_context_lock(ctx, asynchronous, async_sig);
 8009296:	4619      	mov	r1, r3
 8009298:	4630      	mov	r0, r6
 800929a:	f7ff ffe0 	bl	800925e <adc_context_lock>
	error = read_fn(dev, sequence);
 800929e:	4629      	mov	r1, r5
 80092a0:	4620      	mov	r0, r4
 80092a2:	f7fb f80f 	bl	80042c4 <start_read>
 80092a6:	4604      	mov	r4, r0
	adc_context_release(ctx, error);
 80092a8:	4601      	mov	r1, r0
 80092aa:	4630      	mov	r0, r6
 80092ac:	f7ff ffe6 	bl	800927c <adc_context_release>
}
 80092b0:	4620      	mov	r0, r4
 80092b2:	bd70      	pop	{r4, r5, r6, pc}

080092b4 <adc_stm32_read_async>:
{
 80092b4:	b508      	push	{r3, lr}
	return adc_stm32_read(dev, sequence, async, true);
 80092b6:	2301      	movs	r3, #1
 80092b8:	f7ff ffe9 	bl	800928e <adc_stm32_read>
}
 80092bc:	bd08      	pop	{r3, pc}

080092be <adc_stm32_read_sync>:
{
 80092be:	b508      	push	{r3, lr}
	return adc_stm32_read(dev, sequence, NULL, false);
 80092c0:	2300      	movs	r3, #0
 80092c2:	461a      	mov	r2, r3
 80092c4:	f7ff ffe3 	bl	800928e <adc_stm32_read>
}
 80092c8:	bd08      	pop	{r3, pc}

080092ca <adc_context_unlock_unconditionally>:
{
 80092ca:	b508      	push	{r3, lr}
/**
 * @internal
 */
static inline unsigned int z_impl_k_sem_count_get(struct k_sem *sem)
{
	return sem->count;
 80092cc:	6c83      	ldr	r3, [r0, #72]	@ 0x48
	if (!k_sem_count_get(&ctx->lock)) {
 80092ce:	b103      	cbz	r3, 80092d2 <adc_context_unlock_unconditionally+0x8>
}
 80092d0:	bd08      	pop	{r3, pc}
		k_sem_give(&ctx->lock);
 80092d2:	3040      	adds	r0, #64	@ 0x40
 80092d4:	f7fc fd66 	bl	8005da4 <z_impl_k_sem_give>
}
 80092d8:	e7fa      	b.n	80092d0 <adc_context_unlock_unconditionally+0x6>

080092da <pinctrl_apply_state>:
 * @retval -ENOENT If given state id does not exist.
 * @retval -errno Negative errno for other failures.
 */
static inline int pinctrl_apply_state(const struct pinctrl_dev_config *config,
				      uint8_t id)
{
 80092da:	b500      	push	{lr}
 80092dc:	b083      	sub	sp, #12
	int ret;
	const struct pinctrl_state *state;

	ret = pinctrl_lookup_state(config, id, &state);
 80092de:	aa01      	add	r2, sp, #4
 80092e0:	f000 fa49 	bl	8009776 <pinctrl_lookup_state>
	if (ret < 0) {
 80092e4:	2800      	cmp	r0, #0
 80092e6:	db05      	blt.n	80092f4 <pinctrl_apply_state+0x1a>
		return ret;
	}

	return pinctrl_apply_state_direct(config, state);
 80092e8:	9b01      	ldr	r3, [sp, #4]
	return pinctrl_configure_pins(state->pins, state->pin_cnt, reg);
 80092ea:	2200      	movs	r2, #0
 80092ec:	7919      	ldrb	r1, [r3, #4]
 80092ee:	6818      	ldr	r0, [r3, #0]
 80092f0:	f000 fa5a 	bl	80097a8 <pinctrl_configure_pins>
}
 80092f4:	b003      	add	sp, #12
 80092f6:	f85d fb04 	ldr.w	pc, [sp], #4

080092fa <adc_context_request_next_sampling>:
{
 80092fa:	b508      	push	{r3, lr}
	return __atomic_fetch_add(target, value, __ATOMIC_SEQ_CST);
 80092fc:	f3bf 8f5b 	dmb	ish
 8009300:	e850 3f00 	ldrex	r3, [r0]
 8009304:	1c5a      	adds	r2, r3, #1
 8009306:	e840 2100 	strex	r1, r2, [r0]
 800930a:	2900      	cmp	r1, #0
 800930c:	d1f8      	bne.n	8009300 <adc_context_request_next_sampling+0x6>
 800930e:	f3bf 8f5b 	dmb	ish
	if (atomic_inc(&ctx->sampling_requested) == 0) {
 8009312:	b11b      	cbz	r3, 800931c <adc_context_request_next_sampling+0x22>
		ctx->status = -EBUSY;
 8009314:	f06f 030f 	mvn.w	r3, #15
 8009318:	6703      	str	r3, [r0, #112]	@ 0x70
}
 800931a:	bd08      	pop	{r3, pc}
		adc_context_start_sampling(ctx);
 800931c:	f7ff fef3 	bl	8009106 <adc_context_start_sampling>
 8009320:	e7fb      	b.n	800931a <adc_context_request_next_sampling+0x20>

08009322 <adc_context_on_timer_expired>:
{
 8009322:	b508      	push	{r3, lr}
	adc_context_request_next_sampling(ctx);
 8009324:	3808      	subs	r0, #8
 8009326:	f7ff ffe8 	bl	80092fa <adc_context_request_next_sampling>
}
 800932a:	bd08      	pop	{r3, pc}

0800932c <adc_stm32_isr_18_init>:
DT_INST_FOREACH_STATUS_OKAY(GENERATE_ISR)
 800932c:	b508      	push	{r3, lr}
 800932e:	2200      	movs	r2, #0
 8009330:	4611      	mov	r1, r2
 8009332:	2012      	movs	r0, #18
 8009334:	f7ff fcec 	bl	8008d10 <arm_irq_priority_set>
 8009338:	2012      	movs	r0, #18
 800933a:	f7ff fce4 	bl	8008d06 <arm_irq_enable>
 800933e:	bd08      	pop	{r3, pc}

08009340 <adc_context_complete>:
{
 8009340:	b538      	push	{r3, r4, r5, lr}
 8009342:	4604      	mov	r4, r0
 8009344:	460d      	mov	r5, r1
	adc_context_on_complete(ctx, status);
 8009346:	f7ff feee 	bl	8009126 <adc_context_on_complete>
	if (ctx->asynchronous) {
 800934a:	f894 3078 	ldrb.w	r3, [r4, #120]	@ 0x78
 800934e:	b933      	cbnz	r3, 800935e <adc_context_complete+0x1e>
	if (status != 0) {
 8009350:	b105      	cbz	r5, 8009354 <adc_context_complete+0x14>
		ctx->status = status;
 8009352:	6725      	str	r5, [r4, #112]	@ 0x70
	k_sem_give(&ctx->sync);
 8009354:	f104 0058 	add.w	r0, r4, #88	@ 0x58
 8009358:	f7fc fd24 	bl	8005da4 <z_impl_k_sem_give>
}
 800935c:	bd38      	pop	{r3, r4, r5, pc}
		if (ctx->signal) {
 800935e:	6f60      	ldr	r0, [r4, #116]	@ 0x74
 8009360:	b110      	cbz	r0, 8009368 <adc_context_complete+0x28>
		union { uintptr_t x; int val; } parm1 = { .val = result };
		return (int) arch_syscall_invoke2(parm0.x, parm1.x, K_SYSCALL_K_POLL_SIGNAL_RAISE);
	}
#endif
	compiler_barrier();
	return z_impl_k_poll_signal_raise(sig, result);
 8009362:	4629      	mov	r1, r5
 8009364:	f7fd fd6e 	bl	8006e44 <z_impl_k_poll_signal_raise>
		k_sem_give(&ctx->lock);
 8009368:	f104 0040 	add.w	r0, r4, #64	@ 0x40
	z_impl_k_sem_give(sem);
 800936c:	f7fc fd1a 	bl	8005da4 <z_impl_k_sem_give>
		return;
 8009370:	e7f4      	b.n	800935c <adc_context_complete+0x1c>

08009372 <adc_context_on_sampling_done>:
 * depending on the realized sequence) is done. It calls the defined callback
 * function if required and takes further actions accordingly.
 */
static inline void adc_context_on_sampling_done(struct adc_context *ctx,
						const struct device *dev)
{
 8009372:	b510      	push	{r4, lr}
 8009374:	4604      	mov	r4, r0
	if (ctx->sequence.options) {
 8009376:	6fc3      	ldr	r3, [r0, #124]	@ 0x7c
 8009378:	b1ab      	cbz	r3, 80093a6 <adc_context_on_sampling_done+0x34>
 800937a:	4608      	mov	r0, r1
		adc_sequence_callback callback = ctx->options.callback;
 800937c:	f8d4 3094 	ldr.w	r3, [r4, #148]	@ 0x94
		enum adc_action action;
		bool finish = false;
		bool repeat = false;

		if (callback) {
 8009380:	b143      	cbz	r3, 8009394 <adc_context_on_sampling_done+0x22>
			action = callback(dev,
 8009382:	f8b4 20a0 	ldrh.w	r2, [r4, #160]	@ 0xa0
 8009386:	f104 017c 	add.w	r1, r4, #124	@ 0x7c
 800938a:	4798      	blx	r3
					  ctx->sampling_index);
		} else {
			action = ADC_ACTION_CONTINUE;
		}

		switch (action) {
 800938c:	2801      	cmp	r0, #1
 800938e:	d014      	beq.n	80093ba <adc_context_on_sampling_done+0x48>
 8009390:	2802      	cmp	r0, #2
 8009392:	d005      	beq.n	80093a0 <adc_context_on_sampling_done+0x2e>
			break;
		case ADC_ACTION_FINISH:
			finish = true;
			break;
		default: /* ADC_ACTION_CONTINUE */
			if (ctx->sampling_index <
 8009394:	f8b4 30a0 	ldrh.w	r3, [r4, #160]	@ 0xa0
			    ctx->options.extra_samplings) {
 8009398:	f8b4 209c 	ldrh.w	r2, [r4, #156]	@ 0x9c
			if (ctx->sampling_index <
 800939c:	4293      	cmp	r3, r2
 800939e:	d307      	bcc.n	80093b0 <adc_context_on_sampling_done+0x3e>
			}

			return;
		}

		if (ctx->options.interval_us != 0U) {
 80093a0:	f8d4 3090 	ldr.w	r3, [r4, #144]	@ 0x90
 80093a4:	bb2b      	cbnz	r3, 80093f2 <adc_context_on_sampling_done+0x80>
			adc_context_disable_timer(ctx);
		}
	}

	adc_context_complete(ctx, 0);
 80093a6:	2100      	movs	r1, #0
 80093a8:	4620      	mov	r0, r4
 80093aa:	f7ff ffc9 	bl	8009340 <adc_context_complete>
}
 80093ae:	bd10      	pop	{r4, pc}
				++ctx->sampling_index;
 80093b0:	3301      	adds	r3, #1
 80093b2:	f8a4 30a0 	strh.w	r3, [r4, #160]	@ 0xa0
		bool repeat = false;
 80093b6:	2100      	movs	r1, #0
 80093b8:	e000      	b.n	80093bc <adc_context_on_sampling_done+0x4a>
		switch (action) {
 80093ba:	2101      	movs	r1, #1
			adc_context_update_buffer_pointer(ctx, repeat);
 80093bc:	4620      	mov	r0, r4
 80093be:	f7ff feac 	bl	800911a <adc_context_update_buffer_pointer>
			if (ctx->options.interval_us == 0U) {
 80093c2:	f8d4 3090 	ldr.w	r3, [r4, #144]	@ 0x90
 80093c6:	b91b      	cbnz	r3, 80093d0 <adc_context_on_sampling_done+0x5e>
				adc_context_start_sampling(ctx);
 80093c8:	4620      	mov	r0, r4
 80093ca:	f7ff fe9c 	bl	8009106 <adc_context_start_sampling>
 80093ce:	e7ee      	b.n	80093ae <adc_context_on_sampling_done+0x3c>
	return __atomic_fetch_sub(target, value, __ATOMIC_SEQ_CST);
 80093d0:	f3bf 8f5b 	dmb	ish
 80093d4:	e854 3f00 	ldrex	r3, [r4]
 80093d8:	1e5a      	subs	r2, r3, #1
 80093da:	e844 2100 	strex	r1, r2, [r4]
 80093de:	2900      	cmp	r1, #0
 80093e0:	d1f8      	bne.n	80093d4 <adc_context_on_sampling_done+0x62>
 80093e2:	f3bf 8f5b 	dmb	ish
			} else if (atomic_dec(&ctx->sampling_requested) > 1) {
 80093e6:	2b01      	cmp	r3, #1
 80093e8:	dde1      	ble.n	80093ae <adc_context_on_sampling_done+0x3c>
				adc_context_start_sampling(ctx);
 80093ea:	4620      	mov	r0, r4
 80093ec:	f7ff fe8b 	bl	8009106 <adc_context_start_sampling>
			return;
 80093f0:	e7dd      	b.n	80093ae <adc_context_on_sampling_done+0x3c>
	k_timer_stop(&ctx->timer);
 80093f2:	f104 0008 	add.w	r0, r4, #8
	z_impl_k_timer_stop(timer);
 80093f6:	f7fd fcef 	bl	8006dd8 <z_impl_k_timer_stop>
}
 80093fa:	e7d4      	b.n	80093a6 <adc_context_on_sampling_done+0x34>

080093fc <get_pll_div_frequency>:
	return pllsrc_freq / pllm_div * plln_mul / pllout_div;
 80093fc:	fbb0 f0f1 	udiv	r0, r0, r1
 8009400:	fb02 f000 	mul.w	r0, r2, r0
}
 8009404:	fbb0 f0f3 	udiv	r0, r0, r3
 8009408:	4770      	bx	lr

0800940a <get_bus_clock>:
}
 800940a:	fbb0 f0f1 	udiv	r0, r0, r1
 800940e:	4770      	bx	lr

08009410 <stm32_clock_control_on>:
	if (!IN_RANGE(pclken->bus, STM32_PERIPH_BUS_MIN, STM32_PERIPH_BUS_MAX)) {
 8009410:	880b      	ldrh	r3, [r1, #0]
 8009412:	f3c3 030b 	ubfx	r3, r3, #0, #12
 8009416:	f503 627d 	add.w	r2, r3, #4048	@ 0xfd0
 800941a:	f3c2 020b 	ubfx	r2, r2, #0, #12
 800941e:	2a78      	cmp	r2, #120	@ 0x78
 8009420:	d815      	bhi.n	800944e <stm32_clock_control_on+0x3e>
{
 8009422:	b082      	sub	sp, #8
	sys_set_bits(DT_REG_ADDR(DT_NODELABEL(rcc)) + pclken->bus,
 8009424:	f103 4380 	add.w	r3, r3, #1073741824	@ 0x40000000
 8009428:	f503 330e 	add.w	r3, r3, #145408	@ 0x23800
 800942c:	684a      	ldr	r2, [r1, #4]
	return temp & (1U << bit);
}

static ALWAYS_INLINE void sys_set_bits(mem_addr_t addr, unsigned int mask)
{
	uint32_t temp = *(volatile uint32_t *)addr;
 800942e:	6818      	ldr	r0, [r3, #0]

	*(volatile uint32_t *)addr = temp | mask;
 8009430:	4302      	orrs	r2, r0
 8009432:	601a      	str	r2, [r3, #0]
	temp = sys_read32(DT_REG_ADDR(DT_NODELABEL(rcc)) + pclken->bus);
 8009434:	880b      	ldrh	r3, [r1, #0]
 8009436:	f3c3 030b 	ubfx	r3, r3, #0, #12
 800943a:	f103 4380 	add.w	r3, r3, #1073741824	@ 0x40000000
 800943e:	f503 330e 	add.w	r3, r3, #145408	@ 0x23800
 8009442:	681b      	ldr	r3, [r3, #0]
 8009444:	9301      	str	r3, [sp, #4]
	UNUSED(temp);
 8009446:	9b01      	ldr	r3, [sp, #4]
	return 0;
 8009448:	2000      	movs	r0, #0
}
 800944a:	b002      	add	sp, #8
 800944c:	4770      	bx	lr
		return -ENOTSUP;
 800944e:	f06f 0085 	mvn.w	r0, #133	@ 0x85
}
 8009452:	4770      	bx	lr

08009454 <stm32_clock_control_off>:
	if (!IN_RANGE(pclken->bus, STM32_PERIPH_BUS_MIN, STM32_PERIPH_BUS_MAX)) {
 8009454:	880b      	ldrh	r3, [r1, #0]
 8009456:	f3c3 030b 	ubfx	r3, r3, #0, #12
 800945a:	f503 627d 	add.w	r2, r3, #4048	@ 0xfd0
 800945e:	f3c2 020b 	ubfx	r2, r2, #0, #12
 8009462:	2a78      	cmp	r2, #120	@ 0x78
 8009464:	d80a      	bhi.n	800947c <stm32_clock_control_off+0x28>
	sys_clear_bits(DT_REG_ADDR(DT_NODELABEL(rcc)) + pclken->bus,
 8009466:	f103 4380 	add.w	r3, r3, #1073741824	@ 0x40000000
 800946a:	f503 330e 	add.w	r3, r3, #145408	@ 0x23800
 800946e:	6849      	ldr	r1, [r1, #4]
}

static ALWAYS_INLINE void sys_clear_bits(mem_addr_t addr, unsigned int mask)
{
	uint32_t temp = *(volatile uint32_t *)addr;
 8009470:	681a      	ldr	r2, [r3, #0]

	*(volatile uint32_t *)addr = temp & ~mask;
 8009472:	ea22 0201 	bic.w	r2, r2, r1
 8009476:	601a      	str	r2, [r3, #0]
	return 0;
 8009478:	2000      	movs	r0, #0
 800947a:	4770      	bx	lr
		return -ENOTSUP;
 800947c:	f06f 0085 	mvn.w	r0, #133	@ 0x85
}
 8009480:	4770      	bx	lr

08009482 <stm32_clock_control_configure>:
{
 8009482:	b570      	push	{r4, r5, r6, lr}
	uint32_t enr = pclken->enr;
 8009484:	684c      	ldr	r4, [r1, #4]
	uint32_t shift = STM32_DT_CLKSEL_SHIFT_GET(enr);
 8009486:	f3c4 4504 	ubfx	r5, r4, #16, #5
	err = enabled_clock(pclken->bus);
 800948a:	8808      	ldrh	r0, [r1, #0]
 800948c:	f3c0 000b 	ubfx	r0, r0, #0, #12
 8009490:	f7fb f91a 	bl	80046c8 <enabled_clock>
	if (err < 0) {
 8009494:	2800      	cmp	r0, #0
 8009496:	db15      	blt.n	80094c4 <stm32_clock_control_configure+0x42>
 8009498:	b2a6      	uxth	r6, r4
	if (pclken->enr == NO_SEL) {
 800949a:	2cff      	cmp	r4, #255	@ 0xff
 800949c:	d013      	beq.n	80094c6 <stm32_clock_control_configure+0x44>
	stm32_reg_modify_bits((uint32_t *)(DT_REG_ADDR(DT_NODELABEL(rcc)) + reg),
 800949e:	f106 4280 	add.w	r2, r6, #1073741824	@ 0x40000000
 80094a2:	f502 320e 	add.w	r2, r2, #145408	@ 0x23800
			      STM32_DT_CLKSEL_MASK_GET(enr) << shift,
 80094a6:	f3c4 5141 	ubfx	r1, r4, #21, #2
 80094aa:	3101      	adds	r1, #1
 80094ac:	2301      	movs	r3, #1
 80094ae:	408b      	lsls	r3, r1
 80094b0:	3b01      	subs	r3, #1
 80094b2:	40ab      	lsls	r3, r5
			      STM32_DT_CLKSEL_VAL_GET(enr) << shift);
 80094b4:	0e24      	lsrs	r4, r4, #24
	stm32_reg_modify_bits((uint32_t *)(DT_REG_ADDR(DT_NODELABEL(rcc)) + reg),
 80094b6:	40ac      	lsls	r4, r5
 80094b8:	6811      	ldr	r1, [r2, #0]
 80094ba:	ea21 0303 	bic.w	r3, r1, r3
 80094be:	431c      	orrs	r4, r3
	*(volatile uint32_t *)addr = data;
 80094c0:	6014      	str	r4, [r2, #0]
	return 0;
 80094c2:	2000      	movs	r0, #0
}
 80094c4:	bd70      	pop	{r4, r5, r6, pc}
		return 0;
 80094c6:	2000      	movs	r0, #0
 80094c8:	e7fc      	b.n	80094c4 <stm32_clock_control_configure+0x42>

080094ca <stm32_clock_control_get_status>:
{
 80094ca:	b508      	push	{r3, lr}
	if (IN_RANGE(pclken->bus, STM32_PERIPH_BUS_MIN, STM32_PERIPH_BUS_MAX)) {
 80094cc:	8808      	ldrh	r0, [r1, #0]
 80094ce:	f3c0 000b 	ubfx	r0, r0, #0, #12
 80094d2:	f500 637d 	add.w	r3, r0, #4048	@ 0xfd0
 80094d6:	f3c3 030b 	ubfx	r3, r3, #0, #12
 80094da:	2b78      	cmp	r3, #120	@ 0x78
 80094dc:	d80b      	bhi.n	80094f6 <stm32_clock_control_get_status+0x2c>
		if ((sys_read32(DT_REG_ADDR(DT_NODELABEL(rcc)) + pclken->bus) & pclken->enr)
 80094de:	f100 4080 	add.w	r0, r0, #1073741824	@ 0x40000000
 80094e2:	f500 300e 	add.w	r0, r0, #145408	@ 0x23800
	return *(volatile uint32_t *)addr;
 80094e6:	6802      	ldr	r2, [r0, #0]
 80094e8:	684b      	ldr	r3, [r1, #4]
 80094ea:	4393      	bics	r3, r2
 80094ec:	d001      	beq.n	80094f2 <stm32_clock_control_get_status+0x28>
			return CLOCK_CONTROL_STATUS_OFF;
 80094ee:	2001      	movs	r0, #1
}
 80094f0:	bd08      	pop	{r3, pc}
			return CLOCK_CONTROL_STATUS_ON;
 80094f2:	2002      	movs	r0, #2
 80094f4:	e7fc      	b.n	80094f0 <stm32_clock_control_get_status+0x26>
		if (enabled_clock(pclken->bus) == 0) {
 80094f6:	f7fb f8e7 	bl	80046c8 <enabled_clock>
 80094fa:	b108      	cbz	r0, 8009500 <stm32_clock_control_get_status+0x36>
			return CLOCK_CONTROL_STATUS_OFF;
 80094fc:	2001      	movs	r0, #1
 80094fe:	e7f7      	b.n	80094f0 <stm32_clock_control_get_status+0x26>
			return CLOCK_CONTROL_STATUS_ON;
 8009500:	2002      	movs	r0, #2
 8009502:	e7f5      	b.n	80094f0 <stm32_clock_control_get_status+0x26>

08009504 <config_regulator_voltage>:
{
	stm32_hse_css_callback();
}
#endif /* STM32_HSE_CSS */

void __weak config_regulator_voltage(uint32_t hclk_freq) {}
 8009504:	4770      	bx	lr

08009506 <get_pll_source>:
}
 8009506:	f44f 0080 	mov.w	r0, #4194304	@ 0x400000
 800950a:	4770      	bx	lr

0800950c <sys_slist_remove>:
 */
static inline void sys_slist_remove(sys_slist_t *list,
				    sys_snode_t *prev_node,
				    sys_snode_t *node);

Z_GENLIST_REMOVE(slist, snode)
 800950c:	460b      	mov	r3, r1
 800950e:	b139      	cbz	r1, 8009520 <sys_slist_remove+0x14>
	return node->next;
 8009510:	6811      	ldr	r1, [r2, #0]
	parent->next = child;
 8009512:	6019      	str	r1, [r3, #0]
	return list->tail;
 8009514:	6841      	ldr	r1, [r0, #4]
Z_GENLIST_REMOVE(slist, snode)
 8009516:	428a      	cmp	r2, r1
 8009518:	d009      	beq.n	800952e <sys_slist_remove+0x22>
	parent->next = child;
 800951a:	2300      	movs	r3, #0
 800951c:	6013      	str	r3, [r2, #0]
Z_GENLIST_REMOVE(slist, snode)
 800951e:	4770      	bx	lr
	return node->next;
 8009520:	6813      	ldr	r3, [r2, #0]
	list->head = node;
 8009522:	6003      	str	r3, [r0, #0]
	return list->tail;
 8009524:	6841      	ldr	r1, [r0, #4]
Z_GENLIST_REMOVE(slist, snode)
 8009526:	428a      	cmp	r2, r1
 8009528:	d1f7      	bne.n	800951a <sys_slist_remove+0xe>
	list->tail = node;
 800952a:	6043      	str	r3, [r0, #4]
}
 800952c:	e7f5      	b.n	800951a <sys_slist_remove+0xe>
	list->tail = node;
 800952e:	6043      	str	r3, [r0, #4]
}
 8009530:	e7f3      	b.n	800951a <sys_slist_remove+0xe>

08009532 <sys_slist_find_and_remove>:
static inline size_t sys_slist_len(const sys_slist_t *list);

Z_GENLIST_LEN(slist, snode)

/** @} */
Z_GENLIST_FIND_AND_REMOVE(slist, snode)
 8009532:	b508      	push	{r3, lr}
 8009534:	460a      	mov	r2, r1
	return list->head;
 8009536:	6803      	ldr	r3, [r0, #0]
Z_GENLIST_FIND_AND_REMOVE(slist, snode)
 8009538:	2100      	movs	r1, #0
 800953a:	e001      	b.n	8009540 <sys_slist_find_and_remove+0xe>
 800953c:	4619      	mov	r1, r3
 800953e:	681b      	ldr	r3, [r3, #0]
 8009540:	b12b      	cbz	r3, 800954e <sys_slist_find_and_remove+0x1c>
 8009542:	4293      	cmp	r3, r2
 8009544:	d1fa      	bne.n	800953c <sys_slist_find_and_remove+0xa>
 8009546:	f7ff ffe1 	bl	800950c <sys_slist_remove>
 800954a:	2001      	movs	r0, #1
 800954c:	e000      	b.n	8009550 <sys_slist_find_and_remove+0x1e>
 800954e:	2000      	movs	r0, #0
 8009550:	bd08      	pop	{r3, pc}

08009552 <gpio_manage_callback>:
 * @return 0 on success, negative errno otherwise.
 */
static inline int gpio_manage_callback(sys_slist_t *callbacks,
					struct gpio_callback *callback,
					bool set)
{
 8009552:	b570      	push	{r4, r5, r6, lr}
 8009554:	4604      	mov	r4, r0
 8009556:	460d      	mov	r5, r1
 8009558:	4616      	mov	r6, r2
	return list->head;
 800955a:	6803      	ldr	r3, [r0, #0]
	__ASSERT(callback, "No callback!");
	__ASSERT(callback->handler, "No callback handler!");

	if (!sys_slist_is_empty(callbacks)) {
 800955c:	b133      	cbz	r3, 800956c <gpio_manage_callback+0x1a>
		if (!sys_slist_find_and_remove(callbacks, &callback->node)) {
 800955e:	f7ff ffe8 	bl	8009532 <sys_slist_find_and_remove>
 8009562:	b970      	cbnz	r0, 8009582 <gpio_manage_callback+0x30>
			if (!set) {
 8009564:	b91e      	cbnz	r6, 800956e <gpio_manage_callback+0x1c>
				return -EINVAL;
 8009566:	f06f 0015 	mvn.w	r0, #21
 800956a:	e006      	b.n	800957a <gpio_manage_callback+0x28>
			}
		}
	} else if (!set) {
 800956c:	b132      	cbz	r2, 800957c <gpio_manage_callback+0x2a>
 800956e:	6823      	ldr	r3, [r4, #0]
	parent->next = child;
 8009570:	602b      	str	r3, [r5, #0]
	list->head = node;
 8009572:	6025      	str	r5, [r4, #0]
	return list->tail;
 8009574:	6863      	ldr	r3, [r4, #4]
Z_GENLIST_PREPEND(slist, snode)
 8009576:	b143      	cbz	r3, 800958a <gpio_manage_callback+0x38>

	if (set) {
		sys_slist_prepend(callbacks, &callback->node);
	}

	return 0;
 8009578:	2000      	movs	r0, #0
}
 800957a:	bd70      	pop	{r4, r5, r6, pc}
		return -EINVAL;
 800957c:	f06f 0015 	mvn.w	r0, #21
 8009580:	e7fb      	b.n	800957a <gpio_manage_callback+0x28>
	if (set) {
 8009582:	2e00      	cmp	r6, #0
 8009584:	d1f3      	bne.n	800956e <gpio_manage_callback+0x1c>
	return 0;
 8009586:	2000      	movs	r0, #0
 8009588:	e7f7      	b.n	800957a <gpio_manage_callback+0x28>
	list->tail = node;
 800958a:	6065      	str	r5, [r4, #4]
 800958c:	2000      	movs	r0, #0
}
 800958e:	e7f4      	b.n	800957a <gpio_manage_callback+0x28>

08009590 <gpio_fire_callbacks>:
 * @param pins The actual pin mask that triggered the interrupt
 */
static inline void gpio_fire_callbacks(sys_slist_t *list,
					const struct device *port,
					uint32_t pins)
{
 8009590:	b570      	push	{r4, r5, r6, lr}
 8009592:	460e      	mov	r6, r1
 8009594:	4615      	mov	r5, r2
	return list->head;
 8009596:	6801      	ldr	r1, [r0, #0]
	struct gpio_callback *cb, *tmp;

	sys_port_trace_gpio_fire_callbacks_enter(list, port, pins);

	SYS_SLIST_FOR_EACH_CONTAINER_SAFE(list, cb, tmp, node) {
 8009598:	b121      	cbz	r1, 80095a4 <gpio_fire_callbacks+0x14>
	return node->next;
 800959a:	680c      	ldr	r4, [r1, #0]
 800959c:	b13c      	cbz	r4, 80095ae <gpio_fire_callbacks+0x1e>
Z_GENLIST_PEEK_NEXT(slist, snode)
 800959e:	b931      	cbnz	r1, 80095ae <gpio_fire_callbacks+0x1e>
 80095a0:	460c      	mov	r4, r1
 80095a2:	e004      	b.n	80095ae <gpio_fire_callbacks+0x1e>
 80095a4:	460c      	mov	r4, r1
 80095a6:	e002      	b.n	80095ae <gpio_fire_callbacks+0x1e>
 80095a8:	4623      	mov	r3, r4
 80095aa:	4621      	mov	r1, r4
 80095ac:	461c      	mov	r4, r3
 80095ae:	b171      	cbz	r1, 80095ce <gpio_fire_callbacks+0x3e>
		if (cb->pin_mask & pins) {
 80095b0:	688a      	ldr	r2, [r1, #8]
 80095b2:	402a      	ands	r2, r5
 80095b4:	d002      	beq.n	80095bc <gpio_fire_callbacks+0x2c>
			__ASSERT(cb->handler, "No callback handler!");

			cb->handler(port, cb, cb->pin_mask & pins);
 80095b6:	684b      	ldr	r3, [r1, #4]
 80095b8:	4630      	mov	r0, r6
 80095ba:	4798      	blx	r3
	SYS_SLIST_FOR_EACH_CONTAINER_SAFE(list, cb, tmp, node) {
 80095bc:	2c00      	cmp	r4, #0
 80095be:	d0f3      	beq.n	80095a8 <gpio_fire_callbacks+0x18>
	return node->next;
 80095c0:	6823      	ldr	r3, [r4, #0]
 80095c2:	2b00      	cmp	r3, #0
 80095c4:	d0f1      	beq.n	80095aa <gpio_fire_callbacks+0x1a>
Z_GENLIST_PEEK_NEXT(slist, snode)
 80095c6:	2c00      	cmp	r4, #0
 80095c8:	d1ef      	bne.n	80095aa <gpio_fire_callbacks+0x1a>
 80095ca:	4623      	mov	r3, r4
 80095cc:	e7ed      	b.n	80095aa <gpio_fire_callbacks+0x1a>
			sys_port_trace_gpio_fire_callback(port, cb);
		}
	}
}
 80095ce:	bd70      	pop	{r4, r5, r6, pc}

080095d0 <gpio_stm32_isr>:
{
 80095d0:	b508      	push	{r3, lr}
 80095d2:	4602      	mov	r2, r0
	struct gpio_stm32_data *data = dev->data;
 80095d4:	6908      	ldr	r0, [r1, #16]
	gpio_fire_callbacks(&data->cb, dev, pin);
 80095d6:	3008      	adds	r0, #8
 80095d8:	f7ff ffda 	bl	8009590 <gpio_fire_callbacks>
}
 80095dc:	bd08      	pop	{r3, pc}

080095de <gpio_stm32_flags_to_conf>:
	if ((flags & GPIO_OUTPUT) != 0) {
 80095de:	f410 3f00 	tst.w	r0, #131072	@ 0x20000
 80095e2:	d014      	beq.n	800960e <gpio_stm32_flags_to_conf+0x30>
		if ((flags & GPIO_SINGLE_ENDED) != 0) {
 80095e4:	f010 0f02 	tst.w	r0, #2
 80095e8:	d004      	beq.n	80095f4 <gpio_stm32_flags_to_conf+0x16>
			if (flags & GPIO_LINE_OPEN_DRAIN) {
 80095ea:	f010 0f04 	tst.w	r0, #4
 80095ee:	d034      	beq.n	800965a <gpio_stm32_flags_to_conf+0x7c>
				cfg |= STM32_PINCFG_OPEN_DRAIN;
 80095f0:	2350      	movs	r3, #80	@ 0x50
 80095f2:	e000      	b.n	80095f6 <gpio_stm32_flags_to_conf+0x18>
			cfg |= STM32_PINCFG_PUSH_PULL;
 80095f4:	2310      	movs	r3, #16
		if ((flags & GPIO_PULL_UP) != 0) {
 80095f6:	f010 0f10 	tst.w	r0, #16
 80095fa:	d002      	beq.n	8009602 <gpio_stm32_flags_to_conf+0x24>
			cfg |= STM32_PINCFG_PULL_UP;
 80095fc:	f443 7300 	orr.w	r3, r3, #512	@ 0x200
 8009600:	e012      	b.n	8009628 <gpio_stm32_flags_to_conf+0x4a>
		} else if ((flags & GPIO_PULL_DOWN) != 0) {
 8009602:	f010 0f20 	tst.w	r0, #32
 8009606:	d00f      	beq.n	8009628 <gpio_stm32_flags_to_conf+0x4a>
			cfg |= STM32_PINCFG_PULL_DOWN;
 8009608:	f443 6380 	orr.w	r3, r3, #1024	@ 0x400
 800960c:	e00c      	b.n	8009628 <gpio_stm32_flags_to_conf+0x4a>
	} else if  ((flags & GPIO_INPUT) != 0) {
 800960e:	f410 3f80 	tst.w	r0, #65536	@ 0x10000
 8009612:	d008      	beq.n	8009626 <gpio_stm32_flags_to_conf+0x48>
		if ((flags & GPIO_PULL_UP) != 0) {
 8009614:	f010 0f10 	tst.w	r0, #16
 8009618:	d114      	bne.n	8009644 <gpio_stm32_flags_to_conf+0x66>
		} else if ((flags & GPIO_PULL_DOWN) != 0) {
 800961a:	f010 0320 	ands.w	r3, r0, #32
 800961e:	d003      	beq.n	8009628 <gpio_stm32_flags_to_conf+0x4a>
			cfg |= STM32_PINCFG_PULL_DOWN;
 8009620:	f44f 6380 	mov.w	r3, #1024	@ 0x400
 8009624:	e000      	b.n	8009628 <gpio_stm32_flags_to_conf+0x4a>
		cfg = STM32_PINCFG_MODE_ANALOG;
 8009626:	2330      	movs	r3, #48	@ 0x30
	switch (flags & (STM32_GPIO_SPEED_MASK << STM32_GPIO_SPEED_SHIFT)) {
 8009628:	f400 60c0 	and.w	r0, r0, #1536	@ 0x600
 800962c:	f5b0 6f80 	cmp.w	r0, #1024	@ 0x400
 8009630:	d010      	beq.n	8009654 <gpio_stm32_flags_to_conf+0x76>
 8009632:	f5b0 6fc0 	cmp.w	r0, #1536	@ 0x600
 8009636:	d008      	beq.n	800964a <gpio_stm32_flags_to_conf+0x6c>
 8009638:	f5b0 7f00 	cmp.w	r0, #512	@ 0x200
 800963c:	d107      	bne.n	800964e <gpio_stm32_flags_to_conf+0x70>
		cfg |= STM32_OSPEEDR_MEDIUM_SPEED;
 800963e:	f043 0380 	orr.w	r3, r3, #128	@ 0x80
		break;
 8009642:	e004      	b.n	800964e <gpio_stm32_flags_to_conf+0x70>
			cfg |= STM32_PINCFG_PULL_UP;
 8009644:	f44f 7300 	mov.w	r3, #512	@ 0x200
 8009648:	e7ee      	b.n	8009628 <gpio_stm32_flags_to_conf+0x4a>
		cfg |= STM32_OSPEEDR_VERY_HIGH_SPEED;
 800964a:	f443 73c0 	orr.w	r3, r3, #384	@ 0x180
	*pincfg = cfg;
 800964e:	600b      	str	r3, [r1, #0]
	return 0;
 8009650:	2000      	movs	r0, #0
 8009652:	4770      	bx	lr
		cfg |= STM32_OSPEEDR_HIGH_SPEED;
 8009654:	f443 7380 	orr.w	r3, r3, #256	@ 0x100
		break;
 8009658:	e7f9      	b.n	800964e <gpio_stm32_flags_to_conf+0x70>
				return -ENOTSUP;
 800965a:	f06f 0085 	mvn.w	r0, #133	@ 0x85
}
 800965e:	4770      	bx	lr

08009660 <gpio_stm32_port_get_raw>:
	const struct gpio_stm32_config *cfg = dev->config;
 8009660:	6843      	ldr	r3, [r0, #4]
	GPIO_TypeDef *gpio = (GPIO_TypeDef *)cfg->base;
 8009662:	685b      	ldr	r3, [r3, #4]
  * @param  GPIOx GPIO Port
  * @retval Input data register value of port
  */
__STATIC_INLINE uint32_t LL_GPIO_ReadInputPort(GPIO_TypeDef *GPIOx)
{
  return (uint32_t)(READ_REG(GPIOx->IDR));
 8009664:	691b      	ldr	r3, [r3, #16]
	*value = LL_GPIO_ReadInputPort(gpio);
 8009666:	600b      	str	r3, [r1, #0]
}
 8009668:	2000      	movs	r0, #0
 800966a:	4770      	bx	lr

0800966c <gpio_stm32_port_set_masked_raw>:
	const struct gpio_stm32_config *cfg = dev->config;
 800966c:	6843      	ldr	r3, [r0, #4]
	GPIO_TypeDef *gpio = (GPIO_TypeDef *)cfg->base;
 800966e:	685b      	ldr	r3, [r3, #4]
  * @param  GPIOx GPIO Port
  * @retval Output data register value of port
  */
__STATIC_INLINE uint32_t LL_GPIO_ReadOutputPort(GPIO_TypeDef *GPIOx)
{
  return (uint32_t)(READ_REG(GPIOx->ODR));
 8009670:	6958      	ldr	r0, [r3, #20]
	LL_GPIO_WriteOutputPort(gpio, (port_value & ~mask) | (mask & value));
 8009672:	4042      	eors	r2, r0
 8009674:	400a      	ands	r2, r1
 8009676:	4042      	eors	r2, r0
  WRITE_REG(GPIOx->ODR, PortValue);
 8009678:	615a      	str	r2, [r3, #20]
}
 800967a:	2000      	movs	r0, #0
 800967c:	4770      	bx	lr

0800967e <gpio_stm32_port_set_bits_raw>:
	const struct gpio_stm32_config *cfg = dev->config;
 800967e:	6843      	ldr	r3, [r0, #4]
	GPIO_TypeDef *gpio = (GPIO_TypeDef *)cfg->base;
 8009680:	685b      	ldr	r3, [r3, #4]
	*(volatile uint32_t *)addr = data;
 8009682:	6199      	str	r1, [r3, #24]
}
 8009684:	2000      	movs	r0, #0
 8009686:	4770      	bx	lr

08009688 <gpio_stm32_port_clear_bits_raw>:
	const struct gpio_stm32_config *cfg = dev->config;
 8009688:	6843      	ldr	r3, [r0, #4]
	GPIO_TypeDef *gpio = (GPIO_TypeDef *)cfg->base;
 800968a:	685b      	ldr	r3, [r3, #4]
  *         @arg @ref LL_GPIO_PIN_ALL
  * @retval None
  */
__STATIC_INLINE void LL_GPIO_ResetOutputPin(GPIO_TypeDef *GPIOx, uint32_t PinMask)
{
  WRITE_REG(GPIOx->BSRR, (PinMask << 16));
 800968c:	0409      	lsls	r1, r1, #16
 800968e:	6199      	str	r1, [r3, #24]
}
 8009690:	2000      	movs	r0, #0
 8009692:	4770      	bx	lr

08009694 <gpio_stm32_port_toggle_bits>:
	const struct gpio_stm32_config *cfg = dev->config;
 8009694:	6843      	ldr	r3, [r0, #4]
	GPIO_TypeDef *gpio = (GPIO_TypeDef *)cfg->base;
 8009696:	685b      	ldr	r3, [r3, #4]
	return *(volatile uint32_t *)addr;
 8009698:	695a      	ldr	r2, [r3, #20]
	stm32_reg_write(&gpio->ODR, stm32_reg_read(&gpio->ODR) ^ pins);
 800969a:	4051      	eors	r1, r2
	*(volatile uint32_t *)addr = data;
 800969c:	6159      	str	r1, [r3, #20]
}
 800969e:	2000      	movs	r0, #0
 80096a0:	4770      	bx	lr

080096a2 <gpio_stm32_manage_callback>:

static int gpio_stm32_manage_callback(const struct device *dev,
				      struct gpio_callback *callback,
				      bool set)
{
 80096a2:	b508      	push	{r3, lr}
	struct gpio_stm32_data *data = dev->data;
 80096a4:	6900      	ldr	r0, [r0, #16]

	return gpio_manage_callback(&data->cb, callback, set);
 80096a6:	3008      	adds	r0, #8
 80096a8:	f7ff ff53 	bl	8009552 <gpio_manage_callback>
}
 80096ac:	bd08      	pop	{r3, pc}

080096ae <gpio_stm32_disable_pin_irqs>:
{
 80096ae:	b538      	push	{r3, r4, r5, lr}
 80096b0:	4604      	mov	r4, r0
 80096b2:	460d      	mov	r5, r1
	if (port != stm32_exti_get_line_src_port(pin)) {
 80096b4:	4608      	mov	r0, r1
 80096b6:	f7ff fcf0 	bl	800909a <stm32_exti_get_line_src_port>
 80096ba:	42a0      	cmp	r0, r4
 80096bc:	d000      	beq.n	80096c0 <gpio_stm32_disable_pin_irqs+0x12>
}
 80096be:	bd38      	pop	{r3, r4, r5, pc}
	stm32_gpio_irq_line_t irq_line = stm32_gpio_intc_get_pin_irq_line(port, pin);
 80096c0:	4629      	mov	r1, r5
 80096c2:	4620      	mov	r0, r4
 80096c4:	f7ff fcd6 	bl	8009074 <stm32_gpio_intc_get_pin_irq_line>
 80096c8:	4604      	mov	r4, r0
	stm32_gpio_intc_disable_line(irq_line);
 80096ca:	f7fa fbcf 	bl	8003e6c <stm32_gpio_intc_disable_line>
	stm32_gpio_intc_remove_irq_callback(irq_line);
 80096ce:	4620      	mov	r0, r4
 80096d0:	f7fa fc26 	bl	8003f20 <stm32_gpio_intc_remove_irq_callback>
	stm32_gpio_intc_select_line_trigger(irq_line, STM32_GPIO_IRQ_TRIG_NONE);
 80096d4:	2100      	movs	r1, #0
 80096d6:	4620      	mov	r0, r4
 80096d8:	f7fa fbd0 	bl	8003e7c <stm32_gpio_intc_select_line_trigger>
 80096dc:	e7ef      	b.n	80096be <gpio_stm32_disable_pin_irqs+0x10>

080096de <gpio_stm32_config>:
{
 80096de:	e92d 43f0 	stmdb	sp!, {r4, r5, r6, r7, r8, r9, lr}
 80096e2:	b083      	sub	sp, #12
 80096e4:	4605      	mov	r5, r0
 80096e6:	460e      	mov	r6, r1
 80096e8:	4614      	mov	r4, r2
	struct gpio_stm32_data *data = dev->data;
 80096ea:	f8d0 8010 	ldr.w	r8, [r0, #16]
	err = gpio_stm32_flags_to_conf(flags, &pincfg);
 80096ee:	a901      	add	r1, sp, #4
 80096f0:	4610      	mov	r0, r2
 80096f2:	f7ff ff74 	bl	80095de <gpio_stm32_flags_to_conf>
	if (err != 0) {
 80096f6:	4607      	mov	r7, r0
 80096f8:	bb68      	cbnz	r0, 8009756 <gpio_stm32_config+0x78>
	if ((((flags & GPIO_OUTPUT) != 0) || ((flags & GPIO_INPUT) != 0)) &&
 80096fa:	f414 3940 	ands.w	r9, r4, #196608	@ 0x30000
 80096fe:	d014      	beq.n	800972a <gpio_stm32_config+0x4c>
	    !(data->pin_has_clock_enabled & BIT(pin))) {
 8009700:	f8d8 3004 	ldr.w	r3, [r8, #4]
 8009704:	fa23 f206 	lsr.w	r2, r3, r6
	if ((((flags & GPIO_OUTPUT) != 0) || ((flags & GPIO_INPUT) != 0)) &&
 8009708:	f012 0f01 	tst.w	r2, #1
 800970c:	d104      	bne.n	8009718 <gpio_stm32_config+0x3a>
		data->pin_has_clock_enabled |= BIT(pin);
 800970e:	2201      	movs	r2, #1
 8009710:	40b2      	lsls	r2, r6
 8009712:	4313      	orrs	r3, r2
 8009714:	f8c8 3004 	str.w	r3, [r8, #4]
	if ((flags & GPIO_OUTPUT) != 0) {
 8009718:	f414 3f00 	tst.w	r4, #131072	@ 0x20000
 800971c:	d005      	beq.n	800972a <gpio_stm32_config+0x4c>
		if ((flags & GPIO_OUTPUT_INIT_HIGH) != 0) {
 800971e:	f414 2f00 	tst.w	r4, #524288	@ 0x80000
 8009722:	d11c      	bne.n	800975e <gpio_stm32_config+0x80>
		} else if ((flags & GPIO_OUTPUT_INIT_LOW) != 0) {
 8009724:	f414 2f80 	tst.w	r4, #262144	@ 0x40000
 8009728:	d11f      	bne.n	800976a <gpio_stm32_config+0x8c>
	stm32_gpioport_configure_pin(dev, pin, pincfg, 0);
 800972a:	2300      	movs	r3, #0
 800972c:	9a01      	ldr	r2, [sp, #4]
 800972e:	4631      	mov	r1, r6
 8009730:	4628      	mov	r0, r5
 8009732:	f7ff f89b 	bl	800886c <stm32_gpioport_configure_pin>
	if (((flags & GPIO_OUTPUT) == 0) && ((flags & GPIO_INPUT) == 0) &&
 8009736:	f1b9 0f00 	cmp.w	r9, #0
 800973a:	d10c      	bne.n	8009756 <gpio_stm32_config+0x78>
	    (data->pin_has_clock_enabled & BIT(pin))) {
 800973c:	f8d8 3004 	ldr.w	r3, [r8, #4]
	if (((flags & GPIO_OUTPUT) == 0) && ((flags & GPIO_INPUT) == 0) &&
 8009740:	fa23 f206 	lsr.w	r2, r3, r6
 8009744:	f012 0f01 	tst.w	r2, #1
 8009748:	d005      	beq.n	8009756 <gpio_stm32_config+0x78>
		data->pin_has_clock_enabled &= ~BIT(pin);
 800974a:	2201      	movs	r2, #1
 800974c:	40b2      	lsls	r2, r6
 800974e:	ea23 0302 	bic.w	r3, r3, r2
 8009752:	f8c8 3004 	str.w	r3, [r8, #4]
}
 8009756:	4638      	mov	r0, r7
 8009758:	b003      	add	sp, #12
 800975a:	e8bd 83f0 	ldmia.w	sp!, {r4, r5, r6, r7, r8, r9, pc}
			gpio_stm32_port_set_bits_raw(dev, BIT(pin));
 800975e:	2101      	movs	r1, #1
 8009760:	40b1      	lsls	r1, r6
 8009762:	4628      	mov	r0, r5
 8009764:	f7ff ff8b 	bl	800967e <gpio_stm32_port_set_bits_raw>
 8009768:	e7df      	b.n	800972a <gpio_stm32_config+0x4c>
			gpio_stm32_port_clear_bits_raw(dev, BIT(pin));
 800976a:	2101      	movs	r1, #1
 800976c:	40b1      	lsls	r1, r6
 800976e:	4628      	mov	r0, r5
 8009770:	f7ff ff8a 	bl	8009688 <gpio_stm32_port_clear_bits_raw>
 8009774:	e7d9      	b.n	800972a <gpio_stm32_config+0x4c>

08009776 <pinctrl_lookup_state>:

#include <zephyr/drivers/pinctrl.h>

int pinctrl_lookup_state(const struct pinctrl_dev_config *config, uint8_t id,
			 const struct pinctrl_state **state)
{
 8009776:	b500      	push	{lr}
	*state = &config->states[0];
 8009778:	6803      	ldr	r3, [r0, #0]
 800977a:	6013      	str	r3, [r2, #0]
	while (*state < &config->states[config->state_cnt]) {
 800977c:	e001      	b.n	8009782 <pinctrl_lookup_state+0xc>
		if (id == (*state)->id) {
			return 0;
		}

		(*state)++;
 800977e:	3308      	adds	r3, #8
 8009780:	6013      	str	r3, [r2, #0]
	while (*state < &config->states[config->state_cnt]) {
 8009782:	6813      	ldr	r3, [r2, #0]
 8009784:	f890 c004 	ldrb.w	ip, [r0, #4]
 8009788:	f8d0 e000 	ldr.w	lr, [r0]
 800978c:	eb0e 0ccc 	add.w	ip, lr, ip, lsl #3
 8009790:	4563      	cmp	r3, ip
 8009792:	d205      	bcs.n	80097a0 <pinctrl_lookup_state+0x2a>
		if (id == (*state)->id) {
 8009794:	f893 c005 	ldrb.w	ip, [r3, #5]
 8009798:	458c      	cmp	ip, r1
 800979a:	d1f0      	bne.n	800977e <pinctrl_lookup_state+0x8>
			return 0;
 800979c:	2000      	movs	r0, #0
 800979e:	e001      	b.n	80097a4 <pinctrl_lookup_state+0x2e>
	}

	return -ENOENT;
 80097a0:	f06f 0001 	mvn.w	r0, #1
}
 80097a4:	f85d fb04 	ldr.w	pc, [sp], #4

080097a8 <pinctrl_configure_pins>:
#define IS_GPIO_OUT STM32_GPIO
#endif

int pinctrl_configure_pins(const pinctrl_soc_pin_t *pins, uint8_t pin_cnt,
			   uintptr_t reg)
{
 80097a8:	e92d 4ff8 	stmdb	sp!, {r3, r4, r5, r6, r7, r8, r9, sl, fp, lr}
 80097ac:	4680      	mov	r8, r0
 80097ae:	468a      	mov	sl, r1
	if (ret < 0) {
		return ret;
	}
#endif /* DT_HAS_COMPAT_STATUS_OKAY(st_stm32f1_pinctrl) */

	for (uint8_t i = 0U; i < pin_cnt; i++) {
 80097b0:	2400      	movs	r4, #0
	uint32_t pin_cfg = 0;
 80097b2:	4626      	mov	r6, r4
	for (uint8_t i = 0U; i < pin_cnt; i++) {
 80097b4:	e01a      	b.n	80097ec <pinctrl_configure_pins+0x44>
			__ASSERT_NO_MSG(STM32_DT_PINMUX_FUNC(mux));
		}
#else
		if (STM32_DT_PINMUX_FUNC(mux) < STM32_ANALOG) {
			pin_cfg = pins[i].pincfg | STM32_MODER_ALT_MODE;
		} else if (STM32_DT_PINMUX_FUNC(mux) == STM32_ANALOG) {
 80097b6:	f005 021f 	and.w	r2, r5, #31
 80097ba:	2a10      	cmp	r2, #16
 80097bc:	d025      	beq.n	800980a <pinctrl_configure_pins+0x62>
			pin_cfg = STM32_MODER_ANALOG_MODE;
		} else if (STM32_DT_PINMUX_FUNC(mux) == STM32_GPIO) {
 80097be:	2a11      	cmp	r2, #17
 80097c0:	d021      	beq.n	8009806 <pinctrl_configure_pins+0x5e>
		} else {
			/* Not supported */
			__ASSERT_NO_MSG(STM32_DT_PINMUX_FUNC(mux));
		}
#endif /* DT_HAS_COMPAT_STATUS_OKAY(st_stm32f1_pinctrl) */
		port = stm32_gpioport_get(STM32_DT_PINMUX_PORT(mux));
 80097c2:	f3c5 2044 	ubfx	r0, r5, #9, #5
 80097c6:	f7f8 fc8d 	bl	80020e4 <stm32_gpioport_get>
		if (port == NULL) {
 80097ca:	4681      	mov	r9, r0
 80097cc:	b398      	cbz	r0, 8009836 <pinctrl_configure_pins+0x8e>
		ret = pm_device_runtime_get(port);
		if (ret < 0) {
			return ret;
		}

		line = STM32_DT_PINMUX_LINE(mux);
 80097ce:	f3c5 1b43 	ubfx	fp, r5, #5, #4
		func = STM32_DT_PINMUX_FUNC(mux);
 80097d2:	f005 071f 	and.w	r7, r5, #31

		cfg_ret = stm32_gpioport_configure_pin(port, line, pin_cfg, func);
 80097d6:	463b      	mov	r3, r7
 80097d8:	4632      	mov	r2, r6
 80097da:	4659      	mov	r1, fp
 80097dc:	f7ff f846 	bl	800886c <stm32_gpioport_configure_pin>

		if (cfg_ret >= 0 && func == IS_GPIO_OUT) {
 80097e0:	2800      	cmp	r0, #0
 80097e2:	db26      	blt.n	8009832 <pinctrl_configure_pins+0x8a>
 80097e4:	2f11      	cmp	r7, #17
 80097e6:	d012      	beq.n	800980e <pinctrl_configure_pins+0x66>
	for (uint8_t i = 0U; i < pin_cnt; i++) {
 80097e8:	3401      	adds	r4, #1
 80097ea:	b2e4      	uxtb	r4, r4
 80097ec:	4554      	cmp	r4, sl
 80097ee:	d21f      	bcs.n	8009830 <pinctrl_configure_pins+0x88>
		mux = pins[i].pinmux;
 80097f0:	eb08 03c4 	add.w	r3, r8, r4, lsl #3
 80097f4:	f858 5034 	ldr.w	r5, [r8, r4, lsl #3]
		if (STM32_DT_PINMUX_FUNC(mux) < STM32_ANALOG) {
 80097f8:	f015 0f10 	tst.w	r5, #16
 80097fc:	d1db      	bne.n	80097b6 <pinctrl_configure_pins+0xe>
			pin_cfg = pins[i].pincfg | STM32_MODER_ALT_MODE;
 80097fe:	685e      	ldr	r6, [r3, #4]
 8009800:	f046 0620 	orr.w	r6, r6, #32
 8009804:	e7dd      	b.n	80097c2 <pinctrl_configure_pins+0x1a>
			pin_cfg = pins[i].pincfg;
 8009806:	685e      	ldr	r6, [r3, #4]
 8009808:	e7db      	b.n	80097c2 <pinctrl_configure_pins+0x1a>
			pin_cfg = STM32_MODER_ANALOG_MODE;
 800980a:	2630      	movs	r6, #48	@ 0x30
 800980c:	e7d9      	b.n	80097c2 <pinctrl_configure_pins+0x1a>
			/* Apply output level configuration */
			const struct gpio_stm32_config *cfg = port->config;
 800980e:	f8d9 3004 	ldr.w	r3, [r9, #4]
			GPIO_TypeDef *gpio = cfg->base;
 8009812:	685a      	ldr	r2, [r3, #4]
			uint32_t gpio_out = pin_cfg & (STM32_ODR_MASK << STM32_ODR_SHIFT);

			if (gpio_out == STM32_ODR_1) {
 8009814:	f416 6f00 	tst.w	r6, #2048	@ 0x800
 8009818:	d004      	beq.n	8009824 <pinctrl_configure_pins+0x7c>
				stm32_reg_write(&gpio->BSRR, BIT(line));
 800981a:	2301      	movs	r3, #1
 800981c:	fa03 f30b 	lsl.w	r3, r3, fp
 8009820:	6193      	str	r3, [r2, #24]
}
 8009822:	e7e1      	b.n	80097e8 <pinctrl_configure_pins+0x40>
			} else {
				/* c.f. gpio_stm32_port_clear_bits_raw() for rationale */
#ifdef CONFIG_SOC_SERIES_STM32F1X
				stm32_reg_write(&gpio->BRR, BIT(line));
#else /* CONFIG_SOC_SERIES_STM32F1X */
				LL_GPIO_ResetOutputPin(gpio, BIT(line));
 8009824:	2301      	movs	r3, #1
 8009826:	fa03 f30b 	lsl.w	r3, r3, fp
 800982a:	041b      	lsls	r3, r3, #16
 800982c:	6193      	str	r3, [r2, #24]
}
 800982e:	e7db      	b.n	80097e8 <pinctrl_configure_pins+0x40>
		if (cfg_ret < 0) {
			return cfg_ret;
		}
	}

	return 0;
 8009830:	2000      	movs	r0, #0
}
 8009832:	e8bd 8ff8 	ldmia.w	sp!, {r3, r4, r5, r6, r7, r8, r9, sl, fp, pc}
			return -ENODEV;
 8009836:	f06f 0012 	mvn.w	r0, #18
 800983a:	e7fa      	b.n	8009832 <pinctrl_configure_pins+0x8a>

0800983c <reset_stm32_status>:
};

static int reset_stm32_status(const struct device *dev, uint32_t id,
			      uint8_t *status)
{
	const struct reset_stm32_config *config = dev->config;
 800983c:	6843      	ldr	r3, [r0, #4]

	*status = !!sys_test_bit(config->base + STM32_RESET_SET_OFFSET(id),
 800983e:	6818      	ldr	r0, [r3, #0]
 8009840:	f3c1 134b 	ubfx	r3, r1, #5, #12
 8009844:	f001 011f 	and.w	r1, r1, #31
	uint32_t temp = *(volatile uint32_t *)addr;
 8009848:	58c3      	ldr	r3, [r0, r3]
	return temp & (1U << bit);
 800984a:	2001      	movs	r0, #1
 800984c:	fa00 f101 	lsl.w	r1, r0, r1
 8009850:	400b      	ands	r3, r1
 8009852:	3b00      	subs	r3, #0
 8009854:	bf18      	it	ne
 8009856:	2301      	movne	r3, #1
 8009858:	7013      	strb	r3, [r2, #0]
				 STM32_RESET_REG_BIT(id));

	return 0;
}
 800985a:	2000      	movs	r0, #0
 800985c:	4770      	bx	lr

0800985e <reset_stm32_line_assert>:

static int reset_stm32_line_assert(const struct device *dev, uint32_t id)
{
 800985e:	b410      	push	{r4}
	const struct reset_stm32_config *config = dev->config;
 8009860:	6843      	ldr	r3, [r0, #4]

	sys_set_bit(config->base + STM32_RESET_SET_OFFSET(id),
 8009862:	681c      	ldr	r4, [r3, #0]
 8009864:	f3c1 104b 	ubfx	r0, r1, #5, #12
 8009868:	f001 011f 	and.w	r1, r1, #31
	uint32_t temp = *(volatile uint32_t *)addr;
 800986c:	5823      	ldr	r3, [r4, r0]
	*(volatile uint32_t *)addr = temp | (1U << bit);
 800986e:	2201      	movs	r2, #1
 8009870:	408a      	lsls	r2, r1
 8009872:	4313      	orrs	r3, r2
 8009874:	5023      	str	r3, [r4, r0]
		    STM32_RESET_REG_BIT(id));

	return 0;
}
 8009876:	2000      	movs	r0, #0
 8009878:	bc10      	pop	{r4}
 800987a:	4770      	bx	lr

0800987c <reset_stm32_line_deassert>:

static int reset_stm32_line_deassert(const struct device *dev, uint32_t id)
{
 800987c:	b410      	push	{r4}
	const struct reset_stm32_config *config = dev->config;
 800987e:	6843      	ldr	r3, [r0, #4]

#if DT_INST_PROP(0, set_bit_to_deassert)
	sys_set_bit(config->base + STM32_RESET_CLR_OFFSET(id),
		    STM32_RESET_REG_BIT(id));
#else
	sys_clear_bit(config->base + STM32_RESET_SET_OFFSET(id),
 8009880:	681c      	ldr	r4, [r3, #0]
 8009882:	f3c1 104b 	ubfx	r0, r1, #5, #12
 8009886:	f001 011f 	and.w	r1, r1, #31
	uint32_t temp = *(volatile uint32_t *)addr;
 800988a:	5823      	ldr	r3, [r4, r0]
	*(volatile uint32_t *)addr = temp & ~(1U << bit);
 800988c:	2201      	movs	r2, #1
 800988e:	408a      	lsls	r2, r1
 8009890:	ea23 0302 	bic.w	r3, r3, r2
 8009894:	5023      	str	r3, [r4, r0]
		      STM32_RESET_REG_BIT(id));
#endif

	return 0;
}
 8009896:	2000      	movs	r0, #0
 8009898:	bc10      	pop	{r4}
 800989a:	4770      	bx	lr

0800989c <reset_stm32_line_toggle>:

static int reset_stm32_line_toggle(const struct device *dev, uint32_t id)
{
 800989c:	b538      	push	{r3, r4, r5, lr}
 800989e:	4604      	mov	r4, r0
 80098a0:	460d      	mov	r5, r1
	reset_stm32_line_assert(dev, id);
 80098a2:	f7ff ffdc 	bl	800985e <reset_stm32_line_assert>
	reset_stm32_line_deassert(dev, id);
 80098a6:	4629      	mov	r1, r5
 80098a8:	4620      	mov	r0, r4
 80098aa:	f7ff ffe7 	bl	800987c <reset_stm32_line_deassert>

	return 0;
}
 80098ae:	2000      	movs	r0, #0
 80098b0:	bd38      	pop	{r3, r4, r5, pc}

080098b2 <LL_RTC_DATE_Get>:
  temp = READ_BIT(RTCx->DR, (RTC_DR_WDU | RTC_DR_MT | RTC_DR_MU | RTC_DR_DT | RTC_DR_DU | RTC_DR_YT | RTC_DR_YU));
 80098b2:	6842      	ldr	r2, [r0, #4]
 80098b4:	f022 407f 	bic.w	r0, r2, #4278190080	@ 0xff000000
 80098b8:	f020 00c0 	bic.w	r0, r0, #192	@ 0xc0
  return (uint32_t)((((temp &              RTC_DR_WDU) >> RTC_DR_WDU_Pos) << RTC_OFFSET_WEEKDAY) | \
 80098bc:	f3c2 334a 	ubfx	r3, r2, #13, #11
 80098c0:	061b      	lsls	r3, r3, #24
 80098c2:	f003 63e0 	and.w	r3, r3, #117440512	@ 0x7000000
                    (((temp & (RTC_DR_DT | RTC_DR_DU)) >> RTC_DR_DU_Pos)  << RTC_OFFSET_DAY)     | \
 80098c6:	0401      	lsls	r1, r0, #16
 80098c8:	f401 117c 	and.w	r1, r1, #4128768	@ 0x3f0000
  return (uint32_t)((((temp &              RTC_DR_WDU) >> RTC_DR_WDU_Pos) << RTC_OFFSET_WEEKDAY) | \
 80098cc:	430b      	orrs	r3, r1
                    (((temp & (RTC_DR_MT | RTC_DR_MU)) >> RTC_DR_MU_Pos)  << RTC_OFFSET_MONTH)   | \
 80098ce:	f402 52f8 	and.w	r2, r2, #7936	@ 0x1f00
                    (((temp & (RTC_DR_DT | RTC_DR_DU)) >> RTC_DR_DU_Pos)  << RTC_OFFSET_DAY)     | \
 80098d2:	4313      	orrs	r3, r2
}
 80098d4:	ea43 4010 	orr.w	r0, r3, r0, lsr #16
 80098d8:	4770      	bx	lr

080098da <reset_line_toggle>:

extern int z_impl_reset_line_toggle(const struct device * dev, uint32_t id);

__pinned_func
static inline int reset_line_toggle(const struct device * dev, uint32_t id)
{
 80098da:	b508      	push	{r3, lr}
	const struct reset_driver_api *api = (const struct reset_driver_api *)dev->api;
 80098dc:	6883      	ldr	r3, [r0, #8]
	if (api->line_toggle == NULL) {
 80098de:	68db      	ldr	r3, [r3, #12]
 80098e0:	b10b      	cbz	r3, 80098e6 <reset_line_toggle+0xc>
	return api->line_toggle(dev, id);
 80098e2:	4798      	blx	r3
		return (int) arch_syscall_invoke2(parm0.x, parm1.x, K_SYSCALL_RESET_LINE_TOGGLE);
	}
#endif
	compiler_barrier();
	return z_impl_reset_line_toggle(dev, id);
}
 80098e4:	bd08      	pop	{r3, pc}
		return -ENOSYS;
 80098e6:	f06f 0057 	mvn.w	r0, #87	@ 0x57
	return z_impl_reset_line_toggle(dev, id);
 80098ea:	e7fb      	b.n	80098e4 <reset_line_toggle+0xa>

080098ec <uart_stm32_config_get>:
	struct uart_stm32_data *data = dev->data;
 80098ec:	6903      	ldr	r3, [r0, #16]
	struct uart_config *uart_cfg = data->uart_cfg;
 80098ee:	681b      	ldr	r3, [r3, #0]
	cfg->baudrate = uart_cfg->baudrate;
 80098f0:	681b      	ldr	r3, [r3, #0]
 80098f2:	600b      	str	r3, [r1, #0]
	const struct uart_stm32_config *config = dev->config;
 80098f4:	6843      	ldr	r3, [r0, #4]
	return LL_USART_GetParity(config->usart);
 80098f6:	681b      	ldr	r3, [r3, #0]
  return (uint32_t)(READ_BIT(USARTx->CR1, USART_CR1_PS | USART_CR1_PCE));
 80098f8:	68db      	ldr	r3, [r3, #12]
 80098fa:	f403 63c0 	and.w	r3, r3, #1536	@ 0x600
	switch (parity) {
 80098fe:	f5b3 6f80 	cmp.w	r3, #1024	@ 0x400
 8009902:	d004      	beq.n	800990e <uart_stm32_config_get+0x22>
 8009904:	f5b3 6fc0 	cmp.w	r3, #1536	@ 0x600
 8009908:	d111      	bne.n	800992e <uart_stm32_config_get+0x42>
 800990a:	2301      	movs	r3, #1
 800990c:	e000      	b.n	8009910 <uart_stm32_config_get+0x24>
		return UART_CFG_PARITY_EVEN;
 800990e:	2302      	movs	r3, #2
	cfg->parity = uart_stm32_ll2cfg_parity(uart_stm32_get_parity(dev));
 8009910:	710b      	strb	r3, [r1, #4]
	const struct uart_stm32_config *config = dev->config;
 8009912:	6843      	ldr	r3, [r0, #4]
	return LL_USART_GetStopBitsLength(config->usart);
 8009914:	681b      	ldr	r3, [r3, #0]
  return (uint32_t)(READ_BIT(USARTx->CR2, USART_CR2_STOP));
 8009916:	691b      	ldr	r3, [r3, #16]
 8009918:	f403 5340 	and.w	r3, r3, #12288	@ 0x3000
	switch (sb) {
 800991c:	f5b3 5f80 	cmp.w	r3, #4096	@ 0x1000
 8009920:	d007      	beq.n	8009932 <uart_stm32_config_get+0x46>
 8009922:	f5b3 5f40 	cmp.w	r3, #12288	@ 0x3000
 8009926:	d006      	beq.n	8009936 <uart_stm32_config_get+0x4a>
 8009928:	b9fb      	cbnz	r3, 800996a <uart_stm32_config_get+0x7e>
		return UART_CFG_STOP_BITS_1;
 800992a:	2301      	movs	r3, #1
 800992c:	e004      	b.n	8009938 <uart_stm32_config_get+0x4c>
		return UART_CFG_PARITY_NONE;
 800992e:	2300      	movs	r3, #0
 8009930:	e7ee      	b.n	8009910 <uart_stm32_config_get+0x24>
	switch (sb) {
 8009932:	2300      	movs	r3, #0
 8009934:	e000      	b.n	8009938 <uart_stm32_config_get+0x4c>
		return UART_CFG_STOP_BITS_1_5;
 8009936:	2302      	movs	r3, #2
	cfg->stop_bits = uart_stm32_ll2cfg_stopbits(
 8009938:	714b      	strb	r3, [r1, #5]
	const struct uart_stm32_config *config = dev->config;
 800993a:	6843      	ldr	r3, [r0, #4]
	return LL_USART_GetDataWidth(config->usart);
 800993c:	681b      	ldr	r3, [r3, #0]
  return (uint32_t)(READ_BIT(USARTx->CR1, USART_CR1_M));
 800993e:	68da      	ldr	r2, [r3, #12]
  return (uint32_t)(READ_BIT(USARTx->CR1, USART_CR1_PS | USART_CR1_PCE));
 8009940:	68db      	ldr	r3, [r3, #12]
 8009942:	f403 63c0 	and.w	r3, r3, #1536	@ 0x600
	switch (db) {
 8009946:	f412 5f80 	tst.w	r2, #4096	@ 0x1000
 800994a:	d110      	bne.n	800996e <uart_stm32_config_get+0x82>
		if (p == LL_USART_PARITY_NONE) {
 800994c:	b9a3      	cbnz	r3, 8009978 <uart_stm32_config_get+0x8c>
			return UART_CFG_DATA_BITS_8;
 800994e:	2303      	movs	r3, #3
	cfg->data_bits = uart_stm32_ll2cfg_databits(
 8009950:	718b      	strb	r3, [r1, #6]
	const struct uart_stm32_config *config = dev->config;
 8009952:	6843      	ldr	r3, [r0, #4]
	return LL_USART_GetHWFlowCtrl(config->usart);
 8009954:	681b      	ldr	r3, [r3, #0]
  return (uint32_t)(READ_BIT(USARTx->CR3, USART_CR3_RTSE | USART_CR3_CTSE));
 8009956:	695b      	ldr	r3, [r3, #20]
 8009958:	f403 7340 	and.w	r3, r3, #768	@ 0x300
	if (fc == LL_USART_HWCONTROL_RTS_CTS) {
 800995c:	f5b3 7f40 	cmp.w	r3, #768	@ 0x300
 8009960:	d00c      	beq.n	800997c <uart_stm32_config_get+0x90>
	return UART_CFG_FLOW_CTRL_NONE;
 8009962:	2300      	movs	r3, #0
	cfg->flow_ctrl = uart_stm32_ll2cfg_hwctrl(
 8009964:	71cb      	strb	r3, [r1, #7]
}
 8009966:	2000      	movs	r0, #0
 8009968:	4770      	bx	lr
		return UART_CFG_STOP_BITS_2;
 800996a:	2303      	movs	r3, #3
 800996c:	e7e4      	b.n	8009938 <uart_stm32_config_get+0x4c>
		if (p == LL_USART_PARITY_NONE) {
 800996e:	b90b      	cbnz	r3, 8009974 <uart_stm32_config_get+0x88>
			return UART_CFG_DATA_BITS_9;
 8009970:	2304      	movs	r3, #4
 8009972:	e7ed      	b.n	8009950 <uart_stm32_config_get+0x64>
			return UART_CFG_DATA_BITS_8;
 8009974:	2303      	movs	r3, #3
 8009976:	e7eb      	b.n	8009950 <uart_stm32_config_get+0x64>
			return UART_CFG_DATA_BITS_7;
 8009978:	2302      	movs	r3, #2
 800997a:	e7e9      	b.n	8009950 <uart_stm32_config_get+0x64>
		return UART_CFG_FLOW_CTRL_RTS_CTS;
 800997c:	2301      	movs	r3, #1
 800997e:	e7f1      	b.n	8009964 <uart_stm32_config_get+0x78>

08009980 <uart_stm32_poll_in_visitor>:
{
 8009980:	b500      	push	{lr}
 8009982:	b083      	sub	sp, #12
	const struct uart_stm32_config *config = dev->config;
 8009984:	6843      	ldr	r3, [r0, #4]
	USART_TypeDef *usart = config->usart;
 8009986:	6818      	ldr	r0, [r3, #0]
  * @param  USARTx USART Instance
  * @retval State of bit (1 or 0).
  */
__STATIC_INLINE uint32_t LL_USART_IsActiveFlag_ORE(const USART_TypeDef *USARTx)
{
  return (READ_BIT(USARTx->SR, USART_SR_ORE) == (USART_SR_ORE));
 8009988:	6803      	ldr	r3, [r0, #0]
	if (LL_USART_IsActiveFlag_ORE(usart)) {
 800998a:	f013 0f08 	tst.w	r3, #8
 800998e:	d005      	beq.n	800999c <uart_stm32_poll_in_visitor+0x1c>
  * @retval None
  */
__STATIC_INLINE void LL_USART_ClearFlag_ORE(USART_TypeDef *USARTx)
{
  __IO uint32_t tmpreg;
  tmpreg = USARTx->SR;
 8009990:	6803      	ldr	r3, [r0, #0]
 8009992:	9301      	str	r3, [sp, #4]
  (void) tmpreg;
 8009994:	9b01      	ldr	r3, [sp, #4]
  tmpreg = USARTx->DR;
 8009996:	6843      	ldr	r3, [r0, #4]
 8009998:	9301      	str	r3, [sp, #4]
  (void) tmpreg;
 800999a:	9b01      	ldr	r3, [sp, #4]
  return (READ_BIT(USARTx->SR, USART_SR_RXNE) == (USART_SR_RXNE));
 800999c:	6803      	ldr	r3, [r0, #0]
	if (!ll_usart_is_active_rxne(usart)) {
 800999e:	f013 0f20 	tst.w	r3, #32
 80099a2:	d004      	beq.n	80099ae <uart_stm32_poll_in_visitor+0x2e>
	get_fn(usart, in);
 80099a4:	4790      	blx	r2
	return 0;
 80099a6:	2000      	movs	r0, #0
}
 80099a8:	b003      	add	sp, #12
 80099aa:	f85d fb04 	ldr.w	pc, [sp], #4
		return -1;
 80099ae:	f04f 30ff 	mov.w	r0, #4294967295
 80099b2:	e7f9      	b.n	80099a8 <uart_stm32_poll_in_visitor+0x28>

080099b4 <uart_stm32_poll_out_visitor>:
{
 80099b4:	b510      	push	{r4, lr}
	const struct uart_stm32_config *config = dev->config;
 80099b6:	6843      	ldr	r3, [r0, #4]
	USART_TypeDef *usart = config->usart;
 80099b8:	6818      	ldr	r0, [r3, #0]
  return (READ_BIT(USARTx->SR, USART_SR_TXE) == (USART_SR_TXE));
 80099ba:	6803      	ldr	r3, [r0, #0]
		if (ll_usart_is_active_txe(usart)) {
 80099bc:	f013 0f80 	tst.w	r3, #128	@ 0x80
 80099c0:	d0fb      	beq.n	80099ba <uart_stm32_poll_out_visitor+0x6>
  __ASM volatile ("MRS %0, basepri" : "=r" (result) );
 80099c2:	f3ef 8411 	mrs	r4, BASEPRI
  __ASM volatile ("MSR basepri_max, %0" : : "r" (basePri) : "memory");
 80099c6:	2310      	movs	r3, #16
 80099c8:	f383 8812 	msr	BASEPRI_MAX, r3
  __ASM volatile ("isb 0xF":::"memory");
 80099cc:	f3bf 8f6f 	isb	sy
 80099d0:	6803      	ldr	r3, [r0, #0]
			if (ll_usart_is_active_txe(usart)) {
 80099d2:	f013 0f80 	tst.w	r3, #128	@ 0x80
 80099d6:	d104      	bne.n	80099e2 <uart_stm32_poll_out_visitor+0x2e>
  __ASM volatile ("MSR basepri, %0" : : "r" (basePri) : "memory");
 80099d8:	f384 8811 	msr	BASEPRI, r4
 80099dc:	f3bf 8f6f 	isb	sy
	}
	__enable_irq();
#else
#error Unknown ARM architecture
#endif /* CONFIG_ARMV6_M_ARMV8_M_BASELINE */
}
 80099e0:	e7eb      	b.n	80099ba <uart_stm32_poll_out_visitor+0x6>
	set_fn(usart, out);
 80099e2:	4790      	blx	r2
 80099e4:	f384 8811 	msr	BASEPRI, r4
 80099e8:	f3bf 8f6f 	isb	sy
}
 80099ec:	bd10      	pop	{r4, pc}

080099ee <poll_in_u8>:
  * @param  USARTx USART Instance
  * @retval Value between Min_Data=0x00 and Max_Data=0xFF
  */
__STATIC_INLINE uint8_t LL_USART_ReceiveData8(const USART_TypeDef *USARTx)
{
  return (uint8_t)(READ_BIT(USARTx->DR, USART_DR_DR));
 80099ee:	6843      	ldr	r3, [r0, #4]
	*((unsigned char *)in) = (unsigned char)LL_USART_ReceiveData8(usart);
 80099f0:	700b      	strb	r3, [r1, #0]
}
 80099f2:	4770      	bx	lr

080099f4 <poll_out_u8>:
	LL_USART_TransmitData8(usart, (uint8_t)out);
 80099f4:	b2c9      	uxtb	r1, r1
  * @param  Value between Min_Data=0x00 and Max_Data=0xFF
  * @retval None
  */
__STATIC_INLINE void LL_USART_TransmitData8(USART_TypeDef *USARTx, uint8_t Value)
{
  USARTx->DR = Value;
 80099f6:	6041      	str	r1, [r0, #4]
}
 80099f8:	4770      	bx	lr

080099fa <uart_stm32_err_check>:
{
 80099fa:	b084      	sub	sp, #16
	const struct uart_stm32_config *config = dev->config;
 80099fc:	6843      	ldr	r3, [r0, #4]
	USART_TypeDef *usart = config->usart;
 80099fe:	681b      	ldr	r3, [r3, #0]
  return (READ_BIT(USARTx->SR, USART_SR_ORE) == (USART_SR_ORE));
 8009a00:	6818      	ldr	r0, [r3, #0]
	if (LL_USART_IsActiveFlag_ORE(usart)) {
 8009a02:	f010 0008 	ands.w	r0, r0, #8
 8009a06:	d000      	beq.n	8009a0a <uart_stm32_err_check+0x10>
		err |= UART_ERROR_OVERRUN;
 8009a08:	2001      	movs	r0, #1
  return (READ_BIT(USARTx->SR, USART_SR_PE) == (USART_SR_PE));
 8009a0a:	681a      	ldr	r2, [r3, #0]
	if (LL_USART_IsActiveFlag_PE(usart)) {
 8009a0c:	f012 0f01 	tst.w	r2, #1
 8009a10:	d001      	beq.n	8009a16 <uart_stm32_err_check+0x1c>
		err |= UART_ERROR_PARITY;
 8009a12:	f040 0002 	orr.w	r0, r0, #2
  return (READ_BIT(USARTx->SR, USART_SR_FE) == (USART_SR_FE));
 8009a16:	681a      	ldr	r2, [r3, #0]
	if (LL_USART_IsActiveFlag_FE(usart)) {
 8009a18:	f012 0f02 	tst.w	r2, #2
 8009a1c:	d001      	beq.n	8009a22 <uart_stm32_err_check+0x28>
		err |= UART_ERROR_FRAMING;
 8009a1e:	f040 0004 	orr.w	r0, r0, #4
  return (READ_BIT(USARTx->SR, USART_SR_NE) == (USART_SR_NE));
 8009a22:	681a      	ldr	r2, [r3, #0]
	if (LL_USART_IsActiveFlag_NE(usart)) {
 8009a24:	f012 0f04 	tst.w	r2, #4
 8009a28:	d001      	beq.n	8009a2e <uart_stm32_err_check+0x34>
		err |= UART_ERROR_NOISE;
 8009a2a:	f040 0020 	orr.w	r0, r0, #32
  return (READ_BIT(USARTx->SR, USART_SR_LBD) == (USART_SR_LBD));
 8009a2e:	681a      	ldr	r2, [r3, #0]
	if (LL_USART_IsActiveFlag_LBD(usart)) {
 8009a30:	f412 7f80 	tst.w	r2, #256	@ 0x100
 8009a34:	d02a      	beq.n	8009a8c <uart_stm32_err_check+0x92>
		err |= UART_BREAK;
 8009a36:	f040 0008 	orr.w	r0, r0, #8
  WRITE_REG(USARTx->SR, ~(USART_SR_LBD));
 8009a3a:	f46f 7280 	mvn.w	r2, #256	@ 0x100
 8009a3e:	601a      	str	r2, [r3, #0]
	if (err & UART_ERROR_OVERRUN) {
 8009a40:	f010 0f01 	tst.w	r0, #1
 8009a44:	d005      	beq.n	8009a52 <uart_stm32_err_check+0x58>
  tmpreg = USARTx->SR;
 8009a46:	681a      	ldr	r2, [r3, #0]
 8009a48:	9200      	str	r2, [sp, #0]
  (void) tmpreg;
 8009a4a:	9a00      	ldr	r2, [sp, #0]
  tmpreg = USARTx->DR;
 8009a4c:	685a      	ldr	r2, [r3, #4]
 8009a4e:	9200      	str	r2, [sp, #0]
  (void) tmpreg;
 8009a50:	9a00      	ldr	r2, [sp, #0]
	if (err & UART_ERROR_PARITY) {
 8009a52:	f010 0f02 	tst.w	r0, #2
 8009a56:	d005      	beq.n	8009a64 <uart_stm32_err_check+0x6a>
  tmpreg = USARTx->SR;
 8009a58:	681a      	ldr	r2, [r3, #0]
 8009a5a:	9201      	str	r2, [sp, #4]
  (void) tmpreg;
 8009a5c:	9a01      	ldr	r2, [sp, #4]
  tmpreg = USARTx->DR;
 8009a5e:	685a      	ldr	r2, [r3, #4]
 8009a60:	9201      	str	r2, [sp, #4]
  (void) tmpreg;
 8009a62:	9a01      	ldr	r2, [sp, #4]
	if (err & UART_ERROR_FRAMING) {
 8009a64:	f010 0f04 	tst.w	r0, #4
 8009a68:	d005      	beq.n	8009a76 <uart_stm32_err_check+0x7c>
  tmpreg = USARTx->SR;
 8009a6a:	681a      	ldr	r2, [r3, #0]
 8009a6c:	9202      	str	r2, [sp, #8]
  (void) tmpreg;
 8009a6e:	9a02      	ldr	r2, [sp, #8]
  tmpreg = USARTx->DR;
 8009a70:	685a      	ldr	r2, [r3, #4]
 8009a72:	9202      	str	r2, [sp, #8]
  (void) tmpreg;
 8009a74:	9a02      	ldr	r2, [sp, #8]
	if (err & UART_ERROR_NOISE) {
 8009a76:	f010 0f20 	tst.w	r0, #32
 8009a7a:	d005      	beq.n	8009a88 <uart_stm32_err_check+0x8e>
  tmpreg = USARTx->SR;
 8009a7c:	681a      	ldr	r2, [r3, #0]
 8009a7e:	9203      	str	r2, [sp, #12]
  (void) tmpreg;
 8009a80:	9a03      	ldr	r2, [sp, #12]
  tmpreg = USARTx->DR;
 8009a82:	685b      	ldr	r3, [r3, #4]
 8009a84:	9303      	str	r3, [sp, #12]
  (void) tmpreg;
 8009a86:	9b03      	ldr	r3, [sp, #12]
}
 8009a88:	b004      	add	sp, #16
 8009a8a:	4770      	bx	lr
	if (err & UART_BREAK) {
 8009a8c:	f010 0f08 	tst.w	r0, #8
 8009a90:	d0d6      	beq.n	8009a40 <uart_stm32_err_check+0x46>
 8009a92:	e7d2      	b.n	8009a3a <uart_stm32_err_check+0x40>

08009a94 <uart_stm32_parameters_set>:
{
 8009a94:	b5f8      	push	{r3, r4, r5, r6, r7, lr}
 8009a96:	460c      	mov	r4, r1
	const struct uart_stm32_config *config = dev->config;
 8009a98:	6847      	ldr	r7, [r0, #4]
	struct uart_stm32_data *data = dev->data;
 8009a9a:	6903      	ldr	r3, [r0, #16]
	struct uart_config *uart_cfg = data->uart_cfg;
 8009a9c:	681d      	ldr	r5, [r3, #0]
	const uint32_t parity = uart_stm32_cfg2ll_parity(cfg->parity);
 8009a9e:	7909      	ldrb	r1, [r1, #4]
	switch (parity) {
 8009aa0:	2901      	cmp	r1, #1
 8009aa2:	d004      	beq.n	8009aae <uart_stm32_parameters_set+0x1a>
 8009aa4:	2902      	cmp	r1, #2
 8009aa6:	d10e      	bne.n	8009ac6 <uart_stm32_parameters_set+0x32>
		return LL_USART_PARITY_EVEN;
 8009aa8:	f44f 6380 	mov.w	r3, #1024	@ 0x400
 8009aac:	e001      	b.n	8009ab2 <uart_stm32_parameters_set+0x1e>
	switch (parity) {
 8009aae:	f44f 63c0 	mov.w	r3, #1536	@ 0x600
	const uint32_t stopbits = uart_stm32_cfg2ll_stopbits(config, cfg->stop_bits);
 8009ab2:	7962      	ldrb	r2, [r4, #5]
	switch (sb) {
 8009ab4:	2a01      	cmp	r2, #1
 8009ab6:	d008      	beq.n	8009aca <uart_stm32_parameters_set+0x36>
 8009ab8:	2a02      	cmp	r2, #2
 8009aba:	d008      	beq.n	8009ace <uart_stm32_parameters_set+0x3a>
 8009abc:	2a00      	cmp	r2, #0
 8009abe:	d14b      	bne.n	8009b58 <uart_stm32_parameters_set+0xc4>
 8009ac0:	f44f 5280 	mov.w	r2, #4096	@ 0x1000
 8009ac4:	e005      	b.n	8009ad2 <uart_stm32_parameters_set+0x3e>
		return LL_USART_PARITY_NONE;
 8009ac6:	2300      	movs	r3, #0
 8009ac8:	e7f3      	b.n	8009ab2 <uart_stm32_parameters_set+0x1e>
		return STM32_USART_STOP_BIT_1;
 8009aca:	2200      	movs	r2, #0
 8009acc:	e001      	b.n	8009ad2 <uart_stm32_parameters_set+0x3e>
		return STM32_USART_STOP_BIT_1_5;
 8009ace:	f44f 5240 	mov.w	r2, #12288	@ 0x3000
	const uint32_t databits = uart_stm32_cfg2ll_databits(cfg->data_bits,
 8009ad2:	79a6      	ldrb	r6, [r4, #6]
	switch (db) {
 8009ad4:	2e04      	cmp	r6, #4
 8009ad6:	d042      	beq.n	8009b5e <uart_stm32_parameters_set+0xca>
		if (p != UART_CFG_PARITY_NONE) {
 8009ad8:	2900      	cmp	r1, #0
 8009ada:	d143      	bne.n	8009b64 <uart_stm32_parameters_set+0xd0>
		return STM32_USART_DATAWIDTH_8_BIT;
 8009adc:	f04f 0c00 	mov.w	ip, #0
	const uint32_t flowctrl = uart_stm32_cfg2ll_hwctrl(cfg->flow_ctrl);
 8009ae0:	79e1      	ldrb	r1, [r4, #7]
	if (fc == UART_CFG_FLOW_CTRL_RTS_CTS) {
 8009ae2:	2901      	cmp	r1, #1
 8009ae4:	d041      	beq.n	8009b6a <uart_stm32_parameters_set+0xd6>
	return LL_USART_HWCONTROL_NONE;
 8009ae6:	2100      	movs	r1, #0
	if (cfg == uart_cfg) {
 8009ae8:	42a5      	cmp	r5, r4
 8009aea:	d041      	beq.n	8009b70 <uart_stm32_parameters_set+0xdc>
	return LL_USART_GetParity(config->usart);
 8009aec:	683f      	ldr	r7, [r7, #0]
  return (uint32_t)(READ_BIT(USARTx->CR1, USART_CR1_PS | USART_CR1_PCE));
 8009aee:	68fe      	ldr	r6, [r7, #12]
 8009af0:	f406 6ec0 	and.w	lr, r6, #1536	@ 0x600
		if (parity != uart_stm32_get_parity(dev)) {
 8009af4:	4573      	cmp	r3, lr
 8009af6:	d004      	beq.n	8009b02 <uart_stm32_parameters_set+0x6e>
  MODIFY_REG(USARTx->CR1, USART_CR1_PS | USART_CR1_PCE, Parity);
 8009af8:	68fe      	ldr	r6, [r7, #12]
 8009afa:	f426 66c0 	bic.w	r6, r6, #1536	@ 0x600
 8009afe:	4333      	orrs	r3, r6
 8009b00:	60fb      	str	r3, [r7, #12]
	const struct uart_stm32_config *config = dev->config;
 8009b02:	6843      	ldr	r3, [r0, #4]
	return LL_USART_GetStopBitsLength(config->usart);
 8009b04:	681e      	ldr	r6, [r3, #0]
  return (uint32_t)(READ_BIT(USARTx->CR2, USART_CR2_STOP));
 8009b06:	6933      	ldr	r3, [r6, #16]
 8009b08:	f403 5340 	and.w	r3, r3, #12288	@ 0x3000
		if (stopbits != uart_stm32_get_stopbits(dev)) {
 8009b0c:	429a      	cmp	r2, r3
 8009b0e:	d004      	beq.n	8009b1a <uart_stm32_parameters_set+0x86>
  MODIFY_REG(USARTx->CR2, USART_CR2_STOP, StopBits);
 8009b10:	6933      	ldr	r3, [r6, #16]
 8009b12:	f423 5340 	bic.w	r3, r3, #12288	@ 0x3000
 8009b16:	431a      	orrs	r2, r3
 8009b18:	6132      	str	r2, [r6, #16]
	const struct uart_stm32_config *config = dev->config;
 8009b1a:	6843      	ldr	r3, [r0, #4]
	return LL_USART_GetDataWidth(config->usart);
 8009b1c:	681e      	ldr	r6, [r3, #0]
  return (uint32_t)(READ_BIT(USARTx->CR1, USART_CR1_M));
 8009b1e:	68f3      	ldr	r3, [r6, #12]
 8009b20:	f403 5380 	and.w	r3, r3, #4096	@ 0x1000
		if (databits != uart_stm32_get_databits(dev)) {
 8009b24:	459c      	cmp	ip, r3
 8009b26:	d005      	beq.n	8009b34 <uart_stm32_parameters_set+0xa0>
  MODIFY_REG(USARTx->CR1, USART_CR1_M, DataWidth);
 8009b28:	68f3      	ldr	r3, [r6, #12]
 8009b2a:	f423 5380 	bic.w	r3, r3, #4096	@ 0x1000
 8009b2e:	ea4c 0303 	orr.w	r3, ip, r3
 8009b32:	60f3      	str	r3, [r6, #12]
	const struct uart_stm32_config *config = dev->config;
 8009b34:	6843      	ldr	r3, [r0, #4]
	return LL_USART_GetHWFlowCtrl(config->usart);
 8009b36:	681a      	ldr	r2, [r3, #0]
  return (uint32_t)(READ_BIT(USARTx->CR3, USART_CR3_RTSE | USART_CR3_CTSE));
 8009b38:	6953      	ldr	r3, [r2, #20]
 8009b3a:	f403 7340 	and.w	r3, r3, #768	@ 0x300
		if (flowctrl != uart_stm32_get_hwctrl(dev)) {
 8009b3e:	4299      	cmp	r1, r3
 8009b40:	d004      	beq.n	8009b4c <uart_stm32_parameters_set+0xb8>
  MODIFY_REG(USARTx->CR3, USART_CR3_RTSE | USART_CR3_CTSE, HardwareFlowControl);
 8009b42:	6953      	ldr	r3, [r2, #20]
 8009b44:	f423 7340 	bic.w	r3, r3, #768	@ 0x300
 8009b48:	430b      	orrs	r3, r1
 8009b4a:	6153      	str	r3, [r2, #20]
		if (cfg->baudrate != uart_cfg->baudrate) {
 8009b4c:	6821      	ldr	r1, [r4, #0]
 8009b4e:	682b      	ldr	r3, [r5, #0]
 8009b50:	4299      	cmp	r1, r3
 8009b52:	d128      	bne.n	8009ba6 <uart_stm32_parameters_set+0x112>
	return 0;
 8009b54:	2000      	movs	r0, #0
}
 8009b56:	bdf8      	pop	{r3, r4, r5, r6, r7, pc}
		return STM32_USART_STOP_BIT_2;
 8009b58:	f44f 5200 	mov.w	r2, #8192	@ 0x2000
 8009b5c:	e7b9      	b.n	8009ad2 <uart_stm32_parameters_set+0x3e>
		return STM32_USART_DATAWIDTH_9_BIT;
 8009b5e:	f44f 5c80 	mov.w	ip, #4096	@ 0x1000
 8009b62:	e7bd      	b.n	8009ae0 <uart_stm32_parameters_set+0x4c>
			return STM32_USART_DATAWIDTH_9_BIT;
 8009b64:	f44f 5c80 	mov.w	ip, #4096	@ 0x1000
 8009b68:	e7ba      	b.n	8009ae0 <uart_stm32_parameters_set+0x4c>
		return LL_USART_HWCONTROL_RTS_CTS;
 8009b6a:	f44f 7140 	mov.w	r1, #768	@ 0x300
 8009b6e:	e7bb      	b.n	8009ae8 <uart_stm32_parameters_set+0x54>
		LL_USART_ConfigCharacter(config->usart,
 8009b70:	683e      	ldr	r6, [r7, #0]
  MODIFY_REG(USARTx->CR1, USART_CR1_PS | USART_CR1_PCE | USART_CR1_M, Parity | DataWidth);
 8009b72:	68f5      	ldr	r5, [r6, #12]
 8009b74:	f425 55b0 	bic.w	r5, r5, #5632	@ 0x1600
 8009b78:	ea43 030c 	orr.w	r3, r3, ip
 8009b7c:	432b      	orrs	r3, r5
 8009b7e:	60f3      	str	r3, [r6, #12]
  MODIFY_REG(USARTx->CR2, USART_CR2_STOP, StopBits);
 8009b80:	6933      	ldr	r3, [r6, #16]
 8009b82:	f423 5340 	bic.w	r3, r3, #12288	@ 0x3000
 8009b86:	4313      	orrs	r3, r2
 8009b88:	6133      	str	r3, [r6, #16]
	const struct uart_stm32_config *config = dev->config;
 8009b8a:	6843      	ldr	r3, [r0, #4]
	LL_USART_SetHWFlowCtrl(config->usart, hwctrl);
 8009b8c:	681a      	ldr	r2, [r3, #0]
  MODIFY_REG(USARTx->CR3, USART_CR3_RTSE | USART_CR3_CTSE, HardwareFlowControl);
 8009b8e:	6953      	ldr	r3, [r2, #20]
 8009b90:	f423 7340 	bic.w	r3, r3, #768	@ 0x300
 8009b94:	430b      	orrs	r3, r1
 8009b96:	6153      	str	r3, [r2, #20]
		ret = uart_stm32_set_baudrate(dev, cfg->baudrate);
 8009b98:	6821      	ldr	r1, [r4, #0]
 8009b9a:	f7fb f935 	bl	8004e08 <uart_stm32_set_baudrate>
		if (ret < 0) {
 8009b9e:	2800      	cmp	r0, #0
 8009ba0:	dbd9      	blt.n	8009b56 <uart_stm32_parameters_set+0xc2>
	return 0;
 8009ba2:	2000      	movs	r0, #0
 8009ba4:	e7d7      	b.n	8009b56 <uart_stm32_parameters_set+0xc2>
			ret = uart_stm32_set_baudrate(dev, cfg->baudrate);
 8009ba6:	f7fb f92f 	bl	8004e08 <uart_stm32_set_baudrate>
			if (ret < 0) {
 8009baa:	2800      	cmp	r0, #0
 8009bac:	dbd3      	blt.n	8009b56 <uart_stm32_parameters_set+0xc2>
			uart_cfg->baudrate = cfg->baudrate;
 8009bae:	6823      	ldr	r3, [r4, #0]
 8009bb0:	602b      	str	r3, [r5, #0]
	return 0;
 8009bb2:	2000      	movs	r0, #0
 8009bb4:	e7cf      	b.n	8009b56 <uart_stm32_parameters_set+0xc2>

08009bb6 <pinctrl_apply_state>:
{
 8009bb6:	b500      	push	{lr}
 8009bb8:	b083      	sub	sp, #12
	ret = pinctrl_lookup_state(config, id, &state);
 8009bba:	aa01      	add	r2, sp, #4
 8009bbc:	f7ff fddb 	bl	8009776 <pinctrl_lookup_state>
	if (ret < 0) {
 8009bc0:	2800      	cmp	r0, #0
 8009bc2:	db05      	blt.n	8009bd0 <pinctrl_apply_state+0x1a>
	return pinctrl_apply_state_direct(config, state);
 8009bc4:	9b01      	ldr	r3, [sp, #4]
	return pinctrl_configure_pins(state->pins, state->pin_cnt, reg);
 8009bc6:	2200      	movs	r2, #0
 8009bc8:	7919      	ldrb	r1, [r3, #4]
 8009bca:	6818      	ldr	r0, [r3, #0]
 8009bcc:	f7ff fdec 	bl	80097a8 <pinctrl_configure_pins>
}
 8009bd0:	b003      	add	sp, #12
 8009bd2:	f85d fb04 	ldr.w	pc, [sp], #4

08009bd6 <uart_stm32_init>:
 * @param dev UART device struct
 *
 * @return 0
 */
static int uart_stm32_init(const struct device *dev)
{
 8009bd6:	b538      	push	{r3, r4, r5, lr}
 8009bd8:	4604      	mov	r4, r0
	const struct uart_stm32_config *config = dev->config;
 8009bda:	6845      	ldr	r5, [r0, #4]
	int err;

	err = uart_stm32_clocks_enable(dev);
 8009bdc:	f7fb f8fc 	bl	8004dd8 <uart_stm32_clocks_enable>
	if (err < 0) {
 8009be0:	2800      	cmp	r0, #0
 8009be2:	db0b      	blt.n	8009bfc <uart_stm32_init+0x26>
		return err;
	}

	/* Configure dt provided device signals when available */
	err = pinctrl_apply_state(config->pcfg, PINCTRL_STATE_DEFAULT);
 8009be4:	2100      	movs	r1, #0
 8009be6:	6a68      	ldr	r0, [r5, #36]	@ 0x24
 8009be8:	f7ff ffe5 	bl	8009bb6 <pinctrl_apply_state>
	if (err < 0) {
 8009bec:	2800      	cmp	r0, #0
 8009bee:	db05      	blt.n	8009bfc <uart_stm32_init+0x26>
		return err;
	}

	err = uart_stm32_registers_configure(dev);
 8009bf0:	4620      	mov	r0, r4
 8009bf2:	f7fb fa5f 	bl	80050b4 <uart_stm32_registers_configure>
	if (err < 0) {
 8009bf6:	2800      	cmp	r0, #0
 8009bf8:	db00      	blt.n	8009bfc <uart_stm32_init+0x26>
#endif /* CONFIG_PM || CONFIG_UART_INTERRUPT_DRIVEN || CONFIG_UART_ASYNC_API */

#ifdef CONFIG_UART_ASYNC_API
	return uart_stm32_async_init(dev);
#else
	return 0;
 8009bfa:	2000      	movs	r0, #0
#endif
}
 8009bfc:	bd38      	pop	{r3, r4, r5, pc}

08009bfe <sys_clock_announce>:
 * driver state and tick accounting under a single lock.
 *
 * @param ticks Elapsed time, in ticks
 */
static inline void sys_clock_announce(int32_t ticks)
{
 8009bfe:	b508      	push	{r3, lr}
  __ASM volatile ("MRS %0, basepri" : "=r" (result) );
 8009c00:	f3ef 8111 	mrs	r1, BASEPRI
  __ASM volatile ("MSR basepri_max, %0" : : "r" (basePri) : "memory");
 8009c04:	2310      	movs	r3, #16
 8009c06:	f383 8812 	msr	BASEPRI_MAX, r3
 8009c0a:	f3bf 8f6f 	isb	sy
	sys_clock_announce_locked(ticks, sys_clock_lock());
 8009c0e:	f7fc ff95 	bl	8006b3c <sys_clock_announce_locked>
}
 8009c12:	bd08      	pop	{r3, pc}

08009c14 <z_impl_k_busy_wait>:
#endif /* CONFIG_SYSTEM_CLOCK_HW_CYCLES_PER_SEC_RUNTIME_UPDATE */

void z_impl_k_busy_wait(uint32_t usec_to_wait)
{
	SYS_PORT_TRACING_FUNC_ENTER(k_thread, busy_wait, usec_to_wait);
	if (usec_to_wait == 0U) {
 8009c14:	b900      	cbnz	r0, 8009c18 <z_impl_k_busy_wait+0x4>
 8009c16:	4770      	bx	lr
{
 8009c18:	b538      	push	{r3, r4, r5, lr}
 8009c1a:	4604      	mov	r4, r0
 8009c1c:	f7fb fbae 	bl	800537c <sys_clock_cycle_get_32>
 8009c20:	4605      	mov	r5, r0
			break;
		}
	}
#else
	uint32_t start_cycles = k_cycle_get_32();
	uint32_t cycles_to_wait = k_us_to_cyc_ceil32(usec_to_wait);
 8009c22:	2354      	movs	r3, #84	@ 0x54
 8009c24:	fb03 f404 	mul.w	r4, r3, r4
 8009c28:	f7fb fba8 	bl	800537c <sys_clock_cycle_get_32>

	for (;;) {
		uint32_t current_cycles = k_cycle_get_32();

		/* This handles the rollover on an unsigned 32-bit value */
		if ((current_cycles - start_cycles) >= cycles_to_wait) {
 8009c2c:	1b40      	subs	r0, r0, r5
 8009c2e:	42a0      	cmp	r0, r4
 8009c30:	d3fa      	bcc.n	8009c28 <z_impl_k_busy_wait+0x14>
		arch_nop();
	}
#endif

	SYS_PORT_TRACING_FUNC_EXIT(k_thread, busy_wait, usec_to_wait);
}
 8009c32:	bd38      	pop	{r3, r4, r5, pc}

08009c34 <do_device_init>:
#include <zephyr/internal/syscall_handler.h>
#include <zephyr/toolchain.h>
#include <zephyr/pm/device_runtime.h>

int do_device_init(const struct device *dev)
{
 8009c34:	b510      	push	{r4, lr}
 8009c36:	4604      	mov	r4, r0
	int rc = 0;

	if (dev->ops.init != NULL) {
 8009c38:	6943      	ldr	r3, [r0, #20]
 8009c3a:	b193      	cbz	r3, 8009c62 <do_device_init+0x2e>
		rc = dev->ops.init(dev);
 8009c3c:	4798      	blx	r3
		/* If initialization failed, record in dev->state->init_res
		 * the POSITIVE value of the resulting errno
		 */
		if (rc != 0) {
 8009c3e:	4602      	mov	r2, r0
 8009c40:	b130      	cbz	r0, 8009c50 <do_device_init+0x1c>
			 * errno value maps to an uint8_t range as of now.
			 */
			__ASSERT(rc >= -UINT8_MAX && rc < 0, "device %s init: invalid error (%d)",
				 dev->name, rc);

			if (rc < 0) {
 8009c42:	2800      	cmp	r0, #0
 8009c44:	db0b      	blt.n	8009c5e <do_device_init+0x2a>
				rc = -rc;
			}
			/* handle error value overflow in production
			 * this is likely a bug in the device's init function. Signals it
			 */
			if (rc > UINT8_MAX) {
 8009c46:	2aff      	cmp	r2, #255	@ 0xff
 8009c48:	dd00      	ble.n	8009c4c <do_device_init+0x18>
				rc = UINT8_MAX;
 8009c4a:	22ff      	movs	r2, #255	@ 0xff
			}
			dev->state->init_res = rc;
 8009c4c:	68e3      	ldr	r3, [r4, #12]
 8009c4e:	701a      	strb	r2, [r3, #0]
		}
	}

	/* device initialization has been invoked */
	dev->state->initialized = true;
 8009c50:	68e1      	ldr	r1, [r4, #12]
 8009c52:	784b      	ldrb	r3, [r1, #1]
 8009c54:	f043 0301 	orr.w	r3, r3, #1
 8009c58:	704b      	strb	r3, [r1, #1]

	/* here, the value of rc is either 0 or +errno
	 * flip the sign to return a negative value on failure as expected
	 */
	return -rc;
}
 8009c5a:	4250      	negs	r0, r2
 8009c5c:	bd10      	pop	{r4, pc}
				rc = -rc;
 8009c5e:	4242      	negs	r2, r0
 8009c60:	e7f1      	b.n	8009c46 <do_device_init+0x12>
	int rc = 0;
 8009c62:	2200      	movs	r2, #0
 8009c64:	e7f4      	b.n	8009c50 <do_device_init+0x1c>

08009c66 <z_impl_device_is_ready>:
{
	/*
	 * if an invalid device pointer is passed as argument, this call
	 * reports the `device` as not ready for usage.
	 */
	if (dev == NULL) {
 8009c66:	b160      	cbz	r0, 8009c82 <z_impl_device_is_ready+0x1c>
		return false;
	}

	return dev->state->initialized && (dev->state->init_res == 0U);
 8009c68:	68c3      	ldr	r3, [r0, #12]
 8009c6a:	785a      	ldrb	r2, [r3, #1]
 8009c6c:	f012 0f01 	tst.w	r2, #1
 8009c70:	d003      	beq.n	8009c7a <z_impl_device_is_ready+0x14>
 8009c72:	781b      	ldrb	r3, [r3, #0]
 8009c74:	b11b      	cbz	r3, 8009c7e <z_impl_device_is_ready+0x18>
 8009c76:	2000      	movs	r0, #0
 8009c78:	4770      	bx	lr
 8009c7a:	2000      	movs	r0, #0
 8009c7c:	4770      	bx	lr
 8009c7e:	2001      	movs	r0, #1
 8009c80:	4770      	bx	lr
		return false;
 8009c82:	2000      	movs	r0, #0
}
 8009c84:	4770      	bx	lr

08009c86 <arch_system_halt>:
  __ASM volatile ("MRS %0, basepri" : "=r" (result) );
 8009c86:	f3ef 8311 	mrs	r3, BASEPRI
  __ASM volatile ("MSR basepri_max, %0" : : "r" (basePri) : "memory");
 8009c8a:	2310      	movs	r3, #16
 8009c8c:	f383 8812 	msr	BASEPRI_MAX, r3
 8009c90:	f3bf 8f6f 	isb	sy
	for (;;) {
 8009c94:	e7fe      	b.n	8009c94 <arch_system_halt+0xe>

08009c96 <idle>:
#include <wait_q.h>

LOG_MODULE_DECLARE(os, CONFIG_KERNEL_LOG_LEVEL);

void idle(void *unused1, void *unused2, void *unused3)
{
 8009c96:	b508      	push	{r3, lr}
  __ASM volatile ("MRS %0, basepri" : "=r" (result) );
 8009c98:	f3ef 8311 	mrs	r3, BASEPRI
  __ASM volatile ("MSR basepri_max, %0" : : "r" (basePri) : "memory");
 8009c9c:	2310      	movs	r3, #16
 8009c9e:	f383 8812 	msr	BASEPRI_MAX, r3
 8009ca2:	f3bf 8f6f 	isb	sy
 * @note In some architectures, before returning, the function unmasks interrupts
 * unconditionally.
 */
static inline void k_cpu_idle(void)
{
	arch_cpu_idle();
 8009ca6:	f7ff f84d 	bl	8008d44 <arch_cpu_idle>
	ARG_UNUSED(unused2);
	ARG_UNUSED(unused3);

	__ASSERT_NO_MSG(_current->base.prio >= 0);

	while (true) {
 8009caa:	e7f5      	b.n	8009c98 <idle+0x2>

08009cac <arch_spin_relax>:
	return sys_clock_cycle_get_64();
}

static ALWAYS_INLINE void arch_nop(void)
{
	__asm__ volatile("nop");
 8009cac:	bf00      	nop
{
	__ASSERT(!arch_irq_unlocked(arch_irq_lock()),
		 "this is meant to be called with IRQs disabled");

	arch_nop();
}
 8009cae:	4770      	bx	lr

08009cb0 <z_impl_k_msgq_put>:
{
 8009cb0:	b510      	push	{r4, lr}
 8009cb2:	b082      	sub	sp, #8
	return put_msg_in_queue(msgq, data, timeout, true);
 8009cb4:	2401      	movs	r4, #1
 8009cb6:	9400      	str	r4, [sp, #0]
 8009cb8:	f7fb feae 	bl	8005a18 <put_msg_in_queue>
}
 8009cbc:	b002      	add	sp, #8
 8009cbe:	bd10      	pop	{r4, pc}

08009cc0 <z_impl_k_msgq_peek>:
}
#include <zephyr/syscalls/k_msgq_get_mrsh.c>
#endif /* CONFIG_USERSPACE */

int z_impl_k_msgq_peek(struct k_msgq *msgq, void *data)
{
 8009cc0:	b510      	push	{r4, lr}
 8009cc2:	4603      	mov	r3, r0
  __ASM volatile ("MRS %0, basepri" : "=r" (result) );
 8009cc4:	f3ef 8411 	mrs	r4, BASEPRI
  __ASM volatile ("MSR basepri_max, %0" : : "r" (basePri) : "memory");
 8009cc8:	2210      	movs	r2, #16
 8009cca:	f382 8812 	msr	BASEPRI_MAX, r2
 8009cce:	f3bf 8f6f 	isb	sy
	k_spinlock_key_t key;
	int result;

	key = k_spin_lock(&msgq->lock);

	if (msgq->used_msgs > 0U) {
 8009cd2:	6a02      	ldr	r2, [r0, #32]
 8009cd4:	b152      	cbz	r2, 8009cec <z_impl_k_msgq_peek+0x2c>
 8009cd6:	4608      	mov	r0, r1
		/* take first available message from queue */
		(void)memcpy((char *)data, msgq->read_ptr, msgq->msg_size);
 8009cd8:	689a      	ldr	r2, [r3, #8]
 8009cda:	6999      	ldr	r1, [r3, #24]
 8009cdc:	f7f6 fabc 	bl	8000258 <__aeabi_memcpy>
		result = 0;
 8009ce0:	2000      	movs	r0, #0
  __ASM volatile ("MSR basepri, %0" : : "r" (basePri) : "memory");
 8009ce2:	f384 8811 	msr	BASEPRI, r4
 8009ce6:	f3bf 8f6f 	isb	sy
	SYS_PORT_TRACING_OBJ_FUNC(k_msgq, peek, msgq, result);

	k_spin_unlock(&msgq->lock, key);

	return result;
}
 8009cea:	bd10      	pop	{r4, pc}
		result = -ENOMSG;
 8009cec:	f06f 0022 	mvn.w	r0, #34	@ 0x22
 8009cf0:	e7f7      	b.n	8009ce2 <z_impl_k_msgq_peek+0x22>

08009cf2 <z_impl_k_msgq_purge>:
}
#include <zephyr/syscalls/k_msgq_peek_at_mrsh.c>
#endif /* CONFIG_USERSPACE */

void z_impl_k_msgq_purge(struct k_msgq *msgq)
{
 8009cf2:	b5f8      	push	{r3, r4, r5, r6, r7, lr}
 8009cf4:	4605      	mov	r5, r0
  __ASM volatile ("MRS %0, basepri" : "=r" (result) );
 8009cf6:	f3ef 8611 	mrs	r6, BASEPRI
  __ASM volatile ("MSR basepri_max, %0" : : "r" (basePri) : "memory");
 8009cfa:	2310      	movs	r3, #16
 8009cfc:	f383 8812 	msr	BASEPRI_MAX, r3
 8009d00:	f3bf 8f6f 	isb	sy
 8009d04:	4637      	mov	r7, r6
	return list->head == list;
 8009d06:	6804      	ldr	r4, [r0, #0]
	return sys_dlist_is_empty(list) ? NULL : list->head;
 8009d08:	42a0      	cmp	r0, r4
 8009d0a:	d012      	beq.n	8009d32 <z_impl_k_msgq_purge+0x40>
 8009d0c:	b17c      	cbz	r4, 8009d2e <z_impl_k_msgq_purge+0x3c>
	sys_dnode_t *const prev = node->prev;
 8009d0e:	6862      	ldr	r2, [r4, #4]
	sys_dnode_t *const next = node->next;
 8009d10:	6823      	ldr	r3, [r4, #0]
	prev->next = next;
 8009d12:	6013      	str	r3, [r2, #0]
	next->prev = prev;
 8009d14:	605a      	str	r2, [r3, #4]
	node->next = NULL;
 8009d16:	2300      	movs	r3, #0
 8009d18:	6023      	str	r3, [r4, #0]
	node->prev = NULL;
 8009d1a:	6063      	str	r3, [r4, #4]
	thread->base.thread_state &= ~_THREAD_PENDING;
 8009d1c:	7c22      	ldrb	r2, [r4, #16]
 8009d1e:	f022 0202 	bic.w	r2, r2, #2
 8009d22:	7422      	strb	r2, [r4, #16]
	thread->base.pended_on = NULL;
 8009d24:	60a3      	str	r3, [r4, #8]
	z_abort_timeout(&thread->base.timeout);
 8009d26:	f104 0018 	add.w	r0, r4, #24
 8009d2a:	f000 fa23 	bl	800a174 <z_abort_timeout>
	struct k_thread *thread = NULL;
 8009d2e:	2300      	movs	r3, #0
 8009d30:	e003      	b.n	8009d3a <z_impl_k_msgq_purge+0x48>
 8009d32:	2400      	movs	r4, #0
 8009d34:	e7fb      	b.n	8009d2e <z_impl_k_msgq_purge+0x3c>
 8009d36:	2400      	movs	r4, #0
 8009d38:	2301      	movs	r3, #1

	SYS_PORT_TRACING_OBJ_FUNC(k_msgq, purge, msgq);

	/* wake up any threads that are waiting to write */
	for (pending_thread = z_unpend_first_thread(&msgq->wait_q);
	     pending_thread != NULL;
 8009d3a:	b1e4      	cbz	r4, 8009d76 <z_impl_k_msgq_purge+0x84>
 8009d3c:	f06f 0322 	mvn.w	r3, #34	@ 0x22
 8009d40:	f8c4 30b0 	str.w	r3, [r4, #176]	@ 0xb0
	     pending_thread = z_unpend_first_thread(&msgq->wait_q)) {
		arch_thread_return_value_set(pending_thread, -ENOMSG);
		z_ready_thread(pending_thread);
 8009d44:	4620      	mov	r0, r4
 8009d46:	f000 f90b 	bl	8009f60 <z_ready_thread>
	return list->head == list;
 8009d4a:	682c      	ldr	r4, [r5, #0]
	return sys_dlist_is_empty(list) ? NULL : list->head;
 8009d4c:	42a5      	cmp	r5, r4
 8009d4e:	d0f2      	beq.n	8009d36 <z_impl_k_msgq_purge+0x44>
	if (n != NULL) {
 8009d50:	2c00      	cmp	r4, #0
 8009d52:	d0f1      	beq.n	8009d38 <z_impl_k_msgq_purge+0x46>
	sys_dnode_t *const prev = node->prev;
 8009d54:	6862      	ldr	r2, [r4, #4]
	sys_dnode_t *const next = node->next;
 8009d56:	6823      	ldr	r3, [r4, #0]
	prev->next = next;
 8009d58:	6013      	str	r3, [r2, #0]
	next->prev = prev;
 8009d5a:	605a      	str	r2, [r3, #4]
	node->next = NULL;
 8009d5c:	2300      	movs	r3, #0
 8009d5e:	6023      	str	r3, [r4, #0]
	node->prev = NULL;
 8009d60:	6063      	str	r3, [r4, #4]
 8009d62:	7c22      	ldrb	r2, [r4, #16]
 8009d64:	f022 0202 	bic.w	r2, r2, #2
 8009d68:	7422      	strb	r2, [r4, #16]
 8009d6a:	60a3      	str	r3, [r4, #8]
 8009d6c:	f104 0018 	add.w	r0, r4, #24
 8009d70:	f000 fa00 	bl	800a174 <z_abort_timeout>
}
 8009d74:	e7e0      	b.n	8009d38 <z_impl_k_msgq_purge+0x46>
		resched = true;
	}

	msgq->used_msgs = 0;
 8009d76:	2200      	movs	r2, #0
 8009d78:	622a      	str	r2, [r5, #32]
	msgq->read_ptr = msgq->write_ptr;
 8009d7a:	69ea      	ldr	r2, [r5, #28]
 8009d7c:	61aa      	str	r2, [r5, #24]

	if (resched) {
 8009d7e:	b923      	cbnz	r3, 8009d8a <z_impl_k_msgq_purge+0x98>
  __ASM volatile ("MSR basepri, %0" : : "r" (basePri) : "memory");
 8009d80:	f387 8811 	msr	BASEPRI, r7
 8009d84:	f3bf 8f6f 	isb	sy
		z_reschedule(&msgq->lock, key);
	} else {
		k_spin_unlock(&msgq->lock, key);
	}
}
 8009d88:	bdf8      	pop	{r3, r4, r5, r6, r7, pc}
		z_reschedule(&msgq->lock, key);
 8009d8a:	4631      	mov	r1, r6
 8009d8c:	f105 0008 	add.w	r0, r5, #8
 8009d90:	f000 f980 	bl	800a094 <z_reschedule>
 8009d94:	e7f8      	b.n	8009d88 <z_impl_k_msgq_purge+0x96>

08009d96 <new_prio_for_inheritance>:
	int new_prio = z_is_prio_higher(target, limit) ? target : limit;
 8009d96:	4288      	cmp	r0, r1
 8009d98:	da00      	bge.n	8009d9c <new_prio_for_inheritance+0x6>
 8009d9a:	4601      	mov	r1, r0
	return z_is_under_prio_ceiling(prio) ? prio : CONFIG_PRIORITY_CEILING;
 8009d9c:	f111 0f80 	cmn.w	r1, #128	@ 0x80
 8009da0:	db01      	blt.n	8009da6 <new_prio_for_inheritance+0x10>
 8009da2:	4608      	mov	r0, r1
 8009da4:	4770      	bx	lr
 8009da6:	f06f 007f 	mvn.w	r0, #127	@ 0x7f
}
 8009daa:	4770      	bx	lr

08009dac <adjust_owner_prio>:
{
 8009dac:	b508      	push	{r3, lr}
	if (mutex->owner->base.prio != new_prio) {
 8009dae:	6880      	ldr	r0, [r0, #8]
 8009db0:	f990 300e 	ldrsb.w	r3, [r0, #14]
 8009db4:	428b      	cmp	r3, r1
 8009db6:	d101      	bne.n	8009dbc <adjust_owner_prio+0x10>
	return false;
 8009db8:	2000      	movs	r0, #0
}
 8009dba:	bd08      	pop	{r3, pc}
		return z_thread_prio_set(mutex->owner, new_prio);
 8009dbc:	f7fc faa6 	bl	800630c <z_thread_prio_set>
 8009dc0:	e7fb      	b.n	8009dba <adjust_owner_prio+0xe>

08009dc2 <z_impl_k_sem_init>:
	CHECKIF(limit == 0U || initial_count > limit) {
 8009dc2:	b15a      	cbz	r2, 8009ddc <z_impl_k_sem_init+0x1a>
 8009dc4:	428a      	cmp	r2, r1
 8009dc6:	d30c      	bcc.n	8009de2 <z_impl_k_sem_init+0x20>
	sem->count = initial_count;
 8009dc8:	6081      	str	r1, [r0, #8]
	sem->limit = limit;
 8009dca:	60c2      	str	r2, [r0, #12]
	list->head = (sys_dnode_t *)list;
 8009dcc:	6000      	str	r0, [r0, #0]
	list->tail = (sys_dnode_t *)list;
 8009dce:	6040      	str	r0, [r0, #4]
	sys_dlist_init(&sem->poll_events);
 8009dd0:	f100 0310 	add.w	r3, r0, #16
	list->head = (sys_dnode_t *)list;
 8009dd4:	6103      	str	r3, [r0, #16]
	list->tail = (sys_dnode_t *)list;
 8009dd6:	6143      	str	r3, [r0, #20]
	return 0;
 8009dd8:	2000      	movs	r0, #0
 8009dda:	4770      	bx	lr
		return -EINVAL;
 8009ddc:	f06f 0015 	mvn.w	r0, #21
 8009de0:	4770      	bx	lr
 8009de2:	f06f 0015 	mvn.w	r0, #21
}
 8009de6:	4770      	bx	lr

08009de8 <setup_thread_stack>:
{
 8009de8:	b5f8      	push	{r3, r4, r5, r6, r7, lr}
 8009dea:	4605      	mov	r5, r0
		stack_obj_size = K_KERNEL_STACK_LEN(stack_size);
 8009dec:	1dd3      	adds	r3, r2, #7
 8009dee:	f023 0307 	bic.w	r3, r3, #7
 8009df2:	337f      	adds	r3, #127	@ 0x7f
 8009df4:	f023 033f 	bic.w	r3, r3, #63	@ 0x3f

/** @} */

static inline char *K_KERNEL_STACK_BUFFER(k_thread_stack_t *sym)
{
	return (char *)sym + K_KERNEL_STACK_RESERVED;
 8009df8:	f101 0740 	add.w	r7, r1, #64	@ 0x40
		stack_buf_size = stack_obj_size - K_KERNEL_STACK_RESERVED;
 8009dfc:	f1a3 0640 	sub.w	r6, r3, #64	@ 0x40
		if (K_KERNEL_STACK_RESERVED > stack_obj_size) {
 8009e00:	2b3f      	cmp	r3, #63	@ 0x3f
 8009e02:	d807      	bhi.n	8009e14 <setup_thread_stack+0x2c>
 8009e04:	2200      	movs	r2, #0
 8009e06:	f382 8811 	msr	BASEPRI, r2
 8009e0a:	f3bf 8f6f 	isb	sy
			k_panic();
 8009e0e:	2204      	movs	r2, #4
 8009e10:	4610      	mov	r0, r2
 8009e12:	df02      	svc	2
	stack_ptr = (char *)stack + stack_obj_size;
 8009e14:	18cc      	adds	r4, r1, r3
	delta += arch_tls_stack_setup(new_thread, stack_ptr);
 8009e16:	4621      	mov	r1, r4
 8009e18:	4628      	mov	r0, r5
 8009e1a:	f7f9 f973 	bl	8003104 <arch_tls_stack_setup>
	delta = ROUND_UP(delta, ARCH_STACK_PTR_ALIGN);
 8009e1e:	3007      	adds	r0, #7
 8009e20:	f020 0007 	bic.w	r0, r0, #7
	new_thread->stack_info.start = (uintptr_t)stack_buf_start;
 8009e24:	f8c5 7098 	str.w	r7, [r5, #152]	@ 0x98
	new_thread->stack_info.size = stack_buf_size;
 8009e28:	f8c5 609c 	str.w	r6, [r5, #156]	@ 0x9c
	new_thread->stack_info.delta = delta;
 8009e2c:	f8c5 00a0 	str.w	r0, [r5, #160]	@ 0xa0
}
 8009e30:	1a20      	subs	r0, r4, r0
 8009e32:	bdf8      	pop	{r3, r4, r5, r6, r7, pc}

08009e34 <k_is_in_isr>:
  __ASM volatile ("MRS %0, ipsr" : "=r" (result) );
 8009e34:	f3ef 8005 	mrs	r0, IPSR
}
 8009e38:	3800      	subs	r0, #0
 8009e3a:	bf18      	it	ne
 8009e3c:	2001      	movne	r0, #1
 8009e3e:	4770      	bx	lr

08009e40 <k_thread_name_get>:
}
 8009e40:	3078      	adds	r0, #120	@ 0x78
 8009e42:	4770      	bx	lr

08009e44 <z_init_thread_base>:
{
 8009e44:	b410      	push	{r4}
	thread_base->pended_on = NULL;
 8009e46:	2400      	movs	r4, #0
 8009e48:	6084      	str	r4, [r0, #8]
	thread_base->user_options = (uint16_t)options;
 8009e4a:	8183      	strh	r3, [r0, #12]
	thread_base->thread_state = (uint8_t)initial_state;
 8009e4c:	7402      	strb	r2, [r0, #16]
	thread_base->prio = priority;
 8009e4e:	7381      	strb	r1, [r0, #14]
	thread_base->sched_locked = 0U;
 8009e50:	73c4      	strb	r4, [r0, #15]
	node->next = NULL;
 8009e52:	6184      	str	r4, [r0, #24]
	node->prev = NULL;
 8009e54:	61c4      	str	r4, [r0, #28]
}
 8009e56:	bc10      	pop	{r4}
 8009e58:	4770      	bx	lr

08009e5a <z_impl_k_thread_create>:
{
 8009e5a:	b5f0      	push	{r4, r5, r6, r7, lr}
 8009e5c:	b087      	sub	sp, #28
 8009e5e:	4604      	mov	r4, r0
 8009e60:	9e12      	ldr	r6, [sp, #72]	@ 0x48
 8009e62:	9d13      	ldr	r5, [sp, #76]	@ 0x4c
	z_setup_new_thread(new_thread, stack, stack_size, entry, p1, p2, p3,
 8009e64:	2700      	movs	r7, #0
 8009e66:	9705      	str	r7, [sp, #20]
 8009e68:	9f10      	ldr	r7, [sp, #64]	@ 0x40
 8009e6a:	9704      	str	r7, [sp, #16]
 8009e6c:	9f0f      	ldr	r7, [sp, #60]	@ 0x3c
 8009e6e:	9703      	str	r7, [sp, #12]
 8009e70:	9f0e      	ldr	r7, [sp, #56]	@ 0x38
 8009e72:	9702      	str	r7, [sp, #8]
 8009e74:	9f0d      	ldr	r7, [sp, #52]	@ 0x34
 8009e76:	9701      	str	r7, [sp, #4]
 8009e78:	9f0c      	ldr	r7, [sp, #48]	@ 0x30
 8009e7a:	9700      	str	r7, [sp, #0]
 8009e7c:	f7fc f816 	bl	8005eac <z_setup_new_thread>
	if (!K_TIMEOUT_EQ(delay, K_FOREVER)) {
 8009e80:	f1b5 3fff 	cmp.w	r5, #4294967295
 8009e84:	bf08      	it	eq
 8009e86:	f1b6 3fff 	cmpeq.w	r6, #4294967295
 8009e8a:	d102      	bne.n	8009e92 <z_impl_k_thread_create+0x38>
}
 8009e8c:	4620      	mov	r0, r4
 8009e8e:	b007      	add	sp, #28
 8009e90:	bdf0      	pop	{r4, r5, r6, r7, pc}
		thread_schedule_new(new_thread, delay);
 8009e92:	4632      	mov	r2, r6
 8009e94:	462b      	mov	r3, r5
 8009e96:	4620      	mov	r0, r4
 8009e98:	f7fb ffe8 	bl	8005e6c <thread_schedule_new>
 8009e9c:	e7f6      	b.n	8009e8c <z_impl_k_thread_create+0x32>

08009e9e <thread_active_elsewhere>:
}
 8009e9e:	2000      	movs	r0, #0
 8009ea0:	4770      	bx	lr

08009ea2 <add_to_waitq_locked>:
{
 8009ea2:	b538      	push	{r3, r4, r5, lr}
 8009ea4:	4604      	mov	r4, r0
 8009ea6:	460d      	mov	r5, r1
	unready_thread(thread);
 8009ea8:	f7fc f8fe 	bl	80060a8 <unready_thread>
	thread->base.thread_state |= _THREAD_PENDING;
 8009eac:	7c23      	ldrb	r3, [r4, #16]
 8009eae:	f043 0302 	orr.w	r3, r3, #2
 8009eb2:	7423      	strb	r3, [r4, #16]
	if (wait_q != NULL) {
 8009eb4:	b325      	cbz	r5, 8009f00 <add_to_waitq_locked+0x5e>
		thread->base.pended_on = wait_q;
 8009eb6:	60a5      	str	r5, [r4, #8]
	return list->head == list;
 8009eb8:	682b      	ldr	r3, [r5, #0]
	return sys_dlist_is_empty(list) ? NULL : list->head;
 8009eba:	429d      	cmp	r5, r3
 8009ebc:	d107      	bne.n	8009ece <add_to_waitq_locked+0x2c>
	SYS_DLIST_FOR_EACH_CONTAINER(pq, t, base.qnode_dlist) {
 8009ebe:	2300      	movs	r3, #0
 8009ec0:	e005      	b.n	8009ece <add_to_waitq_locked+0x2c>
 8009ec2:	4619      	mov	r1, r3
	return (node == list->tail) ? NULL : node->next;
 8009ec4:	686a      	ldr	r2, [r5, #4]
 8009ec6:	4293      	cmp	r3, r2
 8009ec8:	d015      	beq.n	8009ef6 <add_to_waitq_locked+0x54>
 8009eca:	681b      	ldr	r3, [r3, #0]
 8009ecc:	b97b      	cbnz	r3, 8009eee <add_to_waitq_locked+0x4c>
 8009ece:	b193      	cbz	r3, 8009ef6 <add_to_waitq_locked+0x54>
	int32_t b1 = thread_1->base.prio;
 8009ed0:	f994 100e 	ldrsb.w	r1, [r4, #14]
	int32_t b2 = thread_2->base.prio;
 8009ed4:	f993 200e 	ldrsb.w	r2, [r3, #14]
	if (b1 != b2) {
 8009ed8:	4291      	cmp	r1, r2
 8009eda:	d0f2      	beq.n	8009ec2 <add_to_waitq_locked+0x20>
		return b2 - b1;
 8009edc:	1a52      	subs	r2, r2, r1
		if (z_sched_prio_cmp(thread, t) > 0) {
 8009ede:	2a00      	cmp	r2, #0
 8009ee0:	ddef      	ble.n	8009ec2 <add_to_waitq_locked+0x20>
	sys_dnode_t *const prev = successor->prev;
 8009ee2:	685a      	ldr	r2, [r3, #4]
	node->prev = prev;
 8009ee4:	6062      	str	r2, [r4, #4]
	node->next = successor;
 8009ee6:	6023      	str	r3, [r4, #0]
	prev->next = node;
 8009ee8:	6014      	str	r4, [r2, #0]
	successor->prev = node;
 8009eea:	605c      	str	r4, [r3, #4]
			return;
 8009eec:	e008      	b.n	8009f00 <add_to_waitq_locked+0x5e>
	return (node != NULL) ? sys_dlist_peek_next_no_check(list, node) : NULL;
 8009eee:	2900      	cmp	r1, #0
 8009ef0:	d1ed      	bne.n	8009ece <add_to_waitq_locked+0x2c>
 8009ef2:	460b      	mov	r3, r1
 8009ef4:	e7eb      	b.n	8009ece <add_to_waitq_locked+0x2c>
	sys_dnode_t *const tail = list->tail;
 8009ef6:	686b      	ldr	r3, [r5, #4]
	node->next = list;
 8009ef8:	6025      	str	r5, [r4, #0]
	node->prev = tail;
 8009efa:	6063      	str	r3, [r4, #4]
	tail->next = node;
 8009efc:	601c      	str	r4, [r3, #0]
	list->tail = node;
 8009efe:	606c      	str	r4, [r5, #4]
}
 8009f00:	bd38      	pop	{r3, r4, r5, pc}

08009f02 <unpend_all>:
{
 8009f02:	b570      	push	{r4, r5, r6, lr}
 8009f04:	4606      	mov	r6, r0
	return list->head == list;
 8009f06:	6804      	ldr	r4, [r0, #0]
	return sys_dlist_is_empty(list) ? NULL : list->head;
 8009f08:	4284      	cmp	r4, r0
 8009f0a:	d01a      	beq.n	8009f42 <unpend_all+0x40>
	for (thread = z_waitq_head(wait_q); thread != NULL; thread = z_waitq_head(wait_q)) {
 8009f0c:	b1dc      	cbz	r4, 8009f46 <unpend_all+0x44>
	sys_dnode_t *const prev = node->prev;
 8009f0e:	6862      	ldr	r2, [r4, #4]
	sys_dnode_t *const next = node->next;
 8009f10:	6823      	ldr	r3, [r4, #0]
	prev->next = next;
 8009f12:	6013      	str	r3, [r2, #0]
	next->prev = prev;
 8009f14:	605a      	str	r2, [r3, #4]
	node->next = NULL;
 8009f16:	2500      	movs	r5, #0
 8009f18:	6025      	str	r5, [r4, #0]
	node->prev = NULL;
 8009f1a:	6065      	str	r5, [r4, #4]
	thread->base.thread_state &= ~_THREAD_PENDING;
 8009f1c:	7c23      	ldrb	r3, [r4, #16]
 8009f1e:	f023 0302 	bic.w	r3, r3, #2
 8009f22:	7423      	strb	r3, [r4, #16]
	thread->base.pended_on = NULL;
 8009f24:	60a5      	str	r5, [r4, #8]
	z_abort_timeout(&thread->base.timeout);
 8009f26:	f104 0018 	add.w	r0, r4, #24
 8009f2a:	f000 f923 	bl	800a174 <z_abort_timeout>
 8009f2e:	f8c4 50b0 	str.w	r5, [r4, #176]	@ 0xb0
		ready_thread(thread);
 8009f32:	4620      	mov	r0, r4
 8009f34:	f7fc f860 	bl	8005ff8 <ready_thread>
	return list->head == list;
 8009f38:	6834      	ldr	r4, [r6, #0]
	return sys_dlist_is_empty(list) ? NULL : list->head;
 8009f3a:	42a6      	cmp	r6, r4
 8009f3c:	d1e6      	bne.n	8009f0c <unpend_all+0xa>
 8009f3e:	2400      	movs	r4, #0
 8009f40:	e7e4      	b.n	8009f0c <unpend_all+0xa>
 8009f42:	2400      	movs	r4, #0
 8009f44:	e7e2      	b.n	8009f0c <unpend_all+0xa>
}
 8009f46:	bd70      	pop	{r4, r5, r6, pc}

08009f48 <pend_locked>:
{
 8009f48:	b570      	push	{r4, r5, r6, lr}
 8009f4a:	4604      	mov	r4, r0
 8009f4c:	4616      	mov	r6, r2
 8009f4e:	461d      	mov	r5, r3
	add_to_waitq_locked(thread, wait_q);
 8009f50:	f7ff ffa7 	bl	8009ea2 <add_to_waitq_locked>
	add_thread_timeout(thread, timeout);
 8009f54:	4632      	mov	r2, r6
 8009f56:	462b      	mov	r3, r5
 8009f58:	4620      	mov	r0, r4
 8009f5a:	f7fc f967 	bl	800622c <add_thread_timeout>
}
 8009f5e:	bd70      	pop	{r4, r5, r6, pc}

08009f60 <z_ready_thread>:
{
 8009f60:	b538      	push	{r3, r4, r5, lr}
 8009f62:	4604      	mov	r4, r0
	K_SPINLOCK(&_sched_spinlock) {
 8009f64:	2300      	movs	r3, #0
  __ASM volatile ("MRS %0, basepri" : "=r" (result) );
 8009f66:	f3ef 8511 	mrs	r5, BASEPRI
  __ASM volatile ("MSR basepri_max, %0" : : "r" (basePri) : "memory");
 8009f6a:	2210      	movs	r2, #16
 8009f6c:	f382 8812 	msr	BASEPRI_MAX, r2
 8009f70:	f3bf 8f6f 	isb	sy
 8009f74:	e004      	b.n	8009f80 <z_ready_thread+0x20>
  __ASM volatile ("MSR basepri, %0" : : "r" (basePri) : "memory");
 8009f76:	f385 8811 	msr	BASEPRI, r5
 8009f7a:	f3bf 8f6f 	isb	sy
 8009f7e:	2301      	movs	r3, #1
 8009f80:	b943      	cbnz	r3, 8009f94 <z_ready_thread+0x34>
		if (thread_active_elsewhere(thread) == NULL) {
 8009f82:	4620      	mov	r0, r4
 8009f84:	f7ff ff8b 	bl	8009e9e <thread_active_elsewhere>
 8009f88:	2800      	cmp	r0, #0
 8009f8a:	d1f4      	bne.n	8009f76 <z_ready_thread+0x16>
			ready_thread(thread);
 8009f8c:	4620      	mov	r0, r4
 8009f8e:	f7fc f833 	bl	8005ff8 <ready_thread>
 8009f92:	e7f0      	b.n	8009f76 <z_ready_thread+0x16>
}
 8009f94:	bd38      	pop	{r3, r4, r5, pc}

08009f96 <z_unpend_thread_no_timeout>:
	K_SPINLOCK(&_sched_spinlock) {
 8009f96:	2300      	movs	r3, #0
  __ASM volatile ("MRS %0, basepri" : "=r" (result) );
 8009f98:	f3ef 8111 	mrs	r1, BASEPRI
  __ASM volatile ("MSR basepri_max, %0" : : "r" (basePri) : "memory");
 8009f9c:	2210      	movs	r2, #16
 8009f9e:	f382 8812 	msr	BASEPRI_MAX, r2
 8009fa2:	f3bf 8f6f 	isb	sy
 8009fa6:	e004      	b.n	8009fb2 <z_unpend_thread_no_timeout+0x1c>
  __ASM volatile ("MSR basepri, %0" : : "r" (basePri) : "memory");
 8009fa8:	f381 8811 	msr	BASEPRI, r1
 8009fac:	f3bf 8f6f 	isb	sy
 8009fb0:	2301      	movs	r3, #1
 8009fb2:	b97b      	cbnz	r3, 8009fd4 <z_unpend_thread_no_timeout+0x3e>
		if (thread->base.pended_on != NULL) {
 8009fb4:	6883      	ldr	r3, [r0, #8]
 8009fb6:	2b00      	cmp	r3, #0
 8009fb8:	d0f6      	beq.n	8009fa8 <z_unpend_thread_no_timeout+0x12>
	sys_dnode_t *const prev = node->prev;
 8009fba:	6842      	ldr	r2, [r0, #4]
	sys_dnode_t *const next = node->next;
 8009fbc:	6803      	ldr	r3, [r0, #0]
	prev->next = next;
 8009fbe:	6013      	str	r3, [r2, #0]
	next->prev = prev;
 8009fc0:	605a      	str	r2, [r3, #4]
	node->next = NULL;
 8009fc2:	2300      	movs	r3, #0
 8009fc4:	6003      	str	r3, [r0, #0]
	node->prev = NULL;
 8009fc6:	6043      	str	r3, [r0, #4]
 8009fc8:	7c02      	ldrb	r2, [r0, #16]
 8009fca:	f022 0202 	bic.w	r2, r2, #2
 8009fce:	7402      	strb	r2, [r0, #16]
 8009fd0:	6083      	str	r3, [r0, #8]
}
 8009fd2:	e7e9      	b.n	8009fa8 <z_unpend_thread_no_timeout+0x12>
}
 8009fd4:	4770      	bx	lr

08009fd6 <z_sched_wake_thread_locked>:
{
 8009fd6:	b508      	push	{r3, lr}
	bool killed = (thread->base.thread_state &
 8009fd8:	7c03      	ldrb	r3, [r0, #16]
	if (!killed) {
 8009fda:	f013 0f28 	tst.w	r3, #40	@ 0x28
 8009fde:	d113      	bne.n	800a008 <z_sched_wake_thread_locked+0x32>
		if (thread->base.pended_on != NULL) {
 8009fe0:	6883      	ldr	r3, [r0, #8]
 8009fe2:	b15b      	cbz	r3, 8009ffc <z_sched_wake_thread_locked+0x26>
	sys_dnode_t *const prev = node->prev;
 8009fe4:	6842      	ldr	r2, [r0, #4]
	sys_dnode_t *const next = node->next;
 8009fe6:	6803      	ldr	r3, [r0, #0]
	prev->next = next;
 8009fe8:	6013      	str	r3, [r2, #0]
	next->prev = prev;
 8009fea:	605a      	str	r2, [r3, #4]
	node->next = NULL;
 8009fec:	2300      	movs	r3, #0
 8009fee:	6003      	str	r3, [r0, #0]
	node->prev = NULL;
 8009ff0:	6043      	str	r3, [r0, #4]
 8009ff2:	7c02      	ldrb	r2, [r0, #16]
 8009ff4:	f022 0202 	bic.w	r2, r2, #2
 8009ff8:	7402      	strb	r2, [r0, #16]
	thread->base.pended_on = NULL;
 8009ffa:	6083      	str	r3, [r0, #8]
	thread->base.thread_state &= ~_THREAD_SLEEPING;
 8009ffc:	7c03      	ldrb	r3, [r0, #16]
 8009ffe:	f023 0304 	bic.w	r3, r3, #4
 800a002:	7403      	strb	r3, [r0, #16]
		ready_thread(thread);
 800a004:	f7fb fff8 	bl	8005ff8 <ready_thread>
}
 800a008:	bd08      	pop	{r3, pc}

0800a00a <z_thread_timeout>:
{
 800a00a:	b538      	push	{r3, r4, r5, lr}
	struct k_thread *thread = CONTAINER_OF(timeout,
 800a00c:	f1a0 0518 	sub.w	r5, r0, #24
	K_SPINLOCK(&_sched_spinlock) {
 800a010:	2300      	movs	r3, #0
  __ASM volatile ("MRS %0, basepri" : "=r" (result) );
 800a012:	f3ef 8411 	mrs	r4, BASEPRI
  __ASM volatile ("MSR basepri_max, %0" : : "r" (basePri) : "memory");
 800a016:	2210      	movs	r2, #16
 800a018:	f382 8812 	msr	BASEPRI_MAX, r2
 800a01c:	f3bf 8f6f 	isb	sy
 800a020:	e007      	b.n	800a032 <z_thread_timeout+0x28>
		z_sched_wake_thread_locked(thread);
 800a022:	4628      	mov	r0, r5
 800a024:	f7ff ffd7 	bl	8009fd6 <z_sched_wake_thread_locked>
  __ASM volatile ("MSR basepri, %0" : : "r" (basePri) : "memory");
 800a028:	f384 8811 	msr	BASEPRI, r4
 800a02c:	f3bf 8f6f 	isb	sy
	K_SPINLOCK(&_sched_spinlock) {
 800a030:	2301      	movs	r3, #1
 800a032:	2b00      	cmp	r3, #0
 800a034:	d0f5      	beq.n	800a022 <z_thread_timeout+0x18>
}
 800a036:	bd38      	pop	{r3, r4, r5, pc}

0800a038 <z_unpend1_no_timeout>:
{
 800a038:	4601      	mov	r1, r0
	K_SPINLOCK(&_sched_spinlock) {
 800a03a:	2300      	movs	r3, #0
  __ASM volatile ("MRS %0, basepri" : "=r" (result) );
 800a03c:	f3ef 8c11 	mrs	ip, BASEPRI
  __ASM volatile ("MSR basepri_max, %0" : : "r" (basePri) : "memory");
 800a040:	2210      	movs	r2, #16
 800a042:	f382 8812 	msr	BASEPRI_MAX, r2
 800a046:	f3bf 8f6f 	isb	sy
	struct k_thread *thread = NULL;
 800a04a:	4618      	mov	r0, r3
 800a04c:	e005      	b.n	800a05a <z_unpend1_no_timeout+0x22>
	struct k_thread *thread = NULL;
 800a04e:	2000      	movs	r0, #0
  __ASM volatile ("MSR basepri, %0" : : "r" (basePri) : "memory");
 800a050:	f38c 8811 	msr	BASEPRI, ip
 800a054:	f3bf 8f6f 	isb	sy
	K_SPINLOCK(&_sched_spinlock) {
 800a058:	2301      	movs	r3, #1
 800a05a:	b98b      	cbnz	r3, 800a080 <z_unpend1_no_timeout+0x48>
	return list->head == list;
 800a05c:	6808      	ldr	r0, [r1, #0]
	return sys_dlist_is_empty(list) ? NULL : list->head;
 800a05e:	4281      	cmp	r1, r0
 800a060:	d0f5      	beq.n	800a04e <z_unpend1_no_timeout+0x16>
	if (n != NULL) {
 800a062:	2800      	cmp	r0, #0
 800a064:	d0f4      	beq.n	800a050 <z_unpend1_no_timeout+0x18>
	sys_dnode_t *const prev = node->prev;
 800a066:	6842      	ldr	r2, [r0, #4]
	sys_dnode_t *const next = node->next;
 800a068:	6803      	ldr	r3, [r0, #0]
	prev->next = next;
 800a06a:	6013      	str	r3, [r2, #0]
	next->prev = prev;
 800a06c:	605a      	str	r2, [r3, #4]
	node->next = NULL;
 800a06e:	2300      	movs	r3, #0
 800a070:	6003      	str	r3, [r0, #0]
	node->prev = NULL;
 800a072:	6043      	str	r3, [r0, #4]
	thread->base.thread_state &= ~_THREAD_PENDING;
 800a074:	7c02      	ldrb	r2, [r0, #16]
 800a076:	f022 0202 	bic.w	r2, r2, #2
 800a07a:	7402      	strb	r2, [r0, #16]
 800a07c:	6083      	str	r3, [r0, #8]
}
 800a07e:	e7e7      	b.n	800a050 <z_unpend1_no_timeout+0x18>
}
 800a080:	4770      	bx	lr

0800a082 <z_unpend_thread>:
{
 800a082:	b510      	push	{r4, lr}
 800a084:	4604      	mov	r4, r0
	z_unpend_thread_no_timeout(thread);
 800a086:	f7ff ff86 	bl	8009f96 <z_unpend_thread_no_timeout>
 800a08a:	f104 0018 	add.w	r0, r4, #24
 800a08e:	f000 f871 	bl	800a174 <z_abort_timeout>
}
 800a092:	bd10      	pop	{r4, pc}

0800a094 <z_reschedule>:
{
 800a094:	b508      	push	{r3, lr}
	reschedule(lock, key);
 800a096:	f7fb ff95 	bl	8005fc4 <reschedule>
}
 800a09a:	bd08      	pop	{r3, pc}

0800a09c <init_ready_q>:
	_priq_run_init(&ready_q->runq);
 800a09c:	1d03      	adds	r3, r0, #4
	list->head = (sys_dnode_t *)list;
 800a09e:	6043      	str	r3, [r0, #4]
	list->tail = (sys_dnode_t *)list;
 800a0a0:	6083      	str	r3, [r0, #8]
}
 800a0a2:	4770      	bx	lr

0800a0a4 <z_sched_wake>:
{
 800a0a4:	e92d 41f0 	stmdb	sp!, {r4, r5, r6, r7, r8, lr}
 800a0a8:	4605      	mov	r5, r0
 800a0aa:	4688      	mov	r8, r1
 800a0ac:	4617      	mov	r7, r2
	K_SPINLOCK(&_sched_spinlock) {
 800a0ae:	2300      	movs	r3, #0
  __ASM volatile ("MRS %0, basepri" : "=r" (result) );
 800a0b0:	f3ef 8611 	mrs	r6, BASEPRI
  __ASM volatile ("MSR basepri_max, %0" : : "r" (basePri) : "memory");
 800a0b4:	2210      	movs	r2, #16
 800a0b6:	f382 8812 	msr	BASEPRI_MAX, r2
 800a0ba:	f3bf 8f6f 	isb	sy
	bool ret = false;
 800a0be:	4618      	mov	r0, r3
 800a0c0:	e004      	b.n	800a0cc <z_sched_wake+0x28>
  __ASM volatile ("MSR basepri, %0" : : "r" (basePri) : "memory");
 800a0c2:	f386 8811 	msr	BASEPRI, r6
 800a0c6:	f3bf 8f6f 	isb	sy
	K_SPINLOCK(&_sched_spinlock) {
 800a0ca:	2301      	movs	r3, #1
 800a0cc:	b9f3      	cbnz	r3, 800a10c <z_sched_wake+0x68>
	return list->head == list;
 800a0ce:	682c      	ldr	r4, [r5, #0]
	return sys_dlist_is_empty(list) ? NULL : list->head;
 800a0d0:	42a5      	cmp	r5, r4
 800a0d2:	d0f6      	beq.n	800a0c2 <z_sched_wake+0x1e>
 800a0d4:	2c00      	cmp	r4, #0
 800a0d6:	d0f4      	beq.n	800a0c2 <z_sched_wake+0x1e>
 800a0d8:	f8c4 80b0 	str.w	r8, [r4, #176]	@ 0xb0
z_thread_return_value_set_with_data(struct k_thread *thread,
				   unsigned int value,
				   void *data)
{
	arch_thread_return_value_set(thread, value);
	thread->base.swap_data = data;
 800a0dc:	6167      	str	r7, [r4, #20]
	sys_dnode_t *const prev = node->prev;
 800a0de:	6862      	ldr	r2, [r4, #4]
	sys_dnode_t *const next = node->next;
 800a0e0:	6823      	ldr	r3, [r4, #0]
	prev->next = next;
 800a0e2:	6013      	str	r3, [r2, #0]
	next->prev = prev;
 800a0e4:	605a      	str	r2, [r3, #4]
	node->next = NULL;
 800a0e6:	2300      	movs	r3, #0
 800a0e8:	6023      	str	r3, [r4, #0]
	node->prev = NULL;
 800a0ea:	6063      	str	r3, [r4, #4]
 800a0ec:	f894 c010 	ldrb.w	ip, [r4, #16]
 800a0f0:	f02c 0c02 	bic.w	ip, ip, #2
 800a0f4:	f884 c010 	strb.w	ip, [r4, #16]
	thread->base.pended_on = NULL;
 800a0f8:	60a3      	str	r3, [r4, #8]
 800a0fa:	f104 0018 	add.w	r0, r4, #24
 800a0fe:	f000 f839 	bl	800a174 <z_abort_timeout>
			ready_thread(thread);
 800a102:	4620      	mov	r0, r4
 800a104:	f7fb ff78 	bl	8005ff8 <ready_thread>
			ret = true;
 800a108:	2001      	movs	r0, #1
 800a10a:	e7da      	b.n	800a0c2 <z_sched_wake+0x1e>
}
 800a10c:	e8bd 81f0 	ldmia.w	sp!, {r4, r5, r6, r7, r8, pc}

0800a110 <remove_timeout>:
{
 800a110:	b510      	push	{r4, lr}
 800a112:	4604      	mov	r4, r0
	if (next(t) != NULL) {
 800a114:	f7fc fc60 	bl	80069d8 <next>
 800a118:	b148      	cbz	r0, 800a12e <remove_timeout+0x1e>
 800a11a:	4602      	mov	r2, r0
		next(t)->dticks += t->dticks;
 800a11c:	6903      	ldr	r3, [r0, #16]
 800a11e:	6941      	ldr	r1, [r0, #20]
 800a120:	6920      	ldr	r0, [r4, #16]
 800a122:	181b      	adds	r3, r3, r0
 800a124:	6960      	ldr	r0, [r4, #20]
 800a126:	eb41 0100 	adc.w	r1, r1, r0
 800a12a:	6113      	str	r3, [r2, #16]
 800a12c:	6151      	str	r1, [r2, #20]
	sys_dnode_t *const prev = node->prev;
 800a12e:	6862      	ldr	r2, [r4, #4]
	sys_dnode_t *const next = node->next;
 800a130:	6823      	ldr	r3, [r4, #0]
	prev->next = next;
 800a132:	6013      	str	r3, [r2, #0]
	next->prev = prev;
 800a134:	605a      	str	r2, [r3, #4]
	node->next = NULL;
 800a136:	2300      	movs	r3, #0
 800a138:	6023      	str	r3, [r4, #0]
	node->prev = NULL;
 800a13a:	6063      	str	r3, [r4, #4]
}
 800a13c:	bd10      	pop	{r4, pc}

0800a13e <next_timeout>:
{
 800a13e:	b510      	push	{r4, lr}
 800a140:	4604      	mov	r4, r0
	struct _timeout *to = first();
 800a142:	f7fc fc3f 	bl	80069c4 <first>
	if ((to == NULL) ||
 800a146:	b178      	cbz	r0, 800a168 <next_timeout+0x2a>
	    ((int64_t)(to->dticks - ticks_elapsed) > (int64_t)INT_MAX)) {
 800a148:	6903      	ldr	r3, [r0, #16]
 800a14a:	6942      	ldr	r2, [r0, #20]
 800a14c:	1b1b      	subs	r3, r3, r4
 800a14e:	eb62 72e4 	sbc.w	r2, r2, r4, asr #31
	if ((to == NULL) ||
 800a152:	f1b3 4f00 	cmp.w	r3, #2147483648	@ 0x80000000
 800a156:	f172 0100 	sbcs.w	r1, r2, #0
 800a15a:	da08      	bge.n	800a16e <next_timeout+0x30>
		ret = max(0, to->dticks - ticks_elapsed);
 800a15c:	2a00      	cmp	r2, #0
 800a15e:	db01      	blt.n	800a164 <next_timeout+0x26>
 800a160:	4618      	mov	r0, r3
}
 800a162:	bd10      	pop	{r4, pc}
		ret = max(0, to->dticks - ticks_elapsed);
 800a164:	2300      	movs	r3, #0
 800a166:	e7fb      	b.n	800a160 <next_timeout+0x22>
		ret = SYS_CLOCK_MAX_WAIT;
 800a168:	f06f 4000 	mvn.w	r0, #2147483648	@ 0x80000000
 800a16c:	e7f9      	b.n	800a162 <next_timeout+0x24>
 800a16e:	f06f 4000 	mvn.w	r0, #2147483648	@ 0x80000000
	return ret;
 800a172:	e7f6      	b.n	800a162 <next_timeout+0x24>

0800a174 <z_abort_timeout>:
{
 800a174:	e92d 41f0 	stmdb	sp!, {r4, r5, r6, r7, r8, lr}
 800a178:	4604      	mov	r4, r0
	K_SPINLOCK(&timeout_lock) {
 800a17a:	2500      	movs	r5, #0
  __ASM volatile ("MRS %0, basepri" : "=r" (result) );
 800a17c:	f3ef 8711 	mrs	r7, BASEPRI
  __ASM volatile ("MSR basepri_max, %0" : : "r" (basePri) : "memory");
 800a180:	2310      	movs	r3, #16
 800a182:	f383 8812 	msr	BASEPRI_MAX, r3
 800a186:	f3bf 8f6f 	isb	sy
	int ret = -EINVAL;
 800a18a:	f06f 0015 	mvn.w	r0, #21
 800a18e:	e014      	b.n	800a1ba <z_abort_timeout+0x46>
				sys_clock_set_timeout(next_timeout(elapsed()), false);
 800a190:	f7fc fc2e 	bl	80069f0 <elapsed>
 800a194:	f7ff ffd3 	bl	800a13e <next_timeout>
 800a198:	2100      	movs	r1, #0
 800a19a:	f7fb f83d 	bl	8005218 <sys_clock_set_timeout>
			ret = 0;
 800a19e:	4640      	mov	r0, r8
 800a1a0:	e006      	b.n	800a1b0 <z_abort_timeout+0x3c>
		} else if (to->dticks == TIMEOUT_DTICKS_ANNOUNCING) {
 800a1a2:	6922      	ldr	r2, [r4, #16]
 800a1a4:	6963      	ldr	r3, [r4, #20]
 800a1a6:	f1b3 4f00 	cmp.w	r3, #2147483648	@ 0x80000000
 800a1aa:	bf08      	it	eq
 800a1ac:	2a01      	cmpeq	r2, #1
 800a1ae:	d018      	beq.n	800a1e2 <z_abort_timeout+0x6e>
  __ASM volatile ("MSR basepri, %0" : : "r" (basePri) : "memory");
 800a1b0:	f387 8811 	msr	BASEPRI, r7
 800a1b4:	f3bf 8f6f 	isb	sy
	K_SPINLOCK(&timeout_lock) {
 800a1b8:	2501      	movs	r5, #1
 800a1ba:	46a8      	mov	r8, r5
 800a1bc:	b9bd      	cbnz	r5, 800a1ee <z_abort_timeout+0x7a>
	return node->next != NULL;
 800a1be:	6823      	ldr	r3, [r4, #0]
		if (sys_dnode_is_linked(&to->node)) {
 800a1c0:	2b00      	cmp	r3, #0
 800a1c2:	d0ee      	beq.n	800a1a2 <z_abort_timeout+0x2e>
			bool is_first = (to == first());
 800a1c4:	f7fc fbfe 	bl	80069c4 <first>
 800a1c8:	4606      	mov	r6, r0
			remove_timeout(to);
 800a1ca:	4620      	mov	r0, r4
 800a1cc:	f7ff ffa0 	bl	800a110 <remove_timeout>
			to->dticks = TIMEOUT_DTICKS_ABORTED;
 800a1d0:	2200      	movs	r2, #0
 800a1d2:	f04f 4300 	mov.w	r3, #2147483648	@ 0x80000000
 800a1d6:	e9c4 2304 	strd	r2, r3, [r4, #16]
			if (is_first) {
 800a1da:	42a6      	cmp	r6, r4
 800a1dc:	d0d8      	beq.n	800a190 <z_abort_timeout+0x1c>
			ret = 0;
 800a1de:	4628      	mov	r0, r5
 800a1e0:	e7e6      	b.n	800a1b0 <z_abort_timeout+0x3c>
			to->dticks = TIMEOUT_DTICKS_ABORTED;
 800a1e2:	2200      	movs	r2, #0
 800a1e4:	f04f 4300 	mov.w	r3, #2147483648	@ 0x80000000
 800a1e8:	e9c4 2304 	strd	r2, r3, [r4, #16]
 800a1ec:	e7e0      	b.n	800a1b0 <z_abort_timeout+0x3c>
}
 800a1ee:	e8bd 81f0 	ldmia.w	sp!, {r4, r5, r6, r7, r8, pc}

0800a1f2 <sys_clock_tick_get_32>:

uint32_t sys_clock_tick_get_32(void)
{
 800a1f2:	b508      	push	{r3, lr}
#ifdef CONFIG_TICKLESS_KERNEL
	return (uint32_t)sys_clock_tick_get();
 800a1f4:	f7fc fd04 	bl	8006c00 <sys_clock_tick_get>
#else
	return (uint32_t)curr_tick;
#endif /* CONFIG_TICKLESS_KERNEL */
}
 800a1f8:	bd08      	pop	{r3, pc}

0800a1fa <z_impl_k_uptime_ticks>:

int64_t z_impl_k_uptime_ticks(void)
{
 800a1fa:	b508      	push	{r3, lr}
	return sys_clock_tick_get();
 800a1fc:	f7fc fd00 	bl	8006c00 <sys_clock_tick_get>
}
 800a200:	bd08      	pop	{r3, pc}

0800a202 <k_timer_init>:
	timer->expiry_fn = expiry_fn;
 800a202:	6201      	str	r1, [r0, #32]
	timer->stop_fn = stop_fn;
 800a204:	6242      	str	r2, [r0, #36]	@ 0x24
	timer->status = 0U;
 800a206:	2300      	movs	r3, #0
 800a208:	6303      	str	r3, [r0, #48]	@ 0x30
 800a20a:	f100 0218 	add.w	r2, r0, #24
	list->head = (sys_dnode_t *)list;
 800a20e:	6182      	str	r2, [r0, #24]
	list->tail = (sys_dnode_t *)list;
 800a210:	61c2      	str	r2, [r0, #28]
	node->next = NULL;
 800a212:	6003      	str	r3, [r0, #0]
	node->prev = NULL;
 800a214:	6043      	str	r3, [r0, #4]
	timer->user_data = NULL;
 800a216:	6343      	str	r3, [r0, #52]	@ 0x34
}
 800a218:	4770      	bx	lr

0800a21a <poller_thread>:
	return p ? CONTAINER_OF(p, struct k_thread, poller) : NULL;
 800a21a:	b108      	cbz	r0, 800a220 <poller_thread+0x6>
 800a21c:	3860      	subs	r0, #96	@ 0x60
 800a21e:	4770      	bx	lr
}
 800a220:	4770      	bx	lr

0800a222 <signal_poller>:
{
 800a222:	b538      	push	{r3, r4, r5, lr}
 800a224:	460d      	mov	r5, r1
	struct k_thread *thread = poller_thread(event->poller);
 800a226:	6880      	ldr	r0, [r0, #8]
 800a228:	f7ff fff7 	bl	800a21a <poller_thread>
	return (thread->base.thread_state & _THREAD_PENDING) != 0U;
 800a22c:	7c03      	ldrb	r3, [r0, #16]
	if (!z_is_thread_pending(thread)) {
 800a22e:	f013 0f02 	tst.w	r3, #2
 800a232:	d101      	bne.n	800a238 <signal_poller+0x16>
}
 800a234:	2000      	movs	r0, #0
 800a236:	bd38      	pop	{r3, r4, r5, pc}
 800a238:	4604      	mov	r4, r0
	z_unpend_thread(thread);
 800a23a:	f7ff ff22 	bl	800a082 <z_unpend_thread>
	arch_thread_return_value_set(thread,
 800a23e:	2d08      	cmp	r5, #8
 800a240:	d00a      	beq.n	800a258 <signal_poller+0x36>
 800a242:	2300      	movs	r3, #0
 800a244:	f8c4 30b0 	str.w	r3, [r4, #176]	@ 0xb0
	uint8_t state = thread->base.thread_state;
 800a248:	7c23      	ldrb	r3, [r4, #16]
	if (!z_is_thread_ready(thread)) {
 800a24a:	f013 0f1f 	tst.w	r3, #31
 800a24e:	d1f1      	bne.n	800a234 <signal_poller+0x12>
	z_ready_thread(thread);
 800a250:	4620      	mov	r0, r4
 800a252:	f7ff fe85 	bl	8009f60 <z_ready_thread>
	return 0;
 800a256:	e7ed      	b.n	800a234 <signal_poller+0x12>
	arch_thread_return_value_set(thread,
 800a258:	f06f 0303 	mvn.w	r3, #3
 800a25c:	e7f2      	b.n	800a244 <signal_poller+0x22>

0800a25e <signal_triggered_work>:

extern int z_work_submit_to_queue(struct k_work_q *queue,
			 struct k_work *work);

static int signal_triggered_work(struct k_poll_event *event, uint32_t status)
{
 800a25e:	b570      	push	{r4, r5, r6, lr}
	struct z_poller *poller = event->poller;
 800a260:	6884      	ldr	r4, [r0, #8]
	struct k_work_poll *twork =
		CONTAINER_OF(poller, struct k_work_poll, poller);

	if (poller->is_polling && twork->workq != NULL) {
 800a262:	7823      	ldrb	r3, [r4, #0]
 800a264:	b173      	cbz	r3, 800a284 <signal_triggered_work+0x26>
 800a266:	f854 5c04 	ldr.w	r5, [r4, #-4]
 800a26a:	b15d      	cbz	r5, 800a284 <signal_triggered_work+0x26>
		struct k_work_q *work_q = twork->workq;

		z_abort_timeout(&twork->timeout);
 800a26c:	f1a4 0614 	sub.w	r6, r4, #20
 800a270:	f104 0014 	add.w	r0, r4, #20
 800a274:	f7ff ff7e 	bl	800a174 <z_abort_timeout>
		twork->poll_result = 0;
 800a278:	2300      	movs	r3, #0
 800a27a:	62e3      	str	r3, [r4, #44]	@ 0x2c
		z_work_submit_to_queue(work_q, &twork->work);
 800a27c:	4631      	mov	r1, r6
 800a27e:	4628      	mov	r0, r5
 800a280:	f000 f8a4 	bl	800a3cc <z_work_submit_to_queue>
	}

	return 0;
}
 800a284:	2000      	movs	r0, #0
 800a286:	bd70      	pop	{r4, r5, r6, pc}

0800a288 <signal_poll_event>:
{
 800a288:	b570      	push	{r4, r5, r6, lr}
 800a28a:	4604      	mov	r4, r0
 800a28c:	460d      	mov	r5, r1
	struct z_poller *poller = event->poller;
 800a28e:	6886      	ldr	r6, [r0, #8]
	if (poller != NULL) {
 800a290:	b1d6      	cbz	r6, 800a2c8 <signal_poll_event+0x40>
		if (poller->mode == MODE_POLL) {
 800a292:	7873      	ldrb	r3, [r6, #1]
 800a294:	2b01      	cmp	r3, #1
 800a296:	d00d      	beq.n	800a2b4 <signal_poll_event+0x2c>
		} else if (poller->mode == MODE_TRIGGERED) {
 800a298:	2b02      	cmp	r3, #2
 800a29a:	d012      	beq.n	800a2c2 <signal_poll_event+0x3a>
		poller->is_polling = false;
 800a29c:	2000      	movs	r0, #0
 800a29e:	7030      	strb	r0, [r6, #0]
	event->poller = NULL;
 800a2a0:	2300      	movs	r3, #0
 800a2a2:	60a3      	str	r3, [r4, #8]
	event->state |= state;
 800a2a4:	68e3      	ldr	r3, [r4, #12]
 800a2a6:	f3c3 3286 	ubfx	r2, r3, #14, #7
 800a2aa:	432a      	orrs	r2, r5
 800a2ac:	f362 3394 	bfi	r3, r2, #14, #7
 800a2b0:	60e3      	str	r3, [r4, #12]
}
 800a2b2:	bd70      	pop	{r4, r5, r6, pc}
			retcode = signal_poller(event, state);
 800a2b4:	f7ff ffb5 	bl	800a222 <signal_poller>
		poller->is_polling = false;
 800a2b8:	2300      	movs	r3, #0
 800a2ba:	7033      	strb	r3, [r6, #0]
		if (retcode < 0) {
 800a2bc:	4298      	cmp	r0, r3
 800a2be:	daef      	bge.n	800a2a0 <signal_poll_event+0x18>
 800a2c0:	e7f7      	b.n	800a2b2 <signal_poll_event+0x2a>
			retcode = signal_triggered_work(event, state);
 800a2c2:	f7ff ffcc 	bl	800a25e <signal_triggered_work>
 800a2c6:	e7f7      	b.n	800a2b8 <signal_poll_event+0x30>
	int retcode = 0;
 800a2c8:	2000      	movs	r0, #0
 800a2ca:	e7e9      	b.n	800a2a0 <signal_poll_event+0x18>

0800a2cc <z_handle_obj_poll_events>:
{
 800a2cc:	b538      	push	{r3, r4, r5, lr}
  __ASM volatile ("MRS %0, basepri" : "=r" (result) );
 800a2ce:	f3ef 8511 	mrs	r5, BASEPRI
  __ASM volatile ("MSR basepri_max, %0" : : "r" (basePri) : "memory");
 800a2d2:	2310      	movs	r3, #16
 800a2d4:	f383 8812 	msr	BASEPRI_MAX, r3
 800a2d8:	f3bf 8f6f 	isb	sy
	return list->head == list;
 800a2dc:	6804      	ldr	r4, [r0, #0]
	if (!sys_dlist_is_empty(list)) {
 800a2de:	42a0      	cmp	r0, r4
 800a2e0:	d011      	beq.n	800a306 <z_handle_obj_poll_events+0x3a>
	sys_dnode_t *const prev = node->prev;
 800a2e2:	6862      	ldr	r2, [r4, #4]
	sys_dnode_t *const next = node->next;
 800a2e4:	6823      	ldr	r3, [r4, #0]
	prev->next = next;
 800a2e6:	6013      	str	r3, [r2, #0]
	next->prev = prev;
 800a2e8:	605a      	str	r2, [r3, #4]
	node->next = NULL;
 800a2ea:	2300      	movs	r3, #0
 800a2ec:	6023      	str	r3, [r4, #0]
	node->prev = NULL;
 800a2ee:	6063      	str	r3, [r4, #4]
		(void) signal_poll_event(poll_event, state);
 800a2f0:	4620      	mov	r0, r4
 800a2f2:	f7ff ffc9 	bl	800a288 <signal_poll_event>
  __ASM volatile ("MSR basepri, %0" : : "r" (basePri) : "memory");
 800a2f6:	f385 8811 	msr	BASEPRI, r5
 800a2fa:	f3bf 8f6f 	isb	sy
}
 800a2fe:	1e20      	subs	r0, r4, #0
 800a300:	bf18      	it	ne
 800a302:	2001      	movne	r0, #1
 800a304:	bd38      	pop	{r3, r4, r5, pc}
	sys_dnode_t *node = NULL;
 800a306:	2400      	movs	r4, #0
 800a308:	e7f5      	b.n	800a2f6 <z_handle_obj_poll_events+0x2a>

0800a30a <main>:
 800a30a:	bf00      	nop
{
	/* NOP default main() if the application does not provide one. */
	arch_nop();

	return 0;
}
 800a30c:	2000      	movs	r0, #0
 800a30e:	4770      	bx	lr

0800a310 <k_heap_init>:
{
 800a310:	b510      	push	{r4, lr}
 800a312:	f100 040c 	add.w	r4, r0, #12
	list->head = (sys_dnode_t *)list;
 800a316:	60c4      	str	r4, [r0, #12]
	list->tail = (sys_dnode_t *)list;
 800a318:	6104      	str	r4, [r0, #16]
	sys_heap_init(&heap->heap, mem, bytes);
 800a31a:	f7fd fe0f 	bl	8007f3c <sys_heap_init>
}
 800a31e:	bd10      	pop	{r4, pc}

0800a320 <sys_slist_remove>:
Z_GENLIST_REMOVE(slist, snode)
 800a320:	460b      	mov	r3, r1
 800a322:	b139      	cbz	r1, 800a334 <sys_slist_remove+0x14>
	return node->next;
 800a324:	6811      	ldr	r1, [r2, #0]
	parent->next = child;
 800a326:	6019      	str	r1, [r3, #0]
	return list->tail;
 800a328:	6841      	ldr	r1, [r0, #4]
Z_GENLIST_REMOVE(slist, snode)
 800a32a:	428a      	cmp	r2, r1
 800a32c:	d009      	beq.n	800a342 <sys_slist_remove+0x22>
	parent->next = child;
 800a32e:	2300      	movs	r3, #0
 800a330:	6013      	str	r3, [r2, #0]
Z_GENLIST_REMOVE(slist, snode)
 800a332:	4770      	bx	lr
	return node->next;
 800a334:	6813      	ldr	r3, [r2, #0]
	list->head = node;
 800a336:	6003      	str	r3, [r0, #0]
	return list->tail;
 800a338:	6841      	ldr	r1, [r0, #4]
Z_GENLIST_REMOVE(slist, snode)
 800a33a:	428a      	cmp	r2, r1
 800a33c:	d1f7      	bne.n	800a32e <sys_slist_remove+0xe>
	list->tail = node;
 800a33e:	6043      	str	r3, [r0, #4]
}
 800a340:	e7f5      	b.n	800a32e <sys_slist_remove+0xe>
	list->tail = node;
 800a342:	6043      	str	r3, [r0, #4]
}
 800a344:	e7f3      	b.n	800a32e <sys_slist_remove+0xe>

0800a346 <notify_queue_locked>:
	if (queue != NULL) {
 800a346:	b130      	cbz	r0, 800a356 <notify_queue_locked+0x10>
{
 800a348:	b508      	push	{r3, lr}
		rv = z_sched_wake(&queue->notifyq, 0, NULL);
 800a34a:	2200      	movs	r2, #0
 800a34c:	4611      	mov	r1, r2
 800a34e:	30c4      	adds	r0, #196	@ 0xc4
 800a350:	f7ff fea8 	bl	800a0a4 <z_sched_wake>
}
 800a354:	bd08      	pop	{r3, pc}
	bool rv = false;
 800a356:	2000      	movs	r0, #0
}
 800a358:	4770      	bx	lr

0800a35a <submit_to_queue_locked>:
{
 800a35a:	b570      	push	{r4, r5, r6, lr}
 800a35c:	460d      	mov	r5, r1
	return (*flagp & BIT(bit)) != 0U;
 800a35e:	68c3      	ldr	r3, [r0, #12]
	if (flag_test(&work->flags, K_WORK_CANCELING_BIT)) {
 800a360:	f013 0f02 	tst.w	r3, #2
 800a364:	d122      	bne.n	800a3ac <submit_to_queue_locked+0x52>
 800a366:	4604      	mov	r4, r0
	} else if (!flag_test(&work->flags, K_WORK_QUEUED_BIT)) {
 800a368:	f013 0f04 	tst.w	r3, #4
 800a36c:	d123      	bne.n	800a3b6 <submit_to_queue_locked+0x5c>
		if (*queuep == NULL) {
 800a36e:	680b      	ldr	r3, [r1, #0]
 800a370:	b1ab      	cbz	r3, 800a39e <submit_to_queue_locked+0x44>
	return (*flagp & BIT(bit)) != 0U;
 800a372:	68e3      	ldr	r3, [r4, #12]
		if (flag_test(&work->flags, K_WORK_RUNNING_BIT)) {
 800a374:	f013 0f01 	tst.w	r3, #1
 800a378:	d014      	beq.n	800a3a4 <submit_to_queue_locked+0x4a>
			*queuep = work->queue;
 800a37a:	68a3      	ldr	r3, [r4, #8]
 800a37c:	602b      	str	r3, [r5, #0]
			ret = 2;
 800a37e:	2602      	movs	r6, #2
		int rc = queue_submit_locked(*queuep, work);
 800a380:	4621      	mov	r1, r4
 800a382:	6828      	ldr	r0, [r5, #0]
 800a384:	f7fc fdb6 	bl	8006ef4 <queue_submit_locked>
		if (rc < 0) {
 800a388:	2800      	cmp	r0, #0
 800a38a:	db11      	blt.n	800a3b0 <submit_to_queue_locked+0x56>
	*flagp |= BIT(bit);
 800a38c:	68e3      	ldr	r3, [r4, #12]
 800a38e:	f043 0304 	orr.w	r3, r3, #4
 800a392:	60e3      	str	r3, [r4, #12]
			work->queue = *queuep;
 800a394:	682b      	ldr	r3, [r5, #0]
 800a396:	60a3      	str	r3, [r4, #8]
	if (ret <= 0) {
 800a398:	b136      	cbz	r6, 800a3a8 <submit_to_queue_locked+0x4e>
 800a39a:	4630      	mov	r0, r6
	return ret;
 800a39c:	e00a      	b.n	800a3b4 <submit_to_queue_locked+0x5a>
			*queuep = work->queue;
 800a39e:	6883      	ldr	r3, [r0, #8]
 800a3a0:	600b      	str	r3, [r1, #0]
 800a3a2:	e7e6      	b.n	800a372 <submit_to_queue_locked+0x18>
		ret = 1;
 800a3a4:	2601      	movs	r6, #1
 800a3a6:	e7eb      	b.n	800a380 <submit_to_queue_locked+0x26>
 800a3a8:	4630      	mov	r0, r6
 800a3aa:	e001      	b.n	800a3b0 <submit_to_queue_locked+0x56>
		ret = -EBUSY;
 800a3ac:	f06f 000f 	mvn.w	r0, #15
		*queuep = NULL;
 800a3b0:	2300      	movs	r3, #0
 800a3b2:	602b      	str	r3, [r5, #0]
}
 800a3b4:	bd70      	pop	{r4, r5, r6, pc}
	int ret = 0;
 800a3b6:	2000      	movs	r0, #0
 800a3b8:	e7fa      	b.n	800a3b0 <submit_to_queue_locked+0x56>

0800a3ba <finalize_flush_locked>:
{
 800a3ba:	b508      	push	{r3, lr}
	*flagp &= ~BIT(bit);
 800a3bc:	68c3      	ldr	r3, [r0, #12]
 800a3be:	f023 0310 	bic.w	r3, r3, #16
 800a3c2:	60c3      	str	r3, [r0, #12]
	k_sem_give(&flusher->sem);
 800a3c4:	3010      	adds	r0, #16
	z_impl_k_sem_give(sem);
 800a3c6:	f7fb fced 	bl	8005da4 <z_impl_k_sem_give>
};
 800a3ca:	bd08      	pop	{r3, pc}

0800a3cc <z_work_submit_to_queue>:
{
 800a3cc:	b510      	push	{r4, lr}
 800a3ce:	b082      	sub	sp, #8
 800a3d0:	9001      	str	r0, [sp, #4]
 800a3d2:	4608      	mov	r0, r1
  __ASM volatile ("MRS %0, basepri" : "=r" (result) );
 800a3d4:	f3ef 8411 	mrs	r4, BASEPRI
  __ASM volatile ("MSR basepri_max, %0" : : "r" (basePri) : "memory");
 800a3d8:	2310      	movs	r3, #16
 800a3da:	f383 8812 	msr	BASEPRI_MAX, r3
 800a3de:	f3bf 8f6f 	isb	sy
	int ret = submit_to_queue_locked(work, &queue);
 800a3e2:	a901      	add	r1, sp, #4
 800a3e4:	f7ff ffb9 	bl	800a35a <submit_to_queue_locked>
  __ASM volatile ("MSR basepri, %0" : : "r" (basePri) : "memory");
 800a3e8:	f384 8811 	msr	BASEPRI, r4
 800a3ec:	f3bf 8f6f 	isb	sy
}
 800a3f0:	b002      	add	sp, #8
 800a3f2:	bd10      	pop	{r4, pc}
