:020000040800F2
:10000000801C002079260008D171000865260008B0
:100010006526000865260008652600080000000027
:10002000000000000000000000000000B9260008E9
:100030006526000800000000A1280008D13C000847
:100040003929000839290008392900083929000808
:1000500039290008392900083929000839290008F8
:1000600039290008392900083929000839290008E8
:1000700039290008392900083929000839290008D8
:1000800039290008392900083929000839290008C8
:1000900039290008392900083929000839290008B8
:1000A00039290008392900083929000839290008A8
:1000B0003929000839290008392900083929000898
:1000C0003929000839290008392900083929000888
:1000D0003929000839290008392900083929000878
:1000E0003929000839290008392900083929000868
:1000F0003929000839290008392900083929000858
:100100003929000839290008392900083929000847
:100110003929000839290008392900083929000837
:100120003929000839290008392900083929000827
:100130003929000839290008392900083929000817
:100140003929000839290008392900083929000807
:1001500039290008392900083929000839290008F7
:080160003929000839290008C3
:1001800030B490F800F020F007016FF0000C10F090
:10019000070491F820F040F048804FF000046FF021
:1001A0000700D1E9002391F840F000F1080082FA3D
:1001B0004CF2A4FA8CF283FA4CF3A2FA8CF34BBB08
:1001C000D1E9022382FA4CF200F10800A4FA8CF281
:1001D00083FA4CF3A2FA8CF3E3B9D1E9042382FA4F
:1001E0004CF200F10800A4FA8CF283FA4CF3A2FA64
:1001F0008CF37BB9D1E9062301F1200182FA4CF29C
:1002000000F10800A4FA8CF283FA4CF3A2FA8CF302
:10021000002BC6D0002A04BF04301A4612BAB2FA24
:1002200082F200EBD20030BC7047D1E9002304F029
:100230000305C4F100004FEAC50514F0040F91F85E
:1002400040F00CFA05F562EA05021CBF63EA0503FB
:1002500062464FF00004AAE7844641EA000313F027
:1002600003036DD1403A41D351F8043B40F8043BBD
:1002700051F8043B40F8043B51F8043B40F8043B80
:1002800051F8043B40F8043B51F8043B40F8043B70
:1002900051F8043B40F8043B51F8043B40F8043B60
:1002A00051F8043B40F8043B51F8043B40F8043B50
:1002B00051F8043B40F8043B51F8043B40F8043B40
:1002C00051F8043B40F8043B51F8043B40F8043B30
:1002D00051F8043B40F8043B51F8043B40F8043B20
:1002E00051F8043B40F8043B403ABDD2303211D3C0
:1002F00051F8043B40F8043B51F8043B40F8043B00
:1003000051F8043B40F8043B51F8043B40F8043BEF
:10031000103AEDD20C3205D351F8043B40F8043BBF
:10032000043AF9D2043208D0D2071CBF11F8013BBD
:1003300000F8013B01D30B8803806046704700BF83
:10034000082A13D38B078DD010F003038AD0C3F192
:100350000403D21ADB071CBF11F8013B00F8013B74
:1003600080D331F8023B20F8023B7BE7043AD9D333
:10037000013A11F8013B00F8013BF9D20B78037008
:100380004B7843708B7883706046704753B94AB995
:10039000002908BF00281CBF4FF0FF314FF0FF308D
:1003A00000F00CB8ADF1080C6DE904CE00F01BF8BC
:1003B000DDF804E0DDE9022304B07047704700BFB8
:1003C000430803F05533C01A00F03333800800F0BF
:1003D0003330184400EB10104FF0013300F00F30B1
:1003E0005843000E70472DE9F0478C468E46089E14
:1003F000154604461946002B40F0D080724547D977
:10040000B2FA82F74FB1C7F120030EFA07FC20FAC7
:1004100003F3BD4043EA0C0CBC404FEA154EA8B2B2
:10042000BCFBFEF8230C0EFB18CC08FB00F943EADA
:100430000C43994528D9EB1808F1FF3204D29945AD
:1004400002D9A8F102022B44A3EB0903A4B2B3FB27
:10045000FEFC0EFB1C330CFB00F044EA0344A042FC
:1004600014D92C190CF1FF3304D2A04202D9ACF1FB
:1004700002032C44241A43EA02401EB1FC4000232C
:1004800034607360BDE8F0874246DDE76346F1E71C
:10049000002A79D0B2FA82F3002B3FD01946C1F17D
:1004A000200302FA01F52EFA03F20EFA01FE20FAF9
:1004B00003F343EA0E034FEA154E00FA01F4B2FBD0
:1004C000FEFCAFB20EFB1C201A0C0CFB07F842EA34
:1004D000004290455AD9AA180CF1FF3004D2904539
:1004E00002D9ACF102002A44A2EB08029BB2B2FB93
:1004F000FEFC0EFB1C220CFB07F743EA02439F4263
:1005000046D9EB180CF1FF3204D29F4202D9ACF16C
:1005100002022B44DB1B42EA004202E0AEEB020384
:1005200001224FEA154EAFB2B3FBFEFC200C0EFBCE
:100530001C330CFB07F840EA034398452AD9EB1813
:100540000CF1FF3004D2984502D9ACF102002B44E3
:10055000A3EB0803A4B2B3FBFEFC0EFB1C330CFBA5
:1005600007F744EA0344A74216D92C190CF1FF33CC
:1005700004D2A74202D9ACF102032C44E41B43EAA3
:1005800000400F46114678E71F2188E76046ABE739
:100590006246BFE76046DBE76346EFE7734506D98F
:1005A00016B9002108466DE7C6E9000EF9E7B3FA6F
:1005B00083F787B9734501D3824207D8841A6EEB5B
:1005C000030301209C461EB900215BE73846FAE789
:1005D000C6E9004CF8E7C7F1200CBB4022FA0CF545
:1005E0001D4320FA0CF12EFA0CF30EFA07FE41EA35
:1005F0000E014FEA154900FA07F4B3FBF9F81FFAA8
:1006000085FE09FB18300B0C08FB0EFA43EA004389
:100610009A4502FA07F240D9EB1808F1FF3004D2EC
:100620009A4502D9A8F102002B44A3EB0A0389B230
:10063000B3FBF9F809FB183308FB0EFE41EA03414E
:100640008E452CD9691808F1FF3304D28E4502D9A2
:10065000A8F10203294443EA0040A0FB0298A1EB61
:100660000E014145CE46434602D306D14C4504D245
:10067000B9EB020E68EB05030138002EA4D0B4EBF1
:100680000E0261EB030101FA0CFC22FA07F34CEABB
:100690000303F940C6E9003196E74046C5E7434603
:1006A000D9E7000008B50349034805F0FFF800202A
:1006B00008BD00BF688D0008848D00082DE9F04F4B
:1006C00091B005920393134602F004020092C3F323
:1006D000C20210F00303019340F01B8207468946D3
:1006E0000132041D002848D0072940F21582039BDF
:1006F0005D1EDDF804B0CDF810B0CDF818B00026BE
:100700004FF0FF3A4FF00408CDF808B0C3460FB1E0
:10071000039B2360531E0793002A40F35D81059BD2
:1007200013F0020226D00120E11B8B081AB1B1F5AB
:10073000007F80F0F78102990F2900F2F681002FE7
:1007400000F05B81DBB201F140026A4402F8103C28
:1007500002F820AC002800F04C8163F07F0301F127
:1007600040026A4402F8103C049B01330493029B4C
:1007700001330293043400223EE001F007031C44DD
:10078000C3F10809B3E7002635E0002633E0002670
:1007900031E04FF00808C3462DE025292BD10AF19E
:1007A000010A01264FF00408C34624E04729ECD88B
:1007B0002A2912D32A39C9B2012000FA01F14FF6D1
:1007C000DA70014217D111F0625F40F0C38011F07E
:1007D000010F40F08D8000260DE0252903D10AF19C
:1007E000FF3A002607E0D2D8202904D0232902D0DE
:1007F000002600E000261D466B1C6978002900F0E9
:100800001581002EC9D07A29BDD84C29CED34C39B8
:100810002E29EFD801A050F821F000BFF7070008FB
:10082000F5070008F5070008F5070008F5070008B8
:10083000F5070008F5070008F5070008F5070008A8
:10084000F5070008F5070008F5070008E9080008A3
:10085000F5070008F5070008F5070008F507000888
:10086000F5070008F5070008F5070008F507000878
:1008700055090008F5070008E9080008E90800081C
:10088000550900085509000855090008F707000830
:10089000E908000893070008F5070008F7070008B3
:1008A000F5070008B3090008E9080008B3090008C3
:1008B000F5070008F5070008BD090008E108000871
:1008C000E9080008F5070008F5070008E90800082E
:1008D000F5070008D90800084FF00408C3468AE766
:1008E0004FF00408C34686E729786C2924D00026F7
:1008F0004444013CB4FBF8F408FB04F427B1E11BC9
:100900005944494500F20B81002A5DD1BBF1040F27
:1009100000F08480BBF1080F40F00A811A9907317A
:1009200021F0070101F108001A90D1E900010FB18F
:10093000C4E9000108345EE713F8021C6C2904D0F6
:1009400000264FF00408C346D2E700264FF00808FF
:10095000C346CDE729784C291BD01A99073121F0DD
:10096000070101F108001A90D1E90001073424F0D1
:10097000070447B1E61B08364E4514D82D784C2D98
:1009800014D0C4E90001083400264FF00808C3461B
:1009900031E71A99073121F0070101F108001A9097
:1009A000D1E90001E2E76FF01B00AFE0C4E900010C
:1009B000E9E700264FF00408C34699E732460026CF
:1009C0004FF00408C34693E71A9A111D1A91126852
:1009D0000392079A1D469AE65B4B039A9A4203D309
:1009E0005A4B9A42FFF49BAE059B03F00202002093
:1009F0009AE6069B01330693B9E610B109F10109A5
:100A0000B5E6009B13B109F10209B0E60398FFF7C0
:100A1000B7FB09EB000303F10209A8E61A99081DC8
:100A20001A90096807B121600434E4E6DDF808B0E3
:100A3000E31BB3F5806F7ED287B100223A609B083A
:100A40003B70009B73B1069BFB70049BBB700BBBA0
:100A5000019DDDF810A0DDF80C803AE04B44A3F1D5
:100A6000080053E0069B7B70EFE701339B45EFD90D
:100A700003F140026A4412F8101C12F9102C002AEB
:100A8000F3DA01F07F01E21B01324A4556D804F83F
:100A9000011BEAE7019BE9E7009B3BB305F140033B
:100AA0006B4413F8203C04F8013B019EE31B3344E4
:100AB00001334B4545D805F140036B4413F8103C16
:100AC00004F8013B324641462046FFF7C5FB34445B
:100AD0000135AB4519D9BAF1000FDDD005F140035E
:100AE0006B4413F9103C002BD6DAF1E705F1400313
:100AF0006B4413F8103C57F82380002247F823205A
:100B00004046FFF73DFB461CD0E7E01B11B0BDE8B7
:100B1000F08F6FF00D00F9E76FF01B00F6E76FF054
:100B20001B00F3E76FF01500F0E76FF01500EDE73D
:100B30006FF01500EAE76FF01500E7E76FF01B00B4
:100B4000E4E76FF01B00E1E7B0870008209F000892
:100B50002DE9F04F97B000AF8346BA617B61D7F8BB
:100B60008030C3F3C0033B62F96011B905F0CBFCE0
:100B7000F8609BF80260B14636B1D7F8803013F0C8
:100B8000010F29D1002300E000239BF803207A62A3
:100B900022B1D7F8802012F0020F00D1F3B19BF8F8
:100BA0000050AA00BA60DBF804203A610BEB85051F
:100BB000BA69FAB1002B40F00581B9F1000F00F0DD
:100BC0000F81D7F8803013F0040F00F00C81FE6124
:100BD000002607F13400F9E00123D6E7BB691BB119
:100BE0007A69F96858469847FC6820465C37BD46E4
:100BF000BDE8F08FFC68E3B94D4400237B6123E03E
:100C00000444013501364E451AD22A7800235BF898
:100C100022201946B86905F08BFCBAF1000FEFD01D
:100C2000D7F888309845EBD22AF8180008F1010867
:100C3000E6E70026C7F81C80B046D7F884A0E2E7B4
:100C4000C7F81480D7F81C80D7F8803003F005036C
:100C5000FB604FF0000AA146C7F81CB09CE00025DD
:100C60003B6A7BB9002D79D0D7F8803013F0010FA3
:100C700079D1FB68002B6FD10223A9EB030988E02F
:100C80000125EDE75946386905F098FC0028E9D0C0
:100C90006C46002387F82C30022387F82D308AB069
:100CA000694611F1100237D012251AB1042D01DD69
:100CB000B14B4B61002387F82830022387F8293095
:100CC0006ABB112D45DD122362B1042087F82C0088
:100CD000002087F82D0087F82E00012087F82F00CC
:100CE000F86A086128F0010828F0020828F00408D2
:100CF00028F03808022161F38818C3F30A0363F36C
:100D00005328C8F31308002341469C4800F056FDC1
:100D1000A546A9F102093CE06FF00045C5E72B4666
:100D2000082D01DD386988610C2B01DDC1F81CB08C
:100D300001F12003002009E000F1300C07F1280E3A
:100D4000F4441CF830CC03F801CB01300128F3D96E
:100D5000B7E76FF01B03B7E701238EE7D7F88030C2
:100D600013F0020F15D0002322461946B86905F08A
:100D7000DFFBD7F8843053B17B69D7F888209342E2
:100D800005D2D7F8842022F8130001337B610138A3
:100D900081440AF1010A35467B6A9A4510D22E46F3
:100DA00016F802BB6B78FA6952F82340744B9C42E8
:100DB000FFF455AF734B9C42FFF462AF00254FE741
:100DC0004C4612E707F144000023FB614A462946DE
:100DD000FFF742FA4D444FF00008C7F804901BE0BB
:100DE0000026FE61F6E70026FE61F3E700253B6A78
:100DF00033BB002D3BD0D7F8803013F0010F26D045
:100E0000731C06F1300207F12801561806F8149CED
:100E1000DEB208F1010825467B6A98454AD22C4685
:100E200014F802AB95F801905BF82930544A9342CC
:100E3000DCD3544A934201D30025D8E70125D6E7F5
:100E40005146386905F0BAFB0028D2D0E1E7D7F85F
:100E5000803013F0040FDCD0FA69531C303207F1F4
:100E600028010A4402F8249CDBB2FB61D1E7D7F8E1
:100E7000803013F0020F09D0731C06F1300207F125
:100E80002801561806F8149CDEB2C2E7F869431C24
:100E900000F1300107F128028A1802F824AC02465A
:100EA0000232D2B2FA6107F1580252FA83F303F820
:100EB000249CAEE7D7F804909BF8003087F85430B4
:100EC0009BF80130334487F85530D7F8803013F061
:100ED000020F0ED1FB69C3F3470387F85730D7F8E9
:100EE000803013F0010F06D113F0040F3ED1002320
:100EF00002E00023F1E7002387F85630DBF800001A
:100F00003863786DCBF80000D7F814804246B96892
:100F10005846D7F818A0D047041EFFF666AE386BC7
:100F2000CBF80000C7F814804246F96907F1340095
:100F3000D04700285FDB04EB0008B96849447B6AAE
:100F400001EB4301D7F814904A46FB68591A28462A
:100F5000D047041EFFF649AE08EB04054FF0000829
:100F6000C7F824B0B3465446CA4622E0FB69C3E73B
:100F70004FF000090AE000BFA08D0008AC8C00080B
:100F8000B0870008209F00084FF000095246012159
:100F900007F12C00A04700282FDB05444B463246C2
:100FA0005146204605F0C4FA002828DB054408F124
:100FB0000108D84518D208F1300307F1280213447C
:100FC00013F8143C87F82C307A6A52F82360D7F86B
:100FD0008430002BCCD0D7F888309845D4D2D7F8BD
:100FE000843033F81890D1E77A6900210846BB694C
:100FF00098472C46F9E50446F7E50446F5E504462E
:10100000F3E500BF014B1860704700BFC00000202F
:1010100080B505460E461746984603F06BFE03461C
:1010200001F09AFC0446DFF8189049F80030424677
:1010300039463046A84754F8090001F017FC00BFB4
:1010400008000000034A536823F0020353600020A5
:10105000704700BF002004E008B50B4641680C3122
:10106000012B14D00AD833B90F4B9B685B68C3B10E
:101070000D48984707E06FF0850004E0023BDBB2C3
:10108000012B01D8002008BD6FF08500FBE7064B5F
:101090009B681B6813B104489847F4E76FF057004A
:1010A000F1E76FF05700EEE75888000808B50249ED
:1010B00005F0C6FD08BD00BF5910000810B519287D
:1010C00008D8064B53F82040204607F03AF818B1EC
:1010D000204610BD0024FBE70024F9E7709A0008C1
:1010E000084B1A6842F480721A601A6842F400725F
:1010F0001A601A6842F480621A60034B034A1A604D
:10110000704700BF003C0240080100200024F400AA
:1011100038B505460B4C00E010340B4B9C420FD207
:1011200063685B79002BF7D02946204605F085FEE1
:101130000028F1D023681B68294620469847EBE732
:1011400038BD00BF0C8D00081C8D000870B5064628
:101150000D46084C00E01034074B9C4208D223682F
:101160009B69002BF7D02A46314620469847F2E784
:1011700070BD00BF0C8D00081C8D000808B507F07D
:1011800021FA0022431819D213440D4AA2FB03CEC0
:101190002EF0030C0CEB9E0CA3EB0C03C01A61F1B8
:1011A00000014FF0CC3300FB03F302FB0133A0FB43
:1011B00002021344400840EAC37008BD0122E3E77D
:1011C000CDCCCCCC2DE9F041074605460AE007EA34
:1011D0000807144B03EB06135B68042219682046CA
:1011E00005F06BFED5B195FAA5F6B6FA86F60D4C6C
:1011F00004EB06140123B3406FEA030825EA030554
:10120000237B002BEED03301064AD3581B69002BF9
:10121000DDD0204698470028E4D1D8E73846BDE81D
:10122000F08100BF0C8D00082DE9F04180460F468B
:101230001F4BBFF35B8F53E8005F6A1C43E800213C
:101240000029F8D1BFF35B8F6DBB1A4C002607E075
:10125000636804221968204605F02FFE0136103419
:10126000154B9C4211D2237B002BF7D0204605F072
:10127000D8FD23681B69002BEAD020469847002838
:10128000E6D00123B3401D43E8E7B8F1000F0BD0CF
:1012900055B12846FFF796FF0546002FF8D00A20E3
:1012A00005F0CDFDF4E700252846BDE8F08100BF3C
:1012B0004C0A00200C8D00081C8D000808B5064B58
:1012C000186018B1054B1B68092B00DC08BD0448E9
:1012D00003F01EF9FAE700BF400A0020480A002088
:1012E0007801002008B5024803F012F908BD00BFDC
:1012F0007801002030B589B000220F490F4807F06F
:1013000065F90F4D00220023CDE906230024049443
:101310000E2303930294019400940A4B4FF44072FD
:101320000949284606F07EFF0849284603F062F97D
:10133000204609B030BD00BFE5120008500600206D
:1013400090010020E5160008800B0020F88E0008B0
:10135000014B53F820007047EC9A000848B108B5DB
:10136000054A1060054B1960084600F021FD002079
:1013700008BD6FF015007047C40000203C0A002033
:1013800008B5054B1B781BB1034B01221A7008BD31
:10139000024803F0BDF8F7E76C0B0020780100204D
:1013A00008B5104BBFF35B8F53E8001F013143E8D2
:1013B0000012002AF8D1BFF35B8F30B90A4804F05D
:1013C0001DF80A4803F0A4F808BD094BBFF35B8F72
:1013D00053E8001F013943E80012002AF8D1BFF397
:1013E0005B8FEBE7440A00205006002078010020C4
:1013F000480A0020064B0022BFF35B8F53E8000F22
:1014000043E800210029F9D1BFF35B8F704700BF8B
:10141000440A002038B5FFF7EDFF0546094C00E00F
:101420001034094B9C420BD263685B79002BF7D0D8
:1014300023685B68002BF3D0294620469847EFE7E6
:1014400038BD00BF0C8D00081C8D0008034B1868C8
:101450000028D4BF00200120704700BF440A0020AC
:1014600010B5044C0449204605F038FA034B1C60C3
:1014700010BD00BF34010020D89A0008380A0020AF
:1014800008B500230C4A13700C4A13600C4A136011
:101490004FF47A710B48FFF761FFFFF7E1FF0A4A4B
:1014A00006E0094BD31A1B11013351680B7110323E
:1014B000064B9A42F5D308BD6D0B0020440A00206C
:1014C000480A00207D1100080C8D00081C8D0008C2
:1014D00008B50146014805F0C2FC08BD34010020F2
:1014E00008B5024805F0DDFA08BD00BF3401002050
:1014F00008B50146024B186805F0B7FC08BD00BFEF
:10150000380A002008B5024805F0B3FC08BD00BF4A
:101510003401002010B582B000220023CDE9002361
:10152000304B187808B902B010BD684605F0B9FC18
:10153000044680B1FFF7ECFD2046FFF7D9FF2A4BA8
:10154000BFF35B8F53E8001F013943E80012002A04
:10155000F8D1BFF35B8FFFF779FF70B9234A1368A7
:10156000516813F57A7341F1000113605160A4B31F
:10157000FFF7C8FF98B30120D5E707F023F8002252
:10158000431828D213441A4AA2FB03CE2EF0030CB0
:101590000CEB9E0CA3EB0C03C01A61F100014FF0A1
:1015A000CC3300FB03F302FB0133A0FB0202134424
:1015B000400840EAC3705B080C490A684968801A11
:1015C00063EB010340F2E932904273F10003C5D3AB
:1015D000FFF720FFC2E70122D4E70020A3E70020A5
:1015E000A1E700BF6C0B0020480A0020480600203D
:1015F000CDCCCCCC0F4B1B7803B1704710B500217C
:101600000120FFF711FE0C4C00E010340B4B9C4204
:1016100008D263685B79002BF7D023689B6820466B
:101620009847F2E7FFF776FF0028FBD1014B012234
:101630001A7010BD6D0B00200C8D00081C8D000869
:1016400010B582B01A4BBFF35B8F53E8002F511CCB
:1016500043E800100028F8D1BFF35B8F154B1B78CF
:1016600063B9154B1B68B3B1BAB1092A13D113483A
:1016700003F0C4FE124802F04BFF0CE0EFF31184BC
:10168000102383F31288BFF36F8FFFF743FF84F3B8
:101690001188BFF36F8F02B010BD00220023CDE987
:1016A000002342F210720023044803F06DFEF2E7BB
:1016B000480A00206D0B0020400A00205006002040
:1016C0007801002010B50446044B1B689847A060C1
:1016D0002146034805F0E9FB10BD00BFC40000200F
:1016E000340100202DE9F04100210846FFF79CFD60
:1016F000804650B14FF4FA76002701F02DF9154BD2
:101700001858FFF7DBFD002515E04FF0FF364FF0CE
:10171000FF37F2E74046FFF755FD804670B94FF0BE
:10172000FF364FF0FF3709E02C4632463B460A4869
:1017300002F02AFF2546B8F1000FEBD1FFF7EAFED1
:1017400004460028F6D1002DEED000210846FFF710
:10175000FDFCEAE708000000780100200248034B86
:10176000C01AC008704700BF0C8D0008A48C000888
:1017700010B50C46FFF7F2FFA04203D9024B53F815
:10178000340010BD0020FCE7A48C000800B589B02F
:10179000059206930023079362B1074A0C9B0293BC
:1017A0000B9B01930A9B009305ABFFF7D1F909B09E
:1017B0005DF804FB0022F1E7D16E00082DE9F04F3F
:1017C0008BB004AF05461E468846C1F34A24002C60
:1017D00000F0898091460022FA603A617A61042320
:1017E0000293FB1801930A23009307F10C0321468F
:1017F0004846FFF7ADF9B0F5006F58D3D9F804109B
:101800006D4600233B7302237B738AB004AC14F152
:10181000100217D012201AB1042801DD3B4B63617E
:1018200000233B7002237B70CAB10346082800DD09
:10183000A1610C2B02DD40F2FF73E36104F1200390
:1018400000210AE06FF00040E5E701F118063E4490
:1018500016F8186C03F8016B01310129F5D911282C
:1018600022DD122342B10421397300217973B97347
:101870000121F973F8682061002121F0010121F0B4
:10188000020121F0040121F03801022060F38811E7
:10189000C3F30A0363F353210023C1F313011C486C
:1018A00005F099FBAD462DE06FF01B03DAE760F31E
:1018B0005328C0F30A0A0AEB1850173020F007002B
:1018C0008008FFF705FE8346B0B104230293FB189E
:1018D00001930A230093534600F110022146484623
:1018E000FFF754FF08E004EB1154173424F0070409
:1018F000A008FFF7EDFD8346334642462946584689
:1019000005F0FFFA1C37BD46BDE8F08F108F0008C8
:10191000BC8C00082DE9F04F85B081460E469046FC
:101920001F46DDF838B0DDF840A0BAF1000F41D015
:10193000119B0393009353460F9A10210020FEF74A
:10194000BDFE0546B0F5006F2CD20BEB050017303D
:1019500020F007008008002424F0010424F0020491
:1019600024F0040469F3C50468F3881465F3532470
:101970006BF31F54FFF7ACFD804650B11030BAF145
:10198000000F06D0119B009353460F9A2946FEF78D
:1019900095FE3B4622463146404605F0B2FA05B078
:1019A000BDE8F08F40F2FF73034A0221034805F0BF
:1019B000FAFAF4E70025C8E7508F0008BC8C00084D
:1019C000406820B1034BC01A40F3CF0070474FF07E
:1019D000FF307047A48C00080EB400B582B00146F9
:1019E00003AB53F8042B0193034801F0BDF802B098
:1019F0005DF804EB03B070470D70000810B584B0BB
:101A000011F0440F05D01A4B1B6833B9002004B005
:101A100010BD1849FFF7E0FFF9E717490968B2FB65
:101A2000F1F2B2FBF3FC03FB1C224FF47A7E0EFBB7
:101A300002F2B2FBF3F403FB14210EFB01F1B1FB44
:101A4000F3F10E4AA2FB0C32D20A4FF4616303FB9E
:101A500012CC0B4BA3FB0CE35B0902910194C3EB8B
:101A60000311ACEB810100910649FFF7B5FFCEE70A
:101A7000540A0020888F0008500A0020C5B3A291A4
:101A800089888888948F000861B108B52AB1064A10
:101A900052F8232012B9054A00E0044A0449FFF72E
:101AA0009BFF08BD704700BF249B0008B08F000853
:101AB000B88F00082DE9F04105461746079EDDF86E
:101AC000208081B900242EB1324611492846FFF703
:101AD00083FF0444B8F1000F14D06FB10B9B042BAB
:101AE00013D00C4909E00C4B0B9A53F822200B49F8
:101AF000FFF772FF0446E6E7064942462846FFF72D
:101B00006BFF04442046BDE8F0810549F5E700BFBE
:101B1000D08F0008C08F0008389B0008C88F0008CD
:101B2000BC8F00082DE9F04F89B005460C4606929F
:101B300007939DF8587001F0020B01F0010AC1F300
:101B4000C00801F4807905F0B6F938B302461849A7
:101B50002846FFF741FF0646BBF1000F20D13A4669
:101B60005146284605F07DFAB9F1000F01D0002357
:101B7000139305979DF854300493149B0393139B80
:101B80000293129B019300230093069A4146284634
:101B9000FFF790FF304409B0BDE8F08F0026DBE787
:101BA000079A21462846FFF729FF0644D7E700BFDA
:101BB000D48F000811F0100F0BD108B511F0200FD1
:101BC00003D00449FFF708FF08BD0349FFF704FFEE
:101BD000FAE77047D88F0008DC8F00082DE9F04144
:101BE00005460F46164698460699FFF7E3FF002480
:101BF00004E025492846FFF7EFFE01344445F8DBB1
:101C0000002409E020492846FFF7E6FE0BE01F49C3
:101C10002846FFF7E1FE01340F2C0CDC002C02DD1E
:101C200014F0070FEED0B442F1D23A5D18492846BD
:101C3000FFF7D2FEEFE717492846FFF7CDFE002455
:101C400009E011492846FFF7C7FE0BE01249284674
:101C5000FFF7C2FE01340F2C13DC002C02DD14F060
:101C6000070FEED0B44207D23A5D0C4B9B5C13F0E9
:101C7000970FEBD12E22E9E703492846FFF7ACFE88
:101C8000E8E7BDE8F08100BFE08F0008EC8F0008B6
:101C9000E48F0008F08F0008F48F0008209E0008F1
:101CA0002DE9F04186B004469DF838500F9F119EF3
:101CB00095B9012B21D01A484FF0000827B13B46B7
:101CC0002246184904F04AFCDEB91DBB204605F047
:101CD00086F906B0BDE8F08104959DF834000390C4
:101CE0000C980290019300920B4600221299204614
:101CF000FFF718FF80460C48E0E70B484FF000085C
:101D0000DCE7129B0093434632461099204605F0CB
:101D1000C0F9DAE72A461299204605F0AEF9D5E770
:101D200045700008692B00080D7000082DE9F0438C
:101D300083B00646056842F20F738B4228BF0B46FC
:101D4000184A0521684603F0C3FD04467368D3F8BA
:101D500004900B27DFF8508005E04A46394640469C
:101D6000A8473F1A8044002FF7D17368D3F8048046
:101D70006F4605E0424621463846A847241A0744E4
:101D8000002CF7D173685F681B24084E05E03A46C3
:101D900021463046A847241A0644002CF7D103B048
:101DA000BDE8F083E8900008189B0008FC9A000842
:101DB000074B01221A6004E04008054A13685B00E3
:101DC0001360044B9842F7D8034B1860704700BF6C
:101DD000500A002040420F00540A002070B5064609
:101DE0000D46002405E0315D044883685B68984730
:101DF0000134AC42F7D3284670BD00BF8C8900087F
:101E0000014B036000207047809B000808B5034821
:101E1000034A121A002105F0CDF908BD90010020F7
:101E2000700B002008B50648064A121A064905F04C
:101E3000C5F90648064A121A064905F0BFF908BD59
:101E40000000002090010020209F000800000020DA
:101E500000000020209F00082DE9F04182B000AF73
:101E60000446D0F800E0D0F804C085686E468AB019
:101E70006B4613F1100200F0888014218AB10846E5
:101E8000042903DDDFF81C81C3F81480082801DD74
:101E9000C3F818E00C2801DDC3F81CC0102800DDD1
:101EA0001D62132974DD14253AB105213971002111
:101EB0007971B971F97178681861002121F0010117
:101EC00021F0020121F0040121F03801012363F324
:101ED0008811C5F30A0565F35321C1F313010023EB
:101EE0003148FFF76BFCB546D4F80CC0266965692C
:101EF000E8468AB06B4613F110024CD0142182B12F
:101F00000846042903DDDFF8A4E0C3F814E008283C
:101F100001DDC3F818C00C2800DDDE61102800DDEB
:101F20001D6213293ADD14253AB1052139710021CA
:101F30007971B971F97178681861002121F0010196
:101F400021F0020121F0040121F03801012666F39D
:101F50008811C5F30A0565F35321C1F31301124D2E
:101F600000232846FFF72AFCC546E369104A31469C
:101F7000284605F018F8A3690E4A3146284605F0B0
:101F800012F80837BD46BDE8F0816FF0004175E7F3
:101F90006FF01B0588E76FF00041B0E76FF01B059D
:101FA000C2E700BF38900008DC8C00086890000889
:101FB00098900008A890000838B504460D4611B165
:101FC0000846FFF749FF012C04D02946204602F0BD
:101FD0005FF838BDEFF30583103B034A0121034846
:101FE00004F0E1FFF1E700BFD8900008DC8C0008A6
:101FF00030BFFFF7FDBF00BF38B50446054D2A4688
:102000000549FEF729F9054A0021601903F0B8FBDC
:1020100038BD00BF00000000608D00080400000013
:1020200070B50646064D074B1D444C1B2046FFF776
:10203000E3FF083CC6F8A84005F1080070BD00BFEA
:1020400000000000040000008169104B5A6942F44E
:1020500080725A61BFF34F8FBFF36F8F31F8021C4C
:102060005A6922F480725A61BFF34F8FBFF36F8FAA
:1020700001F47F43B3F55F4F01D000207047C9B230
:10208000022901D0002070470120704700ED00E0D8
:102090004FF0000C83F800C002F07F4CBCF17F4F82
:1020A00014D102F00C0CBCF1080F04D012F0080F90
:1020B00009D00846704708B5054A0121054804F0D3
:1020C00068FF002008BD01221A7070470020704789
:1020D000EC900008DC8C000808B52B4A01212B4845
:1020E00004F057FF2A4B9B6A13F0007F21D11D207B
:1020F000274B9B6A13F0807F22D1254B9B6A13F4F8
:10210000002F24D1224B9B6A13F4802F26D1204B21
:102110009B6A13F4003F28D11D4B9B6A13F4803F48
:102120002AD11B4A936A6FEA03436FEA134393620F
:1021300008BD184A0121154804F02BFF1E20D7E7DF
:10214000154A0121114804F024FF1F20D5E7134A46
:1021500001210E4804F01DFF2120D3E7104A012180
:102160000A4804F016FF2220D1E70E4A0121074851
:1021700004F00FFF2320CFE70B4A0121034804F0AE
:1021800008FF2420CDE700BF18910008DC8C000870
:1021900000ED00E0309100084491000860910008D3
:1021A00080910008A8910008C491000808B5002398
:1021B0000B70034A0121034804F0EBFE08BD00BF89
:1021C000F0910008DC8C000890B583B000AF0F29B7
:1021D00023DC2F4C103900233B7102237B718AB022
:1021E000EC461CF110021AD0122022B1042802DDA4
:1021F000284BCCF8143000233B7002237B70E2B1F3
:102200000346082801DDCCF818400C2B01DDCCF882
:102210001C100CF1200300210DE01F4CDAE76FF0D9
:102220000040E2E701F1080404EB070E1EF808EC99
:1022300003F801EB01310129F4D9112824DD12231F
:102240004AB10421397100217971B9710121F97103
:102250007868CCF81000002121F0010121F0020182
:1022600021F0040121F03801012060F38811C3F34B
:102270000A0363F35321C1F3130100230748FFF757
:102280009DFA0C37BD4690BD6FF01B03D8E700BF29
:1022900014920008489200082C920008DC8C000878
:1022A000F8B505460F461446374A0121374804F071
:1022B00070FE374B9B6A13F4805F25D11626344B92
:1022C0009B6A13F4006F26D1314B9B6A13F4007F95
:1022D00028D12F4B9B6A13F4806F3FD12C4B9B6A04
:1022E00013F4807F41D12A4B9B6A13F4005F43D1E2
:1022F000274A936A43F47F4393620121284604F0FE
:102300006DFF20703046F8BD224A01211F4804F0BD
:1023100040FE1726D3E7204A01211C4804F039FE6D
:102320001826D1E71D4A0121184804F032FE184A48
:10233000936B926A12F4004F01D11926C9E7184A2B
:102340000121124804F02FFE37B1114A936A23F499
:10235000004393621926BCE71926BAE7114A012106
:102360000A4804F016FE1A26B8E70F4A012107486A
:1023700004F00FFE1B26BBE70C4A0121034804F0C2
:1023800008FE1C26B4E700BF5C920008DC8C000845
:1023900000ED00E074920008889200089C9200080A
:1023A000B8920008D0920008EC920008049300084C
:1023B0002DE9F04104460F461546464A012146489C
:1023C00004F0E7FD454B9B6A13F0100F3CD110263B
:1023D000424B9B6A13F0080F3DD1404B9B6A13F0B0
:1023E000020F3FD16FF015083C4B9B6A13F0010FB1
:1023F00058D13A4B9B6A13F0200F5AD1374B9B6A46
:1024000013F0100F04D1354B9B6A13F0020F04D068
:10241000324B5B6813F4006F52D1304B9B6A13F060
:10242000200F04D02D4A536A23F4005353622B4AE1
:10243000936A43F0FF0393620121204604F0CEFE2D
:1024400028703046BDE8F081254A0121224804F079
:10245000A0FD1126BCE7234A01211F4804F099FD85
:102460001226BAE7204A01211B4804F092FD1B4BBB
:10247000D3F834809B6A13F0800F03D16FF01508F6
:102480001326B1E74346194A0121134804F08BFD96
:1024900037B1124A936A23F0800393621326A3E7AD
:1024A0001326A1E7124A01210B4804F072FD1426FD
:1024B0009FE7104A0121084804F06BFD15269DE7AF
:1024C0002146404604F0C2FE0028A6D080F30988C9
:1024D0000226A2E734930008DC8C000800ED00E03F
:1024E0004C93000888920008809300089893000895
:1024F000B09300080493000870B506460D462B4AB9
:1025000001212B4804F045FD00232B70294BDC6A88
:1025100014F002040AD1274BDB6A002B0DDB254B9C
:10252000DC6A14F080440ED1204670BD224A01219D
:102530001F4804F02EFD0024F6E7204A01211C4824
:1025400004F027FDF0E71E4A0121194804F021FD9F
:102550003046FFF779FD98B9164B9B6A13F0FF0FD1
:1025600016D1144B9C6A14F47F4418D1114B9B6A0A
:10257000B3F5803FD8D33046FFF7AEFD0446D3E72E
:102580003368104A01210A4804F00DFD3468CBE796
:102590002A4601213046FFF70BFF0446C4E72A46CE
:1025A00001213046FFF77CFE0446BDE7D0930008CA
:1025B000DC8C000800ED00E0E89300080C940008B3
:1025C0001C9400083C94000830B58BB01E4B5D682D
:1025D000C5F30805002383F31188BFF36F8F0DF156
:1025E0002603FFF755FD04460DF12702294604F0A6
:1025F000F7FD9DF827300BB10BB030BD05460DF14E
:10260000040C20686168A268E368ACE80F002069E8
:102610006169A269E369ACE80F009DF826304BB10F
:10262000089BC3F308024AB96FEA53236FEA4323B6
:10263000089303E0089B6FF30803089301A9284659
:10264000FFF7BAFCD8E700BF00ED00E0044B5A6981
:1026500042F010025A615A6922F008025A6170472A
:1026600000ED00E0EFF30880EFF3098101B5724659
:10267000FFF7AAFF01BD00BF0C4880F308880020C7
:102680000B490870102080F311880A484FF4046148
:10269000401880F30988EFF314800221084380F387
:1026A0001488BFF36F8F00F049F80000801C0020F1
:1026B0006F0B0020C00E00201EF0040F0CBFEFF3C4
:1026C0000880EFF30980816911F8021C0229FFD00C
:1026D00001B5724604F076FD01BD00BF002807DB9E
:1026E00000F01F02400901239340024A42F82030C3
:1026F000704700BF00E100E0002808DB0901C9B213
:1027000000F1604000F5614080F80013704700F070
:102710000F000901C9B2014B1954704714ED00E0D4
:10272000044B23F07F03044A9360BFF34F8FBFF342
:102730006F8F70470000000800ED00E008B5FFF75C
:10274000EFFF0B4AD2F8883023F47003C2F88830C8
:10275000EFF3148323F0040383F31488BFF36F8F24
:10276000FFF754FBFFF75EFB00F0CCF801F092FEA0
:1027700000ED00E0104B9B68BBB110F1160F0BD0C1
:10278000D3F89820A2F1400C844510D8824210D989
:102790008A4207D800207047D3F898208A4201D88F
:1027A00000207047D3F89800704700207047002041
:1027B00070470020704700BF300B002010B4A2F11A
:1027C00020040E4942F8081C21F0010142F8081CBF
:1027D00042F8203C019B42F81C3C029B42F8183C0A
:1027E000039B42F8143C4FF0807342F8043C0465AC
:1027F0000023C0F8AC3010BC704700BF11100008B7
:1028000008B50E4615460C4A9060D0F8A8200B4B30
:102810001A6000F0B5F82C4686F309880020044BB6
:1028200098472046002100220023024C2047000048
:102830005B72000811100008300B0020880A00208D
:10284000014B10221A61704700ED00E0054B5A69F8
:102850009B689A4204D0044A536843F08053536003
:10286000704700BF300B002000ED00E008B50A4BB8
:102870009B68834202D002F043FA08BDEFF3058360
:10288000002BF8D0054B5A6842F080525A605A6AC1
:1028900022F400425A62EEE7300B002000ED00E027
:1028A00015498A684FF030001044EFF3098C80E836
:1028B000F01F102080F31288BFF36F8F0F4F4FF07F
:1028C00000664A698A603E60D2F8A8000C4C20601D
:1028D000D2F8AC000023C2F8AC3080F3118804B504
:1028E000104600F04DF8BDE8044002F1300090E8D9
:1028F000F01F8CF309887047300B002004ED00E0D6
:10290000880A0020002206E003F00F030949194459
:1029100010230B760132492A0ADC53B2002BF3DB79
:1029200003F1604303F56143102183F80013F1E7DD
:10293000704700BFFCEC00E008B5EFF30583103BE7
:10294000044A02EBC301496852F833008847FFF795
:102950007DFF08BDE089000801480068704700005D
:10296000880A002008B5034B034A0121034804F0FC
:10297000B3FD08BD0080012000000020809B0008FE
:1029800008B5D0F89830403B0448036040234360CA
:10299000034B8360012104F0A3FD08BD8C0A0020D5
:1029A00000000B15084AC2F898000B6823F01F03BB
:1029B000034343F01003C2F89C308B6843F00103DB
:1029C000C2F8A030704700BF00ED00E010B504462B
:1029D0000A4BD3F89030C3F30723013B984203D846
:1029E000FFF7E0FF204610BD0346054A01210548D8
:1029F00004F0D9FA6FF01500F5E700BF00ED00E034
:102A00005C940008D48C00082DE9F84380460F46FA
:102A100099461646002509E02146F0B204F042FC32
:102A2000064610F1160F1AD001360135BD4216DAEE
:102A300005EB450408EB84046268002AF5D0B9F17F
:102A4000000FE9D0204604F01CFC0028E4D12B46FE
:102A5000044A0121044804F0A6FA6FF01506304636
:102A6000BDE8F88384940008D48C000810B5034CAA
:102A700001232278FFF7C8FF207010BD6E0B0020E5
:102A800008B500230B4A1278FFF7BEFF10F1160FAE
:102A90000FD0024606E0084BC3F898200021C3F887
:102AA000A0100132044BD3F89030C3F307239342B4
:102AB000F1DC08BD6E0B002000ED00E0044B0522A8
:102AC000C3F89420BFF34F8FBFF36F8F704700BFE1
:102AD00000ED00E0BFF35F8F024B0022C3F89420AB
:102AE000704700BF00ED00E038B51C4B1D681C4B63
:102AF000D3F89030C3F307239D422BD8FFF7EAFFAA
:102B0000002409E0154B5B6804EB440103EB8101F1
:102B10002046FFF747FF0134A542F3D8114805705E
:102B200004F0DFFB10F1160F13D00E4B1A780C4B8C
:102B3000D3F89030C3F307239A4207DA084BC3F85F
:102B400098200021C3F8A0100132F0E7FFF7B6FF8C
:102B5000002038BD4FF0FF30FBE700BF8C9B000822
:102B600000ED00E06E0B002070B586B006460D4605
:102B7000114668460024009401940294039404943E
:102B8000059402228DF80220044A019204960595CC
:102B90001A4602F04FFF06B070BD00BFE97400088E
:102BA00008B5024B1B689847002008BD980A002012
:102BB000034B1860034A937843F002039370704705
:102BC000980A0020D000002008B5064921F007012E
:102BD000C1F1005202F5C032034803F041FC00206D
:102BE00008BD00BF072100209C0A002000B583B06B
:102BF000094B93E8030002AB03E90300074B9B6812
:102C00001B682BB169460548984703B05DF804FB83
:102C10006FF05700F9E700BF608D00085888000882
:102C200008B500F01F02012393401F2806D8074A69
:102C3000526993430CBF0120002008BD0346044A9B
:102C40000121044804F0AFF90020F6E7003C014000
:102C5000BC940008B48C000808B500F01F020123E2
:102C600093401F2803D8064A5361002008BD03463D
:102C7000044A0121044804F096F96FF01500F5E7C5
:102C8000003C0140BC940008B48C00080023994229
:102C90000ADD10B400EB030C044C04F80C200133E3
:102CA0009942F7DC10BC7047704700BFE00000207D
:102CB000F8B50746002401E00134E4B27B78A34272
:102CC00017D93D7866193046FFF7AAFF0028F3D0E0
:102CD0003046FFF7C1FF074B53F83620002AEBD0F0
:102CE00006F01F0503EBC60359680120A840904772
:102CF000E2E7F8BDA80A00205FFA81FC0CF10202AD
:102D00000A4B53F822200B0C22EA114193FAA3F349
:102D10004BB1B3FA83F3984001430CF1020C034A20
:102D200042F82C1070472023F5E700BF003801401F
:102D3000C3B20233074A52F82320030C02EA1040C0
:102D400093FAA3F31BB1B3FA83F3D840704720235F
:102D5000FBE700BF0038014008B5034668B1B0FA90
:102D600080F2C2F11F02D2B205498856054A1168A5
:102D70000B43136004F059FA08BDFF22F4E700BFCB
:102D8000E0000020003C0140024A136823EA0003EF
:102D900013607047003C0140032926D8DFE801F0AA
:102DA000020C151E114B9A6822EA00029A60DA683A
:102DB00022EA0002DA6070470C4B9A6802439A607C
:102DC000DA6822EA0002DA607047084BDA680243E8
:102DD000DA609A6822EA00029A607047034B9A68A8
:102DE00002439A60DA681043D8607047003C0140A3
:102DF00010B498B1B0FA80F3C3F11F03DBB29C4664
:102E00000D4850F8330088420AD088B90A4B43F87D
:102E10003C1003EBCC035A6010BC7047FF23EEE775
:102E2000054C04EBC3035B689342EED10020F3E74B
:102E30006FF00F00F0E700BFA80A002060B1B0FA01
:102E400080F3C3F11F03DBB2044A002142F83310C0
:102E500002EBC30251607047FF23F5E7A80A002088
:102E600070B544681A4B9D682B6843B304F10801A0
:102E700017489847064610BB94F8453013F0010FE9
:102E800007D004F11001AB69E3B100221048984764
:102E9000C0B994F8453013F0020F07D004F11801BF
:102EA000AB6993B100220A48984770B9236A09496F
:102EB0004A6822F4403213434B60304670BD6FF0D5
:102EC0000406FAE76FF00406F7E76FF00406F4E78C
:102ED00058880008002301402DE9F0414768036944
:102EE000D7F80080D3F8B85000260EE004EB440277
:102EF0001E3A44EA025297F94230012B1AD00123BC
:102F0000A34025EA03050136F6B225B395FAA5F4E8
:102F1000B4FA84F40DB94FF0FF340134E4B2013C4B
:102F2000E4B2092CE2D804EB440244EA025242F033
:102F30000072E0E70C4B53F82610404604F08BFB80
:102F40000A4B53F82630D8F82C2022F47002134391
:102F5000C8F82C30D3E7D8F8043043F48073C8F8AD
:102F600004300020BDE8F081889C0008489C0008DF
:102F70004900036813B19B8903FB0111C3688B42AD
:102F800001D30020704700B583B00091044A0121AD
:102F9000044804F013F86FF00B0003B05DF804FB75
:102FA00000950008A48C000870B5446825680023CB
:102FB00000E0013394F940209A4205DD91F810C0F9
:102FC000A06AC05C8445F4D19A420AD06A6802F0D3
:102FD0004072E16A9E0051F82330934209D10020EB
:102FE00070BD0B4A01210B4803F0D3FF6FF01500B1
:102FF000F6E70021284604F000FB0028F0D1E36A40
:103000009B596A6822F0407213436B60E8E700BF87
:1030100028950008A48C000810B5446821B30A461E
:1030200043F6FF73994221D08B0B032B0CD1002068
:10303000072811DC00F1180334F8133043F440433F
:10304000934210D00130F3E7094A0121094803F007
:10305000A0FF6FF0150006E0074A0121054803F0C4
:1030600098FF6FF0150010BD0020FCE70720FAE77D
:103070003C950008A48C00086495000870B50D46C6
:10308000446826681146FFF7C7FF002817DB94F94C
:1030900041303BB1002B19DB013BDBB2012B15D8D2
:1030A00000200CE0092D0BD805EB450345EA03533E
:1030B00043F000710246304604F0EEFA002070BD85
:1030C00005EB45031E3B45EA0351F3E7034A0121A3
:1030D000034803F05EFF6FF01500F0E788950008E5
:1030E000A48C000808B5436893F8453013F0100F1E
:1030F00003D10B7913F0200F0DD10B78092B12D1CE
:103100004B78042B17D10B794A8803F01F01FFF786
:10311000B5FFC0B908BD104A0121104803F039FFBE
:103120006FF01500F6E70E4A01210C4803F031FF5D
:103130006FF01500EEE70B4A0121084803F029FF64
:103140006FF01500E6E7084A0121044803F021FF6B
:103150006FF01500DEE700BFC0950008A48C0008E2
:10316000F0950008089600082496000800B583B082
:1031700003460830D3F8903063332CBF4FF0010C76
:103180004FF0000CC3F31302190D41EA0C31114446
:10319000104AA2FB01E2D20802EB820202EB820299
:1031A0008A1A9B1A6CF1000C0B490C4A03FB02F2C1
:1031B00001FB0C22A3FB01310A449B0843EA827302
:1031C0009208009301920022002302F0DDF803B080
:1031D0005DF804FB1F85EB51295C8FC2F5285C8FDD
:1031E0002DE9F04107460D4643680669D3F8008093
:1031F0008B68C6F8AC304868C6F8B800FDF7E0F850
:10320000C0B286F8BC00002386F8BD302B7C86F85F
:10321000B430002838D010283ED829463846FFF769
:10322000C3FE041E41DB3846FFF756FE041E42DB98
:1032300096F8BC102846FFF79BFE0446002840D1B4
:103240006B7C002B43D1AB7C002B48D1404604F073
:10325000C3F96FF02003C8F80030D8F8083043F401
:103260008063C8F80830D8F8043043F02003C8F869
:1032700004302946304604F043FA304604F06FFA31
:1032800004462046BDE8F081194A0121194803F09F
:1032900080FE6FF01504F4E71023174A012115484A
:1032A00003F081FE6FF01504EBE7144A0121114889
:1032B00003F06FFEE5E7124A01210E4803F069FEB4
:1032C000DFE7104A01210B4803F063FED9E70E4AFD
:1032D0000121084803F05DFE6FF08504D1E70B4A39
:1032E0000121044803F055FE6FF08504C9E700BFD3
:1032F0003C960008A48C00085496000880960008AC
:10330000A4960008C4960008D8960008F496000811
:10331000F8B5056946683768C5F8A800FF2385F841
:10332000BE3085F8BF30FFF79BFD0021706A04F0C6
:1033300066FA041E0CDB736803B198470121384616
:1033400004F05BF9284604F052FA00242046F8BD48
:1033500014F1020FEFD02346024A0121024803F084
:1033600022FEF3E710970008A48C000870B504460D
:10337000066943681D682B6813F0200F15D12B6870
:1033800013F0020F10D0EA6CD6F8AC30991CC6F8D6
:10339000AC101A8096F8BD300133DBB286F8BD3030
:1033A00096F8BC20934209D070BD6FF020032B60CB
:1033B000064A0121064803F0ECFDE0E7002386F809
:1033C000BD302146304604F066FAEDE7309700083C
:1033D000A48C000808B50248FFF7C8FF08BD00BF6D
:1033E000C48900080C4B1B6813F0020F09D10A4A6C
:1033F000136843F001031360074B1B6813F0020FBF
:10340000FAD0054A936823F003039360024B9B684C
:1034100013F00C0FFAD17047003802400C4B1A68B9
:1034200042F480221A601A6842F480321A60084B13
:103430001B6813F4003FFAD0054A536F43F00103B1
:103440005367034B5B6F13F0020FFAD0704700BF56
:1034500000380240F8B50C461546424B1E68022162
:10346000304604F064FA07460121304604F05FFA62
:103470002388C3F30B010B46442929D809B200293C
:1034800068D0013B432B68D8DFE803F03D53565A20
:103490005D3F49676767676767676767676767670C
:1034A00060626767676767676767676767676767B8
:1034B0006767676767676767676767356767673500
:1034C0006767673767676767676767396767673B16
:1034D000A8290DD12E602368B3F5805F40D32A68F8
:1034E000C3F313330133B2FBF3F22A60002036E05A
:1034F0006FF0850033E02E60EDE72E60EBE72F6084
:10350000E9E72860E7E72E60E5E700F0CFF804235D
:103510004FF4A872082104F003FA2860DBE700F0FA
:10352000C5F807234FF4A872082104F0F9F92860C0
:10353000D1E700232B60CEE74FF4FA432B60CAE7B4
:1035400000232B60C7E7084B2B60C4E72E60C2E75F
:103550002E60C0E76FF0850001E06FF08500F8BDD8
:103560000020FCE70801002000127A0008B51B4B80
:103570009B6803F00C03082B27D0184A136823F02C
:1035800080731360154B1B6813F0007FFAD1144A47
:10359000D2F8043823F4403343F48033C2F80438BB
:1035A000D2F8043823F0706343F0E063C2F80438C3
:1035B00000F080F8094A136843F080731360074BEA
:1035C0001B6813F0007FFAD008BDFFF70BFF034A1A
:1035D000936823F0F0039360CFE700BF0038024008
:1035E00000300240162806D8064BC34013F0010FE6
:1035F00004D0002070476FF0850070476FF08500A1
:10360000704700BFEA00600038B500F077F8234C3F
:10361000204604F009FA00F041FC214B9B68C3F3FB
:103620000313204AD35C20FA03F513781C41A5420A
:103630002CD3FFF7F3FEFFF799FF194A936823F0A5
:10364000F0039360936823F0030343F00203936055
:10365000134B9B6803F00C03082BF9D1A54219D238
:10366000114B0E4A1A600E4B9A6822F4E05242F453
:1036700080529A609A6822F460429A60D3F88C2053
:1036800022F08072C3F88C20002038BD204600F064
:1036900073FCCEE7204600F06FFCE1E700BD0105BA
:1036A000003802406C9D0008080100200048704767
:1036B00000127A0008B504F0B8F90C4B59680C4AAE
:1036C0000A4040F4A84141F008010A435A605A6890
:1036D00022F4403242F480325A605968054A0A4066
:1036E000054901430A435A6008BD00BF0038024043
:1036F0000080BFFF0080BFF00854000782B0064B77
:103700001A6C42F080521A641B6C03F080530193D0
:10371000019B02B0704700BF0038024010B504465C
:103720000A2806D0E1B2064883685B6898472046BD
:1037300010BD034883685B680D219847F2E700BF1E
:103740008C89000810B5044C2046FFF731FA20465A
:10375000FDF758FC10BD00BF1D37000808B505482F
:1037600004F0EFFC18B1FFF7EDFF002008BD6FF08B
:103770001200FBE78C8900082DE9F84380460F46CC
:1037800016461C46D0F80490D9F8080003F004FF50
:10379000B6F5001F0ED00546B6F5800F2AD0B4F15D
:1037A000806F0ED0B4F1C06F0DD0B4F1007F24D182
:1037B000022609E03946D9F8080004F00AFA002484
:1037C00015E0012600E0032642460F492846FFF790
:1037D0000FFB0446A0B9D9F80810384603F0E1FE03
:1037E00031462846FFF7D8FA2846FFF7B5FA2046B3
:1037F000BDE8F8836FF08504F9E76FF01504F6E78C
:103800006FF00F04F3E700BFF57A000810B5044627
:10381000B2F5004F2FD04FF0000C48184CEB0C0CB9
:1038200040184CF1000C4FEACC0C4CEA507CC00024
:1038300040184FEA83024FEA93734CF10001FCF702
:10384000A5FD2449A1FB00235B091A0192B24FF0A8
:10385000640C0CFB13031B013233A1FB0313C3F3F2
:103860004F1303F0F0010A4492B203F00F03134424
:103870009BB2A36010BD4FF0000C48184CEB0C023B
:10388000401842F10002D20042EA5072C0004018D3
:1038900042F10001DA184CEB0C03FCF777FD0D49FF
:1038A000A1FB00235B091A0192B24FF0640C0CFBE0
:1038B0001303DB003233A1FB0313C3F34F1359008F
:1038C00001F4F8710A4492B203F0070313449BB267
:1038D000A360CFE71F85EB5108B5024A04F0CEFA8A
:1038E00008BD00BFEB7E000808B5024A04F0E0FA0C
:1038F00008BD00BFF17E000810B54368586819691B
:1039000083681B6823B19847044618B9204610BD48
:103910006FF05704024A0121024803F03AFBF5E731
:10392000EC970008048D00082DE9F04184B000AF49
:103930004368D3F80080002900F0A88005460E46B1
:10394000586819698368DB68002B3FD007F10C02C7
:103950009847041E3CDBD8F80C3023F40043C8F829
:103960000C30FC68002120194941001941F1000187
:10397000C90041EA5071C00000194FEA86024FEABF
:10398000967341F10001FCF701FD424AA2FB0031B0
:103990004909642303FB11031B013233A2FB0323F8
:1039A0005B0903F0F00202EB011203F00F03134472
:1039B0000F2B13D93346002221464046FFF726FF3E
:1039C000002420461037BD46BDE8F0816FF0570453
:1039D000314A0121314803F0DCFAF2E729686D46EB
:1039E00000233B7202237B728AB06C4614F11002F2
:1039F00015D012201AB1042801DD294B6361002380
:103A00003B7102237B71BAB10346082800DDA16136
:103A10000C2B00DDE66104F1200300210AE06FF0C9
:103A20000040E7E701F110063E4416F80C6C03F87D
:103A3000016B01310129F5D9112824DD122342B18E
:103A40000421397200217972B9720121F972B868C2
:103A50002061002121F0010121F0020121F0040187
:103A600021F03801012060F38811C3F30A0363F3E6
:103A70005321C1F3130100230848FDF79FFEAD4613
:103A80006FF015049DE76FF01B03D8E76FF0150486
:103A900097E700BF1F85EB510C980008048D0008C4
:103AA0003C9800082DE9F0410C4643681D68036905
:103AB0001E680B79012B04D0022B0DD14FF48068C6
:103AC00001E04FF4C0686279012A08D0022A08D0C8
:103AD0001ABB4FF4805706E04FF00008F3E70027C9
:103AE00001E04FF4405794F806C0BCF1040F17D022
:103AF000CBB94FF0000ED91EC9B2012952D913B16A
:103B0000BCF1040F51D0B7F5805F0FD0B7F5405F1F
:103B10000ED0002F3BD101230BE04FF40057E2E71A
:103B20004FF4805EE7E74FF4805EE4E7002300E0B7
:103B300002239A423CD1BEF1000F2AD1B8F1000F06
:103B40002ED103239C4536D1E37963B1012B35D1C6
:103B50001F4B9D4207D0A3F54C439D4203D003F574
:103B600050439D422DD1EB6823F40053EB60214676
:103B700004F00EFA002827DBEB6843F40053EB60F7
:103B800094E8030086E803000020BDE8F0810323E9
:103B9000CFE7B8F1000F01D10423D3E70323D1E726
:103BA0000223CFE76FF08500EFE76FF08500ECE7C9
:103BB0006FF08500E9E76FF08500E6E76FF08500BC
:103BC000E3E76FF08500E0E76FF08500DDE700BF19
:103BD00000100140F8B505464668346803691F685F
:103BE000E36823F40053E360B06804F0AAFA08B372
:103BF000F168B06804F0EFF804F10C0353E8003FFB
:103C000043F00C0304F10C0141E80032002AF3D127
:103C10003946284604F0BCF9002813DB337E1BB17B
:103C2000636943F008036361E36843F40053E360AE
:103C30000020F8BD054A0121054803F0AAF96FF0FC
:103C40001200F6E76FF01500F3E700BF5498000884
:103C5000048D00084FF0E023996918699A6909B941
:103C60000C4B19680AB90B4B1A6810F4803F01D14C
:103C7000914208D208490B680648006803440B606B
:103C80004FF0E0231B69034B1B689B1A024A106824
:103C9000184470472C0B0020280B0020094B1022E1
:103CA00083F82320084B42F2D0021A600020074B11
:103CB00018604FF0E02342F2CF025A619861072268
:103CC0001A61704700ED00E02C0B0020280B00204B
:103CD000684620F007018D4619B5FFF7BBFF124873
:103CE0000368124A516814681B1941F100011360FE
:103CF0005160002202600E490A68981A0D4BA3FB1E
:103D00000030400B42F2D00300FB03F3D2184B68A3
:103D100043F100030A604B6004F0EFF9FEF796FDF3
:103D2000BDE8194085467047280B0020900600200A
:103D3000880600202D34A9F9F8B500294DD0B0F13E
:103D4000FF3F3FD03F4B1C6801284EDD40F2CD7352
:103D50009842A8BF1846461EEFF31185102383F33F
:103D60001288BFF36F8FFFF775FF4FF0E0239F6955
:103D7000354A13685168C31841F10001136051605E
:103D80000021324A1160324A11685A1A2FD442F285
:103D9000D00000FB062202F503520F322D4EA6FB87
:103DA0000262520BC91A00FB02110A46B1F5806F7C
:103DB00038BF4FF48062284B994236D9214B264AAE
:103DC0001A6018E04FF0E022136923F00103136139
:103DD0001C4B4FF07F421A6026E01A4B1C68B0F172
:103DE000FF3FB1D140F2CC70B0E70026B4E7154BED
:103DF0004FF480621A604FF0E0239969114A12680B
:103E0000013A5A6100229A618F4211D2641A3C44ED
:103E10000D4A136851681B1941F10001136051608C
:103E200085F31188BFF36F8FF8BD064B1A60E2E788
:103E30007F1A054A13685168DB1941F100011360CC
:103E40005160EDE72C0B002090060020280B00208D
:103E5000880600202D34A9F9C0D5FF0038B5EFF34E
:103E60001185102383F31288BFF36F8F084B1C68F2
:103E7000084B1B68E41AFFF7EDFE204485F3118818
:103E8000BFF36F8F044BA3FB0030400B38BD00BF66
:103E900090060020880600202D34A9F908B5334B80
:103EA0009B6803F00C03042B5BD0082B5BD12F4BDA
:103EB0005A6802F03F025B6813F4800F2CD02B4B42
:103EC0005868C0F388104FEA401CBCEB000C6EEB46
:103ED0000E0E4FEA8E1343EA9C634FEA8C11B1EB4E
:103EE0000C0163EB0E03DB0043EA5173C90011EBD5
:103EF000000C43F10003590200234FEA4C2041EA31
:103F0000DC51FCF743FA194B5B68C3F301430133FF
:103F10005B00B0FBF3F008BD144B5868C0F3881089
:103F20004FEA401CBCEB000C6EEB0E0E4FEA8E13FA
:103F300043EA9C634FEA8C11B1EB0C0163EB0E0377
:103F4000DB0043EA5173C90011EB000C43F100039D
:103F5000990200234FEA8C2041EA9C51FCF716FAA3
:103F6000D1E70348D7E70348D5E700BF0038024050
:103F700000127A000024F400024600283CD0204BB6
:103F800019681B6803F44043B3F5004F1BD00021B0
:103F90001B4B1B6803F44043B3F5804F1FD0194AF5
:103FA000136823F007030B4313600222154B1B68B1
:103FB00003F00703013A994201D0002AF6D1994251
:103FC0001CD001207047104B984204D80F4B9842E8
:103FD00003D80021DCE70221DAE70121D8E70A4B08
:103FE0009A4200D931B1094B9A42D8D90029D6D189
:103FF0000121D4E70221D2E7012070470020704759
:1040000000700040003C02400087930380C3C90158
:1040100004280CD8DFE800F0030D05070900064866
:10402000704706487047064870470648704706487C
:1040300070470648704700BF9C980008C098000869
:10404000D0980008DC980008EC980008AC980008AC
:1040500030B108B504F0D9F820B1037823B108BD18
:10406000024870470148FAE70048F8E7FC98000862
:1040700010B50446FDF7BEFA034A0121034802F0D9
:1040800088FF204604F06DF804990008DC8C0008D5
:104090002DE9F04782B000AF05460C46EFF31188DA
:1040A000102383F31288BFF36F8FDFF8C491D9F820
:1040B0000860FFF7ADFF99F81010E94601233B7146
:1040C00003237B718AB0EC461CF1100221D04FF023
:1040D000160E5AB17346BEF1040F03DDDFF894A14A
:1040E000CCF814A0082B01DDCCF8185001233B704C
:1040F00003237B70D2B17346BEF10C0F01DDCCF807
:104100001C00102B01DDCCF820100CF12403002141
:104110000AE06FF0004EDCE701F10800384410F8C7
:10412000080C03F8010B01310129F5D9BEF1150F77
:1041300050DD16234AB10521397100217971B97119
:104140000121F9717868CCF81000002121F00101FB
:1041500021F0020121F0040121F03801012060F377
:104160008811C3F30A0363F35321C1F3130100233E
:104170004148FDF723FBCD461CB1E369C3F30803B7
:104180005BBB3046FFF764FFE94601233B71032325
:104190007B718AB0EC461CF1100224D04FF0120E55
:1041A00052B17346BEF1040F02DD3449CCF814104D
:1041B000082B01DDCCF8186001233B7003237B70D2
:1041C000F2B1BEF10C0F01DDCCF81C000CF12003A4
:1041D000002113E06FF01B03ACE7294A01212648B8
:1041E00002F0D7FECDE76FF0004ED9E701F10800ED
:1041F000384410F8080C03F8010B01310129F5D9F6
:10420000BEF1110F31DD12234AB1042139710021B1
:104210007971B9710121F9717868CCF81000002129
:1042200021F0010121F0020121F0040121F0380107
:10423000012060F38811C3F30A0363F35321C1F330
:10424000130100230C48FDF7B9FACD462146284654
:10425000FFF70EFF88F31188BFF36F8F3046FEF72C
:1042600005FB0837BD46BDE8F0876FF01B03CBE7C1
:10427000300B002014990008DC8C000860990008BD
:104280003C99000810B586B0B823114C03FB0044DC
:1042900000EB400C00EB80000E4B03EB80030E4A5A
:1042A0000592012204920F220392002202920192AF
:1042B00000930A4B4FF4A072094901EBCC11204640
:1042C00000F0AAF9237C23F00403237406B010BD88
:1042D00098060020300B00207899000873810008B0
:1042E0000017002038B505460B4B53F8204002E07C
:1042F0002368984708346B1C074A52F82330A342BE
:1043000009D960680028F3D0037E13F0010FF1D1C2
:1043100003F0FEFEEEE738BD7C9D000808B553EAC9
:10432000020102D100F0C2FC08BD0249183000F0C1
:104330007DFEF9E7D583000810B586B0184C14E06F
:10434000636A0593236A0493E3690393A369029361
:104350006369019323690093E368A2686168206838
:1043600000F05AF923685C6530340E4B9C42E7D369
:1043700000F082FB0A4C03E02068FFF7CFFF3034E7
:10438000084B9C4208D2A26AE36AB3F1FF3F08BF20
:10439000B2F1FF3FF3D0EFE700F086FB06B010BDAF
:1043A000308C0008308C000808B50A4B01221A70C6
:1043B0000320FFF797FF01F07FF80420FFF792FF3B
:1043C000FFF7BAFFFCF76EF9034A938923F0010364
:1043D000938108BD6F0B00205007002008B50146EF
:1043E000014A0248FEF70CFAA943000850070020D2
:1043F00010B50446FFF746FFB8230B4903FB041131
:104400000A4A04EB840302EB8303D9601C7404EBB7
:104410004411074B03EB811303F5046304EB84049D
:1044200002EB8402536010BD98060020300B002080
:10443000C00E002070B586B000F068FB104D114B27
:104440005D61114B059301230493002403940294AE
:10445000019400940D4B4FF480620D49284600F002
:10446000DBF806462B7C23F004032B74284603F06C
:104470005CFF2046FFF7BCFF304606B070BD00BFB2
:1044800050070020300B002080990008A943000845
:104490008018002008B50020FFF724FF194B83F394
:1044A0000888194C636943F400736361F02384F84E
:1044B00022300023E37723766376A37684F82030D6
:1044C000636A43F4E0236362FEF7C0F8FEF7B8F9CD
:1044D0004FF0FF33A362E362FEF706FBFEF742FAFA
:1044E000FCF7CEFF094800F0F9F8FCF7F9FD0120D0
:1044F000FFF7F8FE0220FFF7F5FEFFF79BFFFFF73F
:104500006DFF00BF0017002000ED00E0080800204C
:1045100070B5EFF31186102383F31288BFF36F8F0A
:104520000468A0421AD0CCB16268236813605A6054
:10453000002525606560237C23F002032374A560B9
:1045400004F1180003F0FBFFC4F8B050204603F05C
:10455000ECFE31460B4803F082FF70BD8368C268F1
:1045600093420DD00122134483600221103004F0E5
:1045700092F80028EDD186F31188BFF36F8FECE736
:104580000022F0E7540B002010B582B0EFF3118148
:10459000102484F31288BFF36F8F846844B1013C08
:1045A000846081F31188BFF36F8F002002B010BDCB
:1045B00053EA020406D0009201930246054800F037
:1045C0003FFAF3E781F31188BFF36F8F6FF00F00AD
:1045D000ECE700BF540B002008B553EA020102D1FA
:1045E00000F064FB08BD0249183000F01FFDF9E738
:1045F000D583000810B5044640B11F2204F17800AD
:1046000001F016F9002084F8970010BD014B9C685A
:10461000F3E700BF300B00202DE9F04F85B00446D2
:104620000F4615461E46DDF838A0DDF83C90DDF853
:104630004080DDF84CB000F158038365C365129BE0
:104640000422119903F0E3FD2A463946204603F07F
:10465000B0FD0546CDF80880CDF80490CDF800A057
:104660003346024639462046FEF7A8F80023636524
:104670006666C4F868A0C4F86C90C4F87080EFF364
:104680001182102383F31288BFF36F8F124B196AC4
:1046900061671C6282F31188BFF36F8FBBF1000F5B
:1046A00013D01F22594604F1780001F0C1F800230D
:1046B00084F89730084B9B685BB1D3F8A430C4F8FA
:1046C000A430284605B0BDE8F08F002384F8783088
:1046D000F0E7C4F8A430F4E7300B002001230374A2
:1046E00083810023C0F89830C0F89C30C0F8A43013
:1046F000014B9860704700BF300B00200A4A936856
:10470000C3F8AC006FF00A01C3F8B01007494B685A
:1047100043F080534B60002383F31188BFF36F8F06
:104720009368D3F8B0007047300B002000ED00E034
:10473000084681B908B5EFF305833BB9084B5A69C0
:104740009B689A4202D0FFF7D9FF03E080F31188FB
:10475000BFF36F8F08BD81F31188BFF36F8F704770
:10476000300B0020037C90F91020002A4EDB13F060
:104770001F0F4BD110B563F07F030374244A52F826
:10478000183F93423AD07BB190F90E1093F90E2066
:10479000914202D0521A002A27DC19461C4AD269DB
:1047A000934201D01B6833BB194BDA6903F118013E
:1047B000016042601060D861154B53F8184F9C425D
:1047C0001ED0ECB1124B9B681A7C12F01F0F04D163
:1047D000DA897F2A01D9A269AAB1A34202D0204670
:1047E00000F08AFB0A4B5C6110BD5A6842600360AE
:1047F00010605860E0E70029C5D1D5E70023C2E783
:10480000034BDC68DEE7024A5361EDE7704700BF07
:10481000300B002010B5037C90F91020002A19DB22
:10482000154B9A6853F8184F9C421ED0ECB1824247
:1048300008D0137C13F01F0F04D1D3897F2B01D92B
:10484000A369ABB1A24202D0204600F055FB0A4B4F
:104850005C6110BD03F07F0303744268036813605A
:104860005A60002303604360DAE7034BDC68DEE74D
:10487000014B5A61EDE700BF300B00202DE9F843F2
:1048800005460C46424B9E68337C13F0600F2BD0DC
:1048900013F0200F2DD008271F4225D13B4333743E
:1048A00013F0800F27D1082F30D04FF00009384B7C
:1048B00053F8188F98454FD0B8F1000F4CD0344BB7
:1048C0009B68434502D0404600F016FB304BC3F8CE
:1048D0001480102F08D0304602F0BCFC304600F0A7
:1048E00065FBB9F1000F3BD184F31188BFF36F8FE3
:1048F00047E01027D0E703F07F0333747268336812
:1049000013605A60002333607360CCE7B3685BB117
:104910007268336813605A60002333607360327CBE
:1049200022F002023274B36006F1180003F007FEB1
:1049300006F1580003F0CAFC154B9B689E4202D05A
:104940004FF00009B3E7EFF3058313B94FF0000907
:10495000ADE74FF00109AAE70D4BD3F80C80AEE7A5
:104960000C48FFF7BBFEBFE7EFF31184102383F37E
:104970001288BFF36F8F03F007FC84F31188BFF335
:104980006F8F2B7C13F0600FEED1BDE8F88300BF72
:10499000300B002008080020B3F1FF3F08BFB2F140
:1049A000FF3F00D1704708B50249183000F03EFBC8
:1049B00008BD00BFD583000810B5204B9A68DB699D
:1049C0009A4205D01368516812680A60516006E087
:1049D0000023F8E7194AD269934212D01B6883B1C9
:1049E000164A906890F90E1093F90E209142F1D07A
:1049F000521A002AEEDD5A68426003601060586067
:104A000008E00E4B9A68D96903F1180010605160F4
:104A10000A60DA61094B53F8184F9C420AD04CB136
:104A2000064B9B689C4202D0204600F065FA034B7F
:104A30005C6110BD014BDC68F2E700BF300B002069
:104A400010B50C4611460A4882680A4B1A60EFF30B
:104A50001183102383F31288BFF36F8FDDE90223E4
:104A6000806803F056FC2046FFF748FE10BD00BFEB
:104A7000300B0020540B00200023EFF31181102293
:104A800082F31288BFF36F8F09E0064B9A68D37BDD
:104A9000013BD37381F31188BFF36F8F0123002B88
:104AA000F3D07047300B002038B5EFF31185102399
:104AB00083F31288BFF36F8F124B9A68D17B013159
:104AC000D17353F8184F9C4215D0A4B1137C13F046
:104AD0001F0F04D1D3897F2B01D9A36973B19442ED
:104AE00002D0204600F008FA064B5C6129460648D1
:104AF000FFF71EFE38BD034BDC68E7E7014B5A6148
:104B0000F4E700BF300B0020540B002008B502482A
:104B100003F0A9FC08BD00BF440B002038B5EFF33B
:104B20001184102383F31288BFF36F8F214B9A688F
:104B3000DB699A4205D01368516812680A605160B7
:104B400006E00023F8E71B4AD269934212D01B68A3
:104B500083B1184A906890F90E1093F90E20914293
:104B6000F1D0521A002AEEDD5A68426003601060EC
:104B7000586008E00F4B9A68D96903F1180010607B
:104B800051600A60DA610B4B53F8185F9D420DD0FB
:104B900065B1084B9B689D4202D0284600F0ACF9F5
:104BA000044B5D612046FFF7A9FD38BD014BDD6870
:104BB000EFE700BF300B0020F8B551EA000328D022
:104BC00005460C46EFF31187102383F31288BFF3D9
:104BD0006F8F154EB068154B1860FFF71BFEB0685D
:104BE0002A4623461249183000F020FA0446B268DB
:104BF000137C43F0040313743846FFF77FFDB3685A
:104C00009A6ADB6AB3F1004F08BF002A05D0002082
:104C1000F8BDFFF783FF0020FAE703F0CFFC201A6E
:104C20000028F5DC0020F3E7300B0020540B0020B7
:104C3000D583000838B504460D46FFF7BDFF03468F
:104C40002046B5F1FF3F08BFB4F1FF3F28D0DA1787
:104C500013F1090042F100030021C21821D20A44D5
:104C60001149A1FB024525F0030404EB9504121B36
:104C7000801A63F100034FF0CC3200FB02F201FB1B
:104C80000322A0FB01010A44430843EAC27352080D
:104C90001846B3F1004F72F1000201D36FF00040EB
:104CA00038BD0121DBE700BFCDCCCCCC38B5EFF36C
:104CB0001185102383F31288BFF36F8F037C13F0E9
:104CC000040F04D185F31188BFF36F8F38BD0446FC
:104CD000183003F034FC237C23F0040323742046B3
:104CE000FFF740FD29460248FFF722FDEEE700BF2F
:104CF000540B0020014B9868704700BF300B002018
:104D00002DE9F843838903F00107EFF3118610239F
:104D100083F31288BFF36F8F057C15F0080F1AD14B
:104D20000446B14600F1580803F09EFA10B345F06E
:104D300020052574EFF305839BB131462046FFF72C
:104D40009DFD67B1002383F31188BFF36F8F0423A8
:104D5000184602DF03E086F31188BFF36F8FBDE8CA
:104D6000F88341463F4B986803F080FA3046FFF7DE
:104D7000C5FCE6E745F00803237413F0800F36D135
:104D8000A3685BB16268236813605A6000232360E4
:104D90006360227C22F002022274A36004F11800F6
:104DA00003F0CDFB404603F091FA2E4B9A689442F3
:104DB0002AD000262B4B53F8185F9D422BD055B3B9
:104DC000AA4202D0284600F097F8264B5D612046A3
:104DD00002F040FA204600F0E9F8FEB9214B9B684A
:104DE0009C421FD089F31188BFF36F8FA9E705F0AC
:104DF0007F0545F0080525746268236813605A60D2
:104E0000002323606360BBE7EFF305830BB9002643
:104E1000D0E70126CEE7134BDD68D1E71248FFF754
:104E20005DFCDBE7EFF30583002BDBD1A38913F0F7
:104E3000010F12D089F31188BFF36F8F002383F322
:104E40001188BFF36F8F0423184602DFEFF3118937
:104E5000102383F31288BFF36F8F4846FFF74EFC91
:104E60006FE700BF300B0020080800202DE9104834
:104E700083B0089CDDE906BCCDE900BCFFF7E0FD8E
:104E80001CB1034B9B685B69236003B0BDE81088CD
:104E9000300B00200346027C12F01F0F10D10B4A8A
:104EA00090420FD00A4A106878B1DA897F2A0BD86D
:104EB00093F90E20074B1B689A4206DA00207047D0
:104EC000002070470020704700207047980600209F
:104ED0000C0100205C0B0020044BC01AC010044BD6
:104EE00003FB00F0034B01221A547047C008002056
:104EF000ABAAAAAA580B002070B50C4B1E7CFFF77A
:104F0000C9FF044606EB4603094D05EBC3052846D9
:104F100003F015FB074B00229A5504B970BD621EC1
:104F2000D3170549284600F081F8F7E7300B002039
:104F3000C0080020580B0020D94E000838B5EFF308
:104F40001185102383F31288BFF36F8F144B9C6875
:104F5000144B1B68A34217D0124B00221A60104B4F
:104F60001B7C114AD35C53B12046FFF793FF30B14D
:104F7000237C13F01F0F0FD02046FFF7BDFF85F3F2
:104F80001188BFF36F8F38BD2046FFF7B5FF85F35B
:104F90001188BFF36F8FF6E7FFF70EFDECE700BF58
:104FA000300B0020540B0020580B0020EFF3118130
:104FB000102383F31288BFF36F8F0A4B1B6A83425F
:104FC00004D15A6F074B1A6207E0134613B15A6FA8
:104FD0008242FAD10BB1426F5A6781F31188BFF355
:104FE0006F8F7047300B0020034B1868984200D039
:104FF00070470020FCE700BF1001002030B1044AD8
:105000005268904201D0006870470020704700BF8E
:105010001001002008B5044B1B680BB1002008BD2F
:10502000FEF71CFFFBE700BF600B00202DE9F04FEF
:1050300083B0B3F1FF3F08BFB2F1FF3F0ED004468B
:1050400091461F4681600023EFF3118A102282F3FC
:105050001288BFF36F8F1D46019335E0002501953F
:105060002846019903B0BDE8F08FFFF7D3FF8046D3
:10507000013547F10006451946EBE076256166618A
:10508000344A13685268ED1846EB020301934FF05F
:10509000010B38E0C91A66EB020201614261436804
:1050A000636020601C60446005E02B4B5A682360FD
:1050B000626014605C60FFF797FF844237D08AF328
:1050C0001188BFF36F8F0123002BC9D14D46019783
:1050D000002FCADA1F4B19685B68691843EB070396
:1050E0006FF00102521A4FF0FF3161EB03031046DB
:1050F0001946012A73F1000301DA01200021206121
:1051000061614FF0000BFFF76FFF0028CDD0016900
:105110004669236962698B4272EB060EBADB5B1A41
:1051200062EB060223616261FFF768FFEDE70B4B5C
:105130001B68002BC3D1BBF1000F06D0404603F023
:10514000E3F90021FEF7F8FDB9E7FFF763FF8046BA
:10515000F4E700BFD808002010010020600B0020F9
:1051600070B50E462D4B1860FFF73EFF044628E051
:105170002B4A136851685B1941EBE571136051606C
:1051800000220023C4E90423204603F0A6F90122EB
:105190004FF00043C4E9042386F31188BFF36F8FF7
:1051A000A36820469847EFF31186102383F31288F3
:1051B000BFF36F8F194A13685B1B1360FFF714FF6F
:1051C00004463CB125696169144B1A68D317AA4299
:1051D0008B41CDDA44B123696269104909685B1AD1
:1051E00062EBE172236162610D4A0C4D286813681D
:1051F00051681B1841EBE0711360516000242C6072
:10520000204603F081F92146FEF796FD86F31188CA
:10521000BFF36F8FFFF792FE70BD00BF600B0020E1
:10522000D808002010B50022EFF31184102383F377
:105230001288BFF36F8F134611460CE0FFF7EAFEAA
:10524000074A13685168C31841EBE07184F3118871
:10525000BFF36F8F0122002AF0D0184610BD00BFA7
:10526000D8080020EFF31183102282F31288BFF3D5
:105270006F8F01694269B2F1004F08BF012904D064
:1052800083F31188BFF36F8F70472DE9F041044617
:105290001D46866AC26A56EA020105D0B2F1FF3F96
:1052A00008BFB6F1FF3F27D1236B01332363236A85
:1052B00063B185F31188BFF36F8F20469847EFF3F2
:1052C0001185102383F31288BFF36F8F04F1180345
:1052D000A469A34251D0002C4FD0204603F040F8DF
:1052E0000023C4F8B03085F31188BFF36F8F2046D8
:1052F00003F01BF8BDE8F081013E42F1FF32174692
:10530000002A14DB03F05EF9013041F1000180193D
:1053100041EB0701012871F100010BDA6FF0010286
:105320004FF0FF3317492046FFF780FEBCE7002609
:105330003746E7E703F046F9013041F100018019F3
:1053400041EB07016FF0020383426FF000438B4192
:1053500003DA00224FF00043E4E703F033F90130B1
:1053600041F10003801943EB07036FF00102121AA9
:105370004FF0FF3161EB0303D4E785F31188BFF3EE
:105380006F8FB7E765520008F8B51C46EFF3118739
:10539000102383F31288BFF36F8FB4F1FF3F08BF70
:1053A000B2F1FF3F23D006461546002C0BDB134617
:1053B0002146012A74F1000401DA012300215A1E5A
:1053C000154641F1FF34304603F0B9F8DDE9062314
:1053D000C6E90A23002333632A462346064930469A
:1053E000FFF724FE87F31188BFF36F8FF8BD87F3B3
:1053F0001188BFF36F8FF9E76552000870B5044656
:10540000EFF31186102383F31288BFF36F8F03F03D
:1054100096F8E0B93546636A6BB186F31188BFF33D
:105420006F8F636A20469847EFF31185102383F34B
:105430001288BFF36F8F04F1180002F0E2FF58B139
:1054400002F073FF2946074803F009F870BD86F3A0
:105450001188BFF36F8FF9E785F31188BFF36F8F62
:10546000F4E700BF640B002038B50346EFF3118565
:10547000102282F31288BFF36F8FC1600122826015
:105480000068834210D04268036813605A600023AA
:1054900003604360012103F0DCF804462946054817
:1054A00002F0DDFF204638BD85F31188BFF36F8F12
:1054B0000024F7E7640B002008B5024801F0ABF8C0
:1054C00008BD00BF8C99000800B583B0064B00935F
:1054D0004FF0FF334FF480620449054800F00AF9A9
:1054E000002003B05DF804FB949D0008C01C002060
:1054F000E008002080B338B50D4604461C4B9A687E
:10550000D0F8B8309A421BD000231A46D4F8D430D1
:10551000C3F38001C3F3C00013F0010F1FD001B12A
:1055200002B300B109B300232B60D4F8C03073B1CB
:105530001D60C4F8C050204603F0DFF8012038BDDC
:1055400002F05DFE08B90123DFE70023DDE7C4F8C0
:10555000C050C4F8BC50EEE76FF0150070476FF014
:105560001200ECE76FF00F00E9E76FF00F00E6E7DD
:10557000300B002010B5C36823F00203C360134B47
:105580001C687CB1236803B10CB100210FE02346F5
:10559000FBE722460D4803F09DF804F10800FEF7F2
:1055A000B7FF10BD2346F0E71A461C461346002CF1
:1055B000F7D062688242ECD02146002BF4D01A6802
:1055C000002AF2D0002BF0D11A46EEE7640B00203F
:1055D00070B584B005463EE0D5F8D43023F004021F
:1055E000C5F8D42013F0040F0ED112F0100F14D010
:1055F0000023C5F8D43086F31188BFF36F8F04B051
:1056000070BDC5F8C03038E005F1CC04002201219E
:10561000204602F02CFF0028F8D1002302934FF01F
:10562000FF324FF0FF33CDE9002305F1C4023146CC
:105630002F48FFF71BFC0EE0204603F098F840E0EF
:105640002046FFF797FF40E0002386F31188BFF361
:105650006F8F002B49D1EFF31186102383F312884B
:10566000BFF36F8FD5F8BC40002CB5D02368C5F8C8
:10567000BC30D5F8C0209442C3D0D5F8D43043F024
:105680000203C5F8D430E36843F00102E26023F07E
:10569000040343F00103E360636886F31188BFF3FA
:1056A0006F8F20469847EFF31186102383F31288FB
:1056B000BFF36F8FE36823F00103E36013F0100F73
:1056C000BAD1E36813F0020FBAD1D5F8D43023F081
:1056D0000203C5F8D43013F4807FB5D1D5F8BC30BF
:1056E0000BB10123B1E70023AFE7FFF717FAB2E7E9
:1056F0006C0B0020F0B589B004460E9D0020C4F864
:10570000BC00C4F8C00004F1C400C4F8C400C4F86C
:10571000C80004F1CC00C4F8CC00C4F8D0003DB3FC
:10572000287938BB0120C4F8D4004FF0FF364FF081
:10573000FF37CDE9066700200490039302900190A3
:1057400000940E4B204602F06DFD55B1296811B151
:105750002046FEF74FFF6B791BB1A38943F001038D
:10576000A3812046FFF7A2FAC4F8B84009B0F0BD03
:105770000120D8E740F20110D5E700BFD15500085D
:1057800070B586074FD08418844604E003F8011BE7
:105790009D0704D09C4664456346F7D170BD013A2D
:1057A0000244A2EB0C02032A2FD9CCB204EB04244E
:1057B0000F2A04EB044438D9A2F11006350901354B
:1057C0009C464FF0000E0EF1010EAE45CCE90044B0
:1057D000CCE902440CF1100CF5D326F00F0610337F
:1057E00012F00C0F334402F00F051AD02A1F032ABF
:1057F0001C6005D9A5F10802032A5C6088BF9C6083
:1058000005F0030225F003052B44541E002AC5D0E1
:10581000C9B21970002CC1D0012C597018BF9970F1
:1058200070BD2A46F1E70346BDE71546DEE700BF37
:1058300038B540EA01039B07044622D1032A20D948
:105840008C46DCF80050A5F1013323EA050313F080
:10585000803F61460CF1040C14D1043A032A40F84D
:10586000045BEED861464B1E4AB113F8011F00F8E5
:10587000011B013A0029F7D10AB1FFF781FF204649
:1058800038BD20464B1EEFE771B1034601EB000C1B
:1058900001E0634506D01A46013311780029F8D19A
:1058A000101A7047181A7047084670470FB400B5B1
:1058B00083B004AA054B52F8041B1868019200F04B
:1058C000B9F803B05DF804EB04B07047AC9B000876
:1058D0000CB430B58BB00D4620220446002102A83E
:1058E000FFF74EFF134B03930222002D8DF80A2081
:1058F00006941DDB10D0013D2C440FAA0E99019295
:1059000002A8079400F096F8069B00221A700BB0CC
:10591000BDE8304002B070470FAA0E99079402A864
:10592000019200F087F80BB0BDE8304002B070473C
:105930000024E2E7E963000870B503F01F05082DB5
:1059400084468E4665D0C3F13703102DDCB2104675
:1059500044D04FEA9C034FEA5C0243EA8E7342EA6A
:10596000CE729A184FEA5E0141EB9E01130943EA99
:1059700001739A1841EB1111130A43EA01639A1853
:1059800041EB1121130C43EA01439B1841EB1141F8
:10599000CB185FFA8CF241F100014FEAD30C4CEACC
:1059A000417C0CEB8C03A2EB4303DBB2A3F10A02B4
:1059B000D2B2A518092B03F130064FEAD10E05F13A
:1059C000300520D91CF1010C4EF1000E092A9ABFB6
:1059D000263300F8013B00F8015BBAE70CF00F0337
:1059E000092B88BF1B194FEA1C1242EA0E724FEABC
:1059F0001E1188BFDBB2944630330A4300F8013BE6
:105A00008E46EBD170BD5CEA0E0300F8016BA0D1AD
:105A100070BD10460CF007034FEADC0C4CEA4E7CDC
:105A200030334FEADE0E00F8013B5CEA0E03F1D1A1
:105A300070BD00BF2DE9F04F8378D0F804909F0728
:105A40008BB040F132810B46804613F8010B0C46B7
:105A5000002800F0D883002500920DE01C46414646
:105A6000C847002805F10105C0F21981234613F843
:105A7000010B002800F01B812528EFD16678252E28
:105A800004F10204EBD04FF0000BDA465F461F2F03
:105A90005DD97F2F00F28A80A6F13003092B11D83F
:105AA0007E0600F1328114F8016B0AEB8A0A03EBDF
:105AB0004A0A47F02007A6F13003002E00F0E180EB
:105AC000092BF0D92A2E00F00E812E2E00F0C38172
:105AD000A6F14C032E2B00F22581DFE813F06100C4
:105AE0002301230123012301230123012301230196
:105AF0002301230123012301230123012301230186
:105B00002301230123012301230123012301230175
:105B100023012301230151012301610023015D01C0
:105B20002301230123012301230123012301CD00AC
:105B300023012301230123012301CD0047F00207A4
:105B400014F8016B47F00407002E00F09A80A6F1CC
:105B50002003102BA0D801A252F823F0415B0008CB
:105B6000995A0008995A0008B75C0008995A000829
:105B7000995A0008995A0008795C0008995A000857
:105B8000995A0008995A00083D5B0008995A000884
:105B9000D75C0008995A0008995A0008C75C0008A9
:105BA00014F8016B47F42077002E6AD0A6F14C035D
:105BB0002E2B00F2B78001A252F823F0A15B00085F
:105BC000255D0008255D0008255D0008255D0008AD
:105BD000255D0008255D0008255D0008255D00089D
:105BE000255D0008255D0008255D0008255D00088D
:105BF000255D0008255D0008255D0008255D00087D
:105C0000255D0008255D0008255D0008255D00086C
:105C1000255D0008255D0008255D0008255D00085C
:105C2000255D0008255D0008255D0008795D0008F8
:105C3000255D0008A15B0008255D0008915D000856
:105C4000255D0008255D0008255D0008255D00082C
:105C5000255D0008255D0008255D00086D5E0008D3
:105C6000255D0008255D0008255D0008255D00080C
:105C7000255D00086D5E000814F8016B002E7FF4AE
:105C800006AF002641462520C847002807DB3046DE
:105C90004146C847002805F10205BFF6E7AE98F86F
:105CA000023043F0040388F802304FF0FF352846F5
:105CB0000BB0BDE8F08F14F8016B47F01007002E11
:105CC0007FF445AFDDE714F8016B47F00107002EC4
:105CD0007FF43DAFD5E714F8016B47F00807002EBD
:105CE0007FF435AFCDE70099780651F8042B40F1E9
:105CF000C38014F8016B002E00F05D82A6F1300322
:105D0000092B009193463FF6DDAE14F8016B0BEBC7
:105D10008B0B03EB4B0B002EB3D0A6F13003092BFA
:105D2000F3D9CFE646F02003BBF1000FA3F16502E3
:105D300004DA27F04007BFB24FF0000B022A33D934
:105D4000612B31D0A6F16302122A00F2FC81DFE858
:105D500012F02E01A500FA01FA01FA01FA01A500DC
:105D6000FA01FA01FA01FA01FA01F0014E01FA0111
:105D7000FA013801FA01EF00FE0548BF47F4007749
:105D800014F8016B47F48077002E7FF40FAF78E7AB
:105D90003B0648BF47F4007714F8016B47F08007D3
:105DA000002E7FF403AF6CE7009B03F1070B2BF091
:105DB000070B0BF108030093BA4B4FF0070B3807A2
:105DC000514618D4D34516D24E461F46D14602E05E
:105DD000834508D2824641462020B04700280AF178
:105DE000FF30F5DA5BE7494601350D443B46B146E5
:105DF000A5EB0A0501461E4603EB0B0701944C4632
:105E000099462B468A4635461E4605E015F8010B95
:105E1000A0470028FFF643AFBD424146F6D14B46AE
:105E20003246A1462E46D31A019C1E44AAEB0B0A09
:105E30003546B2444E4605E0B047002805F101055D
:105E4000FFF62DAFAAEB0503002B41464FF02000D3
:105E5000F2DCB1460AE67A063FF529AF14F8016B89
:105E600047F04007002E7FF458AF0AE714F8016BA3
:105E7000002E7FF40EAE04E7002AC0F2228114F84F
:105E8000016B47F02007002E00F09581A6F130034A
:105E9000092B009192467FF606AE13E63A06009B68
:105EA00000F13B811A46F90552F8043B019200F1DA
:105EB000FD811846DB1727F010018AB2002B0092F3
:105EC000C0F2868150EA030140F05E827B0640F119
:105ED000D581BBF1000F40F0168227F01107BBB24D
:105EE000009359465B46DDF800C040F206470CF0CF
:105EF00008001CEA070F024600F06D8201310028FD
:105F000000F0C781AAEB010A0293009B13F0020F75
:105F100014BF2B20202013F4806F18BF2D20414682
:105F2000C8470028029B05F1010680F2B180B6E661
:105F300027F01007BFB20A2317F080025CD017F4D5
:105F40000071009A00F0CC80073222F007025168FD
:105F500052F8080B019207F0400C50EA0102CDF80C
:105F600000C06CD16246002A54D0BBF1000F40F053
:105F7000BB803B0740F1D1815B4604AAD61823467B
:105F800037464C469346994605E017F8010DA04761
:105F90000028FFF684AEBB454146F6D14B465A4633
:105FA000A1462E441C46019B0093B61A40E7009A76
:105FB00052F8043B8DF810304FF0010B009204AB07
:105FC000FDE6009E384A56F8043B002B08BF1346F6
:105FD00017F0400F18BF5946184608BF4FF0FF3161
:105FE0000193FFF751FC019B00968346E7E647F0DB
:105FF0001007102378269FE7009951F8040B0191B0
:1060000017F48071A7D017F400711ABFC0B21146FF
:1060100080B2A0E727F01607BAB20092002004AAC7
:1060200000210292FFF788FC029A831A009911F06E
:10603000080100F09080AAEB030A2E4628E004AA8B
:106040000292FFF779FC029A0099831A002973D013
:1060500027F0070189B25B450091C0F2D680F906AE
:1060600040F13F81009A02F00802002E40F0A98022
:10607000591C002A00F02381AAEB010A3020414676
:106080000093C8470028009B05F10106FFF607AE04
:106090009B4540F37E810BEB06054F46ED1A994672
:1060A00007E000BFC8990008C0990008AE4200F0A0
:1060B000848041463020B847002806F10106F5DA11
:1060C000EDE514F8016BC2F1000A47F02807002E35
:1060D00071D0A6F13003092B00917FF6E4ACF1E416
:1060E00052F8040B019236E704AA00210020009226
:1060F000FFF722FC009A27F01701831A89B29B450B
:10610000009140F3EE80002E40F02781390740F1E6
:106110008680AAEB0B0A2E46BDE7B80540F1DA806F
:10612000073323F007031A465B6852F8080B019205
:10613000C1E608230026FFE627F0060189B2009198
:10614000F9068FD472E7782B7FF49CADC6F1780303
:1061500043F01003F0E60098C00740F121819A4512
:10616000AAEB030025DD03EB000B002900F02081E2
:106170004FF0000A414630200093C8470028FFF640
:106180008EAD009B002E00F0AA8030464146009361
:10619000C8470028009B05F10206BFF679AF7EE5EF
:1061A0000098C70740F10E81D345AAEB0B00DADB5C
:1061B00004AA8246E2E6009163E54B4604AAB9468A
:1061C000DCE6991C002A00F09180AAEB010AD1E7D5
:1061D000404263EB430142F48063009304AA0A2324
:1061E0000292FFF7A9FB029A831A009A500640F127
:1061F000C480009A22F0010292B29B455946009257
:10620000B8BF19466FE6054651E5002E40F0908074
:1062100038073FF57EAF27F01707BAB2009259460C
:1062200000268A4540F3D380CDE902342B464C4604
:106230000D4689461F4602E0524508DA154641469A
:106240002020A047002805F10102F5DA27E53846AD
:106250002F4605464946AAEB020A0135009A6D1AF7
:106260003D44D706A146DDE9023483D4114640F20D
:10627000064211427FF448AE2E4609E704AA0A23DB
:10628000002100200292FFF757FB029A811A0B4669
:1062900029E65FEACC77604632D58A45AAEB010051
:1062A0006DDD03EB000B104682462DE6BA054BBFB1
:1062B00058B218B243F3C01343F3C033FBE5009A5E
:1062C000D00756D55145AAEB01025FDA03EB020B6A
:1062D000B2464FE753F8040B0193C317EBE56E1C6E
:1062E000D6E639076CD5AAEB030A47E6009AD2072F
:1062F00052D55145AAEB010044DB82469B4639E763
:106300008A4591DCFEE504AA0A23002000210292BE
:10631000FFF712FB029A831A6BE7BAF1000F7FF7BF
:106320002BAE27F01707BBB2009359465B467BE7BD
:10633000FA0640D538070BF102013FF546AF8A4512
:106340003FF772AFAAEB010A302041460093C847DD
:106350000028009BBFF619AFA1E45A4601F00800DF
:1063600081B200283FF41CAFAAEB0B0A2E469346DD
:106370008EE65145FFF658AF7EE61946B3E59B46DB
:106380008246C1E51021EEE6194627E792469B4674
:10639000F0E6354604AAF1E55145FFF645AF14E7AE
:1063A0009A45D8BFAAEB030A7FF766AF19463BE7C9
:1063B0002E468A466CE600995A4601F00800CFE75F
:1063C00019462EE7D34509DA594693462CE7AAEB3E
:1063D000010A2E465CE65A468B46C1E7AAEB0B0A39
:1063E0002E46934654E600BFD1E90432934202D0D0
:1063F0005A1C0A6118707047704710B5131D50F889
:10640000234074B9C368012494402343C360043219
:1064100040F82210CB001A1D89B281520633C152B6
:1064200010BDE2000432835A4FEAC10C0CF1040E95
:1064300020F80E300CF1060C20F80C40DB0006337F
:1064400089B2C1528152EBE708B500EBC1035A880B
:106450005208B2FA82F2C2F11F02FFF7CEFF08BD66
:1064600070B50346043AC81D20F007000A4422F024
:106470000702121AD508186085600023C360B5FAB8
:1064800085F1C1F1200EC1F124018900CE1DF10872
:1064900005E003F1040C002440F82C40013373455F
:1064A000F7DB1FFA81FE4FEA4E04A4B244804FF09E
:1064B000000CA0F800C044F0010444806B1A26F0E0
:1064C0000704A51C9BB25E00465320F804E022F0AE
:1064D0000704951C20F805C002440353538843F079
:1064E00001035380FFF7B0FF70BD10B50C46114695
:1064F0001A46029BA04710BD4038C0B23A288CBF54
:10650000002001207047F8B5064603784578847866
:1065100004EB83040444002706E001342046F9F725
:106520002FFE013004440137AF42F6D3A01BF8BD63
:1065300070B5144668B10D46194606462BB910468B
:10654000F9F71EFE83B2013399B22A462046B047BE
:1065500070BD1046F9F714FE0130F9E75BB32DE981
:10656000F04782B00746884691461D461A785E7805
:106570009C78DB7804EB820404EB43042C444FF05A
:10658000000A0AE014F8013B45F823402046F9F7D9
:10659000F7FD013004440AF1010AB245F2D305F1D6
:1065A000080300936B684A4641463846FFF79DFF53
:1065B00002B0BDE8F0876FF0150070472DE9F0419B
:1065C0000446884600273E4607E0702D18D028462E
:1065D000FFF792FFB8B9252D0ED014F8015B75B105
:1065E000002EF8D04745F0D02846FFF785FF002859
:1065F000F1D001370026EEE786F00106EDE7002630
:106600003046BDE8F0810026FAE70020704708B563
:1066100000F033FC08BD0FB400B583B004A951F8F5
:10662000040B0191FFF7F3FF03B05DF804EB04B036
:106630007047036913F0080F08D1C36802689342DA
:1066400007D8036A9B1A0B6001207047002008607E
:1066500070479B1A0B6000207047036913F0080F06
:1066600007D1826843689A4203D89B1A0B600020C6
:106670007047036A82689B1A0B600120704710B54F
:1066800082B0044601A9FFF7D4FF20B1E368019A64
:106690001344013B0193206A019BC01A013802B0E8
:1066A00010BD38B5036913F0040F00D138BD04469E
:1066B000456AFFF7E4FFA84238BF28466062F5E765
:1066C000C3681944036913F0010F04D1026A9142AF
:1066D00004D3891A02E0026A013A1140C16023F032
:1066E00008030361704710B4002323F0010343F053
:1066F000020361F39F03C269046842F8243003680F
:106700000B44026912F0010F04D1046AA34204D3BE
:106710001B1B02E0046A013C23400360C468A342DF
:106720000AD043681944036913F0010F08D1036AC2
:10673000994208D3C91A06E042F008020261F0E764
:10674000036A013B1940416010BC70472DE9F04FCE
:1067500083B00446019117469846C569C66805EBA3
:10676000860B15F8263003F00303022B24D00021FA
:1067700000233B60C8F8003019BB236913F0020FF7
:1067800075D0A36958469847824615F8269019F0A7
:1067900001096ED015F8263013F0020F3BD0019B93
:1067A000BBB962685244236913F0010016D1216A13
:1067B0008A4216D3521A14E055F82610C1F39D01EF
:1067C000D6E72046FFF77CFFE368A3604FF001099E
:1067D0004FE019462046FFF786FFE2E7216A0139BC
:1067E0000A406260E168A268914206D0A268226015
:1067F000E26043F0080323613BE0524420B9216A80
:106800008A4204D3521A02E0216A01390A40A26086
:106810004FF00009EAE701462046FFF751FFE36821
:10682000A360019B23B1E3692268002143F8221091
:10683000019B5344C8F8003022681344226912F0C7
:10684000010F04D1216A8B4204D35B1A02E0216A52
:1068500001390B40236042F00802226115F826300E
:1068600023F0010305F82630C7F800B001E04FF02F
:106870000009484603B0BDE8F08F30B453180469EE
:1068800014F0010F04D1056AAB4204D35B1B02E094
:10689000056A013D2B4005689D4214D0002323F07A
:1068A000010343F0020362F39F03C46944F82130FB
:1068B00043681344026912F0010F09D1026A93423E
:1068C00009D39B1A07E0016024F00804046103E087
:1068D000026A013A1340436030BC704708B5002398
:1068E000036043608360C360036143618361CA687E
:1068F00082618A6842610A68C2614A6802624362D0
:106900000B6903612AB1511E0A4202D143F001030F
:10691000036128300122002101F038FC08BD2DE977
:10692000F04F87B09A46002305930393036A8B4286
:10693000C0F08980044689469346002301930126CE
:10694000009341E001992046FFF797FF002303934E
:1069500045E0E369226803EB8201009113F82210FD
:1069600021F0010103F82210C9B221F0020103F85D
:10697000221023684B44226912F0010F04D1216ACE
:106980008B4204D35B1A02E0216A01390B40236079
:10699000E1688B4201D0002608E042F00802226143
:1069A000002603E02046FFF79EFE2E4688F311885E
:1069B000BFF36F8F059929B163690BB120469847E2
:1069C00000230593002E40D0EFF31187102383F3AB
:1069D0001288BFF36F8FB846039A002AB2D104A978
:1069E0002046FFF726FE054604994945B1D2002806
:1069F000D8D15AEA0B030BD1002ED7D023680193CC
:106A000003AB05AA04992046FFF7A0FE0646CDE792
:106A100001F0F5FB0028EFD1002FEDD187F31188AD
:106A2000BFF36F8F04F128005A465346FDF7ACFDC3
:106A3000EFF31188102383F31288BFF36F8FB0FA3E
:106A400080F67609B2E700230093009807B0BDE80E
:106A5000F08F70B504460D46836908469847EFF3FA
:106A60001186102383F31288BFF36F8F2B7843F0C6
:106A700001032B7063681844236913F0010F04D1DC
:106A8000236A984204D3C01A02E0236A013B1840EB
:106A900060602046FFF705FE86F31188BFF36F8F15
:106AA00070BD2DE9F04182B00446002730E053F874
:106AB0002210890850D145E0226A013A1340A360B0
:106AC0002046FFF7FDFD01273B461CE013F822108E
:106AD00041F0020103F82210D4F80880A369284687
:106AE00098474044236913F0010F04D1236A984268
:106AF00004D3C01A02E0236A013B1840A0600023BF
:106B000001E000231D4686F31188BFF36F8F8BB31E
:106B1000EFF31186102383F31288BFF36F8F01A95F
:106B20002046FFF79AFDE369A26803EB820501990D
:106B30000029E6D013F8221011F0030117D0022922
:106B4000B5D0002113F8220010F0010FBED119B901
:106B5000A369284698470146A3680B44226912F0AE
:106B6000010FA9D1226A9342A9D39B1AA7E7002358
:106B70001D46C8E707B11DB1284602B0BDE8F08147
:106B800004F12800FDF7C4FCF6E770B504460D4695
:106B90008369084698470146EFF31186102383F373
:106BA0001288BFF36F8F2B7823F001032B702369BA
:106BB00013F0020F0AD0E369E26803EB8203AB42F1
:106BC00004D02B6860F39F032B600AE02B7823F03E
:106BD00002032B70E268A3689A420BD02046FFF7AD
:106BE0006FFD86F31188BFF36F8F04F12800FDF766
:106BF0008FFC70BD0B44226912F0010F04D1226A90
:106C0000934204D39B1A02E0226A013A1340A36024
:106C1000E4E710B582B0EFF31184102383F31288F8
:106C2000BFF36F8F01A9FFF718FD84F31188BFF33D
:106C30006F8F0198003818BF012002B010BD704757
:106C400038B505460C460321A047002806DB012184
:106C50002846A047002800DB002038BD10F1860F31
:106C6000FBD1F4E710B4846891FAA1F39BB1B3FAB5
:106C700083F35B004FF0030C0CFA03F324EA0303E5
:106C800091FAA1F149B1B1FA81F149008A40134367
:106C9000836010BC70472023EBE72021F5E710B498
:106CA000C46891FAA1F39BB1B3FA83F35B004FF090
:106CB000030C0CFA03F324EA030391FAA1F149B19E
:106CC000B1FA81F149008A401343C36010BC704798
:106CD0002023EBE72021F5E708B5FFF7E0FF08BD2B
:106CE00010B4046A91FAA1F39BB1B3FA83F39B0049
:106CF0004FF00F0C0CFA03F324EA030391FAA1F10D
:106D000049B1B1FA81F189008A401343036210BC92
:106D100070472023EBE72021F5E710B4446A090A05
:106D200091FAA1F39BB1B3FA83F39B004FF00F0CE0
:106D30000CFA03F324EA030491FAA1F149B1B1FA80
:106D400081F189008A401443446210BC70472023BB
:106D5000EBE72021F5E710B4046891FAA1F39BB1A9
:106D6000B3FA83F35B004FF0030C0CFA03F324EA4D
:106D7000030391FAA1F149B1B1FA81F149008A40C6
:106D80001343036010BC70472023EBE72021F5E795
:106D90002DE9F8430F461546984643685E6801247E
:106DA0008C4002F03009C2F38013706820EA0400BE
:106DB0008B4018437060C2F3C11221463046FFF782
:106DC00051FFC5F3412221463046FFF785FFB9F157
:106DD000200F08D04FEA191221463046FFF7BBFFBB
:106DE0000020BDE8F883072F05D8424621463046EB
:106DF000FFF776FFEEE7424621463046FFF78DFF6C
:106E0000E8E7037813F0040F01D00020704703680F
:106E1000C3F34A2000EB1350173020F0070080081E
:106E2000704710B504460368DB6803B19847636890
:106E300001229A7110BD002070470120704708B5EB
:106E400020EAE073D9178A0042EA93729800C018CA
:106E500041EB020100184941FDF7ECFE08BD08B501
:106E600000220023FFF75BFD08BD08B5FFF78DFE8C
:106E700008BD08B5FFF7CDFE08BD00B585B003918C
:106E80000290002001900090034602460146FAF766
:106E900041FD05B05DF804FB08B50120FAF780FA62
:106EA00008BD08B5FAF71CFB08BD08B5FFF7D1FD12
:106EB000FAF7C6FB08BD0020704708B54368DA71D1
:106EC00043681960436801225A71FAF759FA08BDFC
:106ED00091B170B514460D46536896689B1B8B4262
:106EE0000CD313680A4601469819F9F7B5F9A36857
:106EF0002B44A360284670BD002070476FF01B0034
:106F0000F9E770B588B10E4614461946054633B107
:106F10001030C2F34A23120D1844F9F79DF92C6082
:106F20006E602846FAF7CEFB70BDFAF739FAFBE738
:106F30002DE9F04383B006460F4615461C4603F183
:106F400001094FEA890808F1170020F007008008BE
:106F5000FAF7BEFA002201928DF8049068B100F1B0
:106F6000140C019B0361964605E055F82E304CF851
:106F7000043B0EF1010EA645F7D3002267F38812F9
:106F800068F3532200233146FFF7BBFF03B0BDE88F
:106F9000F08300B583B00192012301AAFFF7C8FF77
:106FA00003B05DF804FB00B583B0009201930223A7
:106FB0006A46FFF7BDFF03B05DF804FB00B585B07E
:106FC00001920293069B0393032301AAFFF7B0FFEC
:106FD00005B05DF804FB08B5FAF7F0FB08BD2DE934
:106FE000F04180460768856843681C685E6805E074
:106FF000324621462846B847241A0544002CF7D1CA
:10700000D8F8043000221A60BDE8F08138B5054692
:107010000C464B681A68CB689A420FD06368BFF37E
:107020005B8F53E8002F511C43E800100028F8D173
:10703000BFF35B8FA3689D54002038BD0846FFF75F
:10704000CEFFEBE738B504460D460A2805D02946A1
:107050002046FFF7DBFF002038BD0D20FFF7D6FFED
:10706000F5E708B513460122FAF70EFD08BD08B58D
:1070700013460022FAF708FD08BD38B505460C4650
:1070800001F00101FFF7F3FF21462846FAF792FDD0
:1070900038BD2DE9F04383B080460E4615461F46A5
:1070A000DDF828902C46102D28BF1024CDF8009034
:1070B0003B46224631464046FAF790FD26442D1BBA
:1070C000F0D103B0BDE8F0832DE9F04389B0064666
:1070D0000C469046D1F808900F88C7F382170878BD
:1070E000C0F3C2050846FAF76BFC011E1BDA002349
:1070F000214651F8105BC5F34A256288C2F30B1292
:10710000481905B90021CDF8188005920490039123
:10711000029700220192009249463046FAF7C0FDDC
:1071200009B0BDE8F0832846FAF722FB0346DFE703
:107130002DE9F04180460768856843681C685E68F1
:1071400005E0324621462846B847241A0544002C5B
:10715000F7D1D8F8043000221A60BDE8F081436806
:107160001B685B6899610020704743681B681A6858
:1071700052685360704708B543681B685A6801211C
:1071800011771868FFF7D4FF08BD08B543681B687E
:107190001868FAF7CBFD08BD38B50C4643681D6882
:1071A0006B689869FAF7D4F803460F2221462868DD
:1071B000984738BD08B5FEF7E3FA08BD08B5F9F7FA
:1071C0004BF808BD08B501460068FAF7F5FE08BDA2
:1071D00008B5FAF70DFFFBF739FB08BD0020704733
:1071E00008B500231370CB1E092B1AD8DFE803F073
:1071F00005090D111919191919141146FBF77CF914
:1072000012E00021FBF7D4F80EE00021FBF748F86C
:107210000AE0FAF761FF07E01146FAF7C7FF00201E
:1072200002E0FAF7D1FF002008BD08B540B2FBF735
:1072300055FA08BD08B5013140B2FBF75DFA08BD4B
:1072400008B500210120FAF7B7FE08BD08B5FBF725
:1072500091FA08BD6FF08500704761B662B680F3A1
:107260001188BFF36F8F704772B6002383F31188C4
:10727000BFF36F8FBFF34F8F30BF62B6BFF36F8F17
:10728000704743685A1E134206D11F2B06D9036864
:107290001A4205D000207047002070470020704738
:1072A0000120704700B585B00B6801934B688A6870
:1072B000202B12D9B3F1004F11D8013BB3FA83F35D
:1072C000C3F11F035B0003F03E031343039301A9C3
:1072D000FBF77CFB05B05DF804FB0823F5E73E23D4
:1072E000F3E7F0B585B0054603A8FAF789FD064631
:1072F000002435E0B3F1007F00F0B280B3F1805F8D
:1073000000F0C880B3F1807F29D15768095893688D
:10731000202B40F2A180B3F1004F00F29F80013B8F
:10732000B3FA83F3C3F11F035B0003F03E0343F0A2
:10733000887300970191029307E0082343F0885374
:1073400043F4302300970191029369462878FBF7B4
:107350003DFB0028C0F2BA802B7801332B7001343A
:10736000B44280F0B6802001039901EB0412D36887
:107370006FF31303B3F5000F54D0BBD8B3F5001F60
:1073800018D0B3F5800F31D0B3F5801FE7D157681F
:1073900009589368202BD0D9B3F1004F08D8013B8E
:1073A000B3FA83F3C3F11F035B0003F03E03C5E7A9
:1073B0003E23C3E7576809589368202B12D9B3F1CD
:1073C000004F11D8013BB3FA83F3C3F11F035B00F5
:1073D00003F03E0343F0885343F4002300970191E8
:1073E0000293B2E70823F5E73E23F3E7576809580D
:1073F0009368202B12D9B3F1004F11D8013BB3FA97
:1074000083F3C3F11F035B0003F03E0343F0C0634B
:1074100043F4003300970191029396E70823F5E7C0
:107420003E23F3E7576809589368202B10D9B3F12E
:10743000004F0FD8013BB3FA83F3C3F11F035B0086
:1074400003F03E0343F082730097019102937CE7BF
:107450000823F7E73E23F5E7082368E73E2366E7BE
:10746000576809589368202B10D9B3F1004F0FD8F3
:10747000013BB3FA83F3C3F11F035B0003F03E0348
:1074800043F480230097019102935EE70823F7E716
:107490003E23F5E7576809589368202B12D9B3F1BA
:1074A000004F11D8013BB3FA83F3C3F11F035B0014
:1074B00003F03E0343F0885343F4003300970191F7
:1074C000029342E70823F5E73E23F3E76FF0150048
:1074D00000E0002005B0F0BD08B5FBF7C7FA08BD15
:1074E00008B5FBF7CDFA08BD08B50B69496998479F
:1074F000002008BD08B5FBF753FB002008BD08B508
:10750000FBF774FB08BD08B5062201210020FBF73C
:10751000BDFB002211460620FFF78CFE0722012149
:107520000846FBF7B3FB002211460720FFF782FE57
:10753000082201210220FBF7A9FB002211460820A6
:10754000FFF778FE092201210320FBF79FFB0022B1
:1075500011460920FFF76EFE0A2201210420FBF7E5
:1075600095FB002211460A20FFF764FE1722052131
:107570000846FBF78BFB002211461720FFF75AFE47
:10758000282206210A20FBF781FB00221146282031
:10759000FFF750FE002008BD01F01F0101208840C8
:1075A000704708B50246084602F0030304339B0007
:1075B0000F21994041EA9201FBF79EFB08BD08B5F7
:1075C00000F0030304339B000F2202FA03F343EAA3
:1075D0009000FBF7ADFB08BD836813F0010F03D1EA
:1075E000836843F0010383600020704743681A6892
:1075F000936843F0804393607047836813F0010FF2
:107600000ED0036813F0100F00D059B1836823F037
:1076100001038360836813F0010FFBD100207047E2
:10762000002070476FF00F00704708B5D0F8AC30FD
:10763000C0F8B030D0F8A800FFF7D8FF08BD19B1E6
:10764000D0F8B030C0F8AC307047FF2380F8BE30BF
:1076500080F8BF30704700B52C3001F4407C4FF407
:10766000407393FAA3F3ABB1B3FA83F32CFA03FCA0
:1076700050F82C3001F01F014FF01F0E0EFA01FEE2
:1076800023EA0E0302F01F028A40134340F82C3015
:107690005DF804FB2023E9E710B50C3001F0007E13
:1076A0004FF0007393FAA3F323B3B3FA83F32EFAE4
:1076B00003FE50F82E4001F0F8714FF0F87393FA82
:1076C000A3F3CBB1B3FA83F321FA03F34FF0070C22
:1076D0000CFA03F324EA030C4FF0F87393FAA3F3C4
:1076E00063B1B3FA83F3D9408A404CEA020240F80E
:1076F0002E2010BD2023DAE72023E5E72023F2E740
:1077000038B584460D4600F17C0E0C460FCCAEE831
:107710000F002368CEF800300023CCF870302B68BF
:1077200053B10CF190040FCB84E80F00CCF87C40EF
:107730000023ACF8A03018B96046FFF776FF38BDDB
:107740000023BFF35B8F5CE8002F4CE80031002979
:10775000F9D1BFF35B8F6046FBF708FDEFE790F8C8
:1077600078300BB10020704710B5044658304FF008
:10777000FF324FF0FF33FCF707FF00B12067206FA7
:1077800010BD70B504460E46154640304FF0FF322E
:107790004FF0FF33FCF7F8FE84F87860656770BD42
:1077A00008B590F8783003B111B14030FCF7B0FE65
:1077B00008BD70B504460D46066919463046FFF708
:1077C000E0FF29462046FBF70BFD04460146304604
:1077D000FFF7E6FF204670BD08B50123FFF7E9FF7C
:1077E00008BD08B500231A46FFF7E3FF08BD08B53A
:1077F000836C03B108BD4030FCF78AFEFAE700B5A0
:1078000083B001AA00F049FA002805DB019B0022A1
:107810001979186800F05AFA03B05DF804FB08B54E
:10782000BFF35B8F50E8003F5A1C40E8002100295D
:10783000F8D1BFF35B8F1BB16FF00F03036708BD77
:10784000FFF7F3FEFBE708B50838FFF7E8FF08BDD0
:1078500008B5002211461220FFF7ECFC1220FFF7BA
:10786000E4FC08BD38B504460D46FFF7EEFE94F87B
:10787000783033B905B1256704F15800FCF748FEAC
:1078800038BD606F10B12946FDF7EEFD04F14000F0
:10789000FCF73EFEF4E710B50446C36FABB10846F3
:1078A000D4F8943043B1B4F8A02004F17C01984797
:1078B000012814D0022805D0B4F8A030B4F89C20D8
:1078C000934207D3D4F890302BBB00212046FFF71A
:1078D000C9FF10BD0133A4F8A030002100E0012150
:1078E0002046FFF7ACFED4F890301BB92046FFF7D6
:1078F0009CFEEEE7BFF35B8F54E8003F5A1E44E85E
:1079000000210029F8D1BFF35B8F012BE1DD204678
:10791000FFF78BFEDDE704F10800FDF76FFDD4E70C
:10792000B0FBF1F002FB00F0B0FBF3F07047B0FBEE
:10793000F1F070470B88C3F30B0303F57D62C2F3CC
:107940000B02782A15D882B003F1804303F50E3379
:107950004A68186802431A600B88C3F30B0303F1EB
:10796000804303F50E331B680193019B002002B096
:1079700070476FF0850070470B88C3F30B0303F566
:107980007D62C2F30B02782A0AD803F1804303F523
:107990000E3349681A6822EA01021A600020704713
:1079A0006FF08500704770B54C68C4F304450888D3
:1079B000C0F30B00FBF716FE002815DBA6B2FF2C68
:1079C00013D006F1804202F50E32C4F34151013169
:1079D00001238B40013BAB40240EAC40116821EAEF
:1079E00003031C431460002070BD0020FCE708B5B1
:1079F0000888C0F30B0000F57D63C3F30B03782BFD
:107A00000BD800F1804000F50E3002684B689343BC
:107A100001D0012008BD0220FCE7FBF7E3FD08B11F
:107A20000120F7E70220F5E770474FF48000704728
:107A30000B4639B11168196041688A4209D00023A8
:107A4000136070471368036041688A42F7D143604E
:107A5000F5E74360F3E708B50A460368002101E053
:107A600019461B682BB19342FAD1FFF7E1FF0120C1
:107A700000E0002008BD70B504460D4616460368B8
:107A800033B1FFF7E8FF70B91EB96FF0150006E0DB
:107A900032B123682B602560636843B1002070BD5C
:107AA0006FF01500FBE7002EF3D10020F7E76560CB
:107AB0000020F4E770B50E461546016821B10C6848
:107AC0003CB131B90C4604E00C4602E023462146A5
:107AD0001C4671B18A682A4002D04B6830469847EC
:107AE000002CF3D02368002BF1D0002CEFD12346DB
:107AF000EDE770BD08B5024608690830FFF7DAFF08
:107B000008BD10F4003F14D010F0020F04D010F0A4
:107B1000040F34D0502300E0102310F0100F02D0D7
:107B200043F4007312E010F0200F0FD043F4806391
:107B30000CE010F4803F08D010F0100F14D110F0BA
:107B4000200303D04FF4806300E0302300F4C060D2
:107B5000B0F5806F10D0B0F5C06F08D0B0F5007FE1
:107B600007D143F0800304E04FF40073EEE743F4E1
:107B7000C0730B600020704743F48073F9E76FF027
:107B80008500704743685B681B690B600020704785
:107B900043685B68586942400A4042405A6100208D
:107BA000704743685B6899610020704743685B6871
:107BB000090499610020704743685B685A69514025
:107BC00059610020704708B500690830FFF753FF7E
:107BD00008BD38B504460D460846FFF7F0FCA04244
:107BE00000D038BD29462046FFF7D6FC0446FBF7F7
:107BF000CBF82046FBF722F900212046FBF7CCF812
:107C0000EFE72DE9F04383B005460E461446D0F861
:107C1000108001A91046FFF774FF074668BB14F4F3
:107C2000403914D0D8F8043023FA06F212F0010FCC
:107C300004D10122B2401343C8F8043014F4003FC9
:107C400005D014F4002F1CD114F4802F1FD1002371
:107C5000019A31462846FFF79BF8B9F1000F0CD185
:107C6000D8F8043023FA06F212F0010F05D00122F1
:107C7000B24023EA0203C8F80430384603B0BDE836
:107C8000F0830121B1402846FFF78BFFDFE7012198
:107C9000B1402846FFF78AFFD9E700B503681360B3
:107CA00001E008331360136890F804C0D0F800E0D6
:107CB0000EEBCC0C634505D293F805C08C45F0D192
:107CC000002001E06FF001005DF804FB2DE9F84FA2
:107CD00080468A46002426461AE005F01F02102A34
:107CE00025D0112A21D0C5F34420F9F7E7F98146C0
:107CF00098B3C5F3431B05F01F073B463246594670
:107D0000FFF746F8002826DB112F12D00134E4B229
:107D100054451FD208EBC40358F8345015F0100F27
:107D2000DBD15E6846F02006DDE75E68DBE73026E3
:107D3000D9E7D9F804305A6816F4006F04D001234B
:107D400003FA0BF39361E1E7012303FA0BF31B043E
:107D50009361DBE70020BDE8F88F6FF01200FAE7CF
:107D600043681868C1F34B1301F01F01C358012089
:107D700000FA01F10B40003B18BF012313700020F3
:107D8000704710B443681C68C1F34B1001F01F0129
:107D9000235801228A4013432350002010BC70470F
:107DA00010B443681C68C1F34B1001F01F01235845
:107DB00001228A4023EA02032350002010BC7047AE
:107DC00038B504460D46FFF7DCFF29462046FFF78D
:107DD000E7FF002038BD08B58368DB680BB1984722
:107DE00008BD6FF05700FBE703691B681B680B6059
:107DF00043681B68DB6803F4C063B3F5806F04D08D
:107E0000B3F5C06F11D1012300E002230B71436869
:107E10001B681B6903F44053B3F5805F07D0B3F5CB
:107E2000405F06D0FBB9012304E00023EEE7002306
:107E300000E002234B7143681B68DA68DB6803F4D7
:107E4000C06312F4805F10D1A3B903238B71436820
:107E50001B685B6903F44073B3F5407F0CD00023CB
:107E6000CB71002070470323E4E70BB90423EDE74F
:107E70000323EBE70223E9E70123F1E700B583B031
:107E800043681868036813F0080F05D0036801936E
:107E9000019B43680193019B036813F0200F04D0FA
:107EA0009047002003B05DF804FB4FF0FF30F9E786
:107EB00010B543681868036813F0800FFBD0EFF328
:107EC0001184102383F31288BFF36F8F036813F0BC
:107ED000800F04D184F31188BFF36F8FEBE79047D5
:107EE00084F31188BFF36F8F10BD43680B70704728
:107EF000C9B24160704784B043681B68186810F0CD
:107F0000080000D001201A6812F0010F01D040F0E3
:107F100002001A6812F0020F01D040F004001A6843
:107F200012F0040F01D040F020001A6812F4807F94
:107F30002AD040F008006FF480721A6010F0010F30
:107F400005D01A680092009A5A680092009A10F0C0
:107F5000020F05D01A680192019A5A680192019A9B
:107F600010F0040F05D01A680292029A5A68029221
:107F7000029A10F0200F05D01A680392039A5B68EA
:107F80000393039B04B0704710F0080FD6D0D2E7DC
:107F9000F8B50C46476803691D680979012904D0C2
:107FA00002290ED14FF4806301E04FF4C06362797F
:107FB000012A08D0022A08D0002A4BD14FF480525F
:107FC00005E00023F3E7002201E04FF44052A679D8
:107FD000042E42D0002943D14FF0000CE179012951
:107FE00041D00021A54241D03F68FE6806F4C06E32
:107FF000734504D0FE6826F4C0663343FB604368D3
:108000001E68336903F440539A4204D0336923F461
:1080100040531A43326143681E68F36803F4805387
:108020009C4505D0F36823F480534CEA0303F360C6
:1080300043681A68536903F44073994204D0536942
:1080400023F440730B43536121682B68994228D174
:108050000020F8BD4FF40052B9E74FF4805CBDE753
:108060004FF4805CBAE74FF44071BBE73E68F568B7
:1080700025F4B05543EA0C032B43F360336923F432
:1080800040531343336143681A68536923F44073C0
:108090000B4353612168FBF747FC0028D9DB002024
:1080A000D7E7FBF741FC0028D3DB23682B600020D7
:1080B000CFE700B583B001AAFFF7EFFD002805DB8D
:1080C000019B002219791868FFF700FE03B05DF8E4
:1080D00004FB38B504464568FBF70EFC00280BDBB3
:1080E0000021686AFFF7E5FF002805DB2046FBF763
:1080F00071FD002800DB002038BD08B5EFF31181C9
:10810000102383F31288BFF36F8FFDF729F808BDA2
:1081100010B50446436993B19847024630B1002830
:108120000BDBFF2A00DDFF22E3681A70E1684B7861
:1081300043F001034B70504210BD4242F1E7002270
:10814000F4E760B1C3685A7812F0010F03D01B78CE
:108150001BB10020704700207047012070470020AD
:108160007047EFF31183102383F31288BFF36F8FEF
:10817000FEE708B5EFF31183102383F31288BFF3F2
:108180006F8FFFF771F8F5E700BF70475AB18A4269
:108190000CD38160C2600060406000F11003036195
:1081A0004361002070476FF0150070476FF01500B5
:1081B0007047F8B50546D31D23F007037F3323F03E
:1081C0003F0301F14007A3F140063F2B07D80022EF
:1081D00082F31188BFF36F8F0422104602DFCC18A0
:1081E00021462846F9F71CFF073020F00700C5F8A4
:1081F0009870C5F89C60C5F8A000201AF8BDEFF390
:108200000580003818BF012070477830704710B4DF
:1082100000248460838102748173C4738461C461A7
:1082200010BC7047F0B587B00446129E139D00271E
:108230000597109F04970F9F03970E9F02970D9F1E
:1082400001970C9F0097FCF7E7F9B5F1FF3F08BFD6
:10825000B6F1FF3F02D1204607B0F0BD32462B46B3
:108260002046FCF7B9F9F6E70020704738B5044618
:108270000D46FCF7CFFA237C43F00203237425B3A9
:10828000A5602B689D4207D1002305E019466A6866
:10829000934215D01B687BB993B194F90E1093F9F2
:1082A0000E209142F2D0521A002AEFDD5A68626025
:1082B000236014605C6008E00029EDD10B46EBE719
:1082C0006B68256063601C606C6038BD70B50646E5
:1082D000046884421AD0DCB16268236813605A6073
:1082E000002525606560237C23F002032374A560CC
:1082F00004F1180000F023F9C4F8B0502046FCF750
:1083000031FA3468A642E6D10024E4E70024E2E72B
:1083100070BD70B5044616461D46FFF7A7FF3246EE
:108320002B462046FCF738FB70BD38B504460023C9
:10833000EFF31185102282F31288BFF36F8F04E0F0
:1083400085F31188BFF36F8F012343B92046FFF7F0
:108350008BFF0028F4D12046FCF704FAF0E738BD83
:108360000023EFF31181102282F31288BFF36F8F85
:1083700004E081F31188BFF36F8F01237BB9836819
:10838000002BF6D04268036813605A600023036034
:108390004360027C22F0020202748360E9E77047C6
:1083A00008B5037C13F0280F13D183685BB14268D2
:1083B000036813605A60002303604360027C22F06C
:1083C000020202748360037C23F004030374FCF74D
:1083D000C9F908BD38B5A0F118050023EFF31184E1
:1083E000102282F31288BFF36F8F07E02846FFF751
:1083F000D7FF84F31188BFF36F8F0123002BF5D0D3
:1084000038BD01460023EFF3118C102282F312884D
:10841000BFF36F8F184605E000208CF31188BFF37F
:108420006F8F01238BB908688142F5D00028F4D002
:108430004268036813605A60002303604360027C53
:1084400022F0020202748360E7E7704710B5044629
:10845000FFF786FF04F1180000F071F810BD08B5B1
:10846000FCF766F908BD031D4360836070472DE982
:10847000F0410546884617460023EFF31186102287
:1084800082F31288BFF36F8F184604E086F31188D9
:10849000BFF36F8F0123F3B92C68A542F6D0002CEF
:1084A000F4D0C4F8B08067616268236813605A60D2
:1084B00000232360636094F810C02CF0020C84F851
:1084C00010C0A36004F1180000F039F82046FCF752
:1084D00049F90120DAE7BDE8F08110B50446FCF760
:1084E0008DFD48B102460369416920691B18606926
:1084F00041EB0001136151616268236813605A60A7
:1085000000232360636010BD10B50446FCF76CFDCA
:1085100078B1036942691B1B62EBE472B3F1004F4F
:1085200072F1000108DA002A01DB184610BD0023B1
:10853000FBE76FF00040F9E76FF00040F6E72DE948
:10854000F04104460025EFF31187102383F31288CE
:10855000BFF36F8F6FF0150014E0FCF75BFDFFF7C2
:10856000D3FF0021FBF7E8FB404606E02269636980
:10857000B3F1004F08BF012A18D087F31188BFF369
:108580006F8F0125A846BDB92368002BEED0FCF7FC
:108590002BFD06462046FFF7A0FF00224FF00043C8
:1085A000C4E90423A642D8D02846E6E700224FF0CB
:1085B0000043C4E90423E0E7BDE8F08108B5FCF717
:1085C00031FE08BD08B5FCF72DFE08BD0162426210
:1085D0000023036300F118028261C26103604360FB
:1085E0004363704708B160387047704738B50D462F
:1085F0008068FFF7F7FF037C13F0020F01D1002022
:1086000038BD0446FFF722FF082D0AD00023C4F826
:10861000B030237C13F01F0FF1D12046FFF785FE09
:10862000EDE76FF00303F2E770B58468237873B168
:1086300054F8045C5DB1A4F1140604F11400FFF7D2
:108640007EFF0023E3623146284600F099F80020BF
:1086500070BD70B504460D468668D6B17378012B9F
:108660000DD0022B12D0002030700023A360E368ED
:10867000C3F386322A4362F39433E36070BDFFF79D
:10868000B5FF002333709842EFDAF7E7FFF7CCFF2E
:10869000F7E70020E9E738B5EFF31185102383F3FE
:1086A0001288BFF36F8F0468A04211D062682368FC
:1086B00013605A600023236063602046FFF7C9FF00
:1086C00085F31188BFF36F8F201E18BF012038BDBE
:1086D0000024F5E70B4639B11168196041688A42F8
:1086E00009D00023136070471368036041688A4211
:1086F000F7D14360F5E74360F3E730B108B50022F6
:108700001146C430FFF7B3FE08BD0020704770B5B6
:108710000D46C36813F0020F22D1044613F0040F74
:1087200023D10B68ABB1E36813F0010F14D0A36839
:108730002B60022621462868FCF7DCFE002811DBAE
:10874000E36843F00403E3602B68A36036B130466E
:108750000AE083680B60E6E70126EBE7304601E0BC
:108760006FF00F0000232B6070BD0020FAE708B502
:10877000C36823F01003C3601030FBF7C9FE08BDC7
:1087800010B582B001900846EFF31184102383F3F3
:108790001288BFF36F8F01A9FFF7B9FF84F3118827
:0887A000BFF36F8F02B010BDA2
:0887A8003E7CFF7F0100000090
:1087B0000000000058880008451000080000000074
:1087C00000000000748800080000000054890008C0
:1087D0000000000038890008000000001C89000823
:1087E00000000000708900080000000000890008F7
:1087F00000000000E488000800000000C8880008AD
:1088000000000000AC88000800000000908800080C
:108810000775000800000000000000008C890008B7
:1088200000000000A88900085D3700080000000073
:108830009D3C000800000000F51200080000000048
:10884000C92B000800000000C95400080000000007
:0888500000000000C4890008CB
:10885800C897000800000000748C00082C01002054
:10886800000000000936000800000000D897000842
:10887800C89C0008648C00082E010020000000003D
:108888000000000000000000648E0008D099000875
:10889800408C000818010020B8090020AD1000081D
:1088A80000000000748E0008E4990008408C00085D
:1088B8001A010020C8090020AD10000800000000BF
:1088C800848E0008F8990008408C00081C010020DC
:1088D800D8090020AD10000800000000948E0008A0
:1088E8000C9A0008408C00081E010020E8090020AE
:1088F800AD10000800000000A48E0008209A0008AF
:10890800408C000820010020F8090020AD10000864
:1089180000000000B48E0008349A0008408C00085B
:1089280022010020080A0020AD1000080000000005
:10893800C48E0008489A0008408C000824010020D2
:10894800180A0020AD10000800000000D48E0008AE
:108958005C9A0008408C000826010020280A0020A4
:10896800AD10000800000000D494000800000000CA
:10897800000000002801002000000000FF7400082B
:108988000000000070980008CC9C0008908C00083B
:1089980030010020F0000020D38000080000000013
:1089A800809800081C9D0008908C00083201002067
:1089B800FC000020D380000800000000AC970008ED
:1089C800CC9B0008308C00082A0100200000002001
:0889D80011330008000000004B
:1089E0000000000041720008000000004172000811
:1089F0000000000041720008000000004172000801
:108A000000000000417200080000000041720008F0
:108A1000C89B0008B12C0008C49B0008B12C0008BA
:108A2000C09B0008B12C0008BC9B0008B12C0008BA
:108A3000B89B0008B12C000800000000417200083B
:108A400000000000417200080000000041720008B0
:108A500000000000417200080000000041720008A0
:108A60000000000041720008000000004172000890
:108A700000000000D533000800000000417200082B
:108A80000000000041720008000000004172000870
:108A90000000000041720008B49B0008B12C0008DF
:108AA0000000000041720008000000004172000850
:108AB0000000000041720008000000004172000840
:108AC0000000000041720008000000004172000830
:108AD0000000000041720008000000004172000820
:108AE0000000000041720008000000004172000810
:108AF0000000000041720008000000004172000800
:108B000000000000417200080000000041720008EF
:108B100000000000417200080000000041720008DF
:108B2000B09B0008B12C0008000000004172000852
:108B300000000000417200080000000041720008BF
:108B400000000000417200080000000041720008AF
:108B5000000000004172000800000000417200089F
:108B6000000000004172000800000000417200088F
:108B7000000000004172000800000000417200087F
:108B8000000000004172000800000000417200086F
:108B9000000000004172000800000000417200085F
:108BA000000000004172000800000000417200084F
:108BB000000000004172000800000000417200083F
:108BC000000000004172000800000000417200082F
:108BD000000000004172000800000000417200081F
:108BE000000000004172000800000000417200080F
:108BF00000000000417200080000000041720008FF
:108C000000000000417200080000000041720008EE
:108C100000000000417200080000000041720008DE
:108C200000000000417200080000000041720008CE
:108C3000E5300008E3770008D9770008E40C00006D
:108C4000037C0008857B0008917B0008A37B00085B
:108C5000AD7B0008B97B000879370008C77B0008A6
:048C60000000000010
:108C6400617D0008837D0008A17D0008C17D0008A6
:108C740035790008797900080000000055340008AF
:0C8C8400EF79000800000000A77900084C
:108C9000D9380008E9380008F77E0008A53A00082E
:048CA000E97D000862
:108CA400BC97000803000000448E00080300000085
:108CB400F494000803000000008F00080300000083
:108CC400048F0008030000002C900008030000003B
:108CD400589400080300000088990008030000006D
:108CE400988D000803000000C097000803000000EE
:108CF400E48E000803000000588E00080300000002
:088D0400909800080300000034
:108D0C00649B0008C80000201890000801000000B7
:108D1C00040000000F00000001000000080000002B
:108D2C00200000006400000074000000100000002F
:108D3C000C0000000E000000500000007800000045
:108D4C00AC000000FFFFFFFFFFFFFFFFFFFFFFFF77
:048D5C00FFFFFFFF17
:108D600044000000004000006E75636C656F5F6634
:108D700034303172652F73746D333266343031782C
:108D80006500000048656C6C6F20576F726C642141
:108D90002025730A000000006F735F686561700032
:108DA00028756E7369676E65642920636861722037
:108DB0002A207573656420666F72202525702061F6
:108DC0007267756D656E742E204974277320726505
:108DD000636F6D6D656E64656420746F206361738D
:108DE0007420697420746F20766F6964202A206271
:108DF000656361757365206974206D6179206361B5
:108E0000757365206D69736265686176696F72203C
:108E1000696E206365727461696E20636F6E666946
:108E20006775726174696F6E732E20537472696E08
:108E3000673A2225732220617267756D656E743AF8
:108E40002564000063627072696E74665F706163AE
:108E50006B616765000000007379735F6765746F0D
:108E6000707400006770696F4034303032316330A5
:108E7000300000006770696F403430303231383074
:108E8000300000006770696F403430303231343068
:108E9000300000006770696F40343030323130305C
:108EA000300000006770696F40343030323063301A
:108EB000300000006770696F403430303230383035
:108EC000300000006770696F403430303230343029
:108ED000300000006770696F40343030323030301D
:108EE0003000000073746D33325F6261636B7570C4
:108EF0005F646F6D61696E006C6F6767696E6700B4
:108F00006C6F67006C6F675F6D676D7400000000C9
:108F10004D657373616765202822257322292064BB
:108F2000726F707065642062656361757365206936
:108F30007420657863656564732073697A65206C55
:108F4000696D69746174696F6E2028257529000048
:108F50004D6573736167652064726F70706564201E
:108F60006265636175736520697420657863656502
:108F700064732073697A65206C696D6974617469C2
:108F80006F6E2028257529005B2530386C755D20B3
:108F9000000000005B253032753A253032753A25E5
:108FA0003032752E253033752C253033755D200019
:108FB0001B5B306D000000002573000025732E0040
:108FC00025733A20000000003C25733E200000007D
:108FD00025732F00257320000A0000000D0A0000F1
:108FE00020000000253032782000000020202000E2
:108FF0007C000000256300001B5B313B33316D00BA
:109000001B5B313B33336D006572720077726E000B
:10901000696E6600646267006C6F675F6261636BB4
:10902000656E645F75617274000000006C6F675F4D
:10903000756172740000000072302F61313A202097
:10904000307825303878202072312F61323A202054
:10905000307825303878202072322F61333A202042
:10906000307825303878000072332F61343A202070
:10907000307825303878207231322F69703A2020CC
:10908000307825303878207231342F6C723A2020B5
:10909000307825303878000020787073723A2020BC
:1090A00030782530387800004661756C74696E67D9
:1090B00020696E737472756374696F6E2061646485
:1090C0007265737320287231352F7063293A20300E
:1090D0007825303878000000556E68616E646C65E4
:1090E00064204952516E3A20256400005350534584
:1090F0004C20696E20746872656164206D6F6465D0
:1091000020646F6573206E6F7420696E646963619B
:1091100074652050535000002A2A2A2A2A205553C9
:10912000414745204641554C54202A2A2A2A2A00E4
:1091300020204469766973696F6E206279207A65B0
:10914000726F00002020556E616C69676E65642047
:109150006D656D6F727920616363657373000000E4
:1091600020204E6F20636F70726F636573736F7230
:1091700020696E737472756374696F6E730000009A
:109180002020496C6C6567616C206C6F6164206F96
:1091900066204558435F52455455524E20696E74BF
:1091A0006F205043000000002020496C6C6567610F
:1091B0006C20757365206F66207468652045505378
:1091C000520000002020417474656D707420746F2B
:1091D000206578656375746520756E646566696E73
:1091E000656420696E737472756374696F6E0000D4
:1091F0002A2A2A2A2A204465627567206D6F6E69C3
:10920000746F7220657863657074696F6E202A2AA6
:109210002A2A2A0052657365727665642045786350
:10922000657074696F6E20280000000053707572BD
:10923000696F757320696E74657272757074202819
:1092400049525120000000002A2A2A2A2A20257388
:1092500020256429202A2A2A2A2A00002A2A2A2AA2
:109260002A20425553204641554C54202A2A2A2A66
:109270002A0000002020537461636B696E672065CB
:1092800072726F72000000002020556E737461636B
:109290006B696E67206572726F72000020205072D9
:1092A000656369736520646174612062757320650C
:1092B00072726F720000000020204246415220412D
:1092C0006464726573733A2030782578000000007A
:1092D0002020496D707265636973652064617461F3
:1092E00020627573206572726F7200002020496ED3
:1092F000737472756374696F6E2062757320657222
:10930000726F72002020466C6F6174696E672D70F9
:109310006F696E74206C617A792073746174652052
:10932000707265736572766174696F6E20657272B2
:109330006F7200002A2A2A2A2A204D5055204641C1
:10934000554C54202A2A2A2A2A000000202053742F
:1093500061636B696E67206572726F722028636F3C
:109360006E746578742061726561206D69676874D8
:10937000206265206E6F742076616C69642900003C
:1093800020204461746120416363657373205669D2
:109390006F6C6174696F6E0020204D4D4641522004
:1093A000416464726573733A203078257800000058
:1093B0002020496E737472756374696F6E20416307
:1093C000636573732056696F6C6174696F6E00001A
:1093D0002A2A2A2A2A2048415244204641554C54E0
:1093E000202A2A2A2A2A000020204275732066613A
:1093F000756C74206F6E20766563746F7220746173
:10940000626C652072656164000000002020446584
:10941000627567206576656E7400000020204661E5
:10942000756C7420657363616C6174696F6E20285C
:109430007365652062656C6F77290000415243486F
:109440005F455843455054207769746820726561C0
:10945000736F6E2025780A006D7075004661696C27
:10946000656420746F20616C6C6F63617465206E3D
:109470006577204D505520726567696F6E202575A0
:109480000A000000506172746974696F6E2025755E
:109490003A20636F686572656E6365206368656313
:1094A0006B206661696C65642E000000464C415378
:1094B000485F30005352414D5F300000496E766185
:1094C0006C6964206C696E65206E756D62657220D2
:1094D00025750000696E746572727570742D636F06
:1094E0006E74726F6C6C657240343030313363303F
:1094F00030000000657874695F73746D333200006A
:1095000050726F7669646564206275666665722064
:10951000697320746F6F20736D616C6C20282575E2
:109520002F25752900000000496E76616C69642062
:109530007265736F6C7574696F6E0000416371754D
:1095400069736974696F6E2074696D6520657870E0
:10955000656374656420696E207469636B73206F42
:109560006E6C790053616D706C696E672074696D03
:10957000652076616C7565206E6F742073757070F0
:109580006F727465642E00004E756D626572206F97
:109590006620636F6D6D6F6E2073616D706C696EA8
:1095A000672074696D65206368616E6E656C7320F9
:1095B0006E6F7420737570706F7274656400000054
:1095C000446966666572656E7469616C2063686182
:1095D0006E6E656C73206E6F7420737570706F7231
:1095E000746564206F6E2074686973204144430081
:1095F000496E76616C6964206368616E6E656C208B
:109600006761696E00000000496E76616C696420D4
:109610006368616E6E656C207265666572656E6307
:1096200065000000496E76616C69642073616D703D
:109630006C696E672074696D650000004E6F206371
:1096400068616E6E656C732073656C6563746564C8
:1096500000000000546F6F206D616E7920636861B7
:109660006E6E656C7320666F722073657175656EC2
:109670006365722E204D61783A2025640000000059
:109680004572726F722073657474696E67207468B6
:109690006520414443207265736F6C7574696F6E09
:1096A000000000004572726F722073657474696EF9
:1096B0006720746865204144432073657175656E49
:1096C0006365720041444320627566666572206579
:1096D00072726F72000000004F76657273616D7078
:1096E0006C696E67206E6F7420737570706F727422
:1096F0006564000043616C6962726174696F6E2019
:109700006E6F7420737570706F7274656400000002
:109710004144432070696E6374726C207365747584
:1097200070206661696C656420282564290000004A
:10973000414443206F76657272756E206572726F58
:1097400072206F636375727265642E205573652095
:10975000444D412C2072656475636520636C6F63B2
:109760006B20736F75726365206672657175656EC7
:1097700063792C20696E6372656173652070726510
:109780007363616C65722076616C7565206F722001
:10979000696E6372656173652073616D706C696E6B
:1097A000672074696D65732E00000000616463407A
:1097B0003430303132303030000000006164635F9B
:1097C00073746D33320000007263634034303032A2
:1097D000333830300000000072657365742D636F9C
:1097E0006E74726F6C6C657200000000436F756C74
:1097F00064206E6F7420656E61626C6520284C5029
:10980000295541525420636C6F636B004661696C4B
:1098100065642063616C6C20636C6F636B5F636F66
:109820006E74726F6C5F6765745F726174652870C7
:10983000636C6B656E5B305D29000000556E616284
:109840006C6520746F2073657420257320746F20FD
:1098500025640000726573657420636F6E74726FA7
:109860006C6C6572206E6F742072656164790000A3
:1098700073657269616C403430303034343030009C
:1098800073657269616C4034303031313030300092
:10989000756172745F73746D3332000043505520EC
:1098A000657863657074696F6E000000556E68615D
:1098B0006E646C656420696E746572727570740094
:1098C000537461636B206F766572666C6F7700000E
:1098D0004B65726E656C206F6F7073004B65726EB6
:1098E000656C2070616E696300000000556E6B6EE0
:1098F0006F776E206572726F72000000756E6B6E0E
:109900006F776E0048616C74696E67207379737449
:10991000656D00003E3E3E205A4550485952204653
:109920004154414C204552524F522025643A202543
:1099300073206F6E20435055202564004661756C7E
:109940007420647572696E6720696E7465727275D1
:1099500070742068616E646C696E670A00000000B4
:1099600043757272656E74207468726561643A2022
:10997000257020282573290069646C6500000000AB
:109980006D61696E000000006F7300002A2A2A20B2
:10999000426F6F74696E67205A6570687972204FE4
:1099A00053206275696C642076342E342E32202A5E
:1099B0002A2A0A00737973776F726B7100000000B6
:1099C000286E756C6C2900002A666C6F61742A0021
:1099D000FFFF0000001C02400700000030000000F4
:1099E00080000000FFFF0000001802400600000099
:1099F0003000000040000000FFFF000000140240A3
:109A0000050000003000000020000000FFFF000003
:109A100000100240040000003000000010000000B0
:109A2000FFFF0000000C02400300000030000000B7
:109A300008000000FFFF00000008024002000000D4
:109A40003000000004000000FFFF0000000402409E
:109A5000010000003000000002000000FFFF0000D5
:109A60000000024000000000300000000100000083
:109A700054890008388900081C89000800890008FA
:109A8000E4880008C8880008AC88000890880008AE
:109A900000000000000000000000000000000000C6
:109AA00000000000000000000000000000000000B6
:109AB00000000000000000000000000000000000A6
:109AC0000000000000000000000000000000000096
:109AD000000000000000000048020020000100001B
:109AE000996E0008036E000802000000C9700008AB
:109AF000000000000000000000000000206D657301
:109B000073616765732064726F70706564202D2DBA
:109B10002D0D0A1B5B306D001B5B313B33316D2D0E
:109B20002D2D200000000000F88F00080090000894
:109B30000000000000000000000000000890000885
:109B40000C9000081090000814900008549B000826
:109B5000580A0020DD1D0008780A0020840A002031
:109B600001000000997100088B71000877710008EE
:109B70006B710008000000005F7100080000000029
:109B8000000000200000000000000B0602000000A2
:109B9000949B000800000008AC9400082400020612
:109BA00000000020B494000820000B11D000002019
:109BB0000A06000005050000040100000301000082
:109BC000020100000101000000010000002001402E
:109BD000517800084400000000010000000000006F
:109BE0000000000000000000000000000000000075
:109BF000289C0008249C0008149C000803000F0007
:109C00001C003800540070009000E00104000100C6
:109C10000040000000000000000000010000000201
:109C2000000000030C0A0806309C00080100000038
:109C3000389C000802000000100000000000000036
:109C400030000000000000000000000000001000D4
:109C50000000200000003000000040000000500024
:109C60000000600000007000000080000000900014
:109C70000000A0000000B0000000C0000000D00004
:109C80000000E0000000F0000002000005020000FB
:109C90000A0200000F020000140200001902000076
:109CA00000010000050100000A0100000F01000092
:109CB0001401000019010000000000000500000070
:109CC0000A0000000F00000000380240004400407D
:109CD000588800087488000811040000F49C0008EB
:109CE0000100000000000000000000000000000073
:109CF000FC9C00084000000000000200049D0008D9
:109D0000010000000C9D0008020000004700000058
:109D10000002000067000000000000000010014089
:109D2000588800087488000884040000449D0008D6
:109D30000100000000000000000000000000000022
:109D40004C9D00084400000010000000549D0008D5
:109D5000010000005C9D000802000000C702000036
:109D600000020000E7020000000000000000000008
:109D7000000000000102030406070809B08700087C
:109D8000B087000830880008388800085888000824
:109D900058880008B4990008000100000000000085
:109DA00000000000000000000000000000000000B3
:109DB00000000000000000000000000000000000A3
:109DC0000000000000000000000000000000000093
:109DD0000000000000000000000000000000000083
:109DE0000000000000000000000000000000000073
:109DF0000000000000000000000000000000000063
:109E00000000000000000000000000000000000052
:109E10000000000000000000000000000000000042
:109E2000202020202020202020282828282820200A
:109E30002020202020202020202020202020202022
:109E4000881010101010101010101010101010109A
:109E5000040404040404040404041010101010107A
:109E60001041414141414101010101010101010153
:109E70000101010101010101010101101010101087
:109E80001042424242424202020202020202020224
:109E9000020202020202020202020210101010204C
:109EA00000000000000000000000000000000000B2
:109EB00000000000000000000000000000000000A2
:109EC0000000000000000000000000000000000092
:109ED0000000000000000000000000000000000082
:109EE0000000000000000000000000000000000072
:109EF0000000000000000000000000000000000062
:109F00000000000000000000000000000000000051
:109F10000000000000000000000000000000000041
:109F20000000000000000000000000000000000031
:109F30006552000800000000000000000000000062
:109F400020000020200000204778000800000000CA
:109F50000000000000000000000000000000000001
:109F60004000002040000020000000000100000030
:109F70005000002050000020580000205800002011
:109F800000000000010000006800002068000020C0
:109F900000000000000000000000000000000000C1
:109FA00000000000000000000000000000000000B1
:109FB00000000000000000000000000000000000A1
:109FC0000000000000000000000000000000000091
:109FD0000000000000000000000000000000000081
:109FE0000B660008376E00084C9B0008000000005C
:109FF00000000000F57400080000000000000000F0
:10A00000FFFFFFFFFFFFFFFFFFFFFFFFFFFFFFFF60
:10A01000F400002000C20100000103000001002044
:10A0200000C20100000103000024F400C800000089
:08A030001001002010010020C6
:10A038000000000000000000000000000000000018
:0CA048000000000000000000000000000C
:10A0540000000000000000000000000000000000FC
:10A0640000000000000000000000000000000000EC
:10A0740000000000000000000000000000000000DC
:10A0840000000000000000000000000000000000CC
:04A0940000000000C8
:10A098007801002078010020000000000100000085
:08A0A80088010020880100205E
:04A0B00015E015E0C2
:040000050800267950
:00000001FF
