
zephyr.elf:     file format elf32-littlearm


Disassembly of section rom_start:

08000000 <_vector_table>:
 8000000:	c0 2f 00 20 55 37 00 08 83 87 00 08 41 37 00 08     ./. U7......A7..
 8000010:	41 37 00 08 41 37 00 08 41 37 00 08 00 00 00 00     A7..A7..A7......
	...
 800002c:	95 37 00 08 41 37 00 08 00 00 00 00 7d 39 00 08     .7..A7......}9..
 800003c:	ed 4d 00 08                                         .M..

08000040 <_irq_vector_table>:
 8000040:	15 3a 00 08 15 3a 00 08 15 3a 00 08 15 3a 00 08     .:...:...:...:..
 8000050:	15 3a 00 08 15 3a 00 08 15 3a 00 08 15 3a 00 08     .:...:...:...:..
 8000060:	15 3a 00 08 15 3a 00 08 15 3a 00 08 15 3a 00 08     .:...:...:...:..
 8000070:	15 3a 00 08 15 3a 00 08 15 3a 00 08 15 3a 00 08     .:...:...:...:..
 8000080:	15 3a 00 08 15 3a 00 08 15 3a 00 08 15 3a 00 08     .:...:...:...:..
 8000090:	15 3a 00 08 15 3a 00 08 15 3a 00 08 15 3a 00 08     .:...:...:...:..
 80000a0:	15 3a 00 08 15 3a 00 08 15 3a 00 08 15 3a 00 08     .:...:...:...:..
 80000b0:	15 3a 00 08 15 3a 00 08 15 3a 00 08 15 3a 00 08     .:...:...:...:..
 80000c0:	15 3a 00 08 15 3a 00 08 15 3a 00 08 15 3a 00 08     .:...:...:...:..
 80000d0:	15 3a 00 08 15 3a 00 08 15 3a 00 08 15 3a 00 08     .:...:...:...:..
 80000e0:	15 3a 00 08 15 3a 00 08 15 3a 00 08 15 3a 00 08     .:...:...:...:..
 80000f0:	15 3a 00 08 15 3a 00 08 15 3a 00 08 15 3a 00 08     .:...:...:...:..
 8000100:	15 3a 00 08 15 3a 00 08 15 3a 00 08 15 3a 00 08     .:...:...:...:..
 8000110:	15 3a 00 08 15 3a 00 08 15 3a 00 08 15 3a 00 08     .:...:...:...:..
 8000120:	15 3a 00 08 15 3a 00 08 15 3a 00 08 15 3a 00 08     .:...:...:...:..
 8000130:	15 3a 00 08 15 3a 00 08 15 3a 00 08 15 3a 00 08     .:...:...:...:..
 8000140:	15 3a 00 08 15 3a 00 08 15 3a 00 08 15 3a 00 08     .:...:...:...:..
 8000150:	15 3a 00 08 15 3a 00 08 15 3a 00 08 15 3a 00 08     .:...:...:...:..
 8000160:	15 3a 00 08 15 3a 00 08                             .:...:..

Disassembly of section text:

08000180 <strlen>:
 8000180:	b430      	push	{r4, r5}
 8000182:	f890 f000 	pld	[r0]
 8000186:	f020 0107 	bic.w	r1, r0, #7
 800018a:	f06f 0c00 	mvn.w	ip, #0
 800018e:	f010 0407 	ands.w	r4, r0, #7
 8000192:	f891 f020 	pld	[r1, #32]
 8000196:	f040 8048 	bne.w	800022a <strlen+0xaa>
 800019a:	f04f 0400 	mov.w	r4, #0
 800019e:	f06f 0007 	mvn.w	r0, #7
 80001a2:	e9d1 2300 	ldrd	r2, r3, [r1]
 80001a6:	f891 f040 	pld	[r1, #64]	@ 0x40
 80001aa:	f100 0008 	add.w	r0, r0, #8
 80001ae:	fa82 f24c 	uadd8	r2, r2, ip
 80001b2:	faa4 f28c 	sel	r2, r4, ip
 80001b6:	fa83 f34c 	uadd8	r3, r3, ip
 80001ba:	faa2 f38c 	sel	r3, r2, ip
 80001be:	bb4b      	cbnz	r3, 8000214 <strlen+0x94>
 80001c0:	e9d1 2302 	ldrd	r2, r3, [r1, #8]
 80001c4:	fa82 f24c 	uadd8	r2, r2, ip
 80001c8:	f100 0008 	add.w	r0, r0, #8
 80001cc:	faa4 f28c 	sel	r2, r4, ip
 80001d0:	fa83 f34c 	uadd8	r3, r3, ip
 80001d4:	faa2 f38c 	sel	r3, r2, ip
 80001d8:	b9e3      	cbnz	r3, 8000214 <strlen+0x94>
 80001da:	e9d1 2304 	ldrd	r2, r3, [r1, #16]
 80001de:	fa82 f24c 	uadd8	r2, r2, ip
 80001e2:	f100 0008 	add.w	r0, r0, #8
 80001e6:	faa4 f28c 	sel	r2, r4, ip
 80001ea:	fa83 f34c 	uadd8	r3, r3, ip
 80001ee:	faa2 f38c 	sel	r3, r2, ip
 80001f2:	b97b      	cbnz	r3, 8000214 <strlen+0x94>
 80001f4:	e9d1 2306 	ldrd	r2, r3, [r1, #24]
 80001f8:	f101 0120 	add.w	r1, r1, #32
 80001fc:	fa82 f24c 	uadd8	r2, r2, ip
 8000200:	f100 0008 	add.w	r0, r0, #8
 8000204:	faa4 f28c 	sel	r2, r4, ip
 8000208:	fa83 f34c 	uadd8	r3, r3, ip
 800020c:	faa2 f38c 	sel	r3, r2, ip
 8000210:	2b00      	cmp	r3, #0
 8000212:	d0c6      	beq.n	80001a2 <strlen+0x22>
 8000214:	2a00      	cmp	r2, #0
 8000216:	bf04      	itt	eq
 8000218:	3004      	addeq	r0, #4
 800021a:	461a      	moveq	r2, r3
 800021c:	ba12      	rev	r2, r2
 800021e:	fab2 f282 	clz	r2, r2
 8000222:	eb00 00d2 	add.w	r0, r0, r2, lsr #3
 8000226:	bc30      	pop	{r4, r5}
 8000228:	4770      	bx	lr
 800022a:	e9d1 2300 	ldrd	r2, r3, [r1]
 800022e:	f004 0503 	and.w	r5, r4, #3
 8000232:	f1c4 0000 	rsb	r0, r4, #0
 8000236:	ea4f 05c5 	mov.w	r5, r5, lsl #3
 800023a:	f014 0f04 	tst.w	r4, #4
 800023e:	f891 f040 	pld	[r1, #64]	@ 0x40
 8000242:	fa0c f505 	lsl.w	r5, ip, r5
 8000246:	ea62 0205 	orn	r2, r2, r5
 800024a:	bf1c      	itt	ne
 800024c:	ea63 0305 	ornne	r3, r3, r5
 8000250:	4662      	movne	r2, ip
 8000252:	f04f 0400 	mov.w	r4, #0
 8000256:	e7aa      	b.n	80001ae <strlen+0x2e>

08000258 <__aeabi_memcpy>:
 8000258:	4684      	mov	ip, r0
 800025a:	ea41 0300 	orr.w	r3, r1, r0
 800025e:	f013 0303 	ands.w	r3, r3, #3
 8000262:	d16d      	bne.n	8000340 <__aeabi_memcpy+0xe8>
 8000264:	3a40      	subs	r2, #64	@ 0x40
 8000266:	d341      	bcc.n	80002ec <__aeabi_memcpy+0x94>
 8000268:	f851 3b04 	ldr.w	r3, [r1], #4
 800026c:	f840 3b04 	str.w	r3, [r0], #4
 8000270:	f851 3b04 	ldr.w	r3, [r1], #4
 8000274:	f840 3b04 	str.w	r3, [r0], #4
 8000278:	f851 3b04 	ldr.w	r3, [r1], #4
 800027c:	f840 3b04 	str.w	r3, [r0], #4
 8000280:	f851 3b04 	ldr.w	r3, [r1], #4
 8000284:	f840 3b04 	str.w	r3, [r0], #4
 8000288:	f851 3b04 	ldr.w	r3, [r1], #4
 800028c:	f840 3b04 	str.w	r3, [r0], #4
 8000290:	f851 3b04 	ldr.w	r3, [r1], #4
 8000294:	f840 3b04 	str.w	r3, [r0], #4
 8000298:	f851 3b04 	ldr.w	r3, [r1], #4
 800029c:	f840 3b04 	str.w	r3, [r0], #4
 80002a0:	f851 3b04 	ldr.w	r3, [r1], #4
 80002a4:	f840 3b04 	str.w	r3, [r0], #4
 80002a8:	f851 3b04 	ldr.w	r3, [r1], #4
 80002ac:	f840 3b04 	str.w	r3, [r0], #4
 80002b0:	f851 3b04 	ldr.w	r3, [r1], #4
 80002b4:	f840 3b04 	str.w	r3, [r0], #4
 80002b8:	f851 3b04 	ldr.w	r3, [r1], #4
 80002bc:	f840 3b04 	str.w	r3, [r0], #4
 80002c0:	f851 3b04 	ldr.w	r3, [r1], #4
 80002c4:	f840 3b04 	str.w	r3, [r0], #4
 80002c8:	f851 3b04 	ldr.w	r3, [r1], #4
 80002cc:	f840 3b04 	str.w	r3, [r0], #4
 80002d0:	f851 3b04 	ldr.w	r3, [r1], #4
 80002d4:	f840 3b04 	str.w	r3, [r0], #4
 80002d8:	f851 3b04 	ldr.w	r3, [r1], #4
 80002dc:	f840 3b04 	str.w	r3, [r0], #4
 80002e0:	f851 3b04 	ldr.w	r3, [r1], #4
 80002e4:	f840 3b04 	str.w	r3, [r0], #4
 80002e8:	3a40      	subs	r2, #64	@ 0x40
 80002ea:	d2bd      	bcs.n	8000268 <__aeabi_memcpy+0x10>
 80002ec:	3230      	adds	r2, #48	@ 0x30
 80002ee:	d311      	bcc.n	8000314 <__aeabi_memcpy+0xbc>
 80002f0:	f851 3b04 	ldr.w	r3, [r1], #4
 80002f4:	f840 3b04 	str.w	r3, [r0], #4
 80002f8:	f851 3b04 	ldr.w	r3, [r1], #4
 80002fc:	f840 3b04 	str.w	r3, [r0], #4
 8000300:	f851 3b04 	ldr.w	r3, [r1], #4
 8000304:	f840 3b04 	str.w	r3, [r0], #4
 8000308:	f851 3b04 	ldr.w	r3, [r1], #4
 800030c:	f840 3b04 	str.w	r3, [r0], #4
 8000310:	3a10      	subs	r2, #16
 8000312:	d2ed      	bcs.n	80002f0 <__aeabi_memcpy+0x98>
 8000314:	320c      	adds	r2, #12
 8000316:	d305      	bcc.n	8000324 <__aeabi_memcpy+0xcc>
 8000318:	f851 3b04 	ldr.w	r3, [r1], #4
 800031c:	f840 3b04 	str.w	r3, [r0], #4
 8000320:	3a04      	subs	r2, #4
 8000322:	d2f9      	bcs.n	8000318 <__aeabi_memcpy+0xc0>
 8000324:	3204      	adds	r2, #4
 8000326:	d008      	beq.n	800033a <__aeabi_memcpy+0xe2>
 8000328:	07d2      	lsls	r2, r2, #31
 800032a:	bf1c      	itt	ne
 800032c:	f811 3b01 	ldrbne.w	r3, [r1], #1
 8000330:	f800 3b01 	strbne.w	r3, [r0], #1
 8000334:	d301      	bcc.n	800033a <__aeabi_memcpy+0xe2>
 8000336:	880b      	ldrh	r3, [r1, #0]
 8000338:	8003      	strh	r3, [r0, #0]
 800033a:	4660      	mov	r0, ip
 800033c:	4770      	bx	lr
 800033e:	bf00      	nop
 8000340:	2a08      	cmp	r2, #8
 8000342:	d313      	bcc.n	800036c <__aeabi_memcpy+0x114>
 8000344:	078b      	lsls	r3, r1, #30
 8000346:	d08d      	beq.n	8000264 <__aeabi_memcpy+0xc>
 8000348:	f010 0303 	ands.w	r3, r0, #3
 800034c:	d08a      	beq.n	8000264 <__aeabi_memcpy+0xc>
 800034e:	f1c3 0304 	rsb	r3, r3, #4
 8000352:	1ad2      	subs	r2, r2, r3
 8000354:	07db      	lsls	r3, r3, #31
 8000356:	bf1c      	itt	ne
 8000358:	f811 3b01 	ldrbne.w	r3, [r1], #1
 800035c:	f800 3b01 	strbne.w	r3, [r0], #1
 8000360:	d380      	bcc.n	8000264 <__aeabi_memcpy+0xc>
 8000362:	f831 3b02 	ldrh.w	r3, [r1], #2
 8000366:	f820 3b02 	strh.w	r3, [r0], #2
 800036a:	e77b      	b.n	8000264 <__aeabi_memcpy+0xc>
 800036c:	3a04      	subs	r2, #4
 800036e:	d3d9      	bcc.n	8000324 <__aeabi_memcpy+0xcc>
 8000370:	3a01      	subs	r2, #1
 8000372:	f811 3b01 	ldrb.w	r3, [r1], #1
 8000376:	f800 3b01 	strb.w	r3, [r0], #1
 800037a:	d2f9      	bcs.n	8000370 <__aeabi_memcpy+0x118>
 800037c:	780b      	ldrb	r3, [r1, #0]
 800037e:	7003      	strb	r3, [r0, #0]
 8000380:	784b      	ldrb	r3, [r1, #1]
 8000382:	7043      	strb	r3, [r0, #1]
 8000384:	788b      	ldrb	r3, [r1, #2]
 8000386:	7083      	strb	r3, [r0, #2]
 8000388:	4660      	mov	r0, ip
 800038a:	4770      	bx	lr

0800038c <__aeabi_ldivmod>:
 800038c:	b97b      	cbnz	r3, 80003ae <__aeabi_ldivmod+0x22>
 800038e:	b972      	cbnz	r2, 80003ae <__aeabi_ldivmod+0x22>
 8000390:	2900      	cmp	r1, #0
 8000392:	bfbe      	ittt	lt
 8000394:	2000      	movlt	r0, #0
 8000396:	f04f 4100 	movlt.w	r1, #2147483648	@ 0x80000000
 800039a:	e006      	blt.n	80003aa <__aeabi_ldivmod+0x1e>
 800039c:	bf08      	it	eq
 800039e:	2800      	cmpeq	r0, #0
 80003a0:	bf1c      	itt	ne
 80003a2:	f06f 4100 	mvnne.w	r1, #2147483648	@ 0x80000000
 80003a6:	f04f 30ff 	movne.w	r0, #4294967295
 80003aa:	f000 b857 	b.w	800045c <__aeabi_idiv0>
 80003ae:	f1ad 0c08 	sub.w	ip, sp, #8
 80003b2:	e96d ce04 	strd	ip, lr, [sp, #-16]!
 80003b6:	2900      	cmp	r1, #0
 80003b8:	db09      	blt.n	80003ce <__aeabi_ldivmod+0x42>
 80003ba:	2b00      	cmp	r3, #0
 80003bc:	db1a      	blt.n	80003f4 <__aeabi_ldivmod+0x68>
 80003be:	f000 f862 	bl	8000486 <__udivmoddi4>
 80003c2:	f8dd e004 	ldr.w	lr, [sp, #4]
 80003c6:	e9dd 2302 	ldrd	r2, r3, [sp, #8]
 80003ca:	b004      	add	sp, #16
 80003cc:	4770      	bx	lr
 80003ce:	4240      	negs	r0, r0
 80003d0:	eb61 0141 	sbc.w	r1, r1, r1, lsl #1
 80003d4:	2b00      	cmp	r3, #0
 80003d6:	db1b      	blt.n	8000410 <__aeabi_ldivmod+0x84>
 80003d8:	f000 f855 	bl	8000486 <__udivmoddi4>
 80003dc:	f8dd e004 	ldr.w	lr, [sp, #4]
 80003e0:	e9dd 2302 	ldrd	r2, r3, [sp, #8]
 80003e4:	b004      	add	sp, #16
 80003e6:	4240      	negs	r0, r0
 80003e8:	eb61 0141 	sbc.w	r1, r1, r1, lsl #1
 80003ec:	4252      	negs	r2, r2
 80003ee:	eb63 0343 	sbc.w	r3, r3, r3, lsl #1
 80003f2:	4770      	bx	lr
 80003f4:	4252      	negs	r2, r2
 80003f6:	eb63 0343 	sbc.w	r3, r3, r3, lsl #1
 80003fa:	f000 f844 	bl	8000486 <__udivmoddi4>
 80003fe:	f8dd e004 	ldr.w	lr, [sp, #4]
 8000402:	e9dd 2302 	ldrd	r2, r3, [sp, #8]
 8000406:	b004      	add	sp, #16
 8000408:	4240      	negs	r0, r0
 800040a:	eb61 0141 	sbc.w	r1, r1, r1, lsl #1
 800040e:	4770      	bx	lr
 8000410:	4252      	negs	r2, r2
 8000412:	eb63 0343 	sbc.w	r3, r3, r3, lsl #1
 8000416:	f000 f836 	bl	8000486 <__udivmoddi4>
 800041a:	f8dd e004 	ldr.w	lr, [sp, #4]
 800041e:	e9dd 2302 	ldrd	r2, r3, [sp, #8]
 8000422:	b004      	add	sp, #16
 8000424:	4252      	negs	r2, r2
 8000426:	eb63 0343 	sbc.w	r3, r3, r3, lsl #1
 800042a:	4770      	bx	lr

0800042c <__aeabi_uldivmod>:
 800042c:	b953      	cbnz	r3, 8000444 <__aeabi_uldivmod+0x18>
 800042e:	b94a      	cbnz	r2, 8000444 <__aeabi_uldivmod+0x18>
 8000430:	2900      	cmp	r1, #0
 8000432:	bf08      	it	eq
 8000434:	2800      	cmpeq	r0, #0
 8000436:	bf1c      	itt	ne
 8000438:	f04f 31ff 	movne.w	r1, #4294967295
 800043c:	f04f 30ff 	movne.w	r0, #4294967295
 8000440:	f000 b80c 	b.w	800045c <__aeabi_idiv0>
 8000444:	f1ad 0c08 	sub.w	ip, sp, #8
 8000448:	e96d ce04 	strd	ip, lr, [sp, #-16]!
 800044c:	f000 f81b 	bl	8000486 <__udivmoddi4>
 8000450:	f8dd e004 	ldr.w	lr, [sp, #4]
 8000454:	e9dd 2302 	ldrd	r2, r3, [sp, #8]
 8000458:	b004      	add	sp, #16
 800045a:	4770      	bx	lr

0800045c <__aeabi_idiv0>:
 800045c:	4770      	bx	lr
 800045e:	bf00      	nop

08000460 <__popcountsi2>:
 8000460:	0843      	lsrs	r3, r0, #1
 8000462:	f003 3355 	and.w	r3, r3, #1431655765	@ 0x55555555
 8000466:	1ac0      	subs	r0, r0, r3
 8000468:	f000 3333 	and.w	r3, r0, #858993459	@ 0x33333333
 800046c:	0880      	lsrs	r0, r0, #2
 800046e:	f000 3033 	and.w	r0, r0, #858993459	@ 0x33333333
 8000472:	4418      	add	r0, r3
 8000474:	eb00 1010 	add.w	r0, r0, r0, lsr #4
 8000478:	f04f 3301 	mov.w	r3, #16843009	@ 0x1010101
 800047c:	f000 300f 	and.w	r0, r0, #252645135	@ 0xf0f0f0f
 8000480:	4358      	muls	r0, r3
 8000482:	0e00      	lsrs	r0, r0, #24
 8000484:	4770      	bx	lr

08000486 <__udivmoddi4>:
 8000486:	e92d 47f0 	stmdb	sp!, {r4, r5, r6, r7, r8, r9, sl, lr}
 800048a:	468c      	mov	ip, r1
 800048c:	468e      	mov	lr, r1
 800048e:	9e08      	ldr	r6, [sp, #32]
 8000490:	4615      	mov	r5, r2
 8000492:	4604      	mov	r4, r0
 8000494:	4619      	mov	r1, r3
 8000496:	2b00      	cmp	r3, #0
 8000498:	f040 80d0 	bne.w	800063c <__udivmoddi4+0x1b6>
 800049c:	4572      	cmp	r2, lr
 800049e:	d947      	bls.n	8000530 <__udivmoddi4+0xaa>
 80004a0:	fab2 f782 	clz	r7, r2
 80004a4:	b14f      	cbz	r7, 80004ba <__udivmoddi4+0x34>
 80004a6:	f1c7 0320 	rsb	r3, r7, #32
 80004aa:	fa0e fc07 	lsl.w	ip, lr, r7
 80004ae:	fa20 f303 	lsr.w	r3, r0, r3
 80004b2:	40bd      	lsls	r5, r7
 80004b4:	ea43 0c0c 	orr.w	ip, r3, ip
 80004b8:	40bc      	lsls	r4, r7
 80004ba:	ea4f 4e15 	mov.w	lr, r5, lsr #16
 80004be:	b2a8      	uxth	r0, r5
 80004c0:	fbbc f8fe 	udiv	r8, ip, lr
 80004c4:	0c23      	lsrs	r3, r4, #16
 80004c6:	fb0e cc18 	mls	ip, lr, r8, ip
 80004ca:	fb08 f900 	mul.w	r9, r8, r0
 80004ce:	ea43 430c 	orr.w	r3, r3, ip, lsl #16
 80004d2:	4599      	cmp	r9, r3
 80004d4:	d928      	bls.n	8000528 <__udivmoddi4+0xa2>
 80004d6:	18eb      	adds	r3, r5, r3
 80004d8:	f108 32ff 	add.w	r2, r8, #4294967295
 80004dc:	d204      	bcs.n	80004e8 <__udivmoddi4+0x62>
 80004de:	4599      	cmp	r9, r3
 80004e0:	d902      	bls.n	80004e8 <__udivmoddi4+0x62>
 80004e2:	f1a8 0202 	sub.w	r2, r8, #2
 80004e6:	442b      	add	r3, r5
 80004e8:	eba3 0309 	sub.w	r3, r3, r9
 80004ec:	b2a4      	uxth	r4, r4
 80004ee:	fbb3 fcfe 	udiv	ip, r3, lr
 80004f2:	fb0e 331c 	mls	r3, lr, ip, r3
 80004f6:	fb0c f000 	mul.w	r0, ip, r0
 80004fa:	ea44 4403 	orr.w	r4, r4, r3, lsl #16
 80004fe:	42a0      	cmp	r0, r4
 8000500:	d914      	bls.n	800052c <__udivmoddi4+0xa6>
 8000502:	192c      	adds	r4, r5, r4
 8000504:	f10c 33ff 	add.w	r3, ip, #4294967295
 8000508:	d204      	bcs.n	8000514 <__udivmoddi4+0x8e>
 800050a:	42a0      	cmp	r0, r4
 800050c:	d902      	bls.n	8000514 <__udivmoddi4+0x8e>
 800050e:	f1ac 0302 	sub.w	r3, ip, #2
 8000512:	442c      	add	r4, r5
 8000514:	1a24      	subs	r4, r4, r0
 8000516:	ea43 4002 	orr.w	r0, r3, r2, lsl #16
 800051a:	b11e      	cbz	r6, 8000524 <__udivmoddi4+0x9e>
 800051c:	40fc      	lsrs	r4, r7
 800051e:	2300      	movs	r3, #0
 8000520:	6034      	str	r4, [r6, #0]
 8000522:	6073      	str	r3, [r6, #4]
 8000524:	e8bd 87f0 	ldmia.w	sp!, {r4, r5, r6, r7, r8, r9, sl, pc}
 8000528:	4642      	mov	r2, r8
 800052a:	e7dd      	b.n	80004e8 <__udivmoddi4+0x62>
 800052c:	4663      	mov	r3, ip
 800052e:	e7f1      	b.n	8000514 <__udivmoddi4+0x8e>
 8000530:	2a00      	cmp	r2, #0
 8000532:	d079      	beq.n	8000628 <__udivmoddi4+0x1a2>
 8000534:	fab2 f382 	clz	r3, r2
 8000538:	2b00      	cmp	r3, #0
 800053a:	d03f      	beq.n	80005bc <__udivmoddi4+0x136>
 800053c:	4619      	mov	r1, r3
 800053e:	f1c1 0320 	rsb	r3, r1, #32
 8000542:	fa02 f501 	lsl.w	r5, r2, r1
 8000546:	fa2e f203 	lsr.w	r2, lr, r3
 800054a:	fa0e fe01 	lsl.w	lr, lr, r1
 800054e:	fa20 f303 	lsr.w	r3, r0, r3
 8000552:	ea43 030e 	orr.w	r3, r3, lr
 8000556:	ea4f 4e15 	mov.w	lr, r5, lsr #16
 800055a:	fa00 f401 	lsl.w	r4, r0, r1
 800055e:	fbb2 fcfe 	udiv	ip, r2, lr
 8000562:	b2af      	uxth	r7, r5
 8000564:	fb0e 201c 	mls	r0, lr, ip, r2
 8000568:	0c1a      	lsrs	r2, r3, #16
 800056a:	fb0c f807 	mul.w	r8, ip, r7
 800056e:	ea42 4200 	orr.w	r2, r2, r0, lsl #16
 8000572:	4590      	cmp	r8, r2
 8000574:	d95a      	bls.n	800062c <__udivmoddi4+0x1a6>
 8000576:	18aa      	adds	r2, r5, r2
 8000578:	f10c 30ff 	add.w	r0, ip, #4294967295
 800057c:	d204      	bcs.n	8000588 <__udivmoddi4+0x102>
 800057e:	4590      	cmp	r8, r2
 8000580:	d902      	bls.n	8000588 <__udivmoddi4+0x102>
 8000582:	f1ac 0002 	sub.w	r0, ip, #2
 8000586:	442a      	add	r2, r5
 8000588:	eba2 0208 	sub.w	r2, r2, r8
 800058c:	b29b      	uxth	r3, r3
 800058e:	fbb2 fcfe 	udiv	ip, r2, lr
 8000592:	fb0e 221c 	mls	r2, lr, ip, r2
 8000596:	fb0c f707 	mul.w	r7, ip, r7
 800059a:	ea43 4302 	orr.w	r3, r3, r2, lsl #16
 800059e:	429f      	cmp	r7, r3
 80005a0:	d946      	bls.n	8000630 <__udivmoddi4+0x1aa>
 80005a2:	18eb      	adds	r3, r5, r3
 80005a4:	f10c 32ff 	add.w	r2, ip, #4294967295
 80005a8:	d204      	bcs.n	80005b4 <__udivmoddi4+0x12e>
 80005aa:	429f      	cmp	r7, r3
 80005ac:	d902      	bls.n	80005b4 <__udivmoddi4+0x12e>
 80005ae:	f1ac 0202 	sub.w	r2, ip, #2
 80005b2:	442b      	add	r3, r5
 80005b4:	1bdb      	subs	r3, r3, r7
 80005b6:	ea42 4200 	orr.w	r2, r2, r0, lsl #16
 80005ba:	e002      	b.n	80005c2 <__udivmoddi4+0x13c>
 80005bc:	ebae 0302 	sub.w	r3, lr, r2
 80005c0:	2201      	movs	r2, #1
 80005c2:	ea4f 4e15 	mov.w	lr, r5, lsr #16
 80005c6:	b2af      	uxth	r7, r5
 80005c8:	fbb3 fcfe 	udiv	ip, r3, lr
 80005cc:	0c20      	lsrs	r0, r4, #16
 80005ce:	fb0e 331c 	mls	r3, lr, ip, r3
 80005d2:	fb0c f807 	mul.w	r8, ip, r7
 80005d6:	ea40 4303 	orr.w	r3, r0, r3, lsl #16
 80005da:	4598      	cmp	r8, r3
 80005dc:	d92a      	bls.n	8000634 <__udivmoddi4+0x1ae>
 80005de:	18eb      	adds	r3, r5, r3
 80005e0:	f10c 30ff 	add.w	r0, ip, #4294967295
 80005e4:	d204      	bcs.n	80005f0 <__udivmoddi4+0x16a>
 80005e6:	4598      	cmp	r8, r3
 80005e8:	d902      	bls.n	80005f0 <__udivmoddi4+0x16a>
 80005ea:	f1ac 0002 	sub.w	r0, ip, #2
 80005ee:	442b      	add	r3, r5
 80005f0:	eba3 0308 	sub.w	r3, r3, r8
 80005f4:	b2a4      	uxth	r4, r4
 80005f6:	fbb3 fcfe 	udiv	ip, r3, lr
 80005fa:	fb0e 331c 	mls	r3, lr, ip, r3
 80005fe:	fb0c f707 	mul.w	r7, ip, r7
 8000602:	ea44 4403 	orr.w	r4, r4, r3, lsl #16
 8000606:	42a7      	cmp	r7, r4
 8000608:	d916      	bls.n	8000638 <__udivmoddi4+0x1b2>
 800060a:	192c      	adds	r4, r5, r4
 800060c:	f10c 33ff 	add.w	r3, ip, #4294967295
 8000610:	d204      	bcs.n	800061c <__udivmoddi4+0x196>
 8000612:	42a7      	cmp	r7, r4
 8000614:	d902      	bls.n	800061c <__udivmoddi4+0x196>
 8000616:	f1ac 0302 	sub.w	r3, ip, #2
 800061a:	442c      	add	r4, r5
 800061c:	1be4      	subs	r4, r4, r7
 800061e:	ea43 4000 	orr.w	r0, r3, r0, lsl #16
 8000622:	460f      	mov	r7, r1
 8000624:	4611      	mov	r1, r2
 8000626:	e778      	b.n	800051a <__udivmoddi4+0x94>
 8000628:	211f      	movs	r1, #31
 800062a:	e788      	b.n	800053e <__udivmoddi4+0xb8>
 800062c:	4660      	mov	r0, ip
 800062e:	e7ab      	b.n	8000588 <__udivmoddi4+0x102>
 8000630:	4662      	mov	r2, ip
 8000632:	e7bf      	b.n	80005b4 <__udivmoddi4+0x12e>
 8000634:	4660      	mov	r0, ip
 8000636:	e7db      	b.n	80005f0 <__udivmoddi4+0x16a>
 8000638:	4663      	mov	r3, ip
 800063a:	e7ef      	b.n	800061c <__udivmoddi4+0x196>
 800063c:	4573      	cmp	r3, lr
 800063e:	d906      	bls.n	800064e <__udivmoddi4+0x1c8>
 8000640:	b916      	cbnz	r6, 8000648 <__udivmoddi4+0x1c2>
 8000642:	2100      	movs	r1, #0
 8000644:	4608      	mov	r0, r1
 8000646:	e76d      	b.n	8000524 <__udivmoddi4+0x9e>
 8000648:	e9c6 0e00 	strd	r0, lr, [r6]
 800064c:	e7f9      	b.n	8000642 <__udivmoddi4+0x1bc>
 800064e:	fab3 f783 	clz	r7, r3
 8000652:	b987      	cbnz	r7, 8000676 <__udivmoddi4+0x1f0>
 8000654:	4573      	cmp	r3, lr
 8000656:	d301      	bcc.n	800065c <__udivmoddi4+0x1d6>
 8000658:	4282      	cmp	r2, r0
 800065a:	d807      	bhi.n	800066c <__udivmoddi4+0x1e6>
 800065c:	1a84      	subs	r4, r0, r2
 800065e:	eb6e 0303 	sbc.w	r3, lr, r3
 8000662:	2001      	movs	r0, #1
 8000664:	469c      	mov	ip, r3
 8000666:	b91e      	cbnz	r6, 8000670 <__udivmoddi4+0x1ea>
 8000668:	2100      	movs	r1, #0
 800066a:	e75b      	b.n	8000524 <__udivmoddi4+0x9e>
 800066c:	4638      	mov	r0, r7
 800066e:	e7fa      	b.n	8000666 <__udivmoddi4+0x1e0>
 8000670:	e9c6 4c00 	strd	r4, ip, [r6]
 8000674:	e7f8      	b.n	8000668 <__udivmoddi4+0x1e2>
 8000676:	f1c7 0c20 	rsb	ip, r7, #32
 800067a:	40bb      	lsls	r3, r7
 800067c:	fa22 f50c 	lsr.w	r5, r2, ip
 8000680:	431d      	orrs	r5, r3
 8000682:	fa20 f10c 	lsr.w	r1, r0, ip
 8000686:	fa2e f30c 	lsr.w	r3, lr, ip
 800068a:	fa0e fe07 	lsl.w	lr, lr, r7
 800068e:	ea41 010e 	orr.w	r1, r1, lr
 8000692:	ea4f 4915 	mov.w	r9, r5, lsr #16
 8000696:	fa00 f407 	lsl.w	r4, r0, r7
 800069a:	fbb3 f8f9 	udiv	r8, r3, r9
 800069e:	fa1f fe85 	uxth.w	lr, r5
 80006a2:	fb09 3018 	mls	r0, r9, r8, r3
 80006a6:	0c0b      	lsrs	r3, r1, #16
 80006a8:	fb08 fa0e 	mul.w	sl, r8, lr
 80006ac:	ea43 4300 	orr.w	r3, r3, r0, lsl #16
 80006b0:	459a      	cmp	sl, r3
 80006b2:	fa02 f207 	lsl.w	r2, r2, r7
 80006b6:	d940      	bls.n	800073a <__udivmoddi4+0x2b4>
 80006b8:	18eb      	adds	r3, r5, r3
 80006ba:	f108 30ff 	add.w	r0, r8, #4294967295
 80006be:	d204      	bcs.n	80006ca <__udivmoddi4+0x244>
 80006c0:	459a      	cmp	sl, r3
 80006c2:	d902      	bls.n	80006ca <__udivmoddi4+0x244>
 80006c4:	f1a8 0002 	sub.w	r0, r8, #2
 80006c8:	442b      	add	r3, r5
 80006ca:	eba3 030a 	sub.w	r3, r3, sl
 80006ce:	b289      	uxth	r1, r1
 80006d0:	fbb3 f8f9 	udiv	r8, r3, r9
 80006d4:	fb09 3318 	mls	r3, r9, r8, r3
 80006d8:	fb08 fe0e 	mul.w	lr, r8, lr
 80006dc:	ea41 4103 	orr.w	r1, r1, r3, lsl #16
 80006e0:	458e      	cmp	lr, r1
 80006e2:	d92c      	bls.n	800073e <__udivmoddi4+0x2b8>
 80006e4:	1869      	adds	r1, r5, r1
 80006e6:	f108 33ff 	add.w	r3, r8, #4294967295
 80006ea:	d204      	bcs.n	80006f6 <__udivmoddi4+0x270>
 80006ec:	458e      	cmp	lr, r1
 80006ee:	d902      	bls.n	80006f6 <__udivmoddi4+0x270>
 80006f0:	f1a8 0302 	sub.w	r3, r8, #2
 80006f4:	4429      	add	r1, r5
 80006f6:	ea43 4000 	orr.w	r0, r3, r0, lsl #16
 80006fa:	fba0 9802 	umull	r9, r8, r0, r2
 80006fe:	eba1 010e 	sub.w	r1, r1, lr
 8000702:	4541      	cmp	r1, r8
 8000704:	46ce      	mov	lr, r9
 8000706:	4643      	mov	r3, r8
 8000708:	d302      	bcc.n	8000710 <__udivmoddi4+0x28a>
 800070a:	d106      	bne.n	800071a <__udivmoddi4+0x294>
 800070c:	454c      	cmp	r4, r9
 800070e:	d204      	bcs.n	800071a <__udivmoddi4+0x294>
 8000710:	ebb9 0e02 	subs.w	lr, r9, r2
 8000714:	eb68 0305 	sbc.w	r3, r8, r5
 8000718:	3801      	subs	r0, #1
 800071a:	2e00      	cmp	r6, #0
 800071c:	d0a4      	beq.n	8000668 <__udivmoddi4+0x1e2>
 800071e:	ebb4 020e 	subs.w	r2, r4, lr
 8000722:	eb61 0103 	sbc.w	r1, r1, r3
 8000726:	fa01 fc0c 	lsl.w	ip, r1, ip
 800072a:	fa22 f307 	lsr.w	r3, r2, r7
 800072e:	ea4c 0303 	orr.w	r3, ip, r3
 8000732:	40f9      	lsrs	r1, r7
 8000734:	e9c6 3100 	strd	r3, r1, [r6]
 8000738:	e796      	b.n	8000668 <__udivmoddi4+0x1e2>
 800073a:	4640      	mov	r0, r8
 800073c:	e7c5      	b.n	80006ca <__udivmoddi4+0x244>
 800073e:	4643      	mov	r3, r8
 8000740:	e7d9      	b.n	80006f6 <__udivmoddi4+0x270>
	...

08000744 <readvol>:
			}
		}
	}
}

void readvol(void){
 8000744:	b530      	push	{r4, r5, lr}
 8000746:	b089      	sub	sp, #36	@ 0x24
	
	int rec;

	int num;

	struct adc_sequence sec = {
 8000748:	2300      	movs	r3, #0
 800074a:	9301      	str	r3, [sp, #4]
 800074c:	9302      	str	r3, [sp, #8]
 800074e:	9303      	str	r3, [sp, #12]
 8000750:	9304      	str	r3, [sp, #16]
 8000752:	9305      	str	r3, [sp, #20]
 8000754:	f10d 031e 	add.w	r3, sp, #30
 8000758:	9303      	str	r3, [sp, #12]
 800075a:	2302      	movs	r3, #2
 800075c:	9304      	str	r3, [sp, #16]
		union { struct { uintptr_t lo, hi; } split; k_timeout_t val; } parm1 = { .val = timeout };
		return (int) arch_syscall_invoke3(parm0.x, parm1.split.lo, parm1.split.hi, K_SYSCALL_K_SEM_TAKE);
	}
#endif
	compiler_barrier();
	return z_impl_k_sem_take(sem, timeout);
 800075e:	f04f 32ff 	mov.w	r2, #4294967295
 8000762:	f04f 33ff 	mov.w	r3, #4294967295
 8000766:	4826      	ldr	r0, [pc, #152]	@ (8000800 <readvol+0xbc>)
 8000768:	f005 f886 	bl	8005878 <z_impl_k_sem_take>
 800076c:	e01e      	b.n	80007ac <readvol+0x68>
			printk("error al iniciar secuencia");
			break;
		}
		rec = adc_read(vol.dev, &sec);
		if (rec!=0){
			printk("error al leer");
 800076e:	4825      	ldr	r0, [pc, #148]	@ (8000804 <readvol+0xc0>)
 8000770:	f007 fa1c 	bl	8007bac <printk>
		k_mutex_unlock(&acceso_hardware);
		printk("Voltaje leido: %d mV\n", mv);
		
		k_msleep(500);
	}
}
 8000774:	b009      	add	sp, #36	@ 0x24
 8000776:	bd30      	pop	{r4, r5, pc}
		num = num + mv;
 8000778:	9b06      	ldr	r3, [sp, #24]
 800077a:	441c      	add	r4, r3
	return z_impl_k_mutex_lock(mutex, timeout);
 800077c:	4d22      	ldr	r5, [pc, #136]	@ (8000808 <readvol+0xc4>)
 800077e:	f04f 32ff 	mov.w	r2, #4294967295
 8000782:	f04f 33ff 	mov.w	r3, #4294967295
 8000786:	4628      	mov	r0, r5
 8000788:	f004 ff64 	bl	8005654 <z_impl_k_mutex_lock>
		tm1638_clear_digits();
 800078c:	f000 ff20 	bl	80015d0 <tm1638_clear_digits>
		tm1638_display(num);
 8000790:	4620      	mov	r0, r4
 8000792:	f000 ff35 	bl	8001600 <tm1638_display>
	return z_impl_k_mutex_unlock(mutex);
 8000796:	4628      	mov	r0, r5
 8000798:	f004 ffdc 	bl	8005754 <z_impl_k_mutex_unlock>
		printk("Voltaje leido: %d mV\n", mv);
 800079c:	9906      	ldr	r1, [sp, #24]
 800079e:	481b      	ldr	r0, [pc, #108]	@ (800080c <readvol+0xc8>)
 80007a0:	f007 fa04 	bl	8007bac <printk>
		k_msleep(500);
 80007a4:	f44f 70fa 	mov.w	r0, #500	@ 0x1f4
 80007a8:	f007 f874 	bl	8007894 <k_msleep>
	return z_impl_k_sem_take(sem, timeout);
 80007ac:	2200      	movs	r2, #0
 80007ae:	2300      	movs	r3, #0
 80007b0:	4817      	ldr	r0, [pc, #92]	@ (8000810 <readvol+0xcc>)
 80007b2:	f005 f861 	bl	8005878 <z_impl_k_sem_take>
		if (k_sem_take(&stopvolt, K_NO_WAIT) == 0) break;
 80007b6:	2800      	cmp	r0, #0
 80007b8:	d0dc      	beq.n	8000774 <readvol+0x30>
{
	if (!spec->channel_cfg_dt_node_exists) {
		return -ENOTSUP;
	}

	seq->channels = BIT(spec->channel_id);
 80007ba:	2301      	movs	r3, #1
 80007bc:	9302      	str	r3, [sp, #8]
	seq->resolution = spec->resolution;
 80007be:	230c      	movs	r3, #12
 80007c0:	f88d 3014 	strb.w	r3, [sp, #20]
	seq->oversampling = spec->oversampling;
 80007c4:	2300      	movs	r3, #0
 80007c6:	f88d 3015 	strb.w	r3, [sp, #21]
	return DEVICE_API_GET(adc, dev)->read(dev, sequence);
 80007ca:	4812      	ldr	r0, [pc, #72]	@ (8000814 <readvol+0xd0>)
 80007cc:	6883      	ldr	r3, [r0, #8]
 80007ce:	685b      	ldr	r3, [r3, #4]
 80007d0:	a901      	add	r1, sp, #4
 80007d2:	4798      	blx	r3
		if (rec!=0){
 80007d4:	2800      	cmp	r0, #0
 80007d6:	d1ca      	bne.n	800076e <readvol+0x2a>
		num = rawvol*10000;
 80007d8:	f9bd 301e 	ldrsh.w	r3, [sp, #30]
 80007dc:	f242 7010 	movw	r0, #10000	@ 0x2710
 80007e0:	fb00 f403 	mul.w	r4, r0, r3
		mv = rawvol;
 80007e4:	9306      	str	r3, [sp, #24]
	return adc_raw_to_x_dt_chan(adc_raw_to_millivolts, spec, &spec->channel_cfg, valp);
 80007e6:	4a0c      	ldr	r2, [pc, #48]	@ (8000818 <readvol+0xd4>)
 80007e8:	ab06      	add	r3, sp, #24
 80007ea:	1f91      	subs	r1, r2, #6
 80007ec:	480b      	ldr	r0, [pc, #44]	@ (800081c <readvol+0xd8>)
 80007ee:	f007 f834 	bl	800785a <adc_raw_to_x_dt_chan>
		if (rec!=0){
 80007f2:	2800      	cmp	r0, #0
 80007f4:	d0c0      	beq.n	8000778 <readvol+0x34>
			printk("error al iniciar transformar");
 80007f6:	480a      	ldr	r0, [pc, #40]	@ (8000820 <readvol+0xdc>)
 80007f8:	f007 f9d8 	bl	8007bac <printk>
			break;
 80007fc:	e7ba      	b.n	8000774 <readvol+0x30>
 80007fe:	bf00      	nop
 8000800:	20000208 	.word	0x20000208
 8000804:	0800a498 	.word	0x0800a498
 8000808:	2000017c 	.word	0x2000017c
 800080c:	0800a4c8 	.word	0x0800a4c8
 8000810:	20000280 	.word	0x20000280
 8000814:	08009fc8 	.word	0x08009fc8
 8000818:	0800b46a 	.word	0x0800b46a
 800081c:	08000c15 	.word	0x08000c15
 8000820:	0800a4a8 	.word	0x0800a4a8

08000824 <leer_botones>:
void leer_botones(void){
 8000824:	b538      	push	{r3, r4, r5, lr}
 8000826:	f04f 32ff 	mov.w	r2, #4294967295
 800082a:	f04f 33ff 	mov.w	r3, #4294967295
 800082e:	4816      	ldr	r0, [pc, #88]	@ (8000888 <leer_botones+0x64>)
 8000830:	f005 f822 	bl	8005878 <z_impl_k_sem_take>
 8000834:	e004      	b.n	8000840 <leer_botones+0x1c>
			last_button = boton;
 8000836:	4b15      	ldr	r3, [pc, #84]	@ (800088c <leer_botones+0x68>)
 8000838:	601c      	str	r4, [r3, #0]
			k_msleep(22);
 800083a:	2016      	movs	r0, #22
 800083c:	f007 f82a 	bl	8007894 <k_msleep>
 8000840:	2200      	movs	r2, #0
 8000842:	2300      	movs	r3, #0
 8000844:	4812      	ldr	r0, [pc, #72]	@ (8000890 <leer_botones+0x6c>)
 8000846:	f005 f817 	bl	8005878 <z_impl_k_sem_take>
			if(k_sem_take(&stopleer, K_NO_WAIT)==0) break;
 800084a:	2800      	cmp	r0, #0
 800084c:	d0eb      	beq.n	8000826 <leer_botones+0x2>
	return z_impl_k_mutex_lock(mutex, timeout);
 800084e:	4d11      	ldr	r5, [pc, #68]	@ (8000894 <leer_botones+0x70>)
 8000850:	f04f 32ff 	mov.w	r2, #4294967295
 8000854:	f04f 33ff 	mov.w	r3, #4294967295
 8000858:	4628      	mov	r0, r5
 800085a:	f004 fefb 	bl	8005654 <z_impl_k_mutex_lock>
			int boton = tm1638_get_button();
 800085e:	f000 ff41 	bl	80016e4 <tm1638_get_button>
 8000862:	4604      	mov	r4, r0
	return z_impl_k_mutex_unlock(mutex);
 8000864:	4628      	mov	r0, r5
 8000866:	f004 ff75 	bl	8005754 <z_impl_k_mutex_unlock>
			if (boton > 0 && boton != last_button) {
 800086a:	2c00      	cmp	r4, #0
 800086c:	dde3      	ble.n	8000836 <leer_botones+0x12>
 800086e:	4b07      	ldr	r3, [pc, #28]	@ (800088c <leer_botones+0x68>)
 8000870:	681b      	ldr	r3, [r3, #0]
 8000872:	42a3      	cmp	r3, r4
 8000874:	d0df      	beq.n	8000836 <leer_botones+0x12>
		(void) arch_syscall_invoke1(parm0.x, K_SYSCALL_K_SEM_GIVE);
		return;
	}
#endif
	compiler_barrier();
	z_impl_k_sem_give(sem);
 8000876:	4808      	ldr	r0, [pc, #32]	@ (8000898 <leer_botones+0x74>)
 8000878:	f004 ffc2 	bl	8005800 <z_impl_k_sem_give>
				printk("Boton %d presionado\n", boton);
 800087c:	4621      	mov	r1, r4
 800087e:	4807      	ldr	r0, [pc, #28]	@ (800089c <leer_botones+0x78>)
 8000880:	f007 f994 	bl	8007bac <printk>
 8000884:	e7d7      	b.n	8000836 <leer_botones+0x12>
 8000886:	bf00      	nop
 8000888:	200001d8 	.word	0x200001d8
 800088c:	20000f54 	.word	0x20000f54
 8000890:	20000268 	.word	0x20000268
 8000894:	2000017c 	.word	0x2000017c
 8000898:	20000250 	.word	0x20000250
 800089c:	0800a4e0 	.word	0x0800a4e0

080008a0 <actualizar_tiempo>:
void actualizar_tiempo(void){
 80008a0:	b538      	push	{r3, r4, r5, lr}
	return z_impl_k_sem_take(sem, timeout);
 80008a2:	f04f 32ff 	mov.w	r2, #4294967295
 80008a6:	f04f 33ff 	mov.w	r3, #4294967295
 80008aa:	4839      	ldr	r0, [pc, #228]	@ (8000990 <actualizar_tiempo+0xf0>)
 80008ac:	f004 ffe4 	bl	8005878 <z_impl_k_sem_take>
 80008b0:	2200      	movs	r2, #0
 80008b2:	2300      	movs	r3, #0
 80008b4:	4837      	ldr	r0, [pc, #220]	@ (8000994 <actualizar_tiempo+0xf4>)
 80008b6:	f004 ffdf 	bl	8005878 <z_impl_k_sem_take>
			if (k_sem_take(&stopdis, K_NO_WAIT) == 0) break;
 80008ba:	2800      	cmp	r0, #0
 80008bc:	d0f1      	beq.n	80008a2 <actualizar_tiempo+0x2>
	return z_impl_k_mutex_lock(mutex, timeout);
 80008be:	4c36      	ldr	r4, [pc, #216]	@ (8000998 <actualizar_tiempo+0xf8>)
 80008c0:	f04f 32ff 	mov.w	r2, #4294967295
 80008c4:	f04f 33ff 	mov.w	r3, #4294967295
 80008c8:	4620      	mov	r0, r4
 80008ca:	f004 fec3 	bl	8005654 <z_impl_k_mutex_lock>
			tm1638_clear_digits();
 80008ce:	f000 fe7f 	bl	80015d0 <tm1638_clear_digits>
	return z_impl_k_mutex_unlock(mutex);
 80008d2:	4620      	mov	r0, r4
 80008d4:	f004 ff3e 	bl	8005754 <z_impl_k_mutex_unlock>
	return z_impl_k_uptime_ticks();
 80008d8:	f009 f973 	bl	8009bc2 <z_impl_k_uptime_ticks>
 *
 * @return Current uptime in milliseconds.
 */
static inline int64_t k_uptime_get(void)
{
	return k_ticks_to_ms_floor64(k_uptime_ticks());
 80008dc:	2200      	movs	r2, #0
 80008de:	1843      	adds	r3, r0, r1
 80008e0:	d252      	bcs.n	8000988 <actualizar_tiempo+0xe8>
 80008e2:	4413      	add	r3, r2
 80008e4:	4c2d      	ldr	r4, [pc, #180]	@ (800099c <actualizar_tiempo+0xfc>)
 80008e6:	fba4 2503 	umull	r2, r5, r4, r3
 80008ea:	f025 0203 	bic.w	r2, r5, #3
 80008ee:	eb02 0295 	add.w	r2, r2, r5, lsr #2
 80008f2:	1a9b      	subs	r3, r3, r2
 80008f4:	1ac0      	subs	r0, r0, r3
 80008f6:	f161 0100 	sbc.w	r1, r1, #0
 80008fa:	f04f 32cc 	mov.w	r2, #3435973836	@ 0xcccccccc
 80008fe:	fb00 f202 	mul.w	r2, r0, r2
 8000902:	fb04 2201 	mla	r2, r4, r1, r2
 8000906:	fba0 3404 	umull	r3, r4, r0, r4
 800090a:	4422      	add	r2, r4
 800090c:	085b      	lsrs	r3, r3, #1
 800090e:	ea43 73c2 	orr.w	r3, r3, r2, lsl #31
 8000912:	0852      	lsrs	r2, r2, #1
			fin = k_uptime_get();
 8000914:	4922      	ldr	r1, [pc, #136]	@ (80009a0 <actualizar_tiempo+0x100>)
 8000916:	600b      	str	r3, [r1, #0]
 8000918:	604a      	str	r2, [r1, #4]
			tiempo = (fin - inicio)/10;
 800091a:	4822      	ldr	r0, [pc, #136]	@ (80009a4 <actualizar_tiempo+0x104>)
 800091c:	6801      	ldr	r1, [r0, #0]
 800091e:	6840      	ldr	r0, [r0, #4]
 8000920:	1a5b      	subs	r3, r3, r1
 8000922:	eb62 0200 	sbc.w	r2, r2, r0
 8000926:	2000      	movs	r0, #0
 8000928:	1899      	adds	r1, r3, r2
 800092a:	d22f      	bcs.n	800098c <actualizar_tiempo+0xec>
 800092c:	4401      	add	r1, r0
 800092e:	481b      	ldr	r0, [pc, #108]	@ (800099c <actualizar_tiempo+0xfc>)
 8000930:	fba0 4501 	umull	r4, r5, r0, r1
 8000934:	f025 0403 	bic.w	r4, r5, #3
 8000938:	eb04 0495 	add.w	r4, r4, r5, lsr #2
 800093c:	1b09      	subs	r1, r1, r4
 800093e:	1a5b      	subs	r3, r3, r1
 8000940:	f162 0200 	sbc.w	r2, r2, #0
 8000944:	f04f 31cc 	mov.w	r1, #3435973836	@ 0xcccccccc
 8000948:	fb03 f101 	mul.w	r1, r3, r1
 800094c:	fb00 1202 	mla	r2, r0, r2, r1
 8000950:	fba3 3000 	umull	r3, r0, r3, r0
 8000954:	4402      	add	r2, r0
 8000956:	085b      	lsrs	r3, r3, #1
 8000958:	ea43 73c2 	orr.w	r3, r3, r2, lsl #31
 800095c:	0852      	lsrs	r2, r2, #1
 800095e:	4c12      	ldr	r4, [pc, #72]	@ (80009a8 <actualizar_tiempo+0x108>)
 8000960:	6023      	str	r3, [r4, #0]
 8000962:	6062      	str	r2, [r4, #4]
	return z_impl_k_mutex_lock(mutex, timeout);
 8000964:	4d0c      	ldr	r5, [pc, #48]	@ (8000998 <actualizar_tiempo+0xf8>)
 8000966:	f04f 32ff 	mov.w	r2, #4294967295
 800096a:	f04f 33ff 	mov.w	r3, #4294967295
 800096e:	4628      	mov	r0, r5
 8000970:	f004 fe70 	bl	8005654 <z_impl_k_mutex_lock>
			tm1638_display(tiempo);
 8000974:	6820      	ldr	r0, [r4, #0]
 8000976:	f000 fe43 	bl	8001600 <tm1638_display>
	return z_impl_k_mutex_unlock(mutex);
 800097a:	4628      	mov	r0, r5
 800097c:	f004 feea 	bl	8005754 <z_impl_k_mutex_unlock>
			k_msleep(10);
 8000980:	200a      	movs	r0, #10
 8000982:	f006 ff87 	bl	8007894 <k_msleep>
		while(1){
 8000986:	e793      	b.n	80008b0 <actualizar_tiempo+0x10>
 8000988:	2201      	movs	r2, #1
 800098a:	e7aa      	b.n	80008e2 <actualizar_tiempo+0x42>
			tiempo = (fin - inicio)/10;
 800098c:	2001      	movs	r0, #1
 800098e:	e7cd      	b.n	800092c <actualizar_tiempo+0x8c>
 8000990:	200001a8 	.word	0x200001a8
 8000994:	20000238 	.word	0x20000238
 8000998:	2000017c 	.word	0x2000017c
 800099c:	cccccccd 	.word	0xcccccccd
 80009a0:	200006f0 	.word	0x200006f0
 80009a4:	200006f8 	.word	0x200006f8
 80009a8:	200006e8 	.word	0x200006e8

080009ac <iniciar_juego>:
void iniciar_juego(void){
 80009ac:	b5f8      	push	{r3, r4, r5, r6, r7, lr}
	return z_impl_k_sem_take(sem, timeout);
 80009ae:	f04f 32ff 	mov.w	r2, #4294967295
 80009b2:	f04f 33ff 	mov.w	r3, #4294967295
 80009b6:	4865      	ldr	r0, [pc, #404]	@ (8000b4c <iniciar_juego+0x1a0>)
 80009b8:	f004 ff5e 	bl	8005878 <z_impl_k_sem_take>
 80009bc:	e01f      	b.n	80009fe <iniciar_juego+0x52>
 80009be:	2201      	movs	r2, #1
 80009c0:	e082      	b.n	8000ac8 <iniciar_juego+0x11c>
				else tm1638_set_brightness(0);
 80009c2:	2000      	movs	r0, #0
 80009c4:	f000 fd26 	bl	8001414 <tm1638_set_brightness>
	return z_impl_k_mutex_unlock(mutex);
 80009c8:	4861      	ldr	r0, [pc, #388]	@ (8000b50 <iniciar_juego+0x1a4>)
 80009ca:	f004 fec3 	bl	8005754 <z_impl_k_mutex_unlock>
				ganador = !ganador;
 80009ce:	f084 0401 	eor.w	r4, r4, #1
				k_msleep(100);
 80009d2:	2064      	movs	r0, #100	@ 0x64
 80009d4:	f006 ff5e 	bl	8007894 <k_msleep>
			for (int i = 0; i < 10; i++)
 80009d8:	3501      	adds	r5, #1
 80009da:	2d09      	cmp	r5, #9
 80009dc:	dc0c      	bgt.n	80009f8 <iniciar_juego+0x4c>
	return z_impl_k_mutex_lock(mutex, timeout);
 80009de:	f04f 32ff 	mov.w	r2, #4294967295
 80009e2:	f04f 33ff 	mov.w	r3, #4294967295
 80009e6:	485a      	ldr	r0, [pc, #360]	@ (8000b50 <iniciar_juego+0x1a4>)
 80009e8:	f004 fe34 	bl	8005654 <z_impl_k_mutex_lock>
				if (ganador) tm1638_set_brightness(7);
 80009ec:	2c00      	cmp	r4, #0
 80009ee:	d0e8      	beq.n	80009c2 <iniciar_juego+0x16>
 80009f0:	2007      	movs	r0, #7
 80009f2:	f000 fd0f 	bl	8001414 <tm1638_set_brightness>
 80009f6:	e7e7      	b.n	80009c8 <iniciar_juego+0x1c>
	z_impl_k_sem_give(sem);
 80009f8:	4856      	ldr	r0, [pc, #344]	@ (8000b54 <iniciar_juego+0x1a8>)
 80009fa:	f004 ff01 	bl	8005800 <z_impl_k_sem_give>
			k_mutex_lock(&acceso_hardware, K_FOREVER);
 80009fe:	f04f 36ff 	mov.w	r6, #4294967295
 8000a02:	f04f 37ff 	mov.w	r7, #4294967295
	return z_impl_k_mutex_lock(mutex, timeout);
 8000a06:	4c52      	ldr	r4, [pc, #328]	@ (8000b50 <iniciar_juego+0x1a4>)
 8000a08:	4632      	mov	r2, r6
 8000a0a:	463b      	mov	r3, r7
 8000a0c:	4620      	mov	r0, r4
 8000a0e:	f004 fe21 	bl	8005654 <z_impl_k_mutex_lock>
			tm1638_clear();
 8000a12:	f000 fd35 	bl	8001480 <tm1638_clear>
	return z_impl_k_mutex_unlock(mutex);
 8000a16:	4620      	mov	r0, r4
 8000a18:	f004 fe9c 	bl	8005754 <z_impl_k_mutex_unlock>
			printk("Juego de reaccion iniciado. Espera a que se encienda el LED...\n");
 8000a1c:	484e      	ldr	r0, [pc, #312]	@ (8000b58 <iniciar_juego+0x1ac>)
 8000a1e:	f007 f8c5 	bl	8007bac <printk>
	return z_impl_k_mutex_lock(mutex, timeout);
 8000a22:	4632      	mov	r2, r6
 8000a24:	463b      	mov	r3, r7
 8000a26:	4620      	mov	r0, r4
 8000a28:	f004 fe14 	bl	8005654 <z_impl_k_mutex_lock>
			tm1638_display(3);
 8000a2c:	2003      	movs	r0, #3
 8000a2e:	f000 fde7 	bl	8001600 <tm1638_display>
	return z_impl_k_mutex_unlock(mutex);
 8000a32:	4620      	mov	r0, r4
 8000a34:	f004 fe8e 	bl	8005754 <z_impl_k_mutex_unlock>
			k_msleep(1000);
 8000a38:	f44f 707a 	mov.w	r0, #1000	@ 0x3e8
 8000a3c:	f006 ff2a 	bl	8007894 <k_msleep>
	return z_impl_k_mutex_lock(mutex, timeout);
 8000a40:	4632      	mov	r2, r6
 8000a42:	463b      	mov	r3, r7
 8000a44:	4620      	mov	r0, r4
 8000a46:	f004 fe05 	bl	8005654 <z_impl_k_mutex_lock>
			tm1638_clear();
 8000a4a:	f000 fd19 	bl	8001480 <tm1638_clear>
			tm1638_display(2);
 8000a4e:	2002      	movs	r0, #2
 8000a50:	f000 fdd6 	bl	8001600 <tm1638_display>
	return z_impl_k_mutex_unlock(mutex);
 8000a54:	4620      	mov	r0, r4
 8000a56:	f004 fe7d 	bl	8005754 <z_impl_k_mutex_unlock>
			k_msleep(1000);
 8000a5a:	f44f 707a 	mov.w	r0, #1000	@ 0x3e8
 8000a5e:	f006 ff19 	bl	8007894 <k_msleep>
	return z_impl_k_mutex_lock(mutex, timeout);
 8000a62:	4632      	mov	r2, r6
 8000a64:	463b      	mov	r3, r7
 8000a66:	4620      	mov	r0, r4
 8000a68:	f004 fdf4 	bl	8005654 <z_impl_k_mutex_lock>
			tm1638_clear();
 8000a6c:	f000 fd08 	bl	8001480 <tm1638_clear>
			tm1638_display(1);
 8000a70:	2001      	movs	r0, #1
 8000a72:	f000 fdc5 	bl	8001600 <tm1638_display>
	return z_impl_k_mutex_unlock(mutex);
 8000a76:	4620      	mov	r0, r4
 8000a78:	f004 fe6c 	bl	8005754 <z_impl_k_mutex_unlock>
			k_msleep(1000);
 8000a7c:	f44f 707a 	mov.w	r0, #1000	@ 0x3e8
 8000a80:	f006 ff08 	bl	8007894 <k_msleep>
	return z_impl_k_mutex_lock(mutex, timeout);
 8000a84:	4632      	mov	r2, r6
 8000a86:	463b      	mov	r3, r7
 8000a88:	4620      	mov	r0, r4
 8000a8a:	f004 fde3 	bl	8005654 <z_impl_k_mutex_lock>
			tm1638_clear();
 8000a8e:	f000 fcf7 	bl	8001480 <tm1638_clear>
	return z_impl_k_mutex_unlock(mutex);
 8000a92:	4620      	mov	r0, r4
 8000a94:	f004 fe5e 	bl	8005754 <z_impl_k_mutex_unlock>
			tiempo_aleatorio = (rand() % 3000) +1000;
 8000a98:	f006 f8e6 	bl	8006c68 <rand>
 8000a9c:	4a2f      	ldr	r2, [pc, #188]	@ (8000b5c <iniciar_juego+0x1b0>)
 8000a9e:	fb82 3200 	smull	r3, r2, r2, r0
 8000aa2:	17c3      	asrs	r3, r0, #31
 8000aa4:	ebc3 13a2 	rsb	r3, r3, r2, asr #6
 8000aa8:	f640 32b8 	movw	r2, #3000	@ 0xbb8
 8000aac:	fb02 0313 	mls	r3, r2, r3, r0
 8000ab0:	f503 707a 	add.w	r0, r3, #1000	@ 0x3e8
 8000ab4:	4b2a      	ldr	r3, [pc, #168]	@ (8000b60 <iniciar_juego+0x1b4>)
 8000ab6:	6018      	str	r0, [r3, #0]
			k_msleep(tiempo_aleatorio);
 8000ab8:	f006 feec 	bl	8007894 <k_msleep>
	return z_impl_k_uptime_ticks();
 8000abc:	f009 f881 	bl	8009bc2 <z_impl_k_uptime_ticks>
 8000ac0:	2200      	movs	r2, #0
 8000ac2:	1843      	adds	r3, r0, r1
 8000ac4:	f4bf af7b 	bcs.w	80009be <iniciar_juego+0x12>
 8000ac8:	4413      	add	r3, r2
 8000aca:	4a26      	ldr	r2, [pc, #152]	@ (8000b64 <iniciar_juego+0x1b8>)
 8000acc:	fba2 4503 	umull	r4, r5, r2, r3
 8000ad0:	f025 0403 	bic.w	r4, r5, #3
 8000ad4:	eb04 0495 	add.w	r4, r4, r5, lsr #2
 8000ad8:	1b1b      	subs	r3, r3, r4
 8000ada:	2400      	movs	r4, #0
 8000adc:	1ac0      	subs	r0, r0, r3
 8000ade:	f161 0100 	sbc.w	r1, r1, #0
 8000ae2:	f04f 33cc 	mov.w	r3, #3435973836	@ 0xcccccccc
 8000ae6:	fb00 f303 	mul.w	r3, r0, r3
 8000aea:	fb02 3301 	mla	r3, r2, r1, r3
 8000aee:	fba0 0202 	umull	r0, r2, r0, r2
 8000af2:	4413      	add	r3, r2
 8000af4:	0840      	lsrs	r0, r0, #1
 8000af6:	ea40 70c3 	orr.w	r0, r0, r3, lsl #31
 8000afa:	085b      	lsrs	r3, r3, #1
			inicio = k_uptime_get();
 8000afc:	4a1a      	ldr	r2, [pc, #104]	@ (8000b68 <iniciar_juego+0x1bc>)
 8000afe:	6010      	str	r0, [r2, #0]
 8000b00:	6053      	str	r3, [r2, #4]
	z_impl_k_sem_give(sem);
 8000b02:	481a      	ldr	r0, [pc, #104]	@ (8000b6c <iniciar_juego+0x1c0>)
 8000b04:	f004 fe7c 	bl	8005800 <z_impl_k_sem_give>
 8000b08:	4819      	ldr	r0, [pc, #100]	@ (8000b70 <iniciar_juego+0x1c4>)
 8000b0a:	f004 fe79 	bl	8005800 <z_impl_k_sem_give>
 8000b0e:	4819      	ldr	r0, [pc, #100]	@ (8000b74 <iniciar_juego+0x1c8>)
 8000b10:	f004 fe76 	bl	8005800 <z_impl_k_sem_give>
			k_sem_take(&stopjuego, K_FOREVER);
 8000b14:	f04f 36ff 	mov.w	r6, #4294967295
 8000b18:	f04f 37ff 	mov.w	r7, #4294967295
	return z_impl_k_sem_take(sem, timeout);
 8000b1c:	4632      	mov	r2, r6
 8000b1e:	463b      	mov	r3, r7
 8000b20:	4815      	ldr	r0, [pc, #84]	@ (8000b78 <iniciar_juego+0x1cc>)
 8000b22:	f004 fea9 	bl	8005878 <z_impl_k_sem_take>
	z_impl_k_sem_give(sem);
 8000b26:	4815      	ldr	r0, [pc, #84]	@ (8000b7c <iniciar_juego+0x1d0>)
 8000b28:	f004 fe6a 	bl	8005800 <z_impl_k_sem_give>
 8000b2c:	4814      	ldr	r0, [pc, #80]	@ (8000b80 <iniciar_juego+0x1d4>)
 8000b2e:	f004 fe67 	bl	8005800 <z_impl_k_sem_give>
	return z_impl_k_mutex_lock(mutex, timeout);
 8000b32:	4d07      	ldr	r5, [pc, #28]	@ (8000b50 <iniciar_juego+0x1a4>)
 8000b34:	4632      	mov	r2, r6
 8000b36:	463b      	mov	r3, r7
 8000b38:	4628      	mov	r0, r5
 8000b3a:	f004 fd8b 	bl	8005654 <z_impl_k_mutex_lock>
			tm1638_clear_leds();
 8000b3e:	f000 fd9b 	bl	8001678 <tm1638_clear_leds>
	return z_impl_k_mutex_unlock(mutex);
 8000b42:	4628      	mov	r0, r5
 8000b44:	f004 fe06 	bl	8005754 <z_impl_k_mutex_unlock>
			for (int i = 0; i < 10; i++)
 8000b48:	4625      	mov	r5, r4
 8000b4a:	e746      	b.n	80009da <iniciar_juego+0x2e>
 8000b4c:	200001c0 	.word	0x200001c0
 8000b50:	2000017c 	.word	0x2000017c
 8000b54:	20000220 	.word	0x20000220
 8000b58:	0800a4f8 	.word	0x0800a4f8
 8000b5c:	057619f1 	.word	0x057619f1
 8000b60:	20000f50 	.word	0x20000f50
 8000b64:	cccccccd 	.word	0xcccccccd
 8000b68:	200006f8 	.word	0x200006f8
 8000b6c:	200001a8 	.word	0x200001a8
 8000b70:	200001d8 	.word	0x200001d8
 8000b74:	20000190 	.word	0x20000190
 8000b78:	20000250 	.word	0x20000250
 8000b7c:	20000238 	.word	0x20000238
 8000b80:	20000268 	.word	0x20000268

08000b84 <autofan>:
void autofan(void){
 8000b84:	b538      	push	{r3, r4, r5, lr}
	return z_impl_k_sem_take(sem, timeout);
 8000b86:	f04f 32ff 	mov.w	r2, #4294967295
 8000b8a:	f04f 33ff 	mov.w	r3, #4294967295
 8000b8e:	481e      	ldr	r0, [pc, #120]	@ (8000c08 <autofan+0x84>)
 8000b90:	f004 fe72 	bl	8005878 <z_impl_k_sem_take>
 8000b94:	e02f      	b.n	8000bf6 <autofan+0x72>
	return z_impl_k_mutex_lock(mutex, timeout);
 8000b96:	4d1d      	ldr	r5, [pc, #116]	@ (8000c0c <autofan+0x88>)
 8000b98:	f04f 32ff 	mov.w	r2, #4294967295
 8000b9c:	f04f 33ff 	mov.w	r3, #4294967295
 8000ba0:	4628      	mov	r0, r5
 8000ba2:	f004 fd57 	bl	8005654 <z_impl_k_mutex_lock>
				tm1638_clear_leds();
 8000ba6:	f000 fd67 	bl	8001678 <tm1638_clear_leds>
				tm1638_set_led(i, 1);
 8000baa:	2101      	movs	r1, #1
 8000bac:	4620      	mov	r0, r4
 8000bae:	f000 fd7b 	bl	80016a8 <tm1638_set_led>
	return z_impl_k_mutex_unlock(mutex);
 8000bb2:	4628      	mov	r0, r5
 8000bb4:	f004 fdce 	bl	8005754 <z_impl_k_mutex_unlock>
				k_msleep(50);
 8000bb8:	2032      	movs	r0, #50	@ 0x32
 8000bba:	f006 fe6b 	bl	8007894 <k_msleep>
			for (int i = 0; i < 8; i++){
 8000bbe:	3401      	adds	r4, #1
 8000bc0:	2c07      	cmp	r4, #7
 8000bc2:	dde8      	ble.n	8000b96 <autofan+0x12>
			for (int t = 7; t >= 0; t--){
 8000bc4:	2407      	movs	r4, #7
 8000bc6:	e014      	b.n	8000bf2 <autofan+0x6e>
	return z_impl_k_mutex_lock(mutex, timeout);
 8000bc8:	4d10      	ldr	r5, [pc, #64]	@ (8000c0c <autofan+0x88>)
 8000bca:	f04f 32ff 	mov.w	r2, #4294967295
 8000bce:	f04f 33ff 	mov.w	r3, #4294967295
 8000bd2:	4628      	mov	r0, r5
 8000bd4:	f004 fd3e 	bl	8005654 <z_impl_k_mutex_lock>
				tm1638_clear_leds();
 8000bd8:	f000 fd4e 	bl	8001678 <tm1638_clear_leds>
				tm1638_set_led(t, 1);
 8000bdc:	2101      	movs	r1, #1
 8000bde:	4620      	mov	r0, r4
 8000be0:	f000 fd62 	bl	80016a8 <tm1638_set_led>
	return z_impl_k_mutex_unlock(mutex);
 8000be4:	4628      	mov	r0, r5
 8000be6:	f004 fdb5 	bl	8005754 <z_impl_k_mutex_unlock>
				k_msleep(50);
 8000bea:	2032      	movs	r0, #50	@ 0x32
 8000bec:	f006 fe52 	bl	8007894 <k_msleep>
			for (int t = 7; t >= 0; t--){
 8000bf0:	3c01      	subs	r4, #1
 8000bf2:	2c00      	cmp	r4, #0
 8000bf4:	dae8      	bge.n	8000bc8 <autofan+0x44>
	return z_impl_k_sem_take(sem, timeout);
 8000bf6:	2200      	movs	r2, #0
 8000bf8:	2300      	movs	r3, #0
 8000bfa:	4805      	ldr	r0, [pc, #20]	@ (8000c10 <autofan+0x8c>)
 8000bfc:	f004 fe3c 	bl	8005878 <z_impl_k_sem_take>
			if (k_sem_take(&stopauto, K_NO_WAIT) == 0) break;
 8000c00:	2800      	cmp	r0, #0
 8000c02:	d0c0      	beq.n	8000b86 <autofan+0x2>
			for (int i = 0; i < 8; i++){
 8000c04:	2400      	movs	r4, #0
 8000c06:	e7db      	b.n	8000bc0 <autofan+0x3c>
 8000c08:	20000190 	.word	0x20000190
 8000c0c:	2000017c 	.word	0x2000017c
 8000c10:	20000220 	.word	0x20000220

08000c14 <adc_raw_to_millivolts>:
{
 8000c14:	b570      	push	{r4, r5, r6, lr}
 8000c16:	b082      	sub	sp, #8
 8000c18:	4684      	mov	ip, r0
 8000c1a:	4608      	mov	r0, r1
 8000c1c:	4614      	mov	r4, r2
 8000c1e:	461d      	mov	r5, r3
	int64_t adc_mv = (int64_t)*valp * (int64_t)ref_mv;
 8000c20:	681b      	ldr	r3, [r3, #0]
 8000c22:	17da      	asrs	r2, r3, #31
 8000c24:	ea4f 71ec 	mov.w	r1, ip, asr #31
 8000c28:	fb03 f101 	mul.w	r1, r3, r1
 8000c2c:	fb0c 1102 	mla	r1, ip, r2, r1
 8000c30:	fba3 3c0c 	umull	r3, ip, r3, ip
 8000c34:	4461      	add	r1, ip
 8000c36:	9300      	str	r3, [sp, #0]
 8000c38:	9101      	str	r1, [sp, #4]
	int ret = adc_gain_invert_64(gain, &adc_mv);
 8000c3a:	4669      	mov	r1, sp
 8000c3c:	f003 f97e 	bl	8003f3c <adc_gain_invert_64>
	if (ret == 0) {
 8000c40:	4606      	mov	r6, r0
 8000c42:	b9f8      	cbnz	r0, 8000c84 <adc_raw_to_millivolts+0x70>
		adc_mv = adc_mv >> resolution;
 8000c44:	9a01      	ldr	r2, [sp, #4]
 8000c46:	f1c4 0120 	rsb	r1, r4, #32
 8000c4a:	f1b4 0020 	subs.w	r0, r4, #32
 8000c4e:	9b00      	ldr	r3, [sp, #0]
 8000c50:	fa23 f304 	lsr.w	r3, r3, r4
 8000c54:	fa02 f101 	lsl.w	r1, r2, r1
 8000c58:	ea43 0301 	orr.w	r3, r3, r1
 8000c5c:	d402      	bmi.n	8000c64 <adc_raw_to_millivolts+0x50>
 8000c5e:	fa42 f000 	asr.w	r0, r2, r0
 8000c62:	4303      	orrs	r3, r0
 8000c64:	4122      	asrs	r2, r4
 8000c66:	9300      	str	r3, [sp, #0]
 8000c68:	9201      	str	r2, [sp, #4]
		if (adc_mv > INT32_MAX || adc_mv < INT32_MIN) {
 8000c6a:	f113 4300 	adds.w	r3, r3, #2147483648	@ 0x80000000
 8000c6e:	f142 0200 	adc.w	r2, r2, #0
 8000c72:	f04f 31ff 	mov.w	r1, #4294967295
 8000c76:	4299      	cmp	r1, r3
 8000c78:	f04f 0300 	mov.w	r3, #0
 8000c7c:	4193      	sbcs	r3, r2
 8000c7e:	d304      	bcc.n	8000c8a <adc_raw_to_millivolts+0x76>
		*valp = (int32_t)adc_mv;
 8000c80:	9b00      	ldr	r3, [sp, #0]
 8000c82:	602b      	str	r3, [r5, #0]
}
 8000c84:	4630      	mov	r0, r6
 8000c86:	b002      	add	sp, #8
 8000c88:	bd70      	pop	{r4, r5, r6, pc}
			__ASSERT_MSG_INFO("conversion result is out of range");
 8000c8a:	4802      	ldr	r0, [pc, #8]	@ (8000c94 <adc_raw_to_millivolts+0x80>)
 8000c8c:	f006 ff9c 	bl	8007bc8 <assert_print>
 8000c90:	e7f6      	b.n	8000c80 <adc_raw_to_millivolts+0x6c>
 8000c92:	bf00      	nop
 8000c94:	0800a538 	.word	0x0800a538

08000c98 <menu>:
void menu (){
 8000c98:	b508      	push	{r3, lr}
		printk("Menu de opciones:\n");
 8000c9a:	4808      	ldr	r0, [pc, #32]	@ (8000cbc <menu+0x24>)
 8000c9c:	f006 ff86 	bl	8007bac <printk>
		printk("1) Ajustar brillo (0-7)\n");
 8000ca0:	4807      	ldr	r0, [pc, #28]	@ (8000cc0 <menu+0x28>)
 8000ca2:	f006 ff83 	bl	8007bac <printk>
		printk("2) remostrar mensaje de bienvenida\n");
 8000ca6:	4807      	ldr	r0, [pc, #28]	@ (8000cc4 <menu+0x2c>)
 8000ca8:	f006 ff80 	bl	8007bac <printk>
		printk("3) leer botones y mostrar en display\n");
 8000cac:	4806      	ldr	r0, [pc, #24]	@ (8000cc8 <menu+0x30>)
 8000cae:	f006 ff7d 	bl	8007bac <printk>
		printk("4) juego de reaccion con botones y leds\n");
 8000cb2:	4806      	ldr	r0, [pc, #24]	@ (8000ccc <menu+0x34>)
 8000cb4:	f006 ff7a 	bl	8007bac <printk>
}
 8000cb8:	bd08      	pop	{r3, pc}
 8000cba:	bf00      	nop
 8000cbc:	0800a55c 	.word	0x0800a55c
 8000cc0:	0800a570 	.word	0x0800a570
 8000cc4:	0800a58c 	.word	0x0800a58c
 8000cc8:	0800a5b0 	.word	0x0800a5b0
 8000ccc:	0800a5d8 	.word	0x0800a5d8

08000cd0 <ajustar_brillo>:
void ajustar_brillo(){
 8000cd0:	b570      	push	{r4, r5, r6, lr}
	menuflag = true;
 8000cd2:	2501      	movs	r5, #1
 8000cd4:	4b2f      	ldr	r3, [pc, #188]	@ (8000d94 <ajustar_brillo+0xc4>)
 8000cd6:	701d      	strb	r5, [r3, #0]
	return z_impl_k_mutex_lock(mutex, timeout);
 8000cd8:	4c2f      	ldr	r4, [pc, #188]	@ (8000d98 <ajustar_brillo+0xc8>)
 8000cda:	f04f 32ff 	mov.w	r2, #4294967295
 8000cde:	f04f 33ff 	mov.w	r3, #4294967295
 8000ce2:	4620      	mov	r0, r4
 8000ce4:	f004 fcb6 	bl	8005654 <z_impl_k_mutex_lock>
	tm1638_clear_digits();
 8000ce8:	f000 fc72 	bl	80015d0 <tm1638_clear_digits>
	tm1638_set_digit(0, 0x73); //P o 0xce
 8000cec:	2173      	movs	r1, #115	@ 0x73
 8000cee:	2000      	movs	r0, #0
 8000cf0:	f000 fbb0 	bl	8001454 <tm1638_set_digit>
	tm1638_set_digit(1, 0x77); //R o 0xee
 8000cf4:	2177      	movs	r1, #119	@ 0x77
 8000cf6:	4628      	mov	r0, r5
 8000cf8:	f000 fbac 	bl	8001454 <tm1638_set_digit>
	tm1638_set_digit(2, 0x79); //E o 0x9e
 8000cfc:	2179      	movs	r1, #121	@ 0x79
 8000cfe:	2002      	movs	r0, #2
 8000d00:	f000 fba8 	bl	8001454 <tm1638_set_digit>
	tm1638_set_digit(3, 0x6D); //S o 0xb6
 8000d04:	216d      	movs	r1, #109	@ 0x6d
 8000d06:	2003      	movs	r0, #3
 8000d08:	f000 fba4 	bl	8001454 <tm1638_set_digit>
	tm1638_set_digit(4, 0xED); //S. o oxb7
 8000d0c:	21ed      	movs	r1, #237	@ 0xed
 8000d0e:	2004      	movs	r0, #4
 8000d10:	f000 fba0 	bl	8001454 <tm1638_set_digit>
	return z_impl_k_mutex_unlock(mutex);
 8000d14:	4620      	mov	r0, r4
 8000d16:	f004 fd1d 	bl	8005754 <z_impl_k_mutex_unlock>
 8000d1a:	e004      	b.n	8000d26 <ajustar_brillo+0x56>
		last_button = level;
 8000d1c:	4b1f      	ldr	r3, [pc, #124]	@ (8000d9c <ajustar_brillo+0xcc>)
 8000d1e:	601c      	str	r4, [r3, #0]
		k_msleep(20);
 8000d20:	2014      	movs	r0, #20
 8000d22:	f006 fdb7 	bl	8007894 <k_msleep>
	while (menuflag){ 
 8000d26:	4b1b      	ldr	r3, [pc, #108]	@ (8000d94 <ajustar_brillo+0xc4>)
 8000d28:	781b      	ldrb	r3, [r3, #0]
 8000d2a:	b393      	cbz	r3, 8000d92 <ajustar_brillo+0xc2>
	return z_impl_k_mutex_lock(mutex, timeout);
 8000d2c:	4d1a      	ldr	r5, [pc, #104]	@ (8000d98 <ajustar_brillo+0xc8>)
 8000d2e:	f04f 32ff 	mov.w	r2, #4294967295
 8000d32:	f04f 33ff 	mov.w	r3, #4294967295
 8000d36:	4628      	mov	r0, r5
 8000d38:	f004 fc8c 	bl	8005654 <z_impl_k_mutex_lock>
		level = tm1638_get_button();
 8000d3c:	f000 fcd2 	bl	80016e4 <tm1638_get_button>
 8000d40:	4604      	mov	r4, r0
	return z_impl_k_mutex_unlock(mutex);
 8000d42:	4628      	mov	r0, r5
 8000d44:	f004 fd06 	bl	8005754 <z_impl_k_mutex_unlock>
		if (level > 0 && level != last_button) {
 8000d48:	2c00      	cmp	r4, #0
 8000d4a:	dde7      	ble.n	8000d1c <ajustar_brillo+0x4c>
 8000d4c:	4b13      	ldr	r3, [pc, #76]	@ (8000d9c <ajustar_brillo+0xcc>)
 8000d4e:	681b      	ldr	r3, [r3, #0]
 8000d50:	42a3      	cmp	r3, r4
 8000d52:	d0e3      	beq.n	8000d1c <ajustar_brillo+0x4c>
	return z_impl_k_mutex_lock(mutex, timeout);
 8000d54:	462e      	mov	r6, r5
 8000d56:	f04f 32ff 	mov.w	r2, #4294967295
 8000d5a:	f04f 33ff 	mov.w	r3, #4294967295
 8000d5e:	4628      	mov	r0, r5
 8000d60:	f004 fc78 	bl	8005654 <z_impl_k_mutex_lock>
			tm1638_set_brightness(level-1);
 8000d64:	1e60      	subs	r0, r4, #1
 8000d66:	b2c0      	uxtb	r0, r0
 8000d68:	f000 fb54 	bl	8001414 <tm1638_set_brightness>
			tm1638_clear_digits();
 8000d6c:	f000 fc30 	bl	80015d0 <tm1638_clear_digits>
			tm1638_display(level-1);
 8000d70:	1e65      	subs	r5, r4, #1
 8000d72:	4628      	mov	r0, r5
 8000d74:	f000 fc44 	bl	8001600 <tm1638_display>
	return z_impl_k_mutex_unlock(mutex);
 8000d78:	4630      	mov	r0, r6
 8000d7a:	f004 fceb 	bl	8005754 <z_impl_k_mutex_unlock>
			printk("brillo ajustado a %d\n", level-1);
 8000d7e:	4629      	mov	r1, r5
 8000d80:	4807      	ldr	r0, [pc, #28]	@ (8000da0 <ajustar_brillo+0xd0>)
 8000d82:	f006 ff13 	bl	8007bac <printk>
			if ((level-1)!=0) menuflag = false;
 8000d86:	2c01      	cmp	r4, #1
 8000d88:	d0c8      	beq.n	8000d1c <ajustar_brillo+0x4c>
 8000d8a:	4b02      	ldr	r3, [pc, #8]	@ (8000d94 <ajustar_brillo+0xc4>)
 8000d8c:	2200      	movs	r2, #0
 8000d8e:	701a      	strb	r2, [r3, #0]
 8000d90:	e7c4      	b.n	8000d1c <ajustar_brillo+0x4c>
}
 8000d92:	bd70      	pop	{r4, r5, r6, pc}
 8000d94:	2000110c 	.word	0x2000110c
 8000d98:	2000017c 	.word	0x2000017c
 8000d9c:	20000f54 	.word	0x20000f54
 8000da0:	0800a604 	.word	0x0800a604

08000da4 <mostrar_bienvenida>:
void mostrar_bienvenida(){
 8000da4:	b510      	push	{r4, lr}
	return z_impl_k_mutex_lock(mutex, timeout);
 8000da6:	4c11      	ldr	r4, [pc, #68]	@ (8000dec <mostrar_bienvenida+0x48>)
 8000da8:	f04f 32ff 	mov.w	r2, #4294967295
 8000dac:	f04f 33ff 	mov.w	r3, #4294967295
 8000db0:	4620      	mov	r0, r4
 8000db2:	f004 fc4f 	bl	8005654 <z_impl_k_mutex_lock>
	tm1638_clear_digits();
 8000db6:	f000 fc0b 	bl	80015d0 <tm1638_clear_digits>
	tm1638_set_digit(0, 0x76); //H o 0x76
 8000dba:	2176      	movs	r1, #118	@ 0x76
 8000dbc:	2000      	movs	r0, #0
 8000dbe:	f000 fb49 	bl	8001454 <tm1638_set_digit>
	tm1638_set_digit(1, 0x79); //E o 0x9e
 8000dc2:	2179      	movs	r1, #121	@ 0x79
 8000dc4:	2001      	movs	r0, #1
 8000dc6:	f000 fb45 	bl	8001454 <tm1638_set_digit>
	tm1638_set_digit(2, 0x1C); //L o 0x1c este esta invertido por si las moscas
 8000dca:	211c      	movs	r1, #28
 8000dcc:	2002      	movs	r0, #2
 8000dce:	f000 fb41 	bl	8001454 <tm1638_set_digit>
	tm1638_set_digit(3, 0x38); //L o 0x38
 8000dd2:	2138      	movs	r1, #56	@ 0x38
 8000dd4:	2003      	movs	r0, #3
 8000dd6:	f000 fb3d 	bl	8001454 <tm1638_set_digit>
	tm1638_set_digit(4, 0xBF); //O o 0xfc 
 8000dda:	21bf      	movs	r1, #191	@ 0xbf
 8000ddc:	2004      	movs	r0, #4
 8000dde:	f000 fb39 	bl	8001454 <tm1638_set_digit>
	return z_impl_k_mutex_unlock(mutex);
 8000de2:	4620      	mov	r0, r4
 8000de4:	f004 fcb6 	bl	8005754 <z_impl_k_mutex_unlock>
}
 8000de8:	bd10      	pop	{r4, pc}
 8000dea:	bf00      	nop
 8000dec:	2000017c 	.word	0x2000017c

08000df0 <mostrar_boton>:
void mostrar_boton(){
 8000df0:	b538      	push	{r3, r4, r5, lr}
	menuflag = true;
 8000df2:	2501      	movs	r5, #1
 8000df4:	4b37      	ldr	r3, [pc, #220]	@ (8000ed4 <mostrar_boton+0xe4>)
 8000df6:	701d      	strb	r5, [r3, #0]
	return z_impl_k_mutex_lock(mutex, timeout);
 8000df8:	4c37      	ldr	r4, [pc, #220]	@ (8000ed8 <mostrar_boton+0xe8>)
 8000dfa:	f04f 32ff 	mov.w	r2, #4294967295
 8000dfe:	f04f 33ff 	mov.w	r3, #4294967295
 8000e02:	4620      	mov	r0, r4
 8000e04:	f004 fc26 	bl	8005654 <z_impl_k_mutex_lock>
	tm1638_clear_digits();
 8000e08:	f000 fbe2 	bl	80015d0 <tm1638_clear_digits>
	tm1638_set_digit(0, 0x73); //P o 0xce
 8000e0c:	2173      	movs	r1, #115	@ 0x73
 8000e0e:	2000      	movs	r0, #0
 8000e10:	f000 fb20 	bl	8001454 <tm1638_set_digit>
	tm1638_set_digit(1, 0x77); //R o 0xee
 8000e14:	2177      	movs	r1, #119	@ 0x77
 8000e16:	4628      	mov	r0, r5
 8000e18:	f000 fb1c 	bl	8001454 <tm1638_set_digit>
	tm1638_set_digit(2, 0x79); //E o 0x9e
 8000e1c:	2179      	movs	r1, #121	@ 0x79
 8000e1e:	2002      	movs	r0, #2
 8000e20:	f000 fb18 	bl	8001454 <tm1638_set_digit>
	tm1638_set_digit(3, 0x6D); //S o 0xb6
 8000e24:	216d      	movs	r1, #109	@ 0x6d
 8000e26:	2003      	movs	r0, #3
 8000e28:	f000 fb14 	bl	8001454 <tm1638_set_digit>
	tm1638_set_digit(4, 0xED); //S. o oxb7
 8000e2c:	21ed      	movs	r1, #237	@ 0xed
 8000e2e:	2004      	movs	r0, #4
 8000e30:	f000 fb10 	bl	8001454 <tm1638_set_digit>
	tm1638_set_digit(5, 0x3F); //O
 8000e34:	213f      	movs	r1, #63	@ 0x3f
 8000e36:	2005      	movs	r0, #5
 8000e38:	f000 fb0c 	bl	8001454 <tm1638_set_digit>
	tm1638_set_digit(6, 0xBE); //U.
 8000e3c:	21be      	movs	r1, #190	@ 0xbe
 8000e3e:	2006      	movs	r0, #6
 8000e40:	f000 fb08 	bl	8001454 <tm1638_set_digit>
	tm1638_set_digit(7, 0xFF); //8
 8000e44:	21ff      	movs	r1, #255	@ 0xff
 8000e46:	2007      	movs	r0, #7
 8000e48:	f000 fb04 	bl	8001454 <tm1638_set_digit>
	return z_impl_k_mutex_unlock(mutex);
 8000e4c:	4620      	mov	r0, r4
 8000e4e:	f004 fc81 	bl	8005754 <z_impl_k_mutex_unlock>
 8000e52:	e004      	b.n	8000e5e <mostrar_boton+0x6e>
		last_button = button;
 8000e54:	4b21      	ldr	r3, [pc, #132]	@ (8000edc <mostrar_boton+0xec>)
 8000e56:	601c      	str	r4, [r3, #0]
		k_msleep(20);
 8000e58:	2014      	movs	r0, #20
 8000e5a:	f006 fd1b 	bl	8007894 <k_msleep>
	while (menuflag){ 
 8000e5e:	4b1d      	ldr	r3, [pc, #116]	@ (8000ed4 <mostrar_boton+0xe4>)
 8000e60:	781b      	ldrb	r3, [r3, #0]
 8000e62:	b3ab      	cbz	r3, 8000ed0 <mostrar_boton+0xe0>
	return z_impl_k_mutex_lock(mutex, timeout);
 8000e64:	4d1c      	ldr	r5, [pc, #112]	@ (8000ed8 <mostrar_boton+0xe8>)
 8000e66:	f04f 32ff 	mov.w	r2, #4294967295
 8000e6a:	f04f 33ff 	mov.w	r3, #4294967295
 8000e6e:	4628      	mov	r0, r5
 8000e70:	f004 fbf0 	bl	8005654 <z_impl_k_mutex_lock>
		int button = tm1638_get_button();
 8000e74:	f000 fc36 	bl	80016e4 <tm1638_get_button>
 8000e78:	4604      	mov	r4, r0
	return z_impl_k_mutex_unlock(mutex);
 8000e7a:	4628      	mov	r0, r5
 8000e7c:	f004 fc6a 	bl	8005754 <z_impl_k_mutex_unlock>
		if (button > 0 && button != last_button) {
 8000e80:	2c00      	cmp	r4, #0
 8000e82:	dde7      	ble.n	8000e54 <mostrar_boton+0x64>
 8000e84:	4b15      	ldr	r3, [pc, #84]	@ (8000edc <mostrar_boton+0xec>)
 8000e86:	681b      	ldr	r3, [r3, #0]
 8000e88:	42a3      	cmp	r3, r4
 8000e8a:	d0e3      	beq.n	8000e54 <mostrar_boton+0x64>
	return z_impl_k_mutex_lock(mutex, timeout);
 8000e8c:	f04f 32ff 	mov.w	r2, #4294967295
 8000e90:	f04f 33ff 	mov.w	r3, #4294967295
 8000e94:	4628      	mov	r0, r5
 8000e96:	f004 fbdd 	bl	8005654 <z_impl_k_mutex_lock>
			tm1638_clear_digits();
 8000e9a:	f000 fb99 	bl	80015d0 <tm1638_clear_digits>
			tm1638_display(button);
 8000e9e:	4620      	mov	r0, r4
 8000ea0:	f000 fbae 	bl	8001600 <tm1638_display>
	return z_impl_k_mutex_unlock(mutex);
 8000ea4:	4628      	mov	r0, r5
 8000ea6:	f004 fc55 	bl	8005754 <z_impl_k_mutex_unlock>
			printk("Boton %d presionado\n", button);
 8000eaa:	4621      	mov	r1, r4
 8000eac:	480c      	ldr	r0, [pc, #48]	@ (8000ee0 <mostrar_boton+0xf0>)
 8000eae:	f006 fe7d 	bl	8007bac <printk>
			if (button == 8){
 8000eb2:	2c08      	cmp	r4, #8
 8000eb4:	d1ce      	bne.n	8000e54 <mostrar_boton+0x64>
				menuflag = false;
 8000eb6:	4b07      	ldr	r3, [pc, #28]	@ (8000ed4 <mostrar_boton+0xe4>)
 8000eb8:	2200      	movs	r2, #0
 8000eba:	701a      	strb	r2, [r3, #0]
				last_button = button;
 8000ebc:	4b07      	ldr	r3, [pc, #28]	@ (8000edc <mostrar_boton+0xec>)
 8000ebe:	601c      	str	r4, [r3, #0]
				printk("Saliendo de la funcion mostrar_boton\n");
 8000ec0:	4808      	ldr	r0, [pc, #32]	@ (8000ee4 <mostrar_boton+0xf4>)
 8000ec2:	f006 fe73 	bl	8007bac <printk>
				k_msleep(2000);
 8000ec6:	f44f 60fa 	mov.w	r0, #2000	@ 0x7d0
 8000eca:	f006 fce3 	bl	8007894 <k_msleep>
 8000ece:	e7c1      	b.n	8000e54 <mostrar_boton+0x64>
}
 8000ed0:	bd38      	pop	{r3, r4, r5, pc}
 8000ed2:	bf00      	nop
 8000ed4:	2000110c 	.word	0x2000110c
 8000ed8:	2000017c 	.word	0x2000017c
 8000edc:	20000f54 	.word	0x20000f54
 8000ee0:	0800a4e0 	.word	0x0800a4e0
 8000ee4:	0800a61c 	.word	0x0800a61c

08000ee8 <mainloop>:

void mainloop(void)
{
 8000ee8:	b5f0      	push	{r4, r5, r6, r7, lr}
 8000eea:	b083      	sub	sp, #12
 8000eec:	e10b      	b.n	8001106 <mainloop+0x21e>
		int ret;

		printk("Iniciando demo de TM1638...\n");
		/* 1) Inicializar el TM1638 */
		if (!device_is_ready(vol.dev)){
			printk("ADC no esta listo");
 8000eee:	48c3      	ldr	r0, [pc, #780]	@ (80011fc <mainloop+0x314>)
 8000ef0:	f006 fe5c 	bl	8007bac <printk>

			k_msleep(20);
		}
	k_sleep(K_FOREVER);
}
}
 8000ef4:	b003      	add	sp, #12
 8000ef6:	bdf0      	pop	{r4, r5, r6, r7, pc}
			printk("ADC no configurado");
 8000ef8:	48c1      	ldr	r0, [pc, #772]	@ (8001200 <mainloop+0x318>)
 8000efa:	f006 fe57 	bl	8007bac <printk>
 8000efe:	e113      	b.n	8001128 <mainloop+0x240>
			printk("Error al inicializar el TM1638 (ret=%d)\n", ret);
 8000f00:	4621      	mov	r1, r4
 8000f02:	48c0      	ldr	r0, [pc, #768]	@ (8001204 <mainloop+0x31c>)
 8000f04:	f006 fe52 	bl	8007bac <printk>
			break;
 8000f08:	e7f4      	b.n	8000ef4 <mainloop+0xc>
	return z_impl_k_mutex_lock(mutex, timeout);
 8000f0a:	4ebf      	ldr	r6, [pc, #764]	@ (8001208 <mainloop+0x320>)
 8000f0c:	f04f 32ff 	mov.w	r2, #4294967295
 8000f10:	f04f 33ff 	mov.w	r3, #4294967295
 8000f14:	4630      	mov	r0, r6
 8000f16:	f004 fb9d 	bl	8005654 <z_impl_k_mutex_lock>
			tm1638_set_led(i, 1);
 8000f1a:	2101      	movs	r1, #1
 8000f1c:	4628      	mov	r0, r5
 8000f1e:	f000 fbc3 	bl	80016a8 <tm1638_set_led>
	return z_impl_k_mutex_unlock(mutex);
 8000f22:	4630      	mov	r0, r6
 8000f24:	f004 fc16 	bl	8005754 <z_impl_k_mutex_unlock>
			k_msleep(50);
 8000f28:	2032      	movs	r0, #50	@ 0x32
 8000f2a:	f006 fcb3 	bl	8007894 <k_msleep>
		for (int i = 0; i < 8; i++) {
 8000f2e:	3501      	adds	r5, #1
 8000f30:	2d07      	cmp	r5, #7
 8000f32:	ddea      	ble.n	8000f0a <mainloop+0x22>
		printk("led on\n");
 8000f34:	48b5      	ldr	r0, [pc, #724]	@ (800120c <mainloop+0x324>)
 8000f36:	f006 fe39 	bl	8007bac <printk>
		k_msleep(500);
 8000f3a:	f44f 70fa 	mov.w	r0, #500	@ 0x1f4
 8000f3e:	f006 fca9 	bl	8007894 <k_msleep>
		for (int i = 0; i < 8; i++) {
 8000f42:	e012      	b.n	8000f6a <mainloop+0x82>
	return z_impl_k_mutex_lock(mutex, timeout);
 8000f44:	4db0      	ldr	r5, [pc, #704]	@ (8001208 <mainloop+0x320>)
 8000f46:	f04f 32ff 	mov.w	r2, #4294967295
 8000f4a:	f04f 33ff 	mov.w	r3, #4294967295
 8000f4e:	4628      	mov	r0, r5
 8000f50:	f004 fb80 	bl	8005654 <z_impl_k_mutex_lock>
			tm1638_set_led(i, 0);
 8000f54:	2100      	movs	r1, #0
 8000f56:	4620      	mov	r0, r4
 8000f58:	f000 fba6 	bl	80016a8 <tm1638_set_led>
	return z_impl_k_mutex_unlock(mutex);
 8000f5c:	4628      	mov	r0, r5
 8000f5e:	f004 fbf9 	bl	8005754 <z_impl_k_mutex_unlock>
			k_msleep(50);
 8000f62:	2032      	movs	r0, #50	@ 0x32
 8000f64:	f006 fc96 	bl	8007894 <k_msleep>
		for (int i = 0; i < 8; i++) {
 8000f68:	3401      	adds	r4, #1
 8000f6a:	2c07      	cmp	r4, #7
 8000f6c:	ddea      	ble.n	8000f44 <mainloop+0x5c>
		printk("ledof\n");
 8000f6e:	48a8      	ldr	r0, [pc, #672]	@ (8001210 <mainloop+0x328>)
 8000f70:	f006 fe1c 	bl	8007bac <printk>
		k_mutex_lock(&acceso_hardware, K_FOREVER);
 8000f74:	f04f 36ff 	mov.w	r6, #4294967295
 8000f78:	f04f 37ff 	mov.w	r7, #4294967295
	return z_impl_k_mutex_lock(mutex, timeout);
 8000f7c:	4ca2      	ldr	r4, [pc, #648]	@ (8001208 <mainloop+0x320>)
 8000f7e:	4632      	mov	r2, r6
 8000f80:	463b      	mov	r3, r7
 8000f82:	4620      	mov	r0, r4
 8000f84:	f004 fb66 	bl	8005654 <z_impl_k_mutex_lock>
		tm1638_set_led(3, 1);
 8000f88:	2101      	movs	r1, #1
 8000f8a:	2003      	movs	r0, #3
 8000f8c:	f000 fb8c 	bl	80016a8 <tm1638_set_led>
		printk("setled\n");
 8000f90:	48a0      	ldr	r0, [pc, #640]	@ (8001214 <mainloop+0x32c>)
 8000f92:	f006 fe0b 	bl	8007bac <printk>
		tm1638_display(8888);
 8000f96:	f242 20b8 	movw	r0, #8888	@ 0x22b8
 8000f9a:	f000 fb31 	bl	8001600 <tm1638_display>
		printk("setdisplay\n");
 8000f9e:	489e      	ldr	r0, [pc, #632]	@ (8001218 <mainloop+0x330>)
 8000fa0:	f006 fe04 	bl	8007bac <printk>
	return z_impl_k_mutex_unlock(mutex);
 8000fa4:	4620      	mov	r0, r4
 8000fa6:	f004 fbd5 	bl	8005754 <z_impl_k_mutex_unlock>
		k_msleep(200);
 8000faa:	20c8      	movs	r0, #200	@ 0xc8
 8000fac:	f006 fc72 	bl	8007894 <k_msleep>
	return z_impl_k_mutex_lock(mutex, timeout);
 8000fb0:	4632      	mov	r2, r6
 8000fb2:	463b      	mov	r3, r7
 8000fb4:	4620      	mov	r0, r4
 8000fb6:	f004 fb4d 	bl	8005654 <z_impl_k_mutex_lock>
		tm1638_clear_digits();
 8000fba:	f000 fb09 	bl	80015d0 <tm1638_clear_digits>
	return z_impl_k_mutex_unlock(mutex);
 8000fbe:	4620      	mov	r0, r4
 8000fc0:	f004 fbc8 	bl	8005754 <z_impl_k_mutex_unlock>
		k_msleep(200);
 8000fc4:	20c8      	movs	r0, #200	@ 0xc8
 8000fc6:	f006 fc65 	bl	8007894 <k_msleep>
	return z_impl_k_mutex_lock(mutex, timeout);
 8000fca:	4632      	mov	r2, r6
 8000fcc:	463b      	mov	r3, r7
 8000fce:	4620      	mov	r0, r4
 8000fd0:	f004 fb40 	bl	8005654 <z_impl_k_mutex_lock>
		tm1638_clear_leds();
 8000fd4:	f000 fb50 	bl	8001678 <tm1638_clear_leds>
		printk("clearled\n");
 8000fd8:	4890      	ldr	r0, [pc, #576]	@ (800121c <mainloop+0x334>)
 8000fda:	f006 fde7 	bl	8007bac <printk>
	return z_impl_k_mutex_unlock(mutex);
 8000fde:	4620      	mov	r0, r4
 8000fe0:	f004 fbb8 	bl	8005754 <z_impl_k_mutex_unlock>
		k_msleep(500);
 8000fe4:	f44f 70fa 	mov.w	r0, #500	@ 0x1f4
 8000fe8:	f006 fc54 	bl	8007894 <k_msleep>
	return z_impl_k_mutex_lock(mutex, timeout);
 8000fec:	4632      	mov	r2, r6
 8000fee:	463b      	mov	r3, r7
 8000ff0:	4620      	mov	r0, r4
 8000ff2:	f004 fb2f 	bl	8005654 <z_impl_k_mutex_lock>
		tm1638_display(1234);
 8000ff6:	f240 40d2 	movw	r0, #1234	@ 0x4d2
 8000ffa:	f000 fb01 	bl	8001600 <tm1638_display>
		printk("1234\n");
 8000ffe:	4888      	ldr	r0, [pc, #544]	@ (8001220 <mainloop+0x338>)
 8001000:	f006 fdd4 	bl	8007bac <printk>
		tm1638_set_led(5, 1);
 8001004:	2101      	movs	r1, #1
 8001006:	2005      	movs	r0, #5
 8001008:	f000 fb4e 	bl	80016a8 <tm1638_set_led>
		printk("ledon\n");
 800100c:	4885      	ldr	r0, [pc, #532]	@ (8001224 <mainloop+0x33c>)
 800100e:	f006 fdcd 	bl	8007bac <printk>
	return z_impl_k_mutex_unlock(mutex);
 8001012:	4620      	mov	r0, r4
 8001014:	f004 fb9e 	bl	8005754 <z_impl_k_mutex_unlock>
		k_msleep(800);
 8001018:	f44f 7048 	mov.w	r0, #800	@ 0x320
 800101c:	f006 fc3a 	bl	8007894 <k_msleep>
	return z_impl_k_mutex_lock(mutex, timeout);
 8001020:	4632      	mov	r2, r6
 8001022:	463b      	mov	r3, r7
 8001024:	4620      	mov	r0, r4
 8001026:	f004 fb15 	bl	8005654 <z_impl_k_mutex_lock>
		tm1638_clear();
 800102a:	f000 fa29 	bl	8001480 <tm1638_clear>
		printk("clear all\n");
 800102e:	487e      	ldr	r0, [pc, #504]	@ (8001228 <mainloop+0x340>)
 8001030:	f006 fdbc 	bl	8007bac <printk>
	return z_impl_k_mutex_unlock(mutex);
 8001034:	4620      	mov	r0, r4
 8001036:	f004 fb8d 	bl	8005754 <z_impl_k_mutex_unlock>
		k_msleep(500);
 800103a:	f44f 70fa 	mov.w	r0, #500	@ 0x1f4
 800103e:	f006 fc29 	bl	8007894 <k_msleep>
		printk("Demo inicial terminada. Presiona los botones del modulo...\n");
 8001042:	487a      	ldr	r0, [pc, #488]	@ (800122c <mainloop+0x344>)
 8001044:	f006 fdb2 	bl	8007bac <printk>
		menu();
 8001048:	f7ff fe26 	bl	8000c98 <menu>
		while (flag) {
 800104c:	e008      	b.n	8001060 <mainloop+0x178>
						ajustar_brillo();
 800104e:	f7ff fe3f 	bl	8000cd0 <ajustar_brillo>
						menu();
 8001052:	f7ff fe21 	bl	8000c98 <menu>
			last_button = button;
 8001056:	4b76      	ldr	r3, [pc, #472]	@ (8001230 <mainloop+0x348>)
 8001058:	601c      	str	r4, [r3, #0]
			k_msleep(20);
 800105a:	2014      	movs	r0, #20
 800105c:	f006 fc1a 	bl	8007894 <k_msleep>
		while (flag) {
 8001060:	4b74      	ldr	r3, [pc, #464]	@ (8001234 <mainloop+0x34c>)
 8001062:	781b      	ldrb	r3, [r3, #0]
 8001064:	2b00      	cmp	r3, #0
 8001066:	d048      	beq.n	80010fa <mainloop+0x212>
	return z_impl_k_mutex_lock(mutex, timeout);
 8001068:	4d67      	ldr	r5, [pc, #412]	@ (8001208 <mainloop+0x320>)
 800106a:	f04f 32ff 	mov.w	r2, #4294967295
 800106e:	f04f 33ff 	mov.w	r3, #4294967295
 8001072:	4628      	mov	r0, r5
 8001074:	f004 faee 	bl	8005654 <z_impl_k_mutex_lock>
			int button = tm1638_get_button();
 8001078:	f000 fb34 	bl	80016e4 <tm1638_get_button>
 800107c:	4604      	mov	r4, r0
	return z_impl_k_mutex_unlock(mutex);
 800107e:	4628      	mov	r0, r5
 8001080:	f004 fb68 	bl	8005754 <z_impl_k_mutex_unlock>
			if (button > 0 && button != last_button) {
 8001084:	2c00      	cmp	r4, #0
 8001086:	dde6      	ble.n	8001056 <mainloop+0x16e>
 8001088:	4b69      	ldr	r3, [pc, #420]	@ (8001230 <mainloop+0x348>)
 800108a:	681b      	ldr	r3, [r3, #0]
 800108c:	42a3      	cmp	r3, r4
 800108e:	d0e2      	beq.n	8001056 <mainloop+0x16e>
				switch (button) {
 8001090:	1e63      	subs	r3, r4, #1
 8001092:	2b04      	cmp	r3, #4
 8001094:	d82b      	bhi.n	80010ee <mainloop+0x206>
 8001096:	a201      	add	r2, pc, #4	@ (adr r2, 800109c <mainloop+0x1b4>)
 8001098:	f852 f023 	ldr.w	pc, [r2, r3, lsl #2]
 800109c:	0800104f 	.word	0x0800104f
 80010a0:	080010b1 	.word	0x080010b1
 80010a4:	080010c3 	.word	0x080010c3
 80010a8:	080010cd 	.word	0x080010cd
 80010ac:	080010db 	.word	0x080010db
						mostrar_bienvenida();
 80010b0:	f7ff fe78 	bl	8000da4 <mostrar_bienvenida>
						k_msleep(2000);
 80010b4:	f44f 60fa 	mov.w	r0, #2000	@ 0x7d0
 80010b8:	f006 fbec 	bl	8007894 <k_msleep>
						menu();
 80010bc:	f7ff fdec 	bl	8000c98 <menu>
						break;
 80010c0:	e7c9      	b.n	8001056 <mainloop+0x16e>
						mostrar_boton();
 80010c2:	f7ff fe95 	bl	8000df0 <mostrar_boton>
						menu();
 80010c6:	f7ff fde7 	bl	8000c98 <menu>
						break;
 80010ca:	e7c4      	b.n	8001056 <mainloop+0x16e>
	z_impl_k_sem_give(sem);
 80010cc:	485a      	ldr	r0, [pc, #360]	@ (8001238 <mainloop+0x350>)
 80010ce:	f004 fb97 	bl	8005800 <z_impl_k_sem_give>
						flag = false;
 80010d2:	4b58      	ldr	r3, [pc, #352]	@ (8001234 <mainloop+0x34c>)
 80010d4:	2200      	movs	r2, #0
 80010d6:	701a      	strb	r2, [r3, #0]
						break;
 80010d8:	e7bd      	b.n	8001056 <mainloop+0x16e>
						printk("leer voltaje\n");
 80010da:	4858      	ldr	r0, [pc, #352]	@ (800123c <mainloop+0x354>)
 80010dc:	f006 fd66 	bl	8007bac <printk>
 80010e0:	4857      	ldr	r0, [pc, #348]	@ (8001240 <mainloop+0x358>)
 80010e2:	f004 fb8d 	bl	8005800 <z_impl_k_sem_give>
						flag = false;
 80010e6:	4b53      	ldr	r3, [pc, #332]	@ (8001234 <mainloop+0x34c>)
 80010e8:	2200      	movs	r2, #0
 80010ea:	701a      	strb	r2, [r3, #0]
						break;
 80010ec:	e7b3      	b.n	8001056 <mainloop+0x16e>
						printk("Opcion invalida\n");
 80010ee:	4855      	ldr	r0, [pc, #340]	@ (8001244 <mainloop+0x35c>)
 80010f0:	f006 fd5c 	bl	8007bac <printk>
						menu();
 80010f4:	f7ff fdd0 	bl	8000c98 <menu>
						break;
 80010f8:	e7ad      	b.n	8001056 <mainloop+0x16e>
	return z_impl_k_sleep(timeout);
 80010fa:	f04f 30ff 	mov.w	r0, #4294967295
 80010fe:	f04f 31ff 	mov.w	r1, #4294967295
 8001102:	f004 ffb3 	bl	800606c <z_impl_k_sleep>
		printk("Iniciando demo de TM1638...\n");
 8001106:	4850      	ldr	r0, [pc, #320]	@ (8001248 <mainloop+0x360>)
 8001108:	f006 fd50 	bl	8007bac <printk>
		union { uintptr_t x; const struct device * val; } parm0 = { .val = dev };
		return (bool) arch_syscall_invoke1(parm0.x, K_SYSCALL_DEVICE_IS_READY);
	}
#endif
	compiler_barrier();
	return z_impl_device_is_ready(dev);
 800110c:	484f      	ldr	r0, [pc, #316]	@ (800124c <mainloop+0x364>)
 800110e:	f008 fb01 	bl	8009714 <z_impl_device_is_ready>
		if (!device_is_ready(vol.dev)){
 8001112:	2800      	cmp	r0, #0
 8001114:	f43f aeeb 	beq.w	8000eee <mainloop+0x6>
	return DEVICE_API_GET(adc, dev)->channel_setup(dev, channel_cfg);
 8001118:	484c      	ldr	r0, [pc, #304]	@ (800124c <mainloop+0x364>)
 800111a:	6883      	ldr	r3, [r0, #8]
 800111c:	681b      	ldr	r3, [r3, #0]
 800111e:	494c      	ldr	r1, [pc, #304]	@ (8001250 <mainloop+0x368>)
 8001120:	4798      	blx	r3
		if (ret != 0){
 8001122:	2800      	cmp	r0, #0
 8001124:	f47f aee8 	bne.w	8000ef8 <mainloop+0x10>
	return z_impl_k_mutex_lock(mutex, timeout);
 8001128:	4d37      	ldr	r5, [pc, #220]	@ (8001208 <mainloop+0x320>)
 800112a:	f04f 32ff 	mov.w	r2, #4294967295
 800112e:	f04f 33ff 	mov.w	r3, #4294967295
 8001132:	4628      	mov	r0, r5
 8001134:	f004 fa8e 	bl	8005654 <z_impl_k_mutex_lock>
		printk("Antes de init\n");
 8001138:	4846      	ldr	r0, [pc, #280]	@ (8001254 <mainloop+0x36c>)
 800113a:	f006 fd37 	bl	8007bac <printk>
		ret = tm1638_init(stb_pin, clk_pin, dio_pin);
 800113e:	4b46      	ldr	r3, [pc, #280]	@ (8001258 <mainloop+0x370>)
 8001140:	4c46      	ldr	r4, [pc, #280]	@ (800125c <mainloop+0x374>)
 8001142:	4a47      	ldr	r2, [pc, #284]	@ (8001260 <mainloop+0x378>)
 8001144:	e892 0003 	ldmia.w	r2, {r0, r1}
 8001148:	e88d 0003 	stmia.w	sp, {r0, r1}
 800114c:	cb0c      	ldmia	r3, {r2, r3}
 800114e:	e894 0003 	ldmia.w	r4, {r0, r1}
 8001152:	f000 f9ab 	bl	80014ac <tm1638_init>
 8001156:	4604      	mov	r4, r0
		printk("Despues de init ret=%d\n", ret);
 8001158:	4601      	mov	r1, r0
 800115a:	4842      	ldr	r0, [pc, #264]	@ (8001264 <mainloop+0x37c>)
 800115c:	f006 fd26 	bl	8007bac <printk>
	return z_impl_k_mutex_unlock(mutex);
 8001160:	4628      	mov	r0, r5
 8001162:	f004 faf7 	bl	8005754 <z_impl_k_mutex_unlock>
		printk("ret definido\n");
 8001166:	4840      	ldr	r0, [pc, #256]	@ (8001268 <mainloop+0x380>)
 8001168:	f006 fd20 	bl	8007bac <printk>
		if (ret != 0) {
 800116c:	2c00      	cmp	r4, #0
 800116e:	f47f aec7 	bne.w	8000f00 <mainloop+0x18>
		printk("procesado\n");
 8001172:	483e      	ldr	r0, [pc, #248]	@ (800126c <mainloop+0x384>)
 8001174:	f006 fd1a 	bl	8007bac <printk>
		k_mutex_lock(&acceso_hardware, K_FOREVER);
 8001178:	f04f 36ff 	mov.w	r6, #4294967295
 800117c:	f04f 37ff 	mov.w	r7, #4294967295
	return z_impl_k_mutex_lock(mutex, timeout);
 8001180:	4d21      	ldr	r5, [pc, #132]	@ (8001208 <mainloop+0x320>)
 8001182:	4632      	mov	r2, r6
 8001184:	463b      	mov	r3, r7
 8001186:	4628      	mov	r0, r5
 8001188:	f004 fa64 	bl	8005654 <z_impl_k_mutex_lock>
		tm1638_set_brightness(7);
 800118c:	2007      	movs	r0, #7
 800118e:	f000 f941 	bl	8001414 <tm1638_set_brightness>
		printk("brillo establecido\n");
 8001192:	4837      	ldr	r0, [pc, #220]	@ (8001270 <mainloop+0x388>)
 8001194:	f006 fd0a 	bl	8007bac <printk>
		tm1638_display(12345678);
 8001198:	4836      	ldr	r0, [pc, #216]	@ (8001274 <mainloop+0x38c>)
 800119a:	f000 fa31 	bl	8001600 <tm1638_display>
		printk("12345678\n");
 800119e:	4836      	ldr	r0, [pc, #216]	@ (8001278 <mainloop+0x390>)
 80011a0:	f006 fd04 	bl	8007bac <printk>
	return z_impl_k_mutex_unlock(mutex);
 80011a4:	4628      	mov	r0, r5
 80011a6:	f004 fad5 	bl	8005754 <z_impl_k_mutex_unlock>
		k_msleep(1500);
 80011aa:	f240 50dc 	movw	r0, #1500	@ 0x5dc
 80011ae:	f006 fb71 	bl	8007894 <k_msleep>
	return z_impl_k_mutex_lock(mutex, timeout);
 80011b2:	4632      	mov	r2, r6
 80011b4:	463b      	mov	r3, r7
 80011b6:	4628      	mov	r0, r5
 80011b8:	f004 fa4c 	bl	8005654 <z_impl_k_mutex_lock>
		tm1638_set_digit(2, 0x77);
 80011bc:	2177      	movs	r1, #119	@ 0x77
 80011be:	2002      	movs	r0, #2
 80011c0:	f000 f948 	bl	8001454 <tm1638_set_digit>
		printk("set digit\n");
 80011c4:	482d      	ldr	r0, [pc, #180]	@ (800127c <mainloop+0x394>)
 80011c6:	f006 fcf1 	bl	8007bac <printk>
	return z_impl_k_mutex_unlock(mutex);
 80011ca:	4628      	mov	r0, r5
 80011cc:	f004 fac2 	bl	8005754 <z_impl_k_mutex_unlock>
		k_msleep(1000);
 80011d0:	f44f 707a 	mov.w	r0, #1000	@ 0x3e8
 80011d4:	f006 fb5e 	bl	8007894 <k_msleep>
	return z_impl_k_mutex_lock(mutex, timeout);
 80011d8:	4632      	mov	r2, r6
 80011da:	463b      	mov	r3, r7
 80011dc:	4628      	mov	r0, r5
 80011de:	f004 fa39 	bl	8005654 <z_impl_k_mutex_lock>
		tm1638_set_digit(0, 0xFF);
 80011e2:	21ff      	movs	r1, #255	@ 0xff
 80011e4:	2000      	movs	r0, #0
 80011e6:	f000 f935 	bl	8001454 <tm1638_set_digit>
	return z_impl_k_mutex_unlock(mutex);
 80011ea:	4628      	mov	r0, r5
 80011ec:	f004 fab2 	bl	8005754 <z_impl_k_mutex_unlock>
		k_msleep(1000);
 80011f0:	f44f 707a 	mov.w	r0, #1000	@ 0x3e8
 80011f4:	f006 fb4e 	bl	8007894 <k_msleep>
		for (int i = 0; i < 8; i++) {
 80011f8:	4625      	mov	r5, r4
 80011fa:	e699      	b.n	8000f30 <mainloop+0x48>
 80011fc:	0800a664 	.word	0x0800a664
 8001200:	0800a678 	.word	0x0800a678
 8001204:	0800a6c4 	.word	0x0800a6c4
 8001208:	2000017c 	.word	0x2000017c
 800120c:	0800a728 	.word	0x0800a728
 8001210:	0800a730 	.word	0x0800a730
 8001214:	0800a738 	.word	0x0800a738
 8001218:	0800a740 	.word	0x0800a740
 800121c:	0800a74c 	.word	0x0800a74c
 8001220:	0800a758 	.word	0x0800a758
 8001224:	0800a760 	.word	0x0800a760
 8001228:	0800a768 	.word	0x0800a768
 800122c:	0800a774 	.word	0x0800a774
 8001230:	20000f54 	.word	0x20000f54
 8001234:	20000118 	.word	0x20000118
 8001238:	200001c0 	.word	0x200001c0
 800123c:	0800a7b0 	.word	0x0800a7b0
 8001240:	20000208 	.word	0x20000208
 8001244:	0800a7c0 	.word	0x0800a7c0
 8001248:	0800a644 	.word	0x0800a644
 800124c:	08009fc8 	.word	0x08009fc8
 8001250:	0800b46a 	.word	0x0800b46a
 8001254:	0800a68c 	.word	0x0800a68c
 8001258:	0800b47c 	.word	0x0800b47c
 800125c:	0800b484 	.word	0x0800b484
 8001260:	0800b474 	.word	0x0800b474
 8001264:	0800a69c 	.word	0x0800a69c
 8001268:	0800a6b4 	.word	0x0800a6b4
 800126c:	0800a6f0 	.word	0x0800a6f0
 8001270:	0800a6fc 	.word	0x0800a6fc
 8001274:	00bc614e 	.word	0x00bc614e
 8001278:	0800a710 	.word	0x0800a710
 800127c:	0800a71c 	.word	0x0800a71c

08001280 <send_byte>:
	0x3F, 0x06, 0x5B, 0x4F, 0x66,
	0x6D, 0x7D, 0x07, 0x7F, 0x6F,
};

static void send_byte(uint8_t b)
{
 8001280:	b570      	push	{r4, r5, r6, lr}
 8001282:	4606      	mov	r6, r0
	gpio_pin_configure_dt(&tm.dio, GPIO_OUTPUT);
 8001284:	f44f 3100 	mov.w	r1, #131072	@ 0x20000
 8001288:	4810      	ldr	r0, [pc, #64]	@ (80012cc <send_byte+0x4c>)
 800128a:	f006 fb3b 	bl	8007904 <gpio_pin_configure_dt>

	for (int i = 0; i < 8; i++) {
 800128e:	2500      	movs	r5, #0
 8001290:	e019      	b.n	80012c6 <send_byte+0x46>
 * @param value Value assigned to the pin.
 * @return a value from gpio_pin_set()
 */
static inline int gpio_pin_set_dt(const struct gpio_dt_spec *spec, int value)
{
	return gpio_pin_set(spec->port, spec->pin, value);
 8001292:	4c0f      	ldr	r4, [pc, #60]	@ (80012d0 <send_byte+0x50>)
 8001294:	2200      	movs	r2, #0
 8001296:	7b21      	ldrb	r1, [r4, #12]
 8001298:	68a0      	ldr	r0, [r4, #8]
 800129a:	f006 fb6c 	bl	8007976 <gpio_pin_set>
		gpio_pin_set_dt(&tm.clk, 0);
		gpio_pin_set_dt(&tm.dio, (b >> i) & 0x01);
 800129e:	fa46 f205 	asr.w	r2, r6, r5
 80012a2:	f002 0201 	and.w	r2, r2, #1
 80012a6:	7d21      	ldrb	r1, [r4, #20]
 80012a8:	6920      	ldr	r0, [r4, #16]
 80012aa:	f006 fb64 	bl	8007976 <gpio_pin_set>
	z_impl_k_busy_wait(usec_to_wait);
 80012ae:	2001      	movs	r0, #1
 80012b0:	f008 fa07 	bl	80096c2 <z_impl_k_busy_wait>
 80012b4:	2201      	movs	r2, #1
 80012b6:	7b21      	ldrb	r1, [r4, #12]
 80012b8:	68a0      	ldr	r0, [r4, #8]
 80012ba:	f006 fb5c 	bl	8007976 <gpio_pin_set>
 80012be:	2001      	movs	r0, #1
 80012c0:	f008 f9ff 	bl	80096c2 <z_impl_k_busy_wait>
	for (int i = 0; i < 8; i++) {
 80012c4:	3501      	adds	r5, #1
 80012c6:	2d07      	cmp	r5, #7
 80012c8:	dde3      	ble.n	8001292 <send_byte+0x12>
		k_busy_wait(1);
		gpio_pin_set_dt(&tm.clk, 1);
		k_busy_wait(1);
	}
}
 80012ca:	bd70      	pop	{r4, r5, r6, pc}
 80012cc:	20000710 	.word	0x20000710
 80012d0:	20000700 	.word	0x20000700

080012d4 <write_at>:
	return b;
}

/* Escribe un byte en una direccion fija (0-15) de la memoria de display. */
static void write_at(uint8_t addr, uint8_t data)
{
 80012d4:	b570      	push	{r4, r5, r6, lr}
 80012d6:	4605      	mov	r5, r0
 80012d8:	460e      	mov	r6, r1
 80012da:	4c14      	ldr	r4, [pc, #80]	@ (800132c <write_at+0x58>)
 80012dc:	2200      	movs	r2, #0
 80012de:	7921      	ldrb	r1, [r4, #4]
 80012e0:	6820      	ldr	r0, [r4, #0]
 80012e2:	f006 fb48 	bl	8007976 <gpio_pin_set>
	gpio_pin_set_dt(&tm.stb, 0);
	send_byte(0x44);
 80012e6:	2044      	movs	r0, #68	@ 0x44
 80012e8:	f7ff ffca 	bl	8001280 <send_byte>
 80012ec:	2201      	movs	r2, #1
 80012ee:	7921      	ldrb	r1, [r4, #4]
 80012f0:	6820      	ldr	r0, [r4, #0]
 80012f2:	f006 fb40 	bl	8007976 <gpio_pin_set>
 80012f6:	2001      	movs	r0, #1
 80012f8:	f008 f9e3 	bl	80096c2 <z_impl_k_busy_wait>
 80012fc:	2200      	movs	r2, #0
 80012fe:	7921      	ldrb	r1, [r4, #4]
 8001300:	6820      	ldr	r0, [r4, #0]
 8001302:	f006 fb38 	bl	8007976 <gpio_pin_set>
	gpio_pin_set_dt(&tm.stb, 1);
	k_busy_wait(1);

	gpio_pin_set_dt(&tm.stb, 0);
	send_byte(0xC0 | (addr & 0x0F));
 8001306:	f005 000f 	and.w	r0, r5, #15
 800130a:	f040 00c0 	orr.w	r0, r0, #192	@ 0xc0
 800130e:	f7ff ffb7 	bl	8001280 <send_byte>
	send_byte(data);
 8001312:	4630      	mov	r0, r6
 8001314:	f7ff ffb4 	bl	8001280 <send_byte>
 8001318:	2201      	movs	r2, #1
 800131a:	7921      	ldrb	r1, [r4, #4]
 800131c:	6820      	ldr	r0, [r4, #0]
 800131e:	f006 fb2a 	bl	8007976 <gpio_pin_set>
 8001322:	2032      	movs	r0, #50	@ 0x32
 8001324:	f008 f9cd 	bl	80096c2 <z_impl_k_busy_wait>
	 * alimentacion del modulo esta al limite, espaciar un poco las
	 * escrituras reduce la probabilidad de que esos picos se sumen.
	 * No sustituye revisar VCC/GND si el problema persiste.
	 */
	k_busy_wait(50);
}
 8001328:	bd70      	pop	{r4, r5, r6, pc}
 800132a:	bf00      	nop
 800132c:	20000700 	.word	0x20000700

08001330 <recv_byte>:
{
 8001330:	b570      	push	{r4, r5, r6, lr}
	gpio_pin_configure_dt(&tm.dio, GPIO_INPUT);
 8001332:	f44f 3180 	mov.w	r1, #65536	@ 0x10000
 8001336:	4814      	ldr	r0, [pc, #80]	@ (8001388 <recv_byte+0x58>)
 8001338:	f006 fae4 	bl	8007904 <gpio_pin_configure_dt>
	for (int i = 0; i < 8; i++) {
 800133c:	2500      	movs	r5, #0
	uint8_t b = 0;
 800133e:	462e      	mov	r6, r5
	for (int i = 0; i < 8; i++) {
 8001340:	e009      	b.n	8001356 <recv_byte+0x26>
 8001342:	4b12      	ldr	r3, [pc, #72]	@ (800138c <recv_byte+0x5c>)
 8001344:	2201      	movs	r2, #1
 8001346:	7b19      	ldrb	r1, [r3, #12]
 8001348:	6898      	ldr	r0, [r3, #8]
 800134a:	f006 fb14 	bl	8007976 <gpio_pin_set>
 800134e:	2001      	movs	r0, #1
 8001350:	f008 f9b7 	bl	80096c2 <z_impl_k_busy_wait>
 8001354:	3501      	adds	r5, #1
 8001356:	2d07      	cmp	r5, #7
 8001358:	dc13      	bgt.n	8001382 <recv_byte+0x52>
 800135a:	4c0c      	ldr	r4, [pc, #48]	@ (800138c <recv_byte+0x5c>)
 800135c:	2200      	movs	r2, #0
 800135e:	7b21      	ldrb	r1, [r4, #12]
 8001360:	68a0      	ldr	r0, [r4, #8]
 8001362:	f006 fb08 	bl	8007976 <gpio_pin_set>
 8001366:	2001      	movs	r0, #1
 8001368:	f008 f9ab 	bl	80096c2 <z_impl_k_busy_wait>
	return gpio_pin_get(spec->port, spec->pin);
 800136c:	7d21      	ldrb	r1, [r4, #20]
 800136e:	6920      	ldr	r0, [r4, #16]
 8001370:	f006 fadf 	bl	8007932 <gpio_pin_get>
		if (gpio_pin_get_dt(&tm.dio)) {
 8001374:	2800      	cmp	r0, #0
 8001376:	d0e4      	beq.n	8001342 <recv_byte+0x12>
			b |= (1 << i);
 8001378:	2301      	movs	r3, #1
 800137a:	40ab      	lsls	r3, r5
 800137c:	431e      	orrs	r6, r3
 800137e:	b2f6      	uxtb	r6, r6
 8001380:	e7df      	b.n	8001342 <recv_byte+0x12>
}
 8001382:	4630      	mov	r0, r6
 8001384:	bd70      	pop	{r4, r5, r6, pc}
 8001386:	bf00      	nop
 8001388:	20000710 	.word	0x20000710
 800138c:	20000700 	.word	0x20000700

08001390 <scan_keys_raw>:

/* Lee el estado crudo (sin antirrebote) de los 8 botones. */
static uint8_t scan_keys_raw(void)
{
 8001390:	b510      	push	{r4, lr}
 8001392:	b082      	sub	sp, #8
	return gpio_pin_set(spec->port, spec->pin, value);
 8001394:	4b1e      	ldr	r3, [pc, #120]	@ (8001410 <scan_keys_raw+0x80>)
 8001396:	2200      	movs	r2, #0
 8001398:	7919      	ldrb	r1, [r3, #4]
 800139a:	6818      	ldr	r0, [r3, #0]
 800139c:	f006 faeb 	bl	8007976 <gpio_pin_set>
	uint8_t keys = 0;
	uint8_t buf[4];

	gpio_pin_set_dt(&tm.stb, 0);
	send_byte(0x42);
 80013a0:	2042      	movs	r0, #66	@ 0x42
 80013a2:	f7ff ff6d 	bl	8001280 <send_byte>
	for (int i = 0; i < 4; i++) {
 80013a6:	2400      	movs	r4, #0
 80013a8:	e007      	b.n	80013ba <scan_keys_raw+0x2a>
		buf[i] = recv_byte();
 80013aa:	f7ff ffc1 	bl	8001330 <recv_byte>
 80013ae:	f104 0308 	add.w	r3, r4, #8
 80013b2:	446b      	add	r3, sp
 80013b4:	f803 0c04 	strb.w	r0, [r3, #-4]
	for (int i = 0; i < 4; i++) {
 80013b8:	3401      	adds	r4, #1
 80013ba:	2c03      	cmp	r4, #3
 80013bc:	ddf5      	ble.n	80013aa <scan_keys_raw+0x1a>
 80013be:	4c14      	ldr	r4, [pc, #80]	@ (8001410 <scan_keys_raw+0x80>)
 80013c0:	2201      	movs	r2, #1
 80013c2:	7921      	ldrb	r1, [r4, #4]
 80013c4:	6820      	ldr	r0, [r4, #0]
 80013c6:	f006 fad6 	bl	8007976 <gpio_pin_set>
	}
	gpio_pin_set_dt(&tm.stb, 1);
	gpio_pin_configure_dt(&tm.dio, GPIO_OUTPUT);
 80013ca:	f44f 3100 	mov.w	r1, #131072	@ 0x20000
 80013ce:	f104 0010 	add.w	r0, r4, #16
 80013d2:	f006 fa97 	bl	8007904 <gpio_pin_configure_dt>
	 * buf[i] bit0 -> boton (i+1)  [botones 1-4]
	 * buf[i] bit4 -> boton (i+5)  [botones 5-8]
	 * (no es buf[i] bit0/bit4 -> botones (2i+1)/(2i+2) como en la
	 * version anterior -- esa agrupacion daba impares/pares cruzados).
	 */
	for (int i = 0; i < 4; i++) {
 80013d6:	2300      	movs	r3, #0
	uint8_t keys = 0;
 80013d8:	4618      	mov	r0, r3
	for (int i = 0; i < 4; i++) {
 80013da:	e000      	b.n	80013de <scan_keys_raw+0x4e>
 80013dc:	3301      	adds	r3, #1
 80013de:	2b03      	cmp	r3, #3
 80013e0:	dc14      	bgt.n	800140c <scan_keys_raw+0x7c>
		if (buf[i] & 0x01) {
 80013e2:	f103 0208 	add.w	r2, r3, #8
 80013e6:	446a      	add	r2, sp
 80013e8:	f812 2c04 	ldrb.w	r2, [r2, #-4]
 80013ec:	f012 0f01 	tst.w	r2, #1
 80013f0:	d003      	beq.n	80013fa <scan_keys_raw+0x6a>
			keys |= (1 << i);
 80013f2:	2101      	movs	r1, #1
 80013f4:	4099      	lsls	r1, r3
 80013f6:	4308      	orrs	r0, r1
 80013f8:	b2c0      	uxtb	r0, r0
		}
		if (buf[i] & 0x10) {
 80013fa:	f012 0f10 	tst.w	r2, #16
 80013fe:	d0ed      	beq.n	80013dc <scan_keys_raw+0x4c>
			keys |= (1 << (i + 4));
 8001400:	1d19      	adds	r1, r3, #4
 8001402:	2201      	movs	r2, #1
 8001404:	408a      	lsls	r2, r1
 8001406:	4310      	orrs	r0, r2
 8001408:	b2c0      	uxtb	r0, r0
 800140a:	e7e7      	b.n	80013dc <scan_keys_raw+0x4c>
		}
	}
	return keys;
}
 800140c:	b002      	add	sp, #8
 800140e:	bd10      	pop	{r4, pc}
 8001410:	20000700 	.word	0x20000700

08001414 <tm1638_set_brightness>:
	tm1638_set_brightness(4);
	return 0;
}

int tm1638_set_brightness(uint8_t level)
{
 8001414:	b538      	push	{r3, r4, r5, lr}
	if (!tm.initialized) {
 8001416:	4b0e      	ldr	r3, [pc, #56]	@ (8001450 <tm1638_set_brightness+0x3c>)
 8001418:	7e1b      	ldrb	r3, [r3, #24]
 800141a:	b19b      	cbz	r3, 8001444 <tm1638_set_brightness+0x30>
 800141c:	4604      	mov	r4, r0
		return -EIO;
	}
	if (level > 7) {
 800141e:	2807      	cmp	r0, #7
 8001420:	d813      	bhi.n	800144a <tm1638_set_brightness+0x36>
 8001422:	4d0b      	ldr	r5, [pc, #44]	@ (8001450 <tm1638_set_brightness+0x3c>)
 8001424:	2200      	movs	r2, #0
 8001426:	7929      	ldrb	r1, [r5, #4]
 8001428:	6828      	ldr	r0, [r5, #0]
 800142a:	f006 faa4 	bl	8007976 <gpio_pin_set>
		return -EINVAL;
	}

	gpio_pin_set_dt(&tm.stb, 0);
	send_byte(0x88 | level); /* bit3=1 -> pantalla encendida */
 800142e:	f044 0088 	orr.w	r0, r4, #136	@ 0x88
 8001432:	f7ff ff25 	bl	8001280 <send_byte>
 8001436:	2201      	movs	r2, #1
 8001438:	7929      	ldrb	r1, [r5, #4]
 800143a:	6828      	ldr	r0, [r5, #0]
 800143c:	f006 fa9b 	bl	8007976 <gpio_pin_set>
	gpio_pin_set_dt(&tm.stb, 1);
	return 0;
 8001440:	2000      	movs	r0, #0
}
 8001442:	bd38      	pop	{r3, r4, r5, pc}
		return -EIO;
 8001444:	f06f 0004 	mvn.w	r0, #4
 8001448:	e7fb      	b.n	8001442 <tm1638_set_brightness+0x2e>
		return -EINVAL;
 800144a:	f06f 0015 	mvn.w	r0, #21
 800144e:	e7f8      	b.n	8001442 <tm1638_set_brightness+0x2e>
 8001450:	20000700 	.word	0x20000700

08001454 <tm1638_set_digit>:

int tm1638_set_digit(int digit, uint8_t segments)
{
 8001454:	b508      	push	{r3, lr}
	if (!tm.initialized) {
 8001456:	4b09      	ldr	r3, [pc, #36]	@ (800147c <tm1638_set_digit+0x28>)
 8001458:	7e1b      	ldrb	r3, [r3, #24]
 800145a:	b143      	cbz	r3, 800146e <tm1638_set_digit+0x1a>
		return -EIO;
	}
	if (digit < 0 || digit > 7) {
 800145c:	2807      	cmp	r0, #7
 800145e:	d809      	bhi.n	8001474 <tm1638_set_digit+0x20>
		return -EINVAL;
	}

	write_at((uint8_t)digit * 2, segments);
 8001460:	0040      	lsls	r0, r0, #1
 8001462:	f000 00fe 	and.w	r0, r0, #254	@ 0xfe
 8001466:	f7ff ff35 	bl	80012d4 <write_at>
	return 0;
 800146a:	2000      	movs	r0, #0
}
 800146c:	bd08      	pop	{r3, pc}
		return -EIO;
 800146e:	f06f 0004 	mvn.w	r0, #4
 8001472:	e7fb      	b.n	800146c <tm1638_set_digit+0x18>
		return -EINVAL;
 8001474:	f06f 0015 	mvn.w	r0, #21
 8001478:	e7f8      	b.n	800146c <tm1638_set_digit+0x18>
 800147a:	bf00      	nop
 800147c:	20000700 	.word	0x20000700

08001480 <tm1638_clear>:
	return 0;
}

int tm1638_clear(void)
{
	if (!tm.initialized) {
 8001480:	4b09      	ldr	r3, [pc, #36]	@ (80014a8 <tm1638_clear+0x28>)
 8001482:	7e1b      	ldrb	r3, [r3, #24]
 8001484:	b113      	cbz	r3, 800148c <tm1638_clear+0xc>
{
 8001486:	b510      	push	{r4, lr}
		return -EIO;
	}
	for (uint8_t addr = 0; addr < 16; addr++) {
 8001488:	2400      	movs	r4, #0
 800148a:	e008      	b.n	800149e <tm1638_clear+0x1e>
		return -EIO;
 800148c:	f06f 0004 	mvn.w	r0, #4
		write_at(addr, 0x00);
	}
	return 0;
}
 8001490:	4770      	bx	lr
		write_at(addr, 0x00);
 8001492:	2100      	movs	r1, #0
 8001494:	4620      	mov	r0, r4
 8001496:	f7ff ff1d 	bl	80012d4 <write_at>
	for (uint8_t addr = 0; addr < 16; addr++) {
 800149a:	3401      	adds	r4, #1
 800149c:	b2e4      	uxtb	r4, r4
 800149e:	2c0f      	cmp	r4, #15
 80014a0:	d9f7      	bls.n	8001492 <tm1638_clear+0x12>
	return 0;
 80014a2:	2000      	movs	r0, #0
}
 80014a4:	bd10      	pop	{r4, pc}
 80014a6:	bf00      	nop
 80014a8:	20000700 	.word	0x20000700

080014ac <tm1638_init>:
{
 80014ac:	b530      	push	{r4, r5, lr}
 80014ae:	b085      	sub	sp, #20
 80014b0:	f10d 0c08 	add.w	ip, sp, #8
 80014b4:	e88c 0003 	stmia.w	ip, {r0, r1}
 80014b8:	e9cd 2300 	strd	r2, r3, [sp]
	tm.stb = stb;
 80014bc:	4a3d      	ldr	r2, [pc, #244]	@ (80015b4 <tm1638_init+0x108>)
 80014be:	e89c 0003 	ldmia.w	ip, {r0, r1}
 80014c2:	e882 0003 	stmia.w	r2, {r0, r1}
	tm.clk = clk;
 80014c6:	f102 0508 	add.w	r5, r2, #8
 80014ca:	e9dd 0100 	ldrd	r0, r1, [sp]
 80014ce:	e885 0009 	stmia.w	r5, {r0, r3}
	tm.dio = dio;
 80014d2:	f102 0310 	add.w	r3, r2, #16
 80014d6:	a908      	add	r1, sp, #32
 80014d8:	c903      	ldmia	r1, {r0, r1}
 80014da:	e883 0003 	stmia.w	r3, {r0, r1}
	tm.initialized = false;
 80014de:	2400      	movs	r4, #0
 80014e0:	7614      	strb	r4, [r2, #24]
	tm.keys_raw_prev = 0;
 80014e2:	7654      	strb	r4, [r2, #25]
	tm.keys_stable = 0;
 80014e4:	7694      	strb	r4, [r2, #26]
	return z_impl_k_uptime_ticks();
 80014e6:	f008 fb6c 	bl	8009bc2 <z_impl_k_uptime_ticks>
 80014ea:	1843      	adds	r3, r0, r1
 80014ec:	d259      	bcs.n	80015a2 <tm1638_init+0xf6>
 80014ee:	4423      	add	r3, r4
 80014f0:	4a31      	ldr	r2, [pc, #196]	@ (80015b8 <tm1638_init+0x10c>)
 80014f2:	fba2 4503 	umull	r4, r5, r2, r3
 80014f6:	f025 0403 	bic.w	r4, r5, #3
 80014fa:	eb04 0495 	add.w	r4, r4, r5, lsr #2
 80014fe:	1b1b      	subs	r3, r3, r4
 8001500:	1ac0      	subs	r0, r0, r3
 8001502:	f161 0100 	sbc.w	r1, r1, #0
 8001506:	f04f 33cc 	mov.w	r3, #3435973836	@ 0xcccccccc
 800150a:	fb00 f303 	mul.w	r3, r0, r3
 800150e:	fb02 3301 	mla	r3, r2, r1, r3
 8001512:	fba0 0202 	umull	r0, r2, r0, r2
 8001516:	4413      	add	r3, r2
 8001518:	0840      	lsrs	r0, r0, #1
 800151a:	ea40 70c3 	orr.w	r0, r0, r3, lsl #31
 800151e:	085b      	lsrs	r3, r3, #1
	tm.keys_change_ts = k_uptime_get();
 8001520:	4a24      	ldr	r2, [pc, #144]	@ (80015b4 <tm1638_init+0x108>)
 8001522:	6210      	str	r0, [r2, #32]
 8001524:	6253      	str	r3, [r2, #36]	@ 0x24
	return device_is_ready(spec->port);
 8001526:	6810      	ldr	r0, [r2, #0]
 8001528:	f008 f8f4 	bl	8009714 <z_impl_device_is_ready>
	if (!gpio_is_ready_dt(&tm.stb) || !gpio_is_ready_dt(&tm.clk) ||
 800152c:	2800      	cmp	r0, #0
 800152e:	d03a      	beq.n	80015a6 <tm1638_init+0xfa>
 8001530:	4b20      	ldr	r3, [pc, #128]	@ (80015b4 <tm1638_init+0x108>)
 8001532:	6898      	ldr	r0, [r3, #8]
 8001534:	f008 f8ee 	bl	8009714 <z_impl_device_is_ready>
 8001538:	b3a8      	cbz	r0, 80015a6 <tm1638_init+0xfa>
 800153a:	4b1e      	ldr	r3, [pc, #120]	@ (80015b4 <tm1638_init+0x108>)
 800153c:	6918      	ldr	r0, [r3, #16]
 800153e:	f008 f8e9 	bl	8009714 <z_impl_device_is_ready>
 8001542:	b380      	cbz	r0, 80015a6 <tm1638_init+0xfa>
	printk("A\n");
 8001544:	481d      	ldr	r0, [pc, #116]	@ (80015bc <tm1638_init+0x110>)
 8001546:	f006 fb31 	bl	8007bac <printk>
	ret = gpio_pin_configure_dt(&tm.stb, GPIO_OUTPUT_ACTIVE);
 800154a:	4d1a      	ldr	r5, [pc, #104]	@ (80015b4 <tm1638_init+0x108>)
 800154c:	f44f 11d0 	mov.w	r1, #1703936	@ 0x1a0000
 8001550:	4628      	mov	r0, r5
 8001552:	f006 f9d7 	bl	8007904 <gpio_pin_configure_dt>
 8001556:	4604      	mov	r4, r0
	printk("B\n");
 8001558:	4819      	ldr	r0, [pc, #100]	@ (80015c0 <tm1638_init+0x114>)
 800155a:	f006 fb27 	bl	8007bac <printk>
	ret |= gpio_pin_configure_dt(&tm.clk, GPIO_OUTPUT_ACTIVE);
 800155e:	f44f 11d0 	mov.w	r1, #1703936	@ 0x1a0000
 8001562:	f105 0008 	add.w	r0, r5, #8
 8001566:	f006 f9cd 	bl	8007904 <gpio_pin_configure_dt>
 800156a:	4304      	orrs	r4, r0
	printk("C\n");
 800156c:	4815      	ldr	r0, [pc, #84]	@ (80015c4 <tm1638_init+0x118>)
 800156e:	f006 fb1d 	bl	8007bac <printk>
	ret |= gpio_pin_configure_dt(&tm.dio, GPIO_OUTPUT_ACTIVE);
 8001572:	f44f 11d0 	mov.w	r1, #1703936	@ 0x1a0000
 8001576:	f105 0010 	add.w	r0, r5, #16
 800157a:	f006 f9c3 	bl	8007904 <gpio_pin_configure_dt>
 800157e:	4304      	orrs	r4, r0
	printk("D\n");
 8001580:	4811      	ldr	r0, [pc, #68]	@ (80015c8 <tm1638_init+0x11c>)
 8001582:	f006 fb13 	bl	8007bac <printk>
	if (ret) {
 8001586:	b98c      	cbnz	r4, 80015ac <tm1638_init+0x100>
	tm.initialized = true;
 8001588:	2201      	movs	r2, #1
 800158a:	762a      	strb	r2, [r5, #24]
	tm1638_clear();
 800158c:	f7ff ff78 	bl	8001480 <tm1638_clear>
	printk("E\n");
 8001590:	480e      	ldr	r0, [pc, #56]	@ (80015cc <tm1638_init+0x120>)
 8001592:	f006 fb0b 	bl	8007bac <printk>
	tm1638_set_brightness(4);
 8001596:	2004      	movs	r0, #4
 8001598:	f7ff ff3c 	bl	8001414 <tm1638_set_brightness>
}
 800159c:	4620      	mov	r0, r4
 800159e:	b005      	add	sp, #20
 80015a0:	bd30      	pop	{r4, r5, pc}
 80015a2:	2401      	movs	r4, #1
 80015a4:	e7a3      	b.n	80014ee <tm1638_init+0x42>
		return -ENODEV;
 80015a6:	f06f 0412 	mvn.w	r4, #18
 80015aa:	e7f7      	b.n	800159c <tm1638_init+0xf0>
		return -EIO;
 80015ac:	f06f 0404 	mvn.w	r4, #4
 80015b0:	e7f4      	b.n	800159c <tm1638_init+0xf0>
 80015b2:	bf00      	nop
 80015b4:	20000700 	.word	0x20000700
 80015b8:	cccccccd 	.word	0xcccccccd
 80015bc:	0800a818 	.word	0x0800a818
 80015c0:	0800a81c 	.word	0x0800a81c
 80015c4:	0800a820 	.word	0x0800a820
 80015c8:	0800a824 	.word	0x0800a824
 80015cc:	0800a828 	.word	0x0800a828

080015d0 <tm1638_clear_digits>:

int tm1638_clear_digits(void)
{
	if (!tm.initialized) {
 80015d0:	4b0a      	ldr	r3, [pc, #40]	@ (80015fc <tm1638_clear_digits+0x2c>)
 80015d2:	7e1b      	ldrb	r3, [r3, #24]
 80015d4:	b113      	cbz	r3, 80015dc <tm1638_clear_digits+0xc>
{
 80015d6:	b510      	push	{r4, lr}
		return -EIO;
	}
	for (uint8_t pos = 0; pos < 8; pos++) {
 80015d8:	2400      	movs	r4, #0
 80015da:	e00a      	b.n	80015f2 <tm1638_clear_digits+0x22>
		return -EIO;
 80015dc:	f06f 0004 	mvn.w	r0, #4
		write_at(pos * 2, 0x00);
	}
	return 0;
}
 80015e0:	4770      	bx	lr
		write_at(pos * 2, 0x00);
 80015e2:	0060      	lsls	r0, r4, #1
 80015e4:	2100      	movs	r1, #0
 80015e6:	f000 00fe 	and.w	r0, r0, #254	@ 0xfe
 80015ea:	f7ff fe73 	bl	80012d4 <write_at>
	for (uint8_t pos = 0; pos < 8; pos++) {
 80015ee:	3401      	adds	r4, #1
 80015f0:	b2e4      	uxtb	r4, r4
 80015f2:	2c07      	cmp	r4, #7
 80015f4:	d9f5      	bls.n	80015e2 <tm1638_clear_digits+0x12>
	return 0;
 80015f6:	2000      	movs	r0, #0
}
 80015f8:	bd10      	pop	{r4, pc}
 80015fa:	bf00      	nop
 80015fc:	20000700 	.word	0x20000700

08001600 <tm1638_display>:
	if (!tm.initialized) {
 8001600:	4b19      	ldr	r3, [pc, #100]	@ (8001668 <tm1638_display+0x68>)
 8001602:	7e1b      	ldrb	r3, [r3, #24]
 8001604:	b353      	cbz	r3, 800165c <tm1638_display+0x5c>
{
 8001606:	b570      	push	{r4, r5, r6, lr}
	if (value < 0 || value > TM1638_MAX_VALUE) {
 8001608:	4604      	mov	r4, r0
 800160a:	4b18      	ldr	r3, [pc, #96]	@ (800166c <tm1638_display+0x6c>)
 800160c:	4298      	cmp	r0, r3
 800160e:	d823      	bhi.n	8001658 <tm1638_display+0x58>
	tm1638_clear_digits();
 8001610:	f7ff ffde 	bl	80015d0 <tm1638_clear_digits>
	int pos = 7;
 8001614:	2507      	movs	r5, #7
		tm1638_set_digit(pos, digit_font[v % 10]);
 8001616:	4b16      	ldr	r3, [pc, #88]	@ (8001670 <tm1638_display+0x70>)
 8001618:	fba3 2304 	umull	r2, r3, r3, r4
 800161c:	08db      	lsrs	r3, r3, #3
 800161e:	461e      	mov	r6, r3
 8001620:	eb03 0383 	add.w	r3, r3, r3, lsl #2
 8001624:	eba4 0343 	sub.w	r3, r4, r3, lsl #1
 8001628:	4a12      	ldr	r2, [pc, #72]	@ (8001674 <tm1638_display+0x74>)
 800162a:	5cd1      	ldrb	r1, [r2, r3]
 800162c:	4628      	mov	r0, r5
 800162e:	f7ff ff11 	bl	8001454 <tm1638_set_digit>
		v /= 10;
 8001632:	4623      	mov	r3, r4
 8001634:	4634      	mov	r4, r6
		pos--;
 8001636:	3d01      	subs	r5, #1
	} while (v > 0 && pos >= 0);
 8001638:	2b09      	cmp	r3, #9
 800163a:	d912      	bls.n	8001662 <tm1638_display+0x62>
 800163c:	2d00      	cmp	r5, #0
 800163e:	daea      	bge.n	8001616 <tm1638_display+0x16>
	return 0;
 8001640:	2000      	movs	r0, #0
}
 8001642:	bd70      	pop	{r4, r5, r6, pc}
			tm1638_set_digit(pos, 0x40);
 8001644:	2140      	movs	r1, #64	@ 0x40
 8001646:	4620      	mov	r0, r4
 8001648:	f7ff ff04 	bl	8001454 <tm1638_set_digit>
		for (int pos = 0; pos < 8; pos++) {
 800164c:	3401      	adds	r4, #1
 800164e:	2c07      	cmp	r4, #7
 8001650:	ddf8      	ble.n	8001644 <tm1638_display+0x44>
		return -EINVAL;
 8001652:	f06f 0015 	mvn.w	r0, #21
 8001656:	e7f4      	b.n	8001642 <tm1638_display+0x42>
		for (int pos = 0; pos < 8; pos++) {
 8001658:	2400      	movs	r4, #0
 800165a:	e7f8      	b.n	800164e <tm1638_display+0x4e>
		return -EIO;
 800165c:	f06f 0004 	mvn.w	r0, #4
}
 8001660:	4770      	bx	lr
	return 0;
 8001662:	2000      	movs	r0, #0
 8001664:	e7ed      	b.n	8001642 <tm1638_display+0x42>
 8001666:	bf00      	nop
 8001668:	20000700 	.word	0x20000700
 800166c:	05f5e0ff 	.word	0x05f5e0ff
 8001670:	cccccccd 	.word	0xcccccccd
 8001674:	0800b48c 	.word	0x0800b48c

08001678 <tm1638_clear_leds>:

int tm1638_clear_leds(void)
{
	if (!tm.initialized) {
 8001678:	4b0a      	ldr	r3, [pc, #40]	@ (80016a4 <tm1638_clear_leds+0x2c>)
 800167a:	7e1b      	ldrb	r3, [r3, #24]
 800167c:	b113      	cbz	r3, 8001684 <tm1638_clear_leds+0xc>
{
 800167e:	b510      	push	{r4, lr}
		return -EIO;
	}
	for (uint8_t pos = 0; pos < 8; pos++) {
 8001680:	2400      	movs	r4, #0
 8001682:	e00a      	b.n	800169a <tm1638_clear_leds+0x22>
		return -EIO;
 8001684:	f06f 0004 	mvn.w	r0, #4
		write_at(pos * 2 + 1, 0x00);
	}
	return 0;
}
 8001688:	4770      	bx	lr
		write_at(pos * 2 + 1, 0x00);
 800168a:	0060      	lsls	r0, r4, #1
 800168c:	3001      	adds	r0, #1
 800168e:	2100      	movs	r1, #0
 8001690:	b2c0      	uxtb	r0, r0
 8001692:	f7ff fe1f 	bl	80012d4 <write_at>
	for (uint8_t pos = 0; pos < 8; pos++) {
 8001696:	3401      	adds	r4, #1
 8001698:	b2e4      	uxtb	r4, r4
 800169a:	2c07      	cmp	r4, #7
 800169c:	d9f5      	bls.n	800168a <tm1638_clear_leds+0x12>
	return 0;
 800169e:	2000      	movs	r0, #0
}
 80016a0:	bd10      	pop	{r4, pc}
 80016a2:	bf00      	nop
 80016a4:	20000700 	.word	0x20000700

080016a8 <tm1638_set_led>:

int tm1638_set_led(int led, int state)
{
 80016a8:	b508      	push	{r3, lr}
	if (!tm.initialized) {
 80016aa:	4b0d      	ldr	r3, [pc, #52]	@ (80016e0 <tm1638_set_led+0x38>)
 80016ac:	7e1b      	ldrb	r3, [r3, #24]
 80016ae:	b16b      	cbz	r3, 80016cc <tm1638_set_led+0x24>
		return -EIO;
	}
	if (led < 0 || led > 7) {
 80016b0:	2807      	cmp	r0, #7
 80016b2:	d80e      	bhi.n	80016d2 <tm1638_set_led+0x2a>
		return -EINVAL;
	}
	if (state != 0 && state != 1) {
 80016b4:	2901      	cmp	r1, #1
 80016b6:	d80f      	bhi.n	80016d8 <tm1638_set_led+0x30>
		return -EINVAL;
	}

	write_at((uint8_t)led * 2 + 1, state ? 0x01 : 0x00);
 80016b8:	0040      	lsls	r0, r0, #1
 80016ba:	3001      	adds	r0, #1
 80016bc:	3900      	subs	r1, #0
 80016be:	bf18      	it	ne
 80016c0:	2101      	movne	r1, #1
 80016c2:	b2c0      	uxtb	r0, r0
 80016c4:	f7ff fe06 	bl	80012d4 <write_at>
	return 0;
 80016c8:	2000      	movs	r0, #0
}
 80016ca:	bd08      	pop	{r3, pc}
		return -EIO;
 80016cc:	f06f 0004 	mvn.w	r0, #4
 80016d0:	e7fb      	b.n	80016ca <tm1638_set_led+0x22>
		return -EINVAL;
 80016d2:	f06f 0015 	mvn.w	r0, #21
 80016d6:	e7f8      	b.n	80016ca <tm1638_set_led+0x22>
		return -EINVAL;
 80016d8:	f06f 0015 	mvn.w	r0, #21
 80016dc:	e7f5      	b.n	80016ca <tm1638_set_led+0x22>
 80016de:	bf00      	nop
 80016e0:	20000700 	.word	0x20000700

080016e4 <tm1638_get_button>:

int tm1638_get_button(void)
{
	if (!tm.initialized) {
 80016e4:	4b2a      	ldr	r3, [pc, #168]	@ (8001790 <tm1638_get_button+0xac>)
 80016e6:	7e1b      	ldrb	r3, [r3, #24]
 80016e8:	2b00      	cmp	r3, #0
 80016ea:	d04c      	beq.n	8001786 <tm1638_get_button+0xa2>
{
 80016ec:	b510      	push	{r4, lr}
		return -EIO;
	}

	uint8_t raw = scan_keys_raw();
 80016ee:	f7ff fe4f 	bl	8001390 <scan_keys_raw>
 80016f2:	4604      	mov	r4, r0
 80016f4:	f008 fa65 	bl	8009bc2 <z_impl_k_uptime_ticks>
 80016f8:	4603      	mov	r3, r0
 80016fa:	2000      	movs	r0, #0
 80016fc:	185a      	adds	r2, r3, r1
 80016fe:	d22f      	bcs.n	8001760 <tm1638_get_button+0x7c>
 8001700:	4402      	add	r2, r0
 8001702:	4824      	ldr	r0, [pc, #144]	@ (8001794 <tm1638_get_button+0xb0>)
 8001704:	fba0 ce02 	umull	ip, lr, r0, r2
 8001708:	f02e 0c03 	bic.w	ip, lr, #3
 800170c:	eb0c 0c9e 	add.w	ip, ip, lr, lsr #2
 8001710:	eba2 020c 	sub.w	r2, r2, ip
 8001714:	1a9b      	subs	r3, r3, r2
 8001716:	f161 0100 	sbc.w	r1, r1, #0
 800171a:	f04f 32cc 	mov.w	r2, #3435973836	@ 0xcccccccc
 800171e:	fb03 f202 	mul.w	r2, r3, r2
 8001722:	fb00 2201 	mla	r2, r0, r1, r2
 8001726:	fba3 3000 	umull	r3, r0, r3, r0
 800172a:	4402      	add	r2, r0
 800172c:	085b      	lsrs	r3, r3, #1
 800172e:	ea43 73c2 	orr.w	r3, r3, r2, lsl #31
 8001732:	0852      	lsrs	r2, r2, #1
 8001734:	4619      	mov	r1, r3
	int64_t now = k_uptime_get();

	if (raw != tm.keys_raw_prev) {
 8001736:	4816      	ldr	r0, [pc, #88]	@ (8001790 <tm1638_get_button+0xac>)
 8001738:	7e40      	ldrb	r0, [r0, #25]
 800173a:	42a0      	cmp	r0, r4
 800173c:	d012      	beq.n	8001764 <tm1638_get_button+0x80>
		/* Cambio detectado: reinicia el temporizador de estabilidad.
		 * Todavia NO se acepta como valido -- podria ser rebote.
		 */
		tm.keys_raw_prev = raw;
 800173e:	4914      	ldr	r1, [pc, #80]	@ (8001790 <tm1638_get_button+0xac>)
 8001740:	764c      	strb	r4, [r1, #25]
		tm.keys_change_ts = now;
 8001742:	620b      	str	r3, [r1, #32]
 8001744:	624a      	str	r2, [r1, #36]	@ 0x24
		 * ahora si se acepta como el estado "estable" real.
		 */
		tm.keys_stable = raw;
	}

	if (tm.keys_stable == 0) {
 8001746:	4b12      	ldr	r3, [pc, #72]	@ (8001790 <tm1638_get_button+0xac>)
 8001748:	7e9a      	ldrb	r2, [r3, #26]
 800174a:	b1fa      	cbz	r2, 800178c <tm1638_get_button+0xa8>
		return 0;
	}

	/* Varios botones a la vez: se prioriza el de menor numero. */
	for (int i = 0; i < 8; i++) {
 800174c:	2000      	movs	r0, #0
 800174e:	2807      	cmp	r0, #7
 8001750:	dc17      	bgt.n	8001782 <tm1638_get_button+0x9e>
		if (tm.keys_stable & BIT(i)) {
 8001752:	fa22 f300 	lsr.w	r3, r2, r0
 8001756:	f013 0f01 	tst.w	r3, #1
 800175a:	d110      	bne.n	800177e <tm1638_get_button+0x9a>
	for (int i = 0; i < 8; i++) {
 800175c:	3001      	adds	r0, #1
 800175e:	e7f6      	b.n	800174e <tm1638_get_button+0x6a>
 8001760:	2001      	movs	r0, #1
 8001762:	e7cd      	b.n	8001700 <tm1638_get_button+0x1c>
	} else if ((now - tm.keys_change_ts) >= TM1638_DEBOUNCE_MS) {
 8001764:	480a      	ldr	r0, [pc, #40]	@ (8001790 <tm1638_get_button+0xac>)
 8001766:	6a03      	ldr	r3, [r0, #32]
 8001768:	6a40      	ldr	r0, [r0, #36]	@ 0x24
 800176a:	1ac9      	subs	r1, r1, r3
 800176c:	eb62 0200 	sbc.w	r2, r2, r0
 8001770:	291e      	cmp	r1, #30
 8001772:	f172 0200 	sbcs.w	r2, r2, #0
 8001776:	dbe6      	blt.n	8001746 <tm1638_get_button+0x62>
		tm.keys_stable = raw;
 8001778:	4b05      	ldr	r3, [pc, #20]	@ (8001790 <tm1638_get_button+0xac>)
 800177a:	769c      	strb	r4, [r3, #26]
 800177c:	e7e3      	b.n	8001746 <tm1638_get_button+0x62>
			return i + 1;
 800177e:	3001      	adds	r0, #1
 8001780:	e000      	b.n	8001784 <tm1638_get_button+0xa0>
		}
	}

	return 0;
 8001782:	2000      	movs	r0, #0
 8001784:	bd10      	pop	{r4, pc}
		return -EIO;
 8001786:	f06f 0004 	mvn.w	r0, #4
 800178a:	4770      	bx	lr
		return 0;
 800178c:	2000      	movs	r0, #0
 800178e:	e7f9      	b.n	8001784 <tm1638_get_button+0xa0>
 8001790:	20000700 	.word	0x20000700
 8001794:	cccccccd 	.word	0xcccccccd

08001798 <cbvprintf_package>:
	return cb(str, strl, ctx);
}

int cbvprintf_package(void *packaged, size_t len, uint32_t flags,
		      const char *fmt, va_list ap)
{
 8001798:	e92d 4ff0 	stmdb	sp!, {r4, r5, r6, r7, r8, r9, sl, fp, lr}
 800179c:	b091      	sub	sp, #68	@ 0x44
 800179e:	9205      	str	r2, [sp, #20]
 80017a0:	9303      	str	r3, [sp, #12]
	const char *s;
	bool parsing = false;
	/* Flag indicates that rw strings are stored as array with positions,
	 * instead of appending them to the package.
	 */
	bool rws_pos_en = !!(flags & CBPRINTF_PACKAGE_ADD_RW_STR_POS);
 80017a2:	4613      	mov	r3, r2
 80017a4:	f002 0204 	and.w	r2, r2, #4
 80017a8:	9200      	str	r2, [sp, #0]
	/* Get number of first read only strings present in the string.
	 * There is always at least 1 (fmt) but flags can indicate more, e.g
	 * fixed prefix appended to all strings.
	 */
	int fros_cnt = 1 + Z_CBPRINTF_PACKAGE_FIRST_RO_STR_CNT_GET(flags);
 80017aa:	f3c3 02c2 	ubfx	r2, r3, #3, #3
	bool is_str_arg = false;
	union cbprintf_package_hdr *pkg_hdr = packaged;

	/* Buffer must be aligned at least to size of a pointer. */
	if ((uintptr_t)packaged % sizeof(void *)) {
 80017ae:	f010 0303 	ands.w	r3, r0, #3
 80017b2:	9301      	str	r3, [sp, #4]
 80017b4:	f040 821b 	bne.w	8001bee <cbvprintf_package+0x456>
 80017b8:	4607      	mov	r7, r0
 80017ba:	4689      	mov	r9, r1
 80017bc:	3201      	adds	r2, #1
	 * which is guaranteed to be at least 4 bytes, we just reserve
	 * multiple of pointer size for the above to preserve alignment.
	 *
	 * Refer to union cbprintf_package_hdr for more details.
	 */
	buf += sizeof(*pkg_hdr);
 80017be:	1d04      	adds	r4, r0, #4
	 * When buf0 is NULL we don't store anything.
	 * Instead we count the needed space to store the data.
	 * In this case, incoming len argument indicates the anticipated
	 * buffer "misalignment" offset.
	 */
	if (buf0 == NULL) {
 80017c0:	2800      	cmp	r0, #0
 80017c2:	d048      	beq.n	8001856 <cbvprintf_package+0xbe>

	/*
	 * Otherwise we must ensure we can store at least
	 * the pointer to the format string itself.
	 */
	if ((buf0 != NULL) && (BUF_OFFSET + sizeof(char *)) > len) {
 80017c4:	2907      	cmp	r1, #7
 80017c6:	f240 8215 	bls.w	8001bf4 <cbvprintf_package+0x45c>
	 * which is in the middle of the following while() loop. That's the
	 * reason for the post-decrement on fmt as it will be incremented
	 * prior to the next (actually first) round of that loop.
	 */
	s = fmt;
	--fmt;
 80017ca:	9b03      	ldr	r3, [sp, #12]
 80017cc:	1e5d      	subs	r5, r3, #1
	unsigned int s_ro_cnt = 0; /* number of ro strings */
 80017ce:	f8dd b004 	ldr.w	fp, [sp, #4]
 80017d2:	f8cd b010 	str.w	fp, [sp, #16]
	unsigned int s_rw_cnt = 0; /* number of rw strings */
 80017d6:	f8cd b018 	str.w	fp, [sp, #24]
	bool parsing = false;
 80017da:	2600      	movs	r6, #0
	int arg_idx	      = -1; /* Argument index. Preincremented thus starting from -1.*/
 80017dc:	f04f 3aff 	mov.w	sl, #4294967295
	align = VA_STACK_ALIGN(char *);
 80017e0:	f04f 0804 	mov.w	r8, #4
 80017e4:	f8cd b008 	str.w	fp, [sp, #8]
 80017e8:	46c3      	mov	fp, r8

		/* copy va_list data over to our buffer */
		if (is_str_arg) {
			s = va_arg(ap, char *);
process_string:
			if (buf0 != NULL) {
 80017ea:	b10f      	cbz	r7, 80017f0 <cbvprintf_package+0x58>
				*(const char **)buf = s;
 80017ec:	9b03      	ldr	r3, [sp, #12]
 80017ee:	6023      	str	r3, [r4, #0]
			}

			bool is_ro = (fros_cnt-- > 0) ? true : ptr_in_rodata(s);
 80017f0:	1e53      	subs	r3, r2, #1
 80017f2:	9307      	str	r3, [sp, #28]
 80017f4:	2a00      	cmp	r2, #0
 80017f6:	f340 815d 	ble.w	8001ab4 <cbvprintf_package+0x31c>
			bool do_ro = !!(flags & CBPRINTF_PACKAGE_ADD_RO_STR_POS);

			if (is_ro && !do_ro) {
 80017fa:	9b05      	ldr	r3, [sp, #20]
 80017fc:	f013 0202 	ands.w	r2, r3, #2
 8001800:	d026      	beq.n	8001850 <cbvprintf_package+0xb8>
			bool is_ro = (fros_cnt-- > 0) ? true : ptr_in_rodata(s);
 8001802:	2001      	movs	r0, #1
				/* nothing to do */
			} else {
				uint32_t s_ptr_idx = BUF_OFFSET / sizeof(int);
 8001804:	1be1      	subs	r1, r4, r7
 8001806:	088b      	lsrs	r3, r1, #2
				 * In the do_ro case we must consider
				 * room for possible STR_POS_RO_FLAG.
				 * Otherwise the index range is 8 bits
				 * and any overflow is caught later.
				 */
				if (do_ro && s_ptr_idx > STR_POS_MASK) {
 8001808:	b11a      	cbz	r2, 8001812 <cbvprintf_package+0x7a>
 800180a:	f5b1 7f00 	cmp.w	r1, #512	@ 0x200
 800180e:	f080 81f7 	bcs.w	8001c00 <cbvprintf_package+0x468>
					__ASSERT(false, "String with too many arguments");
					return -EINVAL;
				}

				if (s_idx >= ARRAY_SIZE(str_ptr_pos)) {
 8001812:	9902      	ldr	r1, [sp, #8]
 8001814:	290f      	cmp	r1, #15
 8001816:	f200 81f6 	bhi.w	8001c06 <cbvprintf_package+0x46e>
					__ASSERT(false, "str_ptr_pos[] too small");
					return -EINVAL;
				}

				if (buf0 != NULL) {
 800181a:	2f00      	cmp	r7, #0
 800181c:	f000 815b 	beq.w	8001ad6 <cbvprintf_package+0x33e>
					/*
					 * Remember string pointer location.
					 * We will append non-ro strings later.
					 */
					str_ptr_pos[s_idx] = s_ptr_idx;
 8001820:	b2db      	uxtb	r3, r3
 8001822:	f101 0240 	add.w	r2, r1, #64	@ 0x40
 8001826:	446a      	add	r2, sp
 8001828:	f802 3c10 	strb.w	r3, [r2, #-16]
					str_ptr_arg[s_idx] = arg_idx;
 800182c:	f802 ac20 	strb.w	sl, [r2, #-32]
					if (is_ro) {
 8001830:	2800      	cmp	r0, #0
 8001832:	f000 814c 	beq.w	8001ace <cbvprintf_package+0x336>
						/* flag read-only string. */
						str_ptr_pos[s_idx] |= STR_POS_RO_FLAG;
 8001836:	f063 037f 	orn	r3, r3, #127	@ 0x7f
 800183a:	f101 0240 	add.w	r2, r1, #64	@ 0x40
 800183e:	446a      	add	r2, sp
 8001840:	f802 3c10 	strb.w	r3, [r2, #-16]
						s_ro_cnt++;
 8001844:	9b04      	ldr	r3, [sp, #16]
 8001846:	3301      	adds	r3, #1
 8001848:	9304      	str	r3, [sp, #16]
					 * and size of the pointer position prefix.
					 */
					len += strlen(s) + 1 + 1;
				}

				s_idx++;
 800184a:	9b02      	ldr	r3, [sp, #8]
 800184c:	3301      	adds	r3, #1
 800184e:	9302      	str	r3, [sp, #8]
			}
			buf += sizeof(char *);
 8001850:	3404      	adds	r4, #4

			is_str_arg = false;
 8001852:	2200      	movs	r2, #0
 8001854:	e03e      	b.n	80018d4 <cbvprintf_package+0x13c>
		buf += len % CBPRINTF_PACKAGE_ALIGNMENT;
 8001856:	f001 0307 	and.w	r3, r1, #7
 800185a:	441c      	add	r4, r3
		len = CBPRINTF_PACKAGE_ALIGNMENT - (len % CBPRINTF_PACKAGE_ALIGNMENT);
 800185c:	f1c3 0908 	rsb	r9, r3, #8
	if ((buf0 != NULL) && (BUF_OFFSET + sizeof(char *)) > len) {
 8001860:	e7b3      	b.n	80017ca <cbvprintf_package+0x32>
				parsing = false;
 8001862:	2600      	movs	r6, #0
 8001864:	e035      	b.n	80018d2 <cbvprintf_package+0x13a>
 8001866:	2600      	movs	r6, #0
 8001868:	e033      	b.n	80018d2 <cbvprintf_package+0x13a>
 800186a:	2600      	movs	r6, #0
 800186c:	e031      	b.n	80018d2 <cbvprintf_package+0x13a>
				align = VA_STACK_ALIGN(intmax_t);
 800186e:	f04f 0808 	mov.w	r8, #8
				size = sizeof(intmax_t);
 8001872:	46c3      	mov	fp, r8
 8001874:	e02d      	b.n	80018d2 <cbvprintf_package+0x13a>
				if (*fmt == '%') {
 8001876:	2925      	cmp	r1, #37	@ 0x25
 8001878:	d12b      	bne.n	80018d2 <cbvprintf_package+0x13a>
					arg_idx++;
 800187a:	f10a 0a01 	add.w	sl, sl, #1
					parsing = true;
 800187e:	2601      	movs	r6, #1
					align = VA_STACK_ALIGN(int);
 8001880:	f04f 0804 	mov.w	r8, #4
					size = sizeof(int);
 8001884:	46c3      	mov	fp, r8
				continue;
 8001886:	e024      	b.n	80018d2 <cbvprintf_package+0x13a>
			switch (*fmt) {
 8001888:	2947      	cmp	r1, #71	@ 0x47
 800188a:	d8ec      	bhi.n	8001866 <cbvprintf_package+0xce>
 800188c:	292a      	cmp	r1, #42	@ 0x2a
 800188e:	d312      	bcc.n	80018b6 <cbvprintf_package+0x11e>
 8001890:	392a      	subs	r1, #42	@ 0x2a
 8001892:	b2c9      	uxtb	r1, r1
 8001894:	2001      	movs	r0, #1
 8001896:	fa00 f101 	lsl.w	r1, r0, r1
 800189a:	f64f 70da 	movw	r0, #65498	@ 0xffda
 800189e:	4201      	tst	r1, r0
 80018a0:	d117      	bne.n	80018d2 <cbvprintf_package+0x13a>
 80018a2:	f011 5f62 	tst.w	r1, #947912704	@ 0x38800000
 80018a6:	f040 80c3 	bne.w	8001a30 <cbvprintf_package+0x298>
 80018aa:	f011 0f01 	tst.w	r1, #1
 80018ae:	f040 808d 	bne.w	80019cc <cbvprintf_package+0x234>
				parsing = false;
 80018b2:	2600      	movs	r6, #0
 80018b4:	e00d      	b.n	80018d2 <cbvprintf_package+0x13a>
			switch (*fmt) {
 80018b6:	2925      	cmp	r1, #37	@ 0x25
 80018b8:	d103      	bne.n	80018c2 <cbvprintf_package+0x12a>
				arg_idx--;
 80018ba:	f10a 3aff 	add.w	sl, sl, #4294967295
				parsing = false;
 80018be:	2600      	movs	r6, #0
				continue;
 80018c0:	e007      	b.n	80018d2 <cbvprintf_package+0x13a>
			switch (*fmt) {
 80018c2:	d8d2      	bhi.n	800186a <cbvprintf_package+0xd2>
 80018c4:	2920      	cmp	r1, #32
 80018c6:	d004      	beq.n	80018d2 <cbvprintf_package+0x13a>
 80018c8:	2923      	cmp	r1, #35	@ 0x23
 80018ca:	d002      	beq.n	80018d2 <cbvprintf_package+0x13a>
				parsing = false;
 80018cc:	2600      	movs	r6, #0
 80018ce:	e000      	b.n	80018d2 <cbvprintf_package+0x13a>
 80018d0:	2600      	movs	r6, #0
 80018d2:	461d      	mov	r5, r3
			if (*++fmt == '\0') {
 80018d4:	1c6b      	adds	r3, r5, #1
 80018d6:	7869      	ldrb	r1, [r5, #1]
 80018d8:	2900      	cmp	r1, #0
 80018da:	f000 8115 	beq.w	8001b08 <cbvprintf_package+0x370>
			if (!parsing) {
 80018de:	2e00      	cmp	r6, #0
 80018e0:	d0c9      	beq.n	8001876 <cbvprintf_package+0xde>
			switch (*fmt) {
 80018e2:	297a      	cmp	r1, #122	@ 0x7a
 80018e4:	d8bd      	bhi.n	8001862 <cbvprintf_package+0xca>
 80018e6:	294c      	cmp	r1, #76	@ 0x4c
 80018e8:	d3ce      	bcc.n	8001888 <cbvprintf_package+0xf0>
 80018ea:	394c      	subs	r1, #76	@ 0x4c
 80018ec:	292e      	cmp	r1, #46	@ 0x2e
 80018ee:	d8ef      	bhi.n	80018d0 <cbvprintf_package+0x138>
 80018f0:	a001      	add	r0, pc, #4	@ (adr r0, 80018f8 <cbvprintf_package+0x160>)
 80018f2:	f850 f021 	ldr.w	pc, [r0, r1, lsl #2]
 80018f6:	bf00      	nop
 80018f8:	080018d3 	.word	0x080018d3
 80018fc:	080018d1 	.word	0x080018d1
 8001900:	080018d1 	.word	0x080018d1
 8001904:	080018d1 	.word	0x080018d1
 8001908:	080018d1 	.word	0x080018d1
 800190c:	080018d1 	.word	0x080018d1
 8001910:	080018d1 	.word	0x080018d1
 8001914:	080018d1 	.word	0x080018d1
 8001918:	080018d1 	.word	0x080018d1
 800191c:	080018d1 	.word	0x080018d1
 8001920:	080018d1 	.word	0x080018d1
 8001924:	080018d1 	.word	0x080018d1
 8001928:	080019c5 	.word	0x080019c5
 800192c:	080018d1 	.word	0x080018d1
 8001930:	080018d1 	.word	0x080018d1
 8001934:	080018d1 	.word	0x080018d1
 8001938:	080018d1 	.word	0x080018d1
 800193c:	080018d1 	.word	0x080018d1
 8001940:	080018d1 	.word	0x080018d1
 8001944:	080018d1 	.word	0x080018d1
 8001948:	080018d1 	.word	0x080018d1
 800194c:	08001a31 	.word	0x08001a31
 8001950:	080018d1 	.word	0x080018d1
 8001954:	080019c5 	.word	0x080019c5
 8001958:	080019c5 	.word	0x080019c5
 800195c:	08001a31 	.word	0x08001a31
 8001960:	08001a31 	.word	0x08001a31
 8001964:	08001a31 	.word	0x08001a31
 8001968:	080018d3 	.word	0x080018d3
 800196c:	080019c5 	.word	0x080019c5
 8001970:	0800186f 	.word	0x0800186f
 8001974:	080018d1 	.word	0x080018d1
 8001978:	080018d3 	.word	0x080018d3
 800197c:	080018d1 	.word	0x080018d1
 8001980:	08001a8f 	.word	0x08001a8f
 8001984:	080019c5 	.word	0x080019c5
 8001988:	08001a8f 	.word	0x08001a8f
 800198c:	080018d1 	.word	0x080018d1
 8001990:	080018d1 	.word	0x080018d1
 8001994:	08001a99 	.word	0x08001a99
 8001998:	080019bd 	.word	0x080019bd
 800199c:	080019c5 	.word	0x080019c5
 80019a0:	080018d1 	.word	0x080018d1
 80019a4:	080018d1 	.word	0x080018d1
 80019a8:	080019c5 	.word	0x080019c5
 80019ac:	080018d1 	.word	0x080018d1
 80019b0:	080019b5 	.word	0x080019b5
				align = VA_STACK_ALIGN(size_t);
 80019b4:	f04f 0804 	mov.w	r8, #4
				size = sizeof(size_t);
 80019b8:	46c3      	mov	fp, r8
				continue;
 80019ba:	e78a      	b.n	80018d2 <cbvprintf_package+0x13a>
				align = VA_STACK_ALIGN(ptrdiff_t);
 80019bc:	f04f 0804 	mov.w	r8, #4
				size = sizeof(ptrdiff_t);
 80019c0:	46c3      	mov	fp, r8
				continue;
 80019c2:	e786      	b.n	80018d2 <cbvprintf_package+0x13a>
				if (fmt[-1] == 'l') {
 80019c4:	7829      	ldrb	r1, [r5, #0]
 80019c6:	296c      	cmp	r1, #108	@ 0x6c
 80019c8:	d024      	beq.n	8001a14 <cbvprintf_package+0x27c>
				parsing = false;
 80019ca:	2600      	movs	r6, #0
		buf = ROUND_UP(buf, align);
 80019cc:	4444      	add	r4, r8
 80019ce:	3c01      	subs	r4, #1
 80019d0:	fbb4 f4f8 	udiv	r4, r4, r8
 80019d4:	fb08 f404 	mul.w	r4, r8, r4
		if ((buf0 != NULL) && (BUF_OFFSET + size) > len) {
 80019d8:	b127      	cbz	r7, 80019e4 <cbvprintf_package+0x24c>
 80019da:	1be1      	subs	r1, r4, r7
 80019dc:	4459      	add	r1, fp
 80019de:	4549      	cmp	r1, r9
 80019e0:	f200 810b 	bhi.w	8001bfa <cbvprintf_package+0x462>
		if (is_str_arg) {
 80019e4:	2a00      	cmp	r2, #0
 80019e6:	d15d      	bne.n	8001aa4 <cbvprintf_package+0x30c>
		} else if (size == sizeof(int)) {
 80019e8:	f1bb 0f04 	cmp.w	fp, #4
 80019ec:	f000 8084 	beq.w	8001af8 <cbvprintf_package+0x360>

			if (buf0 != NULL) {
				*(long *)buf = v;
			}
			buf += sizeof(long);
		} else if (size == sizeof(long long)) {
 80019f0:	f1bb 0f08 	cmp.w	fp, #8
 80019f4:	f040 810a 	bne.w	8001c0c <cbvprintf_package+0x474>
			long long v = va_arg(ap, long long);
 80019f8:	991a      	ldr	r1, [sp, #104]	@ 0x68
 80019fa:	3107      	adds	r1, #7
 80019fc:	f021 0107 	bic.w	r1, r1, #7
 8001a00:	f101 0008 	add.w	r0, r1, #8
 8001a04:	901a      	str	r0, [sp, #104]	@ 0x68
 8001a06:	e9d1 0100 	ldrd	r0, r1, [r1]

			if (buf0 != NULL) {
 8001a0a:	b10f      	cbz	r7, 8001a10 <cbvprintf_package+0x278>
				if (Z_CBPRINTF_VA_STACK_LL_DBL_MEMCPY) {
					memcpy((void *)buf, (uint8_t *)&v, sizeof(long long));
				} else {
					*(long long *)buf = v;
 8001a0c:	e9c4 0100 	strd	r0, r1, [r4]
				}
			}
			buf += sizeof(long long);
 8001a10:	3408      	adds	r4, #8
 8001a12:	e75e      	b.n	80018d2 <cbvprintf_package+0x13a>
					if (fmt[-2] == 'l') {
 8001a14:	f813 1c02 	ldrb.w	r1, [r3, #-2]
 8001a18:	296c      	cmp	r1, #108	@ 0x6c
 8001a1a:	d004      	beq.n	8001a26 <cbvprintf_package+0x28e>
				parsing = false;
 8001a1c:	2600      	movs	r6, #0
						align = VA_STACK_ALIGN(long);
 8001a1e:	f04f 0804 	mov.w	r8, #4
						size = sizeof(long);
 8001a22:	46c3      	mov	fp, r8
 8001a24:	e7d2      	b.n	80019cc <cbvprintf_package+0x234>
				parsing = false;
 8001a26:	2600      	movs	r6, #0
						align = VA_STACK_ALIGN(long long);
 8001a28:	f04f 0808 	mov.w	r8, #8
						size = sizeof(long long);
 8001a2c:	46c3      	mov	fp, r8
 8001a2e:	e7cd      	b.n	80019cc <cbvprintf_package+0x234>
				if (fmt[-1] == 'L') {
 8001a30:	7829      	ldrb	r1, [r5, #0]
 8001a32:	294c      	cmp	r1, #76	@ 0x4c
 8001a34:	d01b      	beq.n	8001a6e <cbvprintf_package+0x2d6>
					v.d = va_arg(ap, double);
 8001a36:	991a      	ldr	r1, [sp, #104]	@ 0x68
 8001a38:	3107      	adds	r1, #7
 8001a3a:	f021 0107 	bic.w	r1, r1, #7
 8001a3e:	f101 0008 	add.w	r0, r1, #8
 8001a42:	901a      	str	r0, [sp, #104]	@ 0x68
 8001a44:	e9d1 0100 	ldrd	r0, r1, [r1]
				buf = ROUND_UP(buf, align);
 8001a48:	3407      	adds	r4, #7
 8001a4a:	f024 0407 	bic.w	r4, r4, #7
				if (buf0 != NULL) {
 8001a4e:	b147      	cbz	r7, 8001a62 <cbvprintf_package+0x2ca>
					if (BUF_OFFSET + size > len) {
 8001a50:	1be6      	subs	r6, r4, r7
 8001a52:	3608      	adds	r6, #8
 8001a54:	454e      	cmp	r6, r9
 8001a56:	d814      	bhi.n	8001a82 <cbvprintf_package+0x2ea>
					} else if (fmt[-1] == 'L') {
 8001a58:	782d      	ldrb	r5, [r5, #0]
 8001a5a:	2d4c      	cmp	r5, #76	@ 0x4c
 8001a5c:	d014      	beq.n	8001a88 <cbvprintf_package+0x2f0>
						*(double *)buf = v.d;
 8001a5e:	e9c4 0100 	strd	r0, r1, [r4]
				buf += size;
 8001a62:	3408      	adds	r4, #8
				parsing = false;
 8001a64:	2600      	movs	r6, #0
				continue;
 8001a66:	f04f 0808 	mov.w	r8, #8
 8001a6a:	46c3      	mov	fp, r8
 8001a6c:	e731      	b.n	80018d2 <cbvprintf_package+0x13a>
					v.ld = va_arg(ap, long double);
 8001a6e:	991a      	ldr	r1, [sp, #104]	@ 0x68
 8001a70:	3107      	adds	r1, #7
 8001a72:	f021 0107 	bic.w	r1, r1, #7
 8001a76:	f101 0008 	add.w	r0, r1, #8
 8001a7a:	901a      	str	r0, [sp, #104]	@ 0x68
 8001a7c:	e9d1 0100 	ldrd	r0, r1, [r1]
					size = sizeof(long double);
 8001a80:	e7e2      	b.n	8001a48 <cbvprintf_package+0x2b0>
						return -ENOSPC;
 8001a82:	f06f 001b 	mvn.w	r0, #27
 8001a86:	e0af      	b.n	8001be8 <cbvprintf_package+0x450>
						*(long double *)buf = v.ld;
 8001a88:	e9c4 0100 	strd	r0, r1, [r4]
 8001a8c:	e7e9      	b.n	8001a62 <cbvprintf_package+0x2ca>
				parsing = false;
 8001a8e:	2600      	movs	r6, #0
				align = VA_STACK_ALIGN(void *);
 8001a90:	f04f 0804 	mov.w	r8, #4
				size = sizeof(void *);
 8001a94:	46c3      	mov	fp, r8
 8001a96:	e799      	b.n	80019cc <cbvprintf_package+0x234>
				is_str_arg = true;
 8001a98:	4632      	mov	r2, r6
				parsing = false;
 8001a9a:	2600      	movs	r6, #0
				align = VA_STACK_ALIGN(void *);
 8001a9c:	f04f 0804 	mov.w	r8, #4
				size = sizeof(void *);
 8001aa0:	46c3      	mov	fp, r8
 8001aa2:	e793      	b.n	80019cc <cbvprintf_package+0x234>
			s = va_arg(ap, char *);
 8001aa4:	9a1a      	ldr	r2, [sp, #104]	@ 0x68
 8001aa6:	1d11      	adds	r1, r2, #4
 8001aa8:	911a      	str	r1, [sp, #104]	@ 0x68
 8001aaa:	6812      	ldr	r2, [r2, #0]
 8001aac:	9203      	str	r2, [sp, #12]
			bool is_ro = (fros_cnt-- > 0) ? true : ptr_in_rodata(s);
 8001aae:	9a07      	ldr	r2, [sp, #28]
			if (*++fmt == '\0') {
 8001ab0:	461d      	mov	r5, r3
 8001ab2:	e69a      	b.n	80017ea <cbvprintf_package+0x52>
#else
#define RO_START 0
#define RO_END   0
#endif

	return (((const char *)addr >= (const char *)RO_START) &&
 8001ab4:	4b5b      	ldr	r3, [pc, #364]	@ (8001c24 <cbvprintf_package+0x48c>)
 8001ab6:	9a03      	ldr	r2, [sp, #12]
 8001ab8:	429a      	cmp	r2, r3
 8001aba:	d303      	bcc.n	8001ac4 <cbvprintf_package+0x32c>
 8001abc:	4b5a      	ldr	r3, [pc, #360]	@ (8001c28 <cbvprintf_package+0x490>)
 8001abe:	429a      	cmp	r2, r3
 8001ac0:	f4ff ae9b 	bcc.w	80017fa <cbvprintf_package+0x62>
			bool do_ro = !!(flags & CBPRINTF_PACKAGE_ADD_RO_STR_POS);
 8001ac4:	9b05      	ldr	r3, [sp, #20]
 8001ac6:	f003 0202 	and.w	r2, r3, #2
			bool is_ro = (fros_cnt-- > 0) ? true : ptr_in_rodata(s);
 8001aca:	2000      	movs	r0, #0
 8001acc:	e69a      	b.n	8001804 <cbvprintf_package+0x6c>
						s_rw_cnt++;
 8001ace:	9b06      	ldr	r3, [sp, #24]
 8001ad0:	3301      	adds	r3, #1
 8001ad2:	9306      	str	r3, [sp, #24]
 8001ad4:	e6b9      	b.n	800184a <cbvprintf_package+0xb2>
				} else if (is_ro) {
 8001ad6:	b110      	cbz	r0, 8001ade <cbvprintf_package+0x346>
					len += 1;
 8001ad8:	f109 0901 	add.w	r9, r9, #1
 8001adc:	e6b5      	b.n	800184a <cbvprintf_package+0xb2>
				} else if (rws_pos_en) {
 8001ade:	9b00      	ldr	r3, [sp, #0]
 8001ae0:	b113      	cbz	r3, 8001ae8 <cbvprintf_package+0x350>
					len += 2;
 8001ae2:	f109 0902 	add.w	r9, r9, #2
 8001ae6:	e6b0      	b.n	800184a <cbvprintf_package+0xb2>
					len += strlen(s) + 1 + 1;
 8001ae8:	9803      	ldr	r0, [sp, #12]
 8001aea:	f7fe fb49 	bl	8000180 <strlen>
 8001aee:	eb09 0300 	add.w	r3, r9, r0
 8001af2:	f103 0902 	add.w	r9, r3, #2
 8001af6:	e6a8      	b.n	800184a <cbvprintf_package+0xb2>
			int v = va_arg(ap, int);
 8001af8:	991a      	ldr	r1, [sp, #104]	@ 0x68
 8001afa:	1d08      	adds	r0, r1, #4
 8001afc:	901a      	str	r0, [sp, #104]	@ 0x68
 8001afe:	6809      	ldr	r1, [r1, #0]
			if (buf0 != NULL) {
 8001b00:	b107      	cbz	r7, 8001b04 <cbvprintf_package+0x36c>
				*(int *)buf = v;
 8001b02:	6021      	str	r1, [r4, #0]
			buf += sizeof(int);
 8001b04:	3404      	adds	r4, #4
 8001b06:	e6e4      	b.n	80018d2 <cbvprintf_package+0x13a>
	 * We remember the size of the argument list as a multiple of
	 * sizeof(int) and limit it to a 8-bit field. That means 1020 bytes
	 * worth of va_list, or about 127 arguments on a 64-bit system
	 * (twice that on 32-bit systems). That ought to be good enough.
	 */
	if ((BUF_OFFSET / sizeof(int)) > 255) {
 8001b08:	f8dd b008 	ldr.w	fp, [sp, #8]
 8001b0c:	1be3      	subs	r3, r4, r7
 8001b0e:	f5b3 6f80 	cmp.w	r3, #1024	@ 0x400
 8001b12:	d27e      	bcs.n	8001c12 <cbvprintf_package+0x47a>

	/*
	 * If all we wanted was to count required buffer size
	 * then we have it now.
	 */
	if (buf0 == NULL) {
 8001b14:	b187      	cbz	r7, 8001b38 <cbvprintf_package+0x3a0>
		return BUF_OFFSET + len - CBPRINTF_PACKAGE_ALIGNMENT;
	}

	/* Clear our buffer header. We made room for it initially. */
	*(char **)buf0 = NULL;
 8001b16:	2200      	movs	r2, #0
 8001b18:	603a      	str	r2, [r7, #0]

	/* Record end of argument list. */
	pkg_hdr->desc.len = BUF_OFFSET / sizeof(int);
 8001b1a:	089b      	lsrs	r3, r3, #2
 8001b1c:	703b      	strb	r3, [r7, #0]

	if (rws_pos_en) {
 8001b1e:	9b00      	ldr	r3, [sp, #0]
 8001b20:	b173      	cbz	r3, 8001b40 <cbvprintf_package+0x3a8>
		/* Strings are appended, update location counter. */
		pkg_hdr->desc.str_cnt = 0;
		pkg_hdr->desc.rw_str_cnt = s_rw_cnt;
 8001b22:	9b06      	ldr	r3, [sp, #24]
 8001b24:	70fb      	strb	r3, [r7, #3]
		/* Strings are appended, update append counter. */
		pkg_hdr->desc.str_cnt = s_rw_cnt;
		pkg_hdr->desc.rw_str_cnt = 0;
	}

	pkg_hdr->desc.ro_str_cnt = s_ro_cnt;
 8001b26:	9b04      	ldr	r3, [sp, #16]
 8001b28:	70bb      	strb	r3, [r7, #2]
#ifdef CONFIG_CBPRINTF_PACKAGE_HEADER_STORE_CREATION_FLAGS
	pkg_hdr->desc.pkg_flags = flags;
#endif

	/* Store strings pointer locations of read only strings. */
	if (s_ro_cnt != 0U) {
 8001b2a:	bb0b      	cbnz	r3, 8001b70 <cbvprintf_package+0x3d8>
		if (s_ro_cnt && str_ptr_pos[i] & STR_POS_RO_FLAG) {
			continue;
		}

		if (rws_pos_en) {
			size = 0;
 8001b2c:	9d01      	ldr	r5, [sp, #4]
 8001b2e:	f8dd a010 	ldr.w	sl, [sp, #16]
 8001b32:	f8dd 800c 	ldr.w	r8, [sp, #12]
 8001b36:	e03a      	b.n	8001bae <cbvprintf_package+0x416>
		return BUF_OFFSET + len - CBPRINTF_PACKAGE_ALIGNMENT;
 8001b38:	444b      	add	r3, r9
 8001b3a:	f1a3 0008 	sub.w	r0, r3, #8
 8001b3e:	e053      	b.n	8001be8 <cbvprintf_package+0x450>
		pkg_hdr->desc.str_cnt = s_rw_cnt;
 8001b40:	9b06      	ldr	r3, [sp, #24]
 8001b42:	707b      	strb	r3, [r7, #1]
		pkg_hdr->desc.rw_str_cnt = 0;
 8001b44:	e7ef      	b.n	8001b26 <cbvprintf_package+0x38e>
		for (i = 0; i < s_idx; i++) {
 8001b46:	3301      	adds	r3, #1
 8001b48:	459b      	cmp	fp, r3
 8001b4a:	d9ef      	bls.n	8001b2c <cbvprintf_package+0x394>
			if (!(str_ptr_pos[i] & STR_POS_RO_FLAG)) {
 8001b4c:	f103 0240 	add.w	r2, r3, #64	@ 0x40
 8001b50:	446a      	add	r2, sp
 8001b52:	f812 1c10 	ldrb.w	r1, [r2, #-16]
 8001b56:	f912 2c10 	ldrsb.w	r2, [r2, #-16]
 8001b5a:	2a00      	cmp	r2, #0
 8001b5c:	daf3      	bge.n	8001b46 <cbvprintf_package+0x3ae>
			uint8_t pos = str_ptr_pos[i] & STR_POS_MASK;
 8001b5e:	f001 017f 	and.w	r1, r1, #127	@ 0x7f
			if ((BUF_OFFSET + 1) > len) {
 8001b62:	1be2      	subs	r2, r4, r7
 8001b64:	3201      	adds	r2, #1
 8001b66:	454a      	cmp	r2, r9
 8001b68:	d856      	bhi.n	8001c18 <cbvprintf_package+0x480>
			*(uint8_t *)buf = pos;
 8001b6a:	f804 1b01 	strb.w	r1, [r4], #1
			++buf;
 8001b6e:	e7ea      	b.n	8001b46 <cbvprintf_package+0x3ae>
		for (i = 0; i < s_idx; i++) {
 8001b70:	9b01      	ldr	r3, [sp, #4]
 8001b72:	e7e9      	b.n	8001b48 <cbvprintf_package+0x3b0>
		if (rws_pos_en) {
 8001b74:	9b00      	ldr	r3, [sp, #0]
 8001b76:	b33b      	cbz	r3, 8001bc8 <cbvprintf_package+0x430>
			*(uint8_t *)buf = str_ptr_arg[i];
 8001b78:	f105 0340 	add.w	r3, r5, #64	@ 0x40
 8001b7c:	446b      	add	r3, sp
 8001b7e:	f813 3c20 	ldrb.w	r3, [r3, #-32]
 8001b82:	f804 3b01 	strb.w	r3, [r4], #1
			size = 0;
 8001b86:	9e01      	ldr	r6, [sp, #4]
			/* find the string length including terminating '\0' */
			size = strlen(s) + 1;
		}

		/* make sure it fits */
		if ((BUF_OFFSET + 1 + size) > len) {
 8001b88:	1be3      	subs	r3, r4, r7
 8001b8a:	4433      	add	r3, r6
 8001b8c:	3301      	adds	r3, #1
 8001b8e:	454b      	cmp	r3, r9
 8001b90:	d845      	bhi.n	8001c1e <cbvprintf_package+0x486>
			return -ENOSPC;
		}
		/* store the pointer position prefix */
		*(uint8_t *)buf = str_ptr_pos[i];
 8001b92:	f105 0340 	add.w	r3, r5, #64	@ 0x40
 8001b96:	446b      	add	r3, sp
 8001b98:	f813 3c10 	ldrb.w	r3, [r3, #-16]
 8001b9c:	f804 3b01 	strb.w	r3, [r4], #1
		++buf;
		/* copy the string with its terminating '\0' */
		memcpy((void *)buf, (uint8_t *)s, size);
 8001ba0:	4632      	mov	r2, r6
 8001ba2:	4641      	mov	r1, r8
 8001ba4:	4620      	mov	r0, r4
 8001ba6:	f7fe fb57 	bl	8000258 <__aeabi_memcpy>
		buf += size;
 8001baa:	4434      	add	r4, r6
	for (i = 0; i < s_idx; i++) {
 8001bac:	3501      	adds	r5, #1
 8001bae:	45ab      	cmp	fp, r5
 8001bb0:	d919      	bls.n	8001be6 <cbvprintf_package+0x44e>
		if (s_ro_cnt && str_ptr_pos[i] & STR_POS_RO_FLAG) {
 8001bb2:	f1ba 0f00 	cmp.w	sl, #0
 8001bb6:	d0dd      	beq.n	8001b74 <cbvprintf_package+0x3dc>
 8001bb8:	f105 0340 	add.w	r3, r5, #64	@ 0x40
 8001bbc:	446b      	add	r3, sp
 8001bbe:	f913 3c10 	ldrsb.w	r3, [r3, #-16]
 8001bc2:	2b00      	cmp	r3, #0
 8001bc4:	dad6      	bge.n	8001b74 <cbvprintf_package+0x3dc>
 8001bc6:	e7f1      	b.n	8001bac <cbvprintf_package+0x414>
			s = *(char **)(buf0 + str_ptr_pos[i] * sizeof(int));
 8001bc8:	f105 0340 	add.w	r3, r5, #64	@ 0x40
 8001bcc:	446b      	add	r3, sp
 8001bce:	f813 3c10 	ldrb.w	r3, [r3, #-16]
 8001bd2:	f857 8023 	ldr.w	r8, [r7, r3, lsl #2]
			*(char **)(buf0 + str_ptr_pos[i] * sizeof(int)) = NULL;
 8001bd6:	2200      	movs	r2, #0
 8001bd8:	f847 2023 	str.w	r2, [r7, r3, lsl #2]
			size = strlen(s) + 1;
 8001bdc:	4640      	mov	r0, r8
 8001bde:	f7fe facf 	bl	8000180 <strlen>
 8001be2:	1c46      	adds	r6, r0, #1
 8001be4:	e7d0      	b.n	8001b88 <cbvprintf_package+0x3f0>
	/*
	 * TODO: remove pointers for appended strings since they're useless.
	 * TODO: explore leveraging same mechanism to remove alignment padding
	 */

	return BUF_OFFSET;
 8001be6:	1be0      	subs	r0, r4, r7

#undef BUF_OFFSET
#undef STR_POS_RO_FLAG
#undef STR_POS_MASK
}
 8001be8:	b011      	add	sp, #68	@ 0x44
 8001bea:	e8bd 8ff0 	ldmia.w	sp!, {r4, r5, r6, r7, r8, r9, sl, fp, pc}
		return -EFAULT;
 8001bee:	f06f 000d 	mvn.w	r0, #13
 8001bf2:	e7f9      	b.n	8001be8 <cbvprintf_package+0x450>
		return -ENOSPC;
 8001bf4:	f06f 001b 	mvn.w	r0, #27
 8001bf8:	e7f6      	b.n	8001be8 <cbvprintf_package+0x450>
			return -ENOSPC;
 8001bfa:	f06f 001b 	mvn.w	r0, #27
 8001bfe:	e7f3      	b.n	8001be8 <cbvprintf_package+0x450>
					return -EINVAL;
 8001c00:	f06f 0015 	mvn.w	r0, #21
 8001c04:	e7f0      	b.n	8001be8 <cbvprintf_package+0x450>
					return -EINVAL;
 8001c06:	f06f 0015 	mvn.w	r0, #21
 8001c0a:	e7ed      	b.n	8001be8 <cbvprintf_package+0x450>
			return -EINVAL;
 8001c0c:	f06f 0015 	mvn.w	r0, #21
 8001c10:	e7ea      	b.n	8001be8 <cbvprintf_package+0x450>
		return -EINVAL;
 8001c12:	f06f 0015 	mvn.w	r0, #21
 8001c16:	e7e7      	b.n	8001be8 <cbvprintf_package+0x450>
				return -ENOSPC;
 8001c18:	f06f 001b 	mvn.w	r0, #27
 8001c1c:	e7e4      	b.n	8001be8 <cbvprintf_package+0x450>
			return -ENOSPC;
 8001c1e:	f06f 001b 	mvn.w	r0, #27
 8001c22:	e7e1      	b.n	8001be8 <cbvprintf_package+0x450>
 8001c24:	08009db4 	.word	0x08009db4
 8001c28:	0800ba10 	.word	0x0800ba10

08001c2c <cbprintf_package_convert>:
			     cbprintf_convert_cb cb,
			     void *ctx,
			     uint32_t flags,
			     uint16_t *strl,
			     size_t strl_len)
{
 8001c2c:	e92d 4ff0 	stmdb	sp!, {r4, r5, r6, r7, r8, r9, sl, fp, lr}
 8001c30:	b097      	sub	sp, #92	@ 0x5c
 8001c32:	af00      	add	r7, sp, #0
 8001c34:	4683      	mov	fp, r0
 8001c36:	61ba      	str	r2, [r7, #24]
 8001c38:	617b      	str	r3, [r7, #20]
	__ASSERT_NO_MSG(in_packaged != NULL);

	uint8_t *buf = in_packaged;
	uint32_t *buf32 = in_packaged;
	unsigned int args_size, ros_nbr, rws_nbr;
	bool fmt_present = flags & CBPRINTF_PACKAGE_CONVERT_PTR_CHECK ? true : false;
 8001c3a:	f8d7 3080 	ldr.w	r3, [r7, #128]	@ 0x80
 8001c3e:	f3c3 03c0 	ubfx	r3, r3, #3, #1
 8001c42:	623b      	str	r3, [r7, #32]
	bool rw_cpy;
	bool ro_cpy;
	struct cbprintf_package_desc *in_desc = in_packaged;

	in_len = in_len != 0 ? in_len : get_package_len(in_packaged);
 8001c44:	60f9      	str	r1, [r7, #12]
 8001c46:	b911      	cbnz	r1, 8001c4e <cbprintf_package_convert+0x22>
 8001c48:	f005 ff28 	bl	8007a9c <get_package_len>
 8001c4c:	60f8      	str	r0, [r7, #12]

	/* Get number of RO string indexes in the package and check if copying
	 * includes appending those strings.
	 */
	ros_nbr = in_desc->ro_str_cnt;
 8001c4e:	f89b 6002 	ldrb.w	r6, [fp, #2]
 8001c52:	46b1      	mov	r9, r6
	ro_cpy = ros_nbr &&
 8001c54:	b136      	cbz	r6, 8001c64 <cbprintf_package_convert+0x38>
 8001c56:	f8d7 3080 	ldr.w	r3, [r7, #128]	@ 0x80
 8001c5a:	f013 0f01 	tst.w	r3, #1
 8001c5e:	d129      	bne.n	8001cb4 <cbprintf_package_convert+0x88>
 8001c60:	2300      	movs	r3, #0
 8001c62:	e000      	b.n	8001c66 <cbprintf_package_convert+0x3a>
 8001c64:	2300      	movs	r3, #0
		(flags & CBPRINTF_PACKAGE_CONVERT_RO_STR) == CBPRINTF_PACKAGE_CONVERT_RO_STR;

	/* Get number of RW string indexes in the package and check if copying
	 * includes appending those strings.
	 */
	rws_nbr = in_desc->rw_str_cnt;
 8001c66:	f89b 2003 	ldrb.w	r2, [fp, #3]
 8001c6a:	627a      	str	r2, [r7, #36]	@ 0x24
	rw_cpy = rws_nbr > 0 &&
 8001c6c:	b122      	cbz	r2, 8001c78 <cbprintf_package_convert+0x4c>
 8001c6e:	f8d7 2080 	ldr.w	r2, [r7, #128]	@ 0x80
 8001c72:	f012 0f02 	tst.w	r2, #2
 8001c76:	d100      	bne.n	8001c7a <cbprintf_package_convert+0x4e>

	/* If flags are not set or appending request without rw string indexes
	 * present is chosen, just do a simple copy (or length calculation).
	 * Assuming that it is the most common case.
	 */
	if (!rw_cpy && !ro_cpy) {
 8001c78:	b1f3      	cbz	r3, 8001cb8 <cbprintf_package_convert+0x8c>

	/* If we got here, it means that coping will be more complex and will be
	 * done with strings appending.
	 * Retrieve the size of the arg list.
	 */
	args_size = in_desc->len * sizeof(int);
 8001c7a:	f89b 5000 	ldrb.w	r5, [fp]
 8001c7e:	00aa      	lsls	r2, r5, #2
 8001c80:	60ba      	str	r2, [r7, #8]
	int out_len;

	/* Pointer to array with string locations. Array starts with read-only
	 * string locations.
	 */
	const char *fmt = *(const char **)(buf + sizeof(void *));
 8001c82:	f8db 2004 	ldr.w	r2, [fp, #4]
 8001c86:	613a      	str	r2, [r7, #16]
	uint8_t *str_pos = &buf[args_size];
 8001c88:	eb0b 0585 	add.w	r5, fp, r5, lsl #2
	size_t strl_cnt = 0;

	/* If null destination, just calculate output length. */
	if (cb == NULL) {
 8001c8c:	69ba      	ldr	r2, [r7, #24]
 8001c8e:	b1fa      	cbz	r2, 8001cd0 <cbprintf_package_convert+0xa4>

	/* If read-only strings shall be appended to the output package copy
	 * their indexes to the local array, otherwise indicate that indexes
	 * shall remain in the output package.
	 */
	if (ro_cpy) {
 8001c90:	2b00      	cmp	r3, #0
 8001c92:	f040 8105 	bne.w	8001ea0 <cbprintf_package_convert+0x274>
		scpy_cnt = ros_nbr;
		keep_cnt = 0;
		dst = cpy_str_pos;
	} else if (ros_nbr && flags & CBPRINTF_PACKAGE_CONVERT_KEEP_RO_STR) {
 8001c96:	f1b9 0f00 	cmp.w	r9, #0
 8001c9a:	f000 810f 	beq.w	8001ebc <cbprintf_package_convert+0x290>
 8001c9e:	f8d7 3080 	ldr.w	r3, [r7, #128]	@ 0x80
 8001ca2:	f013 0f04 	tst.w	r3, #4
 8001ca6:	f000 810c 	beq.w	8001ec2 <cbprintf_package_convert+0x296>
		scpy_cnt = 0;
		keep_cnt = ros_nbr;
 8001caa:	61fe      	str	r6, [r7, #28]
		scpy_cnt = 0;
 8001cac:	2600      	movs	r6, #0
		dst = keep_str_pos;
 8001cae:	f107 0034 	add.w	r0, r7, #52	@ 0x34
 8001cb2:	e0f9      	b.n	8001ea8 <cbprintf_package_convert+0x27c>
	ro_cpy = ros_nbr &&
 8001cb4:	2301      	movs	r3, #1
 8001cb6:	e7d6      	b.n	8001c66 <cbprintf_package_convert+0x3a>
		if (cb) {
 8001cb8:	69bb      	ldr	r3, [r7, #24]
 8001cba:	b11b      	cbz	r3, 8001cc4 <cbprintf_package_convert+0x98>
			cb(in_packaged, in_len, ctx);
 8001cbc:	697a      	ldr	r2, [r7, #20]
 8001cbe:	68f9      	ldr	r1, [r7, #12]
 8001cc0:	4658      	mov	r0, fp
 8001cc2:	4798      	blx	r3
		return in_len;
 8001cc4:	68fc      	ldr	r4, [r7, #12]

	/* Empty call (can be interpreted as flushing) */
	(void)cb(NULL, 0, ctx);

	return out_len;
}
 8001cc6:	4620      	mov	r0, r4
 8001cc8:	375c      	adds	r7, #92	@ 0x5c
 8001cca:	46bd      	mov	sp, r7
 8001ccc:	e8bd 8ff0 	ldmia.w	sp!, {r4, r5, r6, r7, r8, r9, sl, fp, pc}
		out_len = (int)in_len;
 8001cd0:	68fc      	ldr	r4, [r7, #12]
		if (ro_cpy) {
 8001cd2:	b9e3      	cbnz	r3, 8001d0e <cbprintf_package_convert+0xe2>
			str_pos += ros_nbr;
 8001cd4:	444d      	add	r5, r9
	size_t strl_cnt = 0;
 8001cd6:	2300      	movs	r3, #0
 8001cd8:	617b      	str	r3, [r7, #20]
 8001cda:	e023      	b.n	8001d24 <cbprintf_package_convert+0xf8>
				out_len += len;
 8001cdc:	4404      	add	r4, r0
				str_pos++;
 8001cde:	3501      	adds	r5, #1
			for (unsigned int i = 0; i < ros_nbr; i++) {
 8001ce0:	3601      	adds	r6, #1
 8001ce2:	454e      	cmp	r6, r9
 8001ce4:	d21a      	bcs.n	8001d1c <cbprintf_package_convert+0xf0>
				const char *str = *(const char **)&buf32[*str_pos];
 8001ce6:	782a      	ldrb	r2, [r5, #0]
				int len = append_string(cb, NULL, str, 0);
 8001ce8:	2300      	movs	r3, #0
 8001cea:	f85b 2022 	ldr.w	r2, [fp, r2, lsl #2]
 8001cee:	4619      	mov	r1, r3
 8001cf0:	69b8      	ldr	r0, [r7, #24]
 8001cf2:	f005 fee8 	bl	8007ac6 <append_string>
				if (strl && strl_cnt < strl_len) {
 8001cf6:	f1ba 0f00 	cmp.w	sl, #0
 8001cfa:	d0ef      	beq.n	8001cdc <cbprintf_package_convert+0xb0>
 8001cfc:	f8d7 3088 	ldr.w	r3, [r7, #136]	@ 0x88
 8001d00:	4598      	cmp	r8, r3
 8001d02:	d2eb      	bcs.n	8001cdc <cbprintf_package_convert+0xb0>
					strl[strl_cnt++] = (uint16_t)len;
 8001d04:	f82a 0018 	strh.w	r0, [sl, r8, lsl #1]
 8001d08:	f108 0801 	add.w	r8, r8, #1
 8001d0c:	e7e6      	b.n	8001cdc <cbprintf_package_convert+0xb0>
			for (unsigned int i = 0; i < ros_nbr; i++) {
 8001d0e:	2600      	movs	r6, #0
	size_t strl_cnt = 0;
 8001d10:	f8c7 801c 	str.w	r8, [r7, #28]
 8001d14:	46b0      	mov	r8, r6
 8001d16:	f8d7 a084 	ldr.w	sl, [r7, #132]	@ 0x84
 8001d1a:	e7e2      	b.n	8001ce2 <cbprintf_package_convert+0xb6>
 8001d1c:	f8c7 8014 	str.w	r8, [r7, #20]
 8001d20:	f8d7 801c 	ldr.w	r8, [r7, #28]
		bool drop_ro_str_pos = !(flags &
 8001d24:	f8d7 3080 	ldr.w	r3, [r7, #128]	@ 0x80
 8001d28:	f003 0305 	and.w	r3, r3, #5
 8001d2c:	60fb      	str	r3, [r7, #12]
		for (unsigned int i = 0; i < rws_nbr; i++) {
 8001d2e:	f04f 0a00 	mov.w	sl, #0
 8001d32:	46a1      	mov	r9, r4
 8001d34:	f8c7 b01c 	str.w	fp, [r7, #28]
 8001d38:	e09c      	b.n	8001e74 <cbprintf_package_convert+0x248>
 8001d3a:	2500      	movs	r5, #0
			if (IS_ENABLED(CONFIG_CBPRINTF_CONVERT_CHECK_PTR) &&
 8001d3c:	6a3b      	ldr	r3, [r7, #32]
 8001d3e:	b97b      	cbnz	r3, 8001d60 <cbprintf_package_convert+0x134>
			if (is_ro) {
 8001d40:	2d00      	cmp	r5, #0
 8001d42:	d079      	beq.n	8001e38 <cbprintf_package_convert+0x20c>
				if (flags & CBPRINTF_PACKAGE_CONVERT_RO_STR) {
 8001d44:	f8d7 3080 	ldr.w	r3, [r7, #128]	@ 0x80
 8001d48:	f013 0f01 	tst.w	r3, #1
 8001d4c:	d179      	bne.n	8001e42 <cbprintf_package_convert+0x216>
					out_len -= drop_ro_str_pos ? 2 : 1;
 8001d4e:	68fb      	ldr	r3, [r7, #12]
 8001d50:	2b00      	cmp	r3, #0
 8001d52:	d16f      	bne.n	8001e34 <cbprintf_package_convert+0x208>
 8001d54:	2302      	movs	r3, #2
 8001d56:	eba9 0903 	sub.w	r9, r9, r3
 8001d5a:	e088      	b.n	8001e6e <cbprintf_package_convert+0x242>
 8001d5c:	2501      	movs	r5, #1
 8001d5e:	e7ed      	b.n	8001d3c <cbprintf_package_convert+0x110>
			    fmt_present && is_ptr(fmt, arg_idx)) {
 8001d60:	4659      	mov	r1, fp
 8001d62:	6938      	ldr	r0, [r7, #16]
 8001d64:	f005 fef5 	bl	8007b52 <is_ptr>
 8001d68:	2800      	cmp	r0, #0
 8001d6a:	d0e9      	beq.n	8001d40 <cbprintf_package_convert+0x114>
				LOG_WRN("(unsigned) char * used for %%p argument. "
 8001d6c:	466c      	mov	r4, sp
 8001d6e:	2300      	movs	r3, #0
 8001d70:	f887 302c 	strb.w	r3, [r7, #44]	@ 0x2c
 8001d74:	2302      	movs	r3, #2
 8001d76:	f887 302d 	strb.w	r3, [r7, #45]	@ 0x2d
 8001d7a:	b08a      	sub	sp, #40	@ 0x28
 8001d7c:	4669      	mov	r1, sp
 8001d7e:	f111 0210 	adds.w	r2, r1, #16
 8001d82:	d037      	beq.n	8001df4 <cbprintf_package_convert+0x1c8>
 8001d84:	2512      	movs	r5, #18
 8001d86:	b11a      	cbz	r2, 8001d90 <cbprintf_package_convert+0x164>
 8001d88:	2d04      	cmp	r5, #4
 8001d8a:	dd01      	ble.n	8001d90 <cbprintf_package_convert+0x164>
 8001d8c:	4bb1      	ldr	r3, [pc, #708]	@ (8002054 <cbprintf_package_convert+0x428>)
 8001d8e:	614b      	str	r3, [r1, #20]
 8001d90:	2300      	movs	r3, #0
 8001d92:	f887 3028 	strb.w	r3, [r7, #40]	@ 0x28
 8001d96:	2302      	movs	r3, #2
 8001d98:	f887 3029 	strb.w	r3, [r7, #41]	@ 0x29
 8001d9c:	bb6a      	cbnz	r2, 8001dfa <cbprintf_package_convert+0x1ce>
 8001d9e:	2d11      	cmp	r5, #17
 8001da0:	dd45      	ble.n	8001e2e <cbprintf_package_convert+0x202>
 8001da2:	2312      	movs	r3, #18
 8001da4:	b162      	cbz	r2, 8001dc0 <cbprintf_package_convert+0x194>
 8001da6:	2004      	movs	r0, #4
 8001da8:	f887 002c 	strb.w	r0, [r7, #44]	@ 0x2c
 8001dac:	2000      	movs	r0, #0
 8001dae:	f887 002d 	strb.w	r0, [r7, #45]	@ 0x2d
 8001db2:	f887 002e 	strb.w	r0, [r7, #46]	@ 0x2e
 8001db6:	2001      	movs	r0, #1
 8001db8:	f887 002f 	strb.w	r0, [r7, #47]	@ 0x2f
 8001dbc:	6af8      	ldr	r0, [r7, #44]	@ 0x2c
 8001dbe:	6108      	str	r0, [r1, #16]
 8001dc0:	f028 0801 	bic.w	r8, r8, #1
 8001dc4:	f028 0802 	bic.w	r8, r8, #2
 8001dc8:	f028 0804 	bic.w	r8, r8, #4
 8001dcc:	f028 0838 	bic.w	r8, r8, #56	@ 0x38
 8001dd0:	2102      	movs	r1, #2
 8001dd2:	f361 1888 	bfi	r8, r1, #6, #3
 8001dd6:	f3c3 030a 	ubfx	r3, r3, #0, #11
 8001dda:	f363 2853 	bfi	r8, r3, #9, #11
 8001dde:	f3c8 0813 	ubfx	r8, r8, #0, #20
		(void) arch_syscall_invoke4(parm0.x, parm1.x, parm2.x, parm3.x, K_SYSCALL_Z_LOG_MSG_STATIC_CREATE);
		return;
	}
#endif
	compiler_barrier();
	z_impl_z_log_msg_static_create(source, desc, package, data);
 8001de2:	2300      	movs	r3, #0
 8001de4:	4641      	mov	r1, r8
 8001de6:	489c      	ldr	r0, [pc, #624]	@ (8002058 <cbprintf_package_convert+0x42c>)
 8001de8:	f000 fd56 	bl	8002898 <z_impl_z_log_msg_static_create>
 8001dec:	46a5      	mov	sp, r4
				out_len -= 2;
 8001dee:	f1a9 0902 	sub.w	r9, r9, #2
				continue;
 8001df2:	e03c      	b.n	8001e6e <cbprintf_package_convert+0x242>
				LOG_WRN("(unsigned) char * used for %%p argument. "
 8001df4:	f06f 4500 	mvn.w	r5, #2147483648	@ 0x80000000
 8001df8:	e7c5      	b.n	8001d86 <cbprintf_package_convert+0x15a>
 8001dfa:	462b      	mov	r3, r5
 8001dfc:	2d08      	cmp	r5, #8
 8001dfe:	dd01      	ble.n	8001e04 <cbprintf_package_convert+0x1d8>
 8001e00:	6938      	ldr	r0, [r7, #16]
 8001e02:	6188      	str	r0, [r1, #24]
 8001e04:	2b0c      	cmp	r3, #12
 8001e06:	dd01      	ble.n	8001e0c <cbprintf_package_convert+0x1e0>
 8001e08:	f8c1 b01c 	str.w	fp, [r1, #28]
 8001e0c:	f101 0320 	add.w	r3, r1, #32
 8001e10:	2000      	movs	r0, #0
 8001e12:	e009      	b.n	8001e28 <cbprintf_package_convert+0x1fc>
 8001e14:	f100 0c30 	add.w	ip, r0, #48	@ 0x30
 8001e18:	f107 0e28 	add.w	lr, r7, #40	@ 0x28
 8001e1c:	44f4      	add	ip, lr
 8001e1e:	f81c cc30 	ldrb.w	ip, [ip, #-48]
 8001e22:	f803 cb01 	strb.w	ip, [r3], #1
 8001e26:	3001      	adds	r0, #1
 8001e28:	2801      	cmp	r0, #1
 8001e2a:	d9f3      	bls.n	8001e14 <cbprintf_package_convert+0x1e8>
 8001e2c:	e7b7      	b.n	8001d9e <cbprintf_package_convert+0x172>
 8001e2e:	f06f 031b 	mvn.w	r3, #27
 8001e32:	e7b7      	b.n	8001da4 <cbprintf_package_convert+0x178>
					out_len -= drop_ro_str_pos ? 2 : 1;
 8001e34:	2301      	movs	r3, #1
 8001e36:	e78e      	b.n	8001d56 <cbprintf_package_convert+0x12a>
			} else if (flags & CBPRINTF_PACKAGE_CONVERT_RW_STR) {
 8001e38:	f8d7 3080 	ldr.w	r3, [r7, #128]	@ 0x80
 8001e3c:	f013 0f02 	tst.w	r3, #2
 8001e40:	d015      	beq.n	8001e6e <cbprintf_package_convert+0x242>
				len = append_string(cb, NULL, str, 0);
 8001e42:	2300      	movs	r3, #0
 8001e44:	4622      	mov	r2, r4
 8001e46:	4619      	mov	r1, r3
 8001e48:	69b8      	ldr	r0, [r7, #24]
 8001e4a:	f005 fe3c 	bl	8007ac6 <append_string>
				if (strl && strl_cnt < strl_len) {
 8001e4e:	f8d7 3084 	ldr.w	r3, [r7, #132]	@ 0x84
 8001e52:	b153      	cbz	r3, 8001e6a <cbprintf_package_convert+0x23e>
 8001e54:	697b      	ldr	r3, [r7, #20]
 8001e56:	f8d7 2088 	ldr.w	r2, [r7, #136]	@ 0x88
 8001e5a:	4293      	cmp	r3, r2
 8001e5c:	d205      	bcs.n	8001e6a <cbprintf_package_convert+0x23e>
					strl[strl_cnt++] = (uint16_t)len;
 8001e5e:	f8d7 2084 	ldr.w	r2, [r7, #132]	@ 0x84
 8001e62:	f822 0013 	strh.w	r0, [r2, r3, lsl #1]
 8001e66:	3301      	adds	r3, #1
 8001e68:	617b      	str	r3, [r7, #20]
				out_len += (len - 1);
 8001e6a:	3801      	subs	r0, #1
 8001e6c:	4481      	add	r9, r0
		for (unsigned int i = 0; i < rws_nbr; i++) {
 8001e6e:	f10a 0a01 	add.w	sl, sl, #1
			uint8_t arg_pos = *str_pos++;
 8001e72:	4635      	mov	r5, r6
		for (unsigned int i = 0; i < rws_nbr; i++) {
 8001e74:	6a7b      	ldr	r3, [r7, #36]	@ 0x24
 8001e76:	459a      	cmp	sl, r3
 8001e78:	d210      	bcs.n	8001e9c <cbprintf_package_convert+0x270>
			uint8_t arg_idx = *str_pos++;
 8001e7a:	462e      	mov	r6, r5
 8001e7c:	f816 bb02 	ldrb.w	fp, [r6], #2
			uint8_t arg_pos = *str_pos++;
 8001e80:	786b      	ldrb	r3, [r5, #1]
			const char *str = *(const char **)&buf32[arg_pos];
 8001e82:	69fa      	ldr	r2, [r7, #28]
 8001e84:	f852 4023 	ldr.w	r4, [r2, r3, lsl #2]
 8001e88:	4b74      	ldr	r3, [pc, #464]	@ (800205c <cbprintf_package_convert+0x430>)
 8001e8a:	429c      	cmp	r4, r3
 8001e8c:	f4ff af55 	bcc.w	8001d3a <cbprintf_package_convert+0x10e>
 8001e90:	4b73      	ldr	r3, [pc, #460]	@ (8002060 <cbprintf_package_convert+0x434>)
 8001e92:	429c      	cmp	r4, r3
 8001e94:	f4ff af62 	bcc.w	8001d5c <cbprintf_package_convert+0x130>
 8001e98:	2500      	movs	r5, #0
 8001e9a:	e74f      	b.n	8001d3c <cbprintf_package_convert+0x110>
 8001e9c:	464c      	mov	r4, r9
 8001e9e:	e712      	b.n	8001cc6 <cbprintf_package_convert+0x9a>
		dst = cpy_str_pos;
 8001ea0:	f107 0044 	add.w	r0, r7, #68	@ 0x44
		keep_cnt = 0;
 8001ea4:	2300      	movs	r3, #0
 8001ea6:	61fb      	str	r3, [r7, #28]
		memcpy(dst, str_pos, ros_nbr);
 8001ea8:	464a      	mov	r2, r9
 8001eaa:	4629      	mov	r1, r5
 8001eac:	f7fe f9d4 	bl	8000258 <__aeabi_memcpy>
	str_pos += ros_nbr;
 8001eb0:	444d      	add	r5, r9
	for (unsigned int i = 0; i < rws_nbr; i++) {
 8001eb2:	f04f 0800 	mov.w	r8, #0
 8001eb6:	f8c7 9004 	str.w	r9, [r7, #4]
 8001eba:	e01b      	b.n	8001ef4 <cbprintf_package_convert+0x2c8>
		scpy_cnt = 0;
 8001ebc:	2600      	movs	r6, #0
		keep_cnt = 0;
 8001ebe:	61fe      	str	r6, [r7, #28]
 8001ec0:	e7f6      	b.n	8001eb0 <cbprintf_package_convert+0x284>
		scpy_cnt = 0;
 8001ec2:	2600      	movs	r6, #0
		keep_cnt = 0;
 8001ec4:	61fe      	str	r6, [r7, #28]
 8001ec6:	e7f3      	b.n	8001eb0 <cbprintf_package_convert+0x284>
 8001ec8:	2500      	movs	r5, #0
		if (IS_ENABLED(CONFIG_CBPRINTF_CONVERT_CHECK_PTR) &&
 8001eca:	6a3b      	ldr	r3, [r7, #32]
 8001ecc:	bb33      	cbnz	r3, 8001f1c <cbprintf_package_convert+0x2f0>
		if (is_ro) {
 8001ece:	2d00      	cmp	r5, #0
 8001ed0:	d03b      	beq.n	8001f4a <cbprintf_package_convert+0x31e>
			if (flags & CBPRINTF_PACKAGE_CONVERT_RO_STR) {
 8001ed2:	f8d7 3080 	ldr.w	r3, [r7, #128]	@ 0x80
 8001ed6:	f013 0f01 	tst.w	r3, #1
 8001eda:	d026      	beq.n	8001f2a <cbprintf_package_convert+0x2fe>
				cpy_str_pos[scpy_cnt++] = arg_pos;
 8001edc:	1c73      	adds	r3, r6, #1
 8001ede:	f106 0230 	add.w	r2, r6, #48	@ 0x30
 8001ee2:	f107 0128 	add.w	r1, r7, #40	@ 0x28
 8001ee6:	1856      	adds	r6, r2, r1
 8001ee8:	f806 9c14 	strb.w	r9, [r6, #-20]
 8001eec:	b2de      	uxtb	r6, r3
	for (unsigned int i = 0; i < rws_nbr; i++) {
 8001eee:	f108 0801 	add.w	r8, r8, #1
		uint8_t arg_pos = *str_pos++;
 8001ef2:	4625      	mov	r5, r4
	for (unsigned int i = 0; i < rws_nbr; i++) {
 8001ef4:	6a7b      	ldr	r3, [r7, #36]	@ 0x24
 8001ef6:	4598      	cmp	r8, r3
 8001ef8:	d24a      	bcs.n	8001f90 <cbprintf_package_convert+0x364>
		uint8_t arg_idx = *str_pos++;
 8001efa:	462c      	mov	r4, r5
 8001efc:	f814 ab02 	ldrb.w	sl, [r4], #2
		uint8_t arg_pos = *str_pos++;
 8001f00:	f895 9001 	ldrb.w	r9, [r5, #1]
		const char *str = *(const char **)&buf32[arg_pos];
 8001f04:	f85b 3029 	ldr.w	r3, [fp, r9, lsl #2]
 8001f08:	4a54      	ldr	r2, [pc, #336]	@ (800205c <cbprintf_package_convert+0x430>)
 8001f0a:	4293      	cmp	r3, r2
 8001f0c:	d3dc      	bcc.n	8001ec8 <cbprintf_package_convert+0x29c>
 8001f0e:	4a54      	ldr	r2, [pc, #336]	@ (8002060 <cbprintf_package_convert+0x434>)
 8001f10:	4293      	cmp	r3, r2
 8001f12:	d301      	bcc.n	8001f18 <cbprintf_package_convert+0x2ec>
 8001f14:	2500      	movs	r5, #0
 8001f16:	e7d8      	b.n	8001eca <cbprintf_package_convert+0x29e>
 8001f18:	2501      	movs	r5, #1
 8001f1a:	e7d6      	b.n	8001eca <cbprintf_package_convert+0x29e>
		    fmt_present && is_ptr(fmt, arg_idx)) {
 8001f1c:	4651      	mov	r1, sl
 8001f1e:	6938      	ldr	r0, [r7, #16]
 8001f20:	f005 fe17 	bl	8007b52 <is_ptr>
 8001f24:	2800      	cmp	r0, #0
 8001f26:	d0d2      	beq.n	8001ece <cbprintf_package_convert+0x2a2>
 8001f28:	e7e1      	b.n	8001eee <cbprintf_package_convert+0x2c2>
			} else if (flags & CBPRINTF_PACKAGE_CONVERT_KEEP_RO_STR) {
 8001f2a:	f8d7 3080 	ldr.w	r3, [r7, #128]	@ 0x80
 8001f2e:	f013 0f04 	tst.w	r3, #4
 8001f32:	d0dc      	beq.n	8001eee <cbprintf_package_convert+0x2c2>
				keep_str_pos[keep_cnt++] = arg_pos;
 8001f34:	69fa      	ldr	r2, [r7, #28]
 8001f36:	1c53      	adds	r3, r2, #1
 8001f38:	3230      	adds	r2, #48	@ 0x30
 8001f3a:	f107 0128 	add.w	r1, r7, #40	@ 0x28
 8001f3e:	440a      	add	r2, r1
 8001f40:	f802 9c24 	strb.w	r9, [r2, #-36]
 8001f44:	b2db      	uxtb	r3, r3
 8001f46:	61fb      	str	r3, [r7, #28]
 8001f48:	e7d1      	b.n	8001eee <cbprintf_package_convert+0x2c2>
			if (flags & CBPRINTF_PACKAGE_CONVERT_RW_STR) {
 8001f4a:	f8d7 3080 	ldr.w	r3, [r7, #128]	@ 0x80
 8001f4e:	f013 0f02 	tst.w	r3, #2
 8001f52:	d009      	beq.n	8001f68 <cbprintf_package_convert+0x33c>
				cpy_str_pos[scpy_cnt++] = arg_pos;
 8001f54:	1c73      	adds	r3, r6, #1
 8001f56:	f106 0230 	add.w	r2, r6, #48	@ 0x30
 8001f5a:	f107 0128 	add.w	r1, r7, #40	@ 0x28
 8001f5e:	1856      	adds	r6, r2, r1
 8001f60:	f806 9c14 	strb.w	r9, [r6, #-20]
 8001f64:	b2de      	uxtb	r6, r3
 8001f66:	e7c2      	b.n	8001eee <cbprintf_package_convert+0x2c2>
				keep_str_pos[keep_cnt++] = arg_idx;
 8001f68:	69f8      	ldr	r0, [r7, #28]
 8001f6a:	1c43      	adds	r3, r0, #1
 8001f6c:	f100 0130 	add.w	r1, r0, #48	@ 0x30
 8001f70:	f107 0228 	add.w	r2, r7, #40	@ 0x28
 8001f74:	188a      	adds	r2, r1, r2
 8001f76:	f802 ac24 	strb.w	sl, [r2, #-36]
				keep_str_pos[keep_cnt++] = arg_pos;
 8001f7a:	4602      	mov	r2, r0
 8001f7c:	3202      	adds	r2, #2
 8001f7e:	b2d2      	uxtb	r2, r2
 8001f80:	61fa      	str	r2, [r7, #28]
 8001f82:	f107 0258 	add.w	r2, r7, #88	@ 0x58
 8001f86:	fa52 f383 	uxtab	r3, r2, r3
 8001f8a:	f803 9c24 	strb.w	r9, [r3, #-36]
 8001f8e:	e7ae      	b.n	8001eee <cbprintf_package_convert+0x2c2>
	out_desc.len = in_desc->len;
 8001f90:	f8d7 9004 	ldr.w	r9, [r7, #4]
 8001f94:	f89b 3000 	ldrb.w	r3, [fp]
 8001f98:	f887 3054 	strb.w	r3, [r7, #84]	@ 0x54
	out_desc.str_cnt = in_desc->str_cnt + scpy_cnt;
 8001f9c:	f89b 3001 	ldrb.w	r3, [fp, #1]
 8001fa0:	4433      	add	r3, r6
 8001fa2:	f887 3055 	strb.w	r3, [r7, #85]	@ 0x55
	out_desc.rw_str_cnt = (flags & CBPRINTF_PACKAGE_CONVERT_RW_STR) ? 0 : (keep_cnt / 2);
 8001fa6:	f8d7 3080 	ldr.w	r3, [r7, #128]	@ 0x80
 8001faa:	f013 0f02 	tst.w	r3, #2
 8001fae:	d10e      	bne.n	8001fce <cbprintf_package_convert+0x3a2>
 8001fb0:	69fb      	ldr	r3, [r7, #28]
 8001fb2:	f3c3 0347 	ubfx	r3, r3, #1, #8
 8001fb6:	f887 3057 	strb.w	r3, [r7, #87]	@ 0x57
	out_desc.ro_str_cnt = (flags & CBPRINTF_PACKAGE_CONVERT_RO_STR) ? 0 :
 8001fba:	f8d7 3080 	ldr.w	r3, [r7, #128]	@ 0x80
 8001fbe:	f013 0f01 	tst.w	r3, #1
 8001fc2:	d106      	bne.n	8001fd2 <cbprintf_package_convert+0x3a6>
 8001fc4:	f013 0f04 	tst.w	r3, #4
 8001fc8:	d13e      	bne.n	8002048 <cbprintf_package_convert+0x41c>
 8001fca:	2300      	movs	r3, #0
 8001fcc:	e002      	b.n	8001fd4 <cbprintf_package_convert+0x3a8>
	out_desc.rw_str_cnt = (flags & CBPRINTF_PACKAGE_CONVERT_RW_STR) ? 0 : (keep_cnt / 2);
 8001fce:	2300      	movs	r3, #0
 8001fd0:	e7f1      	b.n	8001fb6 <cbprintf_package_convert+0x38a>
	out_desc.ro_str_cnt = (flags & CBPRINTF_PACKAGE_CONVERT_RO_STR) ? 0 :
 8001fd2:	2300      	movs	r3, #0
 8001fd4:	f887 3056 	strb.w	r3, [r7, #86]	@ 0x56
	struct cbprintf_package_desc in_desc_backup = *in_desc;
 8001fd8:	f8db 0000 	ldr.w	r0, [fp]
 8001fdc:	6338      	str	r0, [r7, #48]	@ 0x30
	*in_desc = out_desc;
 8001fde:	6d78      	ldr	r0, [r7, #84]	@ 0x54
 8001fe0:	f8cb 0000 	str.w	r0, [fp]
	rv = cb(in_packaged, args_size, ctx);
 8001fe4:	f8d7 8014 	ldr.w	r8, [r7, #20]
 8001fe8:	4642      	mov	r2, r8
 8001fea:	68b9      	ldr	r1, [r7, #8]
 8001fec:	4658      	mov	r0, fp
 8001fee:	f8d7 a018 	ldr.w	sl, [r7, #24]
 8001ff2:	47d0      	blx	sl
	if (rv < 0) {
 8001ff4:	1e04      	subs	r4, r0, #0
 8001ff6:	f6ff ae66 	blt.w	8001cc6 <cbprintf_package_convert+0x9a>
	*in_desc = in_desc_backup;
 8001ffa:	6b38      	ldr	r0, [r7, #48]	@ 0x30
 8001ffc:	f8cb 0000 	str.w	r0, [fp]
	rv = cb(keep_str_pos, keep_cnt, ctx);
 8002000:	f8c7 8014 	str.w	r8, [r7, #20]
 8002004:	4642      	mov	r2, r8
 8002006:	69f9      	ldr	r1, [r7, #28]
 8002008:	f107 0034 	add.w	r0, r7, #52	@ 0x34
 800200c:	47d0      	blx	sl
	if (rv < 0) {
 800200e:	2800      	cmp	r0, #0
 8002010:	db5f      	blt.n	80020d2 <cbprintf_package_convert+0x4a6>
	out_len += rv;
 8002012:	eb04 0800 	add.w	r8, r4, r0
	size_t strs_len = in_len - (args_size + ros_nbr + 2 * rws_nbr);
 8002016:	68b9      	ldr	r1, [r7, #8]
 8002018:	4449      	add	r1, r9
 800201a:	6a7b      	ldr	r3, [r7, #36]	@ 0x24
 800201c:	eb01 0143 	add.w	r1, r1, r3, lsl #1
	rv = cb(str_pos, strs_len, ctx);
 8002020:	f8d7 9014 	ldr.w	r9, [r7, #20]
 8002024:	464a      	mov	r2, r9
 8002026:	68fb      	ldr	r3, [r7, #12]
 8002028:	1a59      	subs	r1, r3, r1
 800202a:	4628      	mov	r0, r5
 800202c:	47d0      	blx	sl
	if (rv < 0) {
 800202e:	1e04      	subs	r4, r0, #0
 8002030:	f6ff ae49 	blt.w	8001cc6 <cbprintf_package_convert+0x9a>
	out_len += rv;
 8002034:	eb08 0504 	add.w	r5, r8, r4
	for (unsigned int i = 0; i < scpy_cnt; i++) {
 8002038:	f04f 0800 	mov.w	r8, #0
 800203c:	f8c7 b024 	str.w	fp, [r7, #36]	@ 0x24
 8002040:	46b3      	mov	fp, r6
 8002042:	4654      	mov	r4, sl
 8002044:	46ca      	mov	sl, r9
 8002046:	e022      	b.n	800208e <cbprintf_package_convert+0x462>
	out_desc.ro_str_cnt = (flags & CBPRINTF_PACKAGE_CONVERT_RO_STR) ? 0 :
 8002048:	69fb      	ldr	r3, [r7, #28]
 800204a:	e7c3      	b.n	8001fd4 <cbprintf_package_convert+0x3a8>
		uint16_t str_len = (strl && (i < strl_len)) ? strl[i] : 0;
 800204c:	f04f 0900 	mov.w	r9, #0
 8002050:	e00a      	b.n	8002068 <cbprintf_package_convert+0x43c>
 8002052:	bf00      	nop
 8002054:	0800a834 	.word	0x0800a834
 8002058:	0800a3d4 	.word	0x0800a3d4
 800205c:	08009db4 	.word	0x08009db4
 8002060:	0800ba10 	.word	0x0800ba10
 8002064:	f04f 0900 	mov.w	r9, #0
		rv = cb(&loc, 1, ctx);
 8002068:	4652      	mov	r2, sl
 800206a:	2101      	movs	r1, #1
 800206c:	f107 002c 	add.w	r0, r7, #44	@ 0x2c
 8002070:	47a0      	blx	r4
		if (rv < 0) {
 8002072:	2800      	cmp	r0, #0
 8002074:	db2f      	blt.n	80020d6 <cbprintf_package_convert+0x4aa>
		out_len += rv;
 8002076:	4405      	add	r5, r0
		rv = append_string(cb, ctx, str, str_len);
 8002078:	464b      	mov	r3, r9
 800207a:	4632      	mov	r2, r6
 800207c:	4651      	mov	r1, sl
 800207e:	4620      	mov	r0, r4
 8002080:	f005 fd21 	bl	8007ac6 <append_string>
		if (rv < 0) {
 8002084:	2800      	cmp	r0, #0
 8002086:	db28      	blt.n	80020da <cbprintf_package_convert+0x4ae>
		out_len += rv;
 8002088:	4405      	add	r5, r0
	for (unsigned int i = 0; i < scpy_cnt; i++) {
 800208a:	f108 0801 	add.w	r8, r8, #1
 800208e:	45d8      	cmp	r8, fp
 8002090:	d218      	bcs.n	80020c4 <cbprintf_package_convert+0x498>
		uint8_t loc = cpy_str_pos[i];
 8002092:	f108 0330 	add.w	r3, r8, #48	@ 0x30
 8002096:	f107 0228 	add.w	r2, r7, #40	@ 0x28
 800209a:	4413      	add	r3, r2
 800209c:	f813 3c14 	ldrb.w	r3, [r3, #-20]
 80020a0:	f887 302c 	strb.w	r3, [r7, #44]	@ 0x2c
		const char *str = *(const char **)&buf32[loc];
 80020a4:	6a7a      	ldr	r2, [r7, #36]	@ 0x24
 80020a6:	f852 6023 	ldr.w	r6, [r2, r3, lsl #2]
		uint16_t str_len = (strl && (i < strl_len)) ? strl[i] : 0;
 80020aa:	f8d7 3084 	ldr.w	r3, [r7, #132]	@ 0x84
 80020ae:	2b00      	cmp	r3, #0
 80020b0:	d0cc      	beq.n	800204c <cbprintf_package_convert+0x420>
 80020b2:	f8d7 3088 	ldr.w	r3, [r7, #136]	@ 0x88
 80020b6:	4598      	cmp	r8, r3
 80020b8:	d2d4      	bcs.n	8002064 <cbprintf_package_convert+0x438>
 80020ba:	f8d7 3084 	ldr.w	r3, [r7, #132]	@ 0x84
 80020be:	f833 9018 	ldrh.w	r9, [r3, r8, lsl #1]
 80020c2:	e7d1      	b.n	8002068 <cbprintf_package_convert+0x43c>
	(void)cb(NULL, 0, ctx);
 80020c4:	697a      	ldr	r2, [r7, #20]
 80020c6:	2100      	movs	r1, #0
 80020c8:	4608      	mov	r0, r1
 80020ca:	69bb      	ldr	r3, [r7, #24]
 80020cc:	4798      	blx	r3
	return out_len;
 80020ce:	462c      	mov	r4, r5
 80020d0:	e5f9      	b.n	8001cc6 <cbprintf_package_convert+0x9a>
		return rv;
 80020d2:	4604      	mov	r4, r0
 80020d4:	e5f7      	b.n	8001cc6 <cbprintf_package_convert+0x9a>
 80020d6:	4604      	mov	r4, r0
 80020d8:	e5f5      	b.n	8001cc6 <cbprintf_package_convert+0x9a>
 80020da:	4604      	mov	r4, r0
 80020dc:	e5f3      	b.n	8001cc6 <cbprintf_package_convert+0x9a>
 80020de:	bf00      	nop

080020e0 <__printk_hook_install>:

static printk_hook_fn_t _char_out = arch_printk_char_out;

void __printk_hook_install(printk_hook_fn_t fn)
{
	_char_out = fn;
 80020e0:	4b01      	ldr	r3, [pc, #4]	@ (80020e8 <__printk_hook_install+0x8>)
 80020e2:	6018      	str	r0, [r3, #0]
}
 80020e4:	4770      	bx	lr
 80020e6:	bf00      	nop
 80020e8:	200000c0 	.word	0x200000c0

080020ec <z_thread_entry>:
 * This routine does not return, and is marked as such so the compiler won't
 * generate preamble code that is only used by functions that actually return.
 */
FUNC_NORETURN void z_thread_entry(k_thread_entry_t entry,
				 void *p1, void *p2, void *p3)
{
 80020ec:	b580      	push	{r7, lr}
 80020ee:	4605      	mov	r5, r0
 80020f0:	460e      	mov	r6, r1
 80020f2:	4617      	mov	r7, r2
 80020f4:	4698      	mov	r8, r3
	return z_impl_k_sched_current_thread_query();
 80020f6:	f004 f819 	bl	800612c <z_impl_k_sched_current_thread_query>
 80020fa:	4603      	mov	r3, r0
 * otherwise lead to reading invalid memory and cause faults during
 * unwinding or debugging.
 */
	ARCH_CFI_UNDEFINED_RETURN_ADDRESS();
#ifdef CONFIG_CURRENT_THREAD_USE_TLS
	z_tls_current = k_sched_current_thread_query();
 80020fc:	f001 fc9a 	bl	8003a34 <__aeabi_read_tp>
 8002100:	4604      	mov	r4, r0
 8002102:	f8df 9018 	ldr.w	r9, [pc, #24]	@ 800211c <z_thread_entry+0x30>
 8002106:	f849 3000 	str.w	r3, [r9, r0]

	sys_rand_get((uint8_t *)&stack_guard, sizeof(stack_guard));
	__stack_chk_guard = stack_guard;
	__stack_chk_guard <<= 8;
#endif	/* CONFIG_STACK_CANARIES */
	entry(p1, p2, p3);
 800210a:	4642      	mov	r2, r8
 800210c:	4639      	mov	r1, r7
 800210e:	4630      	mov	r0, r6
 8002110:	47a8      	blx	r5
	return z_tls_current;
 8002112:	f854 0009 	ldr.w	r0, [r4, r9]
	z_impl_k_thread_abort(thread);
 8002116:	f001 fc17 	bl	8003948 <z_impl_k_thread_abort>
	/*
	 * Compiler can't tell that k_thread_abort() won't return and issues a
	 * warning unless we tell it that control never gets this far.
	 */

	CODE_UNREACHABLE; /* LCOV_EXCL_LINE */
 800211a:	bf00      	nop
 800211c:	00000010 	.word	0x00000010

08002120 <st_stm32_common_config>:
  * @rmtoll DBGMCU_CR    DBG_STOP      LL_DBGMCU_DisableDBGStopMode
  * @retval None
  */
__STATIC_INLINE void LL_DBGMCU_DisableDBGStopMode(void)
{
  CLEAR_BIT(DBGMCU->CR, DBGMCU_CR_DBG_STOP);
 8002120:	4a03      	ldr	r2, [pc, #12]	@ (8002130 <st_stm32_common_config+0x10>)
 8002122:	6853      	ldr	r3, [r2, #4]
 8002124:	f023 0302 	bic.w	r3, r3, #2
 8002128:	6053      	str	r3, [r2, #4]
#elif defined(LL_APB2_GRP1_PERIPH_DBGMCU)
	LL_APB2_GRP1_DisableClock(LL_APB2_GRP1_PERIPH_DBGMCU);
#endif /* LL_APB1_GRP1_PERIPH_DBGMCU */

	return 0;
}
 800212a:	2000      	movs	r0, #0
 800212c:	4770      	bx	lr
 800212e:	bf00      	nop
 8002130:	e0042000 	.word	0xe0042000

08002134 <stm32_gpioport_pm_action>:
	return 0;
}

static int stm32_gpioport_pm_action(const struct device *dev,
				    enum pm_device_action action)
{
 8002134:	b508      	push	{r3, lr}
 8002136:	460b      	mov	r3, r1
	const struct device *const clk = DEVICE_DT_GET(STM32_CLOCK_CONTROL_NODE);
	const struct gpio_stm32_config *cfg = dev->config;
 8002138:	6841      	ldr	r1, [r0, #4]
	clock_control_subsys_t subsys = (void *)&cfg->pclken;
 800213a:	310c      	adds	r1, #12

	switch (action) {
 800213c:	2b01      	cmp	r3, #1
 800213e:	d014      	beq.n	800216a <stm32_gpioport_pm_action+0x36>
 8002140:	d80a      	bhi.n	8002158 <stm32_gpioport_pm_action+0x24>
 8002142:	b933      	cbnz	r3, 8002152 <stm32_gpioport_pm_action+0x1e>
 * @return 0 on success, negative errno on failure.
 */
static inline int clock_control_off(const struct device *dev,
				    clock_control_subsys_t sys)
{
	const struct clock_control_driver_api *api =
 8002144:	4b0f      	ldr	r3, [pc, #60]	@ (8002184 <stm32_gpioport_pm_action+0x50>)
 8002146:	689b      	ldr	r3, [r3, #8]
		(const struct clock_control_driver_api *)dev->api;

	if (api->off == NULL) {
 8002148:	685b      	ldr	r3, [r3, #4]
 800214a:	b1c3      	cbz	r3, 800217e <stm32_gpioport_pm_action+0x4a>
		return -ENOSYS;
	}

	return api->off(dev, sys);
 800214c:	480d      	ldr	r0, [pc, #52]	@ (8002184 <stm32_gpioport_pm_action+0x50>)
 800214e:	4798      	blx	r3
 8002150:	e007      	b.n	8002162 <stm32_gpioport_pm_action+0x2e>
 8002152:	f06f 0085 	mvn.w	r0, #133	@ 0x85
 8002156:	e004      	b.n	8002162 <stm32_gpioport_pm_action+0x2e>
 8002158:	3b02      	subs	r3, #2
 800215a:	b2db      	uxtb	r3, r3
 800215c:	2b01      	cmp	r3, #1
 800215e:	d801      	bhi.n	8002164 <stm32_gpioport_pm_action+0x30>
		break;
	default:
		return -ENOTSUP;
	}

	return 0;
 8002160:	2000      	movs	r0, #0
}
 8002162:	bd08      	pop	{r3, pc}
	switch (action) {
 8002164:	f06f 0085 	mvn.w	r0, #133	@ 0x85
 8002168:	e7fb      	b.n	8002162 <stm32_gpioport_pm_action+0x2e>
	const struct clock_control_driver_api *api =
 800216a:	4b06      	ldr	r3, [pc, #24]	@ (8002184 <stm32_gpioport_pm_action+0x50>)
 800216c:	689b      	ldr	r3, [r3, #8]
	if (api->on == NULL) {
 800216e:	681b      	ldr	r3, [r3, #0]
 8002170:	b113      	cbz	r3, 8002178 <stm32_gpioport_pm_action+0x44>
	return api->on(dev, sys);
 8002172:	4804      	ldr	r0, [pc, #16]	@ (8002184 <stm32_gpioport_pm_action+0x50>)
 8002174:	4798      	blx	r3
 8002176:	e7f4      	b.n	8002162 <stm32_gpioport_pm_action+0x2e>
		return -ENOSYS;
 8002178:	f06f 0057 	mvn.w	r0, #87	@ 0x57
 800217c:	e7f1      	b.n	8002162 <stm32_gpioport_pm_action+0x2e>
		return -ENOSYS;
 800217e:	f06f 0057 	mvn.w	r0, #87	@ 0x57
 8002182:	e7ee      	b.n	8002162 <stm32_gpioport_pm_action+0x2e>
 8002184:	08009e5c 	.word	0x08009e5c

08002188 <stm32_gpioport_init>:

__maybe_unused static int stm32_gpioport_init(const struct device *dev)
{
 8002188:	b508      	push	{r3, lr}
	LL_PWR_EnableVddIO2();
#endif
	z_stm32_hsem_unlock(CFG_HW_RCC_SEMID);
#endif

	return pm_device_driver_init(dev, stm32_gpioport_pm_action);
 800218a:	4902      	ldr	r1, [pc, #8]	@ (8002194 <stm32_gpioport_init+0xc>)
 800218c:	f006 f831 	bl	80081f2 <pm_device_driver_init>
}
 8002190:	bd08      	pop	{r3, pc}
 8002192:	bf00      	nop
 8002194:	08002135 	.word	0x08002135

08002198 <stm32_gpioport_get>:
{
 8002198:	b510      	push	{r4, lr}
	if (port_index >= ARRAY_SIZE(gpio_ports)) {
 800219a:	2819      	cmp	r0, #25
 800219c:	d808      	bhi.n	80021b0 <stm32_gpioport_get+0x18>
	dev = gpio_ports[port_index];
 800219e:	4b06      	ldr	r3, [pc, #24]	@ (80021b8 <stm32_gpioport_get+0x20>)
 80021a0:	f853 4020 	ldr.w	r4, [r3, r0, lsl #2]
 80021a4:	4620      	mov	r0, r4
 80021a6:	f007 fab5 	bl	8009714 <z_impl_device_is_ready>
	return device_is_ready(dev) ? dev : NULL;
 80021aa:	b118      	cbz	r0, 80021b4 <stm32_gpioport_get+0x1c>
}
 80021ac:	4620      	mov	r0, r4
 80021ae:	bd10      	pop	{r4, pc}
		return NULL;
 80021b0:	2400      	movs	r4, #0
 80021b2:	e7fb      	b.n	80021ac <stm32_gpioport_get+0x14>
	return device_is_ready(dev) ? dev : NULL;
 80021b4:	2400      	movs	r4, #0
 80021b6:	e7f9      	b.n	80021ac <stm32_gpioport_get+0x14>
 80021b8:	0800b538 	.word	0x0800b538

080021bc <soc_early_init_hook>:
  * @rmtoll FLASH_ACR    PRFTEN        LL_FLASH_EnablePrefetch
  * @retval None
  */
__STATIC_INLINE void LL_FLASH_EnablePrefetch(void)
{
  SET_BIT(FLASH->ACR, FLASH_ACR_PRFTEN);
 80021bc:	4b08      	ldr	r3, [pc, #32]	@ (80021e0 <soc_early_init_hook+0x24>)
 80021be:	681a      	ldr	r2, [r3, #0]
 80021c0:	f442 7280 	orr.w	r2, r2, #256	@ 0x100
 80021c4:	601a      	str	r2, [r3, #0]
  * @rmtoll FLASH_ACR    ICEN          LL_FLASH_EnableInstCache
  * @retval None
  */
__STATIC_INLINE void LL_FLASH_EnableInstCache(void)
{
  SET_BIT(FLASH->ACR, FLASH_ACR_ICEN);
 80021c6:	681a      	ldr	r2, [r3, #0]
 80021c8:	f442 7200 	orr.w	r2, r2, #512	@ 0x200
 80021cc:	601a      	str	r2, [r3, #0]
  * @rmtoll FLASH_ACR    DCEN          LL_FLASH_EnableDataCache
  * @retval None
  */
__STATIC_INLINE void LL_FLASH_EnableDataCache(void)
{
  SET_BIT(FLASH->ACR, FLASH_ACR_DCEN);
 80021ce:	681a      	ldr	r2, [r3, #0]
 80021d0:	f442 6280 	orr.w	r2, r2, #1024	@ 0x400
 80021d4:	601a      	str	r2, [r3, #0]
	LL_FLASH_EnableInstCache();
	LL_FLASH_EnableDataCache();

	/* Update CMSIS SystemCoreClock variable (HCLK) */
	/* At reset, system core clock is set to 16 MHz from HSI */
	SystemCoreClock = 16000000;
 80021d6:	4b03      	ldr	r3, [pc, #12]	@ (80021e4 <soc_early_init_hook+0x28>)
 80021d8:	4a03      	ldr	r2, [pc, #12]	@ (80021e8 <soc_early_init_hook+0x2c>)
 80021da:	601a      	str	r2, [r3, #0]
#if CONFIG_PM
	stm32_power_init();
#endif
}
 80021dc:	4770      	bx	lr
 80021de:	bf00      	nop
 80021e0:	40023c00 	.word	0x40023c00
 80021e4:	20000108 	.word	0x20000108
 80021e8:	00f42400 	.word	0x00f42400

080021ec <msg_process>:
		return true;
	}
}

static void msg_process(union log_msg_generic *msg)
{
 80021ec:	b538      	push	{r3, r4, r5, lr}
 80021ee:	4605      	mov	r5, r0
	STRUCT_SECTION_FOREACH(log_backend, backend) {
 80021f0:	4c0b      	ldr	r4, [pc, #44]	@ (8002220 <msg_process+0x34>)
 80021f2:	e000      	b.n	80021f6 <msg_process+0xa>
 80021f4:	3410      	adds	r4, #16
 80021f6:	4b0b      	ldr	r3, [pc, #44]	@ (8002224 <msg_process+0x38>)
 80021f8:	429c      	cmp	r4, r3
 80021fa:	d20f      	bcs.n	800221c <msg_process+0x30>
 */
static inline bool log_backend_is_active(
				const struct log_backend *const backend)
{
	__ASSERT_NO_MSG(backend != NULL);
	return backend->cb->active;
 80021fc:	6863      	ldr	r3, [r4, #4]
 80021fe:	795b      	ldrb	r3, [r3, #5]
		if (log_backend_is_active(backend) &&
 8002200:	2b00      	cmp	r3, #0
 8002202:	d0f7      	beq.n	80021f4 <msg_process+0x8>
		    msg_filter_check(backend, msg)) {
 8002204:	4629      	mov	r1, r5
 8002206:	4620      	mov	r0, r4
 8002208:	f006 f8f0 	bl	80083ec <msg_filter_check>
		if (log_backend_is_active(backend) &&
 800220c:	2800      	cmp	r0, #0
 800220e:	d0f1      	beq.n	80021f4 <msg_process+0x8>
	backend->api->process(backend, msg);
 8002210:	6823      	ldr	r3, [r4, #0]
 8002212:	681b      	ldr	r3, [r3, #0]
 8002214:	4629      	mov	r1, r5
 8002216:	4620      	mov	r0, r4
 8002218:	4798      	blx	r3
}
 800221a:	e7eb      	b.n	80021f4 <msg_process+0x8>
			log_backend_msg_process(backend, msg);
		}
	}
}
 800221c:	bd38      	pop	{r3, r4, r5, pc}
 800221e:	bf00      	nop
 8002220:	0800a434 	.word	0x0800a434
 8002224:	0800a444 	.word	0x0800a444

08002228 <log_backend_notify_all>:
	return mpsc_pbuf_get_max_utilization(&log_buffer, max);
}

static void log_backend_notify_all(enum log_backend_evt event,
				   union log_backend_evt_arg *arg)
{
 8002228:	b570      	push	{r4, r5, r6, lr}
 800222a:	4606      	mov	r6, r0
 800222c:	460d      	mov	r5, r1
	STRUCT_SECTION_FOREACH(log_backend, backend) {
 800222e:	4c08      	ldr	r4, [pc, #32]	@ (8002250 <log_backend_notify_all+0x28>)
 8002230:	e000      	b.n	8002234 <log_backend_notify_all+0xc>
 8002232:	3410      	adds	r4, #16
 8002234:	4b07      	ldr	r3, [pc, #28]	@ (8002254 <log_backend_notify_all+0x2c>)
 8002236:	429c      	cmp	r4, r3
 8002238:	d208      	bcs.n	800224c <log_backend_notify_all+0x24>
				      enum log_backend_evt event,
				      union log_backend_evt_arg *arg)
{
	__ASSERT_NO_MSG(backend != NULL);

	if (backend->api->notify) {
 800223a:	6823      	ldr	r3, [r4, #0]
 800223c:	699b      	ldr	r3, [r3, #24]
 800223e:	2b00      	cmp	r3, #0
 8002240:	d0f7      	beq.n	8002232 <log_backend_notify_all+0xa>
		backend->api->notify(backend, event, arg);
 8002242:	462a      	mov	r2, r5
 8002244:	4631      	mov	r1, r6
 8002246:	4620      	mov	r0, r4
 8002248:	4798      	blx	r3
 800224a:	e7f2      	b.n	8002232 <log_backend_notify_all+0xa>
		log_backend_notify(backend, event, arg);
	}
}
 800224c:	bd70      	pop	{r4, r5, r6, pc}
 800224e:	bf00      	nop
 8002250:	0800a434 	.word	0x0800a434
 8002254:	0800a444 	.word	0x0800a444

08002258 <default_lf_get_timestamp>:
{
 8002258:	b508      	push	{r3, lr}
	return z_impl_k_uptime_ticks();
 800225a:	f007 fcb2 	bl	8009bc2 <z_impl_k_uptime_ticks>
	return k_ticks_to_ms_floor64(k_uptime_ticks());
 800225e:	2200      	movs	r2, #0
 8002260:	1843      	adds	r3, r0, r1
 8002262:	d219      	bcs.n	8002298 <default_lf_get_timestamp+0x40>
 8002264:	4413      	add	r3, r2
 8002266:	4a0d      	ldr	r2, [pc, #52]	@ (800229c <default_lf_get_timestamp+0x44>)
 8002268:	fba2 ce03 	umull	ip, lr, r2, r3
 800226c:	f02e 0c03 	bic.w	ip, lr, #3
 8002270:	eb0c 0c9e 	add.w	ip, ip, lr, lsr #2
 8002274:	eba3 030c 	sub.w	r3, r3, ip
 8002278:	1ac0      	subs	r0, r0, r3
 800227a:	f161 0100 	sbc.w	r1, r1, #0
 800227e:	f04f 33cc 	mov.w	r3, #3435973836	@ 0xcccccccc
 8002282:	fb00 f303 	mul.w	r3, r0, r3
 8002286:	fb02 3301 	mla	r3, r2, r1, r3
 800228a:	fba0 0202 	umull	r0, r2, r0, r2
 800228e:	4413      	add	r3, r2
 8002290:	0840      	lsrs	r0, r0, #1
}
 8002292:	ea40 70c3 	orr.w	r0, r0, r3, lsl #31
 8002296:	bd08      	pop	{r3, pc}
 8002298:	2201      	movs	r2, #1
 800229a:	e7e3      	b.n	8002264 <default_lf_get_timestamp+0xc>
 800229c:	cccccccd 	.word	0xcccccccd

080022a0 <activate_foreach_backend>:
{
 80022a0:	e92d 41f0 	stmdb	sp!, {r4, r5, r6, r7, r8, lr}
 80022a4:	4607      	mov	r7, r0
	uint32_t mask_cpy = mask;
 80022a6:	4605      	mov	r5, r0
	while (mask_cpy) {
 80022a8:	e00a      	b.n	80022c0 <activate_foreach_backend+0x20>
			mask &= ~BIT(i);
 80022aa:	ea07 0708 	and.w	r7, r7, r8
			log_backend_enable(backend, backend->cb->ctx, level);
 80022ae:	4b14      	ldr	r3, [pc, #80]	@ (8002300 <activate_foreach_backend+0x60>)
 80022b0:	eb03 1306 	add.w	r3, r3, r6, lsl #4
 80022b4:	685b      	ldr	r3, [r3, #4]
 80022b6:	2204      	movs	r2, #4
 80022b8:	6819      	ldr	r1, [r3, #0]
 80022ba:	4620      	mov	r0, r4
 80022bc:	f006 f8d6 	bl	800846c <log_backend_enable>
	while (mask_cpy) {
 80022c0:	b1d5      	cbz	r5, 80022f8 <activate_foreach_backend+0x58>
		uint32_t i = __builtin_ctz(mask_cpy);
 80022c2:	fa95 f6a5 	rbit	r6, r5
 80022c6:	fab6 f686 	clz	r6, r6
	STRUCT_SECTION_GET(log_backend, idx, &backend);
 80022ca:	4c0d      	ldr	r4, [pc, #52]	@ (8002300 <activate_foreach_backend+0x60>)
 80022cc:	eb04 1406 	add.w	r4, r4, r6, lsl #4
		mask_cpy &= ~BIT(i);
 80022d0:	2301      	movs	r3, #1
 80022d2:	40b3      	lsls	r3, r6
 80022d4:	ea6f 0803 	mvn.w	r8, r3
 80022d8:	ea25 0503 	bic.w	r5, r5, r3
		if (backend->autostart && (log_backend_is_ready(backend) == 0)) {
 80022dc:	7b23      	ldrb	r3, [r4, #12]
 80022de:	2b00      	cmp	r3, #0
 80022e0:	d0ee      	beq.n	80022c0 <activate_foreach_backend+0x20>
	if (backend->api->is_ready != NULL) {
 80022e2:	0133      	lsls	r3, r6, #4
 80022e4:	4a06      	ldr	r2, [pc, #24]	@ (8002300 <activate_foreach_backend+0x60>)
 80022e6:	58d3      	ldr	r3, [r2, r3]
 80022e8:	691b      	ldr	r3, [r3, #16]
 80022ea:	2b00      	cmp	r3, #0
 80022ec:	d0dd      	beq.n	80022aa <activate_foreach_backend+0xa>
		return backend->api->is_ready(backend);
 80022ee:	4620      	mov	r0, r4
 80022f0:	4798      	blx	r3
 80022f2:	2800      	cmp	r0, #0
 80022f4:	d1e4      	bne.n	80022c0 <activate_foreach_backend+0x20>
 80022f6:	e7d8      	b.n	80022aa <activate_foreach_backend+0xa>
}
 80022f8:	4638      	mov	r0, r7
 80022fa:	e8bd 81f0 	ldmia.w	sp!, {r4, r5, r6, r7, r8, pc}
 80022fe:	bf00      	nop
 8002300:	0800a434 	.word	0x0800a434

08002304 <z_log_init>:
{
 8002304:	e92d 41f0 	stmdb	sp!, {r4, r5, r6, r7, r8, lr}
 8002308:	4680      	mov	r8, r0
 800230a:	460f      	mov	r7, r1
					   __ATOMIC_SEQ_CST);
}

static inline atomic_val_t atomic_add(atomic_t *target, atomic_val_t value)
{
	return __atomic_fetch_add(target, value, __ATOMIC_SEQ_CST);
 800230c:	4b1f      	ldr	r3, [pc, #124]	@ (800238c <z_log_init+0x88>)
 800230e:	f3bf 8f5b 	dmb	ish
 8002312:	e853 5f00 	ldrex	r5, [r3]
 8002316:	1c6a      	adds	r2, r5, #1
 8002318:	e843 2100 	strex	r1, r2, [r3]
 800231c:	2900      	cmp	r1, #0
 800231e:	d1f8      	bne.n	8002312 <z_log_init+0xe>
 8002320:	f3bf 8f5b 	dmb	ish
	if (atomic_inc(&initialized) != 0) {
 8002324:	bb6d      	cbnz	r5, 8002382 <z_log_init+0x7e>
	STRUCT_SECTION_FOREACH(log_backend, backend) {
 8002326:	4c1a      	ldr	r4, [pc, #104]	@ (8002390 <z_log_init+0x8c>)
	int backend_index = 0;
 8002328:	2600      	movs	r6, #0
 800232a:	e007      	b.n	800233c <z_log_init+0x38>
				log_backend_enable(backend, backend->cb->ctx, level);
 800232c:	6863      	ldr	r3, [r4, #4]
 800232e:	2204      	movs	r2, #4
 8002330:	6819      	ldr	r1, [r3, #0]
 8002332:	4620      	mov	r0, r4
 8002334:	f006 f89a 	bl	800846c <log_backend_enable>
		++backend_index;
 8002338:	3601      	adds	r6, #1
	STRUCT_SECTION_FOREACH(log_backend, backend) {
 800233a:	3410      	adds	r4, #16
 800233c:	4b15      	ldr	r3, [pc, #84]	@ (8002394 <z_log_init+0x90>)
 800233e:	429c      	cmp	r4, r3
 8002340:	d211      	bcs.n	8002366 <z_log_init+0x62>
		if (backend->autostart) {
 8002342:	7b23      	ldrb	r3, [r4, #12]
 8002344:	2b00      	cmp	r3, #0
 8002346:	d0f7      	beq.n	8002338 <z_log_init+0x34>
			log_backend_init(backend);
 8002348:	4620      	mov	r0, r4
 800234a:	f006 f843 	bl	80083d4 <log_backend_init>
	if (backend->api->is_ready != NULL) {
 800234e:	6823      	ldr	r3, [r4, #0]
 8002350:	691b      	ldr	r3, [r3, #16]
 8002352:	2b00      	cmp	r3, #0
 8002354:	d0ea      	beq.n	800232c <z_log_init+0x28>
		return backend->api->is_ready(backend);
 8002356:	4620      	mov	r0, r4
 8002358:	4798      	blx	r3
			if (log_backend_is_ready(backend) == 0) {
 800235a:	2800      	cmp	r0, #0
 800235c:	d0e6      	beq.n	800232c <z_log_init+0x28>
				mask |= BIT(backend_index);
 800235e:	2301      	movs	r3, #1
 8002360:	40b3      	lsls	r3, r6
 8002362:	431d      	orrs	r5, r3
 8002364:	e7e8      	b.n	8002338 <z_log_init+0x34>
	if (blocking) {
 8002366:	f1b8 0f00 	cmp.w	r8, #0
 800236a:	d00b      	beq.n	8002384 <z_log_init+0x80>
		while (mask) {
 800236c:	b155      	cbz	r5, 8002384 <z_log_init+0x80>
			mask = activate_foreach_backend(mask);
 800236e:	4628      	mov	r0, r5
 8002370:	f7ff ff96 	bl	80022a0 <activate_foreach_backend>
 8002374:	4605      	mov	r5, r0
			if (IS_ENABLED(CONFIG_MULTITHREADING) && can_sleep) {
 8002376:	2f00      	cmp	r7, #0
 8002378:	d0f8      	beq.n	800236c <z_log_init+0x68>
				k_msleep(10);
 800237a:	200a      	movs	r0, #10
 800237c:	f006 f838 	bl	80083f0 <k_msleep>
 8002380:	e7f4      	b.n	800236c <z_log_init+0x68>
		return 0;
 8002382:	2500      	movs	r5, #0
}
 8002384:	4628      	mov	r0, r5
 8002386:	e8bd 81f0 	ldmia.w	sp!, {r4, r5, r6, r7, r8, pc}
 800238a:	bf00      	nop
 800238c:	20000fec 	.word	0x20000fec
 8002390:	0800a434 	.word	0x0800a434
 8002394:	0800a444 	.word	0x0800a444

08002398 <thread_set>:
{
 8002398:	b508      	push	{r3, lr}
	proc_tid = process_tid;
 800239a:	4b06      	ldr	r3, [pc, #24]	@ (80023b4 <thread_set+0x1c>)
 800239c:	6018      	str	r0, [r3, #0]
	if (CONFIG_LOG_PROCESS_TRIGGER_THRESHOLD &&
 800239e:	b118      	cbz	r0, 80023a8 <thread_set+0x10>
	    buffered_cnt >= CONFIG_LOG_PROCESS_TRIGGER_THRESHOLD) {
 80023a0:	4b05      	ldr	r3, [pc, #20]	@ (80023b8 <thread_set+0x20>)
 80023a2:	681b      	ldr	r3, [r3, #0]
	    process_tid &&
 80023a4:	2b09      	cmp	r3, #9
 80023a6:	dc00      	bgt.n	80023aa <thread_set+0x12>
}
 80023a8:	bd08      	pop	{r3, pc}
	z_impl_k_sem_give(sem);
 80023aa:	4804      	ldr	r0, [pc, #16]	@ (80023bc <thread_set+0x24>)
 80023ac:	f003 fa28 	bl	8005800 <z_impl_k_sem_give>
}
 80023b0:	e7fa      	b.n	80023a8 <thread_set+0x10>
 80023b2:	bf00      	nop
 80023b4:	20000fe0 	.word	0x20000fe0
 80023b8:	20000fe8 	.word	0x20000fe8
 80023bc:	200001f0 	.word	0x200001f0

080023c0 <log_process_thread_timer_expiry_fn>:

static void log_process_thread_timer_expiry_fn(struct k_timer *timer)
{
 80023c0:	b508      	push	{r3, lr}
	z_impl_k_sem_give(sem);
 80023c2:	4802      	ldr	r0, [pc, #8]	@ (80023cc <log_process_thread_timer_expiry_fn+0xc>)
 80023c4:	f003 fa1c 	bl	8005800 <z_impl_k_sem_give>
	k_sem_give(&log_process_thread_sem);
}
 80023c8:	bd08      	pop	{r3, pc}
 80023ca:	bf00      	nop
 80023cc:	200001f0 	.word	0x200001f0

080023d0 <enable_logger>:

K_KERNEL_STACK_DEFINE(logging_stack, CONFIG_LOG_PROCESS_THREAD_STACK_SIZE);
struct k_thread logging_thread;

static int enable_logger(void)
{
 80023d0:	b530      	push	{r4, r5, lr}
 80023d2:	b089      	sub	sp, #36	@ 0x24
	if (IS_ENABLED(CONFIG_LOG_PROCESS_THREAD)) {
		k_timer_init(&log_process_thread_timer,
 80023d4:	2200      	movs	r2, #0
 80023d6:	490f      	ldr	r1, [pc, #60]	@ (8002414 <enable_logger+0x44>)
 80023d8:	480f      	ldr	r0, [pc, #60]	@ (8002418 <enable_logger+0x48>)
 80023da:	f007 fbf6 	bl	8009bca <k_timer_init>
	return z_impl_k_thread_create(new_thread, stack, stack_size, entry, p1, p2, p3, prio, options, delay);
 80023de:	4d0f      	ldr	r5, [pc, #60]	@ (800241c <enable_logger+0x4c>)
 80023e0:	2200      	movs	r2, #0
 80023e2:	2300      	movs	r3, #0
 80023e4:	e9cd 2306 	strd	r2, r3, [sp, #24]
 80023e8:	2400      	movs	r4, #0
 80023ea:	9404      	str	r4, [sp, #16]
 80023ec:	230e      	movs	r3, #14
 80023ee:	9303      	str	r3, [sp, #12]
 80023f0:	9402      	str	r4, [sp, #8]
 80023f2:	9401      	str	r4, [sp, #4]
 80023f4:	9400      	str	r4, [sp, #0]
 80023f6:	4b0a      	ldr	r3, [pc, #40]	@ (8002420 <enable_logger+0x50>)
 80023f8:	f44f 7240 	mov.w	r2, #768	@ 0x300
 80023fc:	4909      	ldr	r1, [pc, #36]	@ (8002424 <enable_logger+0x54>)
 80023fe:	4628      	mov	r0, r5
 8002400:	f007 fa0f 	bl	8009822 <z_impl_k_thread_create>
	return z_impl_k_thread_name_set(thread, str);
 8002404:	4908      	ldr	r1, [pc, #32]	@ (8002428 <enable_logger+0x58>)
 8002406:	4628      	mov	r0, r5
 8002408:	f003 fa6c 	bl	80058e4 <z_impl_k_thread_name_set>
	} else {
		(void)z_log_init(false, false);
	}

	return 0;
}
 800240c:	4620      	mov	r0, r4
 800240e:	b009      	add	sp, #36	@ 0x24
 8002410:	bd30      	pop	{r4, r5, pc}
 8002412:	bf00      	nop
 8002414:	080023c1 	.word	0x080023c1
 8002418:	20000be8 	.word	0x20000be8
 800241c:	20000728 	.word	0x20000728
 8002420:	080027c1 	.word	0x080027c1
 8002424:	20001ec0 	.word	0x20001ec0
 8002428:	0800a98c 	.word	0x0800a98c

0800242c <log_format_func_t_get>:
}
 800242c:	4b01      	ldr	r3, [pc, #4]	@ (8002434 <log_format_func_t_get+0x8>)
 800242e:	f853 0020 	ldr.w	r0, [r3, r0, lsl #2]
 8002432:	4770      	bx	lr
 8002434:	0800b5b4 	.word	0x0800b5b4

08002438 <log_set_timestamp_func>:
	if (timestamp_getter == NULL) {
 8002438:	b148      	cbz	r0, 800244e <log_set_timestamp_func+0x16>
{
 800243a:	b508      	push	{r3, lr}
	timestamp_func = timestamp_getter;
 800243c:	4a05      	ldr	r2, [pc, #20]	@ (8002454 <log_set_timestamp_func+0x1c>)
 800243e:	6010      	str	r0, [r2, #0]
	timestamp_freq = freq;
 8002440:	4b05      	ldr	r3, [pc, #20]	@ (8002458 <log_set_timestamp_func+0x20>)
 8002442:	6019      	str	r1, [r3, #0]
		log_output_timestamp_freq_set(freq);
 8002444:	4608      	mov	r0, r1
 8002446:	f000 fd21 	bl	8002e8c <log_output_timestamp_freq_set>
	return 0;
 800244a:	2000      	movs	r0, #0
}
 800244c:	bd08      	pop	{r3, pc}
		return -EINVAL;
 800244e:	f06f 0015 	mvn.w	r0, #21
}
 8002452:	4770      	bx	lr
 8002454:	200000c4 	.word	0x200000c4
 8002458:	20000fdc 	.word	0x20000fdc

0800245c <z_log_notify_backend_enabled>:
{
 800245c:	b508      	push	{r3, lr}
	if (IS_ENABLED(CONFIG_LOG_PROCESS_THREAD) && !backend_attached) {
 800245e:	4b05      	ldr	r3, [pc, #20]	@ (8002474 <z_log_notify_backend_enabled+0x18>)
 8002460:	781b      	ldrb	r3, [r3, #0]
 8002462:	b11b      	cbz	r3, 800246c <z_log_notify_backend_enabled+0x10>
	backend_attached = true;
 8002464:	4b03      	ldr	r3, [pc, #12]	@ (8002474 <z_log_notify_backend_enabled+0x18>)
 8002466:	2201      	movs	r2, #1
 8002468:	701a      	strb	r2, [r3, #0]
}
 800246a:	bd08      	pop	{r3, pc}
	z_impl_k_sem_give(sem);
 800246c:	4802      	ldr	r0, [pc, #8]	@ (8002478 <z_log_notify_backend_enabled+0x1c>)
 800246e:	f003 f9c7 	bl	8005800 <z_impl_k_sem_give>
}
 8002472:	e7f7      	b.n	8002464 <z_log_notify_backend_enabled+0x8>
 8002474:	2000110d 	.word	0x2000110d
 8002478:	200001f0 	.word	0x200001f0

0800247c <z_log_dropped>:
{
 800247c:	b508      	push	{r3, lr}
 800247e:	4b10      	ldr	r3, [pc, #64]	@ (80024c0 <z_log_dropped+0x44>)
 8002480:	f3bf 8f5b 	dmb	ish
 8002484:	e853 1f00 	ldrex	r1, [r3]
 8002488:	3101      	adds	r1, #1
 800248a:	e843 1200 	strex	r2, r1, [r3]
 800248e:	2a00      	cmp	r2, #0
 8002490:	d1f8      	bne.n	8002484 <z_log_dropped+0x8>
 8002492:	f3bf 8f5b 	dmb	ish
	if (buffered) {
 8002496:	b930      	cbnz	r0, 80024a6 <z_log_dropped+0x2a>
	z_impl_k_timer_stop(timer);
 8002498:	480a      	ldr	r0, [pc, #40]	@ (80024c4 <z_log_dropped+0x48>)
 800249a:	f004 f9cb 	bl	8006834 <z_impl_k_timer_stop>
	z_impl_k_sem_give(sem);
 800249e:	480a      	ldr	r0, [pc, #40]	@ (80024c8 <z_log_dropped+0x4c>)
 80024a0:	f003 f9ae 	bl	8005800 <z_impl_k_sem_give>
}
 80024a4:	bd08      	pop	{r3, pc}
}

static inline atomic_val_t atomic_sub(atomic_t *target, atomic_val_t value)
{
	return __atomic_fetch_sub(target, value, __ATOMIC_SEQ_CST);
 80024a6:	4b09      	ldr	r3, [pc, #36]	@ (80024cc <z_log_dropped+0x50>)
 80024a8:	f3bf 8f5b 	dmb	ish
 80024ac:	e853 1f00 	ldrex	r1, [r3]
 80024b0:	3901      	subs	r1, #1
 80024b2:	e843 1200 	strex	r2, r1, [r3]
 80024b6:	2a00      	cmp	r2, #0
 80024b8:	d1f8      	bne.n	80024ac <z_log_dropped+0x30>
 80024ba:	f3bf 8f5b 	dmb	ish
	return atomic_add(target, 1);
}

static inline atomic_val_t atomic_dec(atomic_t *target)
{
	return atomic_sub(target, 1);
 80024be:	e7eb      	b.n	8002498 <z_log_dropped+0x1c>
 80024c0:	20000fe4 	.word	0x20000fe4
 80024c4:	20000be8 	.word	0x20000be8
 80024c8:	200001f0 	.word	0x200001f0
 80024cc:	20000fe8 	.word	0x20000fe8

080024d0 <z_log_dropped_read_and_clear>:
{
	/* This builtin, as described by Intel, is not a traditional
	 * test-and-set operation, but rather an atomic exchange operation. It
	 * writes value into *ptr, and returns the previous contents of *ptr.
	 */
	return __atomic_exchange_n(target, value, __ATOMIC_SEQ_CST);
 80024d0:	4b06      	ldr	r3, [pc, #24]	@ (80024ec <z_log_dropped_read_and_clear+0x1c>)
}
 80024d2:	2200      	movs	r2, #0
 80024d4:	f3bf 8f5b 	dmb	ish
 80024d8:	e853 0f00 	ldrex	r0, [r3]
 80024dc:	e843 2100 	strex	r1, r2, [r3]
 80024e0:	2900      	cmp	r1, #0
 80024e2:	d1f9      	bne.n	80024d8 <z_log_dropped_read_and_clear+0x8>
 80024e4:	f3bf 8f5b 	dmb	ish
 80024e8:	4770      	bx	lr
 80024ea:	bf00      	nop
 80024ec:	20000fe4 	.word	0x20000fe4

080024f0 <dropped_notify>:
{
 80024f0:	b538      	push	{r3, r4, r5, lr}
	uint32_t dropped = z_log_dropped_read_and_clear();
 80024f2:	f7ff ffed 	bl	80024d0 <z_log_dropped_read_and_clear>
 80024f6:	4605      	mov	r5, r0
	STRUCT_SECTION_FOREACH(log_backend, backend) {
 80024f8:	4c09      	ldr	r4, [pc, #36]	@ (8002520 <dropped_notify+0x30>)
 80024fa:	e000      	b.n	80024fe <dropped_notify+0xe>
 80024fc:	3410      	adds	r4, #16
 80024fe:	4b09      	ldr	r3, [pc, #36]	@ (8002524 <dropped_notify+0x34>)
 8002500:	429c      	cmp	r4, r3
 8002502:	d20b      	bcs.n	800251c <dropped_notify+0x2c>
	return backend->cb->active;
 8002504:	6863      	ldr	r3, [r4, #4]
 8002506:	795b      	ldrb	r3, [r3, #5]
		if (log_backend_is_active(backend)) {
 8002508:	2b00      	cmp	r3, #0
 800250a:	d0f7      	beq.n	80024fc <dropped_notify+0xc>
	if (backend->api->dropped != NULL) {
 800250c:	6823      	ldr	r3, [r4, #0]
 800250e:	685b      	ldr	r3, [r3, #4]
 8002510:	2b00      	cmp	r3, #0
 8002512:	d0f3      	beq.n	80024fc <dropped_notify+0xc>
		backend->api->dropped(backend, cnt);
 8002514:	4629      	mov	r1, r5
 8002516:	4620      	mov	r0, r4
 8002518:	4798      	blx	r3
 800251a:	e7ef      	b.n	80024fc <dropped_notify+0xc>
}
 800251c:	bd38      	pop	{r3, r4, r5, pc}
 800251e:	bf00      	nop
 8002520:	0800a434 	.word	0x0800a434
 8002524:	0800a444 	.word	0x0800a444

08002528 <z_log_dropped_pending>:
	return dropped_cnt > 0;
 8002528:	4b03      	ldr	r3, [pc, #12]	@ (8002538 <z_log_dropped_pending+0x10>)
 800252a:	6818      	ldr	r0, [r3, #0]
}
 800252c:	2800      	cmp	r0, #0
 800252e:	bfd4      	ite	le
 8002530:	2000      	movle	r0, #0
 8002532:	2001      	movgt	r0, #1
 8002534:	4770      	bx	lr
 8002536:	bf00      	nop
 8002538:	20000fe4 	.word	0x20000fe4

0800253c <z_log_msg_init>:
{
 800253c:	b510      	push	{r4, lr}
	mpsc_pbuf_init(&log_buffer, &mpsc_config);
 800253e:	4c04      	ldr	r4, [pc, #16]	@ (8002550 <z_log_msg_init+0x14>)
 8002540:	4904      	ldr	r1, [pc, #16]	@ (8002554 <z_log_msg_init+0x18>)
 8002542:	4620      	mov	r0, r4
 8002544:	f005 fca3 	bl	8007e8e <mpsc_pbuf_init>
	curr_log_buffer = &log_buffer;
 8002548:	4b03      	ldr	r3, [pc, #12]	@ (8002558 <z_log_msg_init+0x1c>)
 800254a:	601c      	str	r4, [r3, #0]
}
 800254c:	bd10      	pop	{r4, pc}
 800254e:	bf00      	nop
 8002550:	20000138 	.word	0x20000138
 8002554:	0800b5a0 	.word	0x0800b5a0
 8002558:	20000fd8 	.word	0x20000fd8

0800255c <log_core_init>:
{
 800255c:	b508      	push	{r3, lr}
	panic_mode = false;
 800255e:	2300      	movs	r3, #0
 8002560:	4a0c      	ldr	r2, [pc, #48]	@ (8002594 <log_core_init+0x38>)
 8002562:	7013      	strb	r3, [r2, #0]
	dropped_cnt = 0;
 8002564:	4a0c      	ldr	r2, [pc, #48]	@ (8002598 <log_core_init+0x3c>)
 8002566:	6013      	str	r3, [r2, #0]
	buffered_cnt = 0;
 8002568:	4a0c      	ldr	r2, [pc, #48]	@ (800259c <log_core_init+0x40>)
 800256a:	6013      	str	r3, [r2, #0]
		log_set_timestamp_func(default_lf_get_timestamp, 1000U);
 800256c:	f44f 717a 	mov.w	r1, #1000	@ 0x3e8
 8002570:	480b      	ldr	r0, [pc, #44]	@ (80025a0 <log_core_init+0x44>)
 8002572:	f7ff ff61 	bl	8002438 <log_set_timestamp_func>
		z_log_msg_init();
 8002576:	f7ff ffe1 	bl	800253c <z_log_msg_init>
	STRUCT_SECTION_FOREACH(log_backend, backend) {
 800257a:	4a0a      	ldr	r2, [pc, #40]	@ (80025a4 <log_core_init+0x48>)
 800257c:	e006      	b.n	800258c <log_core_init+0x30>
		id += backend - log_backend_get(0);
 800257e:	4b09      	ldr	r3, [pc, #36]	@ (80025a4 <log_core_init+0x48>)
 8002580:	1ad3      	subs	r3, r2, r3
 8002582:	111b      	asrs	r3, r3, #4
 8002584:	3301      	adds	r3, #1
	backend->cb->id = id;
 8002586:	6851      	ldr	r1, [r2, #4]
 8002588:	710b      	strb	r3, [r1, #4]
	STRUCT_SECTION_FOREACH(log_backend, backend) {
 800258a:	3210      	adds	r2, #16
 800258c:	4b06      	ldr	r3, [pc, #24]	@ (80025a8 <log_core_init+0x4c>)
 800258e:	429a      	cmp	r2, r3
 8002590:	d3f5      	bcc.n	800257e <log_core_init+0x22>
}
 8002592:	bd08      	pop	{r3, pc}
 8002594:	2000110e 	.word	0x2000110e
 8002598:	20000fe4 	.word	0x20000fe4
 800259c:	20000fe8 	.word	0x20000fe8
 80025a0:	08002259 	.word	0x08002259
 80025a4:	0800a434 	.word	0x0800a434
 80025a8:	0800a444 	.word	0x0800a444

080025ac <z_log_msg_alloc>:
{
 80025ac:	b508      	push	{r3, lr}
 80025ae:	4601      	mov	r1, r0
	return msg_alloc(&log_buffer, wlen);
 80025b0:	4801      	ldr	r0, [pc, #4]	@ (80025b8 <z_log_msg_alloc+0xc>)
 80025b2:	f005 ff2d 	bl	8008410 <msg_alloc>
}
 80025b6:	bd08      	pop	{r3, pc}
 80025b8:	20000138 	.word	0x20000138

080025bc <z_log_msg_local_claim>:
{
 80025bc:	b508      	push	{r3, lr}
	return (union log_msg_generic *)mpsc_pbuf_claim(&log_buffer);
 80025be:	4802      	ldr	r0, [pc, #8]	@ (80025c8 <z_log_msg_local_claim+0xc>)
 80025c0:	f005 fd48 	bl	8008054 <mpsc_pbuf_claim>
}
 80025c4:	bd08      	pop	{r3, pc}
 80025c6:	bf00      	nop
 80025c8:	20000138 	.word	0x20000138

080025cc <z_log_msg_free>:
{
 80025cc:	b508      	push	{r3, lr}
 80025ce:	4601      	mov	r1, r0
	msg_free(curr_log_buffer, msg);
 80025d0:	4b02      	ldr	r3, [pc, #8]	@ (80025dc <z_log_msg_free+0x10>)
 80025d2:	6818      	ldr	r0, [r3, #0]
 80025d4:	f005 ff22 	bl	800841c <msg_free>
}
 80025d8:	bd08      	pop	{r3, pc}
 80025da:	bf00      	nop
 80025dc:	20000fd8 	.word	0x20000fd8

080025e0 <z_log_msg_pending>:
{
 80025e0:	b508      	push	{r3, lr}
		return msg_pending(&log_buffer);
 80025e2:	4802      	ldr	r0, [pc, #8]	@ (80025ec <z_log_msg_pending+0xc>)
 80025e4:	f005 ff1e 	bl	8008424 <msg_pending>
}
 80025e8:	bd08      	pop	{r3, pc}
 80025ea:	bf00      	nop
 80025ec:	20000138 	.word	0x20000138

080025f0 <z_impl_log_process>:
{
 80025f0:	b510      	push	{r4, lr}
 80025f2:	b082      	sub	sp, #8
	k_timeout_t backoff = K_NO_WAIT;
 80025f4:	2200      	movs	r2, #0
 80025f6:	2300      	movs	r3, #0
 80025f8:	e9cd 2300 	strd	r2, r3, [sp]
	if (!backend_attached) {
 80025fc:	4b30      	ldr	r3, [pc, #192]	@ (80026c0 <z_impl_log_process+0xd0>)
 80025fe:	7818      	ldrb	r0, [r3, #0]
 8002600:	b908      	cbnz	r0, 8002606 <z_impl_log_process+0x16>
}
 8002602:	b002      	add	sp, #8
 8002604:	bd10      	pop	{r4, pc}
	msg = z_log_msg_claim(&backoff);
 8002606:	4668      	mov	r0, sp
 8002608:	f005 ff24 	bl	8008454 <z_log_msg_claim>
	if (msg) {
 800260c:	4604      	mov	r4, r0
 800260e:	b180      	cbz	r0, 8002632 <z_impl_log_process+0x42>
		msg_process(msg);
 8002610:	f7ff fdec 	bl	80021ec <msg_process>
		z_log_msg_free(msg);
 8002614:	4620      	mov	r0, r4
 8002616:	f7ff ffd9 	bl	80025cc <z_log_msg_free>
	return __atomic_fetch_sub(target, value, __ATOMIC_SEQ_CST);
 800261a:	4b2a      	ldr	r3, [pc, #168]	@ (80026c4 <z_impl_log_process+0xd4>)
 800261c:	f3bf 8f5b 	dmb	ish
 8002620:	e853 1f00 	ldrex	r1, [r3]
 8002624:	3901      	subs	r1, #1
 8002626:	e843 1200 	strex	r2, r1, [r3]
 800262a:	2a00      	cmp	r2, #0
 800262c:	d1f8      	bne.n	8002620 <z_impl_log_process+0x30>
 800262e:	f3bf 8f5b 	dmb	ish
		bool dropped_pend = z_log_dropped_pending();
 8002632:	f7ff ff79 	bl	8002528 <z_log_dropped_pending>
		if ((dropped_pend || unordered_pend) &&
 8002636:	b970      	cbnz	r0, 8002656 <z_impl_log_process+0x66>
		last_failure_report += CONFIG_LOG_FAILURE_REPORT_PERIOD;
 8002638:	4a23      	ldr	r2, [pc, #140]	@ (80026c8 <z_impl_log_process+0xd8>)
 800263a:	6813      	ldr	r3, [r2, #0]
 800263c:	6851      	ldr	r1, [r2, #4]
 800263e:	f513 737a 	adds.w	r3, r3, #1000	@ 0x3e8
 8002642:	f141 0100 	adc.w	r1, r1, #0
 8002646:	6013      	str	r3, [r2, #0]
 8002648:	6051      	str	r1, [r2, #4]
	return msg != NULL && z_log_msg_pending();
 800264a:	b3a4      	cbz	r4, 80026b6 <z_impl_log_process+0xc6>
 800264c:	f7ff ffc8 	bl	80025e0 <z_log_msg_pending>
 8002650:	b398      	cbz	r0, 80026ba <z_impl_log_process+0xca>
 8002652:	2001      	movs	r0, #1
 8002654:	e7d5      	b.n	8002602 <z_impl_log_process+0x12>
	return z_impl_k_uptime_ticks();
 8002656:	f007 fab4 	bl	8009bc2 <z_impl_k_uptime_ticks>
 800265a:	2200      	movs	r2, #0
 800265c:	1843      	adds	r3, r0, r1
 800265e:	d228      	bcs.n	80026b2 <z_impl_log_process+0xc2>
 8002660:	4413      	add	r3, r2
 8002662:	4a1a      	ldr	r2, [pc, #104]	@ (80026cc <z_impl_log_process+0xdc>)
 8002664:	fba2 ce03 	umull	ip, lr, r2, r3
 8002668:	f02e 0c03 	bic.w	ip, lr, #3
 800266c:	eb0c 0c9e 	add.w	ip, ip, lr, lsr #2
 8002670:	eba3 030c 	sub.w	r3, r3, ip
 8002674:	1ac0      	subs	r0, r0, r3
 8002676:	f161 0100 	sbc.w	r1, r1, #0
 800267a:	f04f 33cc 	mov.w	r3, #3435973836	@ 0xcccccccc
 800267e:	fb00 f303 	mul.w	r3, r0, r3
 8002682:	fb02 3301 	mla	r3, r2, r1, r3
 8002686:	fba0 0202 	umull	r0, r2, r0, r2
 800268a:	4413      	add	r3, r2
 800268c:	0840      	lsrs	r0, r0, #1
 800268e:	ea40 70c3 	orr.w	r0, r0, r3, lsl #31
 8002692:	085b      	lsrs	r3, r3, #1
		   (k_uptime_get() - last_failure_report) > CONFIG_LOG_FAILURE_REPORT_PERIOD) {
 8002694:	490c      	ldr	r1, [pc, #48]	@ (80026c8 <z_impl_log_process+0xd8>)
 8002696:	680a      	ldr	r2, [r1, #0]
 8002698:	6849      	ldr	r1, [r1, #4]
 800269a:	1a80      	subs	r0, r0, r2
 800269c:	eb63 0301 	sbc.w	r3, r3, r1
		if ((dropped_pend || unordered_pend) &&
 80026a0:	f240 32e9 	movw	r2, #1001	@ 0x3e9
 80026a4:	4290      	cmp	r0, r2
 80026a6:	f173 0300 	sbcs.w	r3, r3, #0
 80026aa:	d3c5      	bcc.n	8002638 <z_impl_log_process+0x48>
				dropped_notify();
 80026ac:	f7ff ff20 	bl	80024f0 <dropped_notify>
			if (unordered_pend) {
 80026b0:	e7c2      	b.n	8002638 <z_impl_log_process+0x48>
 80026b2:	2201      	movs	r2, #1
 80026b4:	e7d4      	b.n	8002660 <z_impl_log_process+0x70>
	return msg != NULL && z_log_msg_pending();
 80026b6:	2000      	movs	r0, #0
 80026b8:	e7a3      	b.n	8002602 <z_impl_log_process+0x12>
 80026ba:	2000      	movs	r0, #0
 80026bc:	e7a1      	b.n	8002602 <z_impl_log_process+0x12>
 80026be:	bf00      	nop
 80026c0:	2000110d 	.word	0x2000110d
 80026c4:	20000fe8 	.word	0x20000fe8
 80026c8:	20000be0 	.word	0x20000be0
 80026cc:	cccccccd 	.word	0xcccccccd

080026d0 <z_impl_log_panic>:
	if (panic_mode) {
 80026d0:	4b0f      	ldr	r3, [pc, #60]	@ (8002710 <z_impl_log_panic+0x40>)
 80026d2:	781b      	ldrb	r3, [r3, #0]
 80026d4:	b103      	cbz	r3, 80026d8 <z_impl_log_panic+0x8>
 80026d6:	4770      	bx	lr
{
 80026d8:	b510      	push	{r4, lr}
	(void)z_log_init(true, false);
 80026da:	2100      	movs	r1, #0
 80026dc:	2001      	movs	r0, #1
 80026de:	f7ff fe11 	bl	8002304 <z_log_init>
	STRUCT_SECTION_FOREACH(log_backend, backend) {
 80026e2:	4c0c      	ldr	r4, [pc, #48]	@ (8002714 <z_impl_log_panic+0x44>)
 80026e4:	e000      	b.n	80026e8 <z_impl_log_panic+0x18>
 80026e6:	3410      	adds	r4, #16
 80026e8:	4b0b      	ldr	r3, [pc, #44]	@ (8002718 <z_impl_log_panic+0x48>)
 80026ea:	429c      	cmp	r4, r3
 80026ec:	d208      	bcs.n	8002700 <z_impl_log_panic+0x30>
	return backend->cb->active;
 80026ee:	6863      	ldr	r3, [r4, #4]
 80026f0:	795b      	ldrb	r3, [r3, #5]
		if (log_backend_is_active(backend)) {
 80026f2:	2b00      	cmp	r3, #0
 80026f4:	d0f7      	beq.n	80026e6 <z_impl_log_panic+0x16>
	backend->api->panic(backend);
 80026f6:	6823      	ldr	r3, [r4, #0]
 80026f8:	689b      	ldr	r3, [r3, #8]
 80026fa:	4620      	mov	r0, r4
 80026fc:	4798      	blx	r3
}
 80026fe:	e7f2      	b.n	80026e6 <z_impl_log_panic+0x16>
	if (z_syscall_trap()) {
		return (bool) arch_syscall_invoke0(K_SYSCALL_LOG_PROCESS);
	}
#endif
	compiler_barrier();
	return z_impl_log_process();
 8002700:	f7ff ff76 	bl	80025f0 <z_impl_log_process>
		while (log_process() == true) {
 8002704:	2800      	cmp	r0, #0
 8002706:	d1fb      	bne.n	8002700 <z_impl_log_panic+0x30>
	panic_mode = true;
 8002708:	4b01      	ldr	r3, [pc, #4]	@ (8002710 <z_impl_log_panic+0x40>)
 800270a:	2201      	movs	r2, #1
 800270c:	701a      	strb	r2, [r3, #0]
}
 800270e:	bd10      	pop	{r4, pc}
 8002710:	2000110e 	.word	0x2000110e
 8002714:	0800a434 	.word	0x0800a434
 8002718:	0800a444 	.word	0x0800a444

0800271c <z_log_msg_post_finalize>:
{
 800271c:	b510      	push	{r4, lr}
 800271e:	b082      	sub	sp, #8
	return __atomic_fetch_add(target, value, __ATOMIC_SEQ_CST);
 8002720:	4b1a      	ldr	r3, [pc, #104]	@ (800278c <z_log_msg_post_finalize+0x70>)
 8002722:	f3bf 8f5b 	dmb	ish
 8002726:	e853 2f00 	ldrex	r2, [r3]
 800272a:	1c51      	adds	r1, r2, #1
 800272c:	e843 1000 	strex	r0, r1, [r3]
 8002730:	2800      	cmp	r0, #0
 8002732:	d1f8      	bne.n	8002726 <z_log_msg_post_finalize+0xa>
 8002734:	f3bf 8f5b 	dmb	ish
	if (panic_mode) {
 8002738:	4b15      	ldr	r3, [pc, #84]	@ (8002790 <z_log_msg_post_finalize+0x74>)
 800273a:	781b      	ldrb	r3, [r3, #0]
 800273c:	b963      	cbnz	r3, 8002758 <z_log_msg_post_finalize+0x3c>
	} else if (proc_tid != NULL) {
 800273e:	4b15      	ldr	r3, [pc, #84]	@ (8002794 <z_log_msg_post_finalize+0x78>)
 8002740:	681b      	ldr	r3, [r3, #0]
 8002742:	b1b3      	cbz	r3, 8002772 <z_log_msg_post_finalize+0x56>
			if (cnt == 0) {
 8002744:	b1ba      	cbz	r2, 8002776 <z_log_msg_post_finalize+0x5a>
			} else if (CONFIG_LOG_PROCESS_TRIGGER_THRESHOLD &&
 8002746:	2a09      	cmp	r2, #9
 8002748:	d113      	bne.n	8002772 <z_log_msg_post_finalize+0x56>
	z_impl_k_timer_stop(timer);
 800274a:	4813      	ldr	r0, [pc, #76]	@ (8002798 <z_log_msg_post_finalize+0x7c>)
 800274c:	f004 f872 	bl	8006834 <z_impl_k_timer_stop>
	z_impl_k_sem_give(sem);
 8002750:	4812      	ldr	r0, [pc, #72]	@ (800279c <z_log_msg_post_finalize+0x80>)
 8002752:	f003 f855 	bl	8005800 <z_impl_k_sem_give>
}
 8002756:	e00c      	b.n	8002772 <z_log_msg_post_finalize+0x56>
 */
__STATIC_FORCEINLINE uint32_t __get_BASEPRI(void)
{
  uint32_t result;

  __ASM volatile ("MRS %0, basepri" : "=r" (result) );
 8002758:	f3ef 8411 	mrs	r4, BASEPRI
           or the new value increases the BASEPRI priority level.
  \param [in]    basePri  Base Priority value to set
 */
__STATIC_FORCEINLINE void __set_BASEPRI_MAX(uint32_t basePri)
{
  __ASM volatile ("MSR basepri_max, %0" : : "r" (basePri) : "memory");
 800275c:	2310      	movs	r3, #16
 800275e:	f383 8812 	msr	BASEPRI_MAX, r3
           so that all instructions following the ISB are fetched from cache or memory,
           after the instruction has been completed.
 */
__STATIC_FORCEINLINE void __ISB(void)
{
  __ASM volatile ("isb 0xF":::"memory");
 8002762:	f3bf 8f6f 	isb	sy
 8002766:	f7ff ff43 	bl	80025f0 <z_impl_log_process>
  __ASM volatile ("MSR basepri, %0" : : "r" (basePri) : "memory");
 800276a:	f384 8811 	msr	BASEPRI, r4
 800276e:	f3bf 8f6f 	isb	sy
 8002772:	b002      	add	sp, #8
 8002774:	bd10      	pop	{r4, pc}
	z_impl_k_timer_start(timer, duration, period);
 8002776:	2200      	movs	r2, #0
 8002778:	2300      	movs	r3, #0
 800277a:	e9cd 2300 	strd	r2, r3, [sp]
 800277e:	f242 7210 	movw	r2, #10000	@ 0x2710
 8002782:	2300      	movs	r3, #0
 8002784:	4804      	ldr	r0, [pc, #16]	@ (8002798 <z_log_msg_post_finalize+0x7c>)
 8002786:	f004 f81b 	bl	80067c0 <z_impl_k_timer_start>
 800278a:	e7f2      	b.n	8002772 <z_log_msg_post_finalize+0x56>
 800278c:	20000fe8 	.word	0x20000fe8
 8002790:	2000110e 	.word	0x2000110e
 8002794:	20000fe0 	.word	0x20000fe0
 8002798:	20000be8 	.word	0x20000be8
 800279c:	200001f0 	.word	0x200001f0

080027a0 <z_log_msg_commit>:
{
 80027a0:	b510      	push	{r4, lr}
 80027a2:	4604      	mov	r4, r0
	msg->hdr.timestamp = timestamp_func();
 80027a4:	4b04      	ldr	r3, [pc, #16]	@ (80027b8 <z_log_msg_commit+0x18>)
 80027a6:	681b      	ldr	r3, [r3, #0]
 80027a8:	4798      	blx	r3
 80027aa:	60a0      	str	r0, [r4, #8]
	msg_commit(&log_buffer, msg);
 80027ac:	4621      	mov	r1, r4
 80027ae:	4803      	ldr	r0, [pc, #12]	@ (80027bc <z_log_msg_commit+0x1c>)
 80027b0:	f005 fe54 	bl	800845c <msg_commit>
}
 80027b4:	bd10      	pop	{r4, pc}
 80027b6:	bf00      	nop
 80027b8:	200000c4 	.word	0x200000c4
 80027bc:	20000138 	.word	0x20000138

080027c0 <log_process_thread_func>:
{
 80027c0:	e92d 41f0 	stmdb	sp!, {r4, r5, r6, r7, r8, lr}
	uint32_t activate_mask = z_log_init(false, false);
 80027c4:	2100      	movs	r1, #0
 80027c6:	4608      	mov	r0, r1
 80027c8:	f7ff fd9c 	bl	8002304 <z_log_init>
	k_timeout_t timeout = (activate_mask != 0) ? K_MSEC(50) : K_FOREVER;
 80027cc:	4680      	mov	r8, r0
 80027ce:	b150      	cbz	r0, 80027e6 <log_process_thread_func+0x26>
 80027d0:	f44f 76fa 	mov.w	r6, #500	@ 0x1f4
 80027d4:	2700      	movs	r7, #0
	return z_tls_current;
 80027d6:	f001 f92d 	bl	8003a34 <__aeabi_read_tp>
	thread_set(k_current_get());
 80027da:	4b15      	ldr	r3, [pc, #84]	@ (8002830 <log_process_thread_func+0x70>)
 80027dc:	5818      	ldr	r0, [r3, r0]
 80027de:	f7ff fddb 	bl	8002398 <thread_set>
	bool processed_any = false;
 80027e2:	2500      	movs	r5, #0
 80027e4:	e015      	b.n	8002812 <log_process_thread_func+0x52>
	k_timeout_t timeout = (activate_mask != 0) ? K_MSEC(50) : K_FOREVER;
 80027e6:	f04f 36ff 	mov.w	r6, #4294967295
 80027ea:	f04f 37ff 	mov.w	r7, #4294967295
 80027ee:	e7f2      	b.n	80027d6 <log_process_thread_func+0x16>
			activate_mask = activate_foreach_backend(activate_mask);
 80027f0:	4640      	mov	r0, r8
 80027f2:	f7ff fd55 	bl	80022a0 <activate_foreach_backend>
			if (!activate_mask) {
 80027f6:	4680      	mov	r8, r0
 80027f8:	b970      	cbnz	r0, 8002818 <log_process_thread_func+0x58>
				timeout = K_FOREVER;
 80027fa:	f04f 36ff 	mov.w	r6, #4294967295
 80027fe:	f04f 37ff 	mov.w	r7, #4294967295
 8002802:	e009      	b.n	8002818 <log_process_thread_func+0x58>
 8002804:	462c      	mov	r4, r5
	return z_impl_k_sem_take(sem, timeout);
 8002806:	4632      	mov	r2, r6
 8002808:	463b      	mov	r3, r7
 800280a:	480a      	ldr	r0, [pc, #40]	@ (8002834 <log_process_thread_func+0x74>)
 800280c:	f003 f834 	bl	8005878 <z_impl_k_sem_take>
{
 8002810:	4625      	mov	r5, r4
		if (activate_mask) {
 8002812:	f1b8 0f00 	cmp.w	r8, #0
 8002816:	d1eb      	bne.n	80027f0 <log_process_thread_func+0x30>
 8002818:	f7ff feea 	bl	80025f0 <z_impl_log_process>
		if (log_process() == false) {
 800281c:	4604      	mov	r4, r0
 800281e:	2800      	cmp	r0, #0
 8002820:	d1f6      	bne.n	8002810 <log_process_thread_func+0x50>
			if (processed_any) {
 8002822:	2d00      	cmp	r5, #0
 8002824:	d0ee      	beq.n	8002804 <log_process_thread_func+0x44>
				log_backend_notify_all(LOG_BACKEND_EVT_PROCESS_THREAD_DONE, NULL);
 8002826:	2100      	movs	r1, #0
 8002828:	4608      	mov	r0, r1
 800282a:	f7ff fcfd 	bl	8002228 <log_backend_notify_all>
 800282e:	e7ea      	b.n	8002806 <log_process_thread_func+0x46>
 8002830:	00000010 	.word	0x00000010
 8002834:	200001f0 	.word	0x200001f0

08002838 <log_src_cnt_get>:
	if (z_log_is_local_domain(domain_id)) {
		return z_log_sources_count();
	}

	return link_source_count(domain_id);
}
 8002838:	4802      	ldr	r0, [pc, #8]	@ (8002844 <log_src_cnt_get+0xc>)
 800283a:	4b03      	ldr	r3, [pc, #12]	@ (8002848 <log_src_cnt_get+0x10>)
 800283c:	1ac0      	subs	r0, r0, r3
 800283e:	08c0      	lsrs	r0, r0, #3
 8002840:	4770      	bx	lr
 8002842:	bf00      	nop
 8002844:	0800a434 	.word	0x0800a434
 8002848:	0800a3cc 	.word	0x0800a3cc

0800284c <log_source_name_get>:

	return (const char *)cached;
}

const char *log_source_name_get(uint32_t domain_id, uint32_t source_id)
{
 800284c:	b510      	push	{r4, lr}
 800284e:	460c      	mov	r4, r1
	if (z_log_is_local_domain(domain_id)) {
		if (IS_ENABLED(CONFIG_LOG_FMT_SECTION_STRIP)) {
			return "unknown";
		}
		if (source_id < log_src_cnt_get(domain_id)) {
 8002850:	f7ff fff2 	bl	8002838 <log_src_cnt_get>
 8002854:	42a0      	cmp	r0, r4
 8002856:	d903      	bls.n	8002860 <log_source_name_get+0x14>
			return TYPE_SECTION_START(log_const)[source_id].name;
 8002858:	4b02      	ldr	r3, [pc, #8]	@ (8002864 <log_source_name_get+0x18>)
 800285a:	f853 0034 	ldr.w	r0, [r3, r4, lsl #3]
			return NULL;
		}
	}

	return link_source_name_get(domain_id, source_id);
}
 800285e:	bd10      	pop	{r4, pc}
			return NULL;
 8002860:	2000      	movs	r0, #0
 8002862:	e7fc      	b.n	800285e <log_source_name_get+0x12>
 8002864:	0800a3cc 	.word	0x0800a3cc

08002868 <cbprintf_package_copy>:
					void *packaged,
					size_t len,
					uint32_t flags,
					uint16_t *strl,
					size_t strl_len)
{
 8002868:	b500      	push	{lr}
 800286a:	b089      	sub	sp, #36	@ 0x24
	struct z_cbprintf_buf_desc buf_desc = {
 800286c:	9205      	str	r2, [sp, #20]
 800286e:	9306      	str	r3, [sp, #24]
 8002870:	2300      	movs	r3, #0
 8002872:	9307      	str	r3, [sp, #28]
		.buf = packaged,
		.size = len,
		.off = 0,
	};

	return cbprintf_package_convert(in_packaged, in_len,
 8002874:	b162      	cbz	r2, 8002890 <cbprintf_package_copy+0x28>
 8002876:	4a07      	ldr	r2, [pc, #28]	@ (8002894 <cbprintf_package_copy+0x2c>)
 8002878:	9b0c      	ldr	r3, [sp, #48]	@ 0x30
 800287a:	9302      	str	r3, [sp, #8]
 800287c:	9b0b      	ldr	r3, [sp, #44]	@ 0x2c
 800287e:	9301      	str	r3, [sp, #4]
 8002880:	9b0a      	ldr	r3, [sp, #40]	@ 0x28
 8002882:	9300      	str	r3, [sp, #0]
 8002884:	ab05      	add	r3, sp, #20
 8002886:	f7ff f9d1 	bl	8001c2c <cbprintf_package_convert>
					packaged ? z_cbprintf_cpy : NULL, &buf_desc,
					flags, strl, strl_len);
}
 800288a:	b009      	add	sp, #36	@ 0x24
 800288c:	f85d fb04 	ldr.w	pc, [sp], #4
	return cbprintf_package_convert(in_packaged, in_len,
 8002890:	2200      	movs	r2, #0
 8002892:	e7f1      	b.n	8002878 <cbprintf_package_copy+0x10>
 8002894:	08008483 	.word	0x08008483

08002898 <z_impl_z_log_msg_static_create>:
}

void z_impl_z_log_msg_static_create(const void *source,
			      const struct log_msg_desc desc,
			      uint8_t *package, const void *data)
{
 8002898:	e92d 4ff0 	stmdb	sp!, {r4, r5, r6, r7, r8, r9, sl, fp, lr}
 800289c:	b08b      	sub	sp, #44	@ 0x2c
 800289e:	af04      	add	r7, sp, #16
 80028a0:	4605      	mov	r5, r0
 80028a2:	461e      	mov	r6, r3

	if (!BACKENDS_IN_USE()) {
		return;
	}

	struct log_msg_desc out_desc = desc;
 80028a4:	4688      	mov	r8, r1
	int inlen = desc.package_len;
 80028a6:	f3c1 244a 	ubfx	r4, r1, #9, #11
	struct log_msg *msg;

	if (inlen > 0) {
 80028aa:	2c00      	cmp	r4, #0
 80028ac:	f000 8089 	beq.w	80029c2 <z_impl_z_log_msg_static_create+0x12a>
 80028b0:	4691      	mov	r9, r2
	struct z_cbprintf_buf_desc buf_desc = {
 80028b2:	2200      	movs	r2, #0
 80028b4:	60fa      	str	r2, [r7, #12]
 80028b6:	613a      	str	r2, [r7, #16]
 80028b8:	617a      	str	r2, [r7, #20]
	return cbprintf_package_convert(in_packaged, in_len,
 80028ba:	2304      	movs	r3, #4
 80028bc:	9302      	str	r3, [sp, #8]
 80028be:	18fb      	adds	r3, r7, r3
 80028c0:	9301      	str	r3, [sp, #4]
 80028c2:	230a      	movs	r3, #10
 80028c4:	9300      	str	r3, [sp, #0]
 80028c6:	f107 030c 	add.w	r3, r7, #12
 80028ca:	4621      	mov	r1, r4
 80028cc:	4648      	mov	r0, r9
 80028ce:	f7ff f9ad 	bl	8001c2c <cbprintf_package_convert>

		len = cbprintf_package_copy(package, inlen,
					    NULL, 0, flags,
					    strl, ARRAY_SIZE(strl));

		if (len > Z_LOG_MSG_MAX_PACKAGE) {
 80028d2:	f5b0 6f00 	cmp.w	r0, #2048	@ 0x800
 80028d6:	d358      	bcc.n	800298a <z_impl_z_log_msg_static_create+0xf2>
			struct cbprintf_package_hdr_ext *pkg =
				(struct cbprintf_package_hdr_ext *)package;

			LOG_WRN("Message (\"%s\") dropped because it exceeds size limitation (%u)",
 80028d8:	f8d9 1004 	ldr.w	r1, [r9, #4]
 80028dc:	466d      	mov	r5, sp
 80028de:	2300      	movs	r3, #0
 80028e0:	733b      	strb	r3, [r7, #12]
 80028e2:	2302      	movs	r3, #2
 80028e4:	737b      	strb	r3, [r7, #13]
 80028e6:	b08a      	sub	sp, #40	@ 0x28
 80028e8:	ac04      	add	r4, sp, #16
 80028ea:	f114 0210 	adds.w	r2, r4, #16
 80028ee:	d017      	beq.n	8002920 <z_impl_z_log_msg_static_create+0x88>
 80028f0:	2012      	movs	r0, #18
 80028f2:	b11a      	cbz	r2, 80028fc <z_impl_z_log_msg_static_create+0x64>
 80028f4:	2804      	cmp	r0, #4
 80028f6:	dd01      	ble.n	80028fc <z_impl_z_log_msg_static_create+0x64>
 80028f8:	4b3b      	ldr	r3, [pc, #236]	@ (80029e8 <z_impl_z_log_msg_static_create+0x150>)
 80028fa:	6163      	str	r3, [r4, #20]
 80028fc:	2300      	movs	r3, #0
 80028fe:	703b      	strb	r3, [r7, #0]
 8002900:	2302      	movs	r3, #2
 8002902:	707b      	strb	r3, [r7, #1]
 8002904:	b1ca      	cbz	r2, 800293a <z_impl_z_log_msg_static_create+0xa2>
 8002906:	4603      	mov	r3, r0
 8002908:	2808      	cmp	r0, #8
 800290a:	dd00      	ble.n	800290e <z_impl_z_log_msg_static_create+0x76>
 800290c:	61a1      	str	r1, [r4, #24]
 800290e:	2b0c      	cmp	r3, #12
 8002910:	dd02      	ble.n	8002918 <z_impl_z_log_msg_static_create+0x80>
 8002912:	f240 73ff 	movw	r3, #2047	@ 0x7ff
 8002916:	61e3      	str	r3, [r4, #28]
 8002918:	f104 0320 	add.w	r3, r4, #32
 800291c:	2100      	movs	r1, #0
 800291e:	e00a      	b.n	8002936 <z_impl_z_log_msg_static_create+0x9e>
 8002920:	f06f 4000 	mvn.w	r0, #2147483648	@ 0x80000000
 8002924:	e7e5      	b.n	80028f2 <z_impl_z_log_msg_static_create+0x5a>
 8002926:	f101 0618 	add.w	r6, r1, #24
 800292a:	443e      	add	r6, r7
 800292c:	f816 6c18 	ldrb.w	r6, [r6, #-24]
 8002930:	f803 6b01 	strb.w	r6, [r3], #1
 8002934:	3101      	adds	r1, #1
 8002936:	2901      	cmp	r1, #1
 8002938:	d9f5      	bls.n	8002926 <z_impl_z_log_msg_static_create+0x8e>
 800293a:	2811      	cmp	r0, #17
 800293c:	dd22      	ble.n	8002984 <z_impl_z_log_msg_static_create+0xec>
 800293e:	2312      	movs	r3, #18
 8002940:	b142      	cbz	r2, 8002954 <z_impl_z_log_msg_static_create+0xbc>
 8002942:	2104      	movs	r1, #4
 8002944:	7339      	strb	r1, [r7, #12]
 8002946:	2100      	movs	r1, #0
 8002948:	7379      	strb	r1, [r7, #13]
 800294a:	73b9      	strb	r1, [r7, #14]
 800294c:	2101      	movs	r1, #1
 800294e:	73f9      	strb	r1, [r7, #15]
 8002950:	68f8      	ldr	r0, [r7, #12]
 8002952:	6120      	str	r0, [r4, #16]
 8002954:	2100      	movs	r1, #0
 8002956:	f021 0101 	bic.w	r1, r1, #1
 800295a:	f021 0102 	bic.w	r1, r1, #2
 800295e:	f021 0104 	bic.w	r1, r1, #4
 8002962:	f021 0138 	bic.w	r1, r1, #56	@ 0x38
 8002966:	2002      	movs	r0, #2
 8002968:	f360 1188 	bfi	r1, r0, #6, #3
 800296c:	f3c3 030a 	ubfx	r3, r3, #0, #11
 8002970:	f363 2153 	bfi	r1, r3, #9, #11
 8002974:	2300      	movs	r3, #0
 8002976:	f3c1 0113 	ubfx	r1, r1, #0, #20
 800297a:	481c      	ldr	r0, [pc, #112]	@ (80029ec <z_impl_z_log_msg_static_create+0x154>)
 800297c:	f005 fe04 	bl	8008588 <z_log_msg_static_create>
 8002980:	46ad      	mov	sp, r5
				pkg->fmt, (uint32_t)Z_LOG_MSG_MAX_PACKAGE);
			return;
 8002982:	e02d      	b.n	80029e0 <z_impl_z_log_msg_static_create+0x148>
			LOG_WRN("Message (\"%s\") dropped because it exceeds size limitation (%u)",
 8002984:	f06f 031b 	mvn.w	r3, #27
 8002988:	e7da      	b.n	8002940 <z_impl_z_log_msg_static_create+0xa8>
		}
		/* Update package length with calculated value (which may be extended
		 * when strings are copied into the package.
		 */
		out_desc.package_len = len;
 800298a:	f360 2853 	bfi	r8, r0, #9, #11
 *
 * @return Length.
 */
static inline uint32_t log_msg_get_total_wlen(const struct log_msg_desc desc)
{
	return Z_LOG_MSG_ALIGNED_WLEN(desc.package_len, desc.data_len);
 800298e:	f3c0 0a0a 	ubfx	sl, r0, #0, #11
 8002992:	eb0a 5018 	add.w	r0, sl, r8, lsr #20
 8002996:	3017      	adds	r0, #23
 8002998:	f020 0007 	bic.w	r0, r0, #7
		msg = z_log_msg_alloc(log_msg_get_total_wlen(out_desc));
 800299c:	0880      	lsrs	r0, r0, #2
 800299e:	f7ff fe05 	bl	80025ac <z_log_msg_alloc>
		if (msg) {
 80029a2:	4683      	mov	fp, r0
 80029a4:	b1b0      	cbz	r0, 80029d4 <z_impl_z_log_msg_static_create+0x13c>
			len = cbprintf_package_copy(package, inlen,
 80029a6:	2304      	movs	r3, #4
 80029a8:	9302      	str	r3, [sp, #8]
 80029aa:	18fb      	adds	r3, r7, r3
 80029ac:	9301      	str	r3, [sp, #4]
 80029ae:	230a      	movs	r3, #10
 80029b0:	9300      	str	r3, [sp, #0]
 80029b2:	4653      	mov	r3, sl
 80029b4:	f100 0210 	add.w	r2, r0, #16
 80029b8:	4621      	mov	r1, r4
 80029ba:	4648      	mov	r0, r9
 80029bc:	f7ff ff54 	bl	8002868 <cbprintf_package_copy>
						    msg->data, out_desc.package_len,
						    flags, strl, ARRAY_SIZE(strl));
			__ASSERT_NO_MSG(len >= 0);
 80029c0:	e008      	b.n	80029d4 <z_impl_z_log_msg_static_create+0x13c>
 80029c2:	eb04 5411 	add.w	r4, r4, r1, lsr #20
 80029c6:	3417      	adds	r4, #23
 80029c8:	f024 0407 	bic.w	r4, r4, #7
		}
	} else {
		msg = z_log_msg_alloc(log_msg_get_total_wlen(out_desc));
 80029cc:	08a0      	lsrs	r0, r4, #2
 80029ce:	f7ff fded 	bl	80025ac <z_log_msg_alloc>
 80029d2:	4683      	mov	fp, r0
	}

	z_log_msg_finalize(msg, source, out_desc, data);
 80029d4:	4633      	mov	r3, r6
 80029d6:	4642      	mov	r2, r8
 80029d8:	4629      	mov	r1, r5
 80029da:	4658      	mov	r0, fp
 80029dc:	f005 fd6a 	bl	80084b4 <z_log_msg_finalize>
}
 80029e0:	371c      	adds	r7, #28
 80029e2:	46bd      	mov	sp, r7
 80029e4:	e8bd 8ff0 	ldmia.w	sp!, {r4, r5, r6, r7, r8, r9, sl, fp, pc}
 80029e8:	0800a9a4 	.word	0x0800a9a4
 80029ec:	0800a3e4 	.word	0x0800a3e4

080029f0 <z_log_msg_runtime_vcreate>:
#endif

void z_log_msg_runtime_vcreate(uint8_t domain_id, const void *source,
				uint8_t level, const void *data, size_t dlen,
				uint32_t package_flags, const char *fmt, va_list ap)
{
 80029f0:	e92d 4ff0 	stmdb	sp!, {r4, r5, r6, r7, r8, r9, sl, fp, lr}
 80029f4:	b085      	sub	sp, #20
 80029f6:	4681      	mov	r9, r0
 80029f8:	460e      	mov	r6, r1
 80029fa:	4690      	mov	r8, r2
 80029fc:	461f      	mov	r7, r3
 80029fe:	f8dd b038 	ldr.w	fp, [sp, #56]	@ 0x38
 8002a02:	f8dd a040 	ldr.w	sl, [sp, #64]	@ 0x40
	int plen;

	if (fmt) {
 8002a06:	f1ba 0f00 	cmp.w	sl, #0
 8002a0a:	d041      	beq.n	8002a90 <z_log_msg_runtime_vcreate+0xa0>
		va_list ap2;

		va_copy(ap2, ap);
 8002a0c:	9b11      	ldr	r3, [sp, #68]	@ 0x44
 8002a0e:	9303      	str	r3, [sp, #12]
		plen = cbvprintf_package(NULL, Z_LOG_MSG_ALIGN_OFFSET,
 8002a10:	9300      	str	r3, [sp, #0]
 8002a12:	4653      	mov	r3, sl
 8002a14:	9a0f      	ldr	r2, [sp, #60]	@ 0x3c
 8002a16:	2110      	movs	r1, #16
 8002a18:	2000      	movs	r0, #0
 8002a1a:	f7fe febd 	bl	8001798 <cbvprintf_package>
 8002a1e:	4605      	mov	r5, r0
		va_end(ap2);
	} else {
		plen = 0;
	}

	if (plen > Z_LOG_MSG_MAX_PACKAGE) {
 8002a20:	f5b0 6f00 	cmp.w	r0, #2048	@ 0x800
 8002a24:	d22c      	bcs.n	8002a80 <z_log_msg_runtime_vcreate+0x90>
		LOG_WRN("Message dropped because it exceeds size limitation (%u)",
			(uint32_t)Z_LOG_MSG_MAX_PACKAGE);
		return;
	}

	size_t msg_wlen = Z_LOG_MSG_ALIGNED_WLEN(plen, dlen);
 8002a26:	eb0b 0005 	add.w	r0, fp, r5
 8002a2a:	3017      	adds	r0, #23
 8002a2c:	f020 0007 	bic.w	r0, r0, #7
 8002a30:	0880      	lsrs	r0, r0, #2
	struct log_msg *msg;
	uint8_t *pkg;
	struct log_msg_desc desc =
 8002a32:	2400      	movs	r4, #0
 8002a34:	f024 0401 	bic.w	r4, r4, #1
 8002a38:	f024 0402 	bic.w	r4, r4, #2
 8002a3c:	f024 0404 	bic.w	r4, r4, #4
 8002a40:	f369 04c5 	bfi	r4, r9, #3, #3
 8002a44:	f368 1488 	bfi	r4, r8, #6, #3
 8002a48:	f365 2453 	bfi	r4, r5, #9, #11
 8002a4c:	f36b 541f 	bfi	r4, fp, #20, #12
	if (k_is_user_context()) {
		pkg = alloca(plen);
		msg = NULL;
	} else if (IS_ENABLED(CONFIG_LOG_MODE_DEFERRED) && BACKENDS_IN_USE()) {
		compiler_barrier();
		msg = z_log_msg_alloc(msg_wlen);
 8002a50:	f7ff fdac 	bl	80025ac <z_log_msg_alloc>
		if (IS_ENABLED(CONFIG_LOG_FRONTEND) && msg == NULL) {
			pkg = alloca(plen);
		} else {
			pkg = msg ? msg->data : NULL;
 8002a54:	4680      	mov	r8, r0
 8002a56:	b150      	cbz	r0, 8002a6e <z_log_msg_runtime_vcreate+0x7e>
 8002a58:	3010      	adds	r0, #16
		compiler_barrier();
		msg = alloca(msg_wlen * sizeof(int));
		pkg = msg->data;
	}

	if (pkg && fmt) {
 8002a5a:	f1ba 0f00 	cmp.w	sl, #0
 8002a5e:	d006      	beq.n	8002a6e <z_log_msg_runtime_vcreate+0x7e>
		plen = cbvprintf_package(pkg, (size_t)plen, package_flags, fmt, ap);
 8002a60:	9b11      	ldr	r3, [sp, #68]	@ 0x44
 8002a62:	9300      	str	r3, [sp, #0]
 8002a64:	4653      	mov	r3, sl
 8002a66:	9a0f      	ldr	r2, [sp, #60]	@ 0x3c
 8002a68:	4629      	mov	r1, r5
 8002a6a:	f7fe fe95 	bl	8001798 <cbvprintf_package>
		    frontend_runtime_filtering(source, desc.level)) {
			log_frontend_msg(source, desc, pkg, data);
		}

		if (BACKENDS_IN_USE()) {
			z_log_msg_finalize(msg, source, desc, data);
 8002a6e:	463b      	mov	r3, r7
 8002a70:	4622      	mov	r2, r4
 8002a72:	4631      	mov	r1, r6
 8002a74:	4640      	mov	r0, r8
 8002a76:	f005 fd1d 	bl	80084b4 <z_log_msg_finalize>
		}
	}
}
 8002a7a:	b005      	add	sp, #20
 8002a7c:	e8bd 8ff0 	ldmia.w	sp!, {r4, r5, r6, r7, r8, r9, sl, fp, pc}
	z_impl_z_log_msg_simple_create_1(source, level, fmt, arg);
 8002a80:	f240 73ff 	movw	r3, #2047	@ 0x7ff
 8002a84:	4a03      	ldr	r2, [pc, #12]	@ (8002a94 <z_log_msg_runtime_vcreate+0xa4>)
 8002a86:	2102      	movs	r1, #2
 8002a88:	4803      	ldr	r0, [pc, #12]	@ (8002a98 <z_log_msg_runtime_vcreate+0xa8>)
 8002a8a:	f005 fd65 	bl	8008558 <z_impl_z_log_msg_simple_create_1>
		return;
 8002a8e:	e7f4      	b.n	8002a7a <z_log_msg_runtime_vcreate+0x8a>
		plen = 0;
 8002a90:	2500      	movs	r5, #0
 8002a92:	e7c8      	b.n	8002a26 <z_log_msg_runtime_vcreate+0x36>
 8002a94:	0800a9e4 	.word	0x0800a9e4
 8002a98:	0800a3e4 	.word	0x0800a3e4

08002a9c <log_msg_get_source_id>:
 *
 * @return Pointer to the source data.
 */
static inline const void *log_msg_get_source(struct log_msg *msg)
{
	return msg->hdr.source;
 8002a9c:	6840      	ldr	r0, [r0, #4]
		return (int16_t)(uintptr_t)log_msg_get_source(msg);
	}

	void *source = (void *)log_msg_get_source(msg);

	if (source != NULL) {
 8002a9e:	b120      	cbz	r0, 8002aaa <log_msg_get_source_id+0xe>
 * @return Source ID.
 */
static inline uint32_t log_const_source_id(
				const struct log_source_const_data *data)
{
	return ((const uint8_t *)data - (uint8_t *)TYPE_SECTION_START(log_const))/
 8002aa0:	4b03      	ldr	r3, [pc, #12]	@ (8002ab0 <log_msg_get_source_id+0x14>)
 8002aa2:	1ac0      	subs	r0, r0, r3
		return log_source_id(source);
 8002aa4:	f340 00cf 	sbfx	r0, r0, #3, #16
 8002aa8:	4770      	bx	lr
	}

	return -1;
 8002aaa:	f04f 30ff 	mov.w	r0, #4294967295
}
 8002aae:	4770      	bx	lr
 8002ab0:	0800a3cc 	.word	0x0800a3cc

08002ab4 <print_formatted>:
	return 0;
}

static int print_formatted(const struct log_output *output,
			   const char *fmt, ...)
{
 8002ab4:	b40e      	push	{r1, r2, r3}
 8002ab6:	b500      	push	{lr}
 8002ab8:	b082      	sub	sp, #8
 8002aba:	4601      	mov	r1, r0
 8002abc:	ab03      	add	r3, sp, #12
 8002abe:	f853 2b04 	ldr.w	r2, [r3], #4
	va_list args;
	int length = 0;

	va_start(args, fmt);
 8002ac2:	9301      	str	r3, [sp, #4]
	length = cbvprintf(out_func, (void *)output, fmt, args);
 8002ac4:	4803      	ldr	r0, [pc, #12]	@ (8002ad4 <print_formatted+0x20>)
 8002ac6:	f001 f8bd 	bl	8003c44 <cbvprintf>
	va_end(args);

	return length;
}
 8002aca:	b002      	add	sp, #8
 8002acc:	f85d eb04 	ldr.w	lr, [sp], #4
 8002ad0:	b003      	add	sp, #12
 8002ad2:	4770      	bx	lr
 8002ad4:	080085bf 	.word	0x080085bf

08002ad8 <timestamp_print>:

static int timestamp_print(const struct log_output *output,
			   uint32_t flags, log_timestamp_t timestamp)
{
 8002ad8:	b510      	push	{r4, lr}
 8002ada:	b084      	sub	sp, #16
		(flags & LOG_OUTPUT_FLAG_FORMAT_SYSLOG) |
		IS_ENABLED(CONFIG_LOG_OUTPUT_FORMAT_LINUX_TIMESTAMP) |
		IS_ENABLED(CONFIG_LOG_OUTPUT_FORMAT_CUSTOM_TIMESTAMP);


	if (!format) {
 8002adc:	f011 0f44 	tst.w	r1, #68	@ 0x44
 8002ae0:	d005      	beq.n	8002aee <timestamp_print+0x16>
#ifndef CONFIG_LOG_TIMESTAMP_64BIT
		length = print_formatted(output, "[%08lu] ", timestamp);
#else
		length = print_formatted(output, "[%016llu] ", timestamp);
#endif
	} else if (freq != 0U) {
 8002ae2:	4b1a      	ldr	r3, [pc, #104]	@ (8002b4c <timestamp_print+0x74>)
 8002ae4:	681b      	ldr	r3, [r3, #0]
 8002ae6:	b933      	cbnz	r3, 8002af6 <timestamp_print+0x1e>
							"[%02u:%02u:%02u.%03u,%03u] ",
							hours, mins, seconds, ms, us);
			}
		}
	} else {
		length = 0;
 8002ae8:	2000      	movs	r0, #0
	}

	return length;
}
 8002aea:	b004      	add	sp, #16
 8002aec:	bd10      	pop	{r4, pc}
		length = print_formatted(output, "[%08lu] ", timestamp);
 8002aee:	4918      	ldr	r1, [pc, #96]	@ (8002b50 <timestamp_print+0x78>)
 8002af0:	f7ff ffe0 	bl	8002ab4 <print_formatted>
 8002af4:	e7f9      	b.n	8002aea <timestamp_print+0x12>
		timestamp /= timestamp_div;
 8002af6:	4917      	ldr	r1, [pc, #92]	@ (8002b54 <timestamp_print+0x7c>)
 8002af8:	6809      	ldr	r1, [r1, #0]
 8002afa:	fbb2 f2f1 	udiv	r2, r2, r1
		total_seconds = timestamp / freq;
 8002afe:	fbb2 fcf3 	udiv	ip, r2, r3
		remainder = timestamp % freq;
 8002b02:	fb03 221c 	mls	r2, r3, ip, r2
		ms = (remainder * 1000U) / freq;
 8002b06:	f44f 7e7a 	mov.w	lr, #1000	@ 0x3e8
 8002b0a:	fb0e f202 	mul.w	r2, lr, r2
 8002b0e:	fbb2 f4f3 	udiv	r4, r2, r3
		us = (1000 * (remainder * 1000U - (ms * freq))) / freq;
 8002b12:	fb03 2114 	mls	r1, r3, r4, r2
 8002b16:	fb0e f101 	mul.w	r1, lr, r1
 8002b1a:	fbb1 f1f3 	udiv	r1, r1, r3
				hours = seconds / 3600U;
 8002b1e:	4a0e      	ldr	r2, [pc, #56]	@ (8002b58 <timestamp_print+0x80>)
 8002b20:	fba2 320c 	umull	r3, r2, r2, ip
 8002b24:	0ad2      	lsrs	r2, r2, #11
				seconds -= hours * 3600U;
 8002b26:	f44f 6361 	mov.w	r3, #3600	@ 0xe10
 8002b2a:	fb03 cc12 	mls	ip, r3, r2, ip
				mins = seconds / 60U;
 8002b2e:	4b0b      	ldr	r3, [pc, #44]	@ (8002b5c <timestamp_print+0x84>)
 8002b30:	fba3 e30c 	umull	lr, r3, r3, ip
 8002b34:	095b      	lsrs	r3, r3, #5
				length = print_formatted(output,
 8002b36:	9102      	str	r1, [sp, #8]
 8002b38:	9401      	str	r4, [sp, #4]
 8002b3a:	ebc3 1103 	rsb	r1, r3, r3, lsl #4
 8002b3e:	ebac 0181 	sub.w	r1, ip, r1, lsl #2
 8002b42:	9100      	str	r1, [sp, #0]
 8002b44:	4906      	ldr	r1, [pc, #24]	@ (8002b60 <timestamp_print+0x88>)
 8002b46:	f7ff ffb5 	bl	8002ab4 <print_formatted>
 8002b4a:	e7ce      	b.n	8002aea <timestamp_print+0x12>
 8002b4c:	20000ff4 	.word	0x20000ff4
 8002b50:	0800aa1c 	.word	0x0800aa1c
 8002b54:	20000ff0 	.word	0x20000ff0
 8002b58:	91a2b3c5 	.word	0x91a2b3c5
 8002b5c:	88888889 	.word	0x88888889
 8002b60:	0800aa28 	.word	0x0800aa28

08002b64 <color_print>:

static void color_print(const struct log_output *output,
			bool color, bool start, uint32_t level)
{
	if (color) {
 8002b64:	b161      	cbz	r1, 8002b80 <color_print+0x1c>
{
 8002b66:	b508      	push	{r3, lr}
		const char *log_color = start && (colors[level] != NULL) ?
				colors[level] : LOG_COLOR_CODE_DEFAULT;
 8002b68:	b12a      	cbz	r2, 8002b76 <color_print+0x12>
		const char *log_color = start && (colors[level] != NULL) ?
 8002b6a:	4a06      	ldr	r2, [pc, #24]	@ (8002b84 <color_print+0x20>)
 8002b6c:	f852 2023 	ldr.w	r2, [r2, r3, lsl #2]
 8002b70:	b912      	cbnz	r2, 8002b78 <color_print+0x14>
				colors[level] : LOG_COLOR_CODE_DEFAULT;
 8002b72:	4a05      	ldr	r2, [pc, #20]	@ (8002b88 <color_print+0x24>)
 8002b74:	e000      	b.n	8002b78 <color_print+0x14>
 8002b76:	4a04      	ldr	r2, [pc, #16]	@ (8002b88 <color_print+0x24>)
		print_formatted(output, "%s", log_color);
 8002b78:	4904      	ldr	r1, [pc, #16]	@ (8002b8c <color_print+0x28>)
 8002b7a:	f7ff ff9b 	bl	8002ab4 <print_formatted>
	}
}
 8002b7e:	bd08      	pop	{r3, pc}
 8002b80:	4770      	bx	lr
 8002b82:	bf00      	nop
 8002b84:	0800b5ec 	.word	0x0800b5ec
 8002b88:	0800aa44 	.word	0x0800aa44
 8002b8c:	0800aa4c 	.word	0x0800aa4c

08002b90 <ids_print>:
		     const char *domain,
		     const char *source,
		     k_tid_t tid,
		     uint8_t core_id,
		     uint32_t level)
{
 8002b90:	e92d 41f0 	stmdb	sp!, {r4, r5, r6, r7, r8, lr}
 8002b94:	4605      	mov	r5, r0
 8002b96:	4617      	mov	r7, r2
 8002b98:	9e07      	ldr	r6, [sp, #28]
 8002b9a:	f8dd 8020 	ldr.w	r8, [sp, #32]
	int total = 0;

	if (level_on) {
 8002b9e:	b981      	cbnz	r1, 8002bc2 <ids_print+0x32>
	int total = 0;
 8002ba0:	2400      	movs	r4, #0

	if (IS_ENABLED(CONFIG_LOG_CORE_ID_PREFIX) && core_on) {
		total += print_formatted(output, "[core %d] ", core_id);
	}

	if (domain) {
 8002ba2:	b12e      	cbz	r6, 8002bb0 <ids_print+0x20>
		total += print_formatted(output, "%s/", domain);
 8002ba4:	4632      	mov	r2, r6
 8002ba6:	4911      	ldr	r1, [pc, #68]	@ (8002bec <ids_print+0x5c>)
 8002ba8:	4628      	mov	r0, r5
 8002baa:	f7ff ff83 	bl	8002ab4 <print_formatted>
 8002bae:	4404      	add	r4, r0
	}

	if (source) {
 8002bb0:	f1b8 0f00 	cmp.w	r8, #0
 8002bb4:	d014      	beq.n	8002be0 <ids_print+0x50>
		total += print_formatted(output,
 8002bb6:	b16f      	cbz	r7, 8002bd4 <ids_print+0x44>
				(func_on &&
 8002bb8:	9b0b      	ldr	r3, [sp, #44]	@ 0x2c
 8002bba:	2b04      	cmp	r3, #4
 8002bbc:	d013      	beq.n	8002be6 <ids_print+0x56>
		total += print_formatted(output,
 8002bbe:	490c      	ldr	r1, [pc, #48]	@ (8002bf0 <ids_print+0x60>)
 8002bc0:	e009      	b.n	8002bd6 <ids_print+0x46>
		total += print_formatted(output, "<%s> ", severity[level]);
 8002bc2:	4b0c      	ldr	r3, [pc, #48]	@ (8002bf4 <ids_print+0x64>)
 8002bc4:	9a0b      	ldr	r2, [sp, #44]	@ 0x2c
 8002bc6:	f853 2022 	ldr.w	r2, [r3, r2, lsl #2]
 8002bca:	490b      	ldr	r1, [pc, #44]	@ (8002bf8 <ids_print+0x68>)
 8002bcc:	f7ff ff72 	bl	8002ab4 <print_formatted>
 8002bd0:	4604      	mov	r4, r0
 8002bd2:	e7e6      	b.n	8002ba2 <ids_print+0x12>
		total += print_formatted(output,
 8002bd4:	4906      	ldr	r1, [pc, #24]	@ (8002bf0 <ids_print+0x60>)
 8002bd6:	4642      	mov	r2, r8
 8002bd8:	4628      	mov	r0, r5
 8002bda:	f7ff ff6b 	bl	8002ab4 <print_formatted>
 8002bde:	4404      	add	r4, r0
				"%s." : "%s: ",
				source);
	}

	return total;
}
 8002be0:	4620      	mov	r0, r4
 8002be2:	e8bd 81f0 	ldmia.w	sp!, {r4, r5, r6, r7, r8, pc}
		total += print_formatted(output,
 8002be6:	4905      	ldr	r1, [pc, #20]	@ (8002bfc <ids_print+0x6c>)
 8002be8:	e7f5      	b.n	8002bd6 <ids_print+0x46>
 8002bea:	bf00      	nop
 8002bec:	0800aa64 	.word	0x0800aa64
 8002bf0:	0800aa54 	.word	0x0800aa54
 8002bf4:	0800b600 	.word	0x0800b600
 8002bf8:	0800aa5c 	.word	0x0800aa5c
 8002bfc:	0800aa50 	.word	0x0800aa50

08002c00 <prefix_print>:
			     const char *domain,
			     const char *source,
			     k_tid_t tid,
			     uint8_t core_id,
			     uint8_t level)
{
 8002c00:	e92d 4ff0 	stmdb	sp!, {r4, r5, r6, r7, r8, r9, sl, fp, lr}
 8002c04:	b089      	sub	sp, #36	@ 0x24
 8002c06:	4605      	mov	r5, r0
 8002c08:	460c      	mov	r4, r1
 8002c0a:	9206      	str	r2, [sp, #24]
 8002c0c:	9307      	str	r3, [sp, #28]
 8002c0e:	f89d 7058 	ldrb.w	r7, [sp, #88]	@ 0x58
	__ASSERT_NO_MSG(level <= LOG_LEVEL_DBG);
	uint32_t length = 0U;

	bool stamp = flags & LOG_OUTPUT_FLAG_TIMESTAMP;
 8002c12:	f001 0b02 	and.w	fp, r1, #2
	bool colors_on = flags & LOG_OUTPUT_FLAG_COLORS;
 8002c16:	f001 0a01 	and.w	sl, r1, #1
	bool level_on = flags & LOG_OUTPUT_FLAG_LEVEL;
 8002c1a:	f3c1 08c0 	ubfx	r8, r1, #3, #1
	bool thread_on = IS_ENABLED(CONFIG_LOG_THREAD_ID_PREFIX) &&
			 (flags & LOG_OUTPUT_FLAG_THREAD);
	bool core_on = IS_ENABLED(CONFIG_LOG_CORE_ID_PREFIX) &&
			 (flags & LOG_OUTPUT_FLAG_CORE);
	bool source_off = flags & LOG_OUTPUT_FLAG_SKIP_SOURCE;
 8002c1e:	f401 7980 	and.w	r9, r1, #256	@ 0x100
	const char *tag = IS_ENABLED(CONFIG_LOG) ? z_log_get_tag() : NULL;
 8002c22:	f005 fc21 	bl	8008468 <z_log_get_tag>
			"<%d>1 ",
			facility * 8 +
			level_to_rfc5424_severity(level));
	}

	if (tag) {
 8002c26:	b338      	cbz	r0, 8002c78 <prefix_print+0x78>
 8002c28:	4602      	mov	r2, r0
		length += print_formatted(output, "%s ", tag);
 8002c2a:	4918      	ldr	r1, [pc, #96]	@ (8002c8c <prefix_print+0x8c>)
 8002c2c:	4628      	mov	r0, r5
 8002c2e:	f7ff ff41 	bl	8002ab4 <print_formatted>
 8002c32:	4606      	mov	r6, r0
	}

	if (stamp) {
 8002c34:	f1bb 0f00 	cmp.w	fp, #0
 8002c38:	d120      	bne.n	8002c7c <prefix_print+0x7c>
	if (IS_ENABLED(CONFIG_LOG_BACKEND_NET) &&
	    flags & LOG_OUTPUT_FLAG_FORMAT_SYSLOG) {
		length += syslog_print(output, level_on, func_on, &thread_on, domain,
				       source_off ? NULL : source, tid, level, length);
	} else {
		color_prefix(output, colors_on, level);
 8002c3a:	463a      	mov	r2, r7
 8002c3c:	4651      	mov	r1, sl
 8002c3e:	4628      	mov	r0, r5
 8002c40:	f005 fce8 	bl	8008614 <color_prefix>
	}

	length += ids_print(output, level_on, func_on, thread_on, core_on, domain,
 8002c44:	f1b9 0f00 	cmp.w	r9, #0
 8002c48:	d001      	beq.n	8002c4e <prefix_print+0x4e>
 8002c4a:	2300      	movs	r3, #0
 8002c4c:	9313      	str	r3, [sp, #76]	@ 0x4c
 8002c4e:	9705      	str	r7, [sp, #20]
 8002c50:	f89d 3054 	ldrb.w	r3, [sp, #84]	@ 0x54
 8002c54:	9304      	str	r3, [sp, #16]
 8002c56:	9b14      	ldr	r3, [sp, #80]	@ 0x50
 8002c58:	9303      	str	r3, [sp, #12]
 8002c5a:	9b13      	ldr	r3, [sp, #76]	@ 0x4c
 8002c5c:	9302      	str	r3, [sp, #8]
 8002c5e:	9b12      	ldr	r3, [sp, #72]	@ 0x48
 8002c60:	9301      	str	r3, [sp, #4]
 8002c62:	2300      	movs	r3, #0
 8002c64:	9300      	str	r3, [sp, #0]
 8002c66:	9a06      	ldr	r2, [sp, #24]
 8002c68:	4641      	mov	r1, r8
 8002c6a:	4628      	mov	r0, r5
 8002c6c:	f7ff ff90 	bl	8002b90 <ids_print>
			    source_off ? NULL : source, tid, core_id, level);

	return length;
}
 8002c70:	4430      	add	r0, r6
 8002c72:	b009      	add	sp, #36	@ 0x24
 8002c74:	e8bd 8ff0 	ldmia.w	sp!, {r4, r5, r6, r7, r8, r9, sl, fp, pc}
	uint32_t length = 0U;
 8002c78:	2600      	movs	r6, #0
 8002c7a:	e7db      	b.n	8002c34 <prefix_print+0x34>
		length += timestamp_print(output, flags, timestamp);
 8002c7c:	9a07      	ldr	r2, [sp, #28]
 8002c7e:	4621      	mov	r1, r4
 8002c80:	4628      	mov	r0, r5
 8002c82:	f7ff ff29 	bl	8002ad8 <timestamp_print>
 8002c86:	4406      	add	r6, r0
 8002c88:	e7d7      	b.n	8002c3a <prefix_print+0x3a>
 8002c8a:	bf00      	nop
 8002c8c:	0800aa68 	.word	0x0800aa68

08002c90 <newline_print>:
	if ((flags & LOG_OUTPUT_FLAG_CRLF_NONE) != 0U) {
 8002c90:	f011 0f10 	tst.w	r1, #16
 8002c94:	d10b      	bne.n	8002cae <newline_print+0x1e>
{
 8002c96:	b508      	push	{r3, lr}
	if ((flags & LOG_OUTPUT_FLAG_CRLF_LFONLY) != 0U) {
 8002c98:	f011 0f20 	tst.w	r1, #32
 8002c9c:	d003      	beq.n	8002ca6 <newline_print+0x16>
		print_formatted(ctx, "\n");
 8002c9e:	4904      	ldr	r1, [pc, #16]	@ (8002cb0 <newline_print+0x20>)
 8002ca0:	f7ff ff08 	bl	8002ab4 <print_formatted>
}
 8002ca4:	bd08      	pop	{r3, pc}
		print_formatted(ctx, "\r\n");
 8002ca6:	4903      	ldr	r1, [pc, #12]	@ (8002cb4 <newline_print+0x24>)
 8002ca8:	f7ff ff04 	bl	8002ab4 <print_formatted>
 8002cac:	e7fa      	b.n	8002ca4 <newline_print+0x14>
 8002cae:	4770      	bx	lr
 8002cb0:	0800aa6c 	.word	0x0800aa6c
 8002cb4:	0800aa70 	.word	0x0800aa70

08002cb8 <hexdump_line_print>:
{
 8002cb8:	e92d 41f0 	stmdb	sp!, {r4, r5, r6, r7, r8, lr}
 8002cbc:	4605      	mov	r5, r0
 8002cbe:	460f      	mov	r7, r1
 8002cc0:	4616      	mov	r6, r2
 8002cc2:	4698      	mov	r8, r3
	newline_print(output, flags);
 8002cc4:	9906      	ldr	r1, [sp, #24]
 8002cc6:	f7ff ffe3 	bl	8002c90 <newline_print>
	for (int i = 0; i < prefix_offset; i++) {
 8002cca:	2400      	movs	r4, #0
 8002ccc:	e004      	b.n	8002cd8 <hexdump_line_print+0x20>
		print_formatted(output, " ");
 8002cce:	4925      	ldr	r1, [pc, #148]	@ (8002d64 <hexdump_line_print+0xac>)
 8002cd0:	4628      	mov	r0, r5
 8002cd2:	f7ff feef 	bl	8002ab4 <print_formatted>
	for (int i = 0; i < prefix_offset; i++) {
 8002cd6:	3401      	adds	r4, #1
 8002cd8:	4544      	cmp	r4, r8
 8002cda:	dbf8      	blt.n	8002cce <hexdump_line_print+0x16>
	for (int i = 0; i < HEXDUMP_BYTES_IN_LINE; i++) {
 8002cdc:	2400      	movs	r4, #0
 8002cde:	e009      	b.n	8002cf4 <hexdump_line_print+0x3c>
			print_formatted(output, " ");
 8002ce0:	4920      	ldr	r1, [pc, #128]	@ (8002d64 <hexdump_line_print+0xac>)
 8002ce2:	4628      	mov	r0, r5
 8002ce4:	f7ff fee6 	bl	8002ab4 <print_formatted>
 8002ce8:	e00b      	b.n	8002d02 <hexdump_line_print+0x4a>
			print_formatted(output, "   ");
 8002cea:	491f      	ldr	r1, [pc, #124]	@ (8002d68 <hexdump_line_print+0xb0>)
 8002cec:	4628      	mov	r0, r5
 8002cee:	f7ff fee1 	bl	8002ab4 <print_formatted>
	for (int i = 0; i < HEXDUMP_BYTES_IN_LINE; i++) {
 8002cf2:	3401      	adds	r4, #1
 8002cf4:	2c0f      	cmp	r4, #15
 8002cf6:	dc0c      	bgt.n	8002d12 <hexdump_line_print+0x5a>
		if (i > 0 && !(i % 8)) {
 8002cf8:	2c00      	cmp	r4, #0
 8002cfa:	dd02      	ble.n	8002d02 <hexdump_line_print+0x4a>
 8002cfc:	f014 0f07 	tst.w	r4, #7
 8002d00:	d0ee      	beq.n	8002ce0 <hexdump_line_print+0x28>
		if (i < length) {
 8002d02:	42b4      	cmp	r4, r6
 8002d04:	d2f1      	bcs.n	8002cea <hexdump_line_print+0x32>
			print_formatted(output, "%02x ", data[i]);
 8002d06:	5d3a      	ldrb	r2, [r7, r4]
 8002d08:	4918      	ldr	r1, [pc, #96]	@ (8002d6c <hexdump_line_print+0xb4>)
 8002d0a:	4628      	mov	r0, r5
 8002d0c:	f7ff fed2 	bl	8002ab4 <print_formatted>
 8002d10:	e7ef      	b.n	8002cf2 <hexdump_line_print+0x3a>
	print_formatted(output, "|");
 8002d12:	4917      	ldr	r1, [pc, #92]	@ (8002d70 <hexdump_line_print+0xb8>)
 8002d14:	4628      	mov	r0, r5
 8002d16:	f7ff fecd 	bl	8002ab4 <print_formatted>
	for (int i = 0; i < HEXDUMP_BYTES_IN_LINE; i++) {
 8002d1a:	2400      	movs	r4, #0
 8002d1c:	e009      	b.n	8002d32 <hexdump_line_print+0x7a>
			print_formatted(output, " ");
 8002d1e:	4911      	ldr	r1, [pc, #68]	@ (8002d64 <hexdump_line_print+0xac>)
 8002d20:	4628      	mov	r0, r5
 8002d22:	f7ff fec7 	bl	8002ab4 <print_formatted>
 8002d26:	e00b      	b.n	8002d40 <hexdump_line_print+0x88>
			print_formatted(output, "%c",
 8002d28:	4912      	ldr	r1, [pc, #72]	@ (8002d74 <hexdump_line_print+0xbc>)
 8002d2a:	4628      	mov	r0, r5
 8002d2c:	f7ff fec2 	bl	8002ab4 <print_formatted>
	for (int i = 0; i < HEXDUMP_BYTES_IN_LINE; i++) {
 8002d30:	3401      	adds	r4, #1
 8002d32:	2c0f      	cmp	r4, #15
 8002d34:	dc13      	bgt.n	8002d5e <hexdump_line_print+0xa6>
		if (i > 0 && !(i % 8)) {
 8002d36:	2c00      	cmp	r4, #0
 8002d38:	dd02      	ble.n	8002d40 <hexdump_line_print+0x88>
 8002d3a:	f014 0f07 	tst.w	r4, #7
 8002d3e:	d0ee      	beq.n	8002d1e <hexdump_line_print+0x66>
		if (i < length) {
 8002d40:	42b4      	cmp	r4, r6
 8002d42:	d207      	bcs.n	8002d54 <hexdump_line_print+0x9c>
			unsigned char c = (unsigned char)data[i];
 8002d44:	5d3a      	ldrb	r2, [r7, r4]
			      isprint((int)c) != 0 ? c : '.');
 8002d46:	4b0c      	ldr	r3, [pc, #48]	@ (8002d78 <hexdump_line_print+0xc0>)
 8002d48:	5c9b      	ldrb	r3, [r3, r2]
			print_formatted(output, "%c",
 8002d4a:	f013 0f97 	tst.w	r3, #151	@ 0x97
 8002d4e:	d1eb      	bne.n	8002d28 <hexdump_line_print+0x70>
 8002d50:	222e      	movs	r2, #46	@ 0x2e
 8002d52:	e7e9      	b.n	8002d28 <hexdump_line_print+0x70>
			print_formatted(output, " ");
 8002d54:	4903      	ldr	r1, [pc, #12]	@ (8002d64 <hexdump_line_print+0xac>)
 8002d56:	4628      	mov	r0, r5
 8002d58:	f7ff feac 	bl	8002ab4 <print_formatted>
 8002d5c:	e7e8      	b.n	8002d30 <hexdump_line_print+0x78>
}
 8002d5e:	e8bd 81f0 	ldmia.w	sp!, {r4, r5, r6, r7, r8, pc}
 8002d62:	bf00      	nop
 8002d64:	0800aa74 	.word	0x0800aa74
 8002d68:	0800aa80 	.word	0x0800aa80
 8002d6c:	0800aa78 	.word	0x0800aa78
 8002d70:	0800aa84 	.word	0x0800aa84
 8002d74:	0800aa88 	.word	0x0800aa88
 8002d78:	0800b910 	.word	0x0800b910

08002d7c <log_output_process>:
			uint8_t level,
			const uint8_t *package,
			const uint8_t *data,
			size_t data_len,
			uint32_t flags)
{
 8002d7c:	e92d 41f0 	stmdb	sp!, {r4, r5, r6, r7, r8, lr}
 8002d80:	b086      	sub	sp, #24
 8002d82:	4604      	mov	r4, r0
 8002d84:	f89d 5038 	ldrb.w	r5, [sp, #56]	@ 0x38
 8002d88:	9f0f      	ldr	r7, [sp, #60]	@ 0x3c
 8002d8a:	9e11      	ldr	r6, [sp, #68]	@ 0x44
	bool raw_string = (level == LOG_LEVEL_INTERNAL_RAW_STRING);
	uint32_t prefix_offset;
	cbprintf_cb cb;

	if (!raw_string) {
 8002d8c:	b995      	cbnz	r5, 8002db4 <log_output_process+0x38>
		prefix_offset = 0;
		/* source set to 1 indicates raw string and contrary to printk
		 * case it should not append anything to the output (printk is
		 * appending <CR> to the new line character).
		 */
		cb = ((uintptr_t)source == 1) ? out_func : cr_out_func;
 8002d8e:	2b01      	cmp	r3, #1
 8002d90:	d021      	beq.n	8002dd6 <log_output_process+0x5a>
 8002d92:	481a      	ldr	r0, [pc, #104]	@ (8002dfc <log_output_process+0x80>)
		prefix_offset = 0;
 8002d94:	f04f 0800 	mov.w	r8, #0
	}

	if (package) {
 8002d98:	b127      	cbz	r7, 8002da4 <log_output_process+0x28>
		return cbpprintf_external(out, cbvprintf_tagged_args,
					  ctx, packaged);
	}
#endif

	return cbpprintf_external(out, cbvprintf, ctx, packaged);
 8002d9a:	463b      	mov	r3, r7
 8002d9c:	4622      	mov	r2, r4
 8002d9e:	4918      	ldr	r1, [pc, #96]	@ (8002e00 <log_output_process+0x84>)
 8002da0:	f004 fea7 	bl	8007af2 <cbpprintf_external>

		(void)err;
		__ASSERT_NO_MSG(err >= 0);
	}

	if (data_len) {
 8002da4:	b9de      	cbnz	r6, 8002dde <log_output_process+0x62>
		log_msg_hexdump(output, (uint8_t *)data, data_len, prefix_offset, flags);
	}

	if (!raw_string) {
 8002da6:	bb1d      	cbnz	r5, 8002df0 <log_output_process+0x74>
		postfix_print(output, flags, level);
	}

	log_output_flush(output);
 8002da8:	4620      	mov	r0, r4
 8002daa:	f005 fbf1 	bl	8008590 <log_output_flush>
}
 8002dae:	b006      	add	sp, #24
 8002db0:	e8bd 81f0 	ldmia.w	sp!, {r4, r5, r6, r7, r8, pc}
		prefix_offset = prefix_print(output, flags, 0, timestamp,
 8002db4:	9504      	str	r5, [sp, #16]
 8002db6:	f89d 0034 	ldrb.w	r0, [sp, #52]	@ 0x34
 8002dba:	9003      	str	r0, [sp, #12]
 8002dbc:	980c      	ldr	r0, [sp, #48]	@ 0x30
 8002dbe:	9002      	str	r0, [sp, #8]
 8002dc0:	9301      	str	r3, [sp, #4]
 8002dc2:	9200      	str	r2, [sp, #0]
 8002dc4:	460b      	mov	r3, r1
 8002dc6:	2200      	movs	r2, #0
 8002dc8:	9912      	ldr	r1, [sp, #72]	@ 0x48
 8002dca:	4620      	mov	r0, r4
 8002dcc:	f7ff ff18 	bl	8002c00 <prefix_print>
 8002dd0:	4680      	mov	r8, r0
		cb = out_func;
 8002dd2:	480c      	ldr	r0, [pc, #48]	@ (8002e04 <log_output_process+0x88>)
 8002dd4:	e7e0      	b.n	8002d98 <log_output_process+0x1c>
		cb = ((uintptr_t)source == 1) ? out_func : cr_out_func;
 8002dd6:	480b      	ldr	r0, [pc, #44]	@ (8002e04 <log_output_process+0x88>)
		prefix_offset = 0;
 8002dd8:	f04f 0800 	mov.w	r8, #0
 8002ddc:	e7dc      	b.n	8002d98 <log_output_process+0x1c>
		log_msg_hexdump(output, (uint8_t *)data, data_len, prefix_offset, flags);
 8002dde:	9b12      	ldr	r3, [sp, #72]	@ 0x48
 8002de0:	9300      	str	r3, [sp, #0]
 8002de2:	4643      	mov	r3, r8
 8002de4:	4632      	mov	r2, r6
 8002de6:	9910      	ldr	r1, [sp, #64]	@ 0x40
 8002de8:	4620      	mov	r0, r4
 8002dea:	f005 fc2b 	bl	8008644 <log_msg_hexdump>
 8002dee:	e7da      	b.n	8002da6 <log_output_process+0x2a>
		postfix_print(output, flags, level);
 8002df0:	462a      	mov	r2, r5
 8002df2:	9912      	ldr	r1, [sp, #72]	@ 0x48
 8002df4:	4620      	mov	r0, r4
 8002df6:	f005 fc19 	bl	800862c <postfix_print>
 8002dfa:	e7d5      	b.n	8002da8 <log_output_process+0x2c>
 8002dfc:	080085f7 	.word	0x080085f7
 8002e00:	08003c45 	.word	0x08003c45
 8002e04:	080085bf 	.word	0x080085bf

08002e08 <log_output_dropped_process>:
			   log_msg_get_core_id(msg), level,
			   plen > 0 ? package : NULL, data, dlen, flags);
}

void log_output_dropped_process(const struct log_output *output, uint32_t cnt)
{
 8002e08:	e92d 43f0 	stmdb	sp!, {r4, r5, r6, r7, r8, r9, lr}
 8002e0c:	b083      	sub	sp, #12
 8002e0e:	4606      	mov	r6, r0
	char buf[5];
	int len;
	static const char prefix[] = DROPPED_COLOR_PREFIX "--- ";
	static const char postfix[] =
			" messages dropped ---\r\n" DROPPED_COLOR_POSTFIX;
	log_output_func_t outf = output->func;
 8002e10:	6805      	ldr	r5, [r0, #0]

	cnt = MIN(cnt, 9999);
	len = snprintk(buf, sizeof(buf), "%d", cnt);
 8002e12:	f242 730f 	movw	r3, #9999	@ 0x270f
 8002e16:	428b      	cmp	r3, r1
 8002e18:	bf28      	it	cs
 8002e1a:	460b      	movcs	r3, r1
 8002e1c:	4a18      	ldr	r2, [pc, #96]	@ (8002e80 <log_output_dropped_process+0x78>)
 8002e1e:	2105      	movs	r1, #5
 8002e20:	4668      	mov	r0, sp
 8002e22:	f003 ff85 	bl	8006d30 <snprintf>
 8002e26:	4604      	mov	r4, r0

	log_output_write(outf, (uint8_t *)prefix, sizeof(prefix) - 1, output->control_block->ctx);
 8002e28:	6873      	ldr	r3, [r6, #4]
 8002e2a:	f8d3 9004 	ldr.w	r9, [r3, #4]
 */
static inline void log_output_write(log_output_func_t outf, uint8_t *buf, size_t len, void *ctx)
{
	int processed;

	while (len != 0) {
 8002e2e:	270b      	movs	r7, #11
 8002e30:	f8df 8050 	ldr.w	r8, [pc, #80]	@ 8002e84 <log_output_dropped_process+0x7c>
 8002e34:	e005      	b.n	8002e42 <log_output_dropped_process+0x3a>
		processed = outf(buf, len, ctx);
 8002e36:	464a      	mov	r2, r9
 8002e38:	4639      	mov	r1, r7
 8002e3a:	4640      	mov	r0, r8
 8002e3c:	47a8      	blx	r5
		len -= processed;
 8002e3e:	1a3f      	subs	r7, r7, r0
		buf += processed;
 8002e40:	4480      	add	r8, r0
	while (len != 0) {
 8002e42:	2f00      	cmp	r7, #0
 8002e44:	d1f7      	bne.n	8002e36 <log_output_dropped_process+0x2e>
	log_output_write(outf, buf, len, output->control_block->ctx);
 8002e46:	6873      	ldr	r3, [r6, #4]
 8002e48:	f8d3 8004 	ldr.w	r8, [r3, #4]
 8002e4c:	466f      	mov	r7, sp
 8002e4e:	e005      	b.n	8002e5c <log_output_dropped_process+0x54>
		processed = outf(buf, len, ctx);
 8002e50:	4642      	mov	r2, r8
 8002e52:	4621      	mov	r1, r4
 8002e54:	4638      	mov	r0, r7
 8002e56:	47a8      	blx	r5
		len -= processed;
 8002e58:	1a24      	subs	r4, r4, r0
		buf += processed;
 8002e5a:	4407      	add	r7, r0
	while (len != 0) {
 8002e5c:	2c00      	cmp	r4, #0
 8002e5e:	d1f7      	bne.n	8002e50 <log_output_dropped_process+0x48>
	log_output_write(outf, (uint8_t *)postfix, sizeof(postfix) - 1, output->control_block->ctx);
 8002e60:	6873      	ldr	r3, [r6, #4]
 8002e62:	685f      	ldr	r7, [r3, #4]
 8002e64:	241b      	movs	r4, #27
 8002e66:	4e08      	ldr	r6, [pc, #32]	@ (8002e88 <log_output_dropped_process+0x80>)
 8002e68:	e005      	b.n	8002e76 <log_output_dropped_process+0x6e>
		processed = outf(buf, len, ctx);
 8002e6a:	463a      	mov	r2, r7
 8002e6c:	4621      	mov	r1, r4
 8002e6e:	4630      	mov	r0, r6
 8002e70:	47a8      	blx	r5
		len -= processed;
 8002e72:	1a24      	subs	r4, r4, r0
		buf += processed;
 8002e74:	4406      	add	r6, r0
	while (len != 0) {
 8002e76:	2c00      	cmp	r4, #0
 8002e78:	d1f7      	bne.n	8002e6a <log_output_dropped_process+0x62>
}
 8002e7a:	b003      	add	sp, #12
 8002e7c:	e8bd 83f0 	ldmia.w	sp!, {r4, r5, r6, r7, r8, r9, pc}
 8002e80:	0800ab7c 	.word	0x0800ab7c
 8002e84:	0800b5e0 	.word	0x0800b5e0
 8002e88:	0800b5c4 	.word	0x0800b5c4

08002e8c <log_output_timestamp_freq_set>:

void log_output_timestamp_freq_set(uint32_t frequency)
{
	timestamp_div = 1U;
 8002e8c:	4b07      	ldr	r3, [pc, #28]	@ (8002eac <log_output_timestamp_freq_set+0x20>)
 8002e8e:	2201      	movs	r2, #1
 8002e90:	601a      	str	r2, [r3, #0]
	/* There is no point to have frequency higher than 1MHz (ns are not
	 * printed) and too high frequency leads to overflows in calculations.
	 */
	while (frequency > 1000000) {
 8002e92:	e004      	b.n	8002e9e <log_output_timestamp_freq_set+0x12>
		frequency /= 2U;
 8002e94:	0840      	lsrs	r0, r0, #1
		timestamp_div *= 2U;
 8002e96:	4a05      	ldr	r2, [pc, #20]	@ (8002eac <log_output_timestamp_freq_set+0x20>)
 8002e98:	6813      	ldr	r3, [r2, #0]
 8002e9a:	005b      	lsls	r3, r3, #1
 8002e9c:	6013      	str	r3, [r2, #0]
	while (frequency > 1000000) {
 8002e9e:	4b04      	ldr	r3, [pc, #16]	@ (8002eb0 <log_output_timestamp_freq_set+0x24>)
 8002ea0:	4298      	cmp	r0, r3
 8002ea2:	d8f7      	bhi.n	8002e94 <log_output_timestamp_freq_set+0x8>
	}

	freq = frequency;
 8002ea4:	4b03      	ldr	r3, [pc, #12]	@ (8002eb4 <log_output_timestamp_freq_set+0x28>)
 8002ea6:	6018      	str	r0, [r3, #0]
}
 8002ea8:	4770      	bx	lr
 8002eaa:	bf00      	nop
 8002eac:	20000ff0 	.word	0x20000ff0
 8002eb0:	000f4240 	.word	0x000f4240
 8002eb4:	20000ff4 	.word	0x20000ff4

08002eb8 <char_out>:
		uart_poll_out(uart_dev, c);
	}
}

static int char_out(uint8_t *data, size_t length, void *ctx)
{
 8002eb8:	b570      	push	{r4, r5, r6, lr}
 8002eba:	4606      	mov	r6, r0
 8002ebc:	460d      	mov	r5, r1
		goto cleanup;
	}

	if (!IS_ENABLED(CONFIG_LOG_BACKEND_UART_ASYNC) || lb_data->in_panic ||
	    !lb_data->use_async) {
		for (size_t i = 0; i < length; i++) {
 8002ebe:	2400      	movs	r4, #0
 8002ec0:	e005      	b.n	8002ece <char_out+0x16>
			uart_poll_out(uart_dev, data[i]);
 8002ec2:	5d31      	ldrb	r1, [r6, r4]
#endif
}

static inline void z_impl_uart_poll_out(const struct device *dev, unsigned char out_char)
{
	const struct uart_driver_api *api = (const struct uart_driver_api *)dev->api;
 8002ec4:	4804      	ldr	r0, [pc, #16]	@ (8002ed8 <char_out+0x20>)
 8002ec6:	6883      	ldr	r3, [r0, #8]

	api->poll_out(dev, out_char);
 8002ec8:	685b      	ldr	r3, [r3, #4]
 8002eca:	4798      	blx	r3
		for (size_t i = 0; i < length; i++) {
 8002ecc:	3401      	adds	r4, #1
 8002ece:	42ac      	cmp	r4, r5
 8002ed0:	d3f7      	bcc.n	8002ec2 <char_out+0xa>
	 * As errors cannot be returned, ignore the return value
	 */
	(void)pm_device_runtime_put_async(uart_dev, K_MSEC(1));

	return length;
}
 8002ed2:	4628      	mov	r0, r5
 8002ed4:	bd70      	pop	{r4, r5, r6, pc}
 8002ed6:	bf00      	nop
 8002ed8:	08009f90 	.word	0x08009f90

08002edc <mem_attr_get_regions>:
	DT_MEMORY_ATTR_FOREACH_STATUS_OKAY_NODE(_BUILD_MEM_ATTR_REGION)
};

size_t mem_attr_get_regions(const struct mem_attr_region_t **region)
{
	*region = mem_attr_region;
 8002edc:	4b01      	ldr	r3, [pc, #4]	@ (8002ee4 <mem_attr_get_regions+0x8>)
 8002ede:	6003      	str	r3, [r0, #0]

	return ARRAY_SIZE(mem_attr_region);
}
 8002ee0:	2000      	movs	r0, #0
 8002ee2:	4770      	bx	lr
 8002ee4:	0800b648 	.word	0x0800b648

08002ee8 <arch_bss_zero>:
 *
 * This routine clears the BSS region, so all bytes are 0.
 */
__boot_func
void arch_bss_zero(void)
{
 8002ee8:	b508      	push	{r3, lr}
	if (IS_ENABLED(CONFIG_SKIP_BSS_CLEAR)) {
		return;
	}

	arch_early_memset(__bss_start, 0, __bss_end - __bss_start);
 8002eea:	4803      	ldr	r0, [pc, #12]	@ (8002ef8 <arch_bss_zero+0x10>)
 8002eec:	4a03      	ldr	r2, [pc, #12]	@ (8002efc <arch_bss_zero+0x14>)
 8002eee:	1a12      	subs	r2, r2, r0
 8002ef0:	2100      	movs	r1, #0
 8002ef2:	f005 fc38 	bl	8008766 <arch_early_memset>
#endif /* CONFIG_COVERAGE_GCOV */
#ifdef CONFIG_NOCACHE_MEMORY
	arch_early_memset(&_nocache_ram_start, 0,
			(uintptr_t) &_nocache_ram_end - (uintptr_t) &_nocache_ram_start);
#endif
}
 8002ef6:	bd08      	pop	{r3, pc}
 8002ef8:	20000298 	.word	0x20000298
 8002efc:	20001114 	.word	0x20001114

08002f00 <arch_data_copy>:
 * @brief Copy the data section from ROM to RAM
 *
 * This routine copies the data section from ROM to RAM.
 */
void arch_data_copy(void)
{
 8002f00:	b508      	push	{r3, lr}
	arch_early_memcpy(&__data_region_start, &__data_region_load_start,
		       __data_region_end - __data_region_start);
 8002f02:	4806      	ldr	r0, [pc, #24]	@ (8002f1c <arch_data_copy+0x1c>)
	arch_early_memcpy(&__data_region_start, &__data_region_load_start,
 8002f04:	4a06      	ldr	r2, [pc, #24]	@ (8002f20 <arch_data_copy+0x20>)
 8002f06:	1a12      	subs	r2, r2, r0
 8002f08:	4906      	ldr	r1, [pc, #24]	@ (8002f24 <arch_data_copy+0x24>)
 8002f0a:	f005 fc30 	bl	800876e <arch_early_memcpy>
#ifdef CONFIG_ARCH_HAS_RAMFUNC_SUPPORT
	arch_early_memcpy(&__ramfunc_region_start, &__ramfunc_load_start,
		       __ramfunc_end - __ramfunc_region_start);
 8002f0e:	4806      	ldr	r0, [pc, #24]	@ (8002f28 <arch_data_copy+0x28>)
	arch_early_memcpy(&__ramfunc_region_start, &__ramfunc_load_start,
 8002f10:	4a06      	ldr	r2, [pc, #24]	@ (8002f2c <arch_data_copy+0x2c>)
 8002f12:	1a12      	subs	r2, r2, r0
 8002f14:	4906      	ldr	r1, [pc, #24]	@ (8002f30 <arch_data_copy+0x30>)
 8002f16:	f005 fc2a 	bl	800876e <arch_early_memcpy>
#else
	arch_early_memcpy(&_app_smem_start, &_app_smem_rom_start,
		       _app_smem_end - _app_smem_start);
#endif /* CONFIG_REQUIRES_STACK_CANARIES */
#endif /* CONFIG_USERSPACE */
}
 8002f1a:	bd08      	pop	{r3, pc}
 8002f1c:	20000000 	.word	0x20000000
 8002f20:	20000298 	.word	0x20000298
 8002f24:	0800ba10 	.word	0x0800ba10
 8002f28:	20000000 	.word	0x20000000
 8002f2c:	20000000 	.word	0x20000000
 8002f30:	0800ba10 	.word	0x0800ba10

08002f34 <esf_dump>:

extern void z_arm_unwind_stack(const struct arch_esf *esf);

#ifdef CONFIG_EXCEPTION_DEBUG
static void esf_dump(const struct arch_esf *esf)
{
 8002f34:	e92d 41f0 	stmdb	sp!, {r4, r5, r6, r7, r8, lr}
 8002f38:	b082      	sub	sp, #8
 8002f3a:	af00      	add	r7, sp, #0
 8002f3c:	4604      	mov	r4, r0
	EXCEPTION_DUMP("r0/a1:  0x%08x  r1/a2:  0x%08x  r2/a3:  0x%08x",
 8002f3e:	f8d0 e000 	ldr.w	lr, [r0]
 8002f42:	f8d0 c004 	ldr.w	ip, [r0, #4]
 8002f46:	6885      	ldr	r5, [r0, #8]
 8002f48:	466e      	mov	r6, sp
 8002f4a:	b08a      	sub	sp, #40	@ 0x28
 8002f4c:	466b      	mov	r3, sp
 8002f4e:	f113 0210 	adds.w	r2, r3, #16
 8002f52:	f000 8088 	beq.w	8003066 <esf_dump+0x132>
 8002f56:	2114      	movs	r1, #20
 8002f58:	b18a      	cbz	r2, 8002f7e <esf_dump+0x4a>
 8002f5a:	4608      	mov	r0, r1
 8002f5c:	2904      	cmp	r1, #4
 8002f5e:	dd03      	ble.n	8002f68 <esf_dump+0x34>
 8002f60:	f8df 811c 	ldr.w	r8, [pc, #284]	@ 8003080 <esf_dump+0x14c>
 8002f64:	f8c3 8014 	str.w	r8, [r3, #20]
 8002f68:	2808      	cmp	r0, #8
 8002f6a:	dd01      	ble.n	8002f70 <esf_dump+0x3c>
 8002f6c:	f8c3 e018 	str.w	lr, [r3, #24]
 8002f70:	280c      	cmp	r0, #12
 8002f72:	dd01      	ble.n	8002f78 <esf_dump+0x44>
 8002f74:	f8c3 c01c 	str.w	ip, [r3, #28]
 8002f78:	2810      	cmp	r0, #16
 8002f7a:	dd00      	ble.n	8002f7e <esf_dump+0x4a>
 8002f7c:	621d      	str	r5, [r3, #32]
 8002f7e:	2913      	cmp	r1, #19
 8002f80:	dd74      	ble.n	800306c <esf_dump+0x138>
 8002f82:	2514      	movs	r5, #20
 8002f84:	b13a      	cbz	r2, 8002f96 <esf_dump+0x62>
 8002f86:	2105      	movs	r1, #5
 8002f88:	7139      	strb	r1, [r7, #4]
 8002f8a:	2100      	movs	r1, #0
 8002f8c:	7179      	strb	r1, [r7, #5]
 8002f8e:	71b9      	strb	r1, [r7, #6]
 8002f90:	71f9      	strb	r1, [r7, #7]
 8002f92:	6878      	ldr	r0, [r7, #4]
 8002f94:	6118      	str	r0, [r3, #16]
 8002f96:	2100      	movs	r1, #0
 8002f98:	f021 0101 	bic.w	r1, r1, #1
 8002f9c:	f021 0102 	bic.w	r1, r1, #2
 8002fa0:	f021 0104 	bic.w	r1, r1, #4
 8002fa4:	f021 0138 	bic.w	r1, r1, #56	@ 0x38
 8002fa8:	2301      	movs	r3, #1
 8002faa:	f363 1188 	bfi	r1, r3, #6, #3
 8002fae:	f3c5 050a 	ubfx	r5, r5, #0, #11
 8002fb2:	f365 2153 	bfi	r1, r5, #9, #11
 8002fb6:	f3c1 0113 	ubfx	r1, r1, #0, #20
	z_impl_z_log_msg_static_create(source, desc, package, data);
 8002fba:	2300      	movs	r3, #0
 8002fbc:	4831      	ldr	r0, [pc, #196]	@ (8003084 <esf_dump+0x150>)
 8002fbe:	f7ff fc6b 	bl	8002898 <z_impl_z_log_msg_static_create>
 8002fc2:	46b5      	mov	sp, r6
		esf->basic.a1, esf->basic.a2, esf->basic.a3);
	EXCEPTION_DUMP("r3/a4:  0x%08x r12/ip:  0x%08x r14/lr:  0x%08x",
 8002fc4:	f8d4 c00c 	ldr.w	ip, [r4, #12]
 8002fc8:	6926      	ldr	r6, [r4, #16]
 8002fca:	6965      	ldr	r5, [r4, #20]
 8002fcc:	46e8      	mov	r8, sp
 8002fce:	b08a      	sub	sp, #40	@ 0x28
 8002fd0:	466b      	mov	r3, sp
 8002fd2:	f113 0210 	adds.w	r2, r3, #16
 8002fd6:	d04c      	beq.n	8003072 <esf_dump+0x13e>
 8002fd8:	2114      	movs	r1, #20
 8002fda:	b182      	cbz	r2, 8002ffe <esf_dump+0xca>
 8002fdc:	4608      	mov	r0, r1
 8002fde:	2904      	cmp	r1, #4
 8002fe0:	dd03      	ble.n	8002fea <esf_dump+0xb6>
 8002fe2:	f8df e0a4 	ldr.w	lr, [pc, #164]	@ 8003088 <esf_dump+0x154>
 8002fe6:	f8c3 e014 	str.w	lr, [r3, #20]
 8002fea:	2808      	cmp	r0, #8
 8002fec:	dd01      	ble.n	8002ff2 <esf_dump+0xbe>
 8002fee:	f8c3 c018 	str.w	ip, [r3, #24]
 8002ff2:	280c      	cmp	r0, #12
 8002ff4:	dd00      	ble.n	8002ff8 <esf_dump+0xc4>
 8002ff6:	61de      	str	r6, [r3, #28]
 8002ff8:	2810      	cmp	r0, #16
 8002ffa:	dd00      	ble.n	8002ffe <esf_dump+0xca>
 8002ffc:	621d      	str	r5, [r3, #32]
 8002ffe:	2913      	cmp	r1, #19
 8003000:	dd3a      	ble.n	8003078 <esf_dump+0x144>
 8003002:	2514      	movs	r5, #20
 8003004:	b13a      	cbz	r2, 8003016 <esf_dump+0xe2>
 8003006:	2105      	movs	r1, #5
 8003008:	7139      	strb	r1, [r7, #4]
 800300a:	2100      	movs	r1, #0
 800300c:	7179      	strb	r1, [r7, #5]
 800300e:	71b9      	strb	r1, [r7, #6]
 8003010:	71f9      	strb	r1, [r7, #7]
 8003012:	6878      	ldr	r0, [r7, #4]
 8003014:	6118      	str	r0, [r3, #16]
 8003016:	2100      	movs	r1, #0
 8003018:	f021 0101 	bic.w	r1, r1, #1
 800301c:	f021 0102 	bic.w	r1, r1, #2
 8003020:	f021 0104 	bic.w	r1, r1, #4
 8003024:	f021 0138 	bic.w	r1, r1, #56	@ 0x38
 8003028:	2601      	movs	r6, #1
 800302a:	f366 1188 	bfi	r1, r6, #6, #3
 800302e:	f3c5 050a 	ubfx	r5, r5, #0, #11
 8003032:	f365 2153 	bfi	r1, r5, #9, #11
 8003036:	f3c1 0113 	ubfx	r1, r1, #0, #20
 800303a:	4d12      	ldr	r5, [pc, #72]	@ (8003084 <esf_dump+0x150>)
 800303c:	2300      	movs	r3, #0
 800303e:	4628      	mov	r0, r5
 8003040:	f7ff fc2a 	bl	8002898 <z_impl_z_log_msg_static_create>
 8003044:	46c5      	mov	sp, r8
		esf->basic.a4, esf->basic.ip, esf->basic.lr);
	EXCEPTION_DUMP(" xpsr:  0x%08x", esf->basic.xpsr);
 8003046:	69e3      	ldr	r3, [r4, #28]
	z_impl_z_log_msg_simple_create_1(source, level, fmt, arg);
 8003048:	4a10      	ldr	r2, [pc, #64]	@ (800308c <esf_dump+0x158>)
 800304a:	4631      	mov	r1, r6
 800304c:	4628      	mov	r0, r5
 800304e:	f005 fa83 	bl	8008558 <z_impl_z_log_msg_simple_create_1>
	}

	EXCEPTION_DUMP("EXC_RETURN: 0x%0x", esf->extra_info.exc_return);

#endif /* CONFIG_EXTRA_EXCEPTION_INFO */
	EXCEPTION_DUMP("Faulting instruction address (r15/pc): 0x%08x",
 8003052:	69a3      	ldr	r3, [r4, #24]
 8003054:	4a0e      	ldr	r2, [pc, #56]	@ (8003090 <esf_dump+0x15c>)
 8003056:	4631      	mov	r1, r6
 8003058:	4628      	mov	r0, r5
 800305a:	f005 fa7d 	bl	8008558 <z_impl_z_log_msg_simple_create_1>
		esf->basic.pc);
}
 800305e:	3708      	adds	r7, #8
 8003060:	46bd      	mov	sp, r7
 8003062:	e8bd 81f0 	ldmia.w	sp!, {r4, r5, r6, r7, r8, pc}
	EXCEPTION_DUMP("r0/a1:  0x%08x  r1/a2:  0x%08x  r2/a3:  0x%08x",
 8003066:	f06f 4100 	mvn.w	r1, #2147483648	@ 0x80000000
 800306a:	e775      	b.n	8002f58 <esf_dump+0x24>
 800306c:	f06f 051b 	mvn.w	r5, #27
 8003070:	e788      	b.n	8002f84 <esf_dump+0x50>
	EXCEPTION_DUMP("r3/a4:  0x%08x r12/ip:  0x%08x r14/lr:  0x%08x",
 8003072:	f06f 4100 	mvn.w	r1, #2147483648	@ 0x80000000
 8003076:	e7b0      	b.n	8002fda <esf_dump+0xa6>
 8003078:	f06f 051b 	mvn.w	r5, #27
 800307c:	e7c2      	b.n	8003004 <esf_dump+0xd0>
 800307e:	bf00      	nop
 8003080:	0800aacc 	.word	0x0800aacc
 8003084:	0800a404 	.word	0x0800a404
 8003088:	0800aafc 	.word	0x0800aafc
 800308c:	0800ab2c 	.word	0x0800ab2c
 8003090:	0800ab3c 	.word	0x0800ab3c

08003094 <z_arm_fatal_error>:
#endif /* CONFIG_EXCEPTION_DEBUG */

void z_arm_fatal_error(unsigned int reason, const struct arch_esf *esf)
{
 8003094:	b538      	push	{r3, r4, r5, lr}
 8003096:	4604      	mov	r4, r0
#ifdef CONFIG_EXCEPTION_DEBUG
	if (esf != NULL) {
 8003098:	460d      	mov	r5, r1
 800309a:	b111      	cbz	r1, 80030a2 <z_arm_fatal_error+0xe>
		esf_dump(esf);
 800309c:	4608      	mov	r0, r1
 800309e:	f7ff ff49 	bl	8002f34 <esf_dump>
	}
#endif /* CONFIG_EXCEPTION_DEBUG */

	/* LOG the IRQn that was unhandled */
#if defined(CONFIG_CPU_CORTEX_M)
	if (reason == K_ERR_SPURIOUS_IRQ) {
 80030a2:	2c01      	cmp	r4, #1
 80030a4:	d004      	beq.n	80030b0 <z_arm_fatal_error+0x1c>

#ifdef CONFIG_EXCEPTION_STACK_TRACE
	z_arm_unwind_stack(esf);
#endif /* CONFIG_EXCEPTION_STACK_TRACE */

	z_fatal_error(reason, esf);
 80030a6:	4629      	mov	r1, r5
 80030a8:	4620      	mov	r0, r4
 80030aa:	f002 f893 	bl	80051d4 <z_fatal_error>
}
 80030ae:	bd38      	pop	{r3, r4, r5, pc}
  __ASM volatile ("MRS %0, ipsr" : "=r" (result) );
 80030b0:	f3ef 8305 	mrs	r3, IPSR
		uint32_t irqn = __get_IPSR() - 16;
 80030b4:	3b10      	subs	r3, #16
 80030b6:	4a03      	ldr	r2, [pc, #12]	@ (80030c4 <z_arm_fatal_error+0x30>)
 80030b8:	2101      	movs	r1, #1
 80030ba:	4803      	ldr	r0, [pc, #12]	@ (80030c8 <z_arm_fatal_error+0x34>)
 80030bc:	f005 fa4c 	bl	8008558 <z_impl_z_log_msg_simple_create_1>
		EXCEPTION_DUMP("Unhandled IRQn: %d", irqn);
 80030c0:	e7f1      	b.n	80030a6 <z_arm_fatal_error+0x12>
 80030c2:	bf00      	nop
 80030c4:	0800ab6c 	.word	0x0800ab6c
 80030c8:	0800a404 	.word	0x0800a404

080030cc <z_SysNmiOnReset>:
_ASM_FILE_PROLOGUE

GTEXT(z_SysNmiOnReset)

SECTION_FUNC(TEXT, z_SysNmiOnReset)
    wfi
 80030cc:	bf30      	wfi
    b z_SysNmiOnReset
 80030ce:	f7ff bffd 	b.w	80030cc <z_SysNmiOnReset>
 80030d2:	bf00      	nop

080030d4 <z_tls_copy>:
 * of TLS bss size after the data section.
 *
 * @param dest Pointer to destination
 */
static inline void z_tls_copy(char *dest)
{
 80030d4:	b538      	push	{r3, r4, r5, lr}
 80030d6:	4604      	mov	r4, r0
	/* Copy initialized data (tdata) */
	memcpy(dest, __tdata_start, (size_t)(uintptr_t)__tdata_size);
 80030d8:	4d05      	ldr	r5, [pc, #20]	@ (80030f0 <z_tls_copy+0x1c>)
 80030da:	462a      	mov	r2, r5
 80030dc:	4905      	ldr	r1, [pc, #20]	@ (80030f4 <z_tls_copy+0x20>)
 80030de:	f7fd f8bb 	bl	8000258 <__aeabi_memcpy>

	/* Clear BSS data (tbss) */
	dest += (size_t)(uintptr_t)__tdata_size;
	memset(dest, 0, (size_t)(uintptr_t)__tbss_size);
 80030e2:	4a05      	ldr	r2, [pc, #20]	@ (80030f8 <z_tls_copy+0x24>)
 80030e4:	2100      	movs	r1, #0
 80030e6:	1960      	adds	r0, r4, r5
 80030e8:	f003 fd66 	bl	8006bb8 <memset>
}
 80030ec:	bd38      	pop	{r3, r4, r5, pc}
 80030ee:	bf00      	nop
 80030f0:	00000008 	.word	0x00000008
 80030f4:	0800a488 	.word	0x0800a488
 80030f8:	00000004 	.word	0x00000004

080030fc <arch_tls_stack_setup>:
 */
K_APP_DMEM(z_libc_partition) uintptr_t z_arm_tls_ptr;
#endif

size_t arch_tls_stack_setup(struct k_thread *new_thread, char *stack_ptr)
{
 80030fc:	b570      	push	{r4, r5, r6, lr}
 80030fe:	4606      	mov	r6, r0
	return (size_t)(uintptr_t)__tdata_size +
 8003100:	4d06      	ldr	r5, [pc, #24]	@ (800311c <arch_tls_stack_setup+0x20>)
 8003102:	4b07      	ldr	r3, [pc, #28]	@ (8003120 <arch_tls_stack_setup+0x24>)
 8003104:	441d      	add	r5, r3

	/*
	 * Since we are populating things backwards,
	 * setup the TLS data/bss area first.
	 */
	stack_ptr -= z_tls_data_size();
 8003106:	1b4c      	subs	r4, r1, r5
	z_tls_copy(stack_ptr);
 8003108:	4620      	mov	r0, r4
 800310a:	f7ff ffe3 	bl	80030d4 <z_tls_copy>

#ifndef __IAR_SYSTEMS_ICC__
	/* Skip two pointers due to toolchain */
	stack_ptr -= sizeof(uintptr_t) * 2;
 800310e:	3c08      	subs	r4, #8

	/*
	 * Set thread TLS pointer which is used in
	 * context switch to point to TLS area.
	 */
	new_thread->tls = POINTER_TO_UINT(stack_ptr);
 8003110:	f8c6 40a8 	str.w	r4, [r6, #168]	@ 0xa8

	return (z_tls_data_size() + (sizeof(uintptr_t) * 2));
}
 8003114:	f105 0008 	add.w	r0, r5, #8
 8003118:	bd70      	pop	{r4, r5, r6, pc}
 800311a:	bf00      	nop
 800311c:	00000008 	.word	0x00000008
 8003120:	00000004 	.word	0x00000004

08003124 <z_arm_is_synchronous_svc>:
#error Unknown ARM architecture
#endif /* CONFIG_ARMV6_M_ARMV8_M_BASELINE */

static inline bool z_arm_is_synchronous_svc(struct arch_esf *esf)
{
	uint16_t *ret_addr = (uint16_t *)esf->basic.pc;
 8003124:	6981      	ldr	r1, [r0, #24]
	/* Note: ARMv6-M does not support CCR.BFHFNMIGN so this access
	 * could generate a fault if the pc was invalid.
	 */
	uint16_t fault_insn = *(ret_addr - 1);
#else
	SCB->CCR |= SCB_CCR_BFHFNMIGN_Msk;
 8003126:	4b10      	ldr	r3, [pc, #64]	@ (8003168 <z_arm_is_synchronous_svc+0x44>)
 8003128:	695a      	ldr	r2, [r3, #20]
 800312a:	f442 7280 	orr.w	r2, r2, #256	@ 0x100
 800312e:	615a      	str	r2, [r3, #20]
  \details Acts as a special kind of Data Memory Barrier.
           It completes when all explicit memory accesses before this instruction complete.
 */
__STATIC_FORCEINLINE void __DSB(void)
{
  __ASM volatile ("dsb 0xF":::"memory");
 8003130:	f3bf 8f4f 	dsb	sy
  __ASM volatile ("isb 0xF":::"memory");
 8003134:	f3bf 8f6f 	isb	sy
	barrier_dsync_fence_full();
	barrier_isync_fence_full();

	uint16_t fault_insn = *(ret_addr - 1);
 8003138:	f831 1c02 	ldrh.w	r1, [r1, #-2]

	SCB->CCR &= ~SCB_CCR_BFHFNMIGN_Msk;
 800313c:	695a      	ldr	r2, [r3, #20]
 800313e:	f422 7280 	bic.w	r2, r2, #256	@ 0x100
 8003142:	615a      	str	r2, [r3, #20]
  __ASM volatile ("dsb 0xF":::"memory");
 8003144:	f3bf 8f4f 	dsb	sy
  __ASM volatile ("isb 0xF":::"memory");
 8003148:	f3bf 8f6f 	isb	sy
	barrier_dsync_fence_full();
	barrier_isync_fence_full();
#endif /* ARMV6_M_ARMV8_M_BASELINE && !ARMV8_M_BASELINE */

	if (((fault_insn & 0xff00) == _SVC_OPCODE) &&
 800314c:	f401 437f 	and.w	r3, r1, #65280	@ 0xff00
 8003150:	f5b3 4f5f 	cmp.w	r3, #57088	@ 0xdf00
 8003154:	d001      	beq.n	800315a <z_arm_is_synchronous_svc+0x36>
	    ((fault_insn & 0x00ff) == _SVC_CALL_RUNTIME_EXCEPT)) {
		return true;
	}
#undef _SVC_OPCODE
	return false;
 8003156:	2000      	movs	r0, #0
 8003158:	4770      	bx	lr
	if (((fault_insn & 0xff00) == _SVC_OPCODE) &&
 800315a:	b2c9      	uxtb	r1, r1
 800315c:	2902      	cmp	r1, #2
 800315e:	d001      	beq.n	8003164 <z_arm_is_synchronous_svc+0x40>
	return false;
 8003160:	2000      	movs	r0, #0
 8003162:	4770      	bx	lr
		return true;
 8003164:	2001      	movs	r0, #1
}
 8003166:	4770      	bx	lr
 8003168:	e000ed00 	.word	0xe000ed00

0800316c <get_esf>:
				       bool *nested_exc)
{
	bool alternative_state_exc = false;
	struct arch_esf *ptr_esf = NULL;

	*nested_exc = false;
 800316c:	f04f 0c00 	mov.w	ip, #0
 8003170:	f883 c000 	strb.w	ip, [r3]

	if ((exc_return & EXC_RETURN_INDICATOR_PREFIX) != EXC_RETURN_INDICATOR_PREFIX) {
 8003174:	f002 4c7f 	and.w	ip, r2, #4278190080	@ 0xff000000
 8003178:	f1bc 4f7f 	cmp.w	ip, #4278190080	@ 0xff000000
 800317c:	d114      	bne.n	80031a8 <get_esf+0x3c>
	}
#else
	/* The processor has a single execution state.
	 * We verify that the Thread mode is using PSP.
	 */
	if ((exc_return & EXC_RETURN_MODE_THREAD) && (!(exc_return & EXC_RETURN_SPSEL_PROCESS))) {
 800317e:	f002 0c0c 	and.w	ip, r2, #12
 8003182:	f1bc 0f08 	cmp.w	ip, #8
 8003186:	d004      	beq.n	8003192 <get_esf+0x26>
		return NULL;
	}
#endif /* CONFIG_ARM_SECURE_FIRMWARE */

	if (!alternative_state_exc) {
		if (exc_return & EXC_RETURN_MODE_THREAD) {
 8003188:	f012 0f08 	tst.w	r2, #8
 800318c:	d009      	beq.n	80031a2 <get_esf+0x36>
			/* Returning to thread mode */
			ptr_esf = (struct arch_esf *)psp;
 800318e:	4608      	mov	r0, r1
 8003190:	4770      	bx	lr
{
 8003192:	b508      	push	{r3, lr}
	z_impl_z_log_msg_simple_create_0(source, level, fmt);
 8003194:	4a05      	ldr	r2, [pc, #20]	@ (80031ac <get_esf+0x40>)
 8003196:	2101      	movs	r1, #1
 8003198:	4805      	ldr	r0, [pc, #20]	@ (80031b0 <get_esf+0x44>)
 800319a:	f005 f9d3 	bl	8008544 <z_impl_z_log_msg_simple_create_0>
		return NULL;
 800319e:	2000      	movs	r0, #0
			*nested_exc = true;
		}
	}

	return ptr_esf;
}
 80031a0:	bd08      	pop	{r3, pc}
			*nested_exc = true;
 80031a2:	2201      	movs	r2, #1
 80031a4:	701a      	strb	r2, [r3, #0]
 80031a6:	4770      	bx	lr
		return NULL;
 80031a8:	2000      	movs	r0, #0
}
 80031aa:	4770      	bx	lr
 80031ac:	0800ab80 	.word	0x0800ab80
 80031b0:	0800a404 	.word	0x0800a404

080031b4 <usage_fault>:
{
 80031b4:	b508      	push	{r3, lr}
 80031b6:	4a2b      	ldr	r2, [pc, #172]	@ (8003264 <usage_fault+0xb0>)
 80031b8:	2101      	movs	r1, #1
 80031ba:	482b      	ldr	r0, [pc, #172]	@ (8003268 <usage_fault+0xb4>)
 80031bc:	f005 f9c2 	bl	8008544 <z_impl_z_log_msg_simple_create_0>
	if ((SCB->CFSR & SCB_CFSR_DIVBYZERO_Msk) != 0) {
 80031c0:	4b2a      	ldr	r3, [pc, #168]	@ (800326c <usage_fault+0xb8>)
 80031c2:	6a9b      	ldr	r3, [r3, #40]	@ 0x28
 80031c4:	f013 7f00 	tst.w	r3, #33554432	@ 0x2000000
 80031c8:	d121      	bne.n	800320e <usage_fault+0x5a>
	uint32_t reason = K_ERR_ARM_USAGE_GENERIC;
 80031ca:	201d      	movs	r0, #29
	if ((SCB->CFSR & SCB_CFSR_UNALIGNED_Msk) != 0) {
 80031cc:	4b27      	ldr	r3, [pc, #156]	@ (800326c <usage_fault+0xb8>)
 80031ce:	6a9b      	ldr	r3, [r3, #40]	@ 0x28
 80031d0:	f013 7f80 	tst.w	r3, #16777216	@ 0x1000000
 80031d4:	d122      	bne.n	800321c <usage_fault+0x68>
	if ((SCB->CFSR & SCB_CFSR_NOCP_Msk) != 0) {
 80031d6:	4b25      	ldr	r3, [pc, #148]	@ (800326c <usage_fault+0xb8>)
 80031d8:	6a9b      	ldr	r3, [r3, #40]	@ 0x28
 80031da:	f413 2f00 	tst.w	r3, #524288	@ 0x80000
 80031de:	d124      	bne.n	800322a <usage_fault+0x76>
	if ((SCB->CFSR & SCB_CFSR_INVPC_Msk) != 0) {
 80031e0:	4b22      	ldr	r3, [pc, #136]	@ (800326c <usage_fault+0xb8>)
 80031e2:	6a9b      	ldr	r3, [r3, #40]	@ 0x28
 80031e4:	f413 2f80 	tst.w	r3, #262144	@ 0x40000
 80031e8:	d126      	bne.n	8003238 <usage_fault+0x84>
	if ((SCB->CFSR & SCB_CFSR_INVSTATE_Msk) != 0) {
 80031ea:	4b20      	ldr	r3, [pc, #128]	@ (800326c <usage_fault+0xb8>)
 80031ec:	6a9b      	ldr	r3, [r3, #40]	@ 0x28
 80031ee:	f413 3f00 	tst.w	r3, #131072	@ 0x20000
 80031f2:	d128      	bne.n	8003246 <usage_fault+0x92>
	if ((SCB->CFSR & SCB_CFSR_UNDEFINSTR_Msk) != 0) {
 80031f4:	4b1d      	ldr	r3, [pc, #116]	@ (800326c <usage_fault+0xb8>)
 80031f6:	6a9b      	ldr	r3, [r3, #40]	@ 0x28
 80031f8:	f413 3f80 	tst.w	r3, #65536	@ 0x10000
 80031fc:	d12a      	bne.n	8003254 <usage_fault+0xa0>
	SCB->CFSR |= SCB_CFSR_USGFAULTSR_Msk;
 80031fe:	4a1b      	ldr	r2, [pc, #108]	@ (800326c <usage_fault+0xb8>)
 8003200:	6a93      	ldr	r3, [r2, #40]	@ 0x28
 8003202:	ea6f 4303 	mvn.w	r3, r3, lsl #16
 8003206:	ea6f 4313 	mvn.w	r3, r3, lsr #16
 800320a:	6293      	str	r3, [r2, #40]	@ 0x28
}
 800320c:	bd08      	pop	{r3, pc}
 800320e:	4a18      	ldr	r2, [pc, #96]	@ (8003270 <usage_fault+0xbc>)
 8003210:	2101      	movs	r1, #1
 8003212:	4815      	ldr	r0, [pc, #84]	@ (8003268 <usage_fault+0xb4>)
 8003214:	f005 f996 	bl	8008544 <z_impl_z_log_msg_simple_create_0>
		reason = K_ERR_ARM_USAGE_DIV_0;
 8003218:	201e      	movs	r0, #30
		PR_FAULT_INFO("  Division by zero");
 800321a:	e7d7      	b.n	80031cc <usage_fault+0x18>
 800321c:	4a15      	ldr	r2, [pc, #84]	@ (8003274 <usage_fault+0xc0>)
 800321e:	2101      	movs	r1, #1
 8003220:	4811      	ldr	r0, [pc, #68]	@ (8003268 <usage_fault+0xb4>)
 8003222:	f005 f98f 	bl	8008544 <z_impl_z_log_msg_simple_create_0>
		reason = K_ERR_ARM_USAGE_UNALIGNED_ACCESS;
 8003226:	201f      	movs	r0, #31
		PR_FAULT_INFO("  Unaligned memory access");
 8003228:	e7d5      	b.n	80031d6 <usage_fault+0x22>
 800322a:	4a13      	ldr	r2, [pc, #76]	@ (8003278 <usage_fault+0xc4>)
 800322c:	2101      	movs	r1, #1
 800322e:	480e      	ldr	r0, [pc, #56]	@ (8003268 <usage_fault+0xb4>)
 8003230:	f005 f988 	bl	8008544 <z_impl_z_log_msg_simple_create_0>
		reason = K_ERR_ARM_USAGE_NO_COPROCESSOR;
 8003234:	2021      	movs	r0, #33	@ 0x21
		PR_FAULT_INFO("  No coprocessor instructions");
 8003236:	e7d3      	b.n	80031e0 <usage_fault+0x2c>
 8003238:	4a10      	ldr	r2, [pc, #64]	@ (800327c <usage_fault+0xc8>)
 800323a:	2101      	movs	r1, #1
 800323c:	480a      	ldr	r0, [pc, #40]	@ (8003268 <usage_fault+0xb4>)
 800323e:	f005 f981 	bl	8008544 <z_impl_z_log_msg_simple_create_0>
		reason = K_ERR_ARM_USAGE_ILLEGAL_EXC_RETURN;
 8003242:	2022      	movs	r0, #34	@ 0x22
		PR_FAULT_INFO("  Illegal load of EXC_RETURN into PC");
 8003244:	e7d1      	b.n	80031ea <usage_fault+0x36>
 8003246:	4a0e      	ldr	r2, [pc, #56]	@ (8003280 <usage_fault+0xcc>)
 8003248:	2101      	movs	r1, #1
 800324a:	4807      	ldr	r0, [pc, #28]	@ (8003268 <usage_fault+0xb4>)
 800324c:	f005 f97a 	bl	8008544 <z_impl_z_log_msg_simple_create_0>
		reason = K_ERR_ARM_USAGE_ILLEGAL_EPSR;
 8003250:	2023      	movs	r0, #35	@ 0x23
		PR_FAULT_INFO("  Illegal use of the EPSR");
 8003252:	e7cf      	b.n	80031f4 <usage_fault+0x40>
 8003254:	4a0b      	ldr	r2, [pc, #44]	@ (8003284 <usage_fault+0xd0>)
 8003256:	2101      	movs	r1, #1
 8003258:	4803      	ldr	r0, [pc, #12]	@ (8003268 <usage_fault+0xb4>)
 800325a:	f005 f973 	bl	8008544 <z_impl_z_log_msg_simple_create_0>
		reason = K_ERR_ARM_USAGE_UNDEFINED_INSTRUCTION;
 800325e:	2024      	movs	r0, #36	@ 0x24
		PR_FAULT_INFO("  Attempt to execute undefined instruction");
 8003260:	e7cd      	b.n	80031fe <usage_fault+0x4a>
 8003262:	bf00      	nop
 8003264:	0800abac 	.word	0x0800abac
 8003268:	0800a404 	.word	0x0800a404
 800326c:	e000ed00 	.word	0xe000ed00
 8003270:	0800abc4 	.word	0x0800abc4
 8003274:	0800abd8 	.word	0x0800abd8
 8003278:	0800abf4 	.word	0x0800abf4
 800327c:	0800ac14 	.word	0x0800ac14
 8003280:	0800ac3c 	.word	0x0800ac3c
 8003284:	0800ac58 	.word	0x0800ac58

08003288 <debug_monitor>:
{
 8003288:	b508      	push	{r3, lr}
	*recoverable = false;
 800328a:	2300      	movs	r3, #0
 800328c:	700b      	strb	r3, [r1, #0]
 800328e:	4a03      	ldr	r2, [pc, #12]	@ (800329c <debug_monitor+0x14>)
 8003290:	2101      	movs	r1, #1
 8003292:	4803      	ldr	r0, [pc, #12]	@ (80032a0 <debug_monitor+0x18>)
 8003294:	f005 f956 	bl	8008544 <z_impl_z_log_msg_simple_create_0>
}
 8003298:	bd08      	pop	{r3, pc}
 800329a:	bf00      	nop
 800329c:	0800ac84 	.word	0x0800ac84
 80032a0:	0800a404 	.word	0x0800a404

080032a4 <reserved_exception>:
{
 80032a4:	b590      	push	{r4, r7, lr}
 80032a6:	b083      	sub	sp, #12
 80032a8:	af00      	add	r7, sp, #0
	PR_FAULT_INFO("***** %s %d) *****",
 80032aa:	290f      	cmp	r1, #15
 80032ac:	dc23      	bgt.n	80032f6 <reserved_exception+0x52>
 80032ae:	4c2f      	ldr	r4, [pc, #188]	@ (800336c <reserved_exception+0xc8>)
 80032b0:	3910      	subs	r1, #16
 80032b2:	2300      	movs	r3, #0
 80032b4:	713b      	strb	r3, [r7, #4]
 80032b6:	2302      	movs	r3, #2
 80032b8:	717b      	strb	r3, [r7, #5]
 80032ba:	b08a      	sub	sp, #40	@ 0x28
 80032bc:	46ec      	mov	ip, sp
 80032be:	f11c 0210 	adds.w	r2, ip, #16
 80032c2:	d01a      	beq.n	80032fa <reserved_exception+0x56>
 80032c4:	2012      	movs	r0, #18
 80032c6:	b122      	cbz	r2, 80032d2 <reserved_exception+0x2e>
 80032c8:	2804      	cmp	r0, #4
 80032ca:	dd02      	ble.n	80032d2 <reserved_exception+0x2e>
 80032cc:	4b28      	ldr	r3, [pc, #160]	@ (8003370 <reserved_exception+0xcc>)
 80032ce:	f8cc 3014 	str.w	r3, [ip, #20]
 80032d2:	2300      	movs	r3, #0
 80032d4:	703b      	strb	r3, [r7, #0]
 80032d6:	2302      	movs	r3, #2
 80032d8:	707b      	strb	r3, [r7, #1]
 80032da:	b1e2      	cbz	r2, 8003316 <reserved_exception+0x72>
 80032dc:	4603      	mov	r3, r0
 80032de:	2808      	cmp	r0, #8
 80032e0:	dd01      	ble.n	80032e6 <reserved_exception+0x42>
 80032e2:	f8cc 4018 	str.w	r4, [ip, #24]
 80032e6:	2b0c      	cmp	r3, #12
 80032e8:	dd01      	ble.n	80032ee <reserved_exception+0x4a>
 80032ea:	f8cc 101c 	str.w	r1, [ip, #28]
 80032ee:	f10c 0320 	add.w	r3, ip, #32
 80032f2:	2100      	movs	r1, #0
 80032f4:	e00d      	b.n	8003312 <reserved_exception+0x6e>
 80032f6:	4c1f      	ldr	r4, [pc, #124]	@ (8003374 <reserved_exception+0xd0>)
 80032f8:	e7da      	b.n	80032b0 <reserved_exception+0xc>
 80032fa:	f06f 4000 	mvn.w	r0, #2147483648	@ 0x80000000
 80032fe:	e7e2      	b.n	80032c6 <reserved_exception+0x22>
 8003300:	f101 0408 	add.w	r4, r1, #8
 8003304:	eb04 0e07 	add.w	lr, r4, r7
 8003308:	f81e ec08 	ldrb.w	lr, [lr, #-8]
 800330c:	f803 eb01 	strb.w	lr, [r3], #1
 8003310:	3101      	adds	r1, #1
 8003312:	2901      	cmp	r1, #1
 8003314:	d9f4      	bls.n	8003300 <reserved_exception+0x5c>
 8003316:	2811      	cmp	r0, #17
 8003318:	dd24      	ble.n	8003364 <reserved_exception+0xc0>
 800331a:	2312      	movs	r3, #18
 800331c:	b14a      	cbz	r2, 8003332 <reserved_exception+0x8e>
 800331e:	2104      	movs	r1, #4
 8003320:	7139      	strb	r1, [r7, #4]
 8003322:	2100      	movs	r1, #0
 8003324:	7179      	strb	r1, [r7, #5]
 8003326:	71b9      	strb	r1, [r7, #6]
 8003328:	2101      	movs	r1, #1
 800332a:	71f9      	strb	r1, [r7, #7]
 800332c:	6878      	ldr	r0, [r7, #4]
 800332e:	f8cc 0010 	str.w	r0, [ip, #16]
 8003332:	2100      	movs	r1, #0
 8003334:	f021 0101 	bic.w	r1, r1, #1
 8003338:	f021 0102 	bic.w	r1, r1, #2
 800333c:	f021 0104 	bic.w	r1, r1, #4
 8003340:	f021 0138 	bic.w	r1, r1, #56	@ 0x38
 8003344:	2001      	movs	r0, #1
 8003346:	f360 1188 	bfi	r1, r0, #6, #3
 800334a:	f3c3 030a 	ubfx	r3, r3, #0, #11
 800334e:	f363 2153 	bfi	r1, r3, #9, #11
 8003352:	f3c1 0113 	ubfx	r1, r1, #0, #20
	z_impl_z_log_msg_static_create(source, desc, package, data);
 8003356:	2300      	movs	r3, #0
 8003358:	4807      	ldr	r0, [pc, #28]	@ (8003378 <reserved_exception+0xd4>)
 800335a:	f7ff fa9d 	bl	8002898 <z_impl_z_log_msg_static_create>
}
 800335e:	370c      	adds	r7, #12
 8003360:	46bd      	mov	sp, r7
 8003362:	bd90      	pop	{r4, r7, pc}
	PR_FAULT_INFO("***** %s %d) *****",
 8003364:	f06f 031b 	mvn.w	r3, #27
 8003368:	e7d8      	b.n	800331c <reserved_exception+0x78>
 800336a:	bf00      	nop
 800336c:	0800aca8 	.word	0x0800aca8
 8003370:	0800acdc 	.word	0x0800acdc
 8003374:	0800acc0 	.word	0x0800acc0
 8003378:	0800a404 	.word	0x0800a404

0800337c <bus_fault>:
{
 800337c:	b5f8      	push	{r3, r4, r5, r6, r7, lr}
 800337e:	4605      	mov	r5, r0
 8003380:	460f      	mov	r7, r1
 8003382:	4614      	mov	r4, r2
	z_impl_z_log_msg_simple_create_0(source, level, fmt);
 8003384:	4a37      	ldr	r2, [pc, #220]	@ (8003464 <bus_fault+0xe8>)
 8003386:	2101      	movs	r1, #1
 8003388:	4837      	ldr	r0, [pc, #220]	@ (8003468 <bus_fault+0xec>)
 800338a:	f005 f8db 	bl	8008544 <z_impl_z_log_msg_simple_create_0>
	if (SCB->CFSR & SCB_CFSR_STKERR_Msk) {
 800338e:	4b37      	ldr	r3, [pc, #220]	@ (800346c <bus_fault+0xf0>)
 8003390:	6a9b      	ldr	r3, [r3, #40]	@ 0x28
 8003392:	f413 5f80 	tst.w	r3, #4096	@ 0x1000
 8003396:	d125      	bne.n	80033e4 <bus_fault+0x68>
	uint32_t reason = K_ERR_ARM_BUS_GENERIC;
 8003398:	2616      	movs	r6, #22
	if (SCB->CFSR & SCB_CFSR_UNSTKERR_Msk) {
 800339a:	4b34      	ldr	r3, [pc, #208]	@ (800346c <bus_fault+0xf0>)
 800339c:	6a9b      	ldr	r3, [r3, #40]	@ 0x28
 800339e:	f413 6f00 	tst.w	r3, #2048	@ 0x800
 80033a2:	d126      	bne.n	80033f2 <bus_fault+0x76>
	if (SCB->CFSR & SCB_CFSR_PRECISERR_Msk) {
 80033a4:	4b31      	ldr	r3, [pc, #196]	@ (800346c <bus_fault+0xf0>)
 80033a6:	6a9b      	ldr	r3, [r3, #40]	@ 0x28
 80033a8:	f413 7f00 	tst.w	r3, #512	@ 0x200
 80033ac:	d128      	bne.n	8003400 <bus_fault+0x84>
	if (SCB->CFSR & SCB_CFSR_IMPRECISERR_Msk) {
 80033ae:	4b2f      	ldr	r3, [pc, #188]	@ (800346c <bus_fault+0xf0>)
 80033b0:	6a9b      	ldr	r3, [r3, #40]	@ 0x28
 80033b2:	f413 6f80 	tst.w	r3, #1024	@ 0x400
 80033b6:	d13f      	bne.n	8003438 <bus_fault+0xbc>
	if ((SCB->CFSR & SCB_CFSR_IBUSERR_Msk) != 0) {
 80033b8:	4b2c      	ldr	r3, [pc, #176]	@ (800346c <bus_fault+0xf0>)
 80033ba:	6a9b      	ldr	r3, [r3, #40]	@ 0x28
 80033bc:	f413 7f80 	tst.w	r3, #256	@ 0x100
 80033c0:	d141      	bne.n	8003446 <bus_fault+0xca>
	} else if (SCB->CFSR & SCB_CFSR_LSPERR_Msk) {
 80033c2:	4b2a      	ldr	r3, [pc, #168]	@ (800346c <bus_fault+0xf0>)
 80033c4:	6a9b      	ldr	r3, [r3, #40]	@ 0x28
 80033c6:	f413 5f00 	tst.w	r3, #8192	@ 0x2000
 80033ca:	d143      	bne.n	8003454 <bus_fault+0xd8>
	SCB->CFSR |= SCB_CFSR_BUSFAULTSR_Msk;
 80033cc:	4a27      	ldr	r2, [pc, #156]	@ (800346c <bus_fault+0xf0>)
 80033ce:	6a93      	ldr	r3, [r2, #40]	@ 0x28
 80033d0:	f443 437f 	orr.w	r3, r3, #65280	@ 0xff00
 80033d4:	6293      	str	r3, [r2, #40]	@ 0x28
	*recoverable = memory_fault_recoverable(esf, true);
 80033d6:	2101      	movs	r1, #1
 80033d8:	4628      	mov	r0, r5
 80033da:	f005 f9d8 	bl	800878e <memory_fault_recoverable>
 80033de:	7020      	strb	r0, [r4, #0]
}
 80033e0:	4630      	mov	r0, r6
 80033e2:	bdf8      	pop	{r3, r4, r5, r6, r7, pc}
 80033e4:	4a22      	ldr	r2, [pc, #136]	@ (8003470 <bus_fault+0xf4>)
 80033e6:	2101      	movs	r1, #1
 80033e8:	481f      	ldr	r0, [pc, #124]	@ (8003468 <bus_fault+0xec>)
 80033ea:	f005 f8ab 	bl	8008544 <z_impl_z_log_msg_simple_create_0>
		reason = K_ERR_ARM_BUS_STACKING;
 80033ee:	2617      	movs	r6, #23
		PR_FAULT_INFO("  Stacking error");
 80033f0:	e7d3      	b.n	800339a <bus_fault+0x1e>
 80033f2:	4a20      	ldr	r2, [pc, #128]	@ (8003474 <bus_fault+0xf8>)
 80033f4:	2101      	movs	r1, #1
 80033f6:	481c      	ldr	r0, [pc, #112]	@ (8003468 <bus_fault+0xec>)
 80033f8:	f005 f8a4 	bl	8008544 <z_impl_z_log_msg_simple_create_0>
		reason = K_ERR_ARM_BUS_UNSTACKING;
 80033fc:	2618      	movs	r6, #24
		PR_FAULT_INFO("  Unstacking error");
 80033fe:	e7d1      	b.n	80033a4 <bus_fault+0x28>
 8003400:	4a1d      	ldr	r2, [pc, #116]	@ (8003478 <bus_fault+0xfc>)
 8003402:	2101      	movs	r1, #1
 8003404:	4818      	ldr	r0, [pc, #96]	@ (8003468 <bus_fault+0xec>)
 8003406:	f005 f89d 	bl	8008544 <z_impl_z_log_msg_simple_create_0>
		STORE_xFAR(bfar, SCB->BFAR);
 800340a:	4a18      	ldr	r2, [pc, #96]	@ (800346c <bus_fault+0xf0>)
 800340c:	6b93      	ldr	r3, [r2, #56]	@ 0x38
		if ((SCB->CFSR & SCB_CFSR_BFARVALID_Msk) != 0) {
 800340e:	6a92      	ldr	r2, [r2, #40]	@ 0x28
 8003410:	f412 4f00 	tst.w	r2, #32768	@ 0x8000
 8003414:	d101      	bne.n	800341a <bus_fault+0x9e>
		reason = K_ERR_ARM_BUS_PRECISE_DATA_BUS;
 8003416:	2619      	movs	r6, #25
 8003418:	e7c9      	b.n	80033ae <bus_fault+0x32>
	z_impl_z_log_msg_simple_create_1(source, level, fmt, arg);
 800341a:	4a18      	ldr	r2, [pc, #96]	@ (800347c <bus_fault+0x100>)
 800341c:	2101      	movs	r1, #1
 800341e:	4812      	ldr	r0, [pc, #72]	@ (8003468 <bus_fault+0xec>)
 8003420:	f005 f89a 	bl	8008558 <z_impl_z_log_msg_simple_create_1>
			if (from_hard_fault != 0) {
 8003424:	b137      	cbz	r7, 8003434 <bus_fault+0xb8>
				SCB->CFSR &= ~SCB_CFSR_BFARVALID_Msk;
 8003426:	4a11      	ldr	r2, [pc, #68]	@ (800346c <bus_fault+0xf0>)
 8003428:	6a93      	ldr	r3, [r2, #40]	@ 0x28
 800342a:	f423 4300 	bic.w	r3, r3, #32768	@ 0x8000
 800342e:	6293      	str	r3, [r2, #40]	@ 0x28
		reason = K_ERR_ARM_BUS_PRECISE_DATA_BUS;
 8003430:	2619      	movs	r6, #25
 8003432:	e7bc      	b.n	80033ae <bus_fault+0x32>
 8003434:	2619      	movs	r6, #25
 8003436:	e7ba      	b.n	80033ae <bus_fault+0x32>
	z_impl_z_log_msg_simple_create_0(source, level, fmt);
 8003438:	4a11      	ldr	r2, [pc, #68]	@ (8003480 <bus_fault+0x104>)
 800343a:	2101      	movs	r1, #1
 800343c:	480a      	ldr	r0, [pc, #40]	@ (8003468 <bus_fault+0xec>)
 800343e:	f005 f881 	bl	8008544 <z_impl_z_log_msg_simple_create_0>
		reason = K_ERR_ARM_BUS_IMPRECISE_DATA_BUS;
 8003442:	261a      	movs	r6, #26
		PR_FAULT_INFO("  Imprecise data bus error");
 8003444:	e7b8      	b.n	80033b8 <bus_fault+0x3c>
 8003446:	4a0f      	ldr	r2, [pc, #60]	@ (8003484 <bus_fault+0x108>)
 8003448:	2101      	movs	r1, #1
 800344a:	4807      	ldr	r0, [pc, #28]	@ (8003468 <bus_fault+0xec>)
 800344c:	f005 f87a 	bl	8008544 <z_impl_z_log_msg_simple_create_0>
		reason = K_ERR_ARM_BUS_INSTRUCTION_BUS;
 8003450:	261b      	movs	r6, #27
		PR_FAULT_INFO("  Instruction bus error");
 8003452:	e7bb      	b.n	80033cc <bus_fault+0x50>
 8003454:	4a0c      	ldr	r2, [pc, #48]	@ (8003488 <bus_fault+0x10c>)
 8003456:	2101      	movs	r1, #1
 8003458:	4803      	ldr	r0, [pc, #12]	@ (8003468 <bus_fault+0xec>)
 800345a:	f005 f873 	bl	8008544 <z_impl_z_log_msg_simple_create_0>
		reason = K_ERR_ARM_BUS_FP_LAZY_STATE_PRESERVATION;
 800345e:	261c      	movs	r6, #28
		PR_FAULT_INFO("  Floating-point lazy state preservation error");
 8003460:	e7b4      	b.n	80033cc <bus_fault+0x50>
 8003462:	bf00      	nop
 8003464:	0800acf0 	.word	0x0800acf0
 8003468:	0800a404 	.word	0x0800a404
 800346c:	e000ed00 	.word	0xe000ed00
 8003470:	0800ad08 	.word	0x0800ad08
 8003474:	0800ad1c 	.word	0x0800ad1c
 8003478:	0800ad30 	.word	0x0800ad30
 800347c:	0800ad4c 	.word	0x0800ad4c
 8003480:	0800ad64 	.word	0x0800ad64
 8003484:	0800ad80 	.word	0x0800ad80
 8003488:	0800ad98 	.word	0x0800ad98

0800348c <mem_manage_fault>:
{
 800348c:	e92d 41f0 	stmdb	sp!, {r4, r5, r6, r7, r8, lr}
 8003490:	4604      	mov	r4, r0
 8003492:	460f      	mov	r7, r1
 8003494:	4615      	mov	r5, r2
 8003496:	4a46      	ldr	r2, [pc, #280]	@ (80035b0 <mem_manage_fault+0x124>)
 8003498:	2101      	movs	r1, #1
 800349a:	4846      	ldr	r0, [pc, #280]	@ (80035b4 <mem_manage_fault+0x128>)
 800349c:	f005 f852 	bl	8008544 <z_impl_z_log_msg_simple_create_0>
	if ((SCB->CFSR & SCB_CFSR_MSTKERR_Msk) != 0) {
 80034a0:	4b45      	ldr	r3, [pc, #276]	@ (80035b8 <mem_manage_fault+0x12c>)
 80034a2:	6a9b      	ldr	r3, [r3, #40]	@ 0x28
 80034a4:	f013 0f10 	tst.w	r3, #16
 80034a8:	d13c      	bne.n	8003524 <mem_manage_fault+0x98>
	uint32_t reason = K_ERR_ARM_MEM_GENERIC;
 80034aa:	2610      	movs	r6, #16
	if ((SCB->CFSR & SCB_CFSR_MUNSTKERR_Msk) != 0) {
 80034ac:	4b42      	ldr	r3, [pc, #264]	@ (80035b8 <mem_manage_fault+0x12c>)
 80034ae:	6a9b      	ldr	r3, [r3, #40]	@ 0x28
 80034b0:	f013 0f08 	tst.w	r3, #8
 80034b4:	d13d      	bne.n	8003532 <mem_manage_fault+0xa6>
	if ((SCB->CFSR & SCB_CFSR_DACCVIOL_Msk) != 0) {
 80034b6:	4b40      	ldr	r3, [pc, #256]	@ (80035b8 <mem_manage_fault+0x12c>)
 80034b8:	6a9b      	ldr	r3, [r3, #40]	@ 0x28
 80034ba:	f013 0f02 	tst.w	r3, #2
 80034be:	d13f      	bne.n	8003540 <mem_manage_fault+0xb4>
	uint32_t mmfar = -EINVAL;
 80034c0:	f06f 0815 	mvn.w	r8, #21
	if ((SCB->CFSR & SCB_CFSR_IACCVIOL_Msk) != 0) {
 80034c4:	4b3c      	ldr	r3, [pc, #240]	@ (80035b8 <mem_manage_fault+0x12c>)
 80034c6:	6a9b      	ldr	r3, [r3, #40]	@ 0x28
 80034c8:	f013 0f01 	tst.w	r3, #1
 80034cc:	d158      	bne.n	8003580 <mem_manage_fault+0xf4>
	if ((SCB->CFSR & SCB_CFSR_MLSPERR_Msk) != 0) {
 80034ce:	4b3a      	ldr	r3, [pc, #232]	@ (80035b8 <mem_manage_fault+0x12c>)
 80034d0:	6a9b      	ldr	r3, [r3, #40]	@ 0x28
 80034d2:	f013 0f20 	tst.w	r3, #32
 80034d6:	d15a      	bne.n	800358e <mem_manage_fault+0x102>
	if ((SCB->CFSR & SCB_CFSR_MSTKERR_Msk) || (SCB->CFSR & SCB_CFSR_DACCVIOL_Msk)) {
 80034d8:	4b37      	ldr	r3, [pc, #220]	@ (80035b8 <mem_manage_fault+0x12c>)
 80034da:	6a9b      	ldr	r3, [r3, #40]	@ 0x28
 80034dc:	f013 0f10 	tst.w	r3, #16
 80034e0:	d104      	bne.n	80034ec <mem_manage_fault+0x60>
 80034e2:	4b35      	ldr	r3, [pc, #212]	@ (80035b8 <mem_manage_fault+0x12c>)
 80034e4:	6a9b      	ldr	r3, [r3, #40]	@ 0x28
 80034e6:	f013 0f02 	tst.w	r3, #2
 80034ea:	d004      	beq.n	80034f6 <mem_manage_fault+0x6a>
		if (SCB->ICSR & SCB_ICSR_RETTOBASE_Msk) {
 80034ec:	4b32      	ldr	r3, [pc, #200]	@ (80035b8 <mem_manage_fault+0x12c>)
 80034ee:	685b      	ldr	r3, [r3, #4]
 80034f0:	f413 6f00 	tst.w	r3, #2048	@ 0x800
 80034f4:	d152      	bne.n	800359c <mem_manage_fault+0x110>
	if ((SCB->CFSR & SCB_CFSR_MLSPERR_Msk) != 0) {
 80034f6:	4b30      	ldr	r3, [pc, #192]	@ (80035b8 <mem_manage_fault+0x12c>)
 80034f8:	6a9b      	ldr	r3, [r3, #40]	@ 0x28
 80034fa:	f013 0f20 	tst.w	r3, #32
 80034fe:	d004      	beq.n	800350a <mem_manage_fault+0x7e>
		SCB->SHCSR &= ~SCB_SHCSR_MEMFAULTPENDED_Msk;
 8003500:	4a2d      	ldr	r2, [pc, #180]	@ (80035b8 <mem_manage_fault+0x12c>)
 8003502:	6a53      	ldr	r3, [r2, #36]	@ 0x24
 8003504:	f423 5300 	bic.w	r3, r3, #8192	@ 0x2000
 8003508:	6253      	str	r3, [r2, #36]	@ 0x24
	SCB->CFSR |= SCB_CFSR_MEMFAULTSR_Msk;
 800350a:	4a2b      	ldr	r2, [pc, #172]	@ (80035b8 <mem_manage_fault+0x12c>)
 800350c:	6a93      	ldr	r3, [r2, #40]	@ 0x28
 800350e:	f043 03ff 	orr.w	r3, r3, #255	@ 0xff
 8003512:	6293      	str	r3, [r2, #40]	@ 0x28
	*recoverable = memory_fault_recoverable(esf, true);
 8003514:	2101      	movs	r1, #1
 8003516:	4620      	mov	r0, r4
 8003518:	f005 f939 	bl	800878e <memory_fault_recoverable>
 800351c:	7028      	strb	r0, [r5, #0]
}
 800351e:	4630      	mov	r0, r6
 8003520:	e8bd 81f0 	ldmia.w	sp!, {r4, r5, r6, r7, r8, pc}
 8003524:	4a25      	ldr	r2, [pc, #148]	@ (80035bc <mem_manage_fault+0x130>)
 8003526:	2101      	movs	r1, #1
 8003528:	4822      	ldr	r0, [pc, #136]	@ (80035b4 <mem_manage_fault+0x128>)
 800352a:	f005 f80b 	bl	8008544 <z_impl_z_log_msg_simple_create_0>
		reason = K_ERR_ARM_MEM_STACKING;
 800352e:	2611      	movs	r6, #17
		PR_FAULT_INFO("  Stacking error (context area might be"
 8003530:	e7bc      	b.n	80034ac <mem_manage_fault+0x20>
 8003532:	4a23      	ldr	r2, [pc, #140]	@ (80035c0 <mem_manage_fault+0x134>)
 8003534:	2101      	movs	r1, #1
 8003536:	481f      	ldr	r0, [pc, #124]	@ (80035b4 <mem_manage_fault+0x128>)
 8003538:	f005 f804 	bl	8008544 <z_impl_z_log_msg_simple_create_0>
		reason = K_ERR_ARM_MEM_UNSTACKING;
 800353c:	2612      	movs	r6, #18
		PR_FAULT_INFO("  Unstacking error");
 800353e:	e7ba      	b.n	80034b6 <mem_manage_fault+0x2a>
 8003540:	4a20      	ldr	r2, [pc, #128]	@ (80035c4 <mem_manage_fault+0x138>)
 8003542:	2101      	movs	r1, #1
 8003544:	481b      	ldr	r0, [pc, #108]	@ (80035b4 <mem_manage_fault+0x128>)
 8003546:	f004 fffd 	bl	8008544 <z_impl_z_log_msg_simple_create_0>
		uint32_t temp = SCB->MMFAR;
 800354a:	4b1b      	ldr	r3, [pc, #108]	@ (80035b8 <mem_manage_fault+0x12c>)
 800354c:	f8d3 8034 	ldr.w	r8, [r3, #52]	@ 0x34
		if ((SCB->CFSR & SCB_CFSR_MMARVALID_Msk) != 0) {
 8003550:	6a9b      	ldr	r3, [r3, #40]	@ 0x28
 8003552:	f013 0f80 	tst.w	r3, #128	@ 0x80
 8003556:	d103      	bne.n	8003560 <mem_manage_fault+0xd4>
	uint32_t mmfar = -EINVAL;
 8003558:	f06f 0815 	mvn.w	r8, #21
		reason = K_ERR_ARM_MEM_DATA_ACCESS;
 800355c:	2613      	movs	r6, #19
 800355e:	e7b1      	b.n	80034c4 <mem_manage_fault+0x38>
	z_impl_z_log_msg_simple_create_1(source, level, fmt, arg);
 8003560:	4643      	mov	r3, r8
 8003562:	4a19      	ldr	r2, [pc, #100]	@ (80035c8 <mem_manage_fault+0x13c>)
 8003564:	2101      	movs	r1, #1
 8003566:	4813      	ldr	r0, [pc, #76]	@ (80035b4 <mem_manage_fault+0x128>)
 8003568:	f004 fff6 	bl	8008558 <z_impl_z_log_msg_simple_create_1>
			if (from_hard_fault != 0) {
 800356c:	b137      	cbz	r7, 800357c <mem_manage_fault+0xf0>
				SCB->CFSR &= ~SCB_CFSR_MMARVALID_Msk;
 800356e:	4a12      	ldr	r2, [pc, #72]	@ (80035b8 <mem_manage_fault+0x12c>)
 8003570:	6a93      	ldr	r3, [r2, #40]	@ 0x28
 8003572:	f023 0380 	bic.w	r3, r3, #128	@ 0x80
 8003576:	6293      	str	r3, [r2, #40]	@ 0x28
		reason = K_ERR_ARM_MEM_DATA_ACCESS;
 8003578:	2613      	movs	r6, #19
 800357a:	e7a3      	b.n	80034c4 <mem_manage_fault+0x38>
 800357c:	2613      	movs	r6, #19
 800357e:	e7a1      	b.n	80034c4 <mem_manage_fault+0x38>
	z_impl_z_log_msg_simple_create_0(source, level, fmt);
 8003580:	4a12      	ldr	r2, [pc, #72]	@ (80035cc <mem_manage_fault+0x140>)
 8003582:	2101      	movs	r1, #1
 8003584:	480b      	ldr	r0, [pc, #44]	@ (80035b4 <mem_manage_fault+0x128>)
 8003586:	f004 ffdd 	bl	8008544 <z_impl_z_log_msg_simple_create_0>
		reason = K_ERR_ARM_MEM_INSTRUCTION_ACCESS;
 800358a:	2614      	movs	r6, #20
		PR_FAULT_INFO("  Instruction Access Violation");
 800358c:	e79f      	b.n	80034ce <mem_manage_fault+0x42>
 800358e:	4a10      	ldr	r2, [pc, #64]	@ (80035d0 <mem_manage_fault+0x144>)
 8003590:	2101      	movs	r1, #1
 8003592:	4808      	ldr	r0, [pc, #32]	@ (80035b4 <mem_manage_fault+0x128>)
 8003594:	f004 ffd6 	bl	8008544 <z_impl_z_log_msg_simple_create_0>
		reason = K_ERR_ARM_MEM_FP_LAZY_STATE_PRESERVATION;
 8003598:	2615      	movs	r6, #21
		PR_FAULT_INFO("  Floating-point lazy state preservation error");
 800359a:	e79d      	b.n	80034d8 <mem_manage_fault+0x4c>
				z_check_thread_stack_fail(mmfar, ((uint32_t)&esf[0]));
 800359c:	4621      	mov	r1, r4
 800359e:	4640      	mov	r0, r8
 80035a0:	f005 f92d 	bl	80087fe <z_check_thread_stack_fail>
			if (min_stack_ptr) {
 80035a4:	2800      	cmp	r0, #0
 80035a6:	d0a6      	beq.n	80034f6 <mem_manage_fault+0x6a>
  __ASM volatile ("MSR psp, %0" : : "r" (topOfProcStack) : );
 80035a8:	f380 8809 	msr	PSP, r0
				reason = K_ERR_STACK_CHK_FAIL;
 80035ac:	2602      	movs	r6, #2
 80035ae:	e7a2      	b.n	80034f6 <mem_manage_fault+0x6a>
 80035b0:	0800adc8 	.word	0x0800adc8
 80035b4:	0800a404 	.word	0x0800a404
 80035b8:	e000ed00 	.word	0xe000ed00
 80035bc:	0800ade0 	.word	0x0800ade0
 80035c0:	0800ad1c 	.word	0x0800ad1c
 80035c4:	0800ae14 	.word	0x0800ae14
 80035c8:	0800ae2c 	.word	0x0800ae2c
 80035cc:	0800ae44 	.word	0x0800ae44
 80035d0:	0800ad98 	.word	0x0800ad98

080035d4 <hard_fault>:
{
 80035d4:	b570      	push	{r4, r5, r6, lr}
 80035d6:	4606      	mov	r6, r0
 80035d8:	460d      	mov	r5, r1
 80035da:	4a2b      	ldr	r2, [pc, #172]	@ (8003688 <hard_fault+0xb4>)
 80035dc:	2101      	movs	r1, #1
 80035de:	482b      	ldr	r0, [pc, #172]	@ (800368c <hard_fault+0xb8>)
 80035e0:	f004 ffb0 	bl	8008544 <z_impl_z_log_msg_simple_create_0>
	*recoverable = false;
 80035e4:	2300      	movs	r3, #0
 80035e6:	702b      	strb	r3, [r5, #0]
	if ((SCB->HFSR & SCB_HFSR_VECTTBL_Msk) != 0) {
 80035e8:	4b29      	ldr	r3, [pc, #164]	@ (8003690 <hard_fault+0xbc>)
 80035ea:	6adc      	ldr	r4, [r3, #44]	@ 0x2c
 80035ec:	f014 0402 	ands.w	r4, r4, #2
 80035f0:	d10a      	bne.n	8003608 <hard_fault+0x34>
	} else if ((SCB->HFSR & SCB_HFSR_DEBUGEVT_Msk) != 0) {
 80035f2:	4b27      	ldr	r3, [pc, #156]	@ (8003690 <hard_fault+0xbc>)
 80035f4:	6adb      	ldr	r3, [r3, #44]	@ 0x2c
 80035f6:	2b00      	cmp	r3, #0
 80035f8:	db0d      	blt.n	8003616 <hard_fault+0x42>
	} else if ((SCB->HFSR & SCB_HFSR_FORCED_Msk) != 0) {
 80035fa:	4b25      	ldr	r3, [pc, #148]	@ (8003690 <hard_fault+0xbc>)
 80035fc:	6adc      	ldr	r4, [r3, #44]	@ 0x2c
 80035fe:	f014 4480 	ands.w	r4, r4, #1073741824	@ 0x40000000
 8003602:	d10e      	bne.n	8003622 <hard_fault+0x4e>
}
 8003604:	4620      	mov	r0, r4
 8003606:	bd70      	pop	{r4, r5, r6, pc}
 8003608:	4a22      	ldr	r2, [pc, #136]	@ (8003694 <hard_fault+0xc0>)
 800360a:	2101      	movs	r1, #1
 800360c:	481f      	ldr	r0, [pc, #124]	@ (800368c <hard_fault+0xb8>)
 800360e:	f004 ff99 	bl	8008544 <z_impl_z_log_msg_simple_create_0>
	uint32_t reason = K_ERR_CPU_EXCEPTION;
 8003612:	2400      	movs	r4, #0
		PR_EXC("  Bus fault on vector table read");
 8003614:	e7f6      	b.n	8003604 <hard_fault+0x30>
 8003616:	4a20      	ldr	r2, [pc, #128]	@ (8003698 <hard_fault+0xc4>)
 8003618:	2101      	movs	r1, #1
 800361a:	481c      	ldr	r0, [pc, #112]	@ (800368c <hard_fault+0xb8>)
 800361c:	f004 ff92 	bl	8008544 <z_impl_z_log_msg_simple_create_0>
		PR_EXC("  Debug event");
 8003620:	e7f0      	b.n	8003604 <hard_fault+0x30>
 8003622:	4a1e      	ldr	r2, [pc, #120]	@ (800369c <hard_fault+0xc8>)
 8003624:	2101      	movs	r1, #1
 8003626:	4819      	ldr	r0, [pc, #100]	@ (800368c <hard_fault+0xb8>)
 8003628:	f004 ff8c 	bl	8008544 <z_impl_z_log_msg_simple_create_0>
		if (z_arm_is_synchronous_svc(esf)) {
 800362c:	4630      	mov	r0, r6
 800362e:	f7ff fd79 	bl	8003124 <z_arm_is_synchronous_svc>
 8003632:	b998      	cbnz	r0, 800365c <hard_fault+0x88>
		} else if ((SCB->CFSR & SCB_CFSR_MEMFAULTSR_Msk) != 0) {
 8003634:	4b16      	ldr	r3, [pc, #88]	@ (8003690 <hard_fault+0xbc>)
 8003636:	6a9b      	ldr	r3, [r3, #40]	@ 0x28
 8003638:	f013 0fff 	tst.w	r3, #255	@ 0xff
 800363c:	d116      	bne.n	800366c <hard_fault+0x98>
		} else if ((SCB->CFSR & SCB_CFSR_BUSFAULTSR_Msk) != 0) {
 800363e:	4b14      	ldr	r3, [pc, #80]	@ (8003690 <hard_fault+0xbc>)
 8003640:	6a9c      	ldr	r4, [r3, #40]	@ 0x28
 8003642:	f414 447f 	ands.w	r4, r4, #65280	@ 0xff00
 8003646:	d118      	bne.n	800367a <hard_fault+0xa6>
		} else if ((SCB->CFSR & SCB_CFSR_USGFAULTSR_Msk) != 0) {
 8003648:	4b11      	ldr	r3, [pc, #68]	@ (8003690 <hard_fault+0xbc>)
 800364a:	6a9b      	ldr	r3, [r3, #40]	@ 0x28
 800364c:	f5b3 3f80 	cmp.w	r3, #65536	@ 0x10000
 8003650:	d3d8      	bcc.n	8003604 <hard_fault+0x30>
			reason = usage_fault(esf);
 8003652:	4630      	mov	r0, r6
 8003654:	f7ff fdae 	bl	80031b4 <usage_fault>
 8003658:	4604      	mov	r4, r0
	return reason;
 800365a:	e7d3      	b.n	8003604 <hard_fault+0x30>
			PR_EXC("ARCH_EXCEPT with reason %x\n", esf->basic.r0);
 800365c:	6833      	ldr	r3, [r6, #0]
	z_impl_z_log_msg_simple_create_1(source, level, fmt, arg);
 800365e:	4a10      	ldr	r2, [pc, #64]	@ (80036a0 <hard_fault+0xcc>)
 8003660:	2101      	movs	r1, #1
 8003662:	480a      	ldr	r0, [pc, #40]	@ (800368c <hard_fault+0xb8>)
 8003664:	f004 ff78 	bl	8008558 <z_impl_z_log_msg_simple_create_1>
			reason = esf->basic.r0;
 8003668:	6834      	ldr	r4, [r6, #0]
 800366a:	e7cb      	b.n	8003604 <hard_fault+0x30>
			reason = mem_manage_fault(esf, 1, recoverable);
 800366c:	462a      	mov	r2, r5
 800366e:	2101      	movs	r1, #1
 8003670:	4630      	mov	r0, r6
 8003672:	f7ff ff0b 	bl	800348c <mem_manage_fault>
 8003676:	4604      	mov	r4, r0
 8003678:	e7c4      	b.n	8003604 <hard_fault+0x30>
			reason = bus_fault(esf, 1, recoverable);
 800367a:	462a      	mov	r2, r5
 800367c:	2101      	movs	r1, #1
 800367e:	4630      	mov	r0, r6
 8003680:	f7ff fe7c 	bl	800337c <bus_fault>
 8003684:	4604      	mov	r4, r0
 8003686:	e7bd      	b.n	8003604 <hard_fault+0x30>
 8003688:	0800ae64 	.word	0x0800ae64
 800368c:	0800a404 	.word	0x0800a404
 8003690:	e000ed00 	.word	0xe000ed00
 8003694:	0800ae7c 	.word	0x0800ae7c
 8003698:	0800aea0 	.word	0x0800aea0
 800369c:	0800aeb0 	.word	0x0800aeb0
 80036a0:	0800aed0 	.word	0x0800aed0

080036a4 <z_arm_fault>:
 * @param exc_return EXC_RETURN value present in LR after exception entry.
 * @param callee_regs Callee-saved registers (R4-R11, PSP)
 *
 */
void z_arm_fault(uint32_t msp, uint32_t psp, uint32_t exc_return, _callee_saved_t *callee_regs)
{
 80036a4:	b530      	push	{r4, r5, lr}
 80036a6:	b08b      	sub	sp, #44	@ 0x2c
	uint32_t reason = K_ERR_CPU_EXCEPTION;
	int fault = SCB->ICSR & SCB_ICSR_VECTACTIVE_Msk;
 80036a8:	4b1e      	ldr	r3, [pc, #120]	@ (8003724 <z_arm_fault+0x80>)
 80036aa:	685d      	ldr	r5, [r3, #4]
 80036ac:	f3c5 0508 	ubfx	r5, r5, #0, #9
  __ASM volatile ("MSR basepri, %0" : : "r" (basePri) : "memory");
 80036b0:	2300      	movs	r3, #0
 80036b2:	f383 8811 	msr	BASEPRI, r3
 80036b6:	f3bf 8f6f 	isb	sy
	arch_irq_unlock(0);

	/* Retrieve the Exception Stack Frame (ESF) to be supplied
	 * as argument to the remainder of the fault handling process.
	 */
	esf = get_esf(msp, psp, exc_return, &nested_exc);
 80036ba:	f10d 0326 	add.w	r3, sp, #38	@ 0x26
 80036be:	f7ff fd55 	bl	800316c <get_esf>
 80036c2:	4604      	mov	r4, r0
	__ASSERT(esf != NULL, "ESF could not be retrieved successfully. Shall never occur.");

	z_arm_set_fault_sp(esf, exc_return);

	reason = fault_handle(esf, fault, &recoverable);
 80036c4:	f10d 0227 	add.w	r2, sp, #39	@ 0x27
 80036c8:	4629      	mov	r1, r5
 80036ca:	f005 f862 	bl	8008792 <fault_handle>
	if (recoverable) {
 80036ce:	f89d 3027 	ldrb.w	r3, [sp, #39]	@ 0x27
 80036d2:	b10b      	cbz	r3, 80036d8 <z_arm_fault+0x34>
	 */
	if ((exc_return & 0xf000000f) == 0xf000000d) {
		arm_m_exc_tail();
	}
#endif
}
 80036d4:	b00b      	add	sp, #44	@ 0x2c
 80036d6:	bd30      	pop	{r4, r5, pc}
 80036d8:	4605      	mov	r5, r0
	memcpy(&esf_copy, esf, sizeof(struct arch_esf));
 80036da:	f10d 0c04 	add.w	ip, sp, #4
 80036de:	6820      	ldr	r0, [r4, #0]
 80036e0:	6861      	ldr	r1, [r4, #4]
 80036e2:	68a2      	ldr	r2, [r4, #8]
 80036e4:	68e3      	ldr	r3, [r4, #12]
 80036e6:	e8ac 000f 	stmia.w	ip!, {r0, r1, r2, r3}
 80036ea:	6920      	ldr	r0, [r4, #16]
 80036ec:	6961      	ldr	r1, [r4, #20]
 80036ee:	69a2      	ldr	r2, [r4, #24]
 80036f0:	69e3      	ldr	r3, [r4, #28]
 80036f2:	e8ac 000f 	stmia.w	ip!, {r0, r1, r2, r3}
	if (nested_exc) {
 80036f6:	f89d 3026 	ldrb.w	r3, [sp, #38]	@ 0x26
 80036fa:	b14b      	cbz	r3, 8003710 <z_arm_fault+0x6c>
		if ((esf_copy.basic.xpsr & IPSR_ISR_Msk) == 0) {
 80036fc:	9b08      	ldr	r3, [sp, #32]
 80036fe:	f3c3 0208 	ubfx	r2, r3, #0, #9
 8003702:	b94a      	cbnz	r2, 8003718 <z_arm_fault+0x74>
			esf_copy.basic.xpsr |= IPSR_ISR_Msk;
 8003704:	ea6f 2353 	mvn.w	r3, r3, lsr #9
 8003708:	ea6f 2343 	mvn.w	r3, r3, lsl #9
 800370c:	9308      	str	r3, [sp, #32]
 800370e:	e003      	b.n	8003718 <z_arm_fault+0x74>
		esf_copy.basic.xpsr &= ~(IPSR_ISR_Msk);
 8003710:	9b08      	ldr	r3, [sp, #32]
 8003712:	f36f 0308 	bfc	r3, #0, #9
 8003716:	9308      	str	r3, [sp, #32]
	z_arm_fatal_error(reason, &esf_copy);
 8003718:	a901      	add	r1, sp, #4
 800371a:	4628      	mov	r0, r5
 800371c:	f7ff fcba 	bl	8003094 <z_arm_fatal_error>
 8003720:	e7d8      	b.n	80036d4 <z_arm_fault+0x30>
 8003722:	bf00      	nop
 8003724:	e000ed00 	.word	0xe000ed00

08003728 <z_arm_fault_init>:
 */
void z_arm_fault_init(void)
{
#if defined(CONFIG_ARMV6_M_ARMV8_M_BASELINE)
#elif defined(CONFIG_ARMV7_M_ARMV8_M_MAINLINE)
	SCB->CCR |= SCB_CCR_DIV_0_TRP_Msk;
 8003728:	4b04      	ldr	r3, [pc, #16]	@ (800373c <z_arm_fault_init+0x14>)
 800372a:	695a      	ldr	r2, [r3, #20]
 800372c:	f042 0210 	orr.w	r2, r2, #16
 8003730:	615a      	str	r2, [r3, #20]
	SCB->CCR |= SCB_CCR_STKOFHFNMIGN_Msk;
#endif /* CONFIG_BUILTIN_STACK_GUARD */
#ifdef CONFIG_TRAP_UNALIGNED_ACCESS
	SCB->CCR |= SCB_CCR_UNALIGN_TRP_Msk;
#else
	SCB->CCR &= ~SCB_CCR_UNALIGN_TRP_Msk;
 8003732:	695a      	ldr	r2, [r3, #20]
 8003734:	f022 0208 	bic.w	r2, r2, #8
 8003738:	615a      	str	r2, [r3, #20]
#endif /* CONFIG_TRAP_UNALIGNED_ACCESS */
}
 800373a:	4770      	bx	lr
 800373c:	e000ed00 	.word	0xe000ed00

08003740 <z_arm_bus_fault>:
#else
#error Unknown ARM architecture
#endif /* CONFIG_ARMV6_M_ARMV8_M_BASELINE */
SECTION_SUBSEC_FUNC(TEXT,__fault,z_arm_exc_spurious)

	mrs r0, MSP
 8003740:	f3ef 8008 	mrs	r0, MSP
	mrs r1, PSP
 8003744:	f3ef 8109 	mrs	r1, PSP
	push {r0, lr}
 8003748:	b501      	push	{r0, lr}
#elif defined(CONFIG_ARMV7_M_ARMV8_M_MAINLINE)
	push {r4-r11}
#endif
	mov  r3, sp /* pointer to _callee_saved_t */
#endif /* CONFIG_EXTRA_EXCEPTION_INFO */
	mov r2, lr /* EXC_RETURN */
 800374a:	4672      	mov	r2, lr
	bl z_arm_fault
 800374c:	f7ff ffaa 	bl	80036a4 <z_arm_fault>
	 * in this routine. Therefore, we can just reset
	 * the MSP to its value prior to entering the function
	 */
	add sp, #40
#endif
	pop {r0, pc}
 8003750:	bd01      	pop	{r0, pc}
 8003752:	bf00      	nop

08003754 <__start>:
     *
     * Since these scenarios cover most of the cases, we set MSP to
     * z_main_stack here.
     *
     */
    ldr r0, =z_main_stack + CONFIG_MAIN_STACK_SIZE
 8003754:	480c      	ldr	r0, [pc, #48]	@ (8003788 <__start+0x34>)
    msr msp, r0
 8003756:	f380 8808 	msr	MSP, r0
     *       to avoid any issues with suspend/resume path.
     *       Refer issue #83660 for more details.
     */
#if defined(CONFIG_DEBUG_THREAD_INFO)
    /* Clear z_sys_post_kernel flag for RTOS aware debuggers */
    movs.n r0, #0
 800375a:	2000      	movs	r0, #0
    ldr r1, =z_sys_post_kernel
 800375c:	490b      	ldr	r1, [pc, #44]	@ (800378c <__start+0x38>)
    strb r0, [r1]
 800375e:	7008      	strb	r0, [r1, #0]

    /* lock interrupts: will get unlocked when switch to main task */
#if defined(CONFIG_ARMV6_M_ARMV8_M_BASELINE)
    cpsid i
#elif defined(CONFIG_ARMV7_M_ARMV8_M_MAINLINE)
    movs.n r0, #_EXC_IRQ_DEFAULT_PRIO
 8003760:	2010      	movs	r0, #16
    msr BASEPRI, r0
 8003762:	f380 8811 	msr	BASEPRI, r0

    /*
     * Set PSP and use it to boot without using MSP, so that it
     * gets set to z_interrupt_stacks during initialization.
     */
    ldr r0, =z_interrupt_stacks
 8003766:	480a      	ldr	r0, [pc, #40]	@ (8003790 <__start+0x3c>)
    ldr r1, =CONFIG_ISR_STACK_SIZE + MPU_GUARD_ALIGN_AND_SIZE
 8003768:	f44f 6104 	mov.w	r1, #2112	@ 0x840
    adds r0, r0, r1
 800376c:	1840      	adds	r0, r0, r1
    msr PSP, r0
 800376e:	f380 8809 	msr	PSP, r0
    mrs r0, CONTROL
 8003772:	f3ef 8014 	mrs	r0, CONTROL
    movs r1, #(2 | CONTROL_ARM_PAC_MASK | CONTROL_ARM_BTI_MASK)
 8003776:	2102      	movs	r1, #2
    orrs r0, r1 /* CONTROL_SPSEL_Msk */
 8003778:	4308      	orrs	r0, r1
    msr CONTROL, r0
 800377a:	f380 8814 	msr	CONTROL, r0
    /*
     * When changing the stack pointer, software must use an ISB instruction
     * immediately after the MSR instruction. This ensures that instructions
     * after the ISB instruction execute using the new stack pointer.
     */
    isb
 800377e:	f3bf 8f6f 	isb	sy
    /*
     * 'bl' jumps the furthest of the branch instructions that are
     * supported on all platforms. So it is used when jumping to z_prep_c
     * (even though we do not intend to return).
     */
    bl z_prep_c
 8003782:	f000 f849 	bl	8003818 <z_prep_c>
 8003786:	0000      	.short	0x0000
    ldr r0, =z_main_stack + CONFIG_MAIN_STACK_SIZE
 8003788:	20002fc0 	.word	0x20002fc0
    ldr r1, =z_sys_post_kernel
 800378c:	20001110 	.word	0x20001110
    ldr r0, =z_interrupt_stacks
 8003790:	20002200 	.word	0x20002200

08003794 <z_arm_svc>:
  bne .L_stack_frame_endif
.L_stack_frame_msp:
  mrs r0, MSP
.L_stack_frame_endif:
#elif defined(CONFIG_ARMV7_M_ARMV8_M_MAINLINE)
    tst lr, #_EXC_RETURN_SPSEL_Msk /* did we come from thread mode ? */
 8003794:	f01e 0f04 	tst.w	lr, #4
    ite eq  /* if zero (equal), came from handler mode */
 8003798:	bf0c      	ite	eq
        mrseq r0, MSP   /* handler mode, stack frame is on MSP */
 800379a:	f3ef 8008 	mrseq	r0, MSP
        mrsne r0, PSP   /* thread mode, stack frame is on PSP */
 800379e:	f3ef 8009 	mrsne	r0, PSP
#endif


    /* Figure out what SVC call number was invoked */

    ldr r1, [r0, #24]   /* grab address of PC from stack frame */
 80037a2:	6981      	ldr	r1, [r0, #24]
     */
#if defined(CONFIG_ARMV6_M_ARMV8_M_BASELINE)
    subs r1, r1, #2
    ldrb r1, [r1]
#elif defined(CONFIG_ARMV7_M_ARMV8_M_MAINLINE)
    ldrb r1, [r1, #-2]
 80037a4:	f811 1c02 	ldrb.w	r1, [r1, #-2]
#endif
    bne .L_oops

#endif /* CONFIG_USERSPACE */

    cmp r1, #2
 80037a8:	2902      	cmp	r1, #2
    beq .L_oops
 80037aa:	d0ff      	beq.n	80037ac <z_arm_svc+0x18>
#endif

#endif

.L_oops:
    push {r0, lr}
 80037ac:	b501      	push	{r0, lr}
#else
#error Unknown ARM architecture
#endif
    mov  r1, sp /* pointer to _callee_saved_t */
#endif /* CONFIG_EXTRA_EXCEPTION_INFO */
    mov r2, lr /* EXC_RETURN */
 80037ae:	4672      	mov	r2, lr
    bl z_do_kernel_oops
 80037b0:	f004 ffe1 	bl	8008776 <z_do_kernel_oops>

#ifdef CONFIG_USE_SWITCH
    bl arm_m_legacy_exit
#endif

    pop {r0, pc}
 80037b4:	bd01      	pop	{r0, pc}
 80037b6:	bf00      	nop

080037b8 <__NVIC_EnableIRQ>:
  \param [in]      IRQn  Device specific interrupt number.
  \note    IRQn must not be negative.
 */
__STATIC_INLINE void __NVIC_EnableIRQ(IRQn_Type IRQn)
{
  if ((int32_t)(IRQn) >= 0)
 80037b8:	2800      	cmp	r0, #0
 80037ba:	db07      	blt.n	80037cc <__NVIC_EnableIRQ+0x14>
  {
    __COMPILER_BARRIER();
    NVIC->ISER[(((uint32_t)IRQn) >> 5UL)] = (uint32_t)(1UL << (((uint32_t)IRQn) & 0x1FUL));
 80037bc:	f000 021f 	and.w	r2, r0, #31
 80037c0:	0940      	lsrs	r0, r0, #5
 80037c2:	2301      	movs	r3, #1
 80037c4:	4093      	lsls	r3, r2
 80037c6:	4a02      	ldr	r2, [pc, #8]	@ (80037d0 <__NVIC_EnableIRQ+0x18>)
 80037c8:	f842 3020 	str.w	r3, [r2, r0, lsl #2]
    __COMPILER_BARRIER();
  }
}
 80037cc:	4770      	bx	lr
 80037ce:	bf00      	nop
 80037d0:	e000e100 	.word	0xe000e100

080037d4 <__NVIC_SetPriority>:
  \param [in]  priority  Priority to set.
  \note    The priority cannot be set for every processor exception.
 */
__STATIC_INLINE void __NVIC_SetPriority(IRQn_Type IRQn, uint32_t priority)
{
  if ((int32_t)(IRQn) >= 0)
 80037d4:	2800      	cmp	r0, #0
 80037d6:	db08      	blt.n	80037ea <__NVIC_SetPriority+0x16>
  {
    NVIC->IPR[((uint32_t)IRQn)]               = (uint8_t)((priority << (8U - __NVIC_PRIO_BITS)) & (uint32_t)0xFFUL);
 80037d8:	0109      	lsls	r1, r1, #4
 80037da:	b2c9      	uxtb	r1, r1
 80037dc:	f100 4060 	add.w	r0, r0, #3758096384	@ 0xe0000000
 80037e0:	f500 4061 	add.w	r0, r0, #57600	@ 0xe100
 80037e4:	f880 1300 	strb.w	r1, [r0, #768]	@ 0x300
 80037e8:	4770      	bx	lr
  }
  else
  {
    SCB->SHPR[(((uint32_t)IRQn) & 0xFUL)-4UL] = (uint8_t)((priority << (8U - __NVIC_PRIO_BITS)) & (uint32_t)0xFFUL);
 80037ea:	f000 000f 	and.w	r0, r0, #15
 80037ee:	0109      	lsls	r1, r1, #4
 80037f0:	b2c9      	uxtb	r1, r1
 80037f2:	4b01      	ldr	r3, [pc, #4]	@ (80037f8 <__NVIC_SetPriority+0x24>)
 80037f4:	5419      	strb	r1, [r3, r0]
  }
}
 80037f6:	4770      	bx	lr
 80037f8:	e000ed14 	.word	0xe000ed14

080037fc <relocate_vector_table>:
	/* Copy vector table to its location in SRAM */
	size_t vector_size = (size_t)_vector_end - (size_t)_vector_start;

	arch_early_memcpy(_sram_vector_start, _vector_start, vector_size);
#endif
	SCB->VTOR = VECTOR_ADDRESS & VTOR_MASK;
 80037fc:	4b04      	ldr	r3, [pc, #16]	@ (8003810 <relocate_vector_table+0x14>)
 80037fe:	f023 037f 	bic.w	r3, r3, #127	@ 0x7f
 8003802:	4a04      	ldr	r2, [pc, #16]	@ (8003814 <relocate_vector_table+0x18>)
 8003804:	6093      	str	r3, [r2, #8]
  __ASM volatile ("dsb 0xF":::"memory");
 8003806:	f3bf 8f4f 	dsb	sy
  __ASM volatile ("isb 0xF":::"memory");
 800380a:	f3bf 8f6f 	isb	sy
	barrier_dsync_fence_full();
	barrier_isync_fence_full();
}
 800380e:	4770      	bx	lr
 8003810:	08000000 	.word	0x08000000
 8003814:	e000ed00 	.word	0xe000ed00

08003818 <z_prep_c>:
 *
 * This routine prepares for the execution of and runs C code.
 *
 */
FUNC_NORETURN void z_prep_c(void)
{
 8003818:	b508      	push	{r3, lr}
	soc_prep_hook();

	relocate_vector_table();
 800381a:	f7ff ffef 	bl	80037fc <relocate_vector_table>
	SCB->CPACR &= (~(CPACR_CP10_Msk | CPACR_CP11_Msk));
 800381e:	4a0b      	ldr	r2, [pc, #44]	@ (800384c <z_prep_c+0x34>)
 8003820:	f8d2 3088 	ldr.w	r3, [r2, #136]	@ 0x88
 8003824:	f423 0370 	bic.w	r3, r3, #15728640	@ 0xf00000
 8003828:	f8c2 3088 	str.w	r3, [r2, #136]	@ 0x88
  __ASM volatile ("MRS %0, control" : "=r" (result) );
 800382c:	f3ef 8314 	mrs	r3, CONTROL
	__set_CONTROL(__get_CONTROL() & (~(CONTROL_FPCA_Msk)));
 8003830:	f023 0304 	bic.w	r3, r3, #4
  __ASM volatile ("MSR control, %0" : : "r" (control) : "memory");
 8003834:	f383 8814 	msr	CONTROL, r3
 8003838:	f3bf 8f6f 	isb	sy
#if defined(CONFIG_CPU_HAS_FPU)
	z_arm_floating_point_init();
#endif
	arch_bss_zero();
 800383c:	f7ff fb54 	bl	8002ee8 <arch_bss_zero>
	arch_data_copy();
 8003840:	f7ff fb5e 	bl	8002f00 <arch_data_copy>
#if defined(CONFIG_ARM_CUSTOM_INTERRUPT_CONTROLLER)
	/* Invoke SoC-specific interrupt controller initialization */
	z_soc_irq_init();
#else
	z_arm_interrupt_init();
 8003844:	f000 f8cc 	bl	80039e0 <z_arm_interrupt_init>
#endif

#ifdef CONFIG_NULL_POINTER_EXCEPTION_DETECTION_DWT
	z_arm_debug_enable_null_pointer_detection();
#endif
	z_cstart();
 8003848:	f001 fec6 	bl	80055d8 <z_cstart>
 800384c:	e000ed00 	.word	0xe000ed00

08003850 <min_stack>:
 *         thread stack corruption, otherwise return 0.
 */
static uint32_t min_stack(const uint32_t fault_addr, const uint32_t psp)
{
#if defined(CONFIG_MULTITHREADING)
	const struct k_thread *thread = _current;
 8003850:	4b10      	ldr	r3, [pc, #64]	@ (8003894 <min_stack+0x44>)
 8003852:	689b      	ldr	r3, [r3, #8]

	if (thread == NULL) {
 8003854:	b1bb      	cbz	r3, 8003886 <min_stack+0x36>
			return thread->stack_info.start;
		}
	}
#else /* CONFIG_USERSPACE */
#if defined(CONFIG_MULTITHREADING)
	if (IS_MPU_GUARD_VIOLATION(thread->stack_info.start - guard_len, guard_len, fault_addr,
 8003856:	f110 0f16 	cmn.w	r0, #22
 800385a:	d00b      	beq.n	8003874 <min_stack+0x24>
 800385c:	f8d3 2098 	ldr.w	r2, [r3, #152]	@ 0x98
 8003860:	f1a2 0c40 	sub.w	ip, r2, #64	@ 0x40
 8003864:	4584      	cmp	ip, r0
 8003866:	d810      	bhi.n	800388a <min_stack+0x3a>
 8003868:	4282      	cmp	r2, r0
 800386a:	d910      	bls.n	800388e <min_stack+0x3e>
 800386c:	428a      	cmp	r2, r1
 800386e:	d807      	bhi.n	8003880 <min_stack+0x30>
		return (uint32_t)K_THREAD_STACK_BUFFER(z_main_stack);
	}
#endif
#endif /* CONFIG_USERSPACE */

	return 0;
 8003870:	2000      	movs	r0, #0
 8003872:	4770      	bx	lr
	if (IS_MPU_GUARD_VIOLATION(thread->stack_info.start - guard_len, guard_len, fault_addr,
 8003874:	f8d3 2098 	ldr.w	r2, [r3, #152]	@ 0x98
 8003878:	428a      	cmp	r2, r1
 800387a:	d801      	bhi.n	8003880 <min_stack+0x30>
	return 0;
 800387c:	2000      	movs	r0, #0
}
 800387e:	4770      	bx	lr
		return thread->stack_info.start;
 8003880:	f8d3 0098 	ldr.w	r0, [r3, #152]	@ 0x98
 8003884:	4770      	bx	lr
		return 0;
 8003886:	2000      	movs	r0, #0
 8003888:	4770      	bx	lr
	return 0;
 800388a:	2000      	movs	r0, #0
 800388c:	4770      	bx	lr
 800388e:	2000      	movs	r0, #0
 8003890:	4770      	bx	lr
 8003892:	bf00      	nop
 8003894:	200010d0 	.word	0x200010d0

08003898 <arch_new_thread>:
{
 8003898:	b410      	push	{r4}
	struct __basic_sf *iframe = Z_STACK_PTR_TO_FRAME(struct __basic_sf, stack_ptr);
 800389a:	f1a2 0420 	sub.w	r4, r2, #32
	iframe->pc = (uint32_t)entry_wrapper;
 800389e:	490e      	ldr	r1, [pc, #56]	@ (80038d8 <arch_new_thread+0x40>)
 80038a0:	f842 1c08 	str.w	r1, [r2, #-8]
	iframe->pc &= 0xfffffffe;
 80038a4:	f021 0101 	bic.w	r1, r1, #1
 80038a8:	f842 1c08 	str.w	r1, [r2, #-8]
	iframe->a1 = (uint32_t)entry;
 80038ac:	f842 3c20 	str.w	r3, [r2, #-32]
	iframe->a2 = (uint32_t)p1;
 80038b0:	9b01      	ldr	r3, [sp, #4]
 80038b2:	f842 3c1c 	str.w	r3, [r2, #-28]
	iframe->a3 = (uint32_t)p2;
 80038b6:	9b02      	ldr	r3, [sp, #8]
 80038b8:	f842 3c18 	str.w	r3, [r2, #-24]
	iframe->a4 = (uint32_t)p3;
 80038bc:	9b03      	ldr	r3, [sp, #12]
 80038be:	f842 3c14 	str.w	r3, [r2, #-20]
	iframe->xpsr = 0x01000000UL; /* clear all, thumb bit is 1, even if RO */
 80038c2:	f04f 7380 	mov.w	r3, #16777216	@ 0x1000000
 80038c6:	f842 3c04 	str.w	r3, [r2, #-4]
	thread->callee_saved.psp = (uint32_t)iframe;
 80038ca:	6504      	str	r4, [r0, #80]	@ 0x50
	thread->arch.basepri = 0;
 80038cc:	2300      	movs	r3, #0
 80038ce:	f8c0 30ac 	str.w	r3, [r0, #172]	@ 0xac
}
 80038d2:	bc10      	pop	{r4}
 80038d4:	4770      	bx	lr
 80038d6:	bf00      	nop
 80038d8:	080020ed 	.word	0x080020ed

080038dc <arch_switch_to_main_thread>:
#endif /* CONFIG_FPU */
}

void arch_switch_to_main_thread(struct k_thread *main_thread, char *stack_ptr,
				k_thread_entry_t _main)
{
 80038dc:	b508      	push	{r3, lr}
 80038de:	460e      	mov	r6, r1
 80038e0:	4615      	mov	r5, r2
	z_arm_prepare_switch_to_main();

	z_current_thread_set(main_thread);
 80038e2:	4a0c      	ldr	r2, [pc, #48]	@ (8003914 <arch_switch_to_main_thread+0x38>)
 80038e4:	6090      	str	r0, [r2, #8]
	 * thread for the first time, as the pointer is only set
	 * during context switching.
	 */
	extern uintptr_t z_arm_tls_ptr;

	z_arm_tls_ptr = main_thread->tls;
 80038e6:	f8d0 20a8 	ldr.w	r2, [r0, #168]	@ 0xa8
 80038ea:	4b0b      	ldr	r3, [pc, #44]	@ (8003918 <arch_switch_to_main_thread+0x3c>)
 80038ec:	601a      	str	r2, [r3, #0]
#if defined(CONFIG_MPU_STACK_GUARD) || defined(CONFIG_USERSPACE)
	/*
	 * If stack protection is enabled, make sure to set it
	 * before jumping to thread entry function
	 */
	z_arm_configure_dynamic_mpu_regions(main_thread);
 80038ee:	f000 f8b5 	bl	8003a5c <z_arm_configure_dynamic_mpu_regions>
	 * with the thread entry process.
	 *
	 * When calling arch_irq_unlock_outlined, LR is lost which is fine since
	 * we do not intend to return after calling z_thread_entry.
	 */
	__asm__ volatile("mov   r4,  %0\n" /* force _main to be stored in a register */
 80038f2:	462c      	mov	r4, r5
 80038f4:	f386 8809 	msr	PSP, r6
 80038f8:	2000      	movs	r0, #0
 80038fa:	4b04      	ldr	r3, [pc, #16]	@ (800390c <arch_switch_to_main_thread+0x30>)
 80038fc:	4798      	blx	r3
 80038fe:	4620      	mov	r0, r4
 8003900:	2100      	movs	r1, #0
 8003902:	2200      	movs	r2, #0
 8003904:	2300      	movs	r3, #0
 8003906:	4c02      	ldr	r4, [pc, #8]	@ (8003910 <arch_switch_to_main_thread+0x34>)
 8003908:	4720      	bx	r4
 800390a:	0000      	.short	0x0000
 800390c:	0800880d 	.word	0x0800880d
 8003910:	080020ed 	.word	0x080020ed
#endif
			 :
			 : "r"(_main), "r"(stack_ptr)
			 : "r0", "r1", "r2", "r3", "r4", "ip", "lr", "memory");

	CODE_UNREACHABLE;
 8003914:	200010d0 	.word	0x200010d0
 8003918:	20001028 	.word	0x20001028

0800391c <z_arm_cpu_idle_init>:
 * Only called by arch_kernel_init(). Sets SEVONPEND bit once for the system's
 * duration.
 */
void z_arm_cpu_idle_init(void)
{
	SCB->SCR = SCB_SCR_SEVONPEND_Msk;
 800391c:	4b01      	ldr	r3, [pc, #4]	@ (8003924 <z_arm_cpu_idle_init+0x8>)
 800391e:	2210      	movs	r2, #16
 8003920:	611a      	str	r2, [r3, #16]
}
 8003922:	4770      	bx	lr
 8003924:	e000ed00 	.word	0xe000ed00

08003928 <z_arm_exc_exit>:
 *
 */
Z_GENERIC_SECTION(.text._HandlerModeExit) void z_arm_exc_exit(void)
{
#ifdef CONFIG_PREEMPT_ENABLED
	if (_kernel.ready_q.cache != _kernel.cpus->current) {
 8003928:	4b05      	ldr	r3, [pc, #20]	@ (8003940 <z_arm_exc_exit+0x18>)
 800392a:	695a      	ldr	r2, [r3, #20]
 800392c:	689b      	ldr	r3, [r3, #8]
 800392e:	429a      	cmp	r2, r3
 8003930:	d004      	beq.n	800393c <z_arm_exc_exit+0x14>
		SCB->ICSR |= SCB_ICSR_PENDSVSET_Msk;
 8003932:	4a04      	ldr	r2, [pc, #16]	@ (8003944 <z_arm_exc_exit+0x1c>)
 8003934:	6853      	ldr	r3, [r2, #4]
 8003936:	f043 5380 	orr.w	r3, r3, #268435456	@ 0x10000000
 800393a:	6053      	str	r3, [r2, #4]
#endif /* CONFIG_PREEMPT_ENABLED */

#ifdef CONFIG_STACK_SENTINEL
	z_check_stack_sentinel();
#endif /* CONFIG_STACK_SENTINEL */
}
 800393c:	4770      	bx	lr
 800393e:	bf00      	nop
 8003940:	200010d0 	.word	0x200010d0
 8003944:	e000ed00 	.word	0xe000ed00

08003948 <z_impl_k_thread_abort>:
#include <zephyr/linker/sections.h>
#include <kswap.h>
#include <zephyr/sys/__assert.h>

void z_impl_k_thread_abort(k_tid_t thread)
{
 8003948:	b508      	push	{r3, lr}
	SYS_PORT_TRACING_OBJ_FUNC_ENTER(k_thread, abort, thread);

	if (_current == thread) {
 800394a:	4b0a      	ldr	r3, [pc, #40]	@ (8003974 <z_impl_k_thread_abort+0x2c>)
 800394c:	689b      	ldr	r3, [r3, #8]
 800394e:	4283      	cmp	r3, r0
 8003950:	d002      	beq.n	8003958 <z_impl_k_thread_abort+0x10>
			 */
			SCB->SHCSR &= ~SCB_SHCSR_SVCALLPENDED_Msk;
		}
	}

	z_thread_abort(thread);
 8003952:	f002 fbf1 	bl	8006138 <z_thread_abort>

	SYS_PORT_TRACING_OBJ_FUNC_EXIT(k_thread, abort, thread);
}
 8003956:	bd08      	pop	{r3, pc}
  __ASM volatile ("MRS %0, ipsr" : "=r" (result) );
 8003958:	f3ef 8305 	mrs	r3, IPSR
		if (arch_is_in_isr()) {
 800395c:	2b00      	cmp	r3, #0
 800395e:	d0f8      	beq.n	8003952 <z_impl_k_thread_abort+0xa>
			SCB->ICSR |= SCB_ICSR_PENDSVSET_Msk;
 8003960:	4b05      	ldr	r3, [pc, #20]	@ (8003978 <z_impl_k_thread_abort+0x30>)
 8003962:	685a      	ldr	r2, [r3, #4]
 8003964:	f042 5280 	orr.w	r2, r2, #268435456	@ 0x10000000
 8003968:	605a      	str	r2, [r3, #4]
			SCB->SHCSR &= ~SCB_SHCSR_SVCALLPENDED_Msk;
 800396a:	6a5a      	ldr	r2, [r3, #36]	@ 0x24
 800396c:	f422 4200 	bic.w	r2, r2, #32768	@ 0x8000
 8003970:	625a      	str	r2, [r3, #36]	@ 0x24
 8003972:	e7ee      	b.n	8003952 <z_impl_k_thread_abort+0xa>
 8003974:	200010d0 	.word	0x200010d0
 8003978:	e000ed00 	.word	0xe000ed00

0800397c <z_arm_pendsv>:
    /* load _kernel into r1 and current k_thread into r2 */
#if defined(CONFIG_SLOW_FLASH_DATA)
    movw r1, #:lower16:_kernel
    movt r1, #:upper16:_kernel
#else
    ldr r1, =_kernel
 800397c:	4915      	ldr	r1, [pc, #84]	@ (80039d4 <z_arm_pendsv+0x58>)
#endif
    ldr r2, [r1, #_kernel_offset_to_current]
 800397e:	688a      	ldr	r2, [r1, #8]
    /* Store LSB of LR (EXC_RETURN) to the thread's 'mode' word. */
    strb lr, [r2, #_thread_offset_to_mode_exc_return]
#endif

    /* addr of callee-saved regs in thread in r0 */
    ldr r0, =_thread_offset_to_callee_saved
 8003980:	f04f 0030 	mov.w	r0, #48	@ 0x30
    add r0, r2
 8003984:	4410      	add	r0, r2

    /* save callee-saved + psp in thread */
    mrs ip, PSP
 8003986:	f3ef 8c09 	mrs	ip, PSP
    mov r6, r11
    mov r7, ip
    /* store r8-12 */
    stmea r0!, {r3-r7}
#elif defined(CONFIG_ARMV7_M_ARMV8_M_MAINLINE)
    stmia r0, {r4-r11, ip}
 800398a:	e880 1ff0 	stmia.w	r0, {r4, r5, r6, r7, r8, r9, sl, fp, ip}

    /* Protect the kernel state while we play with the thread lists */
#if defined(CONFIG_ARMV6_M_ARMV8_M_BASELINE)
    cpsid i
#elif defined(CONFIG_ARMV7_M_ARMV8_M_MAINLINE)
    movs.n r0, #_EXC_IRQ_DEFAULT_PRIO
 800398e:	2010      	movs	r0, #16
    msr BASEPRI_MAX, r0
 8003990:	f380 8812 	msr	BASEPRI_MAX, r0
    isb /* Make the effect of disabling interrupts be realized immediately */
 8003994:	f3bf 8f6f 	isb	sy
     */
#if defined(CONFIG_SLOW_FLASH_DATA)
    movw r7, #:lower16:_SCS_ICSR
    movt r7, #:upper16:_SCS_ICSR
#else
    ldr r7, =_SCS_ICSR
 8003998:	4f0f      	ldr	r7, [pc, #60]	@ (80039d8 <z_arm_pendsv+0x5c>)
#endif
    ldr r6, =_SCS_ICSR_UNPENDSV
 800399a:	f04f 6600 	mov.w	r6, #134217728	@ 0x8000000

    /* _kernel is still in r1 */

    /* fetch the thread to run from the ready queue cache */
    ldr r2, [r1, #_kernel_offset_to_ready_q_cache]
 800399e:	694a      	ldr	r2, [r1, #20]

    str r2, [r1, #_kernel_offset_to_current]
 80039a0:	608a      	str	r2, [r1, #8]
     * since they were based on the previous kernel state and this
     * has been handled.
     */

    /* _SCS_ICSR is still in r7 and _SCS_ICSR_UNPENDSV in r6 */
    str r6, [r7, #0]
 80039a2:	603e      	str	r6, [r7, #0]
#if defined(CONFIG_ARMV6_M_ARMV8_M_BASELINE)
    ldr r4, =_thread_offset_to_tls
    adds r4, r2, r4
    ldr r0, [r4]
#else
    ldr r0, [r2, #_thread_offset_to_tls]
 80039a4:	f8d2 00a8 	ldr.w	r0, [r2, #168]	@ 0xa8

    /* For Cortex-M, store TLS pointer in a global variable,
     * as it lacks the process ID or thread ID register
     * to be used by toolchain to access thread data.
     */
    ldr r4, =z_arm_tls_ptr
 80039a8:	4c0c      	ldr	r4, [pc, #48]	@ (80039dc <z_arm_pendsv+0x60>)
    str r0, [r4]
 80039aa:	6020      	str	r0, [r4, #0]

    ldr r0, [r4]
    movs.n r3, #0
    str r3, [r4]
#else
    ldr r0, [r2, #_thread_offset_to_basepri]
 80039ac:	f8d2 00ac 	ldr.w	r0, [r2, #172]	@ 0xac
    movs r3, #0
 80039b0:	2300      	movs	r3, #0
    str r3, [r2, #_thread_offset_to_basepri]
 80039b2:	f8c2 30ac 	str.w	r3, [r2, #172]	@ 0xac
    /* restore r4-r7, go back 9*4 bytes to the start of the stored block */
    subs r0, #36
    ldmia r0!, {r4-r7}
#elif defined(CONFIG_ARMV7_M_ARMV8_M_MAINLINE)
    /* restore BASEPRI for the incoming thread */
    msr BASEPRI, r0
 80039b6:	f380 8811 	msr	BASEPRI, r0
    isb
#endif

#if defined(CONFIG_MPU_STACK_GUARD) || defined(CONFIG_USERSPACE)
    /* Re-program dynamic memory map */
    push {r2,lr}
 80039ba:	b504      	push	{r2, lr}
    mov r0, r2 /* _current thread */
 80039bc:	4610      	mov	r0, r2
    bl z_arm_configure_dynamic_mpu_regions
 80039be:	f000 f84d 	bl	8003a5c <z_arm_configure_dynamic_mpu_regions>
    pop {r2,lr}
 80039c2:	e8bd 4004 	ldmia.w	sp!, {r2, lr}
    msr  PAC_KEY_P_3, r6
    clrm {r3-r6}
#endif /* CONFIG_ARM_PAC_PER_THREAD */

    /* load callee-saved + psp from thread */
    add r0, r2, #_thread_offset_to_callee_saved
 80039c6:	f102 0030 	add.w	r0, r2, #48	@ 0x30
    ldmia r0, {r4-r11, ip}
 80039ca:	e890 1ff0 	ldmia.w	r0, {r4, r5, r6, r7, r8, r9, sl, fp, ip}
#else
#error Unknown ARM architecture
#endif /* CONFIG_ARMV6_M_ARMV8_M_BASELINE */

    msr PSP, ip
 80039ce:	f38c 8809 	msr	PSP, ip
#endif /* CONFIG_INSTRUMENT_THREAD_SWITCHING */

    /*
     * Cortex-M: return from PendSV exception
     */
    bx lr
 80039d2:	4770      	bx	lr
    ldr r1, =_kernel
 80039d4:	200010d0 	.word	0x200010d0
    ldr r7, =_SCS_ICSR
 80039d8:	e000ed04 	.word	0xe000ed04
    ldr r4, =z_arm_tls_ptr
 80039dc:	20001028 	.word	0x20001028

080039e0 <z_arm_interrupt_init>:
 *
 */

void z_arm_interrupt_init(void)
{
	int irq = 0;
 80039e0:	2200      	movs	r2, #0

/* CONFIG_2ND_LVL_ISR_TBL_OFFSET could be treated as total number of level1 interrupts */
#if defined(CONFIG_MULTI_LEVEL_INTERRUPTS) && defined(CONFIG_2ND_LVL_ISR_TBL_OFFSET)
	for (; irq < CONFIG_2ND_LVL_ISR_TBL_OFFSET; irq++) {
#else
	for (; irq < CONFIG_NUM_IRQS; irq++) {
 80039e2:	e006      	b.n	80039f2 <z_arm_interrupt_init+0x12>
    SCB->SHPR[(((uint32_t)IRQn) & 0xFUL)-4UL] = (uint8_t)((priority << (8U - __NVIC_PRIO_BITS)) & (uint32_t)0xFFUL);
 80039e4:	f003 030f 	and.w	r3, r3, #15
 80039e8:	4909      	ldr	r1, [pc, #36]	@ (8003a10 <z_arm_interrupt_init+0x30>)
 80039ea:	4419      	add	r1, r3
 80039ec:	2310      	movs	r3, #16
 80039ee:	760b      	strb	r3, [r1, #24]
 80039f0:	3201      	adds	r2, #1
 80039f2:	2a49      	cmp	r2, #73	@ 0x49
 80039f4:	dc0a      	bgt.n	8003a0c <z_arm_interrupt_init+0x2c>
#endif
		NVIC_SetPriority((IRQn_Type)irq, _IRQ_PRIO_OFFSET);
 80039f6:	b253      	sxtb	r3, r2
  if ((int32_t)(IRQn) >= 0)
 80039f8:	2b00      	cmp	r3, #0
 80039fa:	dbf3      	blt.n	80039e4 <z_arm_interrupt_init+0x4>
    NVIC->IPR[((uint32_t)IRQn)]               = (uint8_t)((priority << (8U - __NVIC_PRIO_BITS)) & (uint32_t)0xFFUL);
 80039fc:	f103 4360 	add.w	r3, r3, #3758096384	@ 0xe0000000
 8003a00:	f503 4361 	add.w	r3, r3, #57600	@ 0xe100
 8003a04:	2110      	movs	r1, #16
 8003a06:	f883 1300 	strb.w	r1, [r3, #768]	@ 0x300
 8003a0a:	e7f1      	b.n	80039f0 <z_arm_interrupt_init+0x10>
	}
}
 8003a0c:	4770      	bx	lr
 8003a0e:	bf00      	nop
 8003a10:	e000ecfc 	.word	0xe000ecfc

08003a14 <_isr_wrapper>:
 * z_arm_pendsv()) and pends the PendSV exception if so: the latter will
 * perform the context switch itself.
 *
 */
void _isr_wrapper(void)
{
 8003a14:	b508      	push	{r3, lr}
 8003a16:	f3ef 8305 	mrs	r3, IPSR
#endif
	/* _sw_isr_table does not map the core system exceptions,
	 * which take first 16 interrupt numbers, only the external
	 * interrupts.
	 */
	irq_number -= 16;
 8003a1a:	3b10      	subs	r3, #16

	const struct _isr_table_entry *entry = &_sw_isr_table[irq_number];
	(entry->isr)(entry->arg);
 8003a1c:	4a04      	ldr	r2, [pc, #16]	@ (8003a30 <_isr_wrapper+0x1c>)
 8003a1e:	eb02 01c3 	add.w	r1, r2, r3, lsl #3
 8003a22:	6849      	ldr	r1, [r1, #4]
 8003a24:	f852 0033 	ldr.w	r0, [r2, r3, lsl #3]
 8003a28:	4788      	blx	r1

#ifdef CONFIG_TRACING_ISR
	sys_trace_isr_exit();
#endif /* CONFIG_TRACING_ISR */

	z_arm_exc_exit();
 8003a2a:	f7ff ff7d 	bl	8003928 <z_arm_exc_exit>
}
 8003a2e:	bd08      	pop	{r3, pc}
 8003a30:	08009fe4 	.word	0x08009fe4

08003a34 <__aeabi_read_tp>:
 *
 * This can only be guaranteed by either implementing a naked C function with
 * inline assembly, or plain assembly.
 */
SECTION_FUNC(TEXT, __aeabi_read_tp)
	ldr r0, =z_arm_tls_ptr
 8003a34:	4801      	ldr	r0, [pc, #4]	@ (8003a3c <__aeabi_read_tp+0x8>)
	ldr r0, [r0]
 8003a36:	6800      	ldr	r0, [r0, #0]
	bx lr
 8003a38:	4770      	bx	lr
 8003a3a:	0000      	.short	0x0000
	ldr r0, =z_arm_tls_ptr
 8003a3c:	20001028 	.word	0x20001028

08003a40 <z_arm_configure_static_mpu_regions>:
 *
 * For some MPU architectures, such as the unmodified ARMv8-M MPU,
 * the function must execute with MPU enabled.
 */
void z_arm_configure_static_mpu_regions(void)
{
 8003a40:	b508      	push	{r3, lr}
	 * into account the unused SRAM area, as well.
	 */
#ifdef CONFIG_AARCH32_ARMV8_R
	arm_core_mpu_disable();
#endif
	arm_core_mpu_configure_static_mpu_regions(static_regions,
 8003a42:	4b03      	ldr	r3, [pc, #12]	@ (8003a50 <z_arm_configure_static_mpu_regions+0x10>)
 8003a44:	4a03      	ldr	r2, [pc, #12]	@ (8003a54 <z_arm_configure_static_mpu_regions+0x14>)
 8003a46:	2101      	movs	r1, #1
 8003a48:	4803      	ldr	r0, [pc, #12]	@ (8003a58 <z_arm_configure_static_mpu_regions+0x18>)
 8003a4a:	f005 f81e 	bl	8008a8a <arm_core_mpu_configure_static_mpu_regions>
	};

	arm_core_mpu_mark_areas_for_dynamic_regions(dyn_region_areas,
		ARRAY_SIZE(dyn_region_areas));
#endif /* CONFIG_MPU_REQUIRES_NON_OVERLAPPING_REGIONS */
}
 8003a4e:	bd08      	pop	{r3, pc}
 8003a50:	20018000 	.word	0x20018000
 8003a54:	20000000 	.word	0x20000000
 8003a58:	0800b648 	.word	0x0800b648

08003a5c <z_arm_configure_dynamic_mpu_regions>:
 *
 * This function is not inherently thread-safe, but the memory domain
 * spinlock needs to be held anyway.
 */
void z_arm_configure_dynamic_mpu_regions(struct k_thread *thread)
{
 8003a5c:	b508      	push	{r3, lr}
#endif /* CONFIG_USERSPACE */
	{
		/* A supervisor thread only has the normal thread stack to
		 * protect with a stack guard.
		 */
		guard_start = thread->stack_info.start - guard_size;
 8003a5e:	f8d0 3098 	ldr.w	r3, [r0, #152]	@ 0x98
 8003a62:	3b40      	subs	r3, #64	@ 0x40
	}

	__ASSERT(region_num < _MAX_DYNAMIC_MPU_REGIONS_NUM,
		"Out-of-bounds error for dynamic region map.");

	dynamic_regions[region_num].start = guard_start;
 8003a64:	4804      	ldr	r0, [pc, #16]	@ (8003a78 <z_arm_configure_dynamic_mpu_regions+0x1c>)
 8003a66:	6003      	str	r3, [r0, #0]
	dynamic_regions[region_num].size = guard_size;
 8003a68:	2340      	movs	r3, #64	@ 0x40
 8003a6a:	6043      	str	r3, [r0, #4]
	dynamic_regions[region_num].attr = K_MEM_PARTITION_P_RO_U_NA;
 8003a6c:	4b03      	ldr	r3, [pc, #12]	@ (8003a7c <z_arm_configure_dynamic_mpu_regions+0x20>)
 8003a6e:	6083      	str	r3, [r0, #8]

	/* Configure the dynamic MPU regions */
#ifdef CONFIG_AARCH32_ARMV8_R
	arm_core_mpu_disable();
#endif
	arm_core_mpu_configure_dynamic_mpu_regions(dynamic_regions,
 8003a70:	2101      	movs	r1, #1
 8003a72:	f005 f80e 	bl	8008a92 <arm_core_mpu_configure_dynamic_mpu_regions>
						   region_num);
#ifdef CONFIG_AARCH32_ARMV8_R
	arm_core_mpu_enable();
#endif
}
 8003a76:	bd08      	pop	{r3, pc}
 8003a78:	2000102c 	.word	0x2000102c
 8003a7c:	150b0000 	.word	0x150b0000

08003a80 <region_init>:
	return (uint8_t)type;
}

static inline void set_region_number(uint32_t index)
{
	MPU->RNR = index;
 8003a80:	4a08      	ldr	r2, [pc, #32]	@ (8003aa4 <region_init+0x24>)
 8003a82:	f8c2 0098 	str.w	r0, [r2, #152]	@ 0x98

	set_region_base_address(region_conf->base & MPU_RBAR_ADDR_Msk);
	set_region_attributes(region_conf->attr.rasr);
	set_region_size(region_conf->size | MPU_RASR_ENABLE_Msk);
#else
	MPU->RBAR = (region_conf->base & MPU_RBAR_ADDR_Msk)
 8003a86:	680b      	ldr	r3, [r1, #0]
 8003a88:	f023 031f 	bic.w	r3, r3, #31
				| MPU_RBAR_VALID_Msk | index;
 8003a8c:	4303      	orrs	r3, r0
 8003a8e:	f043 0310 	orr.w	r3, r3, #16
	MPU->RBAR = (region_conf->base & MPU_RBAR_ADDR_Msk)
 8003a92:	f8c2 309c 	str.w	r3, [r2, #156]	@ 0x9c
	MPU->RASR = region_conf->attr.rasr | MPU_RASR_ENABLE_Msk;
 8003a96:	688b      	ldr	r3, [r1, #8]
 8003a98:	f043 0301 	orr.w	r3, r3, #1
 8003a9c:	f8c2 30a0 	str.w	r3, [r2, #160]	@ 0xa0
	LOG_DBG("[%d] 0x%08x 0x%08x",
		index, region_conf->base, region_conf->attr.rasr);
#endif
}
 8003aa0:	4770      	bx	lr
 8003aa2:	bf00      	nop
 8003aa4:	e000ed00 	.word	0xe000ed00

08003aa8 <region_allocate_and_init>:
#error "Unsupported ARM CPU"
#endif

static int region_allocate_and_init(const uint8_t index,
	const struct arm_mpu_region *region_conf)
{
 8003aa8:	b510      	push	{r4, lr}
 8003aaa:	4604      	mov	r4, r0
	uint32_t type = MPU->TYPE;
 8003aac:	4b0a      	ldr	r3, [pc, #40]	@ (8003ad8 <region_allocate_and_init+0x30>)
 8003aae:	f8d3 3090 	ldr.w	r3, [r3, #144]	@ 0x90
	/* Attempt to allocate new region index. */
	if (index > (get_num_regions() - 1U)) {
 8003ab2:	f3c3 2307 	ubfx	r3, r3, #8, #8
 8003ab6:	3b01      	subs	r3, #1
 8003ab8:	4298      	cmp	r0, r3
 8003aba:	d803      	bhi.n	8003ac4 <region_allocate_and_init+0x1c>
	}

	LOG_DBG("Program MPU region at index 0x%x", index);

	/* Program region */
	region_init(index, region_conf);
 8003abc:	f7ff ffe0 	bl	8003a80 <region_init>

	return index;
 8003ac0:	4620      	mov	r0, r4
}
 8003ac2:	bd10      	pop	{r4, pc}
 8003ac4:	4603      	mov	r3, r0
 8003ac6:	4a05      	ldr	r2, [pc, #20]	@ (8003adc <region_allocate_and_init+0x34>)
 8003ac8:	2101      	movs	r1, #1
 8003aca:	4805      	ldr	r0, [pc, #20]	@ (8003ae0 <region_allocate_and_init+0x38>)
 8003acc:	f004 fd44 	bl	8008558 <z_impl_z_log_msg_simple_create_1>
		return -EINVAL;
 8003ad0:	f06f 0015 	mvn.w	r0, #21
 8003ad4:	e7f5      	b.n	8003ac2 <region_allocate_and_init+0x1a>
 8003ad6:	bf00      	nop
 8003ad8:	e000ed00 	.word	0xe000ed00
 8003adc:	0800aef0 	.word	0x0800aef0
 8003ae0:	0800a3fc 	.word	0x0800a3fc

08003ae4 <mpu_configure_regions>:
 * coherence check of the memory regions to be programmed.
 */
static int mpu_configure_regions(const struct z_arm_mpu_partition
	regions[], uint8_t regions_num, uint8_t start_reg_index,
	bool do_coherence_check)
{
 8003ae4:	e92d 43f8 	stmdb	sp!, {r3, r4, r5, r6, r7, r8, r9, lr}
 8003ae8:	4680      	mov	r8, r0
 8003aea:	460f      	mov	r7, r1
 8003aec:	4699      	mov	r9, r3
	int i;
	int reg_index = start_reg_index;
 8003aee:	4616      	mov	r6, r2

	for (i = 0; i < regions_num; i++) {
 8003af0:	2500      	movs	r5, #0
 8003af2:	e009      	b.n	8003b08 <mpu_configure_regions+0x24>
				(!mpu_partition_is_valid(&regions[i]))) {
			LOG_ERR("Partition %u: coherence check failed.", i);
			return -EINVAL;
		}

		reg_index = mpu_configure_region(reg_index, &regions[i]);
 8003af4:	4621      	mov	r1, r4
 8003af6:	b2f0      	uxtb	r0, r6
 8003af8:	f004 fead 	bl	8008856 <mpu_configure_region>
 8003afc:	4606      	mov	r6, r0

		if (reg_index == -EINVAL) {
 8003afe:	f110 0f16 	cmn.w	r0, #22
 8003b02:	d01a      	beq.n	8003b3a <mpu_configure_regions+0x56>
			return reg_index;
		}

		/* Increment number of programmed MPU indices. */
		reg_index++;
 8003b04:	3601      	adds	r6, #1
	for (i = 0; i < regions_num; i++) {
 8003b06:	3501      	adds	r5, #1
 8003b08:	42bd      	cmp	r5, r7
 8003b0a:	da16      	bge.n	8003b3a <mpu_configure_regions+0x56>
		if (regions[i].size == 0U) {
 8003b0c:	eb05 0445 	add.w	r4, r5, r5, lsl #1
 8003b10:	eb08 0484 	add.w	r4, r8, r4, lsl #2
 8003b14:	6862      	ldr	r2, [r4, #4]
 8003b16:	2a00      	cmp	r2, #0
 8003b18:	d0f5      	beq.n	8003b06 <mpu_configure_regions+0x22>
		if (do_coherence_check &&
 8003b1a:	f1b9 0f00 	cmp.w	r9, #0
 8003b1e:	d0e9      	beq.n	8003af4 <mpu_configure_regions+0x10>
				(!mpu_partition_is_valid(&regions[i]))) {
 8003b20:	4620      	mov	r0, r4
 8003b22:	f004 fe87 	bl	8008834 <mpu_partition_is_valid>
		if (do_coherence_check &&
 8003b26:	2800      	cmp	r0, #0
 8003b28:	d1e4      	bne.n	8003af4 <mpu_configure_regions+0x10>
 8003b2a:	462b      	mov	r3, r5
 8003b2c:	4a04      	ldr	r2, [pc, #16]	@ (8003b40 <mpu_configure_regions+0x5c>)
 8003b2e:	2101      	movs	r1, #1
 8003b30:	4804      	ldr	r0, [pc, #16]	@ (8003b44 <mpu_configure_regions+0x60>)
 8003b32:	f004 fd11 	bl	8008558 <z_impl_z_log_msg_simple_create_1>
			return -EINVAL;
 8003b36:	f06f 0615 	mvn.w	r6, #21
	}

	return reg_index;
}
 8003b3a:	4630      	mov	r0, r6
 8003b3c:	e8bd 83f8 	ldmia.w	sp!, {r3, r4, r5, r6, r7, r8, r9, pc}
 8003b40:	0800af18 	.word	0x0800af18
 8003b44:	0800a3fc 	.word	0x0800a3fc

08003b48 <mpu_configure_static_mpu_regions>:
 */
static int mpu_configure_static_mpu_regions(const struct z_arm_mpu_partition
	static_regions[], const uint8_t regions_num,
	const uint32_t background_area_base,
	const uint32_t background_area_end)
{
 8003b48:	b510      	push	{r4, lr}
	int mpu_reg_index = static_regions_num;
 8003b4a:	4c03      	ldr	r4, [pc, #12]	@ (8003b58 <mpu_configure_static_mpu_regions+0x10>)
	 * programmed on top of SRAM region configuration.
	 */
	ARG_UNUSED(background_area_base);
	ARG_UNUSED(background_area_end);

	mpu_reg_index = mpu_configure_regions(static_regions,
 8003b4c:	2301      	movs	r3, #1
 8003b4e:	7822      	ldrb	r2, [r4, #0]
 8003b50:	f7ff ffc8 	bl	8003ae4 <mpu_configure_regions>
		regions_num, mpu_reg_index, true);

	static_regions_num = mpu_reg_index;
 8003b54:	7020      	strb	r0, [r4, #0]

	return mpu_reg_index;
}
 8003b56:	bd10      	pop	{r4, pc}
 8003b58:	2000110f 	.word	0x2000110f

08003b5c <mpu_configure_dynamic_mpu_regions>:
 * If the dynamic MPU regions configuration has not been successfully
 * performed, the error signal is propagated to the caller of the function.
 */
static int mpu_configure_dynamic_mpu_regions(const struct z_arm_mpu_partition
	dynamic_regions[], uint8_t regions_num)
{
 8003b5c:	b508      	push	{r3, lr}

	/* In ARMv7-M architecture the dynamic regions are
	 * programmed on top of existing SRAM region configuration.
	 */

	mpu_reg_index = mpu_configure_regions(dynamic_regions,
 8003b5e:	2300      	movs	r3, #0
 8003b60:	4a0b      	ldr	r2, [pc, #44]	@ (8003b90 <mpu_configure_dynamic_mpu_regions+0x34>)
 8003b62:	7812      	ldrb	r2, [r2, #0]
 8003b64:	f7ff ffbe 	bl	8003ae4 <mpu_configure_regions>
		regions_num, mpu_reg_index, false);

	if (mpu_reg_index != -EINVAL) {
 8003b68:	f110 0f16 	cmn.w	r0, #22
 8003b6c:	d00f      	beq.n	8003b8e <mpu_configure_dynamic_mpu_regions+0x32>

		/* Disable the non-programmed MPU regions. */
		for (int i = mpu_reg_index; i < get_num_regions(); i++) {
 8003b6e:	4602      	mov	r2, r0
 8003b70:	e006      	b.n	8003b80 <mpu_configure_dynamic_mpu_regions+0x24>
/** Clear and disable the given MPU region.
* \param rnr Region number to be cleared.
*/
__STATIC_INLINE void ARM_MPU_ClrRegion(uint32_t rnr)
{
  MPU->RNR = rnr;
 8003b72:	4b08      	ldr	r3, [pc, #32]	@ (8003b94 <mpu_configure_dynamic_mpu_regions+0x38>)
 8003b74:	f8c3 2098 	str.w	r2, [r3, #152]	@ 0x98
  MPU->RASR = 0U;
 8003b78:	2100      	movs	r1, #0
 8003b7a:	f8c3 10a0 	str.w	r1, [r3, #160]	@ 0xa0
 8003b7e:	3201      	adds	r2, #1
 8003b80:	4b04      	ldr	r3, [pc, #16]	@ (8003b94 <mpu_configure_dynamic_mpu_regions+0x38>)
 8003b82:	f8d3 3090 	ldr.w	r3, [r3, #144]	@ 0x90
 8003b86:	f3c3 2307 	ubfx	r3, r3, #8, #8
 8003b8a:	4293      	cmp	r3, r2
 8003b8c:	dcf1      	bgt.n	8003b72 <mpu_configure_dynamic_mpu_regions+0x16>
			ARM_MPU_ClrRegion(i);
		}
	}

	return mpu_reg_index;
}
 8003b8e:	bd08      	pop	{r3, pc}
 8003b90:	2000110f 	.word	0x2000110f
 8003b94:	e000ed00 	.word	0xe000ed00

08003b98 <arm_core_mpu_enable>:
	 * background region for privileged software access if desired.
	 */
#if defined(CONFIG_MPU_DISABLE_BACKGROUND_MAP)
	MPU->CTRL = MPU_CTRL_ENABLE_Msk;
#else
	MPU->CTRL = MPU_CTRL_ENABLE_Msk | MPU_CTRL_PRIVDEFENA_Msk;
 8003b98:	4b04      	ldr	r3, [pc, #16]	@ (8003bac <arm_core_mpu_enable+0x14>)
 8003b9a:	2205      	movs	r2, #5
 8003b9c:	f8c3 2094 	str.w	r2, [r3, #148]	@ 0x94
  __ASM volatile ("dsb 0xF":::"memory");
 8003ba0:	f3bf 8f4f 	dsb	sy
  __ASM volatile ("isb 0xF":::"memory");
 8003ba4:	f3bf 8f6f 	isb	sy
#endif

	/* Make sure that all the registers are set before proceeding */
	barrier_dsync_fence_full();
	barrier_isync_fence_full();
}
 8003ba8:	4770      	bx	lr
 8003baa:	bf00      	nop
 8003bac:	e000ed00 	.word	0xe000ed00

08003bb0 <arm_core_mpu_disable>:
  \details Ensures the apparent order of the explicit memory operations before
           and after the instruction, without ensuring their completion.
 */
__STATIC_FORCEINLINE void __DMB(void)
{
  __ASM volatile ("dmb 0xF":::"memory");
 8003bb0:	f3bf 8f5f 	dmb	sy
{
	/* Force any outstanding transfers to complete before disabling MPU */
	barrier_dmem_fence_full();

	/* Disable MPU */
	MPU->CTRL = 0;
 8003bb4:	4b02      	ldr	r3, [pc, #8]	@ (8003bc0 <arm_core_mpu_disable+0x10>)
 8003bb6:	2200      	movs	r2, #0
 8003bb8:	f8c3 2094 	str.w	r2, [r3, #148]	@ 0x94
}
 8003bbc:	4770      	bx	lr
 8003bbe:	bf00      	nop
 8003bc0:	e000ed00 	.word	0xe000ed00

08003bc4 <z_arm_mpu_init>:
 *
 * This function provides the default configuration mechanism for the Memory
 * Protection Unit (MPU).
 */
int z_arm_mpu_init(void)
{
 8003bc4:	b538      	push	{r3, r4, r5, lr}
	uint32_t r_index;

	if (mpu_config.num_regions > get_num_regions()) {
 8003bc6:	4b1c      	ldr	r3, [pc, #112]	@ (8003c38 <z_arm_mpu_init+0x74>)
 8003bc8:	681d      	ldr	r5, [r3, #0]
 8003bca:	4b1c      	ldr	r3, [pc, #112]	@ (8003c3c <z_arm_mpu_init+0x78>)
 8003bcc:	f8d3 3090 	ldr.w	r3, [r3, #144]	@ 0x90
 8003bd0:	f3c3 2307 	ubfx	r3, r3, #8, #8
 8003bd4:	429d      	cmp	r5, r3
 8003bd6:	d82b      	bhi.n	8003c30 <z_arm_mpu_init+0x6c>
		return -1;
	}

	LOG_DBG("total region count: %d", get_num_regions());

	arm_core_mpu_disable();
 8003bd8:	f7ff ffea 	bl	8003bb0 <arm_core_mpu_disable>

	/* Architecture-specific configuration */
	mpu_init();

	/* Program fixed regions configured at SOC definition. */
	for (r_index = 0U; r_index < mpu_config.num_regions; r_index++) {
 8003bdc:	2400      	movs	r4, #0
 8003bde:	e009      	b.n	8003bf4 <z_arm_mpu_init+0x30>
		region_init(r_index, &mpu_config.mpu_regions[r_index]);
 8003be0:	4b15      	ldr	r3, [pc, #84]	@ (8003c38 <z_arm_mpu_init+0x74>)
 8003be2:	685b      	ldr	r3, [r3, #4]
 8003be4:	eb04 0144 	add.w	r1, r4, r4, lsl #1
 8003be8:	eb03 0181 	add.w	r1, r3, r1, lsl #2
 8003bec:	4620      	mov	r0, r4
 8003bee:	f7ff ff47 	bl	8003a80 <region_init>
	for (r_index = 0U; r_index < mpu_config.num_regions; r_index++) {
 8003bf2:	3401      	adds	r4, #1
 8003bf4:	42a5      	cmp	r5, r4
 8003bf6:	d8f3      	bhi.n	8003be0 <z_arm_mpu_init+0x1c>
	}

	/* Update the number of programmed MPU regions. */
	static_regions_num = mpu_config.num_regions;
 8003bf8:	4811      	ldr	r0, [pc, #68]	@ (8003c40 <z_arm_mpu_init+0x7c>)
 8003bfa:	7005      	strb	r5, [r0, #0]
#ifdef CONFIG_MEM_ATTR
	/* DT-defined MPU regions. */
	if (mpu_configure_regions_from_dt(&static_regions_num) == -EINVAL) {
 8003bfc:	f004 fe4a 	bl	8008894 <mpu_configure_regions_from_dt>
 8003c00:	f110 0f16 	cmn.w	r0, #22
 8003c04:	d013      	beq.n	8003c2e <z_arm_mpu_init+0x6a>
		__ASSERT(0, "Failed to allocate MPU regions from DT\n");
		return -EINVAL;
	}
#endif /* CONFIG_MEM_ATTR */
	/* Clear all regions before enabling MPU */
	for (int i = static_regions_num; i < get_num_regions(); i++) {
 8003c06:	4b0e      	ldr	r3, [pc, #56]	@ (8003c40 <z_arm_mpu_init+0x7c>)
 8003c08:	781a      	ldrb	r2, [r3, #0]
 8003c0a:	4b0c      	ldr	r3, [pc, #48]	@ (8003c3c <z_arm_mpu_init+0x78>)
 8003c0c:	f8d3 3090 	ldr.w	r3, [r3, #144]	@ 0x90
 8003c10:	f3c3 2307 	ubfx	r3, r3, #8, #8
 8003c14:	429a      	cmp	r2, r3
 8003c16:	da07      	bge.n	8003c28 <z_arm_mpu_init+0x64>
  MPU->RNR = rnr;
 8003c18:	4b08      	ldr	r3, [pc, #32]	@ (8003c3c <z_arm_mpu_init+0x78>)
 8003c1a:	f8c3 2098 	str.w	r2, [r3, #152]	@ 0x98
  MPU->RASR = 0U;
 8003c1e:	2100      	movs	r1, #0
 8003c20:	f8c3 10a0 	str.w	r1, [r3, #160]	@ 0xa0
 8003c24:	3201      	adds	r2, #1
 8003c26:	e7f0      	b.n	8003c0a <z_arm_mpu_init+0x46>
		mpu_clear_region(i);
	}

	arm_core_mpu_enable();
 8003c28:	f7ff ffb6 	bl	8003b98 <arm_core_mpu_enable>
	__ASSERT(
		(MPU->TYPE & MPU_TYPE_DREGION_Msk) >> MPU_TYPE_DREGION_Pos == 8,
		"Invalid number of MPU regions\n");
#endif /* CORTEX_M0PLUS || CPU_CORTEX_M3 || CPU_CORTEX_M4 */

	return 0;
 8003c2c:	2000      	movs	r0, #0
}
 8003c2e:	bd38      	pop	{r3, r4, r5, pc}
		return -1;
 8003c30:	f04f 30ff 	mov.w	r0, #4294967295
 8003c34:	e7fb      	b.n	8003c2e <z_arm_mpu_init+0x6a>
 8003c36:	bf00      	nop
 8003c38:	0800b654 	.word	0x0800b654
 8003c3c:	e000ed00 	.word	0xe000ed00
 8003c40:	2000110f 	.word	0x2000110f

08003c44 <cbvprintf>:
	(*s->out) (c, s->ctx);
	return 0;
}

int cbvprintf(cbprintf_cb out, void *ctx, const char *fp, va_list ap)
{
 8003c44:	b570      	push	{r4, r5, r6, lr}
 8003c46:	b086      	sub	sp, #24
 8003c48:	4606      	mov	r6, r0
 8003c4a:	460d      	mov	r5, r1
 8003c4c:	4611      	mov	r1, r2
	struct cb_bits	s = {
 8003c4e:	4668      	mov	r0, sp
 8003c50:	2400      	movs	r4, #0
 8003c52:	9400      	str	r4, [sp, #0]
 8003c54:	9401      	str	r4, [sp, #4]
 8003c56:	9402      	str	r4, [sp, #8]
 8003c58:	9403      	str	r4, [sp, #12]
 8003c5a:	9404      	str	r4, [sp, #16]
 8003c5c:	9405      	str	r4, [sp, #20]
 8003c5e:	2202      	movs	r2, #2
 8003c60:	f88d 2002 	strb.w	r2, [sp, #2]
 8003c64:	4a04      	ldr	r2, [pc, #16]	@ (8003c78 <cbvprintf+0x34>)
 8003c66:	9201      	str	r2, [sp, #4]
 8003c68:	9604      	str	r6, [sp, #16]
 8003c6a:	9505      	str	r5, [sp, #20]
		.f = FDEV_SETUP_STREAM(cbputc, NULL, NULL, _FDEV_SETUP_WRITE),
		.out = out,
		.ctx = ctx,
	};
	return vfprintf(&s.f, fp, ap);
 8003c6c:	461a      	mov	r2, r3
 8003c6e:	f003 f911 	bl	8006e94 <__l_vfprintf>
}
 8003c72:	b006      	add	sp, #24
 8003c74:	bd70      	pop	{r4, r5, r6, pc}
 8003c76:	bf00      	nop
 8003c78:	08008a9b 	.word	0x08008a9b

08003c7c <z_impl_zephyr_fputc>:
#include "picolibc-hooks.h"

static LIBC_DATA int (*_stdout_hook)(int);

int z_impl_zephyr_fputc(int a, FILE *out)
{
 8003c7c:	b508      	push	{r3, lr}
	(*_stdout_hook)(a);
 8003c7e:	4b02      	ldr	r3, [pc, #8]	@ (8003c88 <z_impl_zephyr_fputc+0xc>)
 8003c80:	681b      	ldr	r3, [r3, #0]
 8003c82:	4798      	blx	r3
	return 0;
}
 8003c84:	2000      	movs	r0, #0
 8003c86:	bd08      	pop	{r3, pc}
 8003c88:	20001038 	.word	0x20001038

08003c8c <__stdout_hook_install>:
FILE *const stdout = &__stdout;
STDIO_ALIAS(stderr);

void __stdout_hook_install(int (*hook)(int))
{
	_stdout_hook = hook;
 8003c8c:	4b03      	ldr	r3, [pc, #12]	@ (8003c9c <__stdout_hook_install+0x10>)
 8003c8e:	6018      	str	r0, [r3, #0]
	__stdout.flags |= _FDEV_SETUP_WRITE;
 8003c90:	4a03      	ldr	r2, [pc, #12]	@ (8003ca0 <__stdout_hook_install+0x14>)
 8003c92:	7893      	ldrb	r3, [r2, #2]
 8003c94:	f043 0302 	orr.w	r3, r3, #2
 8003c98:	7093      	strb	r3, [r2, #2]
}
 8003c9a:	4770      	bx	lr
 8003c9c:	20001038 	.word	0x20001038
 8003ca0:	200000d0 	.word	0x200000d0

08003ca4 <malloc_prepare>:
	return aligned_alloc(alignment, size);
}
#endif

static int malloc_prepare(void)
{
 8003ca4:	b508      	push	{r3, lr}
			break;
		}
		heap_size >>= 1;
	}
#else
	heap_base = UINT_TO_POINTER(HEAP_BASE);
 8003ca6:	4906      	ldr	r1, [pc, #24]	@ (8003cc0 <malloc_prepare+0x1c>)
 8003ca8:	f021 0107 	bic.w	r1, r1, #7
	z_malloc_partition.start = POINTER_TO_UINT(heap_base);
	z_malloc_partition.size = heap_size;
	z_malloc_partition.attr = K_MEM_PARTITION_P_RW_U_RW;
#endif

	sys_heap_init(&z_malloc_heap, heap_base, heap_size);
 8003cac:	f1c1 5200 	rsb	r2, r1, #536870912	@ 0x20000000
 8003cb0:	f502 32c0 	add.w	r2, r2, #98304	@ 0x18000
 8003cb4:	4803      	ldr	r0, [pc, #12]	@ (8003cc4 <malloc_prepare+0x20>)
 8003cb6:	f003 fe9e 	bl	80079f6 <sys_heap_init>

	return 0;
}
 8003cba:	2000      	movs	r0, #0
 8003cbc:	bd08      	pop	{r3, pc}
 8003cbe:	bf00      	nop
 8003cc0:	20003447 	.word	0x20003447
 8003cc4:	2000103c 	.word	0x2000103c

08003cc8 <stm32_exti_enable_clocks>:
	return 0;
}

/** Enables the peripheral clock required to access EXTI registers */
static int stm32_exti_enable_clocks(void)
{
 8003cc8:	b500      	push	{lr}
 8003cca:	b083      	sub	sp, #12
	/* Initialize to 0 for series where there is nothing to do. */
	int ret = 0;

#if DT_NODE_HAS_PROP(EXTI_NODE, clocks)
	const struct device *const clk = DEVICE_DT_GET(STM32_CLOCK_CONTROL_NODE);
	const struct stm32_pclken pclken = STM32_CLOCK_INFO(0, EXTI_NODE);
 8003ccc:	4b09      	ldr	r3, [pc, #36]	@ (8003cf4 <stm32_exti_enable_clocks+0x2c>)
 8003cce:	e893 0003 	ldmia.w	r3, {r0, r1}
 8003cd2:	ab02      	add	r3, sp, #8
 8003cd4:	e903 0003 	stmdb	r3, {r0, r1}
	const struct clock_control_driver_api *api =
 8003cd8:	4b07      	ldr	r3, [pc, #28]	@ (8003cf8 <stm32_exti_enable_clocks+0x30>)
 8003cda:	689b      	ldr	r3, [r3, #8]
	if (api->on == NULL) {
 8003cdc:	681b      	ldr	r3, [r3, #0]
 8003cde:	b12b      	cbz	r3, 8003cec <stm32_exti_enable_clocks+0x24>
	return api->on(dev, sys);
 8003ce0:	4669      	mov	r1, sp
 8003ce2:	4805      	ldr	r0, [pc, #20]	@ (8003cf8 <stm32_exti_enable_clocks+0x30>)
 8003ce4:	4798      	blx	r3

	ret = clock_control_on(clk, (clock_control_subsys_t) &pclken);
#endif
	return ret;
}
 8003ce6:	b003      	add	sp, #12
 8003ce8:	f85d fb04 	ldr.w	pc, [sp], #4
		return -ENOSYS;
 8003cec:	f06f 0057 	mvn.w	r0, #87	@ 0x57
	return ret;
 8003cf0:	e7f9      	b.n	8003ce6 <stm32_exti_enable_clocks+0x1e>
 8003cf2:	bf00      	nop
 8003cf4:	0800a490 	.word	0x0800a490
 8003cf8:	08009e5c 	.word	0x08009e5c

08003cfc <stm32_exti_is_pending>:
{
 8003cfc:	b508      	push	{r3, lr}
/**
 * @returns LL_EXTI_LINE_n define corresponding to EXTI line number
 */
static inline uint32_t exti_linenum_to_ll_exti_line(uint32_t line_num)
{
	return BIT(line_num % 32);
 8003cfe:	f000 021f 	and.w	r2, r0, #31
 8003d02:	2301      	movs	r3, #1
 8003d04:	4093      	lsls	r3, r2
	if (!IS_VALID_EXTI_LINE_NUM(line_num)) {
 8003d06:	281f      	cmp	r0, #31
 8003d08:	d806      	bhi.n	8003d18 <stm32_exti_is_pending+0x1c>
  * @note   Please check each device line mapping for EXTI Line availability
  * @retval State of bit (1 or 0).
  */
__STATIC_INLINE uint32_t LL_EXTI_IsActiveFlag_0_31(uint32_t ExtiLine)
{
  return (READ_BIT(EXTI->PR, ExtiLine) == (ExtiLine));
 8003d0a:	4a07      	ldr	r2, [pc, #28]	@ (8003d28 <stm32_exti_is_pending+0x2c>)
 8003d0c:	6952      	ldr	r2, [r2, #20]
	EXTI_FN_RET_HANDLER(EXTI_IS_ACTIVE_FLAG, &ret, line_num, line);
 8003d0e:	4393      	bics	r3, r2
 8003d10:	bf0c      	ite	eq
 8003d12:	2001      	moveq	r0, #1
 8003d14:	2000      	movne	r0, #0
}
 8003d16:	bd08      	pop	{r3, pc}
 8003d18:	4603      	mov	r3, r0
 8003d1a:	4a04      	ldr	r2, [pc, #16]	@ (8003d2c <stm32_exti_is_pending+0x30>)
 8003d1c:	2101      	movs	r1, #1
 8003d1e:	4804      	ldr	r0, [pc, #16]	@ (8003d30 <stm32_exti_is_pending+0x34>)
 8003d20:	f004 fc1a 	bl	8008558 <z_impl_z_log_msg_simple_create_1>
		return false;
 8003d24:	2000      	movs	r0, #0
 8003d26:	e7f6      	b.n	8003d16 <stm32_exti_is_pending+0x1a>
 8003d28:	40013c00 	.word	0x40013c00
 8003d2c:	0800af50 	.word	0x0800af50
 8003d30:	0800a3dc 	.word	0x0800a3dc

08003d34 <stm32_exti_clear_pending>:
{
 8003d34:	b508      	push	{r3, lr}
 8003d36:	f000 021f 	and.w	r2, r0, #31
 8003d3a:	2301      	movs	r3, #1
 8003d3c:	4093      	lsls	r3, r2
	if (!IS_VALID_EXTI_LINE_NUM(line_num)) {
 8003d3e:	281f      	cmp	r0, #31
 8003d40:	d803      	bhi.n	8003d4a <stm32_exti_clear_pending+0x16>
  * @note   Please check each device line mapping for EXTI Line availability
  * @retval None
  */
__STATIC_INLINE void LL_EXTI_ClearFlag_0_31(uint32_t ExtiLine)
{
  WRITE_REG(EXTI->PR, ExtiLine);
 8003d42:	4a06      	ldr	r2, [pc, #24]	@ (8003d5c <stm32_exti_clear_pending+0x28>)
 8003d44:	6153      	str	r3, [r2, #20]
	return 0;
 8003d46:	2000      	movs	r0, #0
}
 8003d48:	bd08      	pop	{r3, pc}
 8003d4a:	4603      	mov	r3, r0
 8003d4c:	4a04      	ldr	r2, [pc, #16]	@ (8003d60 <stm32_exti_clear_pending+0x2c>)
 8003d4e:	2101      	movs	r1, #1
 8003d50:	4804      	ldr	r0, [pc, #16]	@ (8003d64 <stm32_exti_clear_pending+0x30>)
 8003d52:	f004 fc01 	bl	8008558 <z_impl_z_log_msg_simple_create_1>
		return -EINVAL;
 8003d56:	f06f 0015 	mvn.w	r0, #21
 8003d5a:	e7f5      	b.n	8003d48 <stm32_exti_clear_pending+0x14>
 8003d5c:	40013c00 	.word	0x40013c00
 8003d60:	0800af50 	.word	0x0800af50
 8003d64:	0800a3dc 	.word	0x0800a3dc

08003d68 <stm32_fill_irq_table>:
	}
}

static void stm32_fill_irq_table(int8_t start, int8_t len, int32_t irqn)
{
	for (int i = 0; i < len; i++) {
 8003d68:	2300      	movs	r3, #0
 8003d6a:	4299      	cmp	r1, r3
 8003d6c:	dd0a      	ble.n	8003d84 <stm32_fill_irq_table+0x1c>
{
 8003d6e:	b410      	push	{r4}
		exti_irq_table[start + i] = irqn;
 8003d70:	eb00 0c03 	add.w	ip, r0, r3
 8003d74:	4c04      	ldr	r4, [pc, #16]	@ (8003d88 <stm32_fill_irq_table+0x20>)
 8003d76:	f804 200c 	strb.w	r2, [r4, ip]
	for (int i = 0; i < len; i++) {
 8003d7a:	3301      	adds	r3, #1
 8003d7c:	4299      	cmp	r1, r3
 8003d7e:	dcf7      	bgt.n	8003d70 <stm32_fill_irq_table+0x8>
	}
}
 8003d80:	bc10      	pop	{r4}
 8003d82:	4770      	bx	lr
 8003d84:	4770      	bx	lr
 8003d86:	bf00      	nop
 8003d88:	200000e0 	.word	0x200000e0

08003d8c <stm32_intc_gpio_isr>:
{
 8003d8c:	b5f8      	push	{r3, r4, r5, r6, r7, lr}
 8003d8e:	4607      	mov	r7, r0
	for (uint8_t i = 0; i < range->len; i++) {
 8003d90:	2400      	movs	r4, #0
 8003d92:	e001      	b.n	8003d98 <stm32_intc_gpio_isr+0xc>
 8003d94:	3401      	adds	r4, #1
 8003d96:	b2e4      	uxtb	r4, r4
 8003d98:	787b      	ldrb	r3, [r7, #1]
 8003d9a:	42a3      	cmp	r3, r4
 8003d9c:	d917      	bls.n	8003dce <stm32_intc_gpio_isr+0x42>
		line_num = range->start + i;
 8003d9e:	783d      	ldrb	r5, [r7, #0]
 8003da0:	1966      	adds	r6, r4, r5
		if (stm32_exti_is_pending(line_num)) {
 8003da2:	4630      	mov	r0, r6
 8003da4:	f7ff ffaa 	bl	8003cfc <stm32_exti_is_pending>
 8003da8:	2800      	cmp	r0, #0
 8003daa:	d0f3      	beq.n	8003d94 <stm32_intc_gpio_isr+0x8>
			stm32_exti_clear_pending(line_num);
 8003dac:	4630      	mov	r0, r6
 8003dae:	f7ff ffc1 	bl	8003d34 <stm32_exti_clear_pending>
			if (!data->cb[line_num].cb) {
 8003db2:	4b07      	ldr	r3, [pc, #28]	@ (8003dd0 <stm32_intc_gpio_isr+0x44>)
 8003db4:	f853 2036 	ldr.w	r2, [r3, r6, lsl #3]
 8003db8:	2a00      	cmp	r2, #0
 8003dba:	d0eb      	beq.n	8003d94 <stm32_intc_gpio_isr+0x8>
 8003dbc:	f006 051f 	and.w	r5, r6, #31
			data->cb[line_num].cb(line, data->cb[line_num].data);
 8003dc0:	eb03 03c6 	add.w	r3, r3, r6, lsl #3
 8003dc4:	6859      	ldr	r1, [r3, #4]
 8003dc6:	2001      	movs	r0, #1
 8003dc8:	40a8      	lsls	r0, r5
 8003dca:	4790      	blx	r2
 8003dcc:	e7e2      	b.n	8003d94 <stm32_intc_gpio_isr+0x8>
}
 8003dce:	bdf8      	pop	{r3, r4, r5, r6, r7, pc}
 8003dd0:	20001048 	.word	0x20001048

08003dd4 <LL_SYSCFG_SetEXTISource>:
  MODIFY_REG(SYSCFG->EXTICR[Line & 0xFF], (Line >> 16), Port << POSITION_VAL((Line >> 16)));
 8003dd4:	fa5f fc81 	uxtb.w	ip, r1
 8003dd8:	f10c 0202 	add.w	r2, ip, #2
 8003ddc:	4b0a      	ldr	r3, [pc, #40]	@ (8003e08 <LL_SYSCFG_SetEXTISource+0x34>)
 8003dde:	f853 2022 	ldr.w	r2, [r3, r2, lsl #2]
 8003de2:	0c0b      	lsrs	r3, r1, #16
 8003de4:	ea22 4111 	bic.w	r1, r2, r1, lsr #16
__STATIC_FORCEINLINE uint32_t __RBIT(uint32_t value)
{
  uint32_t result;

#if (__ARM_ARCH_ISA_THUMB >= 2)
   __ASM ("rbit %0, %1" : "=r" (result) : "r" (value) );
 8003de8:	fa93 f3a3 	rbit	r3, r3
     optimisations using the logic "value was passed to __builtin_clz, so it
     is non-zero".
     ARM GCC 7.3 and possibly earlier will optimise this test away, leaving a
     single CLZ instruction.
   */
  if (value == 0U)
 8003dec:	b14b      	cbz	r3, 8003e02 <LL_SYSCFG_SetEXTISource+0x2e>
  {
    return 32U;
  }
  return __builtin_clz(value);
 8003dee:	fab3 f383 	clz	r3, r3
 8003df2:	4098      	lsls	r0, r3
 8003df4:	4301      	orrs	r1, r0
 8003df6:	f10c 0c02 	add.w	ip, ip, #2
 8003dfa:	4a03      	ldr	r2, [pc, #12]	@ (8003e08 <LL_SYSCFG_SetEXTISource+0x34>)
 8003dfc:	f842 102c 	str.w	r1, [r2, ip, lsl #2]
}
 8003e00:	4770      	bx	lr
    return 32U;
 8003e02:	2320      	movs	r3, #32
 8003e04:	e7f5      	b.n	8003df2 <LL_SYSCFG_SetEXTISource+0x1e>
 8003e06:	bf00      	nop
 8003e08:	40013800 	.word	0x40013800

08003e0c <LL_SYSCFG_GetEXTISource>:
  return (uint32_t)(READ_BIT(SYSCFG->EXTICR[Line & 0xFF], (Line >> 16)) >> POSITION_VAL(Line >> 16));
 8003e0c:	b2c3      	uxtb	r3, r0
 8003e0e:	3302      	adds	r3, #2
 8003e10:	4a07      	ldr	r2, [pc, #28]	@ (8003e30 <LL_SYSCFG_GetEXTISource+0x24>)
 8003e12:	f852 2023 	ldr.w	r2, [r2, r3, lsl #2]
 8003e16:	0c03      	lsrs	r3, r0, #16
 8003e18:	ea02 4010 	and.w	r0, r2, r0, lsr #16
   __ASM ("rbit %0, %1" : "=r" (result) : "r" (value) );
 8003e1c:	fa93 f3a3 	rbit	r3, r3
  if (value == 0U)
 8003e20:	b11b      	cbz	r3, 8003e2a <LL_SYSCFG_GetEXTISource+0x1e>
  return __builtin_clz(value);
 8003e22:	fab3 f383 	clz	r3, r3
}
 8003e26:	40d8      	lsrs	r0, r3
 8003e28:	4770      	bx	lr
    return 32U;
 8003e2a:	2320      	movs	r3, #32
 8003e2c:	e7fb      	b.n	8003e26 <LL_SYSCFG_GetEXTISource+0x1a>
 8003e2e:	bf00      	nop
 8003e30:	40013800 	.word	0x40013800

08003e34 <stm32_gpio_intc_enable_line>:
	ARG_UNUSED(port);
	return exti_linenum_to_ll_exti_line(pin);
}

void stm32_gpio_intc_enable_line(stm32_gpio_irq_line_t line)
{
 8003e34:	b508      	push	{r3, lr}
	return LOG2(line);
 8003e36:	4603      	mov	r3, r0
 8003e38:	b168      	cbz	r0, 8003e56 <stm32_gpio_intc_enable_line+0x22>
 8003e3a:	fab0 f280 	clz	r2, r0
 8003e3e:	f1c2 021f 	rsb	r2, r2, #31
 8003e42:	b2d2      	uxtb	r2, r2
	unsigned int irqnum;
	uint32_t line_num = ll_exti_line_to_linenum(line);

	/* Get matching exti irq provided line thanks to irq_table */
	irqnum = exti_irq_table[line_num];
 8003e44:	4905      	ldr	r1, [pc, #20]	@ (8003e5c <stm32_gpio_intc_enable_line+0x28>)
 8003e46:	5688      	ldrsb	r0, [r1, r2]
  SET_BIT(EXTI->IMR, ExtiLine);
 8003e48:	4a05      	ldr	r2, [pc, #20]	@ (8003e60 <stm32_gpio_intc_enable_line+0x2c>)
 8003e4a:	6811      	ldr	r1, [r2, #0]
 8003e4c:	430b      	orrs	r3, r1
 8003e4e:	6013      	str	r3, [r2, #0]

	/* Enable requested line interrupt */
	EXTI_ENABLE_IT(0_31, line);

	/* Enable exti irq interrupt */
	irq_enable(irqnum);
 8003e50:	f004 fcc4 	bl	80087dc <arm_irq_enable>
}
 8003e54:	bd08      	pop	{r3, pc}
	return LOG2(line);
 8003e56:	22ff      	movs	r2, #255	@ 0xff
 8003e58:	e7f4      	b.n	8003e44 <stm32_gpio_intc_enable_line+0x10>
 8003e5a:	bf00      	nop
 8003e5c:	200000e0 	.word	0x200000e0
 8003e60:	40013c00 	.word	0x40013c00

08003e64 <stm32_gpio_intc_disable_line>:
  CLEAR_BIT(EXTI->IMR, ExtiLine);
 8003e64:	4a02      	ldr	r2, [pc, #8]	@ (8003e70 <stm32_gpio_intc_disable_line+0xc>)
 8003e66:	6813      	ldr	r3, [r2, #0]
 8003e68:	ea23 0300 	bic.w	r3, r3, r0
 8003e6c:	6013      	str	r3, [r2, #0]

void stm32_gpio_intc_disable_line(stm32_gpio_irq_line_t line)
{
	EXTI_DISABLE_IT(0_31, line);
}
 8003e6e:	4770      	bx	lr
 8003e70:	40013c00 	.word	0x40013c00

08003e74 <stm32_gpio_intc_select_line_trigger>:

void stm32_gpio_intc_select_line_trigger(stm32_gpio_irq_line_t line, uint32_t trg)
{
	z_stm32_hsem_lock(CFG_HW_EXTI_SEMID, HSEM_LOCK_DEFAULT_RETRY);

	switch (trg) {
 8003e74:	2903      	cmp	r1, #3
 8003e76:	d826      	bhi.n	8003ec6 <stm32_gpio_intc_select_line_trigger+0x52>
 8003e78:	e8df f001 	tbb	[pc, r1]
 8003e7c:	1e150c02 	.word	0x1e150c02
  CLEAR_BIT(EXTI->RTSR, ExtiLine);
 8003e80:	4b11      	ldr	r3, [pc, #68]	@ (8003ec8 <stm32_gpio_intc_select_line_trigger+0x54>)
 8003e82:	689a      	ldr	r2, [r3, #8]
 8003e84:	ea22 0200 	bic.w	r2, r2, r0
 8003e88:	609a      	str	r2, [r3, #8]
  CLEAR_BIT(EXTI->FTSR, ExtiLine);
 8003e8a:	68da      	ldr	r2, [r3, #12]
 8003e8c:	ea22 0200 	bic.w	r2, r2, r0
 8003e90:	60da      	str	r2, [r3, #12]
}
 8003e92:	4770      	bx	lr
  SET_BIT(EXTI->RTSR, ExtiLine);
 8003e94:	4b0c      	ldr	r3, [pc, #48]	@ (8003ec8 <stm32_gpio_intc_select_line_trigger+0x54>)
 8003e96:	689a      	ldr	r2, [r3, #8]
 8003e98:	4302      	orrs	r2, r0
 8003e9a:	609a      	str	r2, [r3, #8]
  CLEAR_BIT(EXTI->FTSR, ExtiLine);
 8003e9c:	68da      	ldr	r2, [r3, #12]
 8003e9e:	ea22 0200 	bic.w	r2, r2, r0
 8003ea2:	60da      	str	r2, [r3, #12]
}
 8003ea4:	4770      	bx	lr
  SET_BIT(EXTI->FTSR, ExtiLine);
 8003ea6:	4b08      	ldr	r3, [pc, #32]	@ (8003ec8 <stm32_gpio_intc_select_line_trigger+0x54>)
 8003ea8:	68da      	ldr	r2, [r3, #12]
 8003eaa:	4302      	orrs	r2, r0
 8003eac:	60da      	str	r2, [r3, #12]
  CLEAR_BIT(EXTI->RTSR, ExtiLine);
 8003eae:	689a      	ldr	r2, [r3, #8]
 8003eb0:	ea22 0200 	bic.w	r2, r2, r0
 8003eb4:	609a      	str	r2, [r3, #8]
}
 8003eb6:	4770      	bx	lr
  SET_BIT(EXTI->RTSR, ExtiLine);
 8003eb8:	4b03      	ldr	r3, [pc, #12]	@ (8003ec8 <stm32_gpio_intc_select_line_trigger+0x54>)
 8003eba:	689a      	ldr	r2, [r3, #8]
 8003ebc:	4302      	orrs	r2, r0
 8003ebe:	609a      	str	r2, [r3, #8]
  SET_BIT(EXTI->FTSR, ExtiLine);
 8003ec0:	68da      	ldr	r2, [r3, #12]
 8003ec2:	4310      	orrs	r0, r2
 8003ec4:	60d8      	str	r0, [r3, #12]
	default:
		__ASSERT_NO_MSG(0);
		break;
	}
	z_stm32_hsem_unlock(CFG_HW_EXTI_SEMID);
}
 8003ec6:	4770      	bx	lr
 8003ec8:	40013c00 	.word	0x40013c00

08003ecc <stm32_gpio_intc_set_irq_callback>:

int stm32_gpio_intc_set_irq_callback(stm32_gpio_irq_line_t line, stm32_gpio_irq_cb_t cb, void *user)
{
 8003ecc:	b410      	push	{r4}
	return LOG2(line);
 8003ece:	b198      	cbz	r0, 8003ef8 <stm32_gpio_intc_set_irq_callback+0x2c>
 8003ed0:	fab0 f380 	clz	r3, r0
 8003ed4:	f1c3 031f 	rsb	r3, r3, #31
 8003ed8:	b2db      	uxtb	r3, r3
	struct stm32_intc_gpio_data *data = &intc_gpio_data;
	uint32_t line_num = ll_exti_line_to_linenum(line);
 8003eda:	469c      	mov	ip, r3

	if ((data->cb[line_num].cb == cb) && (data->cb[line_num].data == user)) {
 8003edc:	480d      	ldr	r0, [pc, #52]	@ (8003f14 <stm32_gpio_intc_set_irq_callback+0x48>)
 8003ede:	f850 0033 	ldr.w	r0, [r0, r3, lsl #3]
 8003ee2:	4288      	cmp	r0, r1
 8003ee4:	d00a      	beq.n	8003efc <stm32_gpio_intc_set_irq_callback+0x30>
		return 0;
	}

	/* if callback already exists/is running, return busy */
	if (data->cb[line_num].cb != NULL) {
 8003ee6:	b988      	cbnz	r0, 8003f0c <stm32_gpio_intc_set_irq_callback+0x40>
		return -EBUSY;
	}

	data->cb[line_num].cb = cb;
 8003ee8:	4b0a      	ldr	r3, [pc, #40]	@ (8003f14 <stm32_gpio_intc_set_irq_callback+0x48>)
 8003eea:	f843 103c 	str.w	r1, [r3, ip, lsl #3]
	data->cb[line_num].data = user;
 8003eee:	eb03 03cc 	add.w	r3, r3, ip, lsl #3
 8003ef2:	605a      	str	r2, [r3, #4]

	return 0;
}
 8003ef4:	bc10      	pop	{r4}
 8003ef6:	4770      	bx	lr
	return LOG2(line);
 8003ef8:	23ff      	movs	r3, #255	@ 0xff
 8003efa:	e7ee      	b.n	8003eda <stm32_gpio_intc_set_irq_callback+0xe>
	if ((data->cb[line_num].cb == cb) && (data->cb[line_num].data == user)) {
 8003efc:	4c05      	ldr	r4, [pc, #20]	@ (8003f14 <stm32_gpio_intc_set_irq_callback+0x48>)
 8003efe:	eb04 03c3 	add.w	r3, r4, r3, lsl #3
 8003f02:	685b      	ldr	r3, [r3, #4]
 8003f04:	4293      	cmp	r3, r2
 8003f06:	d1ee      	bne.n	8003ee6 <stm32_gpio_intc_set_irq_callback+0x1a>
		return 0;
 8003f08:	2000      	movs	r0, #0
 8003f0a:	e7f3      	b.n	8003ef4 <stm32_gpio_intc_set_irq_callback+0x28>
		return -EBUSY;
 8003f0c:	f06f 000f 	mvn.w	r0, #15
 8003f10:	e7f0      	b.n	8003ef4 <stm32_gpio_intc_set_irq_callback+0x28>
 8003f12:	bf00      	nop
 8003f14:	20001048 	.word	0x20001048

08003f18 <stm32_gpio_intc_remove_irq_callback>:
	return LOG2(line);
 8003f18:	b160      	cbz	r0, 8003f34 <stm32_gpio_intc_remove_irq_callback+0x1c>
 8003f1a:	fab0 f380 	clz	r3, r0
 8003f1e:	f1c3 031f 	rsb	r3, r3, #31
 8003f22:	b2db      	uxtb	r3, r3
void stm32_gpio_intc_remove_irq_callback(stm32_gpio_irq_line_t line)
{
	struct stm32_intc_gpio_data *data = &intc_gpio_data;
	uint32_t line_num = ll_exti_line_to_linenum(line);

	data->cb[line_num].cb = NULL;
 8003f24:	4a04      	ldr	r2, [pc, #16]	@ (8003f38 <stm32_gpio_intc_remove_irq_callback+0x20>)
 8003f26:	2100      	movs	r1, #0
 8003f28:	f842 1033 	str.w	r1, [r2, r3, lsl #3]
	data->cb[line_num].data = NULL;
 8003f2c:	eb02 02c3 	add.w	r2, r2, r3, lsl #3
 8003f30:	6051      	str	r1, [r2, #4]
}
 8003f32:	4770      	bx	lr
	return LOG2(line);
 8003f34:	23ff      	movs	r3, #255	@ 0xff
 8003f36:	e7f5      	b.n	8003f24 <stm32_gpio_intc_remove_irq_callback+0xc>
 8003f38:	20001048 	.word	0x20001048

08003f3c <adc_gain_invert_64>:

int adc_gain_invert_64(enum adc_gain gain, int64_t *value)
{
	int rv = -EINVAL;

	if ((uint8_t)gain < ARRAY_SIZE(gains)) {
 8003f3c:	2814      	cmp	r0, #20
 8003f3e:	d817      	bhi.n	8003f70 <adc_gain_invert_64+0x34>
{
 8003f40:	b538      	push	{r3, r4, r5, lr}
 8003f42:	4602      	mov	r2, r0
 8003f44:	460c      	mov	r4, r1
		const struct gain_desc *gdp = &gains[gain];

		__ASSERT_NO_MSG(gdp->mul != 0);
		__ASSERT_NO_MSG(gdp->div != 0);
		*value = (gdp->mul * *value) / gdp->div;
 8003f46:	4b0c      	ldr	r3, [pc, #48]	@ (8003f78 <adc_gain_invert_64+0x3c>)
 8003f48:	f813 1010 	ldrb.w	r1, [r3, r0, lsl #1]
 8003f4c:	2500      	movs	r5, #0
 8003f4e:	6820      	ldr	r0, [r4, #0]
 8003f50:	fba1 0c00 	umull	r0, ip, r1, r0
 8003f54:	eb03 0342 	add.w	r3, r3, r2, lsl #1
 8003f58:	785a      	ldrb	r2, [r3, #1]
 8003f5a:	462b      	mov	r3, r5
 8003f5c:	f8d4 e004 	ldr.w	lr, [r4, #4]
 8003f60:	fb01 c10e 	mla	r1, r1, lr, ip
 8003f64:	f7fc fa12 	bl	800038c <__aeabi_ldivmod>
 8003f68:	e9c4 0100 	strd	r0, r1, [r4]
		rv = 0;
 8003f6c:	4628      	mov	r0, r5
	}

	return rv;
}
 8003f6e:	bd38      	pop	{r3, r4, r5, pc}
	int rv = -EINVAL;
 8003f70:	f06f 0015 	mvn.w	r0, #21
}
 8003f74:	4770      	bx	lr
 8003f76:	bf00      	nop
 8003f78:	0800b690 	.word	0x0800b690

08003f7c <adc_stm32_set_clock>:
	return 0;
}
#endif

static int adc_stm32_set_clock(const struct device *dev)
{
 8003f7c:	b570      	push	{r4, r5, r6, lr}
	const struct adc_stm32_cfg *config = dev->config;
 8003f7e:	6844      	ldr	r4, [r0, #4]
	const struct clock_control_driver_api *api =
 8003f80:	4b1a      	ldr	r3, [pc, #104]	@ (8003fec <adc_stm32_set_clock+0x70>)
 8003f82:	689d      	ldr	r5, [r3, #8]
	if (api->on == NULL) {
 8003f84:	682b      	ldr	r3, [r5, #0]
 8003f86:	b343      	cbz	r3, 8003fda <adc_stm32_set_clock+0x5e>
 8003f88:	f104 0108 	add.w	r1, r4, #8
	return api->on(dev, sys);
 8003f8c:	4817      	ldr	r0, [pc, #92]	@ (8003fec <adc_stm32_set_clock+0x70>)
 8003f8e:	4798      	blx	r3
	const struct device *const clk = DEVICE_DT_GET(STM32_CLOCK_CONTROL_NODE);
	__maybe_unused ADC_TypeDef *adc = config->base;
	int ret = 0;

	if (clock_control_on(clk, (clock_control_subsys_t)&config->pclken) != 0) {
 8003f90:	4606      	mov	r6, r0
 8003f92:	bb10      	cbnz	r0, 8003fda <adc_stm32_set_clock+0x5e>
		return -EIO;
	}

	/* Enable ADC clock source if applicable */
	if (config->has_pclken_ker &&
 8003f94:	f894 3045 	ldrb.w	r3, [r4, #69]	@ 0x45
 8003f98:	f013 0f01 	tst.w	r3, #1
 8003f9c:	d007      	beq.n	8003fae <adc_stm32_set_clock+0x32>
	    clock_control_configure(clk, (clock_control_subsys_t)&config->pclken_ker, NULL) != 0) {
 8003f9e:	f104 0110 	add.w	r1, r4, #16
					  void *data)
{
	const struct clock_control_driver_api *api =
		(const struct clock_control_driver_api *)dev->api;

	if (api->configure == NULL) {
 8003fa2:	69ab      	ldr	r3, [r5, #24]
 8003fa4:	b1e3      	cbz	r3, 8003fe0 <adc_stm32_set_clock+0x64>
		return -ENOSYS;
	}

	return api->configure(dev, sys, data);
 8003fa6:	2200      	movs	r2, #0
 8003fa8:	4810      	ldr	r0, [pc, #64]	@ (8003fec <adc_stm32_set_clock+0x70>)
 8003faa:	4798      	blx	r3
	if (config->has_pclken_ker &&
 8003fac:	b9c0      	cbnz	r0, 8003fe0 <adc_stm32_set_clock+0x64>
		return -EIO;
	}

	/* Configure ADC prescaler (at RCC level) if applicable */
	if (config->has_pclken_pre &&
 8003fae:	f894 3045 	ldrb.w	r3, [r4, #69]	@ 0x45
 8003fb2:	f013 0f02 	tst.w	r3, #2
 8003fb6:	d007      	beq.n	8003fc8 <adc_stm32_set_clock+0x4c>
	    clock_control_configure(clk, (clock_control_subsys_t)&config->pclken_pre, NULL) != 0) {
 8003fb8:	f104 0118 	add.w	r1, r4, #24
	if (api->configure == NULL) {
 8003fbc:	69ab      	ldr	r3, [r5, #24]
 8003fbe:	b193      	cbz	r3, 8003fe6 <adc_stm32_set_clock+0x6a>
	return api->configure(dev, sys, data);
 8003fc0:	2200      	movs	r2, #0
 8003fc2:	480a      	ldr	r0, [pc, #40]	@ (8003fec <adc_stm32_set_clock+0x70>)
 8003fc4:	4798      	blx	r3
	if (config->has_pclken_pre &&
 8003fc6:	b970      	cbnz	r0, 8003fe6 <adc_stm32_set_clock+0x6a>
				      config->clk_prescaler);
		LL_ADC_SetClock(adc, LL_ADC_CLOCK_ASYNC);
	}
#else
	LL_ADC_SetCommonClock(STM32_ADC_COMMON_INSTANCE(adc),
			      config->clk_prescaler);
 8003fc8:	6a23      	ldr	r3, [r4, #32]
  *         @arg @ref LL_ADC_CLOCK_SYNC_PCLK_DIV8
  * @retval None
  */
__STATIC_INLINE void LL_ADC_SetCommonClock(ADC_Common_TypeDef *ADCxy_COMMON, uint32_t CommonClock)
{
  MODIFY_REG(ADCxy_COMMON->CCR, ADC_CCR_ADCPRE, CommonClock);
 8003fca:	4909      	ldr	r1, [pc, #36]	@ (8003ff0 <adc_stm32_set_clock+0x74>)
 8003fcc:	684a      	ldr	r2, [r1, #4]
 8003fce:	f422 3240 	bic.w	r2, r2, #196608	@ 0x30000
 8003fd2:	4313      	orrs	r3, r2
 8003fd4:	604b      	str	r3, [r1, #4]
#endif
#endif
#endif /* DT_ANY_INST_HAS_PROP_STATUS_OKAY(st_adc_clock_source) */

	return ret;
}
 8003fd6:	4630      	mov	r0, r6
 8003fd8:	bd70      	pop	{r4, r5, r6, pc}
		return -EIO;
 8003fda:	f06f 0604 	mvn.w	r6, #4
 8003fde:	e7fa      	b.n	8003fd6 <adc_stm32_set_clock+0x5a>
		return -EIO;
 8003fe0:	f06f 0604 	mvn.w	r6, #4
 8003fe4:	e7f7      	b.n	8003fd6 <adc_stm32_set_clock+0x5a>
		return -EIO;
 8003fe6:	f06f 0604 	mvn.w	r6, #4
 8003fea:	e7f4      	b.n	8003fd6 <adc_stm32_set_clock+0x5a>
 8003fec:	08009e5c 	.word	0x08009e5c
 8003ff0:	40012300 	.word	0x40012300

08003ff4 <set_sequencer>:
{
 8003ff4:	e92d 41f0 	stmdb	sp!, {r4, r5, r6, r7, r8, lr}
	const struct adc_stm32_cfg *config = dev->config;
 8003ff8:	6847      	ldr	r7, [r0, #4]
	struct adc_stm32_data *data = dev->data;
 8003ffa:	6903      	ldr	r3, [r0, #16]
	ADC_TypeDef *adc = config->base;
 8003ffc:	f8d7 8000 	ldr.w	r8, [r7]
	for (uint32_t channels = data->channels; channels;
 8004000:	f8d3 50b8 	ldr.w	r5, [r3, #184]	@ 0xb8
	uint8_t channel_index = 0;
 8004004:	2600      	movs	r6, #0
	for (uint32_t channels = data->channels; channels;
 8004006:	e00e      	b.n	8004026 <set_sequencer+0x32>
		uint32_t channel = STM32_ADC_DECIMAL_NB_TO_CHANNEL(channel_id);
 8004008:	eb04 0244 	add.w	r2, r4, r4, lsl #1
 800400c:	3a1e      	subs	r2, #30
 800400e:	ea44 5202 	orr.w	r2, r4, r2, lsl #20
		if (config->sequencer_type == SEQUENCER_PROGRAMMABLE) {
 8004012:	f997 3042 	ldrsb.w	r3, [r7, #66]	@ 0x42
 8004016:	2b01      	cmp	r3, #1
 8004018:	d01a      	beq.n	8004050 <set_sequencer+0x5c>
		      channels &= ~BIT(channel_id), channel_index++) {
 800401a:	2301      	movs	r3, #1
 800401c:	40a3      	lsls	r3, r4
 800401e:	ea25 0503 	bic.w	r5, r5, r3
 8004022:	3601      	adds	r6, #1
 8004024:	b2f6      	uxtb	r6, r6
	for (uint32_t channels = data->channels; channels;
 8004026:	b325      	cbz	r5, 8004072 <set_sequencer+0x7e>
 */

static ALWAYS_INLINE unsigned int find_lsb_set(uint32_t op)
{
#ifdef CONFIG_TOOLCHAIN_HAS_BUILTIN_FFS
	return __builtin_ffs(op);
 8004028:	fa95 f4a5 	rbit	r4, r5
 800402c:	fab4 f484 	clz	r4, r4
 8004030:	b90d      	cbnz	r5, 8004036 <set_sequencer+0x42>
 8004032:	f04f 34ff 	mov.w	r4, #4294967295
 8004036:	3401      	adds	r4, #1
		channel_id = find_lsb_set(channels) - 1;
 8004038:	b2e4      	uxtb	r4, r4
 800403a:	3c01      	subs	r4, #1
 800403c:	b2e4      	uxtb	r4, r4
		uint32_t channel = STM32_ADC_DECIMAL_NB_TO_CHANNEL(channel_id);
 800403e:	2c09      	cmp	r4, #9
 8004040:	d8e2      	bhi.n	8004008 <set_sequencer+0x14>
 8004042:	eb04 0244 	add.w	r2, r4, r4, lsl #1
 8004046:	ea44 5202 	orr.w	r2, r4, r2, lsl #20
 800404a:	f042 7200 	orr.w	r2, r2, #33554432	@ 0x2000000
 800404e:	e7e0      	b.n	8004012 <set_sequencer+0x1e>
			LL_ADC_REG_SetSequencerRanks(adc, table_rank[channel_index], channel);
 8004050:	4b0c      	ldr	r3, [pc, #48]	@ (8004084 <set_sequencer+0x90>)
 8004052:	f853 1026 	ldr.w	r1, [r3, r6, lsl #2]
 8004056:	4640      	mov	r0, r8
 8004058:	f004 fdd6 	bl	8008c08 <LL_ADC_REG_SetSequencerRanks>
			LL_ADC_REG_SetSequencerLength(adc, table_seq_len[channel_index]);
 800405c:	4b0a      	ldr	r3, [pc, #40]	@ (8004088 <set_sequencer+0x94>)
 800405e:	f853 3026 	ldr.w	r3, [r3, r6, lsl #2]
  *         @arg @ref LL_ADC_REG_SEQ_SCAN_ENABLE_16RANKS
  * @retval None
  */
__STATIC_INLINE void LL_ADC_REG_SetSequencerLength(ADC_TypeDef *ADCx, uint32_t SequencerNbRanks)
{
  MODIFY_REG(ADCx->SQR1, ADC_SQR1_L, SequencerNbRanks);
 8004062:	f8d8 202c 	ldr.w	r2, [r8, #44]	@ 0x2c
 8004066:	f422 0270 	bic.w	r2, r2, #15728640	@ 0xf00000
 800406a:	4313      	orrs	r3, r2
 800406c:	f8c8 302c 	str.w	r3, [r8, #44]	@ 0x2c
}
 8004070:	e7d3      	b.n	800401a <set_sequencer+0x26>
  MODIFY_REG(ADCx->CR1, ADC_CR1_SCAN, ScanMode);
 8004072:	f8d8 3004 	ldr.w	r3, [r8, #4]
 8004076:	f443 7380 	orr.w	r3, r3, #256	@ 0x100
 800407a:	f8c8 3004 	str.w	r3, [r8, #4]
}
 800407e:	2000      	movs	r0, #0
 8004080:	e8bd 81f0 	ldmia.w	sp!, {r4, r5, r6, r7, r8, pc}
 8004084:	0800b778 	.word	0x0800b778
 8004088:	0800b738 	.word	0x0800b738

0800408c <check_buffer>:
	needed_buffer_size = active_channels * sizeof(adc_data_size_t);
 800408c:	0049      	lsls	r1, r1, #1
	if (sequence->options) {
 800408e:	6803      	ldr	r3, [r0, #0]
 8004090:	b113      	cbz	r3, 8004098 <check_buffer+0xc>
		needed_buffer_size *= (1 + sequence->options->extra_samplings);
 8004092:	899b      	ldrh	r3, [r3, #12]
 8004094:	fb03 1101 	mla	r1, r3, r1, r1
	if (sequence->buffer_size < needed_buffer_size) {
 8004098:	68c3      	ldr	r3, [r0, #12]
 800409a:	428b      	cmp	r3, r1
 800409c:	d301      	bcc.n	80040a2 <check_buffer+0x16>
	return 0;
 800409e:	2000      	movs	r0, #0
}
 80040a0:	4770      	bx	lr
{
 80040a2:	b500      	push	{lr}
 80040a4:	b083      	sub	sp, #12
	z_impl_z_log_msg_simple_create_2(source, level, fmt, arg0, arg1);
 80040a6:	9100      	str	r1, [sp, #0]
 80040a8:	4a04      	ldr	r2, [pc, #16]	@ (80040bc <check_buffer+0x30>)
 80040aa:	2101      	movs	r1, #1
 80040ac:	4804      	ldr	r0, [pc, #16]	@ (80040c0 <check_buffer+0x34>)
 80040ae:	f004 fa5e 	bl	800856e <z_impl_z_log_msg_simple_create_2>
		return -ENOMEM;
 80040b2:	f06f 000b 	mvn.w	r0, #11
}
 80040b6:	b003      	add	sp, #12
 80040b8:	f85d fb04 	ldr.w	pc, [sp], #4
 80040bc:	0800af94 	.word	0x0800af94
 80040c0:	0800a3cc 	.word	0x0800a3cc

080040c4 <set_resolution>:
{
 80040c4:	b570      	push	{r4, r5, r6, lr}
	const struct adc_stm32_cfg *config = dev->config;
 80040c6:	6844      	ldr	r4, [r0, #4]
	__maybe_unused ADC_TypeDef *adc = config->base;
 80040c8:	6825      	ldr	r5, [r4, #0]
	for (i = 0; i < config->table_resolution_size; i++) {
 80040ca:	2300      	movs	r3, #0
 80040cc:	e000      	b.n	80040d0 <set_resolution+0xc>
 80040ce:	3301      	adds	r3, #1
 80040d0:	f994 2040 	ldrsb.w	r2, [r4, #64]	@ 0x40
 80040d4:	429a      	cmp	r2, r3
 80040d6:	dd05      	ble.n	80040e4 <set_resolution+0x20>
		if (sequence->resolution == config->table_raw_resolution[i]) {
 80040d8:	f891 c010 	ldrb.w	ip, [r1, #16]
 80040dc:	6aa0      	ldr	r0, [r4, #40]	@ 0x28
 80040de:	5cc0      	ldrb	r0, [r0, r3]
 80040e0:	4584      	cmp	ip, r0
 80040e2:	d1f4      	bne.n	80040ce <set_resolution+0xa>
	if (i == config->table_resolution_size) {
 80040e4:	429a      	cmp	r2, r3
 80040e6:	d00a      	beq.n	80040fe <set_resolution+0x3a>
  return (uint32_t)(READ_BIT(ADCx->CR1, ADC_CR1_RES));
 80040e8:	686a      	ldr	r2, [r5, #4]
 80040ea:	f002 7240 	and.w	r2, r2, #50331648	@ 0x3000000
	if (LL_ADC_GetResolution(adc) != config->table_ll_resolution[i]) {
 80040ee:	6ae1      	ldr	r1, [r4, #44]	@ 0x2c
 80040f0:	009e      	lsls	r6, r3, #2
 80040f2:	f851 3023 	ldr.w	r3, [r1, r3, lsl #2]
 80040f6:	4293      	cmp	r3, r2
 80040f8:	d109      	bne.n	800410e <set_resolution+0x4a>
	int err = 0;
 80040fa:	2000      	movs	r0, #0
}
 80040fc:	bd70      	pop	{r4, r5, r6, pc}
	z_impl_z_log_msg_simple_create_0(source, level, fmt);
 80040fe:	4a0b      	ldr	r2, [pc, #44]	@ (800412c <set_resolution+0x68>)
 8004100:	2101      	movs	r1, #1
 8004102:	480b      	ldr	r0, [pc, #44]	@ (8004130 <set_resolution+0x6c>)
 8004104:	f004 fa1e 	bl	8008544 <z_impl_z_log_msg_simple_create_0>
		return -EINVAL;
 8004108:	f06f 0015 	mvn.w	r0, #21
 800410c:	e7f6      	b.n	80040fc <set_resolution+0x38>
		err = adc_stm32_disable(adc, false);
 800410e:	2100      	movs	r1, #0
 8004110:	4628      	mov	r0, r5
 8004112:	f004 fd4b 	bl	8008bac <adc_stm32_disable>
		if (err == 0) {
 8004116:	2800      	cmp	r0, #0
 8004118:	d1f0      	bne.n	80040fc <set_resolution+0x38>
			LL_ADC_SetResolution(adc, config->table_ll_resolution[i]);
 800411a:	6ae3      	ldr	r3, [r4, #44]	@ 0x2c
 800411c:	599b      	ldr	r3, [r3, r6]
  MODIFY_REG(ADCx->CR1, ADC_CR1_RES, Resolution);
 800411e:	686a      	ldr	r2, [r5, #4]
 8004120:	f022 7240 	bic.w	r2, r2, #50331648	@ 0x3000000
 8004124:	4313      	orrs	r3, r2
 8004126:	606b      	str	r3, [r5, #4]
}
 8004128:	e7e8      	b.n	80040fc <set_resolution+0x38>
 800412a:	bf00      	nop
 800412c:	0800afbc 	.word	0x0800afbc
 8004130:	0800a3cc 	.word	0x0800a3cc

08004134 <adc_stm32_sampling_time_check>:
{
 8004134:	b510      	push	{r4, lr}
	const struct adc_stm32_cfg *config =
 8004136:	6844      	ldr	r4, [r0, #4]
	if (acq_time == ADC_ACQ_TIME_DEFAULT) {
 8004138:	b321      	cbz	r1, 8004184 <adc_stm32_sampling_time_check+0x50>
 800413a:	460a      	mov	r2, r1
	if (acq_time == ADC_ACQ_TIME_MAX) {
 800413c:	f643 73ff 	movw	r3, #16383	@ 0x3fff
 8004140:	4299      	cmp	r1, r3
 8004142:	d021      	beq.n	8004188 <adc_stm32_sampling_time_check+0x54>
	if (ADC_ACQ_TIME_UNIT(acq_time) != ADC_ACQ_TIME_TICKS) {
 8004144:	0b8b      	lsrs	r3, r1, #14
 8004146:	2b03      	cmp	r3, #3
 8004148:	d10c      	bne.n	8004164 <adc_stm32_sampling_time_check+0x30>
	for (int i = 0; i < STM32_NB_SAMPLING_TIME; i++) {
 800414a:	2000      	movs	r0, #0
 800414c:	2807      	cmp	r0, #7
 800414e:	dc11      	bgt.n	8004174 <adc_stm32_sampling_time_check+0x40>
		if (acq_time == ADC_ACQ_TIME(ADC_ACQ_TIME_TICKS,
 8004150:	f100 0318 	add.w	r3, r0, #24
 8004154:	f834 3013 	ldrh.w	r3, [r4, r3, lsl #1]
 8004158:	f443 4340 	orr.w	r3, r3, #49152	@ 0xc000
 800415c:	4293      	cmp	r3, r2
 800415e:	d010      	beq.n	8004182 <adc_stm32_sampling_time_check+0x4e>
	for (int i = 0; i < STM32_NB_SAMPLING_TIME; i++) {
 8004160:	3001      	adds	r0, #1
 8004162:	e7f3      	b.n	800414c <adc_stm32_sampling_time_check+0x18>
 8004164:	4a09      	ldr	r2, [pc, #36]	@ (800418c <adc_stm32_sampling_time_check+0x58>)
 8004166:	2101      	movs	r1, #1
 8004168:	4809      	ldr	r0, [pc, #36]	@ (8004190 <adc_stm32_sampling_time_check+0x5c>)
 800416a:	f004 f9eb 	bl	8008544 <z_impl_z_log_msg_simple_create_0>
		return -EINVAL;
 800416e:	f06f 0015 	mvn.w	r0, #21
 8004172:	e006      	b.n	8004182 <adc_stm32_sampling_time_check+0x4e>
 8004174:	4a07      	ldr	r2, [pc, #28]	@ (8004194 <adc_stm32_sampling_time_check+0x60>)
 8004176:	2101      	movs	r1, #1
 8004178:	4805      	ldr	r0, [pc, #20]	@ (8004190 <adc_stm32_sampling_time_check+0x5c>)
 800417a:	f004 f9e3 	bl	8008544 <z_impl_z_log_msg_simple_create_0>
	return -EINVAL;
 800417e:	f06f 0015 	mvn.w	r0, #21
}
 8004182:	bd10      	pop	{r4, pc}
		return 0;
 8004184:	2000      	movs	r0, #0
 8004186:	e7fc      	b.n	8004182 <adc_stm32_sampling_time_check+0x4e>
		return STM32_NB_SAMPLING_TIME - 1;
 8004188:	2007      	movs	r0, #7
 800418a:	e7fa      	b.n	8004182 <adc_stm32_sampling_time_check+0x4e>
 800418c:	0800afd0 	.word	0x0800afd0
 8004190:	0800a3cc 	.word	0x0800a3cc
 8004194:	0800aff8 	.word	0x0800aff8

08004198 <adc_stm32_sampling_time_setup>:
{
 8004198:	b570      	push	{r4, r5, r6, lr}
 800419a:	460d      	mov	r5, r1
	const struct adc_stm32_cfg *config =
 800419c:	6844      	ldr	r4, [r0, #4]
	ADC_TypeDef *adc = config->base;
 800419e:	6826      	ldr	r6, [r4, #0]
	acq_time_index = adc_stm32_sampling_time_check(dev, acq_time);
 80041a0:	4611      	mov	r1, r2
 80041a2:	f7ff ffc7 	bl	8004134 <adc_stm32_sampling_time_check>
	if (acq_time_index < 0) {
 80041a6:	2800      	cmp	r0, #0
 80041a8:	db17      	blt.n	80041da <adc_stm32_sampling_time_setup+0x42>
	switch (config->num_sampling_time_common_channels) {
 80041aa:	f994 3041 	ldrsb.w	r3, [r4, #65]	@ 0x41
 80041ae:	b13b      	cbz	r3, 80041c0 <adc_stm32_sampling_time_setup+0x28>
 80041b0:	2b00      	cmp	r3, #0
 80041b2:	db19      	blt.n	80041e8 <adc_stm32_sampling_time_setup+0x50>
 80041b4:	3b01      	subs	r3, #1
 80041b6:	b2db      	uxtb	r3, r3
 80041b8:	2b01      	cmp	r3, #1
 80041ba:	d815      	bhi.n	80041e8 <adc_stm32_sampling_time_setup+0x50>
 80041bc:	2000      	movs	r0, #0
 80041be:	e00c      	b.n	80041da <adc_stm32_sampling_time_setup+0x42>
		LL_ADC_SetChannelSamplingTime(adc,
 80041c0:	2d09      	cmp	r5, #9
 80041c2:	d80b      	bhi.n	80041dc <adc_stm32_sampling_time_setup+0x44>
					      STM32_ADC_DECIMAL_NB_TO_CHANNEL(id),
 80041c4:	eb05 0345 	add.w	r3, r5, r5, lsl #1
 80041c8:	ea45 5303 	orr.w	r3, r5, r3, lsl #20
		LL_ADC_SetChannelSamplingTime(adc,
 80041cc:	f043 7100 	orr.w	r1, r3, #33554432	@ 0x2000000
 80041d0:	4602      	mov	r2, r0
 80041d2:	4630      	mov	r0, r6
 80041d4:	f004 fd39 	bl	8008c4a <LL_ADC_SetChannelSamplingTime>
	return 0;
 80041d8:	2000      	movs	r0, #0
}
 80041da:	bd70      	pop	{r4, r5, r6, pc}
					      STM32_ADC_DECIMAL_NB_TO_CHANNEL(id),
 80041dc:	eb05 0345 	add.w	r3, r5, r5, lsl #1
 80041e0:	3b1e      	subs	r3, #30
		LL_ADC_SetChannelSamplingTime(adc,
 80041e2:	ea45 5103 	orr.w	r1, r5, r3, lsl #20
 80041e6:	e7f3      	b.n	80041d0 <adc_stm32_sampling_time_setup+0x38>
 80041e8:	4a03      	ldr	r2, [pc, #12]	@ (80041f8 <adc_stm32_sampling_time_setup+0x60>)
 80041ea:	2101      	movs	r1, #1
 80041ec:	4803      	ldr	r0, [pc, #12]	@ (80041fc <adc_stm32_sampling_time_setup+0x64>)
 80041ee:	f004 f9a9 	bl	8008544 <z_impl_z_log_msg_simple_create_0>
		return -EINVAL;
 80041f2:	f06f 0015 	mvn.w	r0, #21
 80041f6:	e7f0      	b.n	80041da <adc_stm32_sampling_time_setup+0x42>
 80041f8:	0800b01c 	.word	0x0800b01c
 80041fc:	0800a3cc 	.word	0x0800a3cc

08004200 <adc_stm32_channel_setup>:
{
 8004200:	b508      	push	{r3, lr}
	const struct adc_stm32_cfg *config = (const struct adc_stm32_cfg *)dev->config;
 8004202:	6843      	ldr	r3, [r0, #4]
	if (!config->has_differential_support) {
 8004204:	f893 3045 	ldrb.w	r3, [r3, #69]	@ 0x45
 8004208:	f013 0f10 	tst.w	r3, #16
 800420c:	d103      	bne.n	8004216 <adc_stm32_channel_setup+0x16>
		if (channel_cfg->differential) {
 800420e:	790b      	ldrb	r3, [r1, #4]
 8004210:	f013 0f20 	tst.w	r3, #32
 8004214:	d10d      	bne.n	8004232 <adc_stm32_channel_setup+0x32>
	if (channel_cfg->gain != ADC_GAIN_1) {
 8004216:	780b      	ldrb	r3, [r1, #0]
 8004218:	2b09      	cmp	r3, #9
 800421a:	d112      	bne.n	8004242 <adc_stm32_channel_setup+0x42>
	if (channel_cfg->reference != ADC_REF_INTERNAL) {
 800421c:	784b      	ldrb	r3, [r1, #1]
 800421e:	2b04      	cmp	r3, #4
 8004220:	d117      	bne.n	8004252 <adc_stm32_channel_setup+0x52>
	if (adc_stm32_sampling_time_setup(dev, channel_cfg->channel_id,
 8004222:	790b      	ldrb	r3, [r1, #4]
 8004224:	884a      	ldrh	r2, [r1, #2]
 8004226:	f003 011f 	and.w	r1, r3, #31
 800422a:	f7ff ffb5 	bl	8004198 <adc_stm32_sampling_time_setup>
 800422e:	b9c0      	cbnz	r0, 8004262 <adc_stm32_channel_setup+0x62>
}
 8004230:	bd08      	pop	{r3, pc}
 8004232:	4a10      	ldr	r2, [pc, #64]	@ (8004274 <adc_stm32_channel_setup+0x74>)
 8004234:	2101      	movs	r1, #1
 8004236:	4810      	ldr	r0, [pc, #64]	@ (8004278 <adc_stm32_channel_setup+0x78>)
 8004238:	f004 f984 	bl	8008544 <z_impl_z_log_msg_simple_create_0>
			return -EINVAL;
 800423c:	f06f 0015 	mvn.w	r0, #21
 8004240:	e7f6      	b.n	8004230 <adc_stm32_channel_setup+0x30>
 8004242:	4a0e      	ldr	r2, [pc, #56]	@ (800427c <adc_stm32_channel_setup+0x7c>)
 8004244:	2101      	movs	r1, #1
 8004246:	480c      	ldr	r0, [pc, #48]	@ (8004278 <adc_stm32_channel_setup+0x78>)
 8004248:	f004 f97c 	bl	8008544 <z_impl_z_log_msg_simple_create_0>
		return -EINVAL;
 800424c:	f06f 0015 	mvn.w	r0, #21
 8004250:	e7ee      	b.n	8004230 <adc_stm32_channel_setup+0x30>
 8004252:	4a0b      	ldr	r2, [pc, #44]	@ (8004280 <adc_stm32_channel_setup+0x80>)
 8004254:	2101      	movs	r1, #1
 8004256:	4808      	ldr	r0, [pc, #32]	@ (8004278 <adc_stm32_channel_setup+0x78>)
 8004258:	f004 f974 	bl	8008544 <z_impl_z_log_msg_simple_create_0>
		return -EINVAL;
 800425c:	f06f 0015 	mvn.w	r0, #21
 8004260:	e7e6      	b.n	8004230 <adc_stm32_channel_setup+0x30>
 8004262:	4a08      	ldr	r2, [pc, #32]	@ (8004284 <adc_stm32_channel_setup+0x84>)
 8004264:	2101      	movs	r1, #1
 8004266:	4804      	ldr	r0, [pc, #16]	@ (8004278 <adc_stm32_channel_setup+0x78>)
 8004268:	f004 f96c 	bl	8008544 <z_impl_z_log_msg_simple_create_0>
		return -EINVAL;
 800426c:	f06f 0015 	mvn.w	r0, #21
 8004270:	e7de      	b.n	8004230 <adc_stm32_channel_setup+0x30>
 8004272:	bf00      	nop
 8004274:	0800b054 	.word	0x0800b054
 8004278:	0800a3cc 	.word	0x0800a3cc
 800427c:	0800b084 	.word	0x0800b084
 8004280:	0800b09c 	.word	0x0800b09c
 8004284:	0800b0b8 	.word	0x0800b0b8

08004288 <adc_context_enable_timer>:
	}
}

#ifdef ADC_CONTEXT_USES_KERNEL_TIMER
static inline void adc_context_enable_timer(struct adc_context *ctx)
{
 8004288:	b500      	push	{lr}
 800428a:	b083      	sub	sp, #12
 800428c:	4603      	mov	r3, r0
	k_timer_start(&ctx->timer, K_NO_WAIT, K_USEC(ctx->options.interval_us));
 800428e:	3008      	adds	r0, #8
 8004290:	f8d3 3090 	ldr.w	r3, [r3, #144]	@ 0x90
 8004294:	3363      	adds	r3, #99	@ 0x63
 8004296:	bf2c      	ite	cs
 8004298:	f04f 0c01 	movcs.w	ip, #1
 800429c:	f04f 0c00 	movcc.w	ip, #0
 80042a0:	f3c3 0213 	ubfx	r2, r3, #0, #20
 80042a4:	0d19      	lsrs	r1, r3, #20
 80042a6:	ea41 310c 	orr.w	r1, r1, ip, lsl #12
 80042aa:	4411      	add	r1, r2
 80042ac:	4a10      	ldr	r2, [pc, #64]	@ (80042f0 <adc_context_enable_timer+0x68>)
 80042ae:	fba2 e201 	umull	lr, r2, r2, r1
 80042b2:	08d2      	lsrs	r2, r2, #3
 80042b4:	eb02 0282 	add.w	r2, r2, r2, lsl #2
 80042b8:	eb02 0282 	add.w	r2, r2, r2, lsl #2
 80042bc:	1a8a      	subs	r2, r1, r2
 80042be:	1a9b      	subs	r3, r3, r2
 80042c0:	f16c 0c00 	sbc.w	ip, ip, #0
 80042c4:	490b      	ldr	r1, [pc, #44]	@ (80042f4 <adc_context_enable_timer+0x6c>)
 80042c6:	4a0c      	ldr	r2, [pc, #48]	@ (80042f8 <adc_context_enable_timer+0x70>)
 80042c8:	fb03 f202 	mul.w	r2, r3, r2
 80042cc:	fb01 220c 	mla	r2, r1, ip, r2
 80042d0:	fba3 3101 	umull	r3, r1, r3, r1
 80042d4:	440a      	add	r2, r1
 80042d6:	089b      	lsrs	r3, r3, #2
 80042d8:	ea43 7382 	orr.w	r3, r3, r2, lsl #30
 80042dc:	0892      	lsrs	r2, r2, #2
	z_impl_k_timer_start(timer, duration, period);
 80042de:	9300      	str	r3, [sp, #0]
 80042e0:	9201      	str	r2, [sp, #4]
 80042e2:	2200      	movs	r2, #0
 80042e4:	2300      	movs	r3, #0
 80042e6:	f002 fa6b 	bl	80067c0 <z_impl_k_timer_start>
}
 80042ea:	b003      	add	sp, #12
 80042ec:	f85d fb04 	ldr.w	pc, [sp], #4
 80042f0:	51eb851f 	.word	0x51eb851f
 80042f4:	c28f5c29 	.word	0xc28f5c29
 80042f8:	8f5c28f5 	.word	0x8f5c28f5

080042fc <start_read>:
{
 80042fc:	e92d 41f0 	stmdb	sp!, {r4, r5, r6, r7, r8, lr}
 8004300:	4607      	mov	r7, r0
 8004302:	460d      	mov	r5, r1
	const struct adc_stm32_cfg *config = dev->config;
 8004304:	6843      	ldr	r3, [r0, #4]
	struct adc_stm32_data *data = dev->data;
 8004306:	6906      	ldr	r6, [r0, #16]
	ADC_TypeDef *adc = config->base;
 8004308:	f8d3 8000 	ldr.w	r8, [r3]
	data->buffer = sequence->buffer;
 800430c:	688b      	ldr	r3, [r1, #8]
 800430e:	f8c6 30ac 	str.w	r3, [r6, #172]	@ 0xac
	data->channels = sequence->channels;
 8004312:	6848      	ldr	r0, [r1, #4]
 8004314:	f8c6 00b8 	str.w	r0, [r6, #184]	@ 0xb8
	data->channel_count = POPCOUNT(data->channels);
 8004318:	f7fc f8a2 	bl	8000460 <__popcountsi2>
 800431c:	b2c0      	uxtb	r0, r0
 800431e:	f886 00bc 	strb.w	r0, [r6, #188]	@ 0xbc
	data->samples_count = 0;
 8004322:	2300      	movs	r3, #0
 8004324:	f886 30bd 	strb.w	r3, [r6, #189]	@ 0xbd
	data->resolution = sequence->resolution;
 8004328:	7c2b      	ldrb	r3, [r5, #16]
 800432a:	f886 30b4 	strb.w	r3, [r6, #180]	@ 0xb4
	if (data->channel_count == 0) {
 800432e:	2800      	cmp	r0, #0
 8004330:	d038      	beq.n	80043a4 <start_read+0xa8>
	if (data->channel_count > ARRAY_SIZE(table_seq_len)) {
 8004332:	2810      	cmp	r0, #16
 8004334:	d83e      	bhi.n	80043b4 <start_read+0xb8>
	err = set_resolution(dev, sequence);
 8004336:	4629      	mov	r1, r5
 8004338:	4638      	mov	r0, r7
 800433a:	f7ff fec3 	bl	80040c4 <set_resolution>
	if (err < 0) {
 800433e:	1e04      	subs	r4, r0, #0
 8004340:	db41      	blt.n	80043c6 <start_read+0xca>
	err = set_sequencer(dev);
 8004342:	4638      	mov	r0, r7
 8004344:	f7ff fe56 	bl	8003ff4 <set_sequencer>
	if (err < 0) {
 8004348:	1e04      	subs	r4, r0, #0
 800434a:	db42      	blt.n	80043d2 <start_read+0xd6>
	err = check_buffer(sequence, data->channel_count);
 800434c:	f896 10bc 	ldrb.w	r1, [r6, #188]	@ 0xbc
 8004350:	4628      	mov	r0, r5
 8004352:	f7ff fe9b 	bl	800408c <check_buffer>
	if (err) {
 8004356:	4604      	mov	r4, r0
 8004358:	2800      	cmp	r0, #0
 800435a:	d140      	bne.n	80043de <start_read+0xe2>
	if (sequence->oversampling) {
 800435c:	7c6b      	ldrb	r3, [r5, #17]
 800435e:	2b00      	cmp	r3, #0
 8004360:	d143      	bne.n	80043ea <start_read+0xee>
	if (sequence->calibrate) {
 8004362:	7cab      	ldrb	r3, [r5, #18]
 8004364:	2b00      	cmp	r3, #0
 8004366:	d148      	bne.n	80043fa <start_read+0xfe>
	adc_stm32_enable(adc);
 8004368:	4640      	mov	r0, r8
 800436a:	f004 fc0e 	bl	8008b8a <adc_stm32_enable>
  * @param  ADCx ADC instance
  * @retval None
  */
__STATIC_INLINE void LL_ADC_ClearFlag_OVR(ADC_TypeDef *ADCx)
{
  WRITE_REG(ADCx->SR, ~LL_ADC_FLAG_OVR);
 800436e:	f06f 0320 	mvn.w	r3, #32
 8004372:	f8c8 3000 	str.w	r3, [r8]
  MODIFY_REG(ADCx->CR2, ADC_CR2_EOCS, EocSelection);
 8004376:	f8d8 3008 	ldr.w	r3, [r8, #8]
 800437a:	f443 6380 	orr.w	r3, r3, #1024	@ 0x400
 800437e:	f8c8 3008 	str.w	r3, [r8, #8]
  * @param  ADCx ADC instance
  * @retval None
  */
__STATIC_INLINE void LL_ADC_EnableIT_EOCS(ADC_TypeDef *ADCx)
{
  SET_BIT(ADCx->CR1, LL_ADC_IT_EOCS);
 8004382:	f8d8 3004 	ldr.w	r3, [r8, #4]
 8004386:	f043 0320 	orr.w	r3, r3, #32
 800438a:	f8c8 3004 	str.w	r3, [r8, #4]
	adc_context_start_read(&data->ctx, sequence);
 800438e:	4629      	mov	r1, r5
 8004390:	4630      	mov	r0, r6
 8004392:	f004 fc8e 	bl	8008cb2 <adc_context_start_read>
	int result = adc_context_wait_for_completion(&data->ctx);
 8004396:	4630      	mov	r0, r6
 8004398:	f004 fcba 	bl	8008d10 <adc_context_wait_for_completion>
 800439c:	4604      	mov	r4, r0
}
 800439e:	4620      	mov	r0, r4
 80043a0:	e8bd 81f0 	ldmia.w	sp!, {r4, r5, r6, r7, r8, pc}
 80043a4:	4a19      	ldr	r2, [pc, #100]	@ (800440c <start_read+0x110>)
 80043a6:	2101      	movs	r1, #1
 80043a8:	4819      	ldr	r0, [pc, #100]	@ (8004410 <start_read+0x114>)
 80043aa:	f004 f8cb 	bl	8008544 <z_impl_z_log_msg_simple_create_0>
		return -EINVAL;
 80043ae:	f06f 0415 	mvn.w	r4, #21
 80043b2:	e7f4      	b.n	800439e <start_read+0xa2>
	z_impl_z_log_msg_simple_create_1(source, level, fmt, arg);
 80043b4:	2310      	movs	r3, #16
 80043b6:	4a17      	ldr	r2, [pc, #92]	@ (8004414 <start_read+0x118>)
 80043b8:	2101      	movs	r1, #1
 80043ba:	4815      	ldr	r0, [pc, #84]	@ (8004410 <start_read+0x114>)
 80043bc:	f004 f8cc 	bl	8008558 <z_impl_z_log_msg_simple_create_1>
		return -EINVAL;
 80043c0:	f06f 0415 	mvn.w	r4, #21
 80043c4:	e7eb      	b.n	800439e <start_read+0xa2>
	z_impl_z_log_msg_simple_create_0(source, level, fmt);
 80043c6:	4a14      	ldr	r2, [pc, #80]	@ (8004418 <start_read+0x11c>)
 80043c8:	2101      	movs	r1, #1
 80043ca:	4811      	ldr	r0, [pc, #68]	@ (8004410 <start_read+0x114>)
 80043cc:	f004 f8ba 	bl	8008544 <z_impl_z_log_msg_simple_create_0>
		return err;
 80043d0:	e7e5      	b.n	800439e <start_read+0xa2>
 80043d2:	4a12      	ldr	r2, [pc, #72]	@ (800441c <start_read+0x120>)
 80043d4:	2101      	movs	r1, #1
 80043d6:	480e      	ldr	r0, [pc, #56]	@ (8004410 <start_read+0x114>)
 80043d8:	f004 f8b4 	bl	8008544 <z_impl_z_log_msg_simple_create_0>
		return err;
 80043dc:	e7df      	b.n	800439e <start_read+0xa2>
 80043de:	4a10      	ldr	r2, [pc, #64]	@ (8004420 <start_read+0x124>)
 80043e0:	2101      	movs	r1, #1
 80043e2:	480b      	ldr	r0, [pc, #44]	@ (8004410 <start_read+0x114>)
 80043e4:	f004 f8ae 	bl	8008544 <z_impl_z_log_msg_simple_create_0>
		return err;
 80043e8:	e7d9      	b.n	800439e <start_read+0xa2>
 80043ea:	4a0e      	ldr	r2, [pc, #56]	@ (8004424 <start_read+0x128>)
 80043ec:	2101      	movs	r1, #1
 80043ee:	4808      	ldr	r0, [pc, #32]	@ (8004410 <start_read+0x114>)
 80043f0:	f004 f8a8 	bl	8008544 <z_impl_z_log_msg_simple_create_0>
		return -ENOTSUP;
 80043f4:	f06f 0485 	mvn.w	r4, #133	@ 0x85
 80043f8:	e7d1      	b.n	800439e <start_read+0xa2>
 80043fa:	4a0b      	ldr	r2, [pc, #44]	@ (8004428 <start_read+0x12c>)
 80043fc:	2101      	movs	r1, #1
 80043fe:	4804      	ldr	r0, [pc, #16]	@ (8004410 <start_read+0x114>)
 8004400:	f004 f8a0 	bl	8008544 <z_impl_z_log_msg_simple_create_0>
		return -ENOTSUP;
 8004404:	f06f 0485 	mvn.w	r4, #133	@ 0x85
 8004408:	e7c9      	b.n	800439e <start_read+0xa2>
 800440a:	bf00      	nop
 800440c:	0800b0d0 	.word	0x0800b0d0
 8004410:	0800a3cc 	.word	0x0800a3cc
 8004414:	0800b0e8 	.word	0x0800b0e8
 8004418:	0800b114 	.word	0x0800b114
 800441c:	0800b138 	.word	0x0800b138
 8004420:	0800b158 	.word	0x0800b158
 8004424:	0800b16c 	.word	0x0800b16c
 8004428:	0800b188 	.word	0x0800b188

0800442c <adc_stm32_init>:
#endif /* CONFIG_SOC_SERIES_STM32U5X */
}
#endif

static int adc_stm32_init(const struct device *dev)
{
 800442c:	b5f8      	push	{r3, r4, r5, r6, r7, lr}
	struct adc_stm32_data *data = dev->data;
 800442e:	6905      	ldr	r5, [r0, #16]
	const struct adc_stm32_cfg *config = dev->config;
 8004430:	6846      	ldr	r6, [r0, #4]
	__maybe_unused ADC_TypeDef *adc = config->base;
 8004432:	6837      	ldr	r7, [r6, #0]
	int err;

	LOG_DBG("Initializing %s", dev->name);

	data->dev = dev;
 8004434:	f8c5 00a8 	str.w	r0, [r5, #168]	@ 0xa8
	 * For series that use two common channels, there can be up to two
	 * conversion times selected for all channels in a sequence.
	 * This additional table is for checking that the conversion time
	 * selection of all channels respects these requirements.
	 */
	data->acq_time_index[0] = -1;
 8004438:	23ff      	movs	r3, #255	@ 0xff
 800443a:	f885 30be 	strb.w	r3, [r5, #190]	@ 0xbe
	data->acq_time_index[1] = -1;
 800443e:	f885 30bf 	strb.w	r3, [r5, #191]	@ 0xbf

	adc_stm32_set_clock(dev);
 8004442:	f7ff fd9b 	bl	8003f7c <adc_stm32_set_clock>

	/* Configure ADC inputs as specified in Device Tree, if any */
	err = pinctrl_apply_state(config->pcfg, PINCTRL_STATE_DEFAULT);
 8004446:	2100      	movs	r1, #0
 8004448:	6a70      	ldr	r0, [r6, #36]	@ 0x24
 800444a:	f004 fcb1 	bl	8008db0 <pinctrl_apply_state>
	if ((err < 0) && (err != -ENOENT)) {
 800444e:	1e04      	subs	r4, r0, #0
 8004450:	db0c      	blt.n	800446c <adc_stm32_init+0x40>
	}
#endif /* ANY_ADC_INTERNAL_REGULATOR_TYPE_IS(INTERNAL_REGULATOR_STARTUP_HW_STATUS) */

#endif /* INTERNAL_REGULATOR_STARTUP_SW_DELAY || INTERNAL_REGULATOR_STARTUP_HW_STATUS */

	if (config->irq_cfg_func) {
 8004452:	6873      	ldr	r3, [r6, #4]
 8004454:	b103      	cbz	r3, 8004458 <adc_stm32_init+0x2c>
		config->irq_cfg_func();
 8004456:	4798      	blx	r3
	/* If several ADCs are used and share a common clock property (for example ADC1/2 prescaler
	 * value on STM32U5), none of them should be enabled when the clock is set.
	 * To that end, make sure to disable ADC at the end of the initialization, it will be
	 * enabled later when necessary anyway.
	 */
	adc_stm32_disable(adc, true);
 8004458:	2101      	movs	r1, #1
 800445a:	4638      	mov	r0, r7
 800445c:	f004 fba6 	bl	8008bac <adc_stm32_disable>

	adc_context_unlock_unconditionally(&data->ctx);
 8004460:	4628      	mov	r0, r5
 8004462:	f004 fc9d 	bl	8008da0 <adc_context_unlock_unconditionally>
#ifdef CONFIG_ADC_STM32_INJECTED_CHANNELS
	LL_ADC_INJ_SetTriggerSource(adc, LL_ADC_INJ_TRIG_SOFTWARE);
	adc_context_unlock_unconditionally(&data->inj_ctx);
#endif /* CONFIG_ADC_STM32_INJECTED_CHANNELS */

	return 0;
 8004466:	2400      	movs	r4, #0
}
 8004468:	4620      	mov	r0, r4
 800446a:	bdf8      	pop	{r3, r4, r5, r6, r7, pc}
	if ((err < 0) && (err != -ENOENT)) {
 800446c:	f114 0f02 	cmn.w	r4, #2
 8004470:	d0ef      	beq.n	8004452 <adc_stm32_init+0x26>
	z_impl_z_log_msg_simple_create_1(source, level, fmt, arg);
 8004472:	4623      	mov	r3, r4
 8004474:	4a02      	ldr	r2, [pc, #8]	@ (8004480 <adc_stm32_init+0x54>)
 8004476:	2101      	movs	r1, #1
 8004478:	4802      	ldr	r0, [pc, #8]	@ (8004484 <adc_stm32_init+0x58>)
 800447a:	f004 f86d 	bl	8008558 <z_impl_z_log_msg_simple_create_1>
		return err;
 800447e:	e7f3      	b.n	8004468 <adc_stm32_init+0x3c>
 8004480:	0800b1a4 	.word	0x0800b1a4
 8004484:	0800a3cc 	.word	0x0800a3cc

08004488 <adc_stm32_isr>:
{
 8004488:	b570      	push	{r4, r5, r6, lr}
 800448a:	4604      	mov	r4, r0
	struct adc_stm32_data *data = dev->data;
 800448c:	6906      	ldr	r6, [r0, #16]
	const struct adc_stm32_cfg *config = (const struct adc_stm32_cfg *)dev->config;
 800448e:	6843      	ldr	r3, [r0, #4]
	ADC_TypeDef *adc = config->base;
 8004490:	681d      	ldr	r5, [r3, #0]
  return (READ_BIT(ADCx->SR, LL_ADC_FLAG_OVR) == (LL_ADC_FLAG_OVR));
 8004492:	682b      	ldr	r3, [r5, #0]
	if (LL_ADC_IsActiveFlag_OVR(adc)) {
 8004494:	f013 0f20 	tst.w	r3, #32
 8004498:	d115      	bne.n	80044c6 <adc_stm32_isr+0x3e>
  return (READ_BIT(ADCx->SR, LL_ADC_FLAG_EOCS) == (LL_ADC_FLAG_EOCS));
 800449a:	682b      	ldr	r3, [r5, #0]
	if (LL_ADC_IsActiveFlag_EOCS(adc) == 1) {
 800449c:	f013 0f02 	tst.w	r3, #2
 80044a0:	d010      	beq.n	80044c4 <adc_stm32_isr+0x3c>
  return (uint16_t)(READ_BIT(ADCx->DR, ADC_DR_DATA));
 80044a2:	6cea      	ldr	r2, [r5, #76]	@ 0x4c
		*data->buffer++ = LL_ADC_REG_ReadConversionData32(adc);
 80044a4:	f8d6 30ac 	ldr.w	r3, [r6, #172]	@ 0xac
 80044a8:	1c99      	adds	r1, r3, #2
 80044aa:	f8c6 10ac 	str.w	r1, [r6, #172]	@ 0xac
 80044ae:	801a      	strh	r2, [r3, #0]
		if (++data->samples_count == data->channel_count) {
 80044b0:	f896 30bd 	ldrb.w	r3, [r6, #189]	@ 0xbd
 80044b4:	3301      	adds	r3, #1
 80044b6:	b2db      	uxtb	r3, r3
 80044b8:	f886 30bd 	strb.w	r3, [r6, #189]	@ 0xbd
 80044bc:	f896 20bc 	ldrb.w	r2, [r6, #188]	@ 0xbc
 80044c0:	4293      	cmp	r3, r2
 80044c2:	d009      	beq.n	80044d8 <adc_stm32_isr+0x50>
}
 80044c4:	bd70      	pop	{r4, r5, r6, pc}
  WRITE_REG(ADCx->SR, ~LL_ADC_FLAG_OVR);
 80044c6:	f06f 0320 	mvn.w	r3, #32
 80044ca:	602b      	str	r3, [r5, #0]
	z_impl_z_log_msg_simple_create_0(source, level, fmt);
 80044cc:	4a06      	ldr	r2, [pc, #24]	@ (80044e8 <adc_stm32_isr+0x60>)
 80044ce:	2101      	movs	r1, #1
 80044d0:	4806      	ldr	r0, [pc, #24]	@ (80044ec <adc_stm32_isr+0x64>)
 80044d2:	f004 f837 	bl	8008544 <z_impl_z_log_msg_simple_create_0>
		LOG_ERR("ADC overrun error occurred. Use DMA, reduce clock source frequency, "
 80044d6:	e7e0      	b.n	800449a <adc_stm32_isr+0x12>
			data->samples_count = 0;
 80044d8:	2300      	movs	r3, #0
 80044da:	f886 30bd 	strb.w	r3, [r6, #189]	@ 0xbd
			adc_context_on_sampling_done(&data->ctx, dev);
 80044de:	4621      	mov	r1, r4
 80044e0:	4630      	mov	r0, r6
 80044e2:	f004 fcb1 	bl	8008e48 <adc_context_on_sampling_done>
}
 80044e6:	e7ed      	b.n	80044c4 <adc_stm32_isr+0x3c>
 80044e8:	0800b1c4 	.word	0x0800b1c4
 80044ec:	0800a3cc 	.word	0x0800a3cc

080044f0 <adc_stm32_isr_18>:
 *     generate_isr_code(index)
 */
#define GENERATE_ISR(index)                                                                        \
	COND_CODE_1(IS_EQ(index, FIRST_WITH_IRQN(index)), (GENERATE_ISR_CODE(index)), (EMPTY))

DT_INST_FOREACH_STATUS_OKAY(GENERATE_ISR)
 80044f0:	b508      	push	{r3, lr}
 80044f2:	4802      	ldr	r0, [pc, #8]	@ (80044fc <adc_stm32_isr_18+0xc>)
 80044f4:	f7ff ffc8 	bl	8004488 <adc_stm32_isr>
 80044f8:	bd08      	pop	{r3, pc}
 80044fa:	bf00      	nop
 80044fc:	08009fc8 	.word	0x08009fc8

08004500 <stm32_clock_switch_to_hsi>:
  * @rmtoll CR           HSIRDY        LL_RCC_HSI_IsReady
  * @retval State of bit (1 or 0).
  */
__STATIC_INLINE uint32_t LL_RCC_HSI_IsReady(void)
{
  return (READ_BIT(RCC->CR, RCC_CR_HSIRDY) == (RCC_CR_HSIRDY));
 8004500:	4b0c      	ldr	r3, [pc, #48]	@ (8004534 <stm32_clock_switch_to_hsi+0x34>)
 8004502:	681b      	ldr	r3, [r3, #0]
 */
__unused
static void stm32_clock_switch_to_hsi(void)
{
	/* Enable HSI if not enabled */
	if (LL_RCC_HSI_IsReady() != 1) {
 8004504:	f013 0f02 	tst.w	r3, #2
 8004508:	d109      	bne.n	800451e <stm32_clock_switch_to_hsi+0x1e>
  SET_BIT(RCC->CR, RCC_CR_HSION);
 800450a:	4a0a      	ldr	r2, [pc, #40]	@ (8004534 <stm32_clock_switch_to_hsi+0x34>)
 800450c:	6813      	ldr	r3, [r2, #0]
 800450e:	f043 0301 	orr.w	r3, r3, #1
 8004512:	6013      	str	r3, [r2, #0]
  return (READ_BIT(RCC->CR, RCC_CR_HSIRDY) == (RCC_CR_HSIRDY));
 8004514:	4b07      	ldr	r3, [pc, #28]	@ (8004534 <stm32_clock_switch_to_hsi+0x34>)
 8004516:	681b      	ldr	r3, [r3, #0]
		/* Enable HSI */
		LL_RCC_HSI_Enable();
		while (LL_RCC_HSI_IsReady() != 1) {
 8004518:	f013 0f02 	tst.w	r3, #2
 800451c:	d0fa      	beq.n	8004514 <stm32_clock_switch_to_hsi+0x14>
  *         (*) value not defined in all devices.
  * @retval None
  */
__STATIC_INLINE void LL_RCC_SetSysClkSource(uint32_t Source)
{
  MODIFY_REG(RCC->CFGR, RCC_CFGR_SW, Source);
 800451e:	4a05      	ldr	r2, [pc, #20]	@ (8004534 <stm32_clock_switch_to_hsi+0x34>)
 8004520:	6893      	ldr	r3, [r2, #8]
 8004522:	f023 0303 	bic.w	r3, r3, #3
 8004526:	6093      	str	r3, [r2, #8]
  *
  *         (*) value not defined in all devices.
  */
__STATIC_INLINE uint32_t LL_RCC_GetSysClkSource(void)
{
  return (uint32_t)(READ_BIT(RCC->CFGR, RCC_CFGR_SWS));
 8004528:	4b02      	ldr	r3, [pc, #8]	@ (8004534 <stm32_clock_switch_to_hsi+0x34>)
 800452a:	689b      	ldr	r3, [r3, #8]
		}
	}

	/* Set HSI as SYSCLCK source */
	LL_RCC_SetSysClkSource(LL_RCC_SYS_CLKSOURCE_HSI);
	while (LL_RCC_GetSysClkSource() != LL_RCC_SYS_CLKSOURCE_STATUS_HSI) {
 800452c:	f013 0f0c 	tst.w	r3, #12
 8004530:	d1fa      	bne.n	8004528 <stm32_clock_switch_to_hsi+0x28>
	}
}
 8004532:	4770      	bx	lr
 8004534:	40023800 	.word	0x40023800

08004538 <set_up_fixed_clock_sources>:
  SET_BIT(RCC->CR, RCC_CR_HSEBYP);
 8004538:	4b0c      	ldr	r3, [pc, #48]	@ (800456c <set_up_fixed_clock_sources+0x34>)
 800453a:	681a      	ldr	r2, [r3, #0]
 800453c:	f442 2280 	orr.w	r2, r2, #262144	@ 0x40000
 8004540:	601a      	str	r2, [r3, #0]
  SET_BIT(RCC->CR, RCC_CR_HSEON);
 8004542:	681a      	ldr	r2, [r3, #0]
 8004544:	f442 3280 	orr.w	r2, r2, #65536	@ 0x10000
 8004548:	601a      	str	r2, [r3, #0]
  return (READ_BIT(RCC->CR, RCC_CR_HSERDY) == (RCC_CR_HSERDY));
 800454a:	4b08      	ldr	r3, [pc, #32]	@ (800456c <set_up_fixed_clock_sources+0x34>)
 800454c:	681b      	ldr	r3, [r3, #0]
#if STM32_HSE_DIV2
		LL_RCC_HSE_EnableDiv2();
#endif
		/* Enable HSE */
		LL_RCC_HSE_Enable();
		while (LL_RCC_HSE_IsReady() != 1) {
 800454e:	f413 3f00 	tst.w	r3, #131072	@ 0x20000
 8004552:	d0fa      	beq.n	800454a <set_up_fixed_clock_sources+0x12>
  SET_BIT(RCC->CSR, RCC_CSR_LSION);
 8004554:	4a05      	ldr	r2, [pc, #20]	@ (800456c <set_up_fixed_clock_sources+0x34>)
 8004556:	6f53      	ldr	r3, [r2, #116]	@ 0x74
 8004558:	f043 0301 	orr.w	r3, r3, #1
 800455c:	6753      	str	r3, [r2, #116]	@ 0x74
  return (READ_BIT(RCC->CSR, RCC_CSR_LSIRDY) == (RCC_CSR_LSIRDY));
 800455e:	4b03      	ldr	r3, [pc, #12]	@ (800456c <set_up_fixed_clock_sources+0x34>)
 8004560:	6f5b      	ldr	r3, [r3, #116]	@ 0x74
		LL_RCC_LSI1_Enable();
		while (LL_RCC_LSI1_IsReady() != 1) {
		}
#else
		LL_RCC_LSI_Enable();
		while (LL_RCC_LSI_IsReady() != 1) {
 8004562:	f013 0f02 	tst.w	r3, #2
 8004566:	d0fa      	beq.n	800455e <set_up_fixed_clock_sources+0x26>
		LL_RCC_HSI48_Enable();
		while (LL_RCC_HSI48_IsReady() != 1) {
		}
	}
#endif /* STM32_HSI48_ENABLED */
}
 8004568:	4770      	bx	lr
 800456a:	bf00      	nop
 800456c:	40023800 	.word	0x40023800

08004570 <stm32_clock_control_get_subsys_rate>:
{
 8004570:	b5f8      	push	{r3, r4, r5, r6, r7, lr}
 8004572:	460c      	mov	r4, r1
 8004574:	4615      	mov	r5, r2
	uint32_t ahb_clock = SystemCoreClock;
 8004576:	4b42      	ldr	r3, [pc, #264]	@ (8004680 <stm32_clock_control_get_subsys_rate+0x110>)
 8004578:	681e      	ldr	r6, [r3, #0]
	uint32_t apb1_clock = get_bus_clock(ahb_clock, STM32_APB1_PRESCALER);
 800457a:	2102      	movs	r1, #2
 800457c:	4630      	mov	r0, r6
 800457e:	f004 fcaf 	bl	8008ee0 <get_bus_clock>
 8004582:	4607      	mov	r7, r0
	uint32_t apb2_clock = get_bus_clock(ahb_clock, STM32_APB2_PRESCALER);
 8004584:	2101      	movs	r1, #1
 8004586:	4630      	mov	r0, r6
 8004588:	f004 fcaa 	bl	8008ee0 <get_bus_clock>
	switch (pclken->bus) {
 800458c:	8823      	ldrh	r3, [r4, #0]
 800458e:	f3c3 010b 	ubfx	r1, r3, #0, #12
 8004592:	460b      	mov	r3, r1
 8004594:	2944      	cmp	r1, #68	@ 0x44
 8004596:	d829      	bhi.n	80045ec <stm32_clock_control_get_subsys_rate+0x7c>
 8004598:	b209      	sxth	r1, r1
 800459a:	2900      	cmp	r1, #0
 800459c:	d068      	beq.n	8004670 <stm32_clock_control_get_subsys_rate+0x100>
 800459e:	3b01      	subs	r3, #1
 80045a0:	2b43      	cmp	r3, #67	@ 0x43
 80045a2:	d868      	bhi.n	8004676 <stm32_clock_control_get_subsys_rate+0x106>
 80045a4:	e8df f003 	tbb	[pc, r3]
 80045a8:	5a56533d 	.word	0x5a56533d
 80045ac:	67493f5d 	.word	0x67493f5d
 80045b0:	67676767 	.word	0x67676767
 80045b4:	67676767 	.word	0x67676767
 80045b8:	67676767 	.word	0x67676767
 80045bc:	67676260 	.word	0x67676260
 80045c0:	67676767 	.word	0x67676767
 80045c4:	67676767 	.word	0x67676767
 80045c8:	67676767 	.word	0x67676767
 80045cc:	67676767 	.word	0x67676767
 80045d0:	67676767 	.word	0x67676767
 80045d4:	35676767 	.word	0x35676767
 80045d8:	35676767 	.word	0x35676767
 80045dc:	37676767 	.word	0x37676767
 80045e0:	67676767 	.word	0x67676767
 80045e4:	39676767 	.word	0x39676767
 80045e8:	3b676767 	.word	0x3b676767
 80045ec:	29a8      	cmp	r1, #168	@ 0xa8
 80045ee:	d10d      	bne.n	800460c <stm32_clock_control_get_subsys_rate+0x9c>
		*rate = ahb3_clock;
 80045f0:	602e      	str	r6, [r5, #0]
	if (pclken->div) {
 80045f2:	6823      	ldr	r3, [r4, #0]
 80045f4:	f5b3 5f80 	cmp.w	r3, #4096	@ 0x1000
 80045f8:	d340      	bcc.n	800467c <stm32_clock_control_get_subsys_rate+0x10c>
		*rate /= (pclken->div + 1);
 80045fa:	682a      	ldr	r2, [r5, #0]
 80045fc:	f3c3 3313 	ubfx	r3, r3, #12, #20
 8004600:	3301      	adds	r3, #1
 8004602:	fbb2 f2f3 	udiv	r2, r2, r3
 8004606:	602a      	str	r2, [r5, #0]
	return 0;
 8004608:	2000      	movs	r0, #0
 800460a:	e036      	b.n	800467a <stm32_clock_control_get_subsys_rate+0x10a>
	switch (pclken->bus) {
 800460c:	f06f 0085 	mvn.w	r0, #133	@ 0x85
 8004610:	e033      	b.n	800467a <stm32_clock_control_get_subsys_rate+0x10a>
		*rate = ahb_clock;
 8004612:	602e      	str	r6, [r5, #0]
		break;
 8004614:	e7ed      	b.n	80045f2 <stm32_clock_control_get_subsys_rate+0x82>
		*rate = ahb3_clock;
 8004616:	602e      	str	r6, [r5, #0]
		break;
 8004618:	e7eb      	b.n	80045f2 <stm32_clock_control_get_subsys_rate+0x82>
		*rate = apb1_clock;
 800461a:	602f      	str	r7, [r5, #0]
		break;
 800461c:	e7e9      	b.n	80045f2 <stm32_clock_control_get_subsys_rate+0x82>
		*rate = apb2_clock;
 800461e:	6028      	str	r0, [r5, #0]
		break;
 8004620:	e7e7      	b.n	80045f2 <stm32_clock_control_get_subsys_rate+0x82>
		*rate = SystemCoreClock * STM32_CORE_PRESCALER;
 8004622:	602e      	str	r6, [r5, #0]
		break;
 8004624:	e7e5      	b.n	80045f2 <stm32_clock_control_get_subsys_rate+0x82>
		*rate = get_pll_div_frequency(get_pllsrc_frequency(),
 8004626:	f000 f8cf 	bl	80047c8 <get_pllsrc_frequency>
 800462a:	2304      	movs	r3, #4
 800462c:	f44f 72a8 	mov.w	r2, #336	@ 0x150
 8004630:	2108      	movs	r1, #8
 8004632:	f004 fc4e 	bl	8008ed2 <get_pll_div_frequency>
 8004636:	6028      	str	r0, [r5, #0]
		break;
 8004638:	e7db      	b.n	80045f2 <stm32_clock_control_get_subsys_rate+0x82>
		*rate = get_pll_div_frequency(get_pllsrc_frequency(),
 800463a:	f000 f8c5 	bl	80047c8 <get_pllsrc_frequency>
 800463e:	2307      	movs	r3, #7
 8004640:	f44f 72a8 	mov.w	r2, #336	@ 0x150
 8004644:	2108      	movs	r1, #8
 8004646:	f004 fc44 	bl	8008ed2 <get_pll_div_frequency>
 800464a:	6028      	str	r0, [r5, #0]
		break;
 800464c:	e7d1      	b.n	80045f2 <stm32_clock_control_get_subsys_rate+0x82>
		*rate = STM32_LSE_FREQ;
 800464e:	2300      	movs	r3, #0
 8004650:	602b      	str	r3, [r5, #0]
		break;
 8004652:	e7ce      	b.n	80045f2 <stm32_clock_control_get_subsys_rate+0x82>
		*rate = STM32_LSI_FREQ;
 8004654:	f44f 43fa 	mov.w	r3, #32000	@ 0x7d00
 8004658:	602b      	str	r3, [r5, #0]
		break;
 800465a:	e7ca      	b.n	80045f2 <stm32_clock_control_get_subsys_rate+0x82>
		*rate = STM32_HSI_FREQ;
 800465c:	2300      	movs	r3, #0
 800465e:	602b      	str	r3, [r5, #0]
		break;
 8004660:	e7c7      	b.n	80045f2 <stm32_clock_control_get_subsys_rate+0x82>
		*rate = STM32_HSE_FREQ;
 8004662:	4b08      	ldr	r3, [pc, #32]	@ (8004684 <stm32_clock_control_get_subsys_rate+0x114>)
 8004664:	602b      	str	r3, [r5, #0]
		break;
 8004666:	e7c4      	b.n	80045f2 <stm32_clock_control_get_subsys_rate+0x82>
		*rate = STM32_APB1_PRESCALER <= 2 ? ahb_clock : apb1_clock * 2;
 8004668:	602e      	str	r6, [r5, #0]
		break;
 800466a:	e7c2      	b.n	80045f2 <stm32_clock_control_get_subsys_rate+0x82>
		*rate = STM32_APB2_PRESCALER <= 2 ? ahb_clock : apb2_clock * 2;
 800466c:	602e      	str	r6, [r5, #0]
		break;
 800466e:	e7c0      	b.n	80045f2 <stm32_clock_control_get_subsys_rate+0x82>
	switch (pclken->bus) {
 8004670:	f06f 0085 	mvn.w	r0, #133	@ 0x85
 8004674:	e001      	b.n	800467a <stm32_clock_control_get_subsys_rate+0x10a>
 8004676:	f06f 0085 	mvn.w	r0, #133	@ 0x85
}
 800467a:	bdf8      	pop	{r3, r4, r5, r6, r7, pc}
	return 0;
 800467c:	2000      	movs	r0, #0
 800467e:	e7fc      	b.n	800467a <stm32_clock_control_get_subsys_rate+0x10a>
 8004680:	20000108 	.word	0x20000108
 8004684:	007a1200 	.word	0x007a1200

08004688 <set_up_plls>:
{
 8004688:	b508      	push	{r3, lr}
  return (uint32_t)(READ_BIT(RCC->CFGR, RCC_CFGR_SWS));
 800468a:	4b1b      	ldr	r3, [pc, #108]	@ (80046f8 <set_up_plls+0x70>)
 800468c:	689b      	ldr	r3, [r3, #8]
 800468e:	f003 030c 	and.w	r3, r3, #12
	if (LL_RCC_GetSysClkSource() == LL_RCC_SYS_CLKSOURCE_STATUS_PLL) {
 8004692:	2b08      	cmp	r3, #8
 8004694:	d027      	beq.n	80046e6 <set_up_plls+0x5e>
  * @rmtoll CR           PLLON         LL_RCC_PLL_Disable
  * @retval None
  */
__STATIC_INLINE void LL_RCC_PLL_Disable(void)
{
  CLEAR_BIT(RCC->CR, RCC_CR_PLLON);
 8004696:	4a18      	ldr	r2, [pc, #96]	@ (80046f8 <set_up_plls+0x70>)
 8004698:	6813      	ldr	r3, [r2, #0]
 800469a:	f023 7380 	bic.w	r3, r3, #16777216	@ 0x1000000
 800469e:	6013      	str	r3, [r2, #0]
  * @rmtoll CR           PLLRDY        LL_RCC_PLL_IsReady
  * @retval State of bit (1 or 0).
  */
__STATIC_INLINE uint32_t LL_RCC_PLL_IsReady(void)
{
  return (READ_BIT(RCC->CR, RCC_CR_PLLRDY) == (RCC_CR_PLLRDY));
 80046a0:	4b15      	ldr	r3, [pc, #84]	@ (80046f8 <set_up_plls+0x70>)
 80046a2:	681b      	ldr	r3, [r3, #0]
	while (LL_RCC_PLL_IsReady() != 0U) {
 80046a4:	f013 7f00 	tst.w	r3, #33554432	@ 0x2000000
 80046a8:	d1fa      	bne.n	80046a0 <set_up_plls+0x18>
	*(volatile uint16_t *)addr = data;
}

static ALWAYS_INLINE uint32_t sys_read32(mem_addr_t addr)
{
	return *(volatile uint32_t *)addr;
 80046aa:	4a14      	ldr	r2, [pc, #80]	@ (80046fc <set_up_plls+0x74>)
 80046ac:	f8d2 3804 	ldr.w	r3, [r2, #2052]	@ 0x804
}

static ALWAYS_INLINE void stm32_reg_modify_bits(volatile uint32_t *addr, uint32_t mask,
						uint32_t value)
{
	stm32_reg_write(addr, (stm32_reg_read(addr) & ~mask) | value);
 80046b0:	f423 3340 	bic.w	r3, r3, #196608	@ 0x30000
 80046b4:	f443 3380 	orr.w	r3, r3, #65536	@ 0x10000
}

static ALWAYS_INLINE void sys_write32(uint32_t data, mem_addr_t addr)
{
	*(volatile uint32_t *)addr = data;
 80046b8:	f8c2 3804 	str.w	r3, [r2, #2052]	@ 0x804
	return *(volatile uint32_t *)addr;
 80046bc:	f8d2 3804 	ldr.w	r3, [r2, #2052]	@ 0x804
 80046c0:	f023 6370 	bic.w	r3, r3, #251658240	@ 0xf000000
 80046c4:	f043 63e0 	orr.w	r3, r3, #117440512	@ 0x7000000
	*(volatile uint32_t *)addr = data;
 80046c8:	f8c2 3804 	str.w	r3, [r2, #2052]	@ 0x804
	config_pll_sysclock();
 80046cc:	f000 f880 	bl	80047d0 <config_pll_sysclock>
  SET_BIT(RCC->CR, RCC_CR_PLLON);
 80046d0:	4a09      	ldr	r2, [pc, #36]	@ (80046f8 <set_up_plls+0x70>)
 80046d2:	6813      	ldr	r3, [r2, #0]
 80046d4:	f043 7380 	orr.w	r3, r3, #16777216	@ 0x1000000
 80046d8:	6013      	str	r3, [r2, #0]
  return (READ_BIT(RCC->CR, RCC_CR_PLLRDY) == (RCC_CR_PLLRDY));
 80046da:	4b07      	ldr	r3, [pc, #28]	@ (80046f8 <set_up_plls+0x70>)
 80046dc:	681b      	ldr	r3, [r3, #0]
	while (LL_RCC_PLL_IsReady() != 1U) {
 80046de:	f013 7f00 	tst.w	r3, #33554432	@ 0x2000000
 80046e2:	d0fa      	beq.n	80046da <set_up_plls+0x52>
}
 80046e4:	bd08      	pop	{r3, pc}
		stm32_clock_switch_to_hsi();
 80046e6:	f7ff ff0b 	bl	8004500 <stm32_clock_switch_to_hsi>
  MODIFY_REG(RCC->CFGR, RCC_CFGR_HPRE, Prescaler);
 80046ea:	4a03      	ldr	r2, [pc, #12]	@ (80046f8 <set_up_plls+0x70>)
 80046ec:	6893      	ldr	r3, [r2, #8]
 80046ee:	f023 03f0 	bic.w	r3, r3, #240	@ 0xf0
 80046f2:	6093      	str	r3, [r2, #8]
}
 80046f4:	e7cf      	b.n	8004696 <set_up_plls+0xe>
 80046f6:	bf00      	nop
 80046f8:	40023800 	.word	0x40023800
 80046fc:	40023000 	.word	0x40023000

08004700 <enabled_clock>:
	switch (src_clk) {
 8004700:	2816      	cmp	r0, #22
 8004702:	d806      	bhi.n	8004712 <enabled_clock+0x12>
 8004704:	4b06      	ldr	r3, [pc, #24]	@ (8004720 <enabled_clock+0x20>)
 8004706:	40c3      	lsrs	r3, r0
 8004708:	f013 0f01 	tst.w	r3, #1
 800470c:	d004      	beq.n	8004718 <enabled_clock+0x18>
	int r = 0;
 800470e:	2000      	movs	r0, #0
 8004710:	4770      	bx	lr
	switch (src_clk) {
 8004712:	f06f 0085 	mvn.w	r0, #133	@ 0x85
 8004716:	4770      	bx	lr
 8004718:	f06f 0085 	mvn.w	r0, #133	@ 0x85
}
 800471c:	4770      	bx	lr
 800471e:	bf00      	nop
 8004720:	006000ea 	.word	0x006000ea

08004724 <stm32_clock_control_init>:
 * @param dev clock device struct
 *
 * @return 0
 */
int stm32_clock_control_init(const struct device *dev)
{
 8004724:	b538      	push	{r3, r4, r5, lr}
	ARG_UNUSED(dev);

	/* Some clocks would be activated by default */
	config_enable_default_clocks();
 8004726:	f000 f877 	bl	8004818 <config_enable_default_clocks>
	config_regulator_voltage(CONFIG_SYS_CLOCK_HW_CYCLES_PER_SEC);
 800472a:	4c23      	ldr	r4, [pc, #140]	@ (80047b8 <stm32_clock_control_init+0x94>)
 800472c:	4620      	mov	r0, r4
 800472e:	f004 fc54 	bl	8008fda <config_regulator_voltage>

#if defined(FLASH_ACR_LATENCY)
	uint32_t old_flash_freq;
	uint32_t new_flash_freq;

	old_flash_freq = RCC_CALC_FLASH_FREQ(HAL_RCC_GetSysClockFreq(),
 8004732:	f000 fc55 	bl	8004fe0 <HAL_RCC_GetSysClockFreq>
  return (uint32_t)(READ_BIT(RCC->CFGR, RCC_CFGR_HPRE));
 8004736:	4b21      	ldr	r3, [pc, #132]	@ (80047bc <stm32_clock_control_init+0x98>)
 8004738:	689b      	ldr	r3, [r3, #8]
 800473a:	f3c3 1303 	ubfx	r3, r3, #4, #4
 800473e:	4a20      	ldr	r2, [pc, #128]	@ (80047c0 <stm32_clock_control_init+0x9c>)
 8004740:	5cd3      	ldrb	r3, [r2, r3]
 8004742:	fa20 f503 	lsr.w	r5, r0, r3
					       GET_CURRENT_FLASH_PRESCALER());

	new_flash_freq = RCC_CALC_FLASH_FREQ(CONFIG_SYS_CLOCK_HW_CYCLES_PER_SEC,
 8004746:	7813      	ldrb	r3, [r2, #0]
 8004748:	411c      	asrs	r4, r3
				      STM32_FLASH_PRESCALER);

	/* If HCLK increases, set flash latency before any clock setting */
	if (old_flash_freq < new_flash_freq) {
 800474a:	42a5      	cmp	r5, r4
 800474c:	d32c      	bcc.n	80047a8 <stm32_clock_control_init+0x84>
		LL_SetFlashLatency(new_flash_freq);
	}
#endif /* FLASH_ACR_LATENCY */

	/* Set up individual enabled clocks */
	set_up_fixed_clock_sources();
 800474e:	f7ff fef3 	bl	8004538 <set_up_fixed_clock_sources>

	/* Set up PLLs */
	set_up_plls();
 8004752:	f7ff ff99 	bl	8004688 <set_up_plls>
  MODIFY_REG(RCC->CFGR, RCC_CFGR_HPRE, Prescaler);
 8004756:	4a19      	ldr	r2, [pc, #100]	@ (80047bc <stm32_clock_control_init+0x98>)
 8004758:	6893      	ldr	r3, [r2, #8]
 800475a:	f023 03f0 	bic.w	r3, r3, #240	@ 0xf0
 800475e:	6093      	str	r3, [r2, #8]
  MODIFY_REG(RCC->CFGR, RCC_CFGR_SW, Source);
 8004760:	6893      	ldr	r3, [r2, #8]
 8004762:	f023 0303 	bic.w	r3, r3, #3
 8004766:	f043 0302 	orr.w	r3, r3, #2
 800476a:	6093      	str	r3, [r2, #8]
  return (uint32_t)(READ_BIT(RCC->CFGR, RCC_CFGR_SWS));
 800476c:	4b13      	ldr	r3, [pc, #76]	@ (80047bc <stm32_clock_control_init+0x98>)
 800476e:	689b      	ldr	r3, [r3, #8]
 8004770:	f003 030c 	and.w	r3, r3, #12
	}

#if STM32_SYSCLK_SRC_PLL
	/* Set PLL as System Clock Source */
	LL_RCC_SetSysClkSource(LL_RCC_SYS_CLKSOURCE_PLL);
	while (LL_RCC_GetSysClkSource() != LL_RCC_SYS_CLKSOURCE_STATUS_PLL) {
 8004774:	2b08      	cmp	r3, #8
 8004776:	d1f9      	bne.n	800476c <stm32_clock_control_init+0x48>
		LL_RCC_SetAHBPrescaler(ahb_prescaler(STM32_CORE_PRESCALER));
	}

#if defined(FLASH_ACR_LATENCY)
	/* If HCLK not increased, set flash latency after all clock setting */
	if (old_flash_freq >= new_flash_freq) {
 8004778:	42a5      	cmp	r5, r4
 800477a:	d219      	bcs.n	80047b0 <stm32_clock_control_init+0x8c>
		LL_SetFlashLatency(new_flash_freq);
	}
#endif /* FLASH_ACR_LATENCY */

	SystemCoreClock = CONFIG_SYS_CLOCK_HW_CYCLES_PER_SEC;
 800477c:	4b11      	ldr	r3, [pc, #68]	@ (80047c4 <stm32_clock_control_init+0xa0>)
 800477e:	4a0e      	ldr	r2, [pc, #56]	@ (80047b8 <stm32_clock_control_init+0x94>)
 8004780:	601a      	str	r2, [r3, #0]
  MODIFY_REG(RCC->CFGR, RCC_CFGR_PPRE1, Prescaler);
 8004782:	4b0e      	ldr	r3, [pc, #56]	@ (80047bc <stm32_clock_control_init+0x98>)
 8004784:	689a      	ldr	r2, [r3, #8]
 8004786:	f422 52e0 	bic.w	r2, r2, #7168	@ 0x1c00
 800478a:	f442 5280 	orr.w	r2, r2, #4096	@ 0x1000
 800478e:	609a      	str	r2, [r3, #8]
  MODIFY_REG(RCC->CFGR, RCC_CFGR_PPRE2, Prescaler);
 8004790:	689a      	ldr	r2, [r3, #8]
 8004792:	f422 4260 	bic.w	r2, r2, #57344	@ 0xe000
 8004796:	609a      	str	r2, [r3, #8]
  MODIFY_REG(RCC->DCKCFGR, RCC_DCKCFGR_TIMPRE, Prescaler);
 8004798:	f8d3 208c 	ldr.w	r2, [r3, #140]	@ 0x8c
 800479c:	f022 7280 	bic.w	r2, r2, #16777216	@ 0x1000000
 80047a0:	f8c3 208c 	str.w	r2, [r3, #140]	@ 0x8c
		LL_RCC_SetTIMPrescaler(LL_RCC_TIM_PRESCALER_TWICE);
	}
#endif

	return 0;
}
 80047a4:	2000      	movs	r0, #0
 80047a6:	bd38      	pop	{r3, r4, r5, pc}
		LL_SetFlashLatency(new_flash_freq);
 80047a8:	4620      	mov	r0, r4
 80047aa:	f000 fc87 	bl	80050bc <LL_SetFlashLatency>
 80047ae:	e7ce      	b.n	800474e <stm32_clock_control_init+0x2a>
		LL_SetFlashLatency(new_flash_freq);
 80047b0:	4620      	mov	r0, r4
 80047b2:	f000 fc83 	bl	80050bc <LL_SetFlashLatency>
 80047b6:	e7e1      	b.n	800477c <stm32_clock_control_init+0x58>
 80047b8:	0501bd00 	.word	0x0501bd00
 80047bc:	40023800 	.word	0x40023800
 80047c0:	0800b85c 	.word	0x0800b85c
 80047c4:	20000108 	.word	0x20000108

080047c8 <get_pllsrc_frequency>:
		return STM32_HSE_FREQ;
	}

	__ASSERT(0, "Invalid source");
	return 0;
}
 80047c8:	4800      	ldr	r0, [pc, #0]	@ (80047cc <get_pllsrc_frequency+0x4>)
 80047ca:	4770      	bx	lr
 80047cc:	007a1200 	.word	0x007a1200

080047d0 <config_pll_sysclock>:

/**
 * @brief Set up pll configuration
 */
void config_pll_sysclock(void)
{
 80047d0:	b508      	push	{r3, lr}
#if STM32_PLL_P_ENABLED
	/* All STM32F2x, F4x and F7x */
	LL_RCC_PLL_ConfigDomain_SYS(get_pll_source(),
 80047d2:	f004 fc03 	bl	8008fdc <get_pll_source>
  *         (*) value not defined in all devices.
  * @retval None
  */
__STATIC_INLINE void LL_RCC_PLL_ConfigDomain_SYS(uint32_t Source, uint32_t PLLM, uint32_t PLLN, uint32_t PLLP_R)
{
  MODIFY_REG(RCC->PLLCFGR, RCC_PLLCFGR_PLLSRC | RCC_PLLCFGR_PLLM | RCC_PLLCFGR_PLLN,
 80047d6:	4b0c      	ldr	r3, [pc, #48]	@ (8004808 <config_pll_sysclock+0x38>)
 80047d8:	6859      	ldr	r1, [r3, #4]
 80047da:	4a0c      	ldr	r2, [pc, #48]	@ (800480c <config_pll_sysclock+0x3c>)
 80047dc:	400a      	ands	r2, r1
 80047de:	f440 41a8 	orr.w	r1, r0, #21504	@ 0x5400
 80047e2:	f041 0108 	orr.w	r1, r1, #8
 80047e6:	430a      	orrs	r2, r1
 80047e8:	605a      	str	r2, [r3, #4]
             Source | PLLM | PLLN << RCC_PLLCFGR_PLLN_Pos);
  MODIFY_REG(RCC->PLLCFGR, RCC_PLLCFGR_PLLP, PLLP_R);
 80047ea:	685a      	ldr	r2, [r3, #4]
 80047ec:	f422 3240 	bic.w	r2, r2, #196608	@ 0x30000
 80047f0:	f442 3280 	orr.w	r2, r2, #65536	@ 0x10000
 80047f4:	605a      	str	r2, [r3, #4]
  *         @arg @ref LL_RCC_PLLQ_DIV_15
  * @retval None
  */
__STATIC_INLINE void LL_RCC_PLL_ConfigDomain_48M(uint32_t Source, uint32_t PLLM, uint32_t PLLN, uint32_t PLLQ)
{
  MODIFY_REG(RCC->PLLCFGR, RCC_PLLCFGR_PLLSRC | RCC_PLLCFGR_PLLM | RCC_PLLCFGR_PLLN | RCC_PLLCFGR_PLLQ,
 80047f6:	6859      	ldr	r1, [r3, #4]
 80047f8:	4a05      	ldr	r2, [pc, #20]	@ (8004810 <config_pll_sysclock+0x40>)
 80047fa:	400a      	ands	r2, r1
 80047fc:	4905      	ldr	r1, [pc, #20]	@ (8004814 <config_pll_sysclock+0x44>)
 80047fe:	4301      	orrs	r1, r0
 8004800:	430a      	orrs	r2, r1
 8004802:	605a      	str	r2, [r3, #4]
		 * for the overdrive function. The caller will try to turn on the PLL
		 * And start waiting for the PLL locking phase to complete.
		 */
	}
#endif /* CONFIG_SOC_SERIES_STM32F7X */
}
 8004804:	bd08      	pop	{r3, pc}
 8004806:	bf00      	nop
 8004808:	40023800 	.word	0x40023800
 800480c:	ffbf8000 	.word	0xffbf8000
 8004810:	f0bf8000 	.word	0xf0bf8000
 8004814:	07005408 	.word	0x07005408

08004818 <config_enable_default_clocks>:

/**
 * @brief Activate default clocks
 */
void config_enable_default_clocks(void)
{
 8004818:	b082      	sub	sp, #8
  * @retval None
  */
__STATIC_INLINE void LL_APB1_GRP1_EnableClock(uint32_t Periphs)
{
  __IO uint32_t tmpreg;
  SET_BIT(RCC->APB1ENR, Periphs);
 800481a:	4b06      	ldr	r3, [pc, #24]	@ (8004834 <config_enable_default_clocks+0x1c>)
 800481c:	6c1a      	ldr	r2, [r3, #64]	@ 0x40
 800481e:	f042 5280 	orr.w	r2, r2, #268435456	@ 0x10000000
 8004822:	641a      	str	r2, [r3, #64]	@ 0x40
  /* Delay after an RCC peripheral clock enabling */
  tmpreg = READ_BIT(RCC->APB1ENR, Periphs);
 8004824:	6c1b      	ldr	r3, [r3, #64]	@ 0x40
 8004826:	f003 5380 	and.w	r3, r3, #268435456	@ 0x10000000
 800482a:	9301      	str	r3, [sp, #4]
  (void)tmpreg;
 800482c:	9b01      	ldr	r3, [sp, #4]
	/* Power Interface clock enabled by default */
	LL_APB1_GRP1_EnableClock(LL_APB1_GRP1_PERIPH_PWR);
}
 800482e:	b002      	add	sp, #8
 8004830:	4770      	bx	lr
 8004832:	bf00      	nop
 8004834:	40023800 	.word	0x40023800

08004838 <console_out>:
 *
 * @return The character passed as input.
 */

static int console_out(int c)
{
 8004838:	b510      	push	{r4, lr}
 800483a:	4604      	mov	r4, r0
		 * function MUST return the byte output.
		 */
		return c;
	}

	if ('\n' == c) {
 800483c:	280a      	cmp	r0, #10
 800483e:	d006      	beq.n	800484e <console_out+0x16>
		uart_poll_out(uart_console_dev, '\r');
	}
	uart_poll_out(uart_console_dev, c);
 8004840:	b2e1      	uxtb	r1, r4
	const struct uart_driver_api *api = (const struct uart_driver_api *)dev->api;
 8004842:	4806      	ldr	r0, [pc, #24]	@ (800485c <console_out+0x24>)
 8004844:	6883      	ldr	r3, [r0, #8]
	api->poll_out(dev, out_char);
 8004846:	685b      	ldr	r3, [r3, #4]
 8004848:	4798      	blx	r3
	 * As errors cannot be returned, ignore the return value
	 */
	(void)pm_device_runtime_put_async(uart_console_dev, K_MSEC(1));

	return c;
}
 800484a:	4620      	mov	r0, r4
 800484c:	bd10      	pop	{r4, pc}
	const struct uart_driver_api *api = (const struct uart_driver_api *)dev->api;
 800484e:	4803      	ldr	r0, [pc, #12]	@ (800485c <console_out+0x24>)
 8004850:	6883      	ldr	r3, [r0, #8]
	api->poll_out(dev, out_char);
 8004852:	685b      	ldr	r3, [r3, #4]
 8004854:	210d      	movs	r1, #13
 8004856:	4798      	blx	r3
		return;
	}
#endif
	compiler_barrier();
	z_impl_uart_poll_out(dev, out_char);
}
 8004858:	e7f2      	b.n	8004840 <console_out+0x8>
 800485a:	bf00      	nop
 800485c:	08009f90 	.word	0x08009f90

08004860 <uart_console_hook_install>:
/**
 * @brief Install printk/stdout hook for UART console output
 */

static void uart_console_hook_install(void)
{
 8004860:	b510      	push	{r4, lr}
#if defined(CONFIG_STDOUT_CONSOLE)
	__stdout_hook_install(console_out);
 8004862:	4c04      	ldr	r4, [pc, #16]	@ (8004874 <uart_console_hook_install+0x14>)
 8004864:	4620      	mov	r0, r4
 8004866:	f7ff fa11 	bl	8003c8c <__stdout_hook_install>
#endif
#if defined(CONFIG_PRINTK)
	__printk_hook_install(console_out);
 800486a:	4620      	mov	r0, r4
 800486c:	f7fd fc38 	bl	80020e0 <__printk_hook_install>
#endif
}
 8004870:	bd10      	pop	{r4, pc}
 8004872:	bf00      	nop
 8004874:	08004839 	.word	0x08004839

08004878 <uart_console_init>:
 * @brief Initialize one UART as the console/debug port
 *
 * @return 0 if successful, otherwise failed.
 */
static int uart_console_init(void)
{
 8004878:	b508      	push	{r3, lr}
 800487a:	4805      	ldr	r0, [pc, #20]	@ (8004890 <uart_console_init+0x18>)
 800487c:	f004 ff4a 	bl	8009714 <z_impl_device_is_ready>
	if (!device_is_ready(uart_console_dev)) {
 8004880:	b118      	cbz	r0, 800488a <uart_console_init+0x12>
		return -ENODEV;
	}

	uart_console_hook_install();
 8004882:	f7ff ffed 	bl	8004860 <uart_console_hook_install>

	return 0;
 8004886:	2000      	movs	r0, #0
}
 8004888:	bd08      	pop	{r3, pc}
		return -ENODEV;
 800488a:	f06f 0012 	mvn.w	r0, #18
 800488e:	e7fb      	b.n	8004888 <uart_console_init+0x10>
 8004890:	08009f90 	.word	0x08009f90

08004894 <gpio_stm32_pin_interrupt_configure>:

static int gpio_stm32_pin_interrupt_configure(const struct device *dev,
					      gpio_pin_t pin,
					      enum gpio_int_mode mode,
					      enum gpio_int_trig trig)
{
 8004894:	e92d 43f8 	stmdb	sp!, {r3, r4, r5, r6, r7, r8, r9, lr}
 8004898:	4680      	mov	r8, r0
 800489a:	460f      	mov	r7, r1
 800489c:	4616      	mov	r6, r2
 800489e:	461c      	mov	r4, r3
	const struct gpio_stm32_config *cfg = dev->config;
 80048a0:	f8d0 9004 	ldr.w	r9, [r0, #4]
	const stm32_gpio_irq_line_t irq_line = stm32_gpio_intc_get_pin_irq_line(cfg->port, pin);
 80048a4:	f8d9 0008 	ldr.w	r0, [r9, #8]
 80048a8:	f004 f94f 	bl	8008b4a <stm32_gpio_intc_get_pin_irq_line>
		stm32_gpio_intc_enable_line(irq_line);
		goto exit;
	}
#endif /* CONFIG_GPIO_ENABLE_DISABLE_INTERRUPT */

	if (mode == GPIO_INT_MODE_DISABLED) {
 80048ac:	f5b6 1f00 	cmp.w	r6, #2097152	@ 0x200000
 80048b0:	d00e      	beq.n	80048d0 <gpio_stm32_pin_interrupt_configure+0x3c>
 80048b2:	4605      	mov	r5, r0
		gpio_stm32_disable_pin_irqs(cfg->port, pin);
		goto exit;
	}

	if (mode == GPIO_INT_MODE_LEVEL) {
 80048b4:	f5b6 0f80 	cmp.w	r6, #4194304	@ 0x400000
 80048b8:	d02a      	beq.n	8004910 <gpio_stm32_pin_interrupt_configure+0x7c>
				err = -EINVAL;
				goto exit;
			}
		}
	} else {
		switch (trig) {
 80048ba:	f1b4 6f80 	cmp.w	r4, #67108864	@ 0x4000000
 80048be:	d00e      	beq.n	80048de <gpio_stm32_pin_interrupt_configure+0x4a>
 80048c0:	f1b4 6fc0 	cmp.w	r4, #100663296	@ 0x6000000
 80048c4:	d00d      	beq.n	80048e2 <gpio_stm32_pin_interrupt_configure+0x4e>
 80048c6:	f1b4 7f00 	cmp.w	r4, #33554432	@ 0x2000000
 80048ca:	d124      	bne.n	8004916 <gpio_stm32_pin_interrupt_configure+0x82>
 80048cc:	2602      	movs	r6, #2
 80048ce:	e009      	b.n	80048e4 <gpio_stm32_pin_interrupt_configure+0x50>
		gpio_stm32_disable_pin_irqs(cfg->port, pin);
 80048d0:	4639      	mov	r1, r7
 80048d2:	f8d9 0008 	ldr.w	r0, [r9, #8]
 80048d6:	f004 fc55 	bl	8009184 <gpio_stm32_disable_pin_irqs>
	int err = 0;
 80048da:	2400      	movs	r4, #0
		goto exit;
 80048dc:	e015      	b.n	800490a <gpio_stm32_pin_interrupt_configure+0x76>
		case GPIO_INT_TRIG_LOW:
			irq_trigger = STM32_GPIO_IRQ_TRIG_FALLING;
			break;
		case GPIO_INT_TRIG_HIGH:
			irq_trigger = STM32_GPIO_IRQ_TRIG_RISING;
 80048de:	2601      	movs	r6, #1
 80048e0:	e000      	b.n	80048e4 <gpio_stm32_pin_interrupt_configure+0x50>
			break;
		case GPIO_INT_TRIG_BOTH:
			irq_trigger = STM32_GPIO_IRQ_TRIG_BOTH;
 80048e2:	2603      	movs	r6, #3
			err = -EINVAL;
			goto exit;
		}
	}

	if (stm32_gpio_intc_set_irq_callback(irq_line, gpio_stm32_isr, (void *)dev) != 0) {
 80048e4:	4642      	mov	r2, r8
 80048e6:	490f      	ldr	r1, [pc, #60]	@ (8004924 <gpio_stm32_pin_interrupt_configure+0x90>)
 80048e8:	4628      	mov	r0, r5
 80048ea:	f7ff faef 	bl	8003ecc <stm32_gpio_intc_set_irq_callback>
 80048ee:	4604      	mov	r4, r0
 80048f0:	b9a0      	cbnz	r0, 800491c <gpio_stm32_pin_interrupt_configure+0x88>
		err = -EBUSY;
		goto exit;
	}

#if defined(CONFIG_EXTI_STM32)
	stm32_exti_set_line_src_port(pin, cfg->port);
 80048f2:	f8d9 1008 	ldr.w	r1, [r9, #8]
 80048f6:	4638      	mov	r0, r7
 80048f8:	f004 f92c 	bl	8008b54 <stm32_exti_set_line_src_port>
#endif

	stm32_gpio_intc_select_line_trigger(irq_line, irq_trigger);
 80048fc:	4631      	mov	r1, r6
 80048fe:	4628      	mov	r0, r5
 8004900:	f7ff fab8 	bl	8003e74 <stm32_gpio_intc_select_line_trigger>

	stm32_gpio_intc_enable_line(irq_line);
 8004904:	4628      	mov	r0, r5
 8004906:	f7ff fa95 	bl	8003e34 <stm32_gpio_intc_enable_line>

exit:
	return err;
}
 800490a:	4620      	mov	r0, r4
 800490c:	e8bd 83f8 	ldmia.w	sp!, {r3, r4, r5, r6, r7, r8, r9, pc}
			err = -ENOTSUP;
 8004910:	f06f 0485 	mvn.w	r4, #133	@ 0x85
 8004914:	e7f9      	b.n	800490a <gpio_stm32_pin_interrupt_configure+0x76>
		switch (trig) {
 8004916:	f06f 0415 	mvn.w	r4, #21
 800491a:	e7f6      	b.n	800490a <gpio_stm32_pin_interrupt_configure+0x76>
		err = -EBUSY;
 800491c:	f06f 040f 	mvn.w	r4, #15
	return err;
 8004920:	e7f3      	b.n	800490a <gpio_stm32_pin_interrupt_configure+0x76>
 8004922:	bf00      	nop
 8004924:	080090a7 	.word	0x080090a7

08004928 <LL_USART_SetBaudRate>:
  * @param  BaudRate Baud Rate
  * @retval None
  */
__STATIC_INLINE void LL_USART_SetBaudRate(USART_TypeDef *USARTx, uint32_t PeriphClk, uint32_t OverSampling,
                                          uint32_t BaudRate)
{
 8004928:	b510      	push	{r4, lr}
 800492a:	4604      	mov	r4, r0
  if (OverSampling == LL_USART_OVERSAMPLING_8)
 800492c:	f5b2 4f00 	cmp.w	r2, #32768	@ 0x8000
 8004930:	d02f      	beq.n	8004992 <LL_USART_SetBaudRate+0x6a>
  {
    USARTx->BRR = (uint16_t)(__LL_USART_DIV_SAMPLING8(PeriphClk, BaudRate));
  }
  else
  {
    USARTx->BRR = (uint16_t)(__LL_USART_DIV_SAMPLING16(PeriphClk, BaudRate));
 8004932:	f04f 0c00 	mov.w	ip, #0
 8004936:	1848      	adds	r0, r1, r1
 8004938:	eb4c 0c0c 	adc.w	ip, ip, ip
 800493c:	1840      	adds	r0, r0, r1
 800493e:	f14c 0c00 	adc.w	ip, ip, #0
 8004942:	ea4f 0ccc 	mov.w	ip, ip, lsl #3
 8004946:	ea4c 7c50 	orr.w	ip, ip, r0, lsr #29
 800494a:	00c0      	lsls	r0, r0, #3
 800494c:	1840      	adds	r0, r0, r1
 800494e:	ea4f 0283 	mov.w	r2, r3, lsl #2
 8004952:	ea4f 7393 	mov.w	r3, r3, lsr #30
 8004956:	f14c 0100 	adc.w	r1, ip, #0
 800495a:	f7fb fd67 	bl	800042c <__aeabi_uldivmod>
 800495e:	4924      	ldr	r1, [pc, #144]	@ (80049f0 <LL_USART_SetBaudRate+0xc8>)
 8004960:	fba1 2300 	umull	r2, r3, r1, r0
 8004964:	095b      	lsrs	r3, r3, #5
 8004966:	011a      	lsls	r2, r3, #4
 8004968:	b292      	uxth	r2, r2
 800496a:	f04f 0c64 	mov.w	ip, #100	@ 0x64
 800496e:	fb0c 0313 	mls	r3, ip, r3, r0
 8004972:	011b      	lsls	r3, r3, #4
 8004974:	3332      	adds	r3, #50	@ 0x32
 8004976:	fba1 1303 	umull	r1, r3, r1, r3
 800497a:	f3c3 134f 	ubfx	r3, r3, #5, #16
 800497e:	f003 01f0 	and.w	r1, r3, #240	@ 0xf0
 8004982:	440a      	add	r2, r1
 8004984:	b292      	uxth	r2, r2
 8004986:	f003 030f 	and.w	r3, r3, #15
 800498a:	4413      	add	r3, r2
 800498c:	b29b      	uxth	r3, r3
 800498e:	60a3      	str	r3, [r4, #8]
  }
}
 8004990:	bd10      	pop	{r4, pc}
    USARTx->BRR = (uint16_t)(__LL_USART_DIV_SAMPLING8(PeriphClk, BaudRate));
 8004992:	f04f 0c00 	mov.w	ip, #0
 8004996:	1848      	adds	r0, r1, r1
 8004998:	eb4c 020c 	adc.w	r2, ip, ip
 800499c:	1840      	adds	r0, r0, r1
 800499e:	f142 0200 	adc.w	r2, r2, #0
 80049a2:	00d2      	lsls	r2, r2, #3
 80049a4:	ea42 7250 	orr.w	r2, r2, r0, lsr #29
 80049a8:	00c0      	lsls	r0, r0, #3
 80049aa:	1840      	adds	r0, r0, r1
 80049ac:	f142 0100 	adc.w	r1, r2, #0
 80049b0:	18da      	adds	r2, r3, r3
 80049b2:	eb4c 030c 	adc.w	r3, ip, ip
 80049b6:	f7fb fd39 	bl	800042c <__aeabi_uldivmod>
 80049ba:	490d      	ldr	r1, [pc, #52]	@ (80049f0 <LL_USART_SetBaudRate+0xc8>)
 80049bc:	fba1 2300 	umull	r2, r3, r1, r0
 80049c0:	095b      	lsrs	r3, r3, #5
 80049c2:	011a      	lsls	r2, r3, #4
 80049c4:	b292      	uxth	r2, r2
 80049c6:	f04f 0c64 	mov.w	ip, #100	@ 0x64
 80049ca:	fb0c 0313 	mls	r3, ip, r3, r0
 80049ce:	00db      	lsls	r3, r3, #3
 80049d0:	3332      	adds	r3, #50	@ 0x32
 80049d2:	fba1 1303 	umull	r1, r3, r1, r3
 80049d6:	f3c3 134f 	ubfx	r3, r3, #5, #16
 80049da:	0059      	lsls	r1, r3, #1
 80049dc:	f401 71f8 	and.w	r1, r1, #496	@ 0x1f0
 80049e0:	440a      	add	r2, r1
 80049e2:	b292      	uxth	r2, r2
 80049e4:	f003 0307 	and.w	r3, r3, #7
 80049e8:	4413      	add	r3, r2
 80049ea:	b29b      	uxth	r3, r3
 80049ec:	60a3      	str	r3, [r4, #8]
 80049ee:	e7cf      	b.n	8004990 <LL_USART_SetBaudRate+0x68>
 80049f0:	51eb851f 	.word	0x51eb851f

080049f4 <uart_stm32_poll_in>:
{
	LL_USART_TransmitData8(usart, (uint8_t)out);
}

static int uart_stm32_poll_in(const struct device *dev, unsigned char *c)
{
 80049f4:	b508      	push	{r3, lr}
	return uart_stm32_poll_in_visitor(dev, (void *)c, poll_in_u8);
 80049f6:	4a02      	ldr	r2, [pc, #8]	@ (8004a00 <uart_stm32_poll_in+0xc>)
 80049f8:	f004 fd19 	bl	800942e <uart_stm32_poll_in_visitor>
}
 80049fc:	bd08      	pop	{r3, pc}
 80049fe:	bf00      	nop
 8004a00:	0800949d 	.word	0x0800949d

08004a04 <uart_stm32_poll_out>:

static void uart_stm32_poll_out(const struct device *dev, unsigned char c)
{
 8004a04:	b508      	push	{r3, lr}
	uart_stm32_poll_out_visitor(dev, c, poll_out_u8);
 8004a06:	4a02      	ldr	r2, [pc, #8]	@ (8004a10 <uart_stm32_poll_out+0xc>)
 8004a08:	f004 fd2b 	bl	8009462 <uart_stm32_poll_out_visitor>
}
 8004a0c:	bd08      	pop	{r3, pc}
 8004a0e:	bf00      	nop
 8004a10:	080094a3 	.word	0x080094a3

08004a14 <uart_stm32_clocks_enable>:
#endif
#endif /* CONFIG_UART_ASYNC_API */
};

static int uart_stm32_clocks_enable(const struct device *dev)
{
 8004a14:	b510      	push	{r4, lr}
	const struct uart_stm32_config *config = dev->config;
 8004a16:	6843      	ldr	r3, [r0, #4]
	int err;

	/* enable clock */
	err = clock_control_on(config->clock, (clock_control_subsys_t)&config->pclken[0]);
 8004a18:	6858      	ldr	r0, [r3, #4]
 8004a1a:	6919      	ldr	r1, [r3, #16]
	const struct clock_control_driver_api *api =
 8004a1c:	6883      	ldr	r3, [r0, #8]
	if (api->on == NULL) {
 8004a1e:	681b      	ldr	r3, [r3, #0]
 8004a20:	b123      	cbz	r3, 8004a2c <uart_stm32_clocks_enable+0x18>
	return api->on(dev, sys);
 8004a22:	4798      	blx	r3
	if (err != 0) {
 8004a24:	4604      	mov	r4, r0
 8004a26:	b918      	cbnz	r0, 8004a30 <uart_stm32_clocks_enable+0x1c>
			return err;
		}
	}

	return 0;
}
 8004a28:	4620      	mov	r0, r4
 8004a2a:	bd10      	pop	{r4, pc}
		return -ENOSYS;
 8004a2c:	f06f 0457 	mvn.w	r4, #87	@ 0x57
 8004a30:	4a02      	ldr	r2, [pc, #8]	@ (8004a3c <uart_stm32_clocks_enable+0x28>)
 8004a32:	2101      	movs	r1, #1
 8004a34:	4802      	ldr	r0, [pc, #8]	@ (8004a40 <uart_stm32_clocks_enable+0x2c>)
 8004a36:	f003 fd85 	bl	8008544 <z_impl_z_log_msg_simple_create_0>
		return err;
 8004a3a:	e7f5      	b.n	8004a28 <uart_stm32_clocks_enable+0x14>
 8004a3c:	0800b280 	.word	0x0800b280
 8004a40:	0800a42c 	.word	0x0800a42c

08004a44 <uart_stm32_set_baudrate>:
{
 8004a44:	e92d 41f0 	stmdb	sp!, {r4, r5, r6, r7, r8, lr}
 8004a48:	b084      	sub	sp, #16
 8004a4a:	af00      	add	r7, sp, #0
	const struct uart_stm32_config *config = dev->config;
 8004a4c:	6843      	ldr	r3, [r0, #4]
	USART_TypeDef *usart = config->usart;
 8004a4e:	f8d3 8000 	ldr.w	r8, [r3]
	if (baud_rate == 0) {
 8004a52:	2900      	cmp	r1, #0
 8004a54:	f000 80a8 	beq.w	8004ba8 <uart_stm32_set_baudrate+0x164>
 8004a58:	4605      	mov	r5, r0
 8004a5a:	460e      	mov	r6, r1
		int ret = clock_control_get_rate(config->clock,
 8004a5c:	6858      	ldr	r0, [r3, #4]
						 (clock_control_subsys_t)&config->pclken[0],
 8004a5e:	6919      	ldr	r1, [r3, #16]
	const struct clock_control_driver_api *api =
 8004a60:	6883      	ldr	r3, [r0, #8]
	if (api->get_rate == NULL) {
 8004a62:	68db      	ldr	r3, [r3, #12]
 8004a64:	2b00      	cmp	r3, #0
 8004a66:	d03f      	beq.n	8004ae8 <uart_stm32_set_baudrate+0xa4>
	return api->get_rate(dev, sys, rate);
 8004a68:	f107 020c 	add.w	r2, r7, #12
 8004a6c:	4798      	blx	r3
		if (ret < 0) {
 8004a6e:	1e04      	subs	r4, r0, #0
 8004a70:	db3c      	blt.n	8004aec <uart_stm32_set_baudrate+0xa8>
  MODIFY_REG(USARTx->CR1, USART_CR1_OVER8, OverSampling);
 8004a72:	f8d8 300c 	ldr.w	r3, [r8, #12]
 8004a76:	f423 4300 	bic.w	r3, r3, #32768	@ 0x8000
 8004a7a:	f8c8 300c 	str.w	r3, [r8, #12]
		uint32_t usartdiv = STM32_USART_DIV_SAMPLING16(clock_rate,
 8004a7e:	68fc      	ldr	r4, [r7, #12]
 8004a80:	2100      	movs	r1, #0
 8004a82:	1920      	adds	r0, r4, r4
 8004a84:	4149      	adcs	r1, r1
 8004a86:	1900      	adds	r0, r0, r4
 8004a88:	f141 0100 	adc.w	r1, r1, #0
 8004a8c:	00c9      	lsls	r1, r1, #3
 8004a8e:	ea41 7150 	orr.w	r1, r1, r0, lsr #29
 8004a92:	00c0      	lsls	r0, r0, #3
 8004a94:	1900      	adds	r0, r0, r4
 8004a96:	ea4f 0286 	mov.w	r2, r6, lsl #2
 8004a9a:	ea4f 7396 	mov.w	r3, r6, lsr #30
 8004a9e:	f141 0100 	adc.w	r1, r1, #0
 8004aa2:	f7fb fcc3 	bl	800042c <__aeabi_uldivmod>
 8004aa6:	4a42      	ldr	r2, [pc, #264]	@ (8004bb0 <uart_stm32_set_baudrate+0x16c>)
 8004aa8:	fba2 3100 	umull	r3, r1, r2, r0
 8004aac:	0949      	lsrs	r1, r1, #5
 8004aae:	2364      	movs	r3, #100	@ 0x64
 8004ab0:	fb03 0311 	mls	r3, r3, r1, r0
 8004ab4:	011b      	lsls	r3, r3, #4
 8004ab6:	3332      	adds	r3, #50	@ 0x32
 8004ab8:	fba2 2303 	umull	r2, r3, r2, r3
 8004abc:	095b      	lsrs	r3, r3, #5
 8004abe:	f003 02f0 	and.w	r2, r3, #240	@ 0xf0
 8004ac2:	eb02 1201 	add.w	r2, r2, r1, lsl #4
 8004ac6:	f003 030f 	and.w	r3, r3, #15
 8004aca:	4413      	add	r3, r2
		if (usartdiv < 16) {
 8004acc:	2b0f      	cmp	r3, #15
 8004ace:	d913      	bls.n	8004af8 <uart_stm32_set_baudrate+0xb4>
		LL_USART_SetBaudRate(usart,
 8004ad0:	4633      	mov	r3, r6
 8004ad2:	2200      	movs	r2, #0
 8004ad4:	4621      	mov	r1, r4
 8004ad6:	4640      	mov	r0, r8
 8004ad8:	f7ff ff26 	bl	8004928 <LL_USART_SetBaudRate>
	return 0;
 8004adc:	2400      	movs	r4, #0
}
 8004ade:	4620      	mov	r0, r4
 8004ae0:	3710      	adds	r7, #16
 8004ae2:	46bd      	mov	sp, r7
 8004ae4:	e8bd 81f0 	ldmia.w	sp!, {r4, r5, r6, r7, r8, pc}
		return -ENOSYS;
 8004ae8:	f06f 0457 	mvn.w	r4, #87	@ 0x57
 8004aec:	4a31      	ldr	r2, [pc, #196]	@ (8004bb4 <uart_stm32_set_baudrate+0x170>)
 8004aee:	2101      	movs	r1, #1
 8004af0:	4831      	ldr	r0, [pc, #196]	@ (8004bb8 <uart_stm32_set_baudrate+0x174>)
 8004af2:	f003 fd27 	bl	8008544 <z_impl_z_log_msg_simple_create_0>
			return ret;
 8004af6:	e7f2      	b.n	8004ade <uart_stm32_set_baudrate+0x9a>
			LOG_ERR("Unable to set %s to %d", dev->name, baud_rate);
 8004af8:	6829      	ldr	r1, [r5, #0]
 8004afa:	466d      	mov	r5, sp
 8004afc:	2300      	movs	r3, #0
 8004afe:	723b      	strb	r3, [r7, #8]
 8004b00:	2302      	movs	r3, #2
 8004b02:	727b      	strb	r3, [r7, #9]
 8004b04:	b08a      	sub	sp, #40	@ 0x28
 8004b06:	466c      	mov	r4, sp
 8004b08:	f114 0210 	adds.w	r2, r4, #16
 8004b0c:	d015      	beq.n	8004b3a <uart_stm32_set_baudrate+0xf6>
 8004b0e:	2012      	movs	r0, #18
 8004b10:	b11a      	cbz	r2, 8004b1a <uart_stm32_set_baudrate+0xd6>
 8004b12:	2804      	cmp	r0, #4
 8004b14:	dd01      	ble.n	8004b1a <uart_stm32_set_baudrate+0xd6>
 8004b16:	4b29      	ldr	r3, [pc, #164]	@ (8004bbc <uart_stm32_set_baudrate+0x178>)
 8004b18:	6163      	str	r3, [r4, #20]
 8004b1a:	2300      	movs	r3, #0
 8004b1c:	713b      	strb	r3, [r7, #4]
 8004b1e:	2302      	movs	r3, #2
 8004b20:	717b      	strb	r3, [r7, #5]
 8004b22:	b1ba      	cbz	r2, 8004b54 <uart_stm32_set_baudrate+0x110>
 8004b24:	4603      	mov	r3, r0
 8004b26:	2808      	cmp	r0, #8
 8004b28:	dd00      	ble.n	8004b2c <uart_stm32_set_baudrate+0xe8>
 8004b2a:	61a1      	str	r1, [r4, #24]
 8004b2c:	2b0c      	cmp	r3, #12
 8004b2e:	dd00      	ble.n	8004b32 <uart_stm32_set_baudrate+0xee>
 8004b30:	61e6      	str	r6, [r4, #28]
 8004b32:	f104 0320 	add.w	r3, r4, #32
 8004b36:	2100      	movs	r1, #0
 8004b38:	e00a      	b.n	8004b50 <uart_stm32_set_baudrate+0x10c>
 8004b3a:	f06f 4000 	mvn.w	r0, #2147483648	@ 0x80000000
 8004b3e:	e7e7      	b.n	8004b10 <uart_stm32_set_baudrate+0xcc>
 8004b40:	f101 0610 	add.w	r6, r1, #16
 8004b44:	443e      	add	r6, r7
 8004b46:	f816 6c0c 	ldrb.w	r6, [r6, #-12]
 8004b4a:	f803 6b01 	strb.w	r6, [r3], #1
 8004b4e:	3101      	adds	r1, #1
 8004b50:	2901      	cmp	r1, #1
 8004b52:	d9f5      	bls.n	8004b40 <uart_stm32_set_baudrate+0xfc>
 8004b54:	2811      	cmp	r0, #17
 8004b56:	dd24      	ble.n	8004ba2 <uart_stm32_set_baudrate+0x15e>
 8004b58:	2312      	movs	r3, #18
 8004b5a:	b142      	cbz	r2, 8004b6e <uart_stm32_set_baudrate+0x12a>
 8004b5c:	2104      	movs	r1, #4
 8004b5e:	7239      	strb	r1, [r7, #8]
 8004b60:	2100      	movs	r1, #0
 8004b62:	7279      	strb	r1, [r7, #9]
 8004b64:	72b9      	strb	r1, [r7, #10]
 8004b66:	2101      	movs	r1, #1
 8004b68:	72f9      	strb	r1, [r7, #11]
 8004b6a:	68b8      	ldr	r0, [r7, #8]
 8004b6c:	6120      	str	r0, [r4, #16]
 8004b6e:	2100      	movs	r1, #0
 8004b70:	f021 0101 	bic.w	r1, r1, #1
 8004b74:	f021 0102 	bic.w	r1, r1, #2
 8004b78:	f021 0104 	bic.w	r1, r1, #4
 8004b7c:	f021 0138 	bic.w	r1, r1, #56	@ 0x38
 8004b80:	2001      	movs	r0, #1
 8004b82:	f360 1188 	bfi	r1, r0, #6, #3
 8004b86:	f3c3 030a 	ubfx	r3, r3, #0, #11
 8004b8a:	f363 2153 	bfi	r1, r3, #9, #11
 8004b8e:	f3c1 0113 	ubfx	r1, r1, #0, #20
	z_impl_z_log_msg_static_create(source, desc, package, data);
 8004b92:	2300      	movs	r3, #0
 8004b94:	4808      	ldr	r0, [pc, #32]	@ (8004bb8 <uart_stm32_set_baudrate+0x174>)
 8004b96:	f7fd fe7f 	bl	8002898 <z_impl_z_log_msg_static_create>
 8004b9a:	46ad      	mov	sp, r5
			return -EINVAL;
 8004b9c:	f06f 0415 	mvn.w	r4, #21
 8004ba0:	e79d      	b.n	8004ade <uart_stm32_set_baudrate+0x9a>
			LOG_ERR("Unable to set %s to %d", dev->name, baud_rate);
 8004ba2:	f06f 031b 	mvn.w	r3, #27
 8004ba6:	e7d8      	b.n	8004b5a <uart_stm32_set_baudrate+0x116>
		return -EINVAL;
 8004ba8:	f06f 0415 	mvn.w	r4, #21
 8004bac:	e797      	b.n	8004ade <uart_stm32_set_baudrate+0x9a>
 8004bae:	bf00      	nop
 8004bb0:	51eb851f 	.word	0x51eb851f
 8004bb4:	0800b2a0 	.word	0x0800b2a0
 8004bb8:	0800a42c 	.word	0x0800a42c
 8004bbc:	0800b2d0 	.word	0x0800b2d0

08004bc0 <uart_stm32_configure>:
{
 8004bc0:	e92d 41f0 	stmdb	sp!, {r4, r5, r6, r7, r8, lr}
 8004bc4:	460c      	mov	r4, r1
	const struct uart_stm32_config *config = dev->config;
 8004bc6:	6843      	ldr	r3, [r0, #4]
	USART_TypeDef *usart = config->usart;
 8004bc8:	681d      	ldr	r5, [r3, #0]
	struct uart_stm32_data *data = dev->data;
 8004bca:	6903      	ldr	r3, [r0, #16]
	struct uart_config *uart_cfg = data->uart_cfg;
 8004bcc:	681e      	ldr	r6, [r3, #0]
	const uint32_t parity = uart_stm32_cfg2ll_parity(cfg->parity);
 8004bce:	790b      	ldrb	r3, [r1, #4]
	switch (parity) {
 8004bd0:	2b01      	cmp	r3, #1
 8004bd2:	d004      	beq.n	8004bde <uart_stm32_configure+0x1e>
 8004bd4:	2b02      	cmp	r3, #2
 8004bd6:	d10d      	bne.n	8004bf4 <uart_stm32_configure+0x34>
		return LL_USART_PARITY_EVEN;
 8004bd8:	f44f 6880 	mov.w	r8, #1024	@ 0x400
 8004bdc:	e001      	b.n	8004be2 <uart_stm32_configure+0x22>
	switch (parity) {
 8004bde:	f44f 68c0 	mov.w	r8, #1536	@ 0x600
	const uint32_t stopbits = uart_stm32_cfg2ll_stopbits(config, cfg->stop_bits);
 8004be2:	7962      	ldrb	r2, [r4, #5]
	switch (sb) {
 8004be4:	2a01      	cmp	r2, #1
 8004be6:	d008      	beq.n	8004bfa <uart_stm32_configure+0x3a>
 8004be8:	2a02      	cmp	r2, #2
 8004bea:	d008      	beq.n	8004bfe <uart_stm32_configure+0x3e>
 8004bec:	bb1a      	cbnz	r2, 8004c36 <uart_stm32_configure+0x76>
 8004bee:	f44f 5780 	mov.w	r7, #4096	@ 0x1000
 8004bf2:	e006      	b.n	8004c02 <uart_stm32_configure+0x42>
		return LL_USART_PARITY_NONE;
 8004bf4:	f04f 0800 	mov.w	r8, #0
 8004bf8:	e7f3      	b.n	8004be2 <uart_stm32_configure+0x22>
		return STM32_USART_STOP_BIT_1;
 8004bfa:	2700      	movs	r7, #0
 8004bfc:	e001      	b.n	8004c02 <uart_stm32_configure+0x42>
		return STM32_USART_STOP_BIT_1_5;
 8004bfe:	f44f 5740 	mov.w	r7, #12288	@ 0x3000
	const uint32_t databits = uart_stm32_cfg2ll_databits(cfg->data_bits,
 8004c02:	f894 c006 	ldrb.w	ip, [r4, #6]
	switch (db) {
 8004c06:	f1bc 0f04 	cmp.w	ip, #4
 8004c0a:	d017      	beq.n	8004c3c <uart_stm32_configure+0x7c>
		if (p != UART_CFG_PARITY_NONE) {
 8004c0c:	b9cb      	cbnz	r3, 8004c42 <uart_stm32_configure+0x82>
		return STM32_USART_DATAWIDTH_8_BIT;
 8004c0e:	f04f 0e00 	mov.w	lr, #0
	if ((cfg->parity == UART_CFG_PARITY_MARK) ||
 8004c12:	1ed9      	subs	r1, r3, #3
 8004c14:	b2c9      	uxtb	r1, r1
 8004c16:	2901      	cmp	r1, #1
 8004c18:	d952      	bls.n	8004cc0 <uart_stm32_configure+0x100>
	if ((cfg->parity != UART_CFG_PARITY_NONE) &&
 8004c1a:	b113      	cbz	r3, 8004c22 <uart_stm32_configure+0x62>
 8004c1c:	f1bc 0f04 	cmp.w	ip, #4
 8004c20:	d051      	beq.n	8004cc6 <uart_stm32_configure+0x106>
	switch (sb) {
 8004c22:	f5b7 5f80 	cmp.w	r7, #4096	@ 0x1000
 8004c26:	d00f      	beq.n	8004c48 <uart_stm32_configure+0x88>
 8004c28:	f5b7 5f40 	cmp.w	r7, #12288	@ 0x3000
 8004c2c:	d00e      	beq.n	8004c4c <uart_stm32_configure+0x8c>
 8004c2e:	2f00      	cmp	r7, #0
 8004c30:	d13b      	bne.n	8004caa <uart_stm32_configure+0xea>
		return UART_CFG_STOP_BITS_1;
 8004c32:	2301      	movs	r3, #1
 8004c34:	e00b      	b.n	8004c4e <uart_stm32_configure+0x8e>
		return STM32_USART_STOP_BIT_2;
 8004c36:	f44f 5700 	mov.w	r7, #8192	@ 0x2000
 8004c3a:	e7e2      	b.n	8004c02 <uart_stm32_configure+0x42>
		return STM32_USART_DATAWIDTH_9_BIT;
 8004c3c:	f44f 5e80 	mov.w	lr, #4096	@ 0x1000
 8004c40:	e7e7      	b.n	8004c12 <uart_stm32_configure+0x52>
			return STM32_USART_DATAWIDTH_9_BIT;
 8004c42:	f44f 5e80 	mov.w	lr, #4096	@ 0x1000
 8004c46:	e7e4      	b.n	8004c12 <uart_stm32_configure+0x52>
	switch (sb) {
 8004c48:	2300      	movs	r3, #0
 8004c4a:	e000      	b.n	8004c4e <uart_stm32_configure+0x8e>
		return UART_CFG_STOP_BITS_1_5;
 8004c4c:	2302      	movs	r3, #2
	if (uart_stm32_ll2cfg_stopbits(stopbits) != cfg->stop_bits) {
 8004c4e:	429a      	cmp	r2, r3
 8004c50:	d13c      	bne.n	8004ccc <uart_stm32_configure+0x10c>
	switch (db) {
 8004c52:	f1be 0f00 	cmp.w	lr, #0
 8004c56:	d12a      	bne.n	8004cae <uart_stm32_configure+0xee>
		if (p == LL_USART_PARITY_NONE) {
 8004c58:	f1b8 0f00 	cmp.w	r8, #0
 8004c5c:	d12e      	bne.n	8004cbc <uart_stm32_configure+0xfc>
			return UART_CFG_DATA_BITS_8;
 8004c5e:	2303      	movs	r3, #3
	if (uart_stm32_ll2cfg_databits(databits, parity) != cfg->data_bits) {
 8004c60:	459c      	cmp	ip, r3
 8004c62:	d136      	bne.n	8004cd2 <uart_stm32_configure+0x112>
	if (!(cfg->flow_ctrl == UART_CFG_FLOW_CTRL_NONE
 8004c64:	79e3      	ldrb	r3, [r4, #7]
 8004c66:	b163      	cbz	r3, 8004c82 <uart_stm32_configure+0xc2>
 8004c68:	2b01      	cmp	r3, #1
 8004c6a:	d135      	bne.n	8004cd8 <uart_stm32_configure+0x118>
		|| (cfg->flow_ctrl == UART_CFG_FLOW_CTRL_RTS_CTS &&
 8004c6c:	4b1f      	ldr	r3, [pc, #124]	@ (8004cec <uart_stm32_configure+0x12c>)
 8004c6e:	429d      	cmp	r5, r3
 8004c70:	d007      	beq.n	8004c82 <uart_stm32_configure+0xc2>
			IS_UART_HWFLOW_INSTANCE(usart))
 8004c72:	f5a3 434c 	sub.w	r3, r3, #52224	@ 0xcc00
 8004c76:	429d      	cmp	r5, r3
 8004c78:	d003      	beq.n	8004c82 <uart_stm32_configure+0xc2>
 8004c7a:	f503 4350 	add.w	r3, r3, #53248	@ 0xd000
 8004c7e:	429d      	cmp	r5, r3
 8004c80:	d12d      	bne.n	8004cde <uart_stm32_configure+0x11e>
  CLEAR_BIT(USARTx->CR1, USART_CR1_UE);
 8004c82:	68eb      	ldr	r3, [r5, #12]
 8004c84:	f423 5300 	bic.w	r3, r3, #8192	@ 0x2000
 8004c88:	60eb      	str	r3, [r5, #12]
	if (uart_stm32_parameters_set(dev, cfg) < 0) {
 8004c8a:	4621      	mov	r1, r4
 8004c8c:	f004 fc59 	bl	8009542 <uart_stm32_parameters_set>
 8004c90:	2800      	cmp	r0, #0
 8004c92:	db27      	blt.n	8004ce4 <uart_stm32_configure+0x124>
  SET_BIT(USARTx->CR1, USART_CR1_UE);
 8004c94:	68eb      	ldr	r3, [r5, #12]
 8004c96:	f443 5300 	orr.w	r3, r3, #8192	@ 0x2000
 8004c9a:	60eb      	str	r3, [r5, #12]
	*uart_cfg = *cfg;
 8004c9c:	e894 0003 	ldmia.w	r4, {r0, r1}
 8004ca0:	e886 0003 	stmia.w	r6, {r0, r1}
	return 0;
 8004ca4:	2000      	movs	r0, #0
};
 8004ca6:	e8bd 81f0 	ldmia.w	sp!, {r4, r5, r6, r7, r8, pc}
		return UART_CFG_STOP_BITS_2;
 8004caa:	2303      	movs	r3, #3
 8004cac:	e7cf      	b.n	8004c4e <uart_stm32_configure+0x8e>
		if (p == LL_USART_PARITY_NONE) {
 8004cae:	f1b8 0f00 	cmp.w	r8, #0
 8004cb2:	d101      	bne.n	8004cb8 <uart_stm32_configure+0xf8>
			return UART_CFG_DATA_BITS_9;
 8004cb4:	2304      	movs	r3, #4
 8004cb6:	e7d3      	b.n	8004c60 <uart_stm32_configure+0xa0>
			return UART_CFG_DATA_BITS_8;
 8004cb8:	2303      	movs	r3, #3
 8004cba:	e7d1      	b.n	8004c60 <uart_stm32_configure+0xa0>
			return UART_CFG_DATA_BITS_7;
 8004cbc:	2302      	movs	r3, #2
 8004cbe:	e7cf      	b.n	8004c60 <uart_stm32_configure+0xa0>
		return -ENOTSUP;
 8004cc0:	f06f 0085 	mvn.w	r0, #133	@ 0x85
 8004cc4:	e7ef      	b.n	8004ca6 <uart_stm32_configure+0xe6>
		return -ENOTSUP;
 8004cc6:	f06f 0085 	mvn.w	r0, #133	@ 0x85
 8004cca:	e7ec      	b.n	8004ca6 <uart_stm32_configure+0xe6>
		return -ENOTSUP;
 8004ccc:	f06f 0085 	mvn.w	r0, #133	@ 0x85
 8004cd0:	e7e9      	b.n	8004ca6 <uart_stm32_configure+0xe6>
		return -ENOTSUP;
 8004cd2:	f06f 0085 	mvn.w	r0, #133	@ 0x85
 8004cd6:	e7e6      	b.n	8004ca6 <uart_stm32_configure+0xe6>
		return -ENOTSUP;
 8004cd8:	f06f 0085 	mvn.w	r0, #133	@ 0x85
 8004cdc:	e7e3      	b.n	8004ca6 <uart_stm32_configure+0xe6>
 8004cde:	f06f 0085 	mvn.w	r0, #133	@ 0x85
 8004ce2:	e7e0      	b.n	8004ca6 <uart_stm32_configure+0xe6>
		return -ENOTSUP;
 8004ce4:	f06f 0085 	mvn.w	r0, #133	@ 0x85
 8004ce8:	e7dd      	b.n	8004ca6 <uart_stm32_configure+0xe6>
 8004cea:	bf00      	nop
 8004cec:	40011000 	.word	0x40011000

08004cf0 <uart_stm32_registers_configure>:

static int uart_stm32_registers_configure(const struct device *dev)
{
 8004cf0:	b5f8      	push	{r3, r4, r5, r6, r7, lr}
 8004cf2:	4605      	mov	r5, r0
	const struct uart_stm32_config *config = dev->config;
 8004cf4:	6846      	ldr	r6, [r0, #4]
	USART_TypeDef *usart = config->usart;
 8004cf6:	6834      	ldr	r4, [r6, #0]
	struct uart_stm32_data *data = dev->data;
 8004cf8:	6903      	ldr	r3, [r0, #16]
	struct uart_config *uart_cfg = data->uart_cfg;
 8004cfa:	681f      	ldr	r7, [r3, #0]
  CLEAR_BIT(USARTx->CR1, USART_CR1_UE);
 8004cfc:	68e3      	ldr	r3, [r4, #12]
 8004cfe:	f423 5300 	bic.w	r3, r3, #8192	@ 0x2000
 8004d02:	60e3      	str	r3, [r4, #12]

	LL_USART_Disable(usart);

	if (!device_is_ready(config->reset.dev)) {
 8004d04:	68b0      	ldr	r0, [r6, #8]
 8004d06:	f004 fd05 	bl	8009714 <z_impl_device_is_ready>
 8004d0a:	b308      	cbz	r0, 8004d50 <uart_stm32_registers_configure+0x60>
 *
 * @return a value from reset_line_toggle()
 */
static inline int reset_line_toggle_dt(const struct reset_dt_spec *spec)
{
	return reset_line_toggle(spec->dev, spec->id);
 8004d0c:	68f1      	ldr	r1, [r6, #12]
 8004d0e:	68b0      	ldr	r0, [r6, #8]
 8004d10:	f004 fb3a 	bl	8009388 <reset_line_toggle>
 */
__STATIC_FORCEINLINE uint32_t __LDREXW(volatile uint32_t *addr)
{
  uint32_t result;

  __ASM volatile ("ldrex %0, %1" : "=r" (result) : "Q" (*addr) );
 8004d14:	f104 030c 	add.w	r3, r4, #12
 8004d18:	e853 3f00 	ldrex	r3, [r3]
  ATOMIC_MODIFY_REG(USARTx->CR1, USART_CR1_RE | USART_CR1_TE, TransferDirection);
 8004d1c:	f043 030c 	orr.w	r3, r3, #12
 */
__STATIC_FORCEINLINE uint32_t __STREXW(uint32_t value, volatile uint32_t *addr)
{
  uint32_t result;

  __ASM volatile ("strex %0, %2, %1" : "=&r" (result), "=Q" (*addr) : "r" (value) );
 8004d20:	f104 010c 	add.w	r1, r4, #12
 8004d24:	e841 3200 	strex	r2, r3, [r1]
 8004d28:	2a00      	cmp	r2, #0
 8004d2a:	d1f3      	bne.n	8004d14 <uart_stm32_registers_configure+0x24>

	/* TX/RX direction */
	LL_USART_SetTransferDirection(usart, LL_USART_DIRECTION_TX_RX);

	/* Set basic parameters, such as data-/stop-bit, parity, and baudrate */
	if (uart_stm32_parameters_set(dev, uart_cfg) < 0) {
 8004d2c:	4639      	mov	r1, r7
 8004d2e:	4628      	mov	r0, r5
 8004d30:	f004 fc07 	bl	8009542 <uart_stm32_parameters_set>
 8004d34:	2800      	cmp	r0, #0
 8004d36:	db13      	blt.n	8004d60 <uart_stm32_registers_configure+0x70>
		return -EINVAL;
	}

	/* Enable the single wire / half-duplex mode */
	if (config->single_wire) {
 8004d38:	7e33      	ldrb	r3, [r6, #24]
 8004d3a:	b11b      	cbz	r3, 8004d44 <uart_stm32_registers_configure+0x54>
  * @param  USARTx USART Instance
  * @retval None
  */
__STATIC_INLINE void LL_USART_EnableHalfDuplex(USART_TypeDef *USARTx)
{
  SET_BIT(USARTx->CR3, USART_CR3_HDSEL);
 8004d3c:	6963      	ldr	r3, [r4, #20]
 8004d3e:	f043 0308 	orr.w	r3, r3, #8
 8004d42:	6163      	str	r3, [r4, #20]
  SET_BIT(USARTx->CR1, USART_CR1_UE);
 8004d44:	68e3      	ldr	r3, [r4, #12]
 8004d46:	f443 5300 	orr.w	r3, r3, #8192	@ 0x2000
 8004d4a:	60e3      	str	r3, [r4, #12]
	/* Wait until REACK flag is set */
	while (!(LL_USART_IsActiveFlag_REACK(usart))) {
	}
#endif /* USART_ISR_REACK */

	return 0;
 8004d4c:	2000      	movs	r0, #0
}
 8004d4e:	bdf8      	pop	{r3, r4, r5, r6, r7, pc}
	z_impl_z_log_msg_simple_create_0(source, level, fmt);
 8004d50:	4a05      	ldr	r2, [pc, #20]	@ (8004d68 <uart_stm32_registers_configure+0x78>)
 8004d52:	2101      	movs	r1, #1
 8004d54:	4805      	ldr	r0, [pc, #20]	@ (8004d6c <uart_stm32_registers_configure+0x7c>)
 8004d56:	f003 fbf5 	bl	8008544 <z_impl_z_log_msg_simple_create_0>
		return -ENODEV;
 8004d5a:	f06f 0012 	mvn.w	r0, #18
 8004d5e:	e7f6      	b.n	8004d4e <uart_stm32_registers_configure+0x5e>
		return -EINVAL;
 8004d60:	f06f 0015 	mvn.w	r0, #21
 8004d64:	e7f3      	b.n	8004d4e <uart_stm32_registers_configure+0x5e>
 8004d66:	bf00      	nop
 8004d68:	0800b2e8 	.word	0x0800b2e8
 8004d6c:	0800a42c 	.word	0x0800a42c

08004d70 <elapsed>:
 *     - and until the current call of the function is completed.
 * - the function is invoked with interrupts disabled.
 */
static uint32_t elapsed(void)
{
	uint32_t val1 = SysTick->VAL;	/* A */
 8004d70:	f04f 23e0 	mov.w	r3, #3758153728	@ 0xe000e000
 8004d74:	6999      	ldr	r1, [r3, #24]
	uint32_t ctrl = SysTick->CTRL;	/* B */
 8004d76:	6918      	ldr	r0, [r3, #16]
	uint32_t val2 = SysTick->VAL;	/* C */
 8004d78:	699a      	ldr	r2, [r3, #24]
	 * 4) After C we'll see it next time
	 *
	 * So the count in val2 is post-wrap and last_load needs to be
	 * added if and only if COUNTFLAG is set or val1 < val2.
	 */
	if (val1 == 0) {
 8004d7a:	b909      	cbnz	r1, 8004d80 <elapsed+0x10>
		val1 = last_load;
 8004d7c:	4b0c      	ldr	r3, [pc, #48]	@ (8004db0 <elapsed+0x40>)
 8004d7e:	6819      	ldr	r1, [r3, #0]
	}
	if (val2 == 0) {
 8004d80:	b90a      	cbnz	r2, 8004d86 <elapsed+0x16>
		val2 = last_load;
 8004d82:	4b0b      	ldr	r3, [pc, #44]	@ (8004db0 <elapsed+0x40>)
 8004d84:	681a      	ldr	r2, [r3, #0]
	}

	if ((ctrl & SysTick_CTRL_COUNTFLAG_Msk)
 8004d86:	f410 3f80 	tst.w	r0, #65536	@ 0x10000
 8004d8a:	d101      	bne.n	8004d90 <elapsed+0x20>
	    || (val1 < val2)) {
 8004d8c:	4291      	cmp	r1, r2
 8004d8e:	d208      	bcs.n	8004da2 <elapsed+0x32>
		overflow_cyc += last_load;
 8004d90:	4908      	ldr	r1, [pc, #32]	@ (8004db4 <elapsed+0x44>)
 8004d92:	680b      	ldr	r3, [r1, #0]
 8004d94:	4806      	ldr	r0, [pc, #24]	@ (8004db0 <elapsed+0x40>)
 8004d96:	6800      	ldr	r0, [r0, #0]
 8004d98:	4403      	add	r3, r0
 8004d9a:	600b      	str	r3, [r1, #0]

		/* We know there was a wrap, but we might not have
		 * seen it in CTRL, so clear it. */
		(void)SysTick->CTRL;
 8004d9c:	f04f 23e0 	mov.w	r3, #3758153728	@ 0xe000e000
 8004da0:	691b      	ldr	r3, [r3, #16]
	}

	return (last_load - val2) + overflow_cyc;
 8004da2:	4b03      	ldr	r3, [pc, #12]	@ (8004db0 <elapsed+0x40>)
 8004da4:	681b      	ldr	r3, [r3, #0]
 8004da6:	1a9b      	subs	r3, r3, r2
 8004da8:	4a02      	ldr	r2, [pc, #8]	@ (8004db4 <elapsed+0x44>)
 8004daa:	6810      	ldr	r0, [r2, #0]
}
 8004dac:	4418      	add	r0, r3
 8004dae:	4770      	bx	lr
 8004db0:	200010cc 	.word	0x200010cc
 8004db4:	200010c8 	.word	0x200010c8

08004db8 <sys_clock_driver_init>:
    SCB->SHPR[(((uint32_t)IRQn) & 0xFUL)-4UL] = (uint8_t)((priority << (8U - __NVIC_PRIO_BITS)) & (uint32_t)0xFFUL);
 8004db8:	4b09      	ldr	r3, [pc, #36]	@ (8004de0 <sys_clock_driver_init+0x28>)
 8004dba:	2210      	movs	r2, #16
 8004dbc:	f883 2023 	strb.w	r2, [r3, #35]	@ 0x23

static int sys_clock_driver_init(void)
{

	NVIC_SetPriority(SysTick_IRQn, _IRQ_PRIO_OFFSET);
	last_load = CYC_PER_TICK;
 8004dc0:	4b08      	ldr	r3, [pc, #32]	@ (8004de4 <sys_clock_driver_init+0x2c>)
 8004dc2:	f242 02d0 	movw	r2, #8400	@ 0x20d0
 8004dc6:	601a      	str	r2, [r3, #0]
	overflow_cyc = 0U;
 8004dc8:	2000      	movs	r0, #0
 8004dca:	4b07      	ldr	r3, [pc, #28]	@ (8004de8 <sys_clock_driver_init+0x30>)
 8004dcc:	6018      	str	r0, [r3, #0]
	SysTick->LOAD = last_load - 1;
 8004dce:	f04f 23e0 	mov.w	r3, #3758153728	@ 0xe000e000
 8004dd2:	f242 02cf 	movw	r2, #8399	@ 0x20cf
 8004dd6:	615a      	str	r2, [r3, #20]
	SysTick->VAL = 0; /* resets timer to last_load */
 8004dd8:	6198      	str	r0, [r3, #24]

	uint32_t ctrl_flags = SysTick_CTRL_ENABLE_Msk |
			      SysTick_CTRL_TICKINT_Msk |
			      SYSTICK_CTRL_CLKSOURCE_MSK_GET();

	SysTick->CTRL = ctrl_flags;
 8004dda:	2207      	movs	r2, #7
 8004ddc:	611a      	str	r2, [r3, #16]

	return 0;
}
 8004dde:	4770      	bx	lr
 8004de0:	e000ed00 	.word	0xe000ed00
 8004de4:	200010cc 	.word	0x200010cc
 8004de8:	200010c8 	.word	0x200010c8

08004dec <sys_clock_isr>:
{
 8004dec:	4668      	mov	r0, sp
 8004dee:	f020 0107 	bic.w	r1, r0, #7
 8004df2:	468d      	mov	sp, r1
 8004df4:	b519      	push	{r0, r3, r4, lr}
	elapsed();
 8004df6:	f7ff ffbb 	bl	8004d70 <elapsed>
	cycle_count += overflow_cyc;
 8004dfa:	4812      	ldr	r0, [pc, #72]	@ (8004e44 <sys_clock_isr+0x58>)
 8004dfc:	6803      	ldr	r3, [r0, #0]
 8004dfe:	4a12      	ldr	r2, [pc, #72]	@ (8004e48 <sys_clock_isr+0x5c>)
 8004e00:	6851      	ldr	r1, [r2, #4]
 8004e02:	6814      	ldr	r4, [r2, #0]
 8004e04:	191b      	adds	r3, r3, r4
 8004e06:	f141 0100 	adc.w	r1, r1, #0
 8004e0a:	6013      	str	r3, [r2, #0]
 8004e0c:	6051      	str	r1, [r2, #4]
	overflow_cyc = 0;
 8004e0e:	2200      	movs	r2, #0
 8004e10:	6002      	str	r2, [r0, #0]
		dcycles = cycle_count - announced_cycles;
 8004e12:	490e      	ldr	r1, [pc, #56]	@ (8004e4c <sys_clock_isr+0x60>)
 8004e14:	680a      	ldr	r2, [r1, #0]
 8004e16:	1a98      	subs	r0, r3, r2
		dticks = dcycles / CYC_PER_TICK;
 8004e18:	4b0d      	ldr	r3, [pc, #52]	@ (8004e50 <sys_clock_isr+0x64>)
 8004e1a:	fba3 3000 	umull	r3, r0, r3, r0
 8004e1e:	0b40      	lsrs	r0, r0, #13
		announced_cycles += dticks * CYC_PER_TICK;
 8004e20:	f242 03d0 	movw	r3, #8400	@ 0x20d0
 8004e24:	fb00 f303 	mul.w	r3, r0, r3
 8004e28:	18d2      	adds	r2, r2, r3
 8004e2a:	684b      	ldr	r3, [r1, #4]
 8004e2c:	f143 0300 	adc.w	r3, r3, #0
 8004e30:	600a      	str	r2, [r1, #0]
 8004e32:	604b      	str	r3, [r1, #4]
		sys_clock_announce(dticks);
 8004e34:	f004 fc3a 	bl	80096ac <sys_clock_announce>
	z_arm_int_exit();
 8004e38:	f7fe fd76 	bl	8003928 <z_arm_exc_exit>
}
 8004e3c:	e8bd 4019 	ldmia.w	sp!, {r0, r3, r4, lr}
 8004e40:	4685      	mov	sp, r0
 8004e42:	4770      	bx	lr
 8004e44:	200010c8 	.word	0x200010c8
 8004e48:	20000c28 	.word	0x20000c28
 8004e4c:	20000c20 	.word	0x20000c20
 8004e50:	f9a9342d 	.word	0xf9a9342d

08004e54 <sys_clock_set_timeout>:
{
 8004e54:	b5f8      	push	{r3, r4, r5, r6, r7, lr}
	if (IS_ENABLED(CONFIG_TICKLESS_KERNEL) && idle && ticks == K_TICKS_FOREVER) {
 8004e56:	2900      	cmp	r1, #0
 8004e58:	d04d      	beq.n	8004ef6 <sys_clock_set_timeout+0xa2>
 8004e5a:	f1b0 3fff 	cmp.w	r0, #4294967295
 8004e5e:	d03f      	beq.n	8004ee0 <sys_clock_set_timeout+0x8c>
	uint32_t last_load_ = last_load;
 8004e60:	4b3f      	ldr	r3, [pc, #252]	@ (8004f60 <sys_clock_set_timeout+0x10c>)
 8004e62:	681c      	ldr	r4, [r3, #0]
	ticks = CLAMP(ticks - 1, 0, (int32_t)MAX_TICKS);
 8004e64:	2801      	cmp	r0, #1
 8004e66:	dd4e      	ble.n	8004f06 <sys_clock_set_timeout+0xb2>
 8004e68:	f240 73cd 	movw	r3, #1997	@ 0x7cd
 8004e6c:	4298      	cmp	r0, r3
 8004e6e:	bfa8      	it	ge
 8004e70:	4618      	movge	r0, r3
 8004e72:	1e46      	subs	r6, r0, #1
  __ASM volatile ("MRS %0, basepri" : "=r" (result) );
 8004e74:	f3ef 8511 	mrs	r5, BASEPRI
  __ASM volatile ("MSR basepri_max, %0" : : "r" (basePri) : "memory");
 8004e78:	2310      	movs	r3, #16
 8004e7a:	f383 8812 	msr	BASEPRI_MAX, r3
  __ASM volatile ("isb 0xF":::"memory");
 8004e7e:	f3bf 8f6f 	isb	sy
	uint32_t pending = elapsed();
 8004e82:	f7ff ff75 	bl	8004d70 <elapsed>
	val1 = SysTick->VAL;
 8004e86:	f04f 23e0 	mov.w	r3, #3758153728	@ 0xe000e000
 8004e8a:	699f      	ldr	r7, [r3, #24]
	cycle_count += pending;
 8004e8c:	4a35      	ldr	r2, [pc, #212]	@ (8004f64 <sys_clock_set_timeout+0x110>)
 8004e8e:	6813      	ldr	r3, [r2, #0]
 8004e90:	6851      	ldr	r1, [r2, #4]
 8004e92:	18c3      	adds	r3, r0, r3
 8004e94:	f141 0100 	adc.w	r1, r1, #0
 8004e98:	6013      	str	r3, [r2, #0]
 8004e9a:	6051      	str	r1, [r2, #4]
	overflow_cyc = 0U;
 8004e9c:	2100      	movs	r1, #0
 8004e9e:	4a32      	ldr	r2, [pc, #200]	@ (8004f68 <sys_clock_set_timeout+0x114>)
 8004ea0:	6011      	str	r1, [r2, #0]
	uint32_t unannounced = cycle_count - announced_cycles;
 8004ea2:	4a32      	ldr	r2, [pc, #200]	@ (8004f6c <sys_clock_set_timeout+0x118>)
 8004ea4:	6811      	ldr	r1, [r2, #0]
	if ((int32_t)unannounced < 0) {
 8004ea6:	1a5a      	subs	r2, r3, r1
 8004ea8:	d42f      	bmi.n	8004f0a <sys_clock_set_timeout+0xb6>
		delay = ticks * CYC_PER_TICK;
 8004eaa:	f242 00d0 	movw	r0, #8400	@ 0x20d0
		delay += unannounced;
 8004eae:	fb00 2206 	mla	r2, r0, r6, r2
		delay = DIV_ROUND_UP(delay, CYC_PER_TICK) * CYC_PER_TICK;
 8004eb2:	f502 5203 	add.w	r2, r2, #8384	@ 0x20c0
 8004eb6:	320f      	adds	r2, #15
 8004eb8:	4e2d      	ldr	r6, [pc, #180]	@ (8004f70 <sys_clock_set_timeout+0x11c>)
 8004eba:	fba6 6202 	umull	r6, r2, r6, r2
 8004ebe:	0b52      	lsrs	r2, r2, #13
		delay -= unannounced;
 8004ec0:	1ac9      	subs	r1, r1, r3
 8004ec2:	fb00 1102 	mla	r1, r0, r2, r1
		delay = MAX(delay, MIN_DELAY);
 8004ec6:	460a      	mov	r2, r1
 8004ec8:	f5b1 6f80 	cmp.w	r1, #1024	@ 0x400
 8004ecc:	bf38      	it	cc
 8004ece:	f44f 6280 	movcc.w	r2, #1024	@ 0x400
		if (delay > MAX_CYCLES) {
 8004ed2:	4b28      	ldr	r3, [pc, #160]	@ (8004f74 <sys_clock_set_timeout+0x120>)
 8004ed4:	4299      	cmp	r1, r3
 8004ed6:	d936      	bls.n	8004f46 <sys_clock_set_timeout+0xf2>
			last_load = MAX_CYCLES;
 8004ed8:	4b21      	ldr	r3, [pc, #132]	@ (8004f60 <sys_clock_set_timeout+0x10c>)
 8004eda:	4a26      	ldr	r2, [pc, #152]	@ (8004f74 <sys_clock_set_timeout+0x120>)
 8004edc:	601a      	str	r2, [r3, #0]
 8004ede:	e018      	b.n	8004f12 <sys_clock_set_timeout+0xbe>
		SysTick->CTRL &= ~SysTick_CTRL_ENABLE_Msk;
 8004ee0:	f04f 22e0 	mov.w	r2, #3758153728	@ 0xe000e000
 8004ee4:	6913      	ldr	r3, [r2, #16]
 8004ee6:	f023 0301 	bic.w	r3, r3, #1
 8004eea:	6113      	str	r3, [r2, #16]
		last_load = TIMER_STOPPED;
 8004eec:	4b1c      	ldr	r3, [pc, #112]	@ (8004f60 <sys_clock_set_timeout+0x10c>)
 8004eee:	f04f 427f 	mov.w	r2, #4278190080	@ 0xff000000
 8004ef2:	601a      	str	r2, [r3, #0]
		return;
 8004ef4:	e026      	b.n	8004f44 <sys_clock_set_timeout+0xf0>
	uint32_t last_load_ = last_load;
 8004ef6:	4b1a      	ldr	r3, [pc, #104]	@ (8004f60 <sys_clock_set_timeout+0x10c>)
 8004ef8:	681c      	ldr	r4, [r3, #0]
	ticks = (ticks == K_TICKS_FOREVER) ? MAX_TICKS : ticks;
 8004efa:	f1b0 3fff 	cmp.w	r0, #4294967295
 8004efe:	d1b1      	bne.n	8004e64 <sys_clock_set_timeout+0x10>
 8004f00:	f240 70cc 	movw	r0, #1996	@ 0x7cc
 8004f04:	e7b0      	b.n	8004e68 <sys_clock_set_timeout+0x14>
	ticks = CLAMP(ticks - 1, 0, (int32_t)MAX_TICKS);
 8004f06:	2600      	movs	r6, #0
 8004f08:	e7b4      	b.n	8004e74 <sys_clock_set_timeout+0x20>
		last_load = MIN_DELAY;
 8004f0a:	4b15      	ldr	r3, [pc, #84]	@ (8004f60 <sys_clock_set_timeout+0x10c>)
 8004f0c:	f44f 6280 	mov.w	r2, #1024	@ 0x400
 8004f10:	601a      	str	r2, [r3, #0]
	val2 = SysTick->VAL;
 8004f12:	f04f 23e0 	mov.w	r3, #3758153728	@ 0xe000e000
 8004f16:	6999      	ldr	r1, [r3, #24]
	SysTick->LOAD = last_load - 1;
 8004f18:	4a11      	ldr	r2, [pc, #68]	@ (8004f60 <sys_clock_set_timeout+0x10c>)
 8004f1a:	6812      	ldr	r2, [r2, #0]
 8004f1c:	3a01      	subs	r2, #1
 8004f1e:	615a      	str	r2, [r3, #20]
	SysTick->VAL = 0; /* resets timer to last_load */
 8004f20:	2200      	movs	r2, #0
 8004f22:	619a      	str	r2, [r3, #24]
	if (val1 < val2) {
 8004f24:	428f      	cmp	r7, r1
 8004f26:	d211      	bcs.n	8004f4c <sys_clock_set_timeout+0xf8>
		cycle_count += (val1 + (last_load_ - val2));
 8004f28:	1a64      	subs	r4, r4, r1
 8004f2a:	443c      	add	r4, r7
 8004f2c:	4a0d      	ldr	r2, [pc, #52]	@ (8004f64 <sys_clock_set_timeout+0x110>)
 8004f2e:	6813      	ldr	r3, [r2, #0]
 8004f30:	6851      	ldr	r1, [r2, #4]
 8004f32:	191b      	adds	r3, r3, r4
 8004f34:	f141 0100 	adc.w	r1, r1, #0
 8004f38:	6013      	str	r3, [r2, #0]
 8004f3a:	6051      	str	r1, [r2, #4]
  __ASM volatile ("MSR basepri, %0" : : "r" (basePri) : "memory");
 8004f3c:	f385 8811 	msr	BASEPRI, r5
 8004f40:	f3bf 8f6f 	isb	sy
}
 8004f44:	bdf8      	pop	{r3, r4, r5, r6, r7, pc}
			last_load = delay;
 8004f46:	4b06      	ldr	r3, [pc, #24]	@ (8004f60 <sys_clock_set_timeout+0x10c>)
 8004f48:	601a      	str	r2, [r3, #0]
 8004f4a:	e7e2      	b.n	8004f12 <sys_clock_set_timeout+0xbe>
		cycle_count += (val1 - val2);
 8004f4c:	1a7f      	subs	r7, r7, r1
 8004f4e:	4a05      	ldr	r2, [pc, #20]	@ (8004f64 <sys_clock_set_timeout+0x110>)
 8004f50:	6813      	ldr	r3, [r2, #0]
 8004f52:	6851      	ldr	r1, [r2, #4]
 8004f54:	19db      	adds	r3, r3, r7
 8004f56:	f141 0100 	adc.w	r1, r1, #0
 8004f5a:	6013      	str	r3, [r2, #0]
 8004f5c:	6051      	str	r1, [r2, #4]
 8004f5e:	e7ed      	b.n	8004f3c <sys_clock_set_timeout+0xe8>
 8004f60:	200010cc 	.word	0x200010cc
 8004f64:	20000c28 	.word	0x20000c28
 8004f68:	200010c8 	.word	0x200010c8
 8004f6c:	20000c20 	.word	0x20000c20
 8004f70:	f9a9342d 	.word	0xf9a9342d
 8004f74:	00ffd5c0 	.word	0x00ffd5c0

08004f78 <sys_clock_elapsed>:
{
 8004f78:	b538      	push	{r3, r4, r5, lr}
  __ASM volatile ("MRS %0, basepri" : "=r" (result) );
 8004f7a:	f3ef 8511 	mrs	r5, BASEPRI
  __ASM volatile ("MSR basepri_max, %0" : : "r" (basePri) : "memory");
 8004f7e:	2310      	movs	r3, #16
 8004f80:	f383 8812 	msr	BASEPRI_MAX, r3
 8004f84:	f3bf 8f6f 	isb	sy
	uint32_t unannounced = cycle_count - announced_cycles;
 8004f88:	4b08      	ldr	r3, [pc, #32]	@ (8004fac <sys_clock_elapsed+0x34>)
 8004f8a:	681c      	ldr	r4, [r3, #0]
 8004f8c:	4b08      	ldr	r3, [pc, #32]	@ (8004fb0 <sys_clock_elapsed+0x38>)
 8004f8e:	681b      	ldr	r3, [r3, #0]
 8004f90:	1ae4      	subs	r4, r4, r3
	uint32_t cyc = elapsed() + unannounced;
 8004f92:	f7ff feed 	bl	8004d70 <elapsed>
 8004f96:	4420      	add	r0, r4
  __ASM volatile ("MSR basepri, %0" : : "r" (basePri) : "memory");
 8004f98:	f385 8811 	msr	BASEPRI, r5
 8004f9c:	f3bf 8f6f 	isb	sy
	return cyc / CYC_PER_TICK;
 8004fa0:	4b04      	ldr	r3, [pc, #16]	@ (8004fb4 <sys_clock_elapsed+0x3c>)
 8004fa2:	fba3 3000 	umull	r3, r0, r3, r0
}
 8004fa6:	0b40      	lsrs	r0, r0, #13
 8004fa8:	bd38      	pop	{r3, r4, r5, pc}
 8004faa:	bf00      	nop
 8004fac:	20000c28 	.word	0x20000c28
 8004fb0:	20000c20 	.word	0x20000c20
 8004fb4:	f9a9342d 	.word	0xf9a9342d

08004fb8 <sys_clock_cycle_get_32>:
{
 8004fb8:	b538      	push	{r3, r4, r5, lr}
  __ASM volatile ("MRS %0, basepri" : "=r" (result) );
 8004fba:	f3ef 8511 	mrs	r5, BASEPRI
  __ASM volatile ("MSR basepri_max, %0" : : "r" (basePri) : "memory");
 8004fbe:	2310      	movs	r3, #16
 8004fc0:	f383 8812 	msr	BASEPRI_MAX, r3
 8004fc4:	f3bf 8f6f 	isb	sy
	uint32_t ret = cycle_count;
 8004fc8:	4b04      	ldr	r3, [pc, #16]	@ (8004fdc <sys_clock_cycle_get_32+0x24>)
 8004fca:	681c      	ldr	r4, [r3, #0]
	ret += elapsed();
 8004fcc:	f7ff fed0 	bl	8004d70 <elapsed>
 8004fd0:	4420      	add	r0, r4
  __ASM volatile ("MSR basepri, %0" : : "r" (basePri) : "memory");
 8004fd2:	f385 8811 	msr	BASEPRI, r5
 8004fd6:	f3bf 8f6f 	isb	sy
}
 8004fda:	bd38      	pop	{r3, r4, r5, pc}
 8004fdc:	20000c28 	.word	0x20000c28

08004fe0 <HAL_RCC_GetSysClockFreq>:
  *
  *
  * @retval SYSCLK frequency
  */
__weak uint32_t HAL_RCC_GetSysClockFreq(void)
{
 8004fe0:	b508      	push	{r3, lr}
  uint32_t pllvco = 0U;
  uint32_t pllp = 0U;
  uint32_t sysclockfreq = 0U;

  /* Get SYSCLK source -------------------------------------------------------*/
  switch (RCC->CFGR & RCC_CFGR_SWS)
 8004fe2:	4b33      	ldr	r3, [pc, #204]	@ (80050b0 <HAL_RCC_GetSysClockFreq+0xd0>)
 8004fe4:	689b      	ldr	r3, [r3, #8]
 8004fe6:	f003 030c 	and.w	r3, r3, #12
 8004fea:	2b04      	cmp	r3, #4
 8004fec:	d05b      	beq.n	80050a6 <HAL_RCC_GetSysClockFreq+0xc6>
 8004fee:	2b08      	cmp	r3, #8
 8004ff0:	d15b      	bne.n	80050aa <HAL_RCC_GetSysClockFreq+0xca>
    }
    case RCC_CFGR_SWS_PLL:  /* PLL used as system clock  source */
    {
      /* PLL_VCO = (HSE_VALUE or HSI_VALUE / PLLM) * PLLN
      SYSCLK = PLL_VCO / PLLP */
      pllm = RCC->PLLCFGR & RCC_PLLCFGR_PLLM;
 8004ff2:	4b2f      	ldr	r3, [pc, #188]	@ (80050b0 <HAL_RCC_GetSysClockFreq+0xd0>)
 8004ff4:	685a      	ldr	r2, [r3, #4]
 8004ff6:	f002 023f 	and.w	r2, r2, #63	@ 0x3f
      if (__HAL_RCC_GET_PLL_OSCSOURCE() != RCC_PLLSOURCE_HSI)
 8004ffa:	685b      	ldr	r3, [r3, #4]
 8004ffc:	f413 0f80 	tst.w	r3, #4194304	@ 0x400000
 8005000:	d02c      	beq.n	800505c <HAL_RCC_GetSysClockFreq+0x7c>
      {
        /* HSE used as PLL clock source */
        pllvco = (uint32_t)((((uint64_t) HSE_VALUE * ((uint64_t)((RCC->PLLCFGR & RCC_PLLCFGR_PLLN) >> RCC_PLLCFGR_PLLN_Pos)))) / (uint64_t)pllm);
 8005002:	4b2b      	ldr	r3, [pc, #172]	@ (80050b0 <HAL_RCC_GetSysClockFreq+0xd0>)
 8005004:	6858      	ldr	r0, [r3, #4]
 8005006:	f3c0 1088 	ubfx	r0, r0, #6, #9
 800500a:	ea4f 1c40 	mov.w	ip, r0, lsl #5
 800500e:	ebbc 0c00 	subs.w	ip, ip, r0
 8005012:	eb6e 0e0e 	sbc.w	lr, lr, lr
 8005016:	ea4f 138e 	mov.w	r3, lr, lsl #6
 800501a:	ea43 639c 	orr.w	r3, r3, ip, lsr #26
 800501e:	ea4f 118c 	mov.w	r1, ip, lsl #6
 8005022:	ebb1 010c 	subs.w	r1, r1, ip
 8005026:	eb63 030e 	sbc.w	r3, r3, lr
 800502a:	00db      	lsls	r3, r3, #3
 800502c:	ea43 7351 	orr.w	r3, r3, r1, lsr #29
 8005030:	00c9      	lsls	r1, r1, #3
 8005032:	eb11 0c00 	adds.w	ip, r1, r0
 8005036:	f143 0300 	adc.w	r3, r3, #0
 800503a:	0259      	lsls	r1, r3, #9
 800503c:	2300      	movs	r3, #0
 800503e:	ea4f 204c 	mov.w	r0, ip, lsl #9
 8005042:	ea41 51dc 	orr.w	r1, r1, ip, lsr #23
 8005046:	f7fb f9f1 	bl	800042c <__aeabi_uldivmod>
      else
      {
        /* HSI used as PLL clock source */
        pllvco = (uint32_t)((((uint64_t) HSI_VALUE * ((uint64_t)((RCC->PLLCFGR & RCC_PLLCFGR_PLLN) >> RCC_PLLCFGR_PLLN_Pos)))) / (uint64_t)pllm);
      }
      pllp = ((((RCC->PLLCFGR & RCC_PLLCFGR_PLLP) >> RCC_PLLCFGR_PLLP_Pos) + 1U) * 2U);
 800504a:	4b19      	ldr	r3, [pc, #100]	@ (80050b0 <HAL_RCC_GetSysClockFreq+0xd0>)
 800504c:	685b      	ldr	r3, [r3, #4]
 800504e:	f3c3 4301 	ubfx	r3, r3, #16, #2
 8005052:	3301      	adds	r3, #1
 8005054:	005b      	lsls	r3, r3, #1

      sysclockfreq = pllvco / pllp;
 8005056:	fbb0 f0f3 	udiv	r0, r0, r3
      sysclockfreq = HSI_VALUE;
      break;
    }
  }
  return sysclockfreq;
}
 800505a:	bd08      	pop	{r3, pc}
        pllvco = (uint32_t)((((uint64_t) HSI_VALUE * ((uint64_t)((RCC->PLLCFGR & RCC_PLLCFGR_PLLN) >> RCC_PLLCFGR_PLLN_Pos)))) / (uint64_t)pllm);
 800505c:	4b14      	ldr	r3, [pc, #80]	@ (80050b0 <HAL_RCC_GetSysClockFreq+0xd0>)
 800505e:	6858      	ldr	r0, [r3, #4]
 8005060:	f3c0 1088 	ubfx	r0, r0, #6, #9
 8005064:	ea4f 1c40 	mov.w	ip, r0, lsl #5
 8005068:	ebbc 0c00 	subs.w	ip, ip, r0
 800506c:	eb6e 0e0e 	sbc.w	lr, lr, lr
 8005070:	ea4f 138e 	mov.w	r3, lr, lsl #6
 8005074:	ea43 639c 	orr.w	r3, r3, ip, lsr #26
 8005078:	ea4f 118c 	mov.w	r1, ip, lsl #6
 800507c:	ebb1 010c 	subs.w	r1, r1, ip
 8005080:	eb63 030e 	sbc.w	r3, r3, lr
 8005084:	00db      	lsls	r3, r3, #3
 8005086:	ea43 7351 	orr.w	r3, r3, r1, lsr #29
 800508a:	00c9      	lsls	r1, r1, #3
 800508c:	eb11 0c00 	adds.w	ip, r1, r0
 8005090:	f143 0300 	adc.w	r3, r3, #0
 8005094:	0299      	lsls	r1, r3, #10
 8005096:	2300      	movs	r3, #0
 8005098:	ea4f 208c 	mov.w	r0, ip, lsl #10
 800509c:	ea41 519c 	orr.w	r1, r1, ip, lsr #22
 80050a0:	f7fb f9c4 	bl	800042c <__aeabi_uldivmod>
 80050a4:	e7d1      	b.n	800504a <HAL_RCC_GetSysClockFreq+0x6a>
      sysclockfreq = HSE_VALUE;
 80050a6:	4803      	ldr	r0, [pc, #12]	@ (80050b4 <HAL_RCC_GetSysClockFreq+0xd4>)
 80050a8:	e7d7      	b.n	800505a <HAL_RCC_GetSysClockFreq+0x7a>
  switch (RCC->CFGR & RCC_CFGR_SWS)
 80050aa:	4803      	ldr	r0, [pc, #12]	@ (80050b8 <HAL_RCC_GetSysClockFreq+0xd8>)
  return sysclockfreq;
 80050ac:	e7d5      	b.n	800505a <HAL_RCC_GetSysClockFreq+0x7a>
 80050ae:	bf00      	nop
 80050b0:	40023800 	.word	0x40023800
 80050b4:	007a1200 	.word	0x007a1200
 80050b8:	00f42400 	.word	0x00f42400

080050bc <LL_SetFlashLatency>:
  uint32_t latency = LL_FLASH_LATENCY_0;  /* default value 0WS */
  ErrorStatus status = SUCCESS;


  /* Frequency cannot be equal to 0 */
  if(HCLK_Frequency == 0U)
 80050bc:	4602      	mov	r2, r0
 80050be:	2800      	cmp	r0, #0
 80050c0:	d03c      	beq.n	800513c <LL_SetFlashLatency+0x80>
  *         @arg @ref LL_PWR_REGU_VOLTAGE_SCALE3
  *         (*) LL_PWR_REGU_VOLTAGE_SCALE1 is not available for STM32F401xx devices
  */
__STATIC_INLINE uint32_t LL_PWR_GetRegulVoltageScaling(void)
{
  return (uint32_t)(READ_BIT(PWR->CR, PWR_CR_VOS));
 80050c2:	4b20      	ldr	r3, [pc, #128]	@ (8005144 <LL_SetFlashLatency+0x88>)
 80050c4:	6819      	ldr	r1, [r3, #0]
 80050c6:	681b      	ldr	r3, [r3, #0]
 80050c8:	f403 4340 	and.w	r3, r3, #49152	@ 0xc000
          latency = LL_FLASH_LATENCY_1;
        }
      }
#endif /* UTILS_SCALE1_LATENCY2_FREQ */
    }
    if(LL_PWR_GetRegulVoltageScaling() == LL_PWR_REGU_VOLTAGE_SCALE2)
 80050cc:	f5b3 4f00 	cmp.w	r3, #32768	@ 0x8000
 80050d0:	d01b      	beq.n	800510a <LL_SetFlashLatency+0x4e>
  uint32_t latency = LL_FLASH_LATENCY_0;  /* default value 0WS */
 80050d2:	2100      	movs	r1, #0
 80050d4:	4b1b      	ldr	r3, [pc, #108]	@ (8005144 <LL_SetFlashLatency+0x88>)
 80050d6:	681b      	ldr	r3, [r3, #0]
 80050d8:	f403 4340 	and.w	r3, r3, #49152	@ 0xc000
          latency = LL_FLASH_LATENCY_1;
        }
      }
    }
#if defined (LL_PWR_REGU_VOLTAGE_SCALE3)
    if(LL_PWR_GetRegulVoltageScaling() == LL_PWR_REGU_VOLTAGE_SCALE3)
 80050dc:	f5b3 4f80 	cmp.w	r3, #16384	@ 0x4000
 80050e0:	d01f      	beq.n	8005122 <LL_SetFlashLatency+0x66>
  MODIFY_REG(FLASH->ACR, FLASH_ACR_LATENCY, Latency);
 80050e2:	4a19      	ldr	r2, [pc, #100]	@ (8005148 <LL_SetFlashLatency+0x8c>)
 80050e4:	6813      	ldr	r3, [r2, #0]
 80050e6:	f023 0307 	bic.w	r3, r3, #7
 80050ea:	430b      	orrs	r3, r1
 80050ec:	6013      	str	r3, [r2, #0]
#endif /* LL_PWR_REGU_VOLTAGE_SCALE3 */

    LL_FLASH_SetLatency(latency);
    /* Check that the new number of wait states is taken into account to access the Flash
       memory by reading the FLASH_ACR register */
    timeout = 2;
 80050ee:	2202      	movs	r2, #2
  return (uint32_t)(READ_BIT(FLASH->ACR, FLASH_ACR_LATENCY));
 80050f0:	4b15      	ldr	r3, [pc, #84]	@ (8005148 <LL_SetFlashLatency+0x8c>)
 80050f2:	681b      	ldr	r3, [r3, #0]
 80050f4:	f003 0307 	and.w	r3, r3, #7
    do
    {
    /* Wait for Flash latency to be updated */
    getlatency = LL_FLASH_GetLatency();
    timeout--;
 80050f8:	3a01      	subs	r2, #1
    } while ((getlatency != latency) && (timeout > 0));
 80050fa:	4299      	cmp	r1, r3
 80050fc:	d001      	beq.n	8005102 <LL_SetFlashLatency+0x46>
 80050fe:	2a00      	cmp	r2, #0
 8005100:	d1f6      	bne.n	80050f0 <LL_SetFlashLatency+0x34>

    if(getlatency != latency)
 8005102:	4299      	cmp	r1, r3
 8005104:	d01c      	beq.n	8005140 <LL_SetFlashLatency+0x84>
    {
      status = ERROR;
 8005106:	2001      	movs	r0, #1
 8005108:	4770      	bx	lr
      if((HCLK_Frequency > UTILS_SCALE2_LATENCY2_FREQ)&&(latency == LL_FLASH_LATENCY_0))
 800510a:	4b10      	ldr	r3, [pc, #64]	@ (800514c <LL_SetFlashLatency+0x90>)
 800510c:	4298      	cmp	r0, r3
 800510e:	d804      	bhi.n	800511a <LL_SetFlashLatency+0x5e>
        if((HCLK_Frequency > UTILS_SCALE2_LATENCY1_FREQ)&&(latency == LL_FLASH_LATENCY_0))
 8005110:	4b0f      	ldr	r3, [pc, #60]	@ (8005150 <LL_SetFlashLatency+0x94>)
 8005112:	4298      	cmp	r0, r3
 8005114:	d803      	bhi.n	800511e <LL_SetFlashLatency+0x62>
  uint32_t latency = LL_FLASH_LATENCY_0;  /* default value 0WS */
 8005116:	2100      	movs	r1, #0
 8005118:	e7dc      	b.n	80050d4 <LL_SetFlashLatency+0x18>
        latency = LL_FLASH_LATENCY_2;
 800511a:	2102      	movs	r1, #2
 800511c:	e7da      	b.n	80050d4 <LL_SetFlashLatency+0x18>
          latency = LL_FLASH_LATENCY_1;
 800511e:	2101      	movs	r1, #1
 8005120:	e7d8      	b.n	80050d4 <LL_SetFlashLatency+0x18>
      if((HCLK_Frequency > UTILS_SCALE3_LATENCY2_FREQ)&&(latency == LL_FLASH_LATENCY_0))
 8005122:	4b0a      	ldr	r3, [pc, #40]	@ (800514c <LL_SetFlashLatency+0x90>)
 8005124:	429a      	cmp	r2, r3
 8005126:	d900      	bls.n	800512a <LL_SetFlashLatency+0x6e>
 8005128:	b131      	cbz	r1, 8005138 <LL_SetFlashLatency+0x7c>
        if((HCLK_Frequency > UTILS_SCALE3_LATENCY1_FREQ)&&(latency == LL_FLASH_LATENCY_0))
 800512a:	4b09      	ldr	r3, [pc, #36]	@ (8005150 <LL_SetFlashLatency+0x94>)
 800512c:	429a      	cmp	r2, r3
 800512e:	d9d8      	bls.n	80050e2 <LL_SetFlashLatency+0x26>
 8005130:	2900      	cmp	r1, #0
 8005132:	d1d6      	bne.n	80050e2 <LL_SetFlashLatency+0x26>
          latency = LL_FLASH_LATENCY_1;
 8005134:	2101      	movs	r1, #1
 8005136:	e7d4      	b.n	80050e2 <LL_SetFlashLatency+0x26>
        latency = LL_FLASH_LATENCY_2;
 8005138:	2102      	movs	r1, #2
 800513a:	e7d2      	b.n	80050e2 <LL_SetFlashLatency+0x26>
    status = ERROR;
 800513c:	2001      	movs	r0, #1
 800513e:	4770      	bx	lr
    }
    else
    {
      status = SUCCESS;
 8005140:	2000      	movs	r0, #0
    }
  }
  return status;
}
 8005142:	4770      	bx	lr
 8005144:	40007000 	.word	0x40007000
 8005148:	40023c00 	.word	0x40023c00
 800514c:	03938700 	.word	0x03938700
 8005150:	01c9c380 	.word	0x01c9c380

08005154 <reason_to_str>:
	return thread_name;
}

static const char *reason_to_str(unsigned int reason)
{
	switch (reason) {
 8005154:	2804      	cmp	r0, #4
 8005156:	d80c      	bhi.n	8005172 <reason_to_str+0x1e>
 8005158:	e8df f000 	tbb	[pc, r0]
 800515c:	07050d03 	.word	0x07050d03
 8005160:	09          	.byte	0x09
 8005161:	00          	.byte	0x00
 8005162:	4806      	ldr	r0, [pc, #24]	@ (800517c <reason_to_str+0x28>)
 8005164:	4770      	bx	lr
	case K_ERR_CPU_EXCEPTION:
		return "CPU exception";
	case K_ERR_SPURIOUS_IRQ:
		return "Unhandled interrupt";
	case K_ERR_STACK_CHK_FAIL:
		return "Stack overflow";
 8005166:	4806      	ldr	r0, [pc, #24]	@ (8005180 <reason_to_str+0x2c>)
 8005168:	4770      	bx	lr
	case K_ERR_KERNEL_OOPS:
		return "Kernel oops";
 800516a:	4806      	ldr	r0, [pc, #24]	@ (8005184 <reason_to_str+0x30>)
 800516c:	4770      	bx	lr
	case K_ERR_KERNEL_PANIC:
		return "Kernel panic";
 800516e:	4806      	ldr	r0, [pc, #24]	@ (8005188 <reason_to_str+0x34>)
 8005170:	4770      	bx	lr
	default:
		return "Unknown error";
 8005172:	4806      	ldr	r0, [pc, #24]	@ (800518c <reason_to_str+0x38>)
 8005174:	4770      	bx	lr
		return "Unhandled interrupt";
 8005176:	4806      	ldr	r0, [pc, #24]	@ (8005190 <reason_to_str+0x3c>)
	}
}
 8005178:	4770      	bx	lr
 800517a:	bf00      	nop
 800517c:	0800b330 	.word	0x0800b330
 8005180:	0800b354 	.word	0x0800b354
 8005184:	0800b364 	.word	0x0800b364
 8005188:	0800b370 	.word	0x0800b370
 800518c:	0800b380 	.word	0x0800b380
 8005190:	0800b340 	.word	0x0800b340

08005194 <thread_name_get>:
	const char *thread_name = (thread != NULL) ? k_thread_name_get(thread) : NULL;
 8005194:	b130      	cbz	r0, 80051a4 <thread_name_get+0x10>
{
 8005196:	b508      	push	{r3, lr}
	const char *thread_name = (thread != NULL) ? k_thread_name_get(thread) : NULL;
 8005198:	f004 fb36 	bl	8009808 <k_thread_name_get>
	if ((thread_name == NULL) || (thread_name[0] == '\0')) {
 800519c:	b120      	cbz	r0, 80051a8 <thread_name_get+0x14>
 800519e:	7803      	ldrb	r3, [r0, #0]
 80051a0:	b123      	cbz	r3, 80051ac <thread_name_get+0x18>
}
 80051a2:	bd08      	pop	{r3, pc}
		thread_name = "unknown";
 80051a4:	4802      	ldr	r0, [pc, #8]	@ (80051b0 <thread_name_get+0x1c>)
}
 80051a6:	4770      	bx	lr
		thread_name = "unknown";
 80051a8:	4801      	ldr	r0, [pc, #4]	@ (80051b0 <thread_name_get+0x1c>)
 80051aa:	e7fa      	b.n	80051a2 <thread_name_get+0xe>
 80051ac:	4800      	ldr	r0, [pc, #0]	@ (80051b0 <thread_name_get+0x1c>)
	return thread_name;
 80051ae:	e7f8      	b.n	80051a2 <thread_name_get+0xe>
 80051b0:	0800b390 	.word	0x0800b390

080051b4 <k_sys_fatal_error_handler>:
{
 80051b4:	b510      	push	{r4, lr}
 80051b6:	4604      	mov	r4, r0
	z_impl_log_panic();
 80051b8:	f7fd fa8a 	bl	80026d0 <z_impl_log_panic>
 80051bc:	4a03      	ldr	r2, [pc, #12]	@ (80051cc <k_sys_fatal_error_handler+0x18>)
 80051be:	2101      	movs	r1, #1
 80051c0:	4803      	ldr	r0, [pc, #12]	@ (80051d0 <k_sys_fatal_error_handler+0x1c>)
 80051c2:	f003 f9bf 	bl	8008544 <z_impl_z_log_msg_simple_create_0>
	arch_system_halt(reason);
 80051c6:	4620      	mov	r0, r4
 80051c8:	f004 fab4 	bl	8009734 <arch_system_halt>
 80051cc:	0800b398 	.word	0x0800b398
 80051d0:	0800a404 	.word	0x0800a404

080051d4 <z_fatal_error>:
	arch_system_halt(reason);
}
/* LCOV_EXCL_STOP */

void z_fatal_error(unsigned int reason, const struct arch_esf *esf)
{
 80051d4:	e92d 47f0 	stmdb	sp!, {r4, r5, r6, r7, r8, r9, sl, lr}
 80051d8:	b082      	sub	sp, #8
 80051da:	af00      	add	r7, sp, #0
 80051dc:	4605      	mov	r5, r0
 80051de:	460c      	mov	r4, r1
  __ASM volatile ("MRS %0, basepri" : "=r" (result) );
 80051e0:	f3ef 8811 	mrs	r8, BASEPRI
  __ASM volatile ("MSR basepri_max, %0" : : "r" (basePri) : "memory");
 80051e4:	2310      	movs	r3, #16
 80051e6:	f383 8812 	msr	BASEPRI_MAX, r3
 80051ea:	f3bf 8f6f 	isb	sy
	/* We can't allow this code to be preempted, but don't need to
	 * synchronize between CPUs, so an arch-layer lock is
	 * appropriate.
	 */
	unsigned int key = arch_irq_lock();
	struct k_thread *thread = IS_ENABLED(CONFIG_MULTITHREADING) ?
 80051ee:	f8df 91c4 	ldr.w	r9, [pc, #452]	@ 80053b4 <z_fatal_error+0x1e0>
 80051f2:	f8d9 6008 	ldr.w	r6, [r9, #8]
			_current : NULL;

	/* twister looks for the "ZEPHYR FATAL ERROR" string, don't
	 * change it without also updating twister
	 */
	LOG_ERR(">>> ZEPHYR FATAL ERROR %d: %s on CPU %d", reason,
 80051f6:	f7ff ffad 	bl	8005154 <reason_to_str>
 80051fa:	f899 1010 	ldrb.w	r1, [r9, #16]
 80051fe:	46e9      	mov	r9, sp
 8005200:	2301      	movs	r3, #1
 8005202:	713b      	strb	r3, [r7, #4]
 8005204:	2303      	movs	r3, #3
 8005206:	717b      	strb	r3, [r7, #5]
 8005208:	b08a      	sub	sp, #40	@ 0x28
 800520a:	46ec      	mov	ip, sp
 800520c:	f11c 0210 	adds.w	r2, ip, #16
 8005210:	d021      	beq.n	8005256 <z_fatal_error+0x82>
 8005212:	f04f 0e16 	mov.w	lr, #22
 8005216:	b15a      	cbz	r2, 8005230 <z_fatal_error+0x5c>
 8005218:	4673      	mov	r3, lr
 800521a:	f1be 0f04 	cmp.w	lr, #4
 800521e:	dd03      	ble.n	8005228 <z_fatal_error+0x54>
 8005220:	f8df a194 	ldr.w	sl, [pc, #404]	@ 80053b8 <z_fatal_error+0x1e4>
 8005224:	f8cc a014 	str.w	sl, [ip, #20]
 8005228:	2b08      	cmp	r3, #8
 800522a:	dd01      	ble.n	8005230 <z_fatal_error+0x5c>
 800522c:	f8cc 5018 	str.w	r5, [ip, #24]
 8005230:	2301      	movs	r3, #1
 8005232:	703b      	strb	r3, [r7, #0]
 8005234:	2303      	movs	r3, #3
 8005236:	707b      	strb	r3, [r7, #1]
 8005238:	b1d2      	cbz	r2, 8005270 <z_fatal_error+0x9c>
 800523a:	4673      	mov	r3, lr
 800523c:	f1be 0f0c 	cmp.w	lr, #12
 8005240:	dd01      	ble.n	8005246 <z_fatal_error+0x72>
 8005242:	f8cc 001c 	str.w	r0, [ip, #28]
 8005246:	2b10      	cmp	r3, #16
 8005248:	dd01      	ble.n	800524e <z_fatal_error+0x7a>
 800524a:	f8cc 1020 	str.w	r1, [ip, #32]
 800524e:	f10c 0324 	add.w	r3, ip, #36	@ 0x24
 8005252:	2100      	movs	r1, #0
 8005254:	e00a      	b.n	800526c <z_fatal_error+0x98>
 8005256:	f06f 4e00 	mvn.w	lr, #2147483648	@ 0x80000000
 800525a:	e7dc      	b.n	8005216 <z_fatal_error+0x42>
 800525c:	f101 0008 	add.w	r0, r1, #8
 8005260:	4438      	add	r0, r7
 8005262:	f810 0c08 	ldrb.w	r0, [r0, #-8]
 8005266:	f803 0b01 	strb.w	r0, [r3], #1
 800526a:	3101      	adds	r1, #1
 800526c:	2901      	cmp	r1, #1
 800526e:	d9f5      	bls.n	800525c <z_fatal_error+0x88>
 8005270:	f1be 0f15 	cmp.w	lr, #21
 8005274:	dd50      	ble.n	8005318 <z_fatal_error+0x144>
 8005276:	2316      	movs	r3, #22
 8005278:	b14a      	cbz	r2, 800528e <z_fatal_error+0xba>
 800527a:	2105      	movs	r1, #5
 800527c:	7139      	strb	r1, [r7, #4]
 800527e:	2100      	movs	r1, #0
 8005280:	7179      	strb	r1, [r7, #5]
 8005282:	71b9      	strb	r1, [r7, #6]
 8005284:	2101      	movs	r1, #1
 8005286:	71f9      	strb	r1, [r7, #7]
 8005288:	6878      	ldr	r0, [r7, #4]
 800528a:	f8cc 0010 	str.w	r0, [ip, #16]
 800528e:	2100      	movs	r1, #0
 8005290:	f021 0101 	bic.w	r1, r1, #1
 8005294:	f021 0102 	bic.w	r1, r1, #2
 8005298:	f021 0104 	bic.w	r1, r1, #4
 800529c:	f021 0138 	bic.w	r1, r1, #56	@ 0x38
 80052a0:	2001      	movs	r0, #1
 80052a2:	f360 1188 	bfi	r1, r0, #6, #3
 80052a6:	f3c3 030a 	ubfx	r3, r3, #0, #11
 80052aa:	f363 2153 	bfi	r1, r3, #9, #11
 80052ae:	f3c1 0113 	ubfx	r1, r1, #0, #20
	z_impl_z_log_msg_static_create(source, desc, package, data);
 80052b2:	2300      	movs	r3, #0
 80052b4:	4841      	ldr	r0, [pc, #260]	@ (80053bc <z_fatal_error+0x1e8>)
 80052b6:	f7fd faef 	bl	8002898 <z_impl_z_log_msg_static_create>
 80052ba:	46cd      	mov	sp, r9
	 * an IRQ or exception was being handled, or thread context.
	 *
	 * See #17656
	 */
#if defined(CONFIG_ARCH_HAS_NESTED_EXCEPTION_DETECTION)
	if ((esf != NULL) && arch_is_in_nested_exception(esf)) {
 80052bc:	b11c      	cbz	r4, 80052c6 <z_fatal_error+0xf2>
 * @return true if execution state was in handler mode, before
 *              the current exception occurred, otherwise false.
 */
static ALWAYS_INLINE bool arch_is_in_nested_exception(const struct arch_esf *esf)
{
	return (esf->basic.xpsr & IPSR_ISR_Msk) ? (true) : (false);
 80052be:	69e3      	ldr	r3, [r4, #28]
 80052c0:	f3c3 0308 	ubfx	r3, r3, #0, #9
 80052c4:	bb5b      	cbnz	r3, 800531e <z_fatal_error+0x14a>
		LOG_ERR("Fault during interrupt handling\n");
	}
#endif /* CONFIG_ARCH_HAS_NESTED_EXCEPTION_DETECTION */

	if (IS_ENABLED(CONFIG_MULTITHREADING)) {
		LOG_ERR("Current thread: %p (%s)", thread, thread_name_get(thread));
 80052c6:	4630      	mov	r0, r6
 80052c8:	f7ff ff64 	bl	8005194 <thread_name_get>
 80052cc:	46e9      	mov	r9, sp
 80052ce:	2301      	movs	r3, #1
 80052d0:	713b      	strb	r3, [r7, #4]
 80052d2:	2303      	movs	r3, #3
 80052d4:	717b      	strb	r3, [r7, #5]
 80052d6:	b08a      	sub	sp, #40	@ 0x28
 80052d8:	46ec      	mov	ip, sp
 80052da:	f11c 0210 	adds.w	r2, ip, #16
 80052de:	d024      	beq.n	800532a <z_fatal_error+0x156>
 80052e0:	f04f 0e12 	mov.w	lr, #18
 80052e4:	b152      	cbz	r2, 80052fc <z_fatal_error+0x128>
 80052e6:	4673      	mov	r3, lr
 80052e8:	f1be 0f04 	cmp.w	lr, #4
 80052ec:	dd02      	ble.n	80052f4 <z_fatal_error+0x120>
 80052ee:	4934      	ldr	r1, [pc, #208]	@ (80053c0 <z_fatal_error+0x1ec>)
 80052f0:	f8cc 1014 	str.w	r1, [ip, #20]
 80052f4:	2b08      	cmp	r3, #8
 80052f6:	dd01      	ble.n	80052fc <z_fatal_error+0x128>
 80052f8:	f8cc 6018 	str.w	r6, [ip, #24]
 80052fc:	2301      	movs	r3, #1
 80052fe:	703b      	strb	r3, [r7, #0]
 8005300:	2303      	movs	r3, #3
 8005302:	707b      	strb	r3, [r7, #1]
 8005304:	b1f2      	cbz	r2, 8005344 <z_fatal_error+0x170>
 8005306:	f1be 0f0c 	cmp.w	lr, #12
 800530a:	dd01      	ble.n	8005310 <z_fatal_error+0x13c>
 800530c:	f8cc 001c 	str.w	r0, [ip, #28]
 8005310:	f10c 0320 	add.w	r3, ip, #32
 8005314:	2100      	movs	r1, #0
 8005316:	e013      	b.n	8005340 <z_fatal_error+0x16c>
	LOG_ERR(">>> ZEPHYR FATAL ERROR %d: %s on CPU %d", reason,
 8005318:	f06f 031b 	mvn.w	r3, #27
 800531c:	e7ac      	b.n	8005278 <z_fatal_error+0xa4>
	z_impl_z_log_msg_simple_create_0(source, level, fmt);
 800531e:	4a29      	ldr	r2, [pc, #164]	@ (80053c4 <z_fatal_error+0x1f0>)
 8005320:	2101      	movs	r1, #1
 8005322:	4826      	ldr	r0, [pc, #152]	@ (80053bc <z_fatal_error+0x1e8>)
 8005324:	f003 f90e 	bl	8008544 <z_impl_z_log_msg_simple_create_0>
		LOG_ERR("Fault during interrupt handling\n");
 8005328:	e7cd      	b.n	80052c6 <z_fatal_error+0xf2>
		LOG_ERR("Current thread: %p (%s)", thread, thread_name_get(thread));
 800532a:	f06f 4e00 	mvn.w	lr, #2147483648	@ 0x80000000
 800532e:	e7d9      	b.n	80052e4 <z_fatal_error+0x110>
 8005330:	f101 0008 	add.w	r0, r1, #8
 8005334:	4438      	add	r0, r7
 8005336:	f810 0c08 	ldrb.w	r0, [r0, #-8]
 800533a:	f803 0b01 	strb.w	r0, [r3], #1
 800533e:	3101      	adds	r1, #1
 8005340:	2901      	cmp	r1, #1
 8005342:	d9f5      	bls.n	8005330 <z_fatal_error+0x15c>
 8005344:	f1be 0f11 	cmp.w	lr, #17
 8005348:	dd31      	ble.n	80053ae <z_fatal_error+0x1da>
 800534a:	2312      	movs	r3, #18
 800534c:	b14a      	cbz	r2, 8005362 <z_fatal_error+0x18e>
 800534e:	2104      	movs	r1, #4
 8005350:	7139      	strb	r1, [r7, #4]
 8005352:	2100      	movs	r1, #0
 8005354:	7179      	strb	r1, [r7, #5]
 8005356:	71b9      	strb	r1, [r7, #6]
 8005358:	2101      	movs	r1, #1
 800535a:	71f9      	strb	r1, [r7, #7]
 800535c:	6878      	ldr	r0, [r7, #4]
 800535e:	f8cc 0010 	str.w	r0, [ip, #16]
 8005362:	2100      	movs	r1, #0
 8005364:	f021 0101 	bic.w	r1, r1, #1
 8005368:	f021 0102 	bic.w	r1, r1, #2
 800536c:	f021 0104 	bic.w	r1, r1, #4
 8005370:	f021 0138 	bic.w	r1, r1, #56	@ 0x38
 8005374:	2001      	movs	r0, #1
 8005376:	f360 1188 	bfi	r1, r0, #6, #3
 800537a:	f3c3 030a 	ubfx	r3, r3, #0, #11
 800537e:	f363 2153 	bfi	r1, r3, #9, #11
 8005382:	f3c1 0113 	ubfx	r1, r1, #0, #20
	z_impl_z_log_msg_static_create(source, desc, package, data);
 8005386:	2300      	movs	r3, #0
 8005388:	480c      	ldr	r0, [pc, #48]	@ (80053bc <z_fatal_error+0x1e8>)
 800538a:	f7fd fa85 	bl	8002898 <z_impl_z_log_msg_static_create>
 800538e:	46cd      	mov	sp, r9
	}

	coredump(reason, esf, thread);

	k_sys_fatal_error_handler(reason, esf);
 8005390:	4621      	mov	r1, r4
 8005392:	4628      	mov	r0, r5
 8005394:	f7ff ff0e 	bl	80051b4 <k_sys_fatal_error_handler>
  __ASM volatile ("MSR basepri, %0" : : "r" (basePri) : "memory");
 8005398:	f388 8811 	msr	BASEPRI, r8
 800539c:	f3bf 8f6f 	isb	sy
	z_impl_k_thread_abort(thread);
 80053a0:	4630      	mov	r0, r6
 80053a2:	f7fe fad1 	bl	8003948 <z_impl_k_thread_abort>
	arch_irq_unlock(key);

	if (IS_ENABLED(CONFIG_MULTITHREADING)) {
		k_thread_abort(thread);
	}
}
 80053a6:	3708      	adds	r7, #8
 80053a8:	46bd      	mov	sp, r7
 80053aa:	e8bd 87f0 	ldmia.w	sp!, {r4, r5, r6, r7, r8, r9, sl, pc}
		LOG_ERR("Current thread: %p (%s)", thread, thread_name_get(thread));
 80053ae:	f06f 031b 	mvn.w	r3, #27
 80053b2:	e7cb      	b.n	800534c <z_fatal_error+0x178>
 80053b4:	200010d0 	.word	0x200010d0
 80053b8:	0800b3a8 	.word	0x0800b3a8
 80053bc:	0800a404 	.word	0x0800a404
 80053c0:	0800b3f4 	.word	0x0800b3f4
 80053c4:	0800b3d0 	.word	0x0800b3d0

080053c8 <init_idle_thread>:
} /* LCOV_EXCL_LINE ... because we just dumped final coverage data */

#if defined(CONFIG_MULTITHREADING)
__boot_func
static void init_idle_thread(int i)
{
 80053c8:	b510      	push	{r4, lr}
 80053ca:	b086      	sub	sp, #24
	struct k_thread *thread = &z_idle_threads[i];
 80053cc:	23b8      	movs	r3, #184	@ 0xb8
 80053ce:	4c11      	ldr	r4, [pc, #68]	@ (8005414 <init_idle_thread+0x4c>)
 80053d0:	fb03 4400 	mla	r4, r3, r0, r4
	k_thread_stack_t *stack = z_idle_stacks[i];
 80053d4:	eb00 0c40 	add.w	ip, r0, r0, lsl #1
#else
	char *tname = NULL;
#endif /* CONFIG_THREAD_NAME */

	z_setup_new_thread(thread, stack,
			  stack_size, idle, &_kernel.cpus[i],
 80053d8:	eb00 0080 	add.w	r0, r0, r0, lsl #2
 80053dc:	4b0e      	ldr	r3, [pc, #56]	@ (8005418 <init_idle_thread+0x50>)
 80053de:	eb03 0380 	add.w	r3, r3, r0, lsl #2
	z_setup_new_thread(thread, stack,
 80053e2:	4a0e      	ldr	r2, [pc, #56]	@ (800541c <init_idle_thread+0x54>)
 80053e4:	9205      	str	r2, [sp, #20]
 80053e6:	2201      	movs	r2, #1
 80053e8:	9204      	str	r2, [sp, #16]
 80053ea:	220f      	movs	r2, #15
 80053ec:	9203      	str	r2, [sp, #12]
 80053ee:	2200      	movs	r2, #0
 80053f0:	9202      	str	r2, [sp, #8]
 80053f2:	9201      	str	r2, [sp, #4]
 80053f4:	9300      	str	r3, [sp, #0]
 80053f6:	4b0a      	ldr	r3, [pc, #40]	@ (8005420 <init_idle_thread+0x58>)
 80053f8:	f44f 72a0 	mov.w	r2, #320	@ 0x140
 80053fc:	4909      	ldr	r1, [pc, #36]	@ (8005424 <init_idle_thread+0x5c>)
 80053fe:	eb01 11cc 	add.w	r1, r1, ip, lsl #7
 8005402:	4620      	mov	r0, r4
 8005404:	f000 fa80 	bl	8005908 <z_setup_new_thread>
	thread->base.thread_state |= _THREAD_SLEEPING;
}

static inline void z_mark_thread_as_not_sleeping(struct k_thread *thread)
{
	thread->base.thread_state &= ~_THREAD_SLEEPING;
 8005408:	7c23      	ldrb	r3, [r4, #16]
 800540a:	f023 0304 	bic.w	r3, r3, #4
 800540e:	7423      	strb	r3, [r4, #16]
	z_mark_thread_as_not_sleeping(thread);

#ifdef CONFIG_SMP
	thread->base.is_idle = 1U;
#endif /* CONFIG_SMP */
}
 8005410:	b006      	add	sp, #24
 8005412:	bd10      	pop	{r4, pc}
 8005414:	20000c30 	.word	0x20000c30
 8005418:	200010d0 	.word	0x200010d0
 800541c:	0800b40c 	.word	0x0800b40c
 8005420:	08009745 	.word	0x08009745
 8005424:	20002a40 	.word	0x20002a40

08005428 <z_sys_init_run_level>:
{
 8005428:	b538      	push	{r3, r4, r5, lr}
 800542a:	4605      	mov	r5, r0
	for (entry = levels[level]; entry < levels[level+1]; entry++) {
 800542c:	4b0b      	ldr	r3, [pc, #44]	@ (800545c <z_sys_init_run_level+0x34>)
 800542e:	f853 4020 	ldr.w	r4, [r3, r0, lsl #2]
 8005432:	e002      	b.n	800543a <z_sys_init_run_level+0x12>
			result = entry->init_fn();
 8005434:	6823      	ldr	r3, [r4, #0]
 8005436:	4798      	blx	r3
	for (entry = levels[level]; entry < levels[level+1]; entry++) {
 8005438:	3408      	adds	r4, #8
 800543a:	1c6b      	adds	r3, r5, #1
 800543c:	4a07      	ldr	r2, [pc, #28]	@ (800545c <z_sys_init_run_level+0x34>)
 800543e:	f852 3023 	ldr.w	r3, [r2, r3, lsl #2]
 8005442:	42a3      	cmp	r3, r4
 8005444:	d909      	bls.n	800545a <z_sys_init_run_level+0x32>
		const struct device *dev = entry->dev;
 8005446:	6860      	ldr	r0, [r4, #4]
		if (dev != NULL) {
 8005448:	2800      	cmp	r0, #0
 800544a:	d0f3      	beq.n	8005434 <z_sys_init_run_level+0xc>
			if ((dev->flags & DEVICE_FLAG_INIT_DEFERRED) == 0U) {
 800544c:	7e03      	ldrb	r3, [r0, #24]
 800544e:	f013 0f01 	tst.w	r3, #1
 8005452:	d1f1      	bne.n	8005438 <z_sys_init_run_level+0x10>
				result = do_device_init(dev);
 8005454:	f004 f945 	bl	80096e2 <do_device_init>
 8005458:	e7ee      	b.n	8005438 <z_sys_init_run_level+0x10>
}
 800545a:	bd38      	pop	{r3, r4, r5, pc}
 800545c:	0800b86c 	.word	0x0800b86c

08005460 <thread_schedule_new>:
{
 8005460:	b508      	push	{r3, lr}
	if (K_TIMEOUT_EQ(delay, K_NO_WAIT)) {
 8005462:	ea53 0102 	orrs.w	r1, r3, r2
 8005466:	d102      	bne.n	800546e <thread_schedule_new+0xe>
	z_impl_k_wakeup(thread);
 8005468:	f000 fe3c 	bl	80060e4 <z_impl_k_wakeup>
}
 800546c:	bd08      	pop	{r3, pc}

extern void z_thread_timeout(struct _timeout *timeout);

static inline k_ticks_t z_add_thread_timeout(struct k_thread *thread, k_timeout_t ticks)
{
	return z_add_timeout(&thread->base.timeout, z_thread_timeout, ticks);
 800546e:	4902      	ldr	r1, [pc, #8]	@ (8005478 <thread_schedule_new+0x18>)
 8005470:	3018      	adds	r0, #24
 8005472:	f000 fff7 	bl	8006464 <z_add_timeout>
 8005476:	e7f9      	b.n	800546c <thread_schedule_new+0xc>
 8005478:	080099d3 	.word	0x080099d3

0800547c <z_init_static_threads>:
{
 800547c:	b510      	push	{r4, lr}
 800547e:	b086      	sub	sp, #24
	STRUCT_SECTION_FOREACH(_static_thread_data, thread_data) {
 8005480:	4c18      	ldr	r4, [pc, #96]	@ (80054e4 <z_init_static_threads+0x68>)
 8005482:	e014      	b.n	80054ae <z_init_static_threads+0x32>
		z_setup_new_thread(
 8005484:	6a63      	ldr	r3, [r4, #36]	@ 0x24
 8005486:	9305      	str	r3, [sp, #20]
 8005488:	6a23      	ldr	r3, [r4, #32]
 800548a:	9304      	str	r3, [sp, #16]
 800548c:	69e3      	ldr	r3, [r4, #28]
 800548e:	9303      	str	r3, [sp, #12]
 8005490:	69a3      	ldr	r3, [r4, #24]
 8005492:	9302      	str	r3, [sp, #8]
 8005494:	6963      	ldr	r3, [r4, #20]
 8005496:	9301      	str	r3, [sp, #4]
 8005498:	6923      	ldr	r3, [r4, #16]
 800549a:	9300      	str	r3, [sp, #0]
 800549c:	68e3      	ldr	r3, [r4, #12]
 800549e:	68a2      	ldr	r2, [r4, #8]
 80054a0:	6861      	ldr	r1, [r4, #4]
 80054a2:	6820      	ldr	r0, [r4, #0]
 80054a4:	f000 fa30 	bl	8005908 <z_setup_new_thread>
		thread_data->init_thread->init_data = thread_data;
 80054a8:	6823      	ldr	r3, [r4, #0]
 80054aa:	655c      	str	r4, [r3, #84]	@ 0x54
	STRUCT_SECTION_FOREACH(_static_thread_data, thread_data) {
 80054ac:	3430      	adds	r4, #48	@ 0x30
 80054ae:	4b0e      	ldr	r3, [pc, #56]	@ (80054e8 <z_init_static_threads+0x6c>)
 80054b0:	429c      	cmp	r4, r3
 80054b2:	d3e7      	bcc.n	8005484 <z_init_static_threads+0x8>
	k_sched_lock();
 80054b4:	f000 fcfc 	bl	8005eb0 <k_sched_lock>
	STRUCT_SECTION_FOREACH(_static_thread_data, thread_data) {
 80054b8:	4c0a      	ldr	r4, [pc, #40]	@ (80054e4 <z_init_static_threads+0x68>)
 80054ba:	e003      	b.n	80054c4 <z_init_static_threads+0x48>
			thread_schedule_new(thread_data->init_thread,
 80054bc:	6820      	ldr	r0, [r4, #0]
 80054be:	f7ff ffcf 	bl	8005460 <thread_schedule_new>
	STRUCT_SECTION_FOREACH(_static_thread_data, thread_data) {
 80054c2:	3430      	adds	r4, #48	@ 0x30
 80054c4:	4b08      	ldr	r3, [pc, #32]	@ (80054e8 <z_init_static_threads+0x6c>)
 80054c6:	429c      	cmp	r4, r3
 80054c8:	d208      	bcs.n	80054dc <z_init_static_threads+0x60>
		k_timeout_t init_delay = Z_THREAD_INIT_DELAY(thread_data);
 80054ca:	6aa2      	ldr	r2, [r4, #40]	@ 0x28
 80054cc:	6ae3      	ldr	r3, [r4, #44]	@ 0x2c
		if (!K_TIMEOUT_EQ(init_delay, K_FOREVER)) {
 80054ce:	f1b3 3fff 	cmp.w	r3, #4294967295
 80054d2:	bf08      	it	eq
 80054d4:	f1b2 3fff 	cmpeq.w	r2, #4294967295
 80054d8:	d0f3      	beq.n	80054c2 <z_init_static_threads+0x46>
 80054da:	e7ef      	b.n	80054bc <z_init_static_threads+0x40>
	k_sched_unlock();
 80054dc:	f000 fd00 	bl	8005ee0 <k_sched_unlock>
}
 80054e0:	b006      	add	sp, #24
 80054e2:	bd10      	pop	{r4, pc}
 80054e4:	0800a238 	.word	0x0800a238
 80054e8:	0800a358 	.word	0x0800a358

080054ec <bg_thread_main>:
{
 80054ec:	b508      	push	{r3, lr}
	z_sys_post_kernel = true;
 80054ee:	4b0a      	ldr	r3, [pc, #40]	@ (8005518 <bg_thread_main+0x2c>)
 80054f0:	2201      	movs	r2, #1
 80054f2:	701a      	strb	r2, [r3, #0]
	z_sys_init_run_level(INIT_LEVEL_POST_KERNEL);
 80054f4:	2003      	movs	r0, #3
 80054f6:	f7ff ff97 	bl	8005428 <z_sys_init_run_level>
	boot_banner();
 80054fa:	f001 f9f9 	bl	80068f0 <boot_banner>
	z_sys_init_run_level(INIT_LEVEL_APPLICATION);
 80054fe:	2004      	movs	r0, #4
 8005500:	f7ff ff92 	bl	8005428 <z_sys_init_run_level>
	z_init_static_threads();
 8005504:	f7ff ffba 	bl	800547c <z_init_static_threads>
	(void)main();
 8005508:	f004 fbe3 	bl	8009cd2 <main>
 * Exceptions raised by this thread may be recoverable.
 * (This is the default tag for a thread.)
 */
static inline void z_thread_essential_clear(struct k_thread *thread)
{
	thread->base.user_options &= ~K_ESSENTIAL;
 800550c:	4a03      	ldr	r2, [pc, #12]	@ (800551c <bg_thread_main+0x30>)
 800550e:	8993      	ldrh	r3, [r2, #12]
 8005510:	f023 0301 	bic.w	r3, r3, #1
 8005514:	8193      	strh	r3, [r2, #12]
} /* LCOV_EXCL_LINE ... because we just dumped final coverage data */
 8005516:	bd08      	pop	{r3, pc}
 8005518:	20001110 	.word	0x20001110
 800551c:	20000ce8 	.word	0x20000ce8

08005520 <switch_to_main_thread>:
	return stack_ptr;
}

__boot_func
static FUNC_NORETURN void switch_to_main_thread(char *stack_ptr)
{
 8005520:	b508      	push	{r3, lr}
 8005522:	4601      	mov	r1, r0
#ifdef CONFIG_ARCH_HAS_CUSTOM_SWAP_TO_MAIN
	arch_switch_to_main_thread(&z_main_thread, stack_ptr, bg_thread_main);
 8005524:	4a01      	ldr	r2, [pc, #4]	@ (800552c <switch_to_main_thread+0xc>)
 8005526:	4802      	ldr	r0, [pc, #8]	@ (8005530 <switch_to_main_thread+0x10>)
 8005528:	f7fe f9d8 	bl	80038dc <arch_switch_to_main_thread>
	 * current fake thread is not on a wait queue or ready queue, so it
	 * will never be rescheduled in.
	 */
	z_swap_unlocked();
#endif /* CONFIG_ARCH_HAS_CUSTOM_SWAP_TO_MAIN */
	CODE_UNREACHABLE; /* LCOV_EXCL_LINE */
 800552c:	080054ed 	.word	0x080054ed
 8005530:	20000ce8 	.word	0x20000ce8

08005534 <z_init_cpu>:
{
 8005534:	b510      	push	{r4, lr}
 8005536:	4604      	mov	r4, r0
	init_idle_thread(id);
 8005538:	f7ff ff46 	bl	80053c8 <init_idle_thread>
	_kernel.cpus[id].idle_thread = &z_idle_threads[id];
 800553c:	23b8      	movs	r3, #184	@ 0xb8
 800553e:	490b      	ldr	r1, [pc, #44]	@ (800556c <z_init_cpu+0x38>)
 8005540:	fb03 1104 	mla	r1, r3, r4, r1
 8005544:	4a0a      	ldr	r2, [pc, #40]	@ (8005570 <z_init_cpu+0x3c>)
 8005546:	eb04 0384 	add.w	r3, r4, r4, lsl #2
 800554a:	eb02 0383 	add.w	r3, r2, r3, lsl #2
 800554e:	60d9      	str	r1, [r3, #12]
	_kernel.cpus[id].id = id;
 8005550:	741c      	strb	r4, [r3, #16]
		(K_KERNEL_STACK_BUFFER(z_interrupt_stacks[id]) +
 8005552:	eb04 1144 	add.w	r1, r4, r4, lsl #5
 8005556:	4b07      	ldr	r3, [pc, #28]	@ (8005574 <z_init_cpu+0x40>)
 8005558:	eb03 1381 	add.w	r3, r3, r1, lsl #6
 800555c:	f503 6304 	add.w	r3, r3, #2112	@ 0x840
	_kernel.cpus[id].irq_stack =
 8005560:	eb04 0484 	add.w	r4, r4, r4, lsl #2
 8005564:	eb02 0284 	add.w	r2, r2, r4, lsl #2
 8005568:	6053      	str	r3, [r2, #4]
}
 800556a:	bd10      	pop	{r4, pc}
 800556c:	20000c30 	.word	0x20000c30
 8005570:	200010d0 	.word	0x200010d0
 8005574:	20002200 	.word	0x20002200

08005578 <prepare_multithreading>:
{
 8005578:	b570      	push	{r4, r5, r6, lr}
 800557a:	b086      	sub	sp, #24
	z_sched_init();
 800557c:	f000 fce2 	bl	8005f44 <z_sched_init>
	_kernel.ready_q.cache = &z_main_thread;
 8005580:	4d10      	ldr	r5, [pc, #64]	@ (80055c4 <prepare_multithreading+0x4c>)
 8005582:	4b11      	ldr	r3, [pc, #68]	@ (80055c8 <prepare_multithreading+0x50>)
 8005584:	615d      	str	r5, [r3, #20]
	stack_ptr = z_setup_new_thread(&z_main_thread, z_main_stack,
 8005586:	4b11      	ldr	r3, [pc, #68]	@ (80055cc <prepare_multithreading+0x54>)
 8005588:	9305      	str	r3, [sp, #20]
 800558a:	2301      	movs	r3, #1
 800558c:	9304      	str	r3, [sp, #16]
 800558e:	2400      	movs	r4, #0
 8005590:	9403      	str	r4, [sp, #12]
 8005592:	9402      	str	r4, [sp, #8]
 8005594:	9401      	str	r4, [sp, #4]
 8005596:	9400      	str	r4, [sp, #0]
 8005598:	4b0d      	ldr	r3, [pc, #52]	@ (80055d0 <prepare_multithreading+0x58>)
 800559a:	f44f 6280 	mov.w	r2, #1024	@ 0x400
 800559e:	490d      	ldr	r1, [pc, #52]	@ (80055d4 <prepare_multithreading+0x5c>)
 80055a0:	4628      	mov	r0, r5
 80055a2:	f000 f9b1 	bl	8005908 <z_setup_new_thread>
 80055a6:	4606      	mov	r6, r0
	thread->base.thread_state &= ~_THREAD_SLEEPING;
 80055a8:	7c2b      	ldrb	r3, [r5, #16]
 80055aa:	f023 0304 	bic.w	r3, r3, #4
 80055ae:	742b      	strb	r3, [r5, #16]
	z_ready_thread(&z_main_thread);
 80055b0:	4628      	mov	r0, r5
 80055b2:	f004 f9b9 	bl	8009928 <z_ready_thread>
	z_init_cpu(0);
 80055b6:	4620      	mov	r0, r4
 80055b8:	f7ff ffbc 	bl	8005534 <z_init_cpu>
}
 80055bc:	4630      	mov	r0, r6
 80055be:	b006      	add	sp, #24
 80055c0:	bd70      	pop	{r4, r5, r6, pc}
 80055c2:	bf00      	nop
 80055c4:	20000ce8 	.word	0x20000ce8
 80055c8:	200010d0 	.word	0x200010d0
 80055cc:	0800b414 	.word	0x0800b414
 80055d0:	080054ed 	.word	0x080054ed
 80055d4:	20002bc0 	.word	0x20002bc0

080055d8 <z_cstart>:
 * @return Does not return
 */
__boot_func
FUNC_NO_STACK_PROTECTOR
FUNC_NORETURN void z_cstart(void)
{
 80055d8:	b508      	push	{r3, lr}
	/* gcov hook needed to get the coverage report.*/
	gcov_static_init();

	/* initialize early init calls */
	z_sys_init_run_level(INIT_LEVEL_EARLY);
 80055da:	2000      	movs	r0, #0
 80055dc:	f7ff ff24 	bl	8005428 <z_sys_init_run_level>
 * pointer) register, and switched to automatically when taking an exception.
 *
 */
static ALWAYS_INLINE void z_arm_interrupt_stack_setup(void)
{
	uint32_t msp = (uint32_t)(K_KERNEL_STACK_BUFFER(z_interrupt_stacks[0])) +
 80055e0:	4b19      	ldr	r3, [pc, #100]	@ (8005648 <z_cstart+0x70>)
  __ASM volatile ("MSR msp, %0" : : "r" (topOfMainStack) : );
 80055e2:	f383 8808 	msr	MSP, r3
	 * for Cortex-M3 and Cortex-M4 (ARMv7-M) MCUs. For the rest
	 * of ARM Cortex-M processors this setting is enforced by
	 * default and it is not configurable.
	 */
#if defined(CONFIG_CPU_CORTEX_M3) || defined(CONFIG_CPU_CORTEX_M4)
	SCB->CCR |= SCB_CCR_STKALIGN_Msk;
 80055e6:	4c19      	ldr	r4, [pc, #100]	@ (800564c <z_cstart+0x74>)
 80055e8:	6963      	ldr	r3, [r4, #20]
 80055ea:	f443 7300 	orr.w	r3, r3, #512	@ 0x200
 80055ee:	6163      	str	r3, [r4, #20]
 80055f0:	23f0      	movs	r3, #240	@ 0xf0
 80055f2:	f884 3022 	strb.w	r3, [r4, #34]	@ 0x22
 80055f6:	2300      	movs	r3, #0
 80055f8:	77e3      	strb	r3, [r4, #31]
 80055fa:	7623      	strb	r3, [r4, #24]
 80055fc:	7663      	strb	r3, [r4, #25]
 80055fe:	76a3      	strb	r3, [r4, #26]
 8005600:	f884 3020 	strb.w	r3, [r4, #32]
#if defined(CONFIG_ARM_SECURE_FIRMWARE)
	NVIC_SetPriority(SecureFault_IRQn, _EXC_FAULT_PRIO);
#endif /* CONFIG_ARM_SECURE_FIRMWARE */

	/* Enable Usage, Mem, & Bus Faults */
	SCB->SHCSR |=
 8005604:	6a63      	ldr	r3, [r4, #36]	@ 0x24
 8005606:	f443 23e0 	orr.w	r3, r3, #458752	@ 0x70000
 800560a:	6263      	str	r3, [r4, #36]	@ 0x24

static ALWAYS_INLINE void arch_kernel_init(void)
{
	z_arm_interrupt_stack_setup();
	z_arm_exc_setup();
	z_arm_fault_init();
 800560c:	f7fe f88c 	bl	8003728 <z_arm_fault_init>
	z_arm_cpu_idle_init();
 8005610:	f7fe f984 	bl	800391c <z_arm_cpu_idle_init>
static ALWAYS_INLINE void z_arm_clear_faults(void)
{
#if defined(CONFIG_ARMV6_M_ARMV8_M_BASELINE)
#elif defined(CONFIG_ARMV7_M_ARMV8_M_MAINLINE)
	/* Reset all faults */
	SCB->CFSR = SCB_CFSR_USGFAULTSR_Msk | SCB_CFSR_MEMFAULTSR_Msk | SCB_CFSR_BUSFAULTSR_Msk;
 8005614:	f04f 33ff 	mov.w	r3, #4294967295
 8005618:	62a3      	str	r3, [r4, #40]	@ 0x28

	/* Clear all Hard Faults - HFSR is write-one-to-clear */
	SCB->HFSR = 0xffffffff;
 800561a:	62e3      	str	r3, [r4, #44]	@ 0x2c
	z_arm_clear_faults();
#if defined(CONFIG_ARM_MPU)
	z_arm_mpu_init();
 800561c:	f7fe fad2 	bl	8003bc4 <z_arm_mpu_init>
	 * to set up access permissions for fixed memory sections, such
	 * as Application Memory or No-Cacheable SRAM area.
	 *
	 * This function is invoked once, upon system initialization.
	 */
	z_arm_configure_static_mpu_regions();
 8005620:	f7fe fa0e 	bl	8003a40 <z_arm_configure_static_mpu_regions>

	/* perform any architecture-specific initialization */
	arch_kernel_init();

	LOG_CORE_INIT();
 8005624:	f7fc ff9a 	bl	800255c <log_core_init>

#if defined(CONFIG_MULTITHREADING)
	z_dummy_thread_init(&_thread_dummy);
 8005628:	4809      	ldr	r0, [pc, #36]	@ (8005650 <z_cstart+0x78>)
 800562a:	f000 f9cf 	bl	80059cc <z_dummy_thread_init>
#endif /* CONFIG_MULTITHREADING */
	/* do any necessary initialization of static devices */
	z_device_state_init();

	soc_early_init_hook();
 800562e:	f7fc fdc5 	bl	80021bc <soc_early_init_hook>

	board_early_init_hook();

	/* perform basic hardware initialization */
	z_sys_init_run_level(INIT_LEVEL_PRE_KERNEL_1);
 8005632:	2001      	movs	r0, #1
 8005634:	f7ff fef8 	bl	8005428 <z_sys_init_run_level>
#if defined(CONFIG_SMP)
	arch_smp_init();
#endif
	z_sys_init_run_level(INIT_LEVEL_PRE_KERNEL_2);
 8005638:	2002      	movs	r0, #2
 800563a:	f7ff fef5 	bl	8005428 <z_sys_init_run_level>
	timing_init();
	timing_start();
#endif /* CONFIG_TIMING_FUNCTIONS_NEED_AT_BOOT */

#ifdef CONFIG_MULTITHREADING
	switch_to_main_thread(prepare_multithreading());
 800563e:	f7ff ff9b 	bl	8005578 <prepare_multithreading>
 8005642:	f7ff ff6d 	bl	8005520 <switch_to_main_thread>
 8005646:	bf00      	nop
 8005648:	20002a40 	.word	0x20002a40
 800564c:	e000ed00 	.word	0xe000ed00
 8005650:	20000da0 	.word	0x20000da0

08005654 <z_impl_k_mutex_lock>:
	return false;
}
#endif

int z_impl_k_mutex_lock(struct k_mutex *mutex, k_timeout_t timeout)
{
 8005654:	e92d 41f0 	stmdb	sp!, {r4, r5, r6, r7, r8, lr}
 8005658:	b082      	sub	sp, #8
 800565a:	4604      	mov	r4, r0
  __ASM volatile ("MRS %0, basepri" : "=r" (result) );
 800565c:	f3ef 8711 	mrs	r7, BASEPRI
  __ASM volatile ("MSR basepri_max, %0" : : "r" (basePri) : "memory");
 8005660:	2110      	movs	r1, #16
 8005662:	f381 8812 	msr	BASEPRI_MAX, r1
 8005666:	f3bf 8f6f 	isb	sy

	SYS_PORT_TRACING_OBJ_FUNC_ENTER(k_mutex, lock, mutex, timeout);

	key = k_spin_lock(&lock);

	if (likely((mutex->lock_count == 0U) || (mutex->owner == _current))) {
 800566a:	68c1      	ldr	r1, [r0, #12]
 800566c:	b999      	cbnz	r1, 8005696 <z_impl_k_mutex_lock+0x42>

#if (CONFIG_PRIORITY_CEILING < K_LOWEST_THREAD_PRIO)
		mutex->owner_orig_prio = (mutex->lock_count == 0U) ?
					_current->base.prio :
 800566e:	2900      	cmp	r1, #0
 8005670:	d150      	bne.n	8005714 <z_impl_k_mutex_lock+0xc0>
 8005672:	4b36      	ldr	r3, [pc, #216]	@ (800574c <z_impl_k_mutex_lock+0xf8>)
 8005674:	689b      	ldr	r3, [r3, #8]
 8005676:	f993 300e 	ldrsb.w	r3, [r3, #14]
		mutex->owner_orig_prio = (mutex->lock_count == 0U) ?
 800567a:	6123      	str	r3, [r4, #16]
					mutex->owner_orig_prio;
#endif

		mutex->lock_count++;
 800567c:	3101      	adds	r1, #1
 800567e:	60e1      	str	r1, [r4, #12]
		mutex->owner = _current;
 8005680:	4b32      	ldr	r3, [pc, #200]	@ (800574c <z_impl_k_mutex_lock+0xf8>)
 8005682:	689b      	ldr	r3, [r3, #8]
 8005684:	60a3      	str	r3, [r4, #8]
  __ASM volatile ("MSR basepri, %0" : : "r" (basePri) : "memory");
 8005686:	f387 8811 	msr	BASEPRI, r7
 800568a:	f3bf 8f6f 	isb	sy

		k_spin_unlock(&lock, key);

		SYS_PORT_TRACING_OBJ_FUNC_EXIT(k_mutex, lock, mutex, timeout, 0);

		return 0;
 800568e:	2000      	movs	r0, #0
#else
	SYS_PORT_TRACING_OBJ_FUNC_EXIT(k_mutex, lock, mutex, timeout, got_mutex);

	return got_mutex;
#endif
}
 8005690:	b002      	add	sp, #8
 8005692:	e8bd 81f0 	ldmia.w	sp!, {r4, r5, r6, r7, r8, pc}
 8005696:	4616      	mov	r6, r2
 8005698:	461d      	mov	r5, r3
	if (likely((mutex->lock_count == 0U) || (mutex->owner == _current))) {
 800569a:	6882      	ldr	r2, [r0, #8]
 800569c:	4b2b      	ldr	r3, [pc, #172]	@ (800574c <z_impl_k_mutex_lock+0xf8>)
 800569e:	689b      	ldr	r3, [r3, #8]
 80056a0:	429a      	cmp	r2, r3
 80056a2:	d0e4      	beq.n	800566e <z_impl_k_mutex_lock+0x1a>
	if (unlikely(K_TIMEOUT_EQ(timeout, K_NO_WAIT))) {
 80056a4:	ea55 0106 	orrs.w	r1, r5, r6
 80056a8:	d036      	beq.n	8005718 <z_impl_k_mutex_lock+0xc4>
					    mutex->owner->base.prio);
 80056aa:	f992 800e 	ldrsb.w	r8, [r2, #14]
	new_prio = new_prio_for_inheritance(_current->base.prio,
 80056ae:	4641      	mov	r1, r8
 80056b0:	f993 000e 	ldrsb.w	r0, [r3, #14]
 80056b4:	f004 f853 	bl	800975e <new_prio_for_inheritance>
	if (z_is_prio_higher(new_prio, mutex->owner->base.prio)) {
 80056b8:	4580      	cmp	r8, r0
 80056ba:	dc34      	bgt.n	8005726 <z_impl_k_mutex_lock+0xd2>
	bool resched = false;
 80056bc:	f04f 0800 	mov.w	r8, #0
	int got_mutex = z_pend_curr(&lock, key, &mutex->wait_q, timeout);
 80056c0:	9600      	str	r6, [sp, #0]
 80056c2:	9501      	str	r5, [sp, #4]
 80056c4:	4622      	mov	r2, r4
 80056c6:	4639      	mov	r1, r7
 80056c8:	4821      	ldr	r0, [pc, #132]	@ (8005750 <z_impl_k_mutex_lock+0xfc>)
 80056ca:	f000 fb31 	bl	8005d30 <z_pend_curr>
	if (got_mutex == 0) {
 80056ce:	2800      	cmp	r0, #0
 80056d0:	d0de      	beq.n	8005690 <z_impl_k_mutex_lock+0x3c>
  __ASM volatile ("MRS %0, basepri" : "=r" (result) );
 80056d2:	f3ef 8511 	mrs	r5, BASEPRI
  __ASM volatile ("MSR basepri_max, %0" : : "r" (basePri) : "memory");
 80056d6:	2310      	movs	r3, #16
 80056d8:	f383 8812 	msr	BASEPRI_MAX, r3
 80056dc:	f3bf 8f6f 	isb	sy
	if (likely(mutex->owner != NULL)) {
 80056e0:	68a3      	ldr	r3, [r4, #8]
 80056e2:	b343      	cbz	r3, 8005736 <z_impl_k_mutex_lock+0xe2>
 * @return true if empty, false otherwise
 */

static inline bool sys_dlist_is_empty(const sys_dlist_t *list)
{
	return list->head == list;
 80056e4:	6823      	ldr	r3, [r4, #0]
 * @return a pointer to the head element, NULL if list is empty
 */

static inline sys_dnode_t *sys_dlist_peek_head(const sys_dlist_t *list)
{
	return sys_dlist_is_empty(list) ? NULL : list->head;
 80056e6:	429c      	cmp	r4, r3
 80056e8:	d023      	beq.n	8005732 <z_impl_k_mutex_lock+0xde>
			new_prio_for_inheritance(waiter->base.prio, mutex->owner_orig_prio) :
 80056ea:	b313      	cbz	r3, 8005732 <z_impl_k_mutex_lock+0xde>
 80056ec:	6921      	ldr	r1, [r4, #16]
 80056ee:	f993 000e 	ldrsb.w	r0, [r3, #14]
 80056f2:	f004 f834 	bl	800975e <new_prio_for_inheritance>
 80056f6:	4601      	mov	r1, r0
		resched = adjust_owner_prio(mutex, new_prio) || resched;
 80056f8:	4620      	mov	r0, r4
 80056fa:	f004 f83b 	bl	8009774 <adjust_owner_prio>
 80056fe:	b9e8      	cbnz	r0, 800573c <z_impl_k_mutex_lock+0xe8>
 8005700:	f1b8 0f00 	cmp.w	r8, #0
 8005704:	d11a      	bne.n	800573c <z_impl_k_mutex_lock+0xe8>
  __ASM volatile ("MSR basepri, %0" : : "r" (basePri) : "memory");
 8005706:	f385 8811 	msr	BASEPRI, r5
 800570a:	f3bf 8f6f 	isb	sy
	return -EAGAIN;
 800570e:	f06f 000a 	mvn.w	r0, #10
 8005712:	e7bd      	b.n	8005690 <z_impl_k_mutex_lock+0x3c>
					_current->base.prio :
 8005714:	6923      	ldr	r3, [r4, #16]
 8005716:	e7b0      	b.n	800567a <z_impl_k_mutex_lock+0x26>
 8005718:	f387 8811 	msr	BASEPRI, r7
 800571c:	f3bf 8f6f 	isb	sy
		return -EBUSY;
 8005720:	f06f 000f 	mvn.w	r0, #15
 8005724:	e7b4      	b.n	8005690 <z_impl_k_mutex_lock+0x3c>
		resched = adjust_owner_prio(mutex, new_prio);
 8005726:	4601      	mov	r1, r0
 8005728:	4620      	mov	r0, r4
 800572a:	f004 f823 	bl	8009774 <adjust_owner_prio>
 800572e:	4680      	mov	r8, r0
 8005730:	e7c6      	b.n	80056c0 <z_impl_k_mutex_lock+0x6c>
			new_prio_for_inheritance(waiter->base.prio, mutex->owner_orig_prio) :
 8005732:	6921      	ldr	r1, [r4, #16]
 8005734:	e7e0      	b.n	80056f8 <z_impl_k_mutex_lock+0xa4>
	if (resched) {
 8005736:	f1b8 0f00 	cmp.w	r8, #0
 800573a:	d0e4      	beq.n	8005706 <z_impl_k_mutex_lock+0xb2>
		z_reschedule(&lock, key);
 800573c:	4629      	mov	r1, r5
 800573e:	4804      	ldr	r0, [pc, #16]	@ (8005750 <z_impl_k_mutex_lock+0xfc>)
 8005740:	f004 f98c 	bl	8009a5c <z_reschedule>
	return -EAGAIN;
 8005744:	f06f 000a 	mvn.w	r0, #10
 8005748:	e7a2      	b.n	8005690 <z_impl_k_mutex_lock+0x3c>
 800574a:	bf00      	nop
 800574c:	200010d0 	.word	0x200010d0
 8005750:	200010f4 	.word	0x200010f4

08005754 <z_impl_k_mutex_unlock>:

	__ASSERT(!arch_is_in_isr(), "mutexes cannot be used inside ISRs");

	SYS_PORT_TRACING_OBJ_FUNC_ENTER(k_mutex, unlock, mutex);

	CHECKIF(mutex->owner == NULL) {
 8005754:	6883      	ldr	r3, [r0, #8]
 8005756:	2b00      	cmp	r3, #0
 8005758:	d047      	beq.n	80057ea <z_impl_k_mutex_unlock+0x96>
{
 800575a:	b570      	push	{r4, r5, r6, lr}
 800575c:	4604      	mov	r4, r0
		return -EINVAL;
	}
	/*
	 * The current thread does not own the mutex.
	 */
	CHECKIF(mutex->owner != _current) {
 800575e:	4a26      	ldr	r2, [pc, #152]	@ (80057f8 <z_impl_k_mutex_unlock+0xa4>)
 8005760:	6892      	ldr	r2, [r2, #8]
 8005762:	4293      	cmp	r3, r2
 8005764:	d144      	bne.n	80057f0 <z_impl_k_mutex_unlock+0x9c>

	/*
	 * If we are the owner and count is greater than 1, then decrement
	 * the count and return and keep current thread as the owner.
	 */
	if (mutex->lock_count > 1U) {
 8005766:	68c3      	ldr	r3, [r0, #12]
 8005768:	2b01      	cmp	r3, #1
 800576a:	d903      	bls.n	8005774 <z_impl_k_mutex_unlock+0x20>
		mutex->lock_count--;
 800576c:	3b01      	subs	r3, #1
 800576e:	60c3      	str	r3, [r0, #12]


k_mutex_unlock_return:
	SYS_PORT_TRACING_OBJ_FUNC_EXIT(k_mutex, unlock, mutex, 0);

	return 0;
 8005770:	2000      	movs	r0, #0
}
 8005772:	bd70      	pop	{r4, r5, r6, pc}
  __ASM volatile ("MRS %0, basepri" : "=r" (result) );
 8005774:	f3ef 8611 	mrs	r6, BASEPRI
  __ASM volatile ("MSR basepri_max, %0" : : "r" (basePri) : "memory");
 8005778:	2310      	movs	r3, #16
 800577a:	f383 8812 	msr	BASEPRI_MAX, r3
 800577e:	f3bf 8f6f 	isb	sy
	adjust_owner_prio(mutex, mutex->owner_orig_prio);
 8005782:	6901      	ldr	r1, [r0, #16]
 8005784:	f003 fff6 	bl	8009774 <adjust_owner_prio>
	return list->head == list;
 8005788:	6825      	ldr	r5, [r4, #0]
	return sys_dlist_is_empty(list) ? NULL : list->head;
 800578a:	42ac      	cmp	r4, r5
 800578c:	d01c      	beq.n	80057c8 <z_impl_k_mutex_unlock+0x74>
static ALWAYS_INLINE struct k_thread *z_priq_simple_best(sys_dlist_t *pq)
{
	struct k_thread *thread = NULL;
	sys_dnode_t *n = sys_dlist_peek_head(pq);

	if (n != NULL) {
 800578e:	b17d      	cbz	r5, 80057b0 <z_impl_k_mutex_unlock+0x5c>
 * @param node the node to remove
 */

static inline void sys_dlist_remove(sys_dnode_t *node)
{
	sys_dnode_t *const prev = node->prev;
 8005790:	686a      	ldr	r2, [r5, #4]
	sys_dnode_t *const next = node->next;
 8005792:	682b      	ldr	r3, [r5, #0]

	prev->next = next;
 8005794:	6013      	str	r3, [r2, #0]
	next->prev = prev;
 8005796:	605a      	str	r2, [r3, #4]
	node->next = NULL;
 8005798:	2300      	movs	r3, #0
 800579a:	602b      	str	r3, [r5, #0]
	node->prev = NULL;
 800579c:	606b      	str	r3, [r5, #4]
	thread->base.thread_state &= ~_THREAD_PENDING;
 800579e:	7c2a      	ldrb	r2, [r5, #16]
 80057a0:	f022 0202 	bic.w	r2, r2, #2
 80057a4:	742a      	strb	r2, [r5, #16]

static inline void unpend_thread_no_timeout(struct k_thread *thread)
{
	_priq_wait_remove(&pended_on_thread(thread)->waitq, thread);
	z_mark_thread_as_not_pending(thread);
	thread->base.pended_on = NULL;
 80057a6:	60ab      	str	r3, [r5, #8]
}

static inline void z_abort_thread_timeout(struct k_thread *thread)
{
	z_abort_timeout(&thread->base.timeout);
 80057a8:	f105 0018 	add.w	r0, r5, #24
 80057ac:	f004 f9c6 	bl	8009b3c <z_abort_timeout>
	mutex->owner = new_owner;
 80057b0:	60a5      	str	r5, [r4, #8]
	if (unlikely(new_owner != NULL)) {
 80057b2:	1e28      	subs	r0, r5, #0
 80057b4:	bf18      	it	ne
 80057b6:	2001      	movne	r0, #1
 80057b8:	b945      	cbnz	r5, 80057cc <z_impl_k_mutex_unlock+0x78>
		mutex->lock_count = 0U;
 80057ba:	2300      	movs	r3, #0
 80057bc:	60e3      	str	r3, [r4, #12]
  __ASM volatile ("MSR basepri, %0" : : "r" (basePri) : "memory");
 80057be:	f386 8811 	msr	BASEPRI, r6
 80057c2:	f3bf 8f6f 	isb	sy
 80057c6:	e7d4      	b.n	8005772 <z_impl_k_mutex_unlock+0x1e>
	struct k_thread *thread = NULL;
 80057c8:	2500      	movs	r5, #0
 80057ca:	e7f1      	b.n	80057b0 <z_impl_k_mutex_unlock+0x5c>
		mutex->owner_orig_prio = new_owner->base.prio;
 80057cc:	f995 300e 	ldrsb.w	r3, [r5, #14]
 80057d0:	6123      	str	r3, [r4, #16]
}

#ifndef CONFIG_USE_SWITCH
static ALWAYS_INLINE void arch_thread_return_value_set(struct k_thread *thread, unsigned int value)
{
	thread->arch.swap_return_value = value;
 80057d2:	2400      	movs	r4, #0
 80057d4:	f8c5 40b0 	str.w	r4, [r5, #176]	@ 0xb0
		z_ready_thread(new_owner);
 80057d8:	4628      	mov	r0, r5
 80057da:	f004 f8a5 	bl	8009928 <z_ready_thread>
		z_reschedule(&lock, key);
 80057de:	4631      	mov	r1, r6
 80057e0:	4806      	ldr	r0, [pc, #24]	@ (80057fc <z_impl_k_mutex_unlock+0xa8>)
 80057e2:	f004 f93b 	bl	8009a5c <z_reschedule>
	return 0;
 80057e6:	4620      	mov	r0, r4
 80057e8:	e7c3      	b.n	8005772 <z_impl_k_mutex_unlock+0x1e>
		return -EINVAL;
 80057ea:	f06f 0015 	mvn.w	r0, #21
}
 80057ee:	4770      	bx	lr
		return -EPERM;
 80057f0:	f04f 30ff 	mov.w	r0, #4294967295
 80057f4:	e7bd      	b.n	8005772 <z_impl_k_mutex_unlock+0x1e>
 80057f6:	bf00      	nop
 80057f8:	200010d0 	.word	0x200010d0
 80057fc:	200010f4 	.word	0x200010f4

08005800 <z_impl_k_sem_give>:
	return false;
#endif /* CONFIG_POLL */
}

void z_impl_k_sem_give(struct k_sem *sem)
{
 8005800:	b570      	push	{r4, r5, r6, lr}
  __ASM volatile ("MRS %0, basepri" : "=r" (result) );
 8005802:	f3ef 8611 	mrs	r6, BASEPRI
  __ASM volatile ("MSR basepri_max, %0" : : "r" (basePri) : "memory");
 8005806:	2310      	movs	r3, #16
 8005808:	f383 8812 	msr	BASEPRI_MAX, r3
 800580c:	f3bf 8f6f 	isb	sy
	return list->head == list;
 8005810:	6804      	ldr	r4, [r0, #0]
	return sys_dlist_is_empty(list) ? NULL : list->head;
 8005812:	42a0      	cmp	r0, r4
 8005814:	d01a      	beq.n	800584c <z_impl_k_sem_give+0x4c>
	if (n != NULL) {
 8005816:	b1cc      	cbz	r4, 800584c <z_impl_k_sem_give+0x4c>
	sys_dnode_t *const prev = node->prev;
 8005818:	6862      	ldr	r2, [r4, #4]
	sys_dnode_t *const next = node->next;
 800581a:	6823      	ldr	r3, [r4, #0]
	prev->next = next;
 800581c:	6013      	str	r3, [r2, #0]
	next->prev = prev;
 800581e:	605a      	str	r2, [r3, #4]
	node->next = NULL;
 8005820:	2500      	movs	r5, #0
 8005822:	6025      	str	r5, [r4, #0]
	node->prev = NULL;
 8005824:	6065      	str	r5, [r4, #4]
 8005826:	7c23      	ldrb	r3, [r4, #16]
 8005828:	f023 0302 	bic.w	r3, r3, #2
 800582c:	7423      	strb	r3, [r4, #16]
 800582e:	60a5      	str	r5, [r4, #8]
 8005830:	f104 0018 	add.w	r0, r4, #24
 8005834:	f004 f982 	bl	8009b3c <z_abort_timeout>
 8005838:	f8c4 50b0 	str.w	r5, [r4, #176]	@ 0xb0

	thread = z_unpend_first_thread(&sem->wait_q);

	if (unlikely(thread != NULL)) {
		arch_thread_return_value_set(thread, 0);
		z_ready_thread(thread);
 800583c:	4620      	mov	r0, r4
 800583e:	f004 f873 	bl	8009928 <z_ready_thread>
		sem->count += (sem->count != sem->limit) ? 1U : 0U;
		resched = handle_poll_events(sem);
	}

	if (unlikely(resched)) {
		z_reschedule(&lock, key);
 8005842:	4631      	mov	r1, r6
 8005844:	480b      	ldr	r0, [pc, #44]	@ (8005874 <z_impl_k_sem_give+0x74>)
 8005846:	f004 f909 	bl	8009a5c <z_reschedule>
	} else {
		k_spin_unlock(&lock, key);
	}

	SYS_PORT_TRACING_OBJ_FUNC_EXIT(k_sem, give, sem);
}
 800584a:	bd70      	pop	{r4, r5, r6, pc}
		sem->count += (sem->count != sem->limit) ? 1U : 0U;
 800584c:	6883      	ldr	r3, [r0, #8]
 800584e:	68c2      	ldr	r2, [r0, #12]
 8005850:	4293      	cmp	r3, r2
 8005852:	d00d      	beq.n	8005870 <z_impl_k_sem_give+0x70>
 8005854:	2201      	movs	r2, #1
 8005856:	4413      	add	r3, r2
 8005858:	6083      	str	r3, [r0, #8]
	return z_handle_obj_poll_events(&sem->poll_events, K_POLL_STATE_SEM_AVAILABLE);
 800585a:	2102      	movs	r1, #2
 800585c:	3010      	adds	r0, #16
 800585e:	f004 fa19 	bl	8009c94 <z_handle_obj_poll_events>
	if (unlikely(resched)) {
 8005862:	2800      	cmp	r0, #0
 8005864:	d1ed      	bne.n	8005842 <z_impl_k_sem_give+0x42>
  __ASM volatile ("MSR basepri, %0" : : "r" (basePri) : "memory");
 8005866:	f386 8811 	msr	BASEPRI, r6
 800586a:	f3bf 8f6f 	isb	sy
}
 800586e:	e7ec      	b.n	800584a <z_impl_k_sem_give+0x4a>
		sem->count += (sem->count != sem->limit) ? 1U : 0U;
 8005870:	2200      	movs	r2, #0
 8005872:	e7f0      	b.n	8005856 <z_impl_k_sem_give+0x56>
 8005874:	200010f4 	.word	0x200010f4

08005878 <z_impl_k_sem_take>:
}
#include <zephyr/syscalls/k_sem_give_mrsh.c>
#endif /* CONFIG_USERSPACE */

int z_impl_k_sem_take(struct k_sem *sem, k_timeout_t timeout)
{
 8005878:	b510      	push	{r4, lr}
 800587a:	b082      	sub	sp, #8
  __ASM volatile ("MRS %0, basepri" : "=r" (result) );
 800587c:	f3ef 8111 	mrs	r1, BASEPRI
  __ASM volatile ("MSR basepri_max, %0" : : "r" (basePri) : "memory");
 8005880:	2410      	movs	r4, #16
 8005882:	f384 8812 	msr	BASEPRI_MAX, r4
 8005886:	f3bf 8f6f 	isb	sy

	k_spinlock_key_t key = k_spin_lock(&lock);

	SYS_PORT_TRACING_OBJ_FUNC_ENTER(k_sem, take, sem, timeout);

	if (likely(sem->count > 0U)) {
 800588a:	6884      	ldr	r4, [r0, #8]
 800588c:	b144      	cbz	r4, 80058a0 <z_impl_k_sem_take+0x28>
		sem->count--;
 800588e:	3c01      	subs	r4, #1
 8005890:	6084      	str	r4, [r0, #8]
  __ASM volatile ("MSR basepri, %0" : : "r" (basePri) : "memory");
 8005892:	f381 8811 	msr	BASEPRI, r1
 8005896:	f3bf 8f6f 	isb	sy
		k_spin_unlock(&lock, key);
		ret = 0;
 800589a:	2000      	movs	r0, #0

out:
	SYS_PORT_TRACING_OBJ_FUNC_EXIT(k_sem, take, sem, timeout, ret);

	return ret;
}
 800589c:	b002      	add	sp, #8
 800589e:	bd10      	pop	{r4, pc}
	if (K_TIMEOUT_EQ(timeout, K_NO_WAIT)) {
 80058a0:	ea53 0402 	orrs.w	r4, r3, r2
 80058a4:	d006      	beq.n	80058b4 <z_impl_k_sem_take+0x3c>
	ret = z_pend_curr(&lock, key, &sem->wait_q, timeout);
 80058a6:	9200      	str	r2, [sp, #0]
 80058a8:	9301      	str	r3, [sp, #4]
 80058aa:	4602      	mov	r2, r0
 80058ac:	4805      	ldr	r0, [pc, #20]	@ (80058c4 <z_impl_k_sem_take+0x4c>)
 80058ae:	f000 fa3f 	bl	8005d30 <z_pend_curr>
	return ret;
 80058b2:	e7f3      	b.n	800589c <z_impl_k_sem_take+0x24>
 80058b4:	f381 8811 	msr	BASEPRI, r1
 80058b8:	f3bf 8f6f 	isb	sy
		ret = -EBUSY;
 80058bc:	f06f 000f 	mvn.w	r0, #15
 80058c0:	e7ec      	b.n	800589c <z_impl_k_sem_take+0x24>
 80058c2:	bf00      	nop
 80058c4:	200010f4 	.word	0x200010f4

080058c8 <thread_schedule_new>:
{
 80058c8:	b508      	push	{r3, lr}
	if (K_TIMEOUT_EQ(delay, K_NO_WAIT)) {
 80058ca:	ea53 0102 	orrs.w	r1, r3, r2
 80058ce:	d102      	bne.n	80058d6 <thread_schedule_new+0xe>
 80058d0:	f000 fc08 	bl	80060e4 <z_impl_k_wakeup>
}
 80058d4:	bd08      	pop	{r3, pc}
	return z_add_timeout(&thread->base.timeout, z_thread_timeout, ticks);
 80058d6:	4902      	ldr	r1, [pc, #8]	@ (80058e0 <thread_schedule_new+0x18>)
 80058d8:	3018      	adds	r0, #24
 80058da:	f000 fdc3 	bl	8006464 <z_add_timeout>
 80058de:	e7f9      	b.n	80058d4 <thread_schedule_new+0xc>
 80058e0:	080099d3 	.word	0x080099d3

080058e4 <z_impl_k_thread_name_set>:
}
#include <zephyr/syscalls/k_thread_priority_get_mrsh.c>
#endif /* CONFIG_USERSPACE */

int z_impl_k_thread_name_set(k_tid_t thread, const char *str)
{
 80058e4:	b510      	push	{r4, lr}
#ifdef CONFIG_THREAD_NAME
	if (thread == NULL) {
 80058e6:	4604      	mov	r4, r0
 80058e8:	b140      	cbz	r0, 80058fc <z_impl_k_thread_name_set+0x18>
		thread = _current;
	}

	strncpy(thread->name, str, CONFIG_THREAD_MAX_NAME_LEN - 1);
 80058ea:	221f      	movs	r2, #31
 80058ec:	f104 0078 	add.w	r0, r4, #120	@ 0x78
 80058f0:	f001 f9e0 	bl	8006cb4 <strncpy>
	thread->name[CONFIG_THREAD_MAX_NAME_LEN - 1] = '\0';
 80058f4:	2000      	movs	r0, #0
 80058f6:	f884 0097 	strb.w	r0, [r4, #151]	@ 0x97

	SYS_PORT_TRACING_OBJ_FUNC(k_thread, name_set, thread, -ENOSYS);

	return -ENOSYS;
#endif /* CONFIG_THREAD_NAME */
}
 80058fa:	bd10      	pop	{r4, pc}
		thread = _current;
 80058fc:	4b01      	ldr	r3, [pc, #4]	@ (8005904 <z_impl_k_thread_name_set+0x20>)
 80058fe:	689c      	ldr	r4, [r3, #8]
 8005900:	e7f3      	b.n	80058ea <z_impl_k_thread_name_set+0x6>
 8005902:	bf00      	nop
 8005904:	200010d0 	.word	0x200010d0

08005908 <z_setup_new_thread>:
char *z_setup_new_thread(struct k_thread *new_thread,
			 k_thread_stack_t *stack, size_t stack_size,
			 k_thread_entry_t entry,
			 void *p1, void *p2, void *p3,
			 int prio, uint32_t options, const char *name)
{
 8005908:	e92d 4ff0 	stmdb	sp!, {r4, r5, r6, r7, r8, r9, sl, fp, lr}
 800590c:	b085      	sub	sp, #20
 800590e:	4604      	mov	r4, r0
 8005910:	460f      	mov	r7, r1
 8005912:	4615      	mov	r5, r2
 8005914:	461e      	mov	r6, r3
 8005916:	f8dd a038 	ldr.w	sl, [sp, #56]	@ 0x38
 800591a:	f8dd 903c 	ldr.w	r9, [sp, #60]	@ 0x3c
 800591e:	f8dd 8040 	ldr.w	r8, [sp, #64]	@ 0x40
 8005922:	f8dd b04c 	ldr.w	fp, [sp, #76]	@ 0x4c
	SYS_DLIST_FOR_EACH_CONTAINER_SAFE(&((wq)->waitq), thread_ptr, \
					  loop_ptr, base.qnode_dlist)

static inline void z_waitq_init(_wait_q_t *w)
{
	sys_dlist_init(&w->waitq);
 8005926:	f100 0358 	add.w	r3, r0, #88	@ 0x58
	list->head = (sys_dnode_t *)list;
 800592a:	6583      	str	r3, [r0, #88]	@ 0x58
	list->tail = (sys_dnode_t *)list;
 800592c:	65c3      	str	r3, [r0, #92]	@ 0x5c
	k_object_access_grant(new_thread, new_thread);
#endif /* CONFIG_USERSPACE */
	z_waitq_init(&new_thread->join_queue);

	/* Initialize various struct k_thread members */
	z_init_thread_base(&new_thread->base, prio, _THREAD_SLEEPING, options);
 800592e:	9b12      	ldr	r3, [sp, #72]	@ 0x48
 8005930:	2204      	movs	r2, #4
 8005932:	9911      	ldr	r1, [sp, #68]	@ 0x44
 8005934:	f003 ff6a 	bl	800980c <z_init_thread_base>
	stack_ptr = setup_thread_stack(new_thread, stack, stack_size);
 8005938:	462a      	mov	r2, r5
 800593a:	4639      	mov	r1, r7
 800593c:	4620      	mov	r0, r4
 800593e:	f003 ff37 	bl	80097b0 <setup_thread_stack>
 8005942:	4605      	mov	r5, r0
	__ASSERT_NO_MSG(!sys_cache_is_mem_coherent(stack));
#endif  /* CONFIG_DYNAMIC_THREAD */

#endif /* CONFIG_KERNEL_COHERENCE */

	arch_new_thread(new_thread, stack, stack_ptr, entry, p1, p2, p3);
 8005944:	f8cd 8008 	str.w	r8, [sp, #8]
 8005948:	f8cd 9004 	str.w	r9, [sp, #4]
 800594c:	f8cd a000 	str.w	sl, [sp]
 8005950:	4633      	mov	r3, r6
 8005952:	4602      	mov	r2, r0
 8005954:	4639      	mov	r1, r7
 8005956:	4620      	mov	r0, r4
 8005958:	f7fd ff9e 	bl	8003898 <arch_new_thread>

	/* static threads overwrite it afterwards with real value */
	new_thread->init_data = NULL;
 800595c:	2300      	movs	r3, #0
 800595e:	6563      	str	r3, [r4, #84]	@ 0x54
#ifdef CONFIG_THREAD_CUSTOM_DATA
	/* Initialize custom data field (value is opaque to kernel) */
	new_thread->custom_data = NULL;
#endif /* CONFIG_THREAD_CUSTOM_DATA */
#ifdef CONFIG_THREAD_MONITOR
	new_thread->entry.pEntry = entry;
 8005960:	6666      	str	r6, [r4, #100]	@ 0x64
	new_thread->entry.parameter1 = p1;
 8005962:	f8c4 a068 	str.w	sl, [r4, #104]	@ 0x68
	new_thread->entry.parameter2 = p2;
 8005966:	f8c4 906c 	str.w	r9, [r4, #108]	@ 0x6c
	new_thread->entry.parameter3 = p3;
 800596a:	f8c4 8070 	str.w	r8, [r4, #112]	@ 0x70
  __ASM volatile ("MRS %0, basepri" : "=r" (result) );
 800596e:	f3ef 8211 	mrs	r2, BASEPRI
  __ASM volatile ("MSR basepri_max, %0" : : "r" (basePri) : "memory");
 8005972:	2310      	movs	r3, #16
 8005974:	f383 8812 	msr	BASEPRI_MAX, r3
 8005978:	f3bf 8f6f 	isb	sy

	k_spinlock_key_t key = k_spin_lock(&z_thread_monitor_lock);

	new_thread->next_thread = _kernel.threads;
 800597c:	4b12      	ldr	r3, [pc, #72]	@ (80059c8 <z_setup_new_thread+0xc0>)
 800597e:	6a19      	ldr	r1, [r3, #32]
 8005980:	6761      	str	r1, [r4, #116]	@ 0x74
	_kernel.threads = new_thread;
 8005982:	621c      	str	r4, [r3, #32]
  __ASM volatile ("MSR basepri, %0" : : "r" (basePri) : "memory");
 8005984:	f382 8811 	msr	BASEPRI, r2
 8005988:	f3bf 8f6f 	isb	sy
	k_spin_unlock(&z_thread_monitor_lock, key);
#endif /* CONFIG_THREAD_MONITOR */
#ifdef CONFIG_THREAD_NAME
	if (name != NULL) {
 800598c:	f1bb 0f00 	cmp.w	fp, #0
 8005990:	d013      	beq.n	80059ba <z_setup_new_thread+0xb2>
		strncpy(new_thread->name, name,
 8005992:	221f      	movs	r2, #31
 8005994:	4659      	mov	r1, fp
 8005996:	f104 0078 	add.w	r0, r4, #120	@ 0x78
 800599a:	f001 f98b 	bl	8006cb4 <strncpy>
			CONFIG_THREAD_MAX_NAME_LEN - 1);
		/* Ensure NULL termination, truncate if longer */
		new_thread->name[CONFIG_THREAD_MAX_NAME_LEN - 1] = '\0';
 800599e:	2300      	movs	r3, #0
 80059a0:	f884 3097 	strb.w	r3, [r4, #151]	@ 0x97
		new_thread->base.cpu_mask = -1; /* allow all cpus */
	}
#endif /* CONFIG_SCHED_CPU_MASK */
#ifdef CONFIG_ARCH_HAS_CUSTOM_SWAP_TO_MAIN
	/* _current may be null if the dummy thread is not used */
	if (!_current) {
 80059a4:	4b08      	ldr	r3, [pc, #32]	@ (80059c8 <z_setup_new_thread+0xc0>)
 80059a6:	689b      	ldr	r3, [r3, #8]
 80059a8:	b15b      	cbz	r3, 80059c2 <z_setup_new_thread+0xba>
	}
#endif /* CONFIG_USERSPACE */
#ifdef CONFIG_SCHED_DEADLINE
	new_thread->base.prio_deadline = 0;
#endif /* CONFIG_SCHED_DEADLINE */
	new_thread->resource_pool = _current->resource_pool;
 80059aa:	f8d3 30a4 	ldr.w	r3, [r3, #164]	@ 0xa4
 80059ae:	f8c4 30a4 	str.w	r3, [r4, #164]	@ 0xa4
#endif /* CONFIG_SCHED_THREAD_USAGE */

	SYS_PORT_TRACING_OBJ_FUNC(k_thread, create, new_thread);

	return stack_ptr;
}
 80059b2:	4628      	mov	r0, r5
 80059b4:	b005      	add	sp, #20
 80059b6:	e8bd 8ff0 	ldmia.w	sp!, {r4, r5, r6, r7, r8, r9, sl, fp, pc}
		new_thread->name[0] = '\0';
 80059ba:	2300      	movs	r3, #0
 80059bc:	f884 3078 	strb.w	r3, [r4, #120]	@ 0x78
 80059c0:	e7f0      	b.n	80059a4 <z_setup_new_thread+0x9c>
		new_thread->resource_pool = NULL;
 80059c2:	f8c4 30a4 	str.w	r3, [r4, #164]	@ 0xa4
		return stack_ptr;
 80059c6:	e7f4      	b.n	80059b2 <z_setup_new_thread+0xaa>
 80059c8:	200010d0 	.word	0x200010d0

080059cc <z_dummy_thread_init>:

#endif /* CONFIG_THREAD_ABORT_NEED_CLEANUP */

void z_dummy_thread_init(struct k_thread *dummy_thread)
{
	dummy_thread->base.thread_state = _THREAD_DUMMY;
 80059cc:	2301      	movs	r3, #1
 80059ce:	7403      	strb	r3, [r0, #16]
#ifdef CONFIG_SCHED_CPU_MASK
	dummy_thread->base.cpu_mask = -1;
#endif /* CONFIG_SCHED_CPU_MASK */
	dummy_thread->base.user_options = K_ESSENTIAL;
 80059d0:	8183      	strh	r3, [r0, #12]
#ifdef CONFIG_THREAD_STACK_INFO
	dummy_thread->stack_info.start = 0U;
 80059d2:	2300      	movs	r3, #0
 80059d4:	f8c0 3098 	str.w	r3, [r0, #152]	@ 0x98
	dummy_thread->stack_info.size = 0U;
 80059d8:	f8c0 309c 	str.w	r3, [r0, #156]	@ 0x9c
	dummy_thread->mem_domain_info.mem_domain = &k_mem_domain_default;
#endif /* CONFIG_USERSPACE */
#if (K_HEAP_MEM_POOL_SIZE > 0)
	k_thread_system_pool_assign(dummy_thread);
#else
	dummy_thread->resource_pool = NULL;
 80059dc:	f8c0 30a4 	str.w	r3, [r0, #164]	@ 0xa4

#ifdef CONFIG_TIMESLICE_PER_THREAD
	dummy_thread->base.slice_ticks = 0;
#endif /* CONFIG_TIMESLICE_PER_THREAD */

	z_current_thread_set(dummy_thread);
 80059e0:	4b01      	ldr	r3, [pc, #4]	@ (80059e8 <z_dummy_thread_init+0x1c>)
 80059e2:	6098      	str	r0, [r3, #8]
}
 80059e4:	4770      	bx	lr
 80059e6:	bf00      	nop
 80059e8:	200010d0 	.word	0x200010d0

080059ec <z_swap_irqlock>:

#ifndef CONFIG_USE_SWITCH
static ALWAYS_INLINE int arch_swap(unsigned int key)
{
	/* store off key and return value */
	_current->arch.basepri = key;
 80059ec:	4a0a      	ldr	r2, [pc, #40]	@ (8005a18 <z_swap_irqlock+0x2c>)
 80059ee:	6893      	ldr	r3, [r2, #8]
 80059f0:	f8c3 00ac 	str.w	r0, [r3, #172]	@ 0xac
	_current->arch.swap_return_value = -EAGAIN;
 80059f4:	f06f 010a 	mvn.w	r1, #10
 80059f8:	f8c3 10b0 	str.w	r1, [r3, #176]	@ 0xb0

	/* set pending bit to make sure we will take a PendSV exception */
	SCB->ICSR |= SCB_ICSR_PENDSVSET_Msk;
 80059fc:	4907      	ldr	r1, [pc, #28]	@ (8005a1c <z_swap_irqlock+0x30>)
 80059fe:	684b      	ldr	r3, [r1, #4]
 8005a00:	f043 5380 	orr.w	r3, r3, #268435456	@ 0x10000000
 8005a04:	604b      	str	r3, [r1, #4]
 8005a06:	2300      	movs	r3, #0
 8005a08:	f383 8811 	msr	BASEPRI, r3
 8005a0c:	f3bf 8f6f 	isb	sy
	irq_unlock(0);

	/* Context switch is performed here. Returning implies the
	 * thread has been context-switched-in again.
	 */
	return _current->arch.swap_return_value;
 8005a10:	6893      	ldr	r3, [r2, #8]
# endif /* CONFIG_ARM64 */
#endif /* CONFIG_SPIN_VALIDATE */

	ret = arch_swap(key);
	return ret;
}
 8005a12:	f8d3 00b0 	ldr.w	r0, [r3, #176]	@ 0xb0
 8005a16:	4770      	bx	lr
 8005a18:	200010d0 	.word	0x200010d0
 8005a1c:	e000ed00 	.word	0xe000ed00

08005a20 <reschedule>:
{
#ifdef CONFIG_SMP
	_current_cpu->swap_ok = 0;
#endif /* CONFIG_SMP */

	return arch_irq_unlocked(key) && !arch_is_in_isr();
 8005a20:	4608      	mov	r0, r1
 8005a22:	b981      	cbnz	r1, 8005a46 <reschedule+0x26>
	return new_thread != _current;
#endif /* CONFIG_SMP */
}

static void reschedule(struct k_spinlock *lock, k_spinlock_key_t key)
{
 8005a24:	b508      	push	{r3, lr}
  __ASM volatile ("MRS %0, ipsr" : "=r" (result) );
 8005a26:	f3ef 8305 	mrs	r3, IPSR
	return arch_irq_unlocked(key) && !arch_is_in_isr();
 8005a2a:	b93b      	cbnz	r3, 8005a3c <reschedule+0x1c>
	new_thread = _kernel.ready_q.cache;
 8005a2c:	4b08      	ldr	r3, [pc, #32]	@ (8005a50 <reschedule+0x30>)
 8005a2e:	695a      	ldr	r2, [r3, #20]
	return new_thread != _current;
 8005a30:	689b      	ldr	r3, [r3, #8]
	if (resched(key.key) && need_swap()) {
 8005a32:	429a      	cmp	r2, r3
 8005a34:	d002      	beq.n	8005a3c <reschedule+0x1c>
 * handling.
 */
static ALWAYS_INLINE int z_swap(struct k_spinlock *lock, k_spinlock_key_t key)
{
	k_spin_release(lock);
	return z_swap_irqlock(key.key);
 8005a36:	f7ff ffd9 	bl	80059ec <z_swap_irqlock>
		z_swap(lock, key);
 8005a3a:	e003      	b.n	8005a44 <reschedule+0x24>
  __ASM volatile ("MSR basepri, %0" : : "r" (basePri) : "memory");
 8005a3c:	f380 8811 	msr	BASEPRI, r0
 8005a40:	f3bf 8f6f 	isb	sy
	} else {
		signal_pending_ipi();
		k_spin_unlock(lock, key);
	}
}
 8005a44:	bd08      	pop	{r3, pc}
 8005a46:	f381 8811 	msr	BASEPRI, r1
 8005a4a:	f3bf 8f6f 	isb	sy
 8005a4e:	4770      	bx	lr
 8005a50:	200010d0 	.word	0x200010d0

08005a54 <ready_thread>:
	return (thread->base.thread_state & state) != 0U;
 8005a54:	7c03      	ldrb	r3, [r0, #16]
	if (!z_is_thread_queued(thread) && z_is_thread_ready(thread)) {
 8005a56:	f990 2010 	ldrsb.w	r2, [r0, #16]
 8005a5a:	2a00      	cmp	r2, #0
 8005a5c:	db4e      	blt.n	8005afc <ready_thread+0xa8>
 8005a5e:	f013 0f1f 	tst.w	r3, #31
 8005a62:	d14b      	bne.n	8005afc <ready_thread+0xa8>
{
 8005a64:	b510      	push	{r4, lr}
	thread->base.thread_state |= _THREAD_QUEUED;
 8005a66:	f063 037f 	orn	r3, r3, #127	@ 0x7f
 8005a6a:	7403      	strb	r3, [r0, #16]
	return list->head == list;
 8005a6c:	4a24      	ldr	r2, [pc, #144]	@ (8005b00 <ready_thread+0xac>)
 8005a6e:	f852 3f18 	ldr.w	r3, [r2, #24]!
	return sys_dlist_is_empty(list) ? NULL : list->head;
 8005a72:	4293      	cmp	r3, r2
 8005a74:	d03a      	beq.n	8005aec <ready_thread+0x98>
	SYS_DLIST_FOR_EACH_CONTAINER(pq, t, base.qnode_dlist) {
 8005a76:	b17b      	cbz	r3, 8005a98 <ready_thread+0x44>
	int32_t b1 = thread_1->base.prio;
 8005a78:	f990 100e 	ldrsb.w	r1, [r0, #14]
	int32_t b2 = thread_2->base.prio;
 8005a7c:	f993 200e 	ldrsb.w	r2, [r3, #14]
	if (b1 != b2) {
 8005a80:	4291      	cmp	r1, r2
 8005a82:	d002      	beq.n	8005a8a <ready_thread+0x36>
		return b2 - b1;
 8005a84:	1a52      	subs	r2, r2, r1
		if (z_sched_prio_cmp(thread, t) > 0) {
 8005a86:	2a00      	cmp	r2, #0
 8005a88:	dc27      	bgt.n	8005ada <ready_thread+0x86>
	SYS_DLIST_FOR_EACH_CONTAINER(pq, t, base.qnode_dlist) {
 8005a8a:	4619      	mov	r1, r3
	return (node == list->tail) ? NULL : node->next;
 8005a8c:	4a1c      	ldr	r2, [pc, #112]	@ (8005b00 <ready_thread+0xac>)
 8005a8e:	69d2      	ldr	r2, [r2, #28]
 8005a90:	4293      	cmp	r3, r2
 8005a92:	d001      	beq.n	8005a98 <ready_thread+0x44>
 8005a94:	681b      	ldr	r3, [r3, #0]
 8005a96:	bb33      	cbnz	r3, 8005ae6 <ready_thread+0x92>
	sys_dnode_t *const tail = list->tail;
 8005a98:	4b19      	ldr	r3, [pc, #100]	@ (8005b00 <ready_thread+0xac>)
 8005a9a:	69da      	ldr	r2, [r3, #28]
	node->next = list;
 8005a9c:	f103 0118 	add.w	r1, r3, #24
 8005aa0:	6001      	str	r1, [r0, #0]
	node->prev = tail;
 8005aa2:	6042      	str	r2, [r0, #4]
	tail->next = node;
 8005aa4:	6010      	str	r0, [r2, #0]
	list->tail = node;
 8005aa6:	61d8      	str	r0, [r3, #28]
	return list->head == list;
 8005aa8:	4b15      	ldr	r3, [pc, #84]	@ (8005b00 <ready_thread+0xac>)
 8005aaa:	f853 4f18 	ldr.w	r4, [r3, #24]!
	return sys_dlist_is_empty(list) ? NULL : list->head;
 8005aae:	429c      	cmp	r4, r3
 8005ab0:	d01e      	beq.n	8005af0 <ready_thread+0x9c>
	if (n != NULL) {
 8005ab2:	b1ec      	cbz	r4, 8005af0 <ready_thread+0x9c>
	}

	__ASSERT(_current != NULL, "");

	/* Or if we're pended/suspended/dummy (duh) */
	if (z_is_thread_prevented_from_running(_current)) {
 8005ab4:	4b12      	ldr	r3, [pc, #72]	@ (8005b00 <ready_thread+0xac>)
 8005ab6:	689b      	ldr	r3, [r3, #8]
	uint8_t state = thread->base.thread_state;
 8005ab8:	7c1a      	ldrb	r2, [r3, #16]
	if (z_is_thread_prevented_from_running(_current)) {
 8005aba:	f012 0f1f 	tst.w	r2, #31
 8005abe:	d104      	bne.n	8005aca <ready_thread+0x76>
	return thread->base.preempt <= _PREEMPT_THRESHOLD;
 8005ac0:	89da      	ldrh	r2, [r3, #14]
	}

	/* Otherwise we have to be running a preemptible thread or
	 * switching to a metairq
	 */
	if (thread_is_preemptible(_current) || thread_is_metairq(thread)) {
 8005ac2:	2a7f      	cmp	r2, #127	@ 0x7f
 8005ac4:	d901      	bls.n	8005aca <ready_thread+0x76>
	return node->next != NULL;
 8005ac6:	69a2      	ldr	r2, [r4, #24]
	/* Edge case on ARM where a thread can be pended out of an
	 * interrupt handler before the "synchronous" swap starts
	 * context switching.  Platforms with atomic swap can never
	 * hit this.
	 */
	if (IS_ENABLED(CONFIG_SWAP_NONATOMIC)
 8005ac8:	b1aa      	cbz	r2, 8005af6 <ready_thread+0xa2>
		if (thread != _current) {
 8005aca:	42a3      	cmp	r3, r4
 8005acc:	d002      	beq.n	8005ad4 <ready_thread+0x80>
			z_reset_time_slice(thread);
 8005ace:	4620      	mov	r0, r4
 8005ad0:	f000 fc2e 	bl	8006330 <z_reset_time_slice>
		_kernel.ready_q.cache = thread;
 8005ad4:	4b0a      	ldr	r3, [pc, #40]	@ (8005b00 <ready_thread+0xac>)
 8005ad6:	615c      	str	r4, [r3, #20]
}
 8005ad8:	bd10      	pop	{r4, pc}
	sys_dnode_t *const prev = successor->prev;
 8005ada:	685a      	ldr	r2, [r3, #4]
	node->prev = prev;
 8005adc:	6042      	str	r2, [r0, #4]
	node->next = successor;
 8005ade:	6003      	str	r3, [r0, #0]
	prev->next = node;
 8005ae0:	6010      	str	r0, [r2, #0]
	successor->prev = node;
 8005ae2:	6058      	str	r0, [r3, #4]
			return;
 8005ae4:	e7e0      	b.n	8005aa8 <ready_thread+0x54>
	return (node != NULL) ? sys_dlist_peek_next_no_check(list, node) : NULL;
 8005ae6:	2900      	cmp	r1, #0
 8005ae8:	d1c5      	bne.n	8005a76 <ready_thread+0x22>
 8005aea:	e7d5      	b.n	8005a98 <ready_thread+0x44>
	SYS_DLIST_FOR_EACH_CONTAINER(pq, t, base.qnode_dlist) {
 8005aec:	2300      	movs	r3, #0
 8005aee:	e7c2      	b.n	8005a76 <ready_thread+0x22>
	return (thread != NULL) ? thread : _current_cpu->idle_thread;
 8005af0:	4b03      	ldr	r3, [pc, #12]	@ (8005b00 <ready_thread+0xac>)
 8005af2:	68dc      	ldr	r4, [r3, #12]
 8005af4:	e7de      	b.n	8005ab4 <ready_thread+0x60>
		_kernel.ready_q.cache = _current;
 8005af6:	4a02      	ldr	r2, [pc, #8]	@ (8005b00 <ready_thread+0xac>)
 8005af8:	6153      	str	r3, [r2, #20]
 8005afa:	e7ed      	b.n	8005ad8 <ready_thread+0x84>
 8005afc:	4770      	bx	lr
 8005afe:	bf00      	nop
 8005b00:	200010d0 	.word	0x200010d0

08005b04 <unready_thread>:
}
#include <zephyr/syscalls/k_thread_resume_mrsh.c>
#endif /* CONFIG_USERSPACE */

static void unready_thread(struct k_thread *thread)
{
 8005b04:	b510      	push	{r4, lr}
	return (thread->base.thread_state & state) != 0U;
 8005b06:	7c03      	ldrb	r3, [r0, #16]
	if (z_is_thread_queued(thread)) {
 8005b08:	f990 2010 	ldrsb.w	r2, [r0, #16]
 8005b0c:	2a00      	cmp	r2, #0
 8005b0e:	db19      	blt.n	8005b44 <unready_thread+0x40>
		dequeue_thread(thread);
	}
	update_cache(thread == _current);
 8005b10:	4b15      	ldr	r3, [pc, #84]	@ (8005b68 <unready_thread+0x64>)
 8005b12:	689a      	ldr	r2, [r3, #8]
	return list->head == list;
 8005b14:	f853 4f18 	ldr.w	r4, [r3, #24]!
	return sys_dlist_is_empty(list) ? NULL : list->head;
 8005b18:	429c      	cmp	r4, r3
 8005b1a:	d01e      	beq.n	8005b5a <unready_thread+0x56>
	if (n != NULL) {
 8005b1c:	b1ec      	cbz	r4, 8005b5a <unready_thread+0x56>
	if (preempt_ok != 0) {
 8005b1e:	4282      	cmp	r2, r0
 8005b20:	d008      	beq.n	8005b34 <unready_thread+0x30>
	uint8_t state = thread->base.thread_state;
 8005b22:	7c13      	ldrb	r3, [r2, #16]
	if (z_is_thread_prevented_from_running(_current)) {
 8005b24:	f013 0f1f 	tst.w	r3, #31
 8005b28:	d104      	bne.n	8005b34 <unready_thread+0x30>
	return thread->base.preempt <= _PREEMPT_THRESHOLD;
 8005b2a:	89d3      	ldrh	r3, [r2, #14]
	if (thread_is_preemptible(_current) || thread_is_metairq(thread)) {
 8005b2c:	2b7f      	cmp	r3, #127	@ 0x7f
 8005b2e:	d901      	bls.n	8005b34 <unready_thread+0x30>
	return node->next != NULL;
 8005b30:	69a3      	ldr	r3, [r4, #24]
	if (IS_ENABLED(CONFIG_SWAP_NONATOMIC)
 8005b32:	b1ab      	cbz	r3, 8005b60 <unready_thread+0x5c>
		if (thread != _current) {
 8005b34:	42a2      	cmp	r2, r4
 8005b36:	d002      	beq.n	8005b3e <unready_thread+0x3a>
			z_reset_time_slice(thread);
 8005b38:	4620      	mov	r0, r4
 8005b3a:	f000 fbf9 	bl	8006330 <z_reset_time_slice>
		_kernel.ready_q.cache = thread;
 8005b3e:	4b0a      	ldr	r3, [pc, #40]	@ (8005b68 <unready_thread+0x64>)
 8005b40:	615c      	str	r4, [r3, #20]
}
 8005b42:	bd10      	pop	{r4, pc}
	thread->base.thread_state &= ~_THREAD_QUEUED;
 8005b44:	f003 037f 	and.w	r3, r3, #127	@ 0x7f
 8005b48:	7403      	strb	r3, [r0, #16]
	sys_dnode_t *const prev = node->prev;
 8005b4a:	6842      	ldr	r2, [r0, #4]
	sys_dnode_t *const next = node->next;
 8005b4c:	6803      	ldr	r3, [r0, #0]
	prev->next = next;
 8005b4e:	6013      	str	r3, [r2, #0]
	next->prev = prev;
 8005b50:	605a      	str	r2, [r3, #4]
	node->next = NULL;
 8005b52:	2300      	movs	r3, #0
 8005b54:	6003      	str	r3, [r0, #0]
	node->prev = NULL;
 8005b56:	6043      	str	r3, [r0, #4]
}
 8005b58:	e7da      	b.n	8005b10 <unready_thread+0xc>
	return (thread != NULL) ? thread : _current_cpu->idle_thread;
 8005b5a:	4b03      	ldr	r3, [pc, #12]	@ (8005b68 <unready_thread+0x64>)
 8005b5c:	68dc      	ldr	r4, [r3, #12]
 8005b5e:	e7de      	b.n	8005b1e <unready_thread+0x1a>
		_kernel.ready_q.cache = _current;
 8005b60:	4b01      	ldr	r3, [pc, #4]	@ (8005b68 <unready_thread+0x64>)
 8005b62:	615a      	str	r2, [r3, #20]
 8005b64:	e7ed      	b.n	8005b42 <unready_thread+0x3e>
 8005b66:	bf00      	nop
 8005b68:	200010d0 	.word	0x200010d0

08005b6c <thread_halt_spin>:
{
 8005b6c:	e92d 43f8 	stmdb	sp!, {r3, r4, r5, r6, r7, r8, r9, lr}
 8005b70:	4605      	mov	r5, r0
 8005b72:	460c      	mov	r4, r1
	if (z_is_thread_halting(_current)) {
 8005b74:	4b42      	ldr	r3, [pc, #264]	@ (8005c80 <thread_halt_spin+0x114>)
 8005b76:	689e      	ldr	r6, [r3, #8]
	return (thread->base.thread_state &
 8005b78:	7c33      	ldrb	r3, [r6, #16]
 8005b7a:	f013 0f60 	tst.w	r3, #96	@ 0x60
 8005b7e:	d02b      	beq.n	8005bd8 <thread_halt_spin+0x6c>
		halt_thread(_current,
 8005b80:	f013 0f20 	tst.w	r3, #32
 8005b84:	d02d      	beq.n	8005be2 <thread_halt_spin+0x76>
 8005b86:	2708      	movs	r7, #8
	bool dummify = false;

	/* We hold the lock, and the thread is known not to be running
	 * anywhere.
	 */
	if ((thread->base.thread_state & new_state) == 0U) {
 8005b88:	421f      	tst	r7, r3
 8005b8a:	d125      	bne.n	8005bd8 <thread_halt_spin+0x6c>
		thread->base.thread_state |= new_state;
 8005b8c:	433b      	orrs	r3, r7
 8005b8e:	7433      	strb	r3, [r6, #16]
		if (z_is_thread_queued(thread)) {
 8005b90:	f013 0f80 	tst.w	r3, #128	@ 0x80
 8005b94:	d127      	bne.n	8005be6 <thread_halt_spin+0x7a>
			dequeue_thread(thread);
		}

		if (new_state == _THREAD_DEAD) {
 8005b96:	2f08      	cmp	r7, #8
 8005b98:	d030      	beq.n	8005bfc <thread_halt_spin+0x90>
	bool dummify = false;
 8005b9a:	f04f 0900 	mov.w	r9, #0
	return list->head == list;
 8005b9e:	4b38      	ldr	r3, [pc, #224]	@ (8005c80 <thread_halt_spin+0x114>)
 8005ba0:	f853 8f18 	ldr.w	r8, [r3, #24]!
	return sys_dlist_is_empty(list) ? NULL : list->head;
 8005ba4:	4598      	cmp	r8, r3
 8005ba6:	d04f      	beq.n	8005c48 <thread_halt_spin+0xdc>
 8005ba8:	f1b8 0f00 	cmp.w	r8, #0
 8005bac:	d04c      	beq.n	8005c48 <thread_halt_spin+0xdc>
		if (thread != _current) {
 8005bae:	4b34      	ldr	r3, [pc, #208]	@ (8005c80 <thread_halt_spin+0x114>)
 8005bb0:	689b      	ldr	r3, [r3, #8]
 8005bb2:	4543      	cmp	r3, r8
 8005bb4:	d002      	beq.n	8005bbc <thread_halt_spin+0x50>
			z_reset_time_slice(thread);
 8005bb6:	4640      	mov	r0, r8
 8005bb8:	f000 fbba 	bl	8006330 <z_reset_time_slice>
		_kernel.ready_q.cache = thread;
 8005bbc:	4b30      	ldr	r3, [pc, #192]	@ (8005c80 <thread_halt_spin+0x114>)
 8005bbe:	f8c3 8014 	str.w	r8, [r3, #20]
#ifdef CONFIG_SMP
		unpend_all(&thread->halt_queue);
#endif /* CONFIG_SMP */
		update_cache(1);

		if (new_state == _THREAD_SUSPENDED) {
 8005bc2:	2f10      	cmp	r7, #16
 8005bc4:	d008      	beq.n	8005bd8 <thread_halt_spin+0x6c>
			clear_halting(thread);
			return;
		}

		arch_coprocessors_disable(thread);
 8005bc6:	4630      	mov	r0, r6
 8005bc8:	f002 fe1d 	bl	8008806 <arch_coprocessors_disable>

		SYS_PORT_TRACING_FUNC(k_thread, sched_abort, thread);

		z_thread_monitor_exit(thread);
 8005bcc:	4630      	mov	r0, r6
 8005bce:	f000 fc09 	bl	80063e4 <z_thread_monitor_exit>
		 * handle for any threads spinning in join() (this can
		 * never be used, as our thread is flagged dead, but
		 * it must not be NULL otherwise join can deadlock).
		 * Use 1 as a clearly invalid but non-NULL value.
		 */
		if (dummify && !IS_ENABLED(CONFIG_ARCH_POSIX)) {
 8005bd2:	f1b9 0f00 	cmp.w	r9, #0
 8005bd6:	d13b      	bne.n	8005c50 <thread_halt_spin+0xe4>
 8005bd8:	f384 8811 	msr	BASEPRI, r4
 8005bdc:	f3bf 8f6f 	isb	sy
	while (z_is_thread_halting(thread)) {
 8005be0:	e047      	b.n	8005c72 <thread_halt_spin+0x106>
		halt_thread(_current,
 8005be2:	2710      	movs	r7, #16
 8005be4:	e7d0      	b.n	8005b88 <thread_halt_spin+0x1c>
	thread->base.thread_state &= ~_THREAD_QUEUED;
 8005be6:	f003 037f 	and.w	r3, r3, #127	@ 0x7f
 8005bea:	7433      	strb	r3, [r6, #16]
	sys_dnode_t *const prev = node->prev;
 8005bec:	6872      	ldr	r2, [r6, #4]
	sys_dnode_t *const next = node->next;
 8005bee:	6833      	ldr	r3, [r6, #0]
	prev->next = next;
 8005bf0:	6013      	str	r3, [r2, #0]
	next->prev = prev;
 8005bf2:	605a      	str	r2, [r3, #4]
	node->next = NULL;
 8005bf4:	2300      	movs	r3, #0
 8005bf6:	6033      	str	r3, [r6, #0]
	node->prev = NULL;
 8005bf8:	6073      	str	r3, [r6, #4]
}
 8005bfa:	e7cc      	b.n	8005b96 <thread_halt_spin+0x2a>
			if (thread->base.pended_on != NULL) {
 8005bfc:	68b3      	ldr	r3, [r6, #8]
 8005bfe:	b15b      	cbz	r3, 8005c18 <thread_halt_spin+0xac>
	sys_dnode_t *const prev = node->prev;
 8005c00:	6872      	ldr	r2, [r6, #4]
	sys_dnode_t *const next = node->next;
 8005c02:	6833      	ldr	r3, [r6, #0]
	prev->next = next;
 8005c04:	6013      	str	r3, [r2, #0]
	next->prev = prev;
 8005c06:	605a      	str	r2, [r3, #4]
	node->next = NULL;
 8005c08:	2300      	movs	r3, #0
 8005c0a:	6033      	str	r3, [r6, #0]
	node->prev = NULL;
 8005c0c:	6073      	str	r3, [r6, #4]
	thread->base.thread_state &= ~_THREAD_PENDING;
 8005c0e:	7c32      	ldrb	r2, [r6, #16]
 8005c10:	f022 0202 	bic.w	r2, r2, #2
 8005c14:	7432      	strb	r2, [r6, #16]
 8005c16:	60b3      	str	r3, [r6, #8]
	z_abort_timeout(&thread->base.timeout);
 8005c18:	f106 0018 	add.w	r0, r6, #24
 8005c1c:	f003 ff8e 	bl	8009b3c <z_abort_timeout>
			unpend_all(&thread->join_queue);
 8005c20:	f106 0058 	add.w	r0, r6, #88	@ 0x58
 8005c24:	f003 fe51 	bl	80098ca <unpend_all>
			if (thread == _current && arch_is_in_isr()) {
 8005c28:	4b15      	ldr	r3, [pc, #84]	@ (8005c80 <thread_halt_spin+0x114>)
 8005c2a:	689b      	ldr	r3, [r3, #8]
 8005c2c:	429e      	cmp	r6, r3
 8005c2e:	d002      	beq.n	8005c36 <thread_halt_spin+0xca>
	bool dummify = false;
 8005c30:	f04f 0900 	mov.w	r9, #0
 8005c34:	e7b3      	b.n	8005b9e <thread_halt_spin+0x32>
  __ASM volatile ("MRS %0, ipsr" : "=r" (result) );
 8005c36:	f3ef 8305 	mrs	r3, IPSR
			if (thread == _current && arch_is_in_isr()) {
 8005c3a:	b913      	cbnz	r3, 8005c42 <thread_halt_spin+0xd6>
	bool dummify = false;
 8005c3c:	f04f 0900 	mov.w	r9, #0
 8005c40:	e7ad      	b.n	8005b9e <thread_halt_spin+0x32>
				dummify = true;
 8005c42:	f04f 0901 	mov.w	r9, #1
 8005c46:	e7aa      	b.n	8005b9e <thread_halt_spin+0x32>
	return (thread != NULL) ? thread : _current_cpu->idle_thread;
 8005c48:	4b0d      	ldr	r3, [pc, #52]	@ (8005c80 <thread_halt_spin+0x114>)
 8005c4a:	f8d3 800c 	ldr.w	r8, [r3, #12]
 8005c4e:	e7ae      	b.n	8005bae <thread_halt_spin+0x42>
#ifdef CONFIG_USE_SWITCH
			_current->switch_handle = (void *)1;
#endif
			z_dummy_thread_init(&_thread_dummy);
 8005c50:	480c      	ldr	r0, [pc, #48]	@ (8005c84 <thread_halt_spin+0x118>)
 8005c52:	f7ff febb 	bl	80059cc <z_dummy_thread_init>
 8005c56:	e7bf      	b.n	8005bd8 <thread_halt_spin+0x6c>
  __ASM volatile ("MRS %0, basepri" : "=r" (result) );
 8005c58:	f3ef 8411 	mrs	r4, BASEPRI
  __ASM volatile ("MSR basepri_max, %0" : : "r" (basePri) : "memory");
 8005c5c:	2310      	movs	r3, #16
 8005c5e:	f383 8812 	msr	BASEPRI_MAX, r3
 8005c62:	f3bf 8f6f 	isb	sy
		arch_spin_relax(); /* Requires interrupts be masked */
 8005c66:	f003 fd78 	bl	800975a <arch_spin_relax>
  __ASM volatile ("MSR basepri, %0" : : "r" (basePri) : "memory");
 8005c6a:	f384 8811 	msr	BASEPRI, r4
 8005c6e:	f3bf 8f6f 	isb	sy
	return (thread->base.thread_state &
 8005c72:	7c2b      	ldrb	r3, [r5, #16]
	while (z_is_thread_halting(thread)) {
 8005c74:	f013 0f60 	tst.w	r3, #96	@ 0x60
 8005c78:	d1ee      	bne.n	8005c58 <thread_halt_spin+0xec>
}
 8005c7a:	e8bd 83f8 	ldmia.w	sp!, {r3, r4, r5, r6, r7, r8, r9, pc}
 8005c7e:	bf00      	nop
 8005c80:	200010d0 	.word	0x200010d0
 8005c84:	20000da0 	.word	0x20000da0

08005c88 <add_thread_timeout>:
	if (!K_TIMEOUT_EQ(timeout, K_FOREVER)) {
 8005c88:	f1b3 3fff 	cmp.w	r3, #4294967295
 8005c8c:	bf08      	it	eq
 8005c8e:	f1b2 3fff 	cmpeq.w	r2, #4294967295
 8005c92:	d100      	bne.n	8005c96 <add_thread_timeout+0xe>
 8005c94:	4770      	bx	lr
{
 8005c96:	b508      	push	{r3, lr}
	return z_add_timeout(&thread->base.timeout, z_thread_timeout, ticks);
 8005c98:	4902      	ldr	r1, [pc, #8]	@ (8005ca4 <add_thread_timeout+0x1c>)
 8005c9a:	3018      	adds	r0, #24
 8005c9c:	f000 fbe2 	bl	8006464 <z_add_timeout>
}
 8005ca0:	bd08      	pop	{r3, pc}
 8005ca2:	bf00      	nop
 8005ca4:	080099d3 	.word	0x080099d3

08005ca8 <move_current_to_end_of_prio_q>:
{
 8005ca8:	b510      	push	{r4, lr}
	n = sys_dlist_peek_next_no_check(pq, &_current->base.qnode_dlist);
 8005caa:	4b20      	ldr	r3, [pc, #128]	@ (8005d2c <move_current_to_end_of_prio_q+0x84>)
 8005cac:	689a      	ldr	r2, [r3, #8]
	return (node == list->tail) ? NULL : node->next;
 8005cae:	69db      	ldr	r3, [r3, #28]
 8005cb0:	429a      	cmp	r2, r3
 8005cb2:	d005      	beq.n	8005cc0 <move_current_to_end_of_prio_q+0x18>
 8005cb4:	6813      	ldr	r3, [r2, #0]
	sys_dnode_t *const prev = node->prev;
 8005cb6:	6851      	ldr	r1, [r2, #4]
	sys_dnode_t *const next = node->next;
 8005cb8:	6812      	ldr	r2, [r2, #0]
	prev->next = next;
 8005cba:	600a      	str	r2, [r1, #0]
	next->prev = prev;
 8005cbc:	6051      	str	r1, [r2, #4]
}
 8005cbe:	e006      	b.n	8005cce <move_current_to_end_of_prio_q+0x26>
	return (node == list->tail) ? NULL : node->next;
 8005cc0:	2300      	movs	r3, #0
 8005cc2:	e7f8      	b.n	8005cb6 <move_current_to_end_of_prio_q+0xe>
 8005cc4:	4a19      	ldr	r2, [pc, #100]	@ (8005d2c <move_current_to_end_of_prio_q+0x84>)
 8005cc6:	69d2      	ldr	r2, [r2, #28]
 8005cc8:	4293      	cmp	r3, r2
 8005cca:	d012      	beq.n	8005cf2 <move_current_to_end_of_prio_q+0x4a>
 8005ccc:	681b      	ldr	r3, [r3, #0]
	while (n != NULL) {
 8005cce:	b183      	cbz	r3, 8005cf2 <move_current_to_end_of_prio_q+0x4a>
		if (z_sched_prio_cmp(_current, t) > 0) {
 8005cd0:	4a16      	ldr	r2, [pc, #88]	@ (8005d2c <move_current_to_end_of_prio_q+0x84>)
 8005cd2:	6890      	ldr	r0, [r2, #8]
	int32_t b1 = thread_1->base.prio;
 8005cd4:	f990 100e 	ldrsb.w	r1, [r0, #14]
	int32_t b2 = thread_2->base.prio;
 8005cd8:	f993 200e 	ldrsb.w	r2, [r3, #14]
	if (b1 != b2) {
 8005cdc:	4291      	cmp	r1, r2
 8005cde:	d0f1      	beq.n	8005cc4 <move_current_to_end_of_prio_q+0x1c>
		return b2 - b1;
 8005ce0:	1a52      	subs	r2, r2, r1
		if (z_sched_prio_cmp(_current, t) > 0) {
 8005ce2:	2a00      	cmp	r2, #0
 8005ce4:	ddee      	ble.n	8005cc4 <move_current_to_end_of_prio_q+0x1c>
	sys_dnode_t *const prev = successor->prev;
 8005ce6:	685a      	ldr	r2, [r3, #4]
	node->prev = prev;
 8005ce8:	6042      	str	r2, [r0, #4]
	node->next = successor;
 8005cea:	6003      	str	r3, [r0, #0]
	prev->next = node;
 8005cec:	6010      	str	r0, [r2, #0]
	successor->prev = node;
 8005cee:	6058      	str	r0, [r3, #4]
			return;
 8005cf0:	e008      	b.n	8005d04 <move_current_to_end_of_prio_q+0x5c>
	sys_dlist_append(pq, &_current->base.qnode_dlist);
 8005cf2:	4b0e      	ldr	r3, [pc, #56]	@ (8005d2c <move_current_to_end_of_prio_q+0x84>)
 8005cf4:	689a      	ldr	r2, [r3, #8]
	sys_dnode_t *const tail = list->tail;
 8005cf6:	69d9      	ldr	r1, [r3, #28]
	node->next = list;
 8005cf8:	f103 0018 	add.w	r0, r3, #24
 8005cfc:	6010      	str	r0, [r2, #0]
	node->prev = tail;
 8005cfe:	6051      	str	r1, [r2, #4]
	tail->next = node;
 8005d00:	600a      	str	r2, [r1, #0]
	list->tail = node;
 8005d02:	61da      	str	r2, [r3, #28]
	return list->head == list;
 8005d04:	4b09      	ldr	r3, [pc, #36]	@ (8005d2c <move_current_to_end_of_prio_q+0x84>)
 8005d06:	f853 4f18 	ldr.w	r4, [r3, #24]!
	return sys_dlist_is_empty(list) ? NULL : list->head;
 8005d0a:	429c      	cmp	r4, r3
 8005d0c:	d00a      	beq.n	8005d24 <move_current_to_end_of_prio_q+0x7c>
	if (n != NULL) {
 8005d0e:	b14c      	cbz	r4, 8005d24 <move_current_to_end_of_prio_q+0x7c>
		if (thread != _current) {
 8005d10:	4b06      	ldr	r3, [pc, #24]	@ (8005d2c <move_current_to_end_of_prio_q+0x84>)
 8005d12:	689b      	ldr	r3, [r3, #8]
 8005d14:	429c      	cmp	r4, r3
 8005d16:	d002      	beq.n	8005d1e <move_current_to_end_of_prio_q+0x76>
			z_reset_time_slice(thread);
 8005d18:	4620      	mov	r0, r4
 8005d1a:	f000 fb09 	bl	8006330 <z_reset_time_slice>
		_kernel.ready_q.cache = thread;
 8005d1e:	4b03      	ldr	r3, [pc, #12]	@ (8005d2c <move_current_to_end_of_prio_q+0x84>)
 8005d20:	615c      	str	r4, [r3, #20]
}
 8005d22:	bd10      	pop	{r4, pc}
	return (thread != NULL) ? thread : _current_cpu->idle_thread;
 8005d24:	4b01      	ldr	r3, [pc, #4]	@ (8005d2c <move_current_to_end_of_prio_q+0x84>)
 8005d26:	68dc      	ldr	r4, [r3, #12]
 8005d28:	e7f2      	b.n	8005d10 <move_current_to_end_of_prio_q+0x68>
 8005d2a:	bf00      	nop
 8005d2c:	200010d0 	.word	0x200010d0

08005d30 <z_pend_curr>:
{
 8005d30:	b510      	push	{r4, lr}
 8005d32:	460c      	mov	r4, r1
 8005d34:	4611      	mov	r1, r2
	pending_current = _current;
 8005d36:	480a      	ldr	r0, [pc, #40]	@ (8005d60 <z_pend_curr+0x30>)
 8005d38:	6882      	ldr	r2, [r0, #8]
 8005d3a:	4b0a      	ldr	r3, [pc, #40]	@ (8005d64 <z_pend_curr+0x34>)
 8005d3c:	601a      	str	r2, [r3, #0]
  __ASM volatile ("MRS %0, basepri" : "=r" (result) );
 8005d3e:	f3ef 8311 	mrs	r3, BASEPRI
  __ASM volatile ("MSR basepri_max, %0" : : "r" (basePri) : "memory");
 8005d42:	2310      	movs	r3, #16
 8005d44:	f383 8812 	msr	BASEPRI_MAX, r3
 8005d48:	f3bf 8f6f 	isb	sy
	pend_locked(_current, wait_q, timeout);
 8005d4c:	e9dd 2302 	ldrd	r2, r3, [sp, #8]
 8005d50:	6880      	ldr	r0, [r0, #8]
 8005d52:	f003 fddd 	bl	8009910 <pend_locked>
 8005d56:	4620      	mov	r0, r4
 8005d58:	f7ff fe48 	bl	80059ec <z_swap_irqlock>
}
 8005d5c:	bd10      	pop	{r4, pc}
 8005d5e:	bf00      	nop
 8005d60:	200010d0 	.word	0x200010d0
 8005d64:	200010f4 	.word	0x200010f4

08005d68 <z_thread_prio_set>:
{
 8005d68:	e92d 41f0 	stmdb	sp!, {r4, r5, r6, r7, r8, lr}
 8005d6c:	4604      	mov	r4, r0
 8005d6e:	460e      	mov	r6, r1
	K_SPINLOCK(&_sched_spinlock) {
 8005d70:	2300      	movs	r3, #0
  __ASM volatile ("MRS %0, basepri" : "=r" (result) );
 8005d72:	f3ef 8511 	mrs	r5, BASEPRI
  __ASM volatile ("MSR basepri_max, %0" : : "r" (basePri) : "memory");
 8005d76:	2210      	movs	r2, #16
 8005d78:	f382 8812 	msr	BASEPRI_MAX, r2
 8005d7c:	f3bf 8f6f 	isb	sy
	bool need_sched = false;
 8005d80:	461f      	mov	r7, r3
	}
#endif /* CONFIG_TICKET_SPINLOCKS */
#endif /* CONFIG_SMP */
	z_spinlock_validate_post(l);

	return k;
 8005d82:	e043      	b.n	8005e0c <z_thread_prio_set+0xa4>
	thread->base.thread_state &= ~_THREAD_QUEUED;
 8005d84:	f003 037f 	and.w	r3, r3, #127	@ 0x7f
 8005d88:	7423      	strb	r3, [r4, #16]
	sys_dnode_t *const prev = node->prev;
 8005d8a:	6862      	ldr	r2, [r4, #4]
	sys_dnode_t *const next = node->next;
 8005d8c:	6823      	ldr	r3, [r4, #0]
	prev->next = next;
 8005d8e:	6013      	str	r3, [r2, #0]
	next->prev = prev;
 8005d90:	605a      	str	r2, [r3, #4]
	node->next = NULL;
 8005d92:	2300      	movs	r3, #0
 8005d94:	6023      	str	r3, [r4, #0]
	node->prev = NULL;
 8005d96:	6063      	str	r3, [r4, #4]
				thread->base.prio = prio;
 8005d98:	b271      	sxtb	r1, r6
 8005d9a:	73a1      	strb	r1, [r4, #14]
	thread->base.thread_state |= _THREAD_QUEUED;
 8005d9c:	7c23      	ldrb	r3, [r4, #16]
 8005d9e:	f063 037f 	orn	r3, r3, #127	@ 0x7f
 8005da2:	7423      	strb	r3, [r4, #16]
	return list->head == list;
 8005da4:	4a41      	ldr	r2, [pc, #260]	@ (8005eac <z_thread_prio_set+0x144>)
 8005da6:	f852 3f18 	ldr.w	r3, [r2, #24]!
	return sys_dlist_is_empty(list) ? NULL : list->head;
 8005daa:	4293      	cmp	r3, r2
 8005dac:	d046      	beq.n	8005e3c <z_thread_prio_set+0xd4>
	SYS_DLIST_FOR_EACH_CONTAINER(pq, t, base.qnode_dlist) {
 8005dae:	b173      	cbz	r3, 8005dce <z_thread_prio_set+0x66>
	int32_t b2 = thread_2->base.prio;
 8005db0:	f993 200e 	ldrsb.w	r2, [r3, #14]
	if (b1 != b2) {
 8005db4:	4291      	cmp	r1, r2
 8005db6:	d002      	beq.n	8005dbe <z_thread_prio_set+0x56>
		return b2 - b1;
 8005db8:	1a52      	subs	r2, r2, r1
		if (z_sched_prio_cmp(thread, t) > 0) {
 8005dba:	2a00      	cmp	r2, #0
 8005dbc:	dc35      	bgt.n	8005e2a <z_thread_prio_set+0xc2>
	SYS_DLIST_FOR_EACH_CONTAINER(pq, t, base.qnode_dlist) {
 8005dbe:	4618      	mov	r0, r3
	return (node == list->tail) ? NULL : node->next;
 8005dc0:	4a3a      	ldr	r2, [pc, #232]	@ (8005eac <z_thread_prio_set+0x144>)
 8005dc2:	69d2      	ldr	r2, [r2, #28]
 8005dc4:	4293      	cmp	r3, r2
 8005dc6:	d002      	beq.n	8005dce <z_thread_prio_set+0x66>
 8005dc8:	681b      	ldr	r3, [r3, #0]
 8005dca:	2b00      	cmp	r3, #0
 8005dcc:	d133      	bne.n	8005e36 <z_thread_prio_set+0xce>
	sys_dnode_t *const tail = list->tail;
 8005dce:	4b37      	ldr	r3, [pc, #220]	@ (8005eac <z_thread_prio_set+0x144>)
 8005dd0:	69da      	ldr	r2, [r3, #28]
	node->next = list;
 8005dd2:	f103 0118 	add.w	r1, r3, #24
 8005dd6:	6021      	str	r1, [r4, #0]
	node->prev = tail;
 8005dd8:	6062      	str	r2, [r4, #4]
	tail->next = node;
 8005dda:	6014      	str	r4, [r2, #0]
	list->tail = node;
 8005ddc:	61dc      	str	r4, [r3, #28]
	return list->head == list;
 8005dde:	4b33      	ldr	r3, [pc, #204]	@ (8005eac <z_thread_prio_set+0x144>)
 8005de0:	f853 8f18 	ldr.w	r8, [r3, #24]!
	return sys_dlist_is_empty(list) ? NULL : list->head;
 8005de4:	4598      	cmp	r8, r3
 8005de6:	d02b      	beq.n	8005e40 <z_thread_prio_set+0xd8>
	if (n != NULL) {
 8005de8:	f1b8 0f00 	cmp.w	r8, #0
 8005dec:	d028      	beq.n	8005e40 <z_thread_prio_set+0xd8>
		if (thread != _current) {
 8005dee:	4b2f      	ldr	r3, [pc, #188]	@ (8005eac <z_thread_prio_set+0x144>)
 8005df0:	689b      	ldr	r3, [r3, #8]
 8005df2:	4598      	cmp	r8, r3
 8005df4:	d002      	beq.n	8005dfc <z_thread_prio_set+0x94>
			z_reset_time_slice(thread);
 8005df6:	4640      	mov	r0, r8
 8005df8:	f000 fa9a 	bl	8006330 <z_reset_time_slice>
		_kernel.ready_q.cache = thread;
 8005dfc:	4b2b      	ldr	r3, [pc, #172]	@ (8005eac <z_thread_prio_set+0x144>)
 8005dfe:	f8c3 8014 	str.w	r8, [r3, #20]
  __ASM volatile ("MSR basepri, %0" : : "r" (basePri) : "memory");
 8005e02:	f385 8811 	msr	BASEPRI, r5
 8005e06:	f3bf 8f6f 	isb	sy
	K_SPINLOCK(&_sched_spinlock) {
 8005e0a:	2301      	movs	r3, #1
 8005e0c:	2b00      	cmp	r3, #0
 8005e0e:	d149      	bne.n	8005ea4 <z_thread_prio_set+0x13c>
	uint8_t state = thread->base.thread_state;
 8005e10:	7c23      	ldrb	r3, [r4, #16]
	return (state & (_THREAD_PENDING | _THREAD_SLEEPING | _THREAD_DEAD |
 8005e12:	f003 021f 	and.w	r2, r3, #31
	return !z_is_thread_prevented_from_running(thread);
 8005e16:	2a00      	cmp	r2, #0
 8005e18:	bf0c      	ite	eq
 8005e1a:	2701      	moveq	r7, #1
 8005e1c:	2700      	movne	r7, #0
		if (need_sched) {
 8005e1e:	d0b1      	beq.n	8005d84 <z_thread_prio_set+0x1c>
		} else if (z_is_thread_pending(thread)) {
 8005e20:	f013 0f02 	tst.w	r3, #2
 8005e24:	d110      	bne.n	8005e48 <z_thread_prio_set+0xe0>
			thread->base.prio = prio;
 8005e26:	73a6      	strb	r6, [r4, #14]
 8005e28:	e7eb      	b.n	8005e02 <z_thread_prio_set+0x9a>
	sys_dnode_t *const prev = successor->prev;
 8005e2a:	685a      	ldr	r2, [r3, #4]
	node->prev = prev;
 8005e2c:	6062      	str	r2, [r4, #4]
	node->next = successor;
 8005e2e:	6023      	str	r3, [r4, #0]
	prev->next = node;
 8005e30:	6014      	str	r4, [r2, #0]
	successor->prev = node;
 8005e32:	605c      	str	r4, [r3, #4]
			return;
 8005e34:	e7d3      	b.n	8005dde <z_thread_prio_set+0x76>
	return (node != NULL) ? sys_dlist_peek_next_no_check(list, node) : NULL;
 8005e36:	2800      	cmp	r0, #0
 8005e38:	d1b9      	bne.n	8005dae <z_thread_prio_set+0x46>
 8005e3a:	e7c8      	b.n	8005dce <z_thread_prio_set+0x66>
	SYS_DLIST_FOR_EACH_CONTAINER(pq, t, base.qnode_dlist) {
 8005e3c:	2300      	movs	r3, #0
 8005e3e:	e7b6      	b.n	8005dae <z_thread_prio_set+0x46>
	return (thread != NULL) ? thread : _current_cpu->idle_thread;
 8005e40:	4b1a      	ldr	r3, [pc, #104]	@ (8005eac <z_thread_prio_set+0x144>)
 8005e42:	f8d3 800c 	ldr.w	r8, [r3, #12]
 8005e46:	e7d2      	b.n	8005dee <z_thread_prio_set+0x86>
	return thread->base.pended_on;
 8005e48:	68a1      	ldr	r1, [r4, #8]
	sys_dnode_t *const prev = node->prev;
 8005e4a:	6862      	ldr	r2, [r4, #4]
	sys_dnode_t *const next = node->next;
 8005e4c:	6823      	ldr	r3, [r4, #0]
	prev->next = next;
 8005e4e:	6013      	str	r3, [r2, #0]
	next->prev = prev;
 8005e50:	605a      	str	r2, [r3, #4]
	node->next = NULL;
 8005e52:	2300      	movs	r3, #0
 8005e54:	6023      	str	r3, [r4, #0]
	node->prev = NULL;
 8005e56:	6063      	str	r3, [r4, #4]
			thread->base.prio = prio;
 8005e58:	b270      	sxtb	r0, r6
 8005e5a:	73a0      	strb	r0, [r4, #14]
	return list->head == list;
 8005e5c:	680b      	ldr	r3, [r1, #0]
	return sys_dlist_is_empty(list) ? NULL : list->head;
 8005e5e:	4299      	cmp	r1, r3
 8005e60:	d108      	bne.n	8005e74 <z_thread_prio_set+0x10c>
 8005e62:	2300      	movs	r3, #0
 8005e64:	e006      	b.n	8005e74 <z_thread_prio_set+0x10c>
 8005e66:	461a      	mov	r2, r3
	return (node == list->tail) ? NULL : node->next;
 8005e68:	f8d1 c004 	ldr.w	ip, [r1, #4]
 8005e6c:	4563      	cmp	r3, ip
 8005e6e:	d013      	beq.n	8005e98 <z_thread_prio_set+0x130>
 8005e70:	681b      	ldr	r3, [r3, #0]
 8005e72:	b96b      	cbnz	r3, 8005e90 <z_thread_prio_set+0x128>
 8005e74:	b183      	cbz	r3, 8005e98 <z_thread_prio_set+0x130>
	int32_t b2 = thread_2->base.prio;
 8005e76:	f993 200e 	ldrsb.w	r2, [r3, #14]
	if (b1 != b2) {
 8005e7a:	4290      	cmp	r0, r2
 8005e7c:	d0f3      	beq.n	8005e66 <z_thread_prio_set+0xfe>
		return b2 - b1;
 8005e7e:	1a12      	subs	r2, r2, r0
		if (z_sched_prio_cmp(thread, t) > 0) {
 8005e80:	2a00      	cmp	r2, #0
 8005e82:	ddf0      	ble.n	8005e66 <z_thread_prio_set+0xfe>
	sys_dnode_t *const prev = successor->prev;
 8005e84:	685a      	ldr	r2, [r3, #4]
	node->prev = prev;
 8005e86:	6062      	str	r2, [r4, #4]
	node->next = successor;
 8005e88:	6023      	str	r3, [r4, #0]
	prev->next = node;
 8005e8a:	6014      	str	r4, [r2, #0]
	successor->prev = node;
 8005e8c:	605c      	str	r4, [r3, #4]
			return;
 8005e8e:	e7b8      	b.n	8005e02 <z_thread_prio_set+0x9a>
	return (node != NULL) ? sys_dlist_peek_next_no_check(list, node) : NULL;
 8005e90:	2a00      	cmp	r2, #0
 8005e92:	d1ef      	bne.n	8005e74 <z_thread_prio_set+0x10c>
 8005e94:	4613      	mov	r3, r2
 8005e96:	e7ed      	b.n	8005e74 <z_thread_prio_set+0x10c>
	sys_dnode_t *const tail = list->tail;
 8005e98:	684b      	ldr	r3, [r1, #4]
	node->next = list;
 8005e9a:	6021      	str	r1, [r4, #0]
	node->prev = tail;
 8005e9c:	6063      	str	r3, [r4, #4]
	tail->next = node;
 8005e9e:	601c      	str	r4, [r3, #0]
	list->tail = node;
 8005ea0:	604c      	str	r4, [r1, #4]
}
 8005ea2:	e7ae      	b.n	8005e02 <z_thread_prio_set+0x9a>
}
 8005ea4:	4638      	mov	r0, r7
 8005ea6:	e8bd 81f0 	ldmia.w	sp!, {r4, r5, r6, r7, r8, pc}
 8005eaa:	bf00      	nop
 8005eac:	200010d0 	.word	0x200010d0

08005eb0 <k_sched_lock>:
	K_SPINLOCK(&_sched_spinlock) {
 8005eb0:	2300      	movs	r3, #0
  __ASM volatile ("MRS %0, basepri" : "=r" (result) );
 8005eb2:	f3ef 8111 	mrs	r1, BASEPRI
  __ASM volatile ("MSR basepri_max, %0" : : "r" (basePri) : "memory");
 8005eb6:	2210      	movs	r2, #16
 8005eb8:	f382 8812 	msr	BASEPRI_MAX, r2
 8005ebc:	f3bf 8f6f 	isb	sy
 8005ec0:	e009      	b.n	8005ed6 <k_sched_lock+0x26>
		--_current->base.sched_locked;
 8005ec2:	4b06      	ldr	r3, [pc, #24]	@ (8005edc <k_sched_lock+0x2c>)
 8005ec4:	689a      	ldr	r2, [r3, #8]
 8005ec6:	7bd3      	ldrb	r3, [r2, #15]
 8005ec8:	3b01      	subs	r3, #1
 8005eca:	73d3      	strb	r3, [r2, #15]
  __ASM volatile ("MSR basepri, %0" : : "r" (basePri) : "memory");
 8005ecc:	f381 8811 	msr	BASEPRI, r1
 8005ed0:	f3bf 8f6f 	isb	sy
	K_SPINLOCK(&_sched_spinlock) {
 8005ed4:	2301      	movs	r3, #1
 8005ed6:	2b00      	cmp	r3, #0
 8005ed8:	d0f3      	beq.n	8005ec2 <k_sched_lock+0x12>
}
 8005eda:	4770      	bx	lr
 8005edc:	200010d0 	.word	0x200010d0

08005ee0 <k_sched_unlock>:
{
 8005ee0:	b538      	push	{r3, r4, r5, lr}
  __ASM volatile ("MRS %0, basepri" : "=r" (result) );
 8005ee2:	f3ef 8511 	mrs	r5, BASEPRI
  __ASM volatile ("MSR basepri_max, %0" : : "r" (basePri) : "memory");
 8005ee6:	2310      	movs	r3, #16
 8005ee8:	f383 8812 	msr	BASEPRI_MAX, r3
 8005eec:	f3bf 8f6f 	isb	sy
	++_current->base.sched_locked;
 8005ef0:	4b12      	ldr	r3, [pc, #72]	@ (8005f3c <k_sched_unlock+0x5c>)
 8005ef2:	689a      	ldr	r2, [r3, #8]
 8005ef4:	7bd1      	ldrb	r1, [r2, #15]
 8005ef6:	3101      	adds	r1, #1
 8005ef8:	73d1      	strb	r1, [r2, #15]
	return list->head == list;
 8005efa:	f853 4f18 	ldr.w	r4, [r3, #24]!
	return sys_dlist_is_empty(list) ? NULL : list->head;
 8005efe:	429c      	cmp	r4, r3
 8005f00:	d015      	beq.n	8005f2e <k_sched_unlock+0x4e>
	if (n != NULL) {
 8005f02:	b1a4      	cbz	r4, 8005f2e <k_sched_unlock+0x4e>
	uint8_t state = thread->base.thread_state;
 8005f04:	7c13      	ldrb	r3, [r2, #16]
	if (z_is_thread_prevented_from_running(_current)) {
 8005f06:	f013 0f1f 	tst.w	r3, #31
 8005f0a:	d104      	bne.n	8005f16 <k_sched_unlock+0x36>
	return thread->base.preempt <= _PREEMPT_THRESHOLD;
 8005f0c:	89d3      	ldrh	r3, [r2, #14]
	if (thread_is_preemptible(_current) || thread_is_metairq(thread)) {
 8005f0e:	2b7f      	cmp	r3, #127	@ 0x7f
 8005f10:	d901      	bls.n	8005f16 <k_sched_unlock+0x36>
	return node->next != NULL;
 8005f12:	69a3      	ldr	r3, [r4, #24]
	if (IS_ENABLED(CONFIG_SWAP_NONATOMIC)
 8005f14:	b173      	cbz	r3, 8005f34 <k_sched_unlock+0x54>
		if (thread != _current) {
 8005f16:	4294      	cmp	r4, r2
 8005f18:	d002      	beq.n	8005f20 <k_sched_unlock+0x40>
			z_reset_time_slice(thread);
 8005f1a:	4620      	mov	r0, r4
 8005f1c:	f000 fa08 	bl	8006330 <z_reset_time_slice>
		_kernel.ready_q.cache = thread;
 8005f20:	4b06      	ldr	r3, [pc, #24]	@ (8005f3c <k_sched_unlock+0x5c>)
 8005f22:	615c      	str	r4, [r3, #20]
	reschedule(&_sched_spinlock, key);
 8005f24:	4629      	mov	r1, r5
 8005f26:	4806      	ldr	r0, [pc, #24]	@ (8005f40 <k_sched_unlock+0x60>)
 8005f28:	f7ff fd7a 	bl	8005a20 <reschedule>
}
 8005f2c:	bd38      	pop	{r3, r4, r5, pc}
	return (thread != NULL) ? thread : _current_cpu->idle_thread;
 8005f2e:	4b03      	ldr	r3, [pc, #12]	@ (8005f3c <k_sched_unlock+0x5c>)
 8005f30:	68dc      	ldr	r4, [r3, #12]
 8005f32:	e7e7      	b.n	8005f04 <k_sched_unlock+0x24>
		_kernel.ready_q.cache = _current;
 8005f34:	4b01      	ldr	r3, [pc, #4]	@ (8005f3c <k_sched_unlock+0x5c>)
 8005f36:	615a      	str	r2, [r3, #20]
 8005f38:	e7f4      	b.n	8005f24 <k_sched_unlock+0x44>
 8005f3a:	bf00      	nop
 8005f3c:	200010d0 	.word	0x200010d0
 8005f40:	200010f4 	.word	0x200010f4

08005f44 <z_sched_init>:
{
 8005f44:	b508      	push	{r3, lr}
	init_ready_q(&_kernel.ready_q);
 8005f46:	4802      	ldr	r0, [pc, #8]	@ (8005f50 <z_sched_init+0xc>)
 8005f48:	f003 fd8c 	bl	8009a64 <init_ready_q>
}
 8005f4c:	bd08      	pop	{r3, pc}
 8005f4e:	bf00      	nop
 8005f50:	200010e4 	.word	0x200010e4

08005f54 <z_impl_k_yield>:
{
 8005f54:	b538      	push	{r3, r4, r5, lr}
  __ASM volatile ("MRS %0, basepri" : "=r" (result) );
 8005f56:	f3ef 8411 	mrs	r4, BASEPRI
  __ASM volatile ("MSR basepri_max, %0" : : "r" (basePri) : "memory");
 8005f5a:	2310      	movs	r3, #16
 8005f5c:	f383 8812 	msr	BASEPRI_MAX, r3
 8005f60:	f3bf 8f6f 	isb	sy
	n = sys_dlist_peek_next_no_check(pq, &_current->base.qnode_dlist);
 8005f64:	4b21      	ldr	r3, [pc, #132]	@ (8005fec <z_impl_k_yield+0x98>)
 8005f66:	689a      	ldr	r2, [r3, #8]
	return (node == list->tail) ? NULL : node->next;
 8005f68:	69db      	ldr	r3, [r3, #28]
 8005f6a:	429a      	cmp	r2, r3
 8005f6c:	d005      	beq.n	8005f7a <z_impl_k_yield+0x26>
 8005f6e:	6813      	ldr	r3, [r2, #0]
	sys_dnode_t *const prev = node->prev;
 8005f70:	6851      	ldr	r1, [r2, #4]
	sys_dnode_t *const next = node->next;
 8005f72:	6812      	ldr	r2, [r2, #0]
	prev->next = next;
 8005f74:	600a      	str	r2, [r1, #0]
	next->prev = prev;
 8005f76:	6051      	str	r1, [r2, #4]
}
 8005f78:	e006      	b.n	8005f88 <z_impl_k_yield+0x34>
	return (node == list->tail) ? NULL : node->next;
 8005f7a:	2300      	movs	r3, #0
 8005f7c:	e7f8      	b.n	8005f70 <z_impl_k_yield+0x1c>
 8005f7e:	4a1b      	ldr	r2, [pc, #108]	@ (8005fec <z_impl_k_yield+0x98>)
 8005f80:	69d2      	ldr	r2, [r2, #28]
 8005f82:	4293      	cmp	r3, r2
 8005f84:	d012      	beq.n	8005fac <z_impl_k_yield+0x58>
 8005f86:	681b      	ldr	r3, [r3, #0]
	while (n != NULL) {
 8005f88:	b183      	cbz	r3, 8005fac <z_impl_k_yield+0x58>
		if (z_sched_prio_cmp(_current, t) > 0) {
 8005f8a:	4a18      	ldr	r2, [pc, #96]	@ (8005fec <z_impl_k_yield+0x98>)
 8005f8c:	6890      	ldr	r0, [r2, #8]
	int32_t b1 = thread_1->base.prio;
 8005f8e:	f990 100e 	ldrsb.w	r1, [r0, #14]
	int32_t b2 = thread_2->base.prio;
 8005f92:	f993 200e 	ldrsb.w	r2, [r3, #14]
	if (b1 != b2) {
 8005f96:	4291      	cmp	r1, r2
 8005f98:	d0f1      	beq.n	8005f7e <z_impl_k_yield+0x2a>
		return b2 - b1;
 8005f9a:	1a52      	subs	r2, r2, r1
		if (z_sched_prio_cmp(_current, t) > 0) {
 8005f9c:	2a00      	cmp	r2, #0
 8005f9e:	ddee      	ble.n	8005f7e <z_impl_k_yield+0x2a>
	sys_dnode_t *const prev = successor->prev;
 8005fa0:	685a      	ldr	r2, [r3, #4]
	node->prev = prev;
 8005fa2:	6042      	str	r2, [r0, #4]
	node->next = successor;
 8005fa4:	6003      	str	r3, [r0, #0]
	prev->next = node;
 8005fa6:	6010      	str	r0, [r2, #0]
	successor->prev = node;
 8005fa8:	6058      	str	r0, [r3, #4]
			return;
 8005faa:	e008      	b.n	8005fbe <z_impl_k_yield+0x6a>
	sys_dlist_append(pq, &_current->base.qnode_dlist);
 8005fac:	4b0f      	ldr	r3, [pc, #60]	@ (8005fec <z_impl_k_yield+0x98>)
 8005fae:	689a      	ldr	r2, [r3, #8]
	sys_dnode_t *const tail = list->tail;
 8005fb0:	69d9      	ldr	r1, [r3, #28]
	node->next = list;
 8005fb2:	f103 0018 	add.w	r0, r3, #24
 8005fb6:	6010      	str	r0, [r2, #0]
	node->prev = tail;
 8005fb8:	6051      	str	r1, [r2, #4]
	tail->next = node;
 8005fba:	600a      	str	r2, [r1, #0]
	list->tail = node;
 8005fbc:	61da      	str	r2, [r3, #28]
	return list->head == list;
 8005fbe:	4b0b      	ldr	r3, [pc, #44]	@ (8005fec <z_impl_k_yield+0x98>)
 8005fc0:	f853 5f18 	ldr.w	r5, [r3, #24]!
	return sys_dlist_is_empty(list) ? NULL : list->head;
 8005fc4:	429d      	cmp	r5, r3
 8005fc6:	d00d      	beq.n	8005fe4 <z_impl_k_yield+0x90>
	if (n != NULL) {
 8005fc8:	b165      	cbz	r5, 8005fe4 <z_impl_k_yield+0x90>
		if (thread != _current) {
 8005fca:	4b08      	ldr	r3, [pc, #32]	@ (8005fec <z_impl_k_yield+0x98>)
 8005fcc:	689b      	ldr	r3, [r3, #8]
 8005fce:	429d      	cmp	r5, r3
 8005fd0:	d002      	beq.n	8005fd8 <z_impl_k_yield+0x84>
			z_reset_time_slice(thread);
 8005fd2:	4628      	mov	r0, r5
 8005fd4:	f000 f9ac 	bl	8006330 <z_reset_time_slice>
		_kernel.ready_q.cache = thread;
 8005fd8:	4b04      	ldr	r3, [pc, #16]	@ (8005fec <z_impl_k_yield+0x98>)
 8005fda:	615d      	str	r5, [r3, #20]
 8005fdc:	4620      	mov	r0, r4
 8005fde:	f7ff fd05 	bl	80059ec <z_swap_irqlock>
}
 8005fe2:	bd38      	pop	{r3, r4, r5, pc}
	return (thread != NULL) ? thread : _current_cpu->idle_thread;
 8005fe4:	4b01      	ldr	r3, [pc, #4]	@ (8005fec <z_impl_k_yield+0x98>)
 8005fe6:	68dd      	ldr	r5, [r3, #12]
 8005fe8:	e7ef      	b.n	8005fca <z_impl_k_yield+0x76>
 8005fea:	bf00      	nop
 8005fec:	200010d0 	.word	0x200010d0

08005ff0 <z_tick_sleep>:
{
 8005ff0:	b5f8      	push	{r3, r4, r5, r6, r7, lr}
	if (K_TIMEOUT_EQ(timeout, K_NO_WAIT)) {
 8005ff2:	ea51 0300 	orrs.w	r3, r1, r0
 8005ff6:	d028      	beq.n	800604a <z_tick_sleep+0x5a>
 8005ff8:	4605      	mov	r5, r0
 8005ffa:	460c      	mov	r4, r1
  __ASM volatile ("MRS %0, basepri" : "=r" (result) );
 8005ffc:	f3ef 8711 	mrs	r7, BASEPRI
  __ASM volatile ("MSR basepri_max, %0" : : "r" (basePri) : "memory");
 8006000:	2310      	movs	r3, #16
 8006002:	f383 8812 	msr	BASEPRI_MAX, r3
 8006006:	f3bf 8f6f 	isb	sy
	pending_current = _current;
 800600a:	4e15      	ldr	r6, [pc, #84]	@ (8006060 <z_tick_sleep+0x70>)
 800600c:	68b0      	ldr	r0, [r6, #8]
 800600e:	4b15      	ldr	r3, [pc, #84]	@ (8006064 <z_tick_sleep+0x74>)
 8006010:	6018      	str	r0, [r3, #0]
	unready_thread(_current);
 8006012:	f7ff fd77 	bl	8005b04 <unready_thread>
	expected_wakeup_ticks = (uint32_t)z_add_thread_timeout(_current, timeout);
 8006016:	68b0      	ldr	r0, [r6, #8]
 8006018:	462a      	mov	r2, r5
 800601a:	4623      	mov	r3, r4
 800601c:	4912      	ldr	r1, [pc, #72]	@ (8006068 <z_tick_sleep+0x78>)
 800601e:	3018      	adds	r0, #24
 8006020:	f000 fa20 	bl	8006464 <z_add_timeout>
 8006024:	4604      	mov	r4, r0
	z_mark_thread_as_sleeping(_current);
 8006026:	68b2      	ldr	r2, [r6, #8]
	thread->base.thread_state |= _THREAD_SLEEPING;
 8006028:	7c13      	ldrb	r3, [r2, #16]
 800602a:	f043 0304 	orr.w	r3, r3, #4
 800602e:	7413      	strb	r3, [r2, #16]
 8006030:	4638      	mov	r0, r7
 8006032:	f7ff fcdb 	bl	80059ec <z_swap_irqlock>
	if (!z_is_aborted_thread_timeout(_current)) {
 8006036:	68b3      	ldr	r3, [r6, #8]
	return to->dticks == TIMEOUT_DTICKS_ABORTED;
 8006038:	6a9a      	ldr	r2, [r3, #40]	@ 0x28
 800603a:	6adb      	ldr	r3, [r3, #44]	@ 0x2c
 800603c:	f1b3 4f00 	cmp.w	r3, #2147483648	@ 0x80000000
 8006040:	bf08      	it	eq
 8006042:	2a00      	cmpeq	r2, #0
 8006044:	d005      	beq.n	8006052 <z_tick_sleep+0x62>
		return 0;
 8006046:	2000      	movs	r0, #0
}
 8006048:	bdf8      	pop	{r3, r4, r5, r6, r7, pc}
	z_impl_k_yield();
 800604a:	f7ff ff83 	bl	8005f54 <z_impl_k_yield>
		return 0;
 800604e:	2000      	movs	r0, #0
 8006050:	e7fa      	b.n	8006048 <z_tick_sleep+0x58>
	uint32_t left_ticks = expected_wakeup_ticks - sys_clock_tick_get_32();
 8006052:	f003 fdb2 	bl	8009bba <sys_clock_tick_get_32>
 8006056:	1a20      	subs	r0, r4, r0
	if (signed_left > 0) {
 8006058:	2800      	cmp	r0, #0
 800605a:	dcf5      	bgt.n	8006048 <z_tick_sleep+0x58>
	return 0;
 800605c:	2000      	movs	r0, #0
 800605e:	e7f3      	b.n	8006048 <z_tick_sleep+0x58>
 8006060:	200010d0 	.word	0x200010d0
 8006064:	200010f4 	.word	0x200010f4
 8006068:	080099d3 	.word	0x080099d3

0800606c <z_impl_k_sleep>:
{
 800606c:	b538      	push	{r3, r4, r5, lr}
 800606e:	4604      	mov	r4, r0
 8006070:	460d      	mov	r5, r1
	ticks = z_tick_sleep(timeout);
 8006072:	f7ff ffbd 	bl	8005ff0 <z_tick_sleep>
 8006076:	4603      	mov	r3, r0
	int64_t ms = K_TIMEOUT_EQ(timeout, K_FOREVER) ? K_TICKS_FOREVER :
 8006078:	4620      	mov	r0, r4
 800607a:	f1b5 3fff 	cmp.w	r5, #4294967295
 800607e:	bf08      	it	eq
 8006080:	f1b4 3fff 	cmpeq.w	r4, #4294967295
 8006084:	d028      	beq.n	80060d8 <z_impl_k_sleep+0x6c>
		clamp(k_ticks_to_ms_ceil64(ticks), 0, INT_MAX);
 8006086:	17da      	asrs	r2, r3, #31
 8006088:	f113 0009 	adds.w	r0, r3, #9
 800608c:	f142 0300 	adc.w	r3, r2, #0
 8006090:	2100      	movs	r1, #0
 8006092:	18c2      	adds	r2, r0, r3
 8006094:	d221      	bcs.n	80060da <z_impl_k_sleep+0x6e>
 8006096:	440a      	add	r2, r1
 8006098:	4911      	ldr	r1, [pc, #68]	@ (80060e0 <z_impl_k_sleep+0x74>)
 800609a:	fba1 4502 	umull	r4, r5, r1, r2
 800609e:	f025 0403 	bic.w	r4, r5, #3
 80060a2:	eb04 0495 	add.w	r4, r4, r5, lsr #2
 80060a6:	1b12      	subs	r2, r2, r4
 80060a8:	1a80      	subs	r0, r0, r2
 80060aa:	f163 0300 	sbc.w	r3, r3, #0
 80060ae:	f04f 32cc 	mov.w	r2, #3435973836	@ 0xcccccccc
 80060b2:	fb00 f202 	mul.w	r2, r0, r2
 80060b6:	fb01 2203 	mla	r2, r1, r3, r2
 80060ba:	fba0 0101 	umull	r0, r1, r0, r1
 80060be:	440a      	add	r2, r1
 80060c0:	0843      	lsrs	r3, r0, #1
 80060c2:	ea43 73c2 	orr.w	r3, r3, r2, lsl #31
 80060c6:	0852      	lsrs	r2, r2, #1
 80060c8:	4618      	mov	r0, r3
 80060ca:	f1b3 4f00 	cmp.w	r3, #2147483648	@ 0x80000000
 80060ce:	f172 0200 	sbcs.w	r2, r2, #0
 80060d2:	d301      	bcc.n	80060d8 <z_impl_k_sleep+0x6c>
 80060d4:	f06f 4000 	mvn.w	r0, #2147483648	@ 0x80000000
}
 80060d8:	bd38      	pop	{r3, r4, r5, pc}
		clamp(k_ticks_to_ms_ceil64(ticks), 0, INT_MAX);
 80060da:	2101      	movs	r1, #1
 80060dc:	e7db      	b.n	8006096 <z_impl_k_sleep+0x2a>
 80060de:	bf00      	nop
 80060e0:	cccccccd 	.word	0xcccccccd

080060e4 <z_impl_k_wakeup>:
{
 80060e4:	b538      	push	{r3, r4, r5, lr}
  __ASM volatile ("MRS %0, basepri" : "=r" (result) );
 80060e6:	f3ef 8511 	mrs	r5, BASEPRI
  __ASM volatile ("MSR basepri_max, %0" : : "r" (basePri) : "memory");
 80060ea:	2310      	movs	r3, #16
 80060ec:	f383 8812 	msr	BASEPRI_MAX, r3
 80060f0:	f3bf 8f6f 	isb	sy
	return (thread->base.thread_state & _THREAD_SLEEPING) != 0U;
 80060f4:	7c03      	ldrb	r3, [r0, #16]
	if (z_is_thread_sleeping(thread)) {
 80060f6:	f013 0f04 	tst.w	r3, #4
 80060fa:	d104      	bne.n	8006106 <z_impl_k_wakeup+0x22>
  __ASM volatile ("MSR basepri, %0" : : "r" (basePri) : "memory");
 80060fc:	f385 8811 	msr	BASEPRI, r5
 8006100:	f3bf 8f6f 	isb	sy
}
 8006104:	bd38      	pop	{r3, r4, r5, pc}
 8006106:	4604      	mov	r4, r0
	z_abort_timeout(&thread->base.timeout);
 8006108:	3018      	adds	r0, #24
 800610a:	f003 fd17 	bl	8009b3c <z_abort_timeout>
	thread->base.thread_state &= ~_THREAD_SLEEPING;
 800610e:	7c23      	ldrb	r3, [r4, #16]
 8006110:	f023 0304 	bic.w	r3, r3, #4
 8006114:	7423      	strb	r3, [r4, #16]
		ready_thread(thread);
 8006116:	4620      	mov	r0, r4
 8006118:	f7ff fc9c 	bl	8005a54 <ready_thread>
		reschedule(&_sched_spinlock, key);
 800611c:	4629      	mov	r1, r5
 800611e:	4802      	ldr	r0, [pc, #8]	@ (8006128 <z_impl_k_wakeup+0x44>)
 8006120:	f7ff fc7e 	bl	8005a20 <reschedule>
 8006124:	e7ee      	b.n	8006104 <z_impl_k_wakeup+0x20>
 8006126:	bf00      	nop
 8006128:	200010f4 	.word	0x200010f4

0800612c <z_impl_k_sched_current_thread_query>:
}
 800612c:	4b01      	ldr	r3, [pc, #4]	@ (8006134 <z_impl_k_sched_current_thread_query+0x8>)
 800612e:	6898      	ldr	r0, [r3, #8]
 8006130:	4770      	bx	lr
 8006132:	bf00      	nop
 8006134:	200010d0 	.word	0x200010d0

08006138 <z_thread_abort>:
#ifdef IAR_SUPPRESS_ALWAYS_INLINE_WARNING_FLAG
TOOLCHAIN_ENABLE_WARNING(TOOLCHAIN_WARNING_ALWAYS_INLINE)
#endif

void z_thread_abort(struct k_thread *thread)
{
 8006138:	e92d 43f8 	stmdb	sp!, {r3, r4, r5, r6, r7, r8, r9, lr}
	return (thread->base.user_options & K_ESSENTIAL) == K_ESSENTIAL;
 800613c:	8983      	ldrh	r3, [r0, #12]
 800613e:	f003 0701 	and.w	r7, r3, #1
  __ASM volatile ("MRS %0, basepri" : "=r" (result) );
 8006142:	f3ef 8611 	mrs	r6, BASEPRI
  __ASM volatile ("MSR basepri_max, %0" : : "r" (basePri) : "memory");
 8006146:	2310      	movs	r3, #16
 8006148:	f383 8812 	msr	BASEPRI_MAX, r3
 800614c:	f3bf 8f6f 	isb	sy
	return (thread->base.thread_state & _THREAD_DEAD) != 0U;
 8006150:	7c05      	ldrb	r5, [r0, #16]
	bool essential = z_is_thread_essential(thread);
	k_spinlock_key_t key = k_spin_lock(&_sched_spinlock);

	if (z_is_thread_dead(thread)) {
 8006152:	f015 0f08 	tst.w	r5, #8
 8006156:	d11a      	bne.n	800618e <z_thread_abort+0x56>
 8006158:	4604      	mov	r4, r0
		k_spin_unlock(&_sched_spinlock, key);
		return;
	}

	z_thread_halt(thread, key, true);
 800615a:	46b1      	mov	r9, r6
	_wait_q_t *wq = &thread->join_queue;
 800615c:	f100 0858 	add.w	r8, r0, #88	@ 0x58
	struct _cpu *cpu = thread_active_elsewhere(thread);
 8006160:	f003 fb81 	bl	8009866 <thread_active_elsewhere>
	if (cpu != NULL) {
 8006164:	b310      	cbz	r0, 80061ac <z_thread_abort+0x74>
		thread->base.thread_state |= (terminate ? _THREAD_ABORTING
 8006166:	f045 0520 	orr.w	r5, r5, #32
 800616a:	7425      	strb	r5, [r4, #16]
  __ASM volatile ("MRS %0, ipsr" : "=r" (result) );
 800616c:	f3ef 8305 	mrs	r3, IPSR
		if (arch_is_in_isr()) {
 8006170:	b19b      	cbz	r3, 800619a <z_thread_abort+0x62>
			thread_halt_spin(thread, key);
 8006172:	4631      	mov	r1, r6
 8006174:	4620      	mov	r0, r4
 8006176:	f7ff fcf9 	bl	8005b6c <thread_halt_spin>

	if (essential) {
 800617a:	b167      	cbz	r7, 8006196 <z_thread_abort+0x5e>
  __ASM volatile ("MSR basepri, %0" : : "r" (basePri) : "memory");
 800617c:	2300      	movs	r3, #0
 800617e:	f383 8811 	msr	BASEPRI, r3
 8006182:	f3bf 8f6f 	isb	sy
		__ASSERT(!essential, "aborted essential thread %p", thread);
		k_panic();
 8006186:	2304      	movs	r3, #4
 8006188:	4618      	mov	r0, r3
 800618a:	df02      	svc	2
 800618c:	e003      	b.n	8006196 <z_thread_abort+0x5e>
 800618e:	f386 8811 	msr	BASEPRI, r6
 8006192:	f3bf 8f6f 	isb	sy
	}
}
 8006196:	e8bd 83f8 	ldmia.w	sp!, {r3, r4, r5, r6, r7, r8, r9, pc}
			add_to_waitq_locked(_current, wq);
 800619a:	4641      	mov	r1, r8
 800619c:	4b3f      	ldr	r3, [pc, #252]	@ (800629c <z_thread_abort+0x164>)
 800619e:	6898      	ldr	r0, [r3, #8]
 80061a0:	f003 fb63 	bl	800986a <add_to_waitq_locked>
 80061a4:	4630      	mov	r0, r6
 80061a6:	f7ff fc21 	bl	80059ec <z_swap_irqlock>
 80061aa:	e7e6      	b.n	800617a <z_thread_abort+0x42>
		thread->base.thread_state |= new_state;
 80061ac:	f045 0308 	orr.w	r3, r5, #8
 80061b0:	7423      	strb	r3, [r4, #16]
		if (z_is_thread_queued(thread)) {
 80061b2:	f013 0f80 	tst.w	r3, #128	@ 0x80
 80061b6:	d136      	bne.n	8006226 <z_thread_abort+0xee>
			if (thread->base.pended_on != NULL) {
 80061b8:	68a3      	ldr	r3, [r4, #8]
 80061ba:	b15b      	cbz	r3, 80061d4 <z_thread_abort+0x9c>
	sys_dnode_t *const prev = node->prev;
 80061bc:	6862      	ldr	r2, [r4, #4]
	sys_dnode_t *const next = node->next;
 80061be:	6823      	ldr	r3, [r4, #0]
	prev->next = next;
 80061c0:	6013      	str	r3, [r2, #0]
	next->prev = prev;
 80061c2:	605a      	str	r2, [r3, #4]
	node->next = NULL;
 80061c4:	2300      	movs	r3, #0
 80061c6:	6023      	str	r3, [r4, #0]
	node->prev = NULL;
 80061c8:	6063      	str	r3, [r4, #4]
	thread->base.thread_state &= ~_THREAD_PENDING;
 80061ca:	7c22      	ldrb	r2, [r4, #16]
 80061cc:	f022 0202 	bic.w	r2, r2, #2
 80061d0:	7422      	strb	r2, [r4, #16]
	thread->base.pended_on = NULL;
 80061d2:	60a3      	str	r3, [r4, #8]
 80061d4:	f104 0018 	add.w	r0, r4, #24
 80061d8:	f003 fcb0 	bl	8009b3c <z_abort_timeout>
			unpend_all(&thread->join_queue);
 80061dc:	4640      	mov	r0, r8
 80061de:	f003 fb74 	bl	80098ca <unpend_all>
			if (thread == _current && arch_is_in_isr()) {
 80061e2:	4b2e      	ldr	r3, [pc, #184]	@ (800629c <z_thread_abort+0x164>)
 80061e4:	689a      	ldr	r2, [r3, #8]
 80061e6:	4294      	cmp	r4, r2
 80061e8:	d02a      	beq.n	8006240 <z_thread_abort+0x108>
	bool dummify = false;
 80061ea:	2600      	movs	r6, #0
	return list->head == list;
 80061ec:	4b2b      	ldr	r3, [pc, #172]	@ (800629c <z_thread_abort+0x164>)
 80061ee:	f853 5f18 	ldr.w	r5, [r3, #24]!
	return sys_dlist_is_empty(list) ? NULL : list->head;
 80061f2:	429d      	cmp	r5, r3
 80061f4:	d02b      	beq.n	800624e <z_thread_abort+0x116>
 80061f6:	b355      	cbz	r5, 800624e <z_thread_abort+0x116>
		if (thread != _current) {
 80061f8:	42aa      	cmp	r2, r5
 80061fa:	d002      	beq.n	8006202 <z_thread_abort+0xca>
			z_reset_time_slice(thread);
 80061fc:	4628      	mov	r0, r5
 80061fe:	f000 f897 	bl	8006330 <z_reset_time_slice>
		_kernel.ready_q.cache = thread;
 8006202:	4b26      	ldr	r3, [pc, #152]	@ (800629c <z_thread_abort+0x164>)
 8006204:	615d      	str	r5, [r3, #20]
		arch_coprocessors_disable(thread);
 8006206:	4620      	mov	r0, r4
 8006208:	f002 fafd 	bl	8008806 <arch_coprocessors_disable>
		z_thread_monitor_exit(thread);
 800620c:	4620      	mov	r0, r4
 800620e:	f000 f8e9 	bl	80063e4 <z_thread_monitor_exit>
		if (dummify && !IS_ENABLED(CONFIG_ARCH_POSIX)) {
 8006212:	b9fe      	cbnz	r6, 8006254 <z_thread_abort+0x11c>
		if ((thread == _current) && !arch_is_in_isr()) {
 8006214:	4b21      	ldr	r3, [pc, #132]	@ (800629c <z_thread_abort+0x164>)
 8006216:	689b      	ldr	r3, [r3, #8]
 8006218:	429c      	cmp	r4, r3
 800621a:	d01f      	beq.n	800625c <z_thread_abort+0x124>
 800621c:	f389 8811 	msr	BASEPRI, r9
 8006220:	f3bf 8f6f 	isb	sy
 8006224:	e7a9      	b.n	800617a <z_thread_abort+0x42>
	thread->base.thread_state &= ~_THREAD_QUEUED;
 8006226:	f005 057f 	and.w	r5, r5, #127	@ 0x7f
 800622a:	f045 0508 	orr.w	r5, r5, #8
 800622e:	7425      	strb	r5, [r4, #16]
	sys_dnode_t *const prev = node->prev;
 8006230:	6862      	ldr	r2, [r4, #4]
	sys_dnode_t *const next = node->next;
 8006232:	6823      	ldr	r3, [r4, #0]
	prev->next = next;
 8006234:	6013      	str	r3, [r2, #0]
	next->prev = prev;
 8006236:	605a      	str	r2, [r3, #4]
	node->next = NULL;
 8006238:	2300      	movs	r3, #0
 800623a:	6023      	str	r3, [r4, #0]
	node->prev = NULL;
 800623c:	6063      	str	r3, [r4, #4]
}
 800623e:	e7bb      	b.n	80061b8 <z_thread_abort+0x80>
  __ASM volatile ("MRS %0, ipsr" : "=r" (result) );
 8006240:	f3ef 8305 	mrs	r3, IPSR
			if (thread == _current && arch_is_in_isr()) {
 8006244:	b90b      	cbnz	r3, 800624a <z_thread_abort+0x112>
	bool dummify = false;
 8006246:	2600      	movs	r6, #0
 8006248:	e7d0      	b.n	80061ec <z_thread_abort+0xb4>
				dummify = true;
 800624a:	2601      	movs	r6, #1
 800624c:	e7ce      	b.n	80061ec <z_thread_abort+0xb4>
	return (thread != NULL) ? thread : _current_cpu->idle_thread;
 800624e:	4b13      	ldr	r3, [pc, #76]	@ (800629c <z_thread_abort+0x164>)
 8006250:	68dd      	ldr	r5, [r3, #12]
 8006252:	e7d1      	b.n	80061f8 <z_thread_abort+0xc0>
			z_dummy_thread_init(&_thread_dummy);
 8006254:	4812      	ldr	r0, [pc, #72]	@ (80062a0 <z_thread_abort+0x168>)
 8006256:	f7ff fbb9 	bl	80059cc <z_dummy_thread_init>
 800625a:	e7db      	b.n	8006214 <z_thread_abort+0xdc>
 800625c:	f3ef 8305 	mrs	r3, IPSR
		if ((thread == _current) && !arch_is_in_isr()) {
 8006260:	2b00      	cmp	r3, #0
 8006262:	d1db      	bne.n	800621c <z_thread_abort+0xe4>
	return (thread->base.user_options & K_ESSENTIAL) == K_ESSENTIAL;
 8006264:	89a3      	ldrh	r3, [r4, #12]
			if (z_is_thread_essential(thread)) {
 8006266:	f013 0f01 	tst.w	r3, #1
 800626a:	d012      	beq.n	8006292 <z_thread_abort+0x15a>
  __ASM volatile ("MSR basepri, %0" : : "r" (basePri) : "memory");
 800626c:	f389 8811 	msr	BASEPRI, r9
 8006270:	f3bf 8f6f 	isb	sy
 8006274:	2300      	movs	r3, #0
 8006276:	f383 8811 	msr	BASEPRI, r3
 800627a:	f3bf 8f6f 	isb	sy
				k_panic();
 800627e:	2304      	movs	r3, #4
 8006280:	4618      	mov	r0, r3
 8006282:	df02      	svc	2
  __ASM volatile ("MRS %0, basepri" : "=r" (result) );
 8006284:	f3ef 8911 	mrs	r9, BASEPRI
  __ASM volatile ("MSR basepri_max, %0" : : "r" (basePri) : "memory");
 8006288:	2310      	movs	r3, #16
 800628a:	f383 8812 	msr	BASEPRI_MAX, r3
 800628e:	f3bf 8f6f 	isb	sy
 8006292:	4648      	mov	r0, r9
 8006294:	f7ff fbaa 	bl	80059ec <z_swap_irqlock>
			z_swap(&_sched_spinlock, key);
 8006298:	e76f      	b.n	800617a <z_thread_abort+0x42>
 800629a:	bf00      	nop
 800629c:	200010d0 	.word	0x200010d0
 80062a0:	20000da0 	.word	0x20000da0

080062a4 <z_sched_wait>:
	return ret;
}

int z_sched_wait(struct k_spinlock *lock, k_spinlock_key_t key,
		 _wait_q_t *wait_q, k_timeout_t timeout, void **data)
{
 80062a4:	e92d 4810 	stmdb	sp!, {r4, fp, lr}
 80062a8:	b083      	sub	sp, #12
 80062aa:	9c08      	ldr	r4, [sp, #32]
	int ret = z_pend_curr(lock, key, wait_q, timeout);
 80062ac:	e9dd bc06 	ldrd	fp, ip, [sp, #24]
 80062b0:	e9cd bc00 	strd	fp, ip, [sp]
 80062b4:	f7ff fd3c 	bl	8005d30 <z_pend_curr>

	if (data != NULL) {
 80062b8:	b11c      	cbz	r4, 80062c2 <z_sched_wait+0x1e>
		*data = _current->base.swap_data;
 80062ba:	4b03      	ldr	r3, [pc, #12]	@ (80062c8 <z_sched_wait+0x24>)
 80062bc:	689b      	ldr	r3, [r3, #8]
 80062be:	695b      	ldr	r3, [r3, #20]
 80062c0:	6023      	str	r3, [r4, #0]
	}
	return ret;
}
 80062c2:	b003      	add	sp, #12
 80062c4:	e8bd 8810 	ldmia.w	sp!, {r4, fp, pc}
 80062c8:	200010d0 	.word	0x200010d0

080062cc <z_time_slice_size>:
#endif
	return ret;
}

static int z_time_slice_size(struct k_thread *thread)
{
 80062cc:	4603      	mov	r3, r0
	uint8_t state = thread->base.thread_state;
 80062ce:	7c02      	ldrb	r2, [r0, #16]
	if (z_is_thread_prevented_from_running(thread) ||
 80062d0:	f012 0f1f 	tst.w	r2, #31
 80062d4:	d110      	bne.n	80062f8 <z_time_slice_size+0x2c>
 80062d6:	4a0b      	ldr	r2, [pc, #44]	@ (8006304 <z_time_slice_size+0x38>)
 80062d8:	4290      	cmp	r0, r2
 80062da:	d00f      	beq.n	80062fc <z_time_slice_size+0x30>
	int ret = slice_ticks;
 80062dc:	4a0a      	ldr	r2, [pc, #40]	@ (8006308 <z_time_slice_size+0x3c>)
 80062de:	6810      	ldr	r0, [r2, #0]
	    z_is_idle_thread_object(thread) ||
 80062e0:	b178      	cbz	r0, 8006302 <z_time_slice_size+0x36>
	return thread->base.preempt <= _PREEMPT_THRESHOLD;
 80062e2:	89da      	ldrh	r2, [r3, #14]
	if (thread->base.slice_ticks != 0) {
		return thread->base.slice_ticks;
	}
#endif

	if (thread_is_preemptible(thread) &&
 80062e4:	2a7f      	cmp	r2, #127	@ 0x7f
 80062e6:	d80b      	bhi.n	8006300 <z_time_slice_size+0x34>
	    !z_is_prio_higher(thread->base.prio, slice_max_prio)) {
 80062e8:	f993 200e 	ldrsb.w	r2, [r3, #14]
 80062ec:	4b07      	ldr	r3, [pc, #28]	@ (800630c <z_time_slice_size+0x40>)
 80062ee:	681b      	ldr	r3, [r3, #0]
	if (thread_is_preemptible(thread) &&
 80062f0:	429a      	cmp	r2, r3
 80062f2:	da06      	bge.n	8006302 <z_time_slice_size+0x36>
		return slice_ticks;
	}

	return 0;
 80062f4:	2000      	movs	r0, #0
 80062f6:	4770      	bx	lr
		return 0;
 80062f8:	2000      	movs	r0, #0
 80062fa:	4770      	bx	lr
 80062fc:	2000      	movs	r0, #0
 80062fe:	4770      	bx	lr
	return 0;
 8006300:	2000      	movs	r0, #0
}
 8006302:	4770      	bx	lr
 8006304:	20000c30 	.word	0x20000c30
 8006308:	2000010c 	.word	0x2000010c
 800630c:	200010fc 	.word	0x200010fc

08006310 <slice_timeout>:

static void slice_timeout(struct _timeout *timeout)
{
	int cpu = ARRAY_INDEX(slice_timeouts, timeout);
 8006310:	4b04      	ldr	r3, [pc, #16]	@ (8006324 <slice_timeout+0x14>)
 8006312:	1ac0      	subs	r0, r0, r3
 8006314:	10c0      	asrs	r0, r0, #3
 8006316:	4b04      	ldr	r3, [pc, #16]	@ (8006328 <slice_timeout+0x18>)
 8006318:	fb03 f000 	mul.w	r0, r3, r0

	slice_expired[cpu] = true;
 800631c:	4b03      	ldr	r3, [pc, #12]	@ (800632c <slice_timeout+0x1c>)
 800631e:	2201      	movs	r2, #1
 8006320:	541a      	strb	r2, [r3, r0]
	 * for a different CPU.
	 */
	if (cpu != _current_cpu->id) {
		flag_ipi(IPI_CPU_MASK(cpu));
	}
}
 8006322:	4770      	bx	lr
 8006324:	20000e58 	.word	0x20000e58
 8006328:	aaaaaaab 	.word	0xaaaaaaab
 800632c:	200010f8 	.word	0x200010f8

08006330 <z_reset_time_slice>:

void z_reset_time_slice(struct k_thread *thread)
{
 8006330:	b570      	push	{r4, r5, r6, lr}
	int cpu = _current_cpu->id;
 8006332:	4b0c      	ldr	r3, [pc, #48]	@ (8006364 <z_reset_time_slice+0x34>)
 8006334:	7c1e      	ldrb	r6, [r3, #16]
	int slice_size = z_time_slice_size(thread);
 8006336:	f7ff ffc9 	bl	80062cc <z_time_slice_size>
 800633a:	4604      	mov	r4, r0

	z_abort_timeout(&slice_timeouts[cpu]);
 800633c:	eb06 0346 	add.w	r3, r6, r6, lsl #1
 8006340:	4d09      	ldr	r5, [pc, #36]	@ (8006368 <z_reset_time_slice+0x38>)
 8006342:	eb05 05c3 	add.w	r5, r5, r3, lsl #3
 8006346:	4628      	mov	r0, r5
 8006348:	f003 fbf8 	bl	8009b3c <z_abort_timeout>
	slice_expired[cpu] = false;
 800634c:	4b07      	ldr	r3, [pc, #28]	@ (800636c <z_reset_time_slice+0x3c>)
 800634e:	2200      	movs	r2, #0
 8006350:	559a      	strb	r2, [r3, r6]
	if (slice_size != 0) {
 8006352:	b904      	cbnz	r4, 8006356 <z_reset_time_slice+0x26>
		z_add_timeout(&slice_timeouts[cpu], slice_timeout,
			      K_TICKS(slice_size - 1));
	}
}
 8006354:	bd70      	pop	{r4, r5, r6, pc}
			      K_TICKS(slice_size - 1));
 8006356:	1e62      	subs	r2, r4, #1
		z_add_timeout(&slice_timeouts[cpu], slice_timeout,
 8006358:	17d3      	asrs	r3, r2, #31
 800635a:	4905      	ldr	r1, [pc, #20]	@ (8006370 <z_reset_time_slice+0x40>)
 800635c:	4628      	mov	r0, r5
 800635e:	f000 f881 	bl	8006464 <z_add_timeout>
}
 8006362:	e7f7      	b.n	8006354 <z_reset_time_slice+0x24>
 8006364:	200010d0 	.word	0x200010d0
 8006368:	20000e58 	.word	0x20000e58
 800636c:	200010f8 	.word	0x200010f8
 8006370:	08006311 	.word	0x08006311

08006374 <z_time_slice>:
}
#endif

/* Called out of each timer and IPI interrupt */
void z_time_slice(void)
{
 8006374:	b538      	push	{r3, r4, r5, lr}
  __ASM volatile ("MRS %0, basepri" : "=r" (result) );
 8006376:	f3ef 8511 	mrs	r5, BASEPRI
  __ASM volatile ("MSR basepri_max, %0" : : "r" (basePri) : "memory");
 800637a:	2310      	movs	r3, #16
 800637c:	f383 8812 	msr	BASEPRI_MAX, r3
 8006380:	f3bf 8f6f 	isb	sy
	k_spinlock_key_t key = k_spin_lock(&_sched_spinlock);
	struct k_thread *curr = _current;
 8006384:	4b14      	ldr	r3, [pc, #80]	@ (80063d8 <z_time_slice+0x64>)
 8006386:	689c      	ldr	r4, [r3, #8]

#ifdef CONFIG_SWAP_NONATOMIC
	if (pending_current == curr) {
 8006388:	4b14      	ldr	r3, [pc, #80]	@ (80063dc <z_time_slice+0x68>)
 800638a:	681b      	ldr	r3, [r3, #0]
 800638c:	42a3      	cmp	r3, r4
 800638e:	d017      	beq.n	80063c0 <z_time_slice+0x4c>
		z_reset_time_slice(curr);
		k_spin_unlock(&_sched_spinlock, key);
		return;
	}
	pending_current = NULL;
 8006390:	4b12      	ldr	r3, [pc, #72]	@ (80063dc <z_time_slice+0x68>)
 8006392:	2200      	movs	r2, #0
 8006394:	601a      	str	r2, [r3, #0]
#endif

	if (slice_expired[_current_cpu->id] && (z_time_slice_size(curr) != 0)) {
 8006396:	4b10      	ldr	r3, [pc, #64]	@ (80063d8 <z_time_slice+0x64>)
 8006398:	7c1b      	ldrb	r3, [r3, #16]
 800639a:	4a11      	ldr	r2, [pc, #68]	@ (80063e0 <z_time_slice+0x6c>)
 800639c:	5cd3      	ldrb	r3, [r2, r3]
 800639e:	b153      	cbz	r3, 80063b6 <z_time_slice+0x42>
 80063a0:	4620      	mov	r0, r4
 80063a2:	f7ff ff93 	bl	80062cc <z_time_slice_size>
 80063a6:	b130      	cbz	r0, 80063b6 <z_time_slice+0x42>
	uint8_t state = thread->base.thread_state;
 80063a8:	7c23      	ldrb	r3, [r4, #16]
			k_spin_unlock(&_sched_spinlock, key);
			handler(curr, curr->base.slice_data);
			key = k_spin_lock(&_sched_spinlock);
		}
#endif
		if (!z_is_thread_prevented_from_running(curr)) {
 80063aa:	f013 0f1f 	tst.w	r3, #31
 80063ae:	d00f      	beq.n	80063d0 <z_time_slice+0x5c>
			move_current_to_end_of_prio_q();
		}
		z_reset_time_slice(curr);
 80063b0:	4620      	mov	r0, r4
 80063b2:	f7ff ffbd 	bl	8006330 <z_reset_time_slice>
  __ASM volatile ("MSR basepri, %0" : : "r" (basePri) : "memory");
 80063b6:	f385 8811 	msr	BASEPRI, r5
 80063ba:	f3bf 8f6f 	isb	sy
	}
	k_spin_unlock(&_sched_spinlock, key);
}
 80063be:	bd38      	pop	{r3, r4, r5, pc}
		z_reset_time_slice(curr);
 80063c0:	4620      	mov	r0, r4
 80063c2:	f7ff ffb5 	bl	8006330 <z_reset_time_slice>
 80063c6:	f385 8811 	msr	BASEPRI, r5
 80063ca:	f3bf 8f6f 	isb	sy
		return;
 80063ce:	e7f6      	b.n	80063be <z_time_slice+0x4a>
			move_current_to_end_of_prio_q();
 80063d0:	f7ff fc6a 	bl	8005ca8 <move_current_to_end_of_prio_q>
 80063d4:	e7ec      	b.n	80063b0 <z_time_slice+0x3c>
 80063d6:	bf00      	nop
 80063d8:	200010d0 	.word	0x200010d0
 80063dc:	200010f4 	.word	0x200010f4
 80063e0:	200010f8 	.word	0x200010f8

080063e4 <z_thread_monitor_exit>:
  __ASM volatile ("MRS %0, basepri" : "=r" (result) );
 80063e4:	f3ef 8111 	mrs	r1, BASEPRI
  __ASM volatile ("MSR basepri_max, %0" : : "r" (basePri) : "memory");
 80063e8:	2310      	movs	r3, #16
 80063ea:	f383 8812 	msr	BASEPRI_MAX, r3
 80063ee:	f3bf 8f6f 	isb	sy
 */
void z_thread_monitor_exit(struct k_thread *thread)
{
	k_spinlock_key_t key = k_spin_lock(&z_thread_monitor_lock);

	if (thread == _kernel.threads) {
 80063f2:	4b0a      	ldr	r3, [pc, #40]	@ (800641c <z_thread_monitor_exit+0x38>)
 80063f4:	6a1b      	ldr	r3, [r3, #32]
 80063f6:	4283      	cmp	r3, r0
 80063f8:	d104      	bne.n	8006404 <z_thread_monitor_exit+0x20>
		_kernel.threads = _kernel.threads->next_thread;
 80063fa:	6f5a      	ldr	r2, [r3, #116]	@ 0x74
 80063fc:	4b07      	ldr	r3, [pc, #28]	@ (800641c <z_thread_monitor_exit+0x38>)
 80063fe:	621a      	str	r2, [r3, #32]
 8006400:	e007      	b.n	8006412 <z_thread_monitor_exit+0x2e>
		struct k_thread *prev_thread;

		prev_thread = _kernel.threads;
		while ((prev_thread != NULL) &&
			(thread != prev_thread->next_thread)) {
			prev_thread = prev_thread->next_thread;
 8006402:	4613      	mov	r3, r2
		while ((prev_thread != NULL) &&
 8006404:	b113      	cbz	r3, 800640c <z_thread_monitor_exit+0x28>
			(thread != prev_thread->next_thread)) {
 8006406:	6f5a      	ldr	r2, [r3, #116]	@ 0x74
		while ((prev_thread != NULL) &&
 8006408:	4282      	cmp	r2, r0
 800640a:	d1fa      	bne.n	8006402 <z_thread_monitor_exit+0x1e>
		}
		if (prev_thread != NULL) {
 800640c:	b10b      	cbz	r3, 8006412 <z_thread_monitor_exit+0x2e>
			prev_thread->next_thread = thread->next_thread;
 800640e:	6f42      	ldr	r2, [r0, #116]	@ 0x74
 8006410:	675a      	str	r2, [r3, #116]	@ 0x74
  __ASM volatile ("MSR basepri, %0" : : "r" (basePri) : "memory");
 8006412:	f381 8811 	msr	BASEPRI, r1
 8006416:	f3bf 8f6f 	isb	sy
		}
	}

	k_spin_unlock(&z_thread_monitor_lock, key);
}
 800641a:	4770      	bx	lr
 800641c:	200010d0 	.word	0x200010d0

08006420 <first>:
	return list->head == list;
 8006420:	4b03      	ldr	r3, [pc, #12]	@ (8006430 <first+0x10>)
 8006422:	6818      	ldr	r0, [r3, #0]
	return sys_dlist_is_empty(list) ? NULL : list->head;
 8006424:	4298      	cmp	r0, r3
 8006426:	d000      	beq.n	800642a <first+0xa>
static struct _timeout *first(void)
{
	sys_dnode_t *t = sys_dlist_peek_head(&timeout_list);

	return (t == NULL) ? NULL : CONTAINER_OF(t, struct _timeout, node);
}
 8006428:	4770      	bx	lr
 800642a:	2000      	movs	r0, #0
	return (t == NULL) ? NULL : CONTAINER_OF(t, struct _timeout, node);
 800642c:	e7fc      	b.n	8006428 <first+0x8>
 800642e:	bf00      	nop
 8006430:	20000110 	.word	0x20000110

08006434 <next>:
	return (node != NULL) ? sys_dlist_peek_next_no_check(list, node) : NULL;
 8006434:	b130      	cbz	r0, 8006444 <next+0x10>
	return (node == list->tail) ? NULL : node->next;
 8006436:	4a04      	ldr	r2, [pc, #16]	@ (8006448 <next+0x14>)
 8006438:	6852      	ldr	r2, [r2, #4]
 800643a:	4290      	cmp	r0, r2
 800643c:	d001      	beq.n	8006442 <next+0xe>
 800643e:	6800      	ldr	r0, [r0, #0]
 8006440:	4770      	bx	lr
 8006442:	2000      	movs	r0, #0
static struct _timeout *next(struct _timeout *t)
{
	sys_dnode_t *n = sys_dlist_peek_next(&timeout_list, &t->node);

	return (n == NULL) ? NULL : CONTAINER_OF(n, struct _timeout, node);
}
 8006444:	4770      	bx	lr
 8006446:	bf00      	nop
 8006448:	20000110 	.word	0x20000110

0800644c <elapsed>:

	sys_dlist_remove(&t->node);
}

static int32_t elapsed(void)
{
 800644c:	b508      	push	{r3, lr}
	 *
	 * The distinction is implemented by looking at announce_remaining which
	 * will be non-zero while sys_clock_announce() is executing and zero
	 * otherwise.
	 */
	return announce_remaining == 0 ? sys_clock_elapsed() : 0U;
 800644e:	4b04      	ldr	r3, [pc, #16]	@ (8006460 <elapsed+0x14>)
 8006450:	681b      	ldr	r3, [r3, #0]
 8006452:	b10b      	cbz	r3, 8006458 <elapsed+0xc>
 8006454:	2000      	movs	r0, #0
}
 8006456:	bd08      	pop	{r3, pc}
	return announce_remaining == 0 ? sys_clock_elapsed() : 0U;
 8006458:	f7fe fd8e 	bl	8004f78 <sys_clock_elapsed>
 800645c:	e7fb      	b.n	8006456 <elapsed+0xa>
 800645e:	bf00      	nop
 8006460:	20001100 	.word	0x20001100

08006464 <z_add_timeout>:

	return ret;
}

k_ticks_t z_add_timeout(struct _timeout *to, _timeout_func_t fn, k_timeout_t timeout)
{
 8006464:	e92d 4ff0 	stmdb	sp!, {r4, r5, r6, r7, r8, r9, sl, fp, lr}
 8006468:	b083      	sub	sp, #12
	k_ticks_t ticks = 0;

	if (K_TIMEOUT_EQ(timeout, K_FOREVER)) {
 800646a:	f1b3 3fff 	cmp.w	r3, #4294967295
 800646e:	bf08      	it	eq
 8006470:	f1b2 3fff 	cmpeq.w	r2, #4294967295
 8006474:	d00e      	beq.n	8006494 <z_add_timeout+0x30>
 8006476:	4604      	mov	r4, r0
 8006478:	4691      	mov	r9, r2
 800647a:	461f      	mov	r7, r3
#ifdef CONFIG_KERNEL_COHERENCE
	__ASSERT_NO_MSG(sys_cache_is_mem_coherent(to));
#endif /* CONFIG_KERNEL_COHERENCE */

	__ASSERT(!sys_dnode_is_linked(&to->node), "");
	to->fn = fn;
 800647c:	6081      	str	r1, [r0, #8]

	K_SPINLOCK(&timeout_lock) {
 800647e:	2300      	movs	r3, #0
  __ASM volatile ("MRS %0, basepri" : "=r" (result) );
 8006480:	f3ef 8a11 	mrs	sl, BASEPRI
  __ASM volatile ("MSR basepri_max, %0" : : "r" (basePri) : "memory");
 8006484:	2210      	movs	r2, #16
 8006486:	f382 8812 	msr	BASEPRI_MAX, r2
 800648a:	f3bf 8f6f 	isb	sy
	k_ticks_t ticks = 0;
 800648e:	461d      	mov	r5, r3
 8006490:	9301      	str	r3, [sp, #4]
 8006492:	e035      	b.n	8006500 <z_add_timeout+0x9c>
		return 0;
 8006494:	2500      	movs	r5, #0
 8006496:	9501      	str	r5, [sp, #4]
			sys_clock_set_timeout(next_timeout(ticks_elapsed), false);
		}
	}

	return ticks;
}
 8006498:	4628      	mov	r0, r5
 800649a:	9901      	ldr	r1, [sp, #4]
 800649c:	b003      	add	sp, #12
 800649e:	e8bd 8ff0 	ldmia.w	sp!, {r4, r5, r6, r7, r8, r9, sl, fp, pc}
			ticks_elapsed = elapsed();
 80064a2:	f7ff ffd3 	bl	800644c <elapsed>
 80064a6:	4680      	mov	r8, r0
			to->dticks = timeout.ticks + 1 + ticks_elapsed;
 80064a8:	3501      	adds	r5, #1
 80064aa:	f147 0600 	adc.w	r6, r7, #0
 80064ae:	1945      	adds	r5, r0, r5
 80064b0:	eb46 76e0 	adc.w	r6, r6, r0, asr #31
 80064b4:	6125      	str	r5, [r4, #16]
 80064b6:	6166      	str	r6, [r4, #20]
			ticks = curr_tick + to->dticks;
 80064b8:	4a34      	ldr	r2, [pc, #208]	@ (800658c <z_add_timeout+0x128>)
 80064ba:	6813      	ldr	r3, [r2, #0]
 80064bc:	6852      	ldr	r2, [r2, #4]
 80064be:	18ed      	adds	r5, r5, r3
 80064c0:	eb46 0302 	adc.w	r3, r6, r2
 80064c4:	9301      	str	r3, [sp, #4]
			has_elapsed = true;
 80064c6:	f04f 0b01 	mov.w	fp, #1
 80064ca:	e038      	b.n	800653e <z_add_timeout+0xda>
				t->dticks -= to->dticks;
 80064cc:	1ac9      	subs	r1, r1, r3
 80064ce:	eb66 0202 	sbc.w	r2, r6, r2
 80064d2:	6101      	str	r1, [r0, #16]
 80064d4:	6142      	str	r2, [r0, #20]
	sys_dnode_t *const prev = successor->prev;
 80064d6:	6843      	ldr	r3, [r0, #4]
	node->prev = prev;
 80064d8:	6063      	str	r3, [r4, #4]
	node->next = successor;
 80064da:	6020      	str	r0, [r4, #0]
	prev->next = node;
 80064dc:	601c      	str	r4, [r3, #0]
	successor->prev = node;
 80064de:	6044      	str	r4, [r0, #4]
		if (t == NULL) {
 80064e0:	e005      	b.n	80064ee <z_add_timeout+0x8a>
	sys_dnode_t *const tail = list->tail;
 80064e2:	4b2b      	ldr	r3, [pc, #172]	@ (8006590 <z_add_timeout+0x12c>)
 80064e4:	685a      	ldr	r2, [r3, #4]
	node->next = list;
 80064e6:	6023      	str	r3, [r4, #0]
	node->prev = tail;
 80064e8:	6062      	str	r2, [r4, #4]
	tail->next = node;
 80064ea:	6014      	str	r4, [r2, #0]
	list->tail = node;
 80064ec:	605c      	str	r4, [r3, #4]
		if (to == first() && announce_remaining == 0) {
 80064ee:	f7ff ff97 	bl	8006420 <first>
 80064f2:	4284      	cmp	r4, r0
 80064f4:	d037      	beq.n	8006566 <z_add_timeout+0x102>
  __ASM volatile ("MSR basepri, %0" : : "r" (basePri) : "memory");
 80064f6:	f38a 8811 	msr	BASEPRI, sl
 80064fa:	f3bf 8f6f 	isb	sy
	K_SPINLOCK(&timeout_lock) {
 80064fe:	2301      	movs	r3, #1
 8006500:	2b00      	cmp	r3, #0
 8006502:	d1c9      	bne.n	8006498 <z_add_timeout+0x34>
		if (Z_IS_TIMEOUT_RELATIVE(timeout)) {
 8006504:	464d      	mov	r5, r9
 8006506:	9701      	str	r7, [sp, #4]
 8006508:	2f00      	cmp	r7, #0
 800650a:	daca      	bge.n	80064a2 <z_add_timeout+0x3e>
			k_ticks_t dticks = Z_TICK_ABS(timeout.ticks) - curr_tick;
 800650c:	4b1f      	ldr	r3, [pc, #124]	@ (800658c <z_add_timeout+0x128>)
 800650e:	6819      	ldr	r1, [r3, #0]
 8006510:	685b      	ldr	r3, [r3, #4]
 8006512:	1869      	adds	r1, r5, r1
 8006514:	eb43 0307 	adc.w	r3, r3, r7
 8006518:	f06f 0201 	mvn.w	r2, #1
 800651c:	1a52      	subs	r2, r2, r1
 800651e:	f04f 31ff 	mov.w	r1, #4294967295
 8006522:	eb61 0303 	sbc.w	r3, r1, r3
			to->dticks = max(1, dticks);
 8006526:	4610      	mov	r0, r2
 8006528:	4619      	mov	r1, r3
 800652a:	2a01      	cmp	r2, #1
 800652c:	f173 0300 	sbcs.w	r3, r3, #0
 8006530:	da01      	bge.n	8006536 <z_add_timeout+0xd2>
 8006532:	2001      	movs	r0, #1
 8006534:	2100      	movs	r1, #0
 8006536:	6120      	str	r0, [r4, #16]
 8006538:	6161      	str	r1, [r4, #20]
		bool has_elapsed = false;
 800653a:	f04f 0b00 	mov.w	fp, #0
		for (t = first(); t != NULL; t = next(t)) {
 800653e:	f7ff ff6f 	bl	8006420 <first>
 8006542:	2800      	cmp	r0, #0
 8006544:	d0cd      	beq.n	80064e2 <z_add_timeout+0x7e>
			if (t->dticks > to->dticks) {
 8006546:	6901      	ldr	r1, [r0, #16]
 8006548:	6946      	ldr	r6, [r0, #20]
 800654a:	6923      	ldr	r3, [r4, #16]
 800654c:	6962      	ldr	r2, [r4, #20]
 800654e:	428b      	cmp	r3, r1
 8006550:	eb72 0e06 	sbcs.w	lr, r2, r6
 8006554:	dbba      	blt.n	80064cc <z_add_timeout+0x68>
			to->dticks -= t->dticks;
 8006556:	1a5b      	subs	r3, r3, r1
 8006558:	eb62 0206 	sbc.w	r2, r2, r6
 800655c:	6123      	str	r3, [r4, #16]
 800655e:	6162      	str	r2, [r4, #20]
		for (t = first(); t != NULL; t = next(t)) {
 8006560:	f7ff ff68 	bl	8006434 <next>
 8006564:	e7ed      	b.n	8006542 <z_add_timeout+0xde>
		if (to == first() && announce_remaining == 0) {
 8006566:	4b0b      	ldr	r3, [pc, #44]	@ (8006594 <z_add_timeout+0x130>)
 8006568:	681b      	ldr	r3, [r3, #0]
 800656a:	2b00      	cmp	r3, #0
 800656c:	d1c3      	bne.n	80064f6 <z_add_timeout+0x92>
			if (!has_elapsed) {
 800656e:	f1bb 0f00 	cmp.w	fp, #0
 8006572:	d006      	beq.n	8006582 <z_add_timeout+0x11e>
			sys_clock_set_timeout(next_timeout(ticks_elapsed), false);
 8006574:	4640      	mov	r0, r8
 8006576:	f003 fac6 	bl	8009b06 <next_timeout>
 800657a:	2100      	movs	r1, #0
 800657c:	f7fe fc6a 	bl	8004e54 <sys_clock_set_timeout>
 8006580:	e7b9      	b.n	80064f6 <z_add_timeout+0x92>
				ticks_elapsed = elapsed();
 8006582:	f7ff ff63 	bl	800644c <elapsed>
 8006586:	4680      	mov	r8, r0
 8006588:	e7f4      	b.n	8006574 <z_add_timeout+0x110>
 800658a:	bf00      	nop
 800658c:	20000e70 	.word	0x20000e70
 8006590:	20000110 	.word	0x20000110
 8006594:	20001100 	.word	0x20001100

08006598 <sys_clock_announce_locked>:
	}
	return ret;
}

void sys_clock_announce_locked(int32_t ticks, k_spinlock_key_t key)
{
 8006598:	b570      	push	{r4, r5, r6, lr}
 800659a:	460e      	mov	r6, r1
		announce_remaining += ticks;
		k_spin_unlock(&timeout_lock, key);
		return;
	}

	announce_remaining = ticks;
 800659c:	4b2d      	ldr	r3, [pc, #180]	@ (8006654 <sys_clock_announce_locked+0xbc>)
 800659e:	6018      	str	r0, [r3, #0]

	struct _timeout *t;

	for (t = first();
 80065a0:	f7ff ff3e 	bl	8006420 <first>
 80065a4:	4604      	mov	r4, r0
 80065a6:	e028      	b.n	80065fa <sys_clock_announce_locked+0x62>
	     (t != NULL) && (t->dticks <= announce_remaining);
	     t = first()) {
		int dt = t->dticks;

		curr_tick += dt;
 80065a8:	4a2b      	ldr	r2, [pc, #172]	@ (8006658 <sys_clock_announce_locked+0xc0>)
 80065aa:	6813      	ldr	r3, [r2, #0]
 80065ac:	6851      	ldr	r1, [r2, #4]
 80065ae:	195b      	adds	r3, r3, r5
 80065b0:	eb41 71e5 	adc.w	r1, r1, r5, asr #31
 80065b4:	6013      	str	r3, [r2, #0]
 80065b6:	6051      	str	r1, [r2, #4]
		t->dticks = 0;
 80065b8:	2200      	movs	r2, #0
 80065ba:	2300      	movs	r3, #0
 80065bc:	e9c4 2304 	strd	r2, r3, [r4, #16]
		remove_timeout(t);
 80065c0:	4620      	mov	r0, r4
 80065c2:	f003 fa89 	bl	8009ad8 <remove_timeout>
		t->dticks = TIMEOUT_DTICKS_ANNOUNCING;
 80065c6:	2201      	movs	r2, #1
 80065c8:	f04f 4300 	mov.w	r3, #2147483648	@ 0x80000000
 80065cc:	e9c4 2304 	strd	r2, r3, [r4, #16]
 80065d0:	f386 8811 	msr	BASEPRI, r6
 80065d4:	f3bf 8f6f 	isb	sy

		k_spin_unlock(&timeout_lock, key);
		t->fn(t);
 80065d8:	68a3      	ldr	r3, [r4, #8]
 80065da:	4620      	mov	r0, r4
 80065dc:	4798      	blx	r3
  __ASM volatile ("MRS %0, basepri" : "=r" (result) );
 80065de:	f3ef 8611 	mrs	r6, BASEPRI
  __ASM volatile ("MSR basepri_max, %0" : : "r" (basePri) : "memory");
 80065e2:	2310      	movs	r3, #16
 80065e4:	f383 8812 	msr	BASEPRI_MAX, r3
 80065e8:	f3bf 8f6f 	isb	sy
		key = k_spin_lock(&timeout_lock);
		announce_remaining -= dt;
 80065ec:	4a19      	ldr	r2, [pc, #100]	@ (8006654 <sys_clock_announce_locked+0xbc>)
 80065ee:	6813      	ldr	r3, [r2, #0]
 80065f0:	1b5b      	subs	r3, r3, r5
 80065f2:	6013      	str	r3, [r2, #0]
	     t = first()) {
 80065f4:	f7ff ff14 	bl	8006420 <first>
 80065f8:	4604      	mov	r4, r0
	     (t != NULL) && (t->dticks <= announce_remaining);
 80065fa:	b13c      	cbz	r4, 800660c <sys_clock_announce_locked+0x74>
 80065fc:	6925      	ldr	r5, [r4, #16]
 80065fe:	6961      	ldr	r1, [r4, #20]
 8006600:	4b14      	ldr	r3, [pc, #80]	@ (8006654 <sys_clock_announce_locked+0xbc>)
 8006602:	681a      	ldr	r2, [r3, #0]
 8006604:	17d3      	asrs	r3, r2, #31
 8006606:	42aa      	cmp	r2, r5
 8006608:	418b      	sbcs	r3, r1
 800660a:	dacd      	bge.n	80065a8 <sys_clock_announce_locked+0x10>
	}

	if (t != NULL) {
 800660c:	b144      	cbz	r4, 8006620 <sys_clock_announce_locked+0x88>
		t->dticks -= announce_remaining;
 800660e:	6923      	ldr	r3, [r4, #16]
 8006610:	6962      	ldr	r2, [r4, #20]
 8006612:	4910      	ldr	r1, [pc, #64]	@ (8006654 <sys_clock_announce_locked+0xbc>)
 8006614:	6809      	ldr	r1, [r1, #0]
 8006616:	1a5b      	subs	r3, r3, r1
 8006618:	eb62 72e1 	sbc.w	r2, r2, r1, asr #31
 800661c:	6123      	str	r3, [r4, #16]
 800661e:	6162      	str	r2, [r4, #20]
	}

	curr_tick += announce_remaining;
 8006620:	4a0d      	ldr	r2, [pc, #52]	@ (8006658 <sys_clock_announce_locked+0xc0>)
 8006622:	4d0c      	ldr	r5, [pc, #48]	@ (8006654 <sys_clock_announce_locked+0xbc>)
 8006624:	6828      	ldr	r0, [r5, #0]
 8006626:	6813      	ldr	r3, [r2, #0]
 8006628:	6851      	ldr	r1, [r2, #4]
 800662a:	181b      	adds	r3, r3, r0
 800662c:	eb41 71e0 	adc.w	r1, r1, r0, asr #31
 8006630:	6013      	str	r3, [r2, #0]
 8006632:	6051      	str	r1, [r2, #4]
	announce_remaining = 0;
 8006634:	2400      	movs	r4, #0
 8006636:	602c      	str	r4, [r5, #0]

	sys_clock_set_timeout(next_timeout(0), false);
 8006638:	4620      	mov	r0, r4
 800663a:	f003 fa64 	bl	8009b06 <next_timeout>
 800663e:	4621      	mov	r1, r4
 8006640:	f7fe fc08 	bl	8004e54 <sys_clock_set_timeout>
  __ASM volatile ("MSR basepri, %0" : : "r" (basePri) : "memory");
 8006644:	f386 8811 	msr	BASEPRI, r6
 8006648:	f3bf 8f6f 	isb	sy

	k_spin_unlock(&timeout_lock, key);

#ifdef CONFIG_TIMESLICING
	z_time_slice();
 800664c:	f7ff fe92 	bl	8006374 <z_time_slice>
#endif /* CONFIG_TIMESLICING */
}
 8006650:	bd70      	pop	{r4, r5, r6, pc}
 8006652:	bf00      	nop
 8006654:	20001100 	.word	0x20001100
 8006658:	20000e70 	.word	0x20000e70

0800665c <sys_clock_tick_get>:
	k_spin_unlock(&timeout_lock, key);
}
#endif

int64_t sys_clock_tick_get(void)
{
 800665c:	b510      	push	{r4, lr}
	uint64_t t = 0U;

	K_SPINLOCK(&timeout_lock) {
 800665e:	2200      	movs	r2, #0
  __ASM volatile ("MRS %0, basepri" : "=r" (result) );
 8006660:	f3ef 8411 	mrs	r4, BASEPRI
  __ASM volatile ("MSR basepri_max, %0" : : "r" (basePri) : "memory");
 8006664:	2310      	movs	r3, #16
 8006666:	f383 8812 	msr	BASEPRI_MAX, r3
 800666a:	f3bf 8f6f 	isb	sy
	uint64_t t = 0U;
 800666e:	4613      	mov	r3, r2
 8006670:	4611      	mov	r1, r2
 8006672:	e00c      	b.n	800668e <sys_clock_tick_get+0x32>
		t = curr_tick + elapsed();
 8006674:	f7ff feea 	bl	800644c <elapsed>
 8006678:	4a07      	ldr	r2, [pc, #28]	@ (8006698 <sys_clock_tick_get+0x3c>)
 800667a:	6813      	ldr	r3, [r2, #0]
 800667c:	6851      	ldr	r1, [r2, #4]
 800667e:	18c3      	adds	r3, r0, r3
 8006680:	eb41 71e0 	adc.w	r1, r1, r0, asr #31
  __ASM volatile ("MSR basepri, %0" : : "r" (basePri) : "memory");
 8006684:	f384 8811 	msr	BASEPRI, r4
 8006688:	f3bf 8f6f 	isb	sy
	K_SPINLOCK(&timeout_lock) {
 800668c:	2201      	movs	r2, #1
 800668e:	2a00      	cmp	r2, #0
 8006690:	d0f0      	beq.n	8006674 <sys_clock_tick_get+0x18>
	}
	return t;
}
 8006692:	4618      	mov	r0, r3
 8006694:	bd10      	pop	{r4, pc}
 8006696:	bf00      	nop
 8006698:	20000e70 	.word	0x20000e70

0800669c <z_timer_expiration_handler>:
  __ASM volatile ("MRS %0, basepri" : "=r" (result) );
 800669c:	f3ef 8311 	mrs	r3, BASEPRI
  __ASM volatile ("MSR basepri_max, %0" : : "r" (basePri) : "memory");
 80066a0:	2210      	movs	r2, #16
 80066a2:	f382 8812 	msr	BASEPRI_MAX, r2
 80066a6:	f3bf 8f6f 	isb	sy
	return (to->dticks != TIMEOUT_DTICKS_ANNOUNCING);
 80066aa:	6901      	ldr	r1, [r0, #16]
 80066ac:	6942      	ldr	r2, [r0, #20]
{
	struct k_timer *timer = CONTAINER_OF(t, struct k_timer, timeout);
	struct k_thread *thread;
	k_spinlock_key_t key = k_spin_lock(&lock);

	if (z_is_timeout_handler_canceled(t)) {
 80066ae:	f1b2 4f00 	cmp.w	r2, #2147483648	@ 0x80000000
 80066b2:	bf08      	it	eq
 80066b4:	2901      	cmpeq	r1, #1
 80066b6:	d004      	beq.n	80066c2 <z_timer_expiration_handler+0x26>
  __ASM volatile ("MSR basepri, %0" : : "r" (basePri) : "memory");
 80066b8:	f383 8811 	msr	BASEPRI, r3
 80066bc:	f3bf 8f6f 	isb	sy
		k_spin_unlock(&lock, key);
		return;
 80066c0:	4770      	bx	lr
{
 80066c2:	e92d 41f0 	stmdb	sp!, {r4, r5, r6, r7, r8, lr}
 80066c6:	4604      	mov	r4, r0
 80066c8:	461d      	mov	r5, r3

	/*
	 * if the timer is periodic, start it again; don't add _TICK_ALIGN
	 * since we're already aligned to a tick boundary
	 */
	if (!K_TIMEOUT_EQ(timer->period, K_NO_WAIT) &&
 80066ca:	6a86      	ldr	r6, [r0, #40]	@ 0x28
 80066cc:	6ac2      	ldr	r2, [r0, #44]	@ 0x2c
 80066ce:	ea56 0102 	orrs.w	r1, r6, r2
 80066d2:	d005      	beq.n	80066e0 <z_timer_expiration_handler+0x44>
 80066d4:	f1b2 3fff 	cmp.w	r2, #4294967295
 80066d8:	bf08      	it	eq
 80066da:	f1b6 3fff 	cmpeq.w	r6, #4294967295
 80066de:	d127      	bne.n	8006730 <z_timer_expiration_handler+0x94>
		z_add_timeout(&timer->timeout, z_timer_expiration_handler,
			      next);
	}

	/* update timer's status */
	timer->status += 1U;
 80066e0:	6b23      	ldr	r3, [r4, #48]	@ 0x30
 80066e2:	3301      	adds	r3, #1
 80066e4:	6323      	str	r3, [r4, #48]	@ 0x30

	z_timer_observer_on_expiry(timer);

	/* invoke timer expiry function */
	if (timer->expiry_fn != NULL) {
 80066e6:	6a23      	ldr	r3, [r4, #32]
 80066e8:	b163      	cbz	r3, 8006704 <z_timer_expiration_handler+0x68>
 80066ea:	f385 8811 	msr	BASEPRI, r5
 80066ee:	f3bf 8f6f 	isb	sy
		/* Unlock for user handler. */
		k_spin_unlock(&lock, key);

		SYS_PORT_TRACING_OBJ_FUNC_ENTER(k_timer, expiry, timer);

		expiry_fn(timer);
 80066f2:	4620      	mov	r0, r4
 80066f4:	4798      	blx	r3
  __ASM volatile ("MRS %0, basepri" : "=r" (result) );
 80066f6:	f3ef 8511 	mrs	r5, BASEPRI
  __ASM volatile ("MSR basepri_max, %0" : : "r" (basePri) : "memory");
 80066fa:	2310      	movs	r3, #16
 80066fc:	f383 8812 	msr	BASEPRI_MAX, r3
 8006700:	f3bf 8f6f 	isb	sy
}

static inline struct k_thread *z_waitq_head(_wait_q_t *w)
{
	return (struct k_thread *)sys_dlist_peek_head(&w->waitq);
 8006704:	f104 0318 	add.w	r3, r4, #24
	return list->head == list;
 8006708:	69a4      	ldr	r4, [r4, #24]
	return sys_dlist_is_empty(list) ? NULL : list->head;
 800670a:	42a3      	cmp	r3, r4
 800670c:	d051      	beq.n	80067b2 <z_timer_expiration_handler+0x116>
		return;
	}

	thread = z_waitq_head(&timer->wait_q);

	if (thread == NULL) {
 800670e:	2c00      	cmp	r4, #0
 8006710:	d04f      	beq.n	80067b2 <z_timer_expiration_handler+0x116>
		k_spin_unlock(&lock, key);
		return;
	}

	z_unpend_thread_no_timeout(thread);
 8006712:	4620      	mov	r0, r4
 8006714:	f003 f923 	bl	800995e <z_unpend_thread_no_timeout>
	thread->arch.swap_return_value = value;
 8006718:	2300      	movs	r3, #0
 800671a:	f8c4 30b0 	str.w	r3, [r4, #176]	@ 0xb0
  __ASM volatile ("MSR basepri, %0" : : "r" (basePri) : "memory");
 800671e:	f385 8811 	msr	BASEPRI, r5
 8006722:	f3bf 8f6f 	isb	sy

	arch_thread_return_value_set(thread, 0);

	k_spin_unlock(&lock, key);

	z_ready_thread(thread);
 8006726:	4620      	mov	r0, r4
 8006728:	f003 f8fe 	bl	8009928 <z_ready_thread>
}
 800672c:	e8bd 81f0 	ldmia.w	sp!, {r4, r5, r6, r7, r8, pc}
		next.ticks = max(next.ticks - 1, 0);
 8006730:	3e01      	subs	r6, #1
 8006732:	f142 32ff 	adc.w	r2, r2, #4294967295
 8006736:	4617      	mov	r7, r2
 8006738:	2a00      	cmp	r2, #0
 800673a:	db14      	blt.n	8006766 <z_timer_expiration_handler+0xca>
	return z_impl_k_uptime_ticks();
 800673c:	f003 fa41 	bl	8009bc2 <z_impl_k_uptime_ticks>
		next = K_TIMEOUT_ABS_TICKS(k_uptime_ticks() + 1 + next.ticks);
 8006740:	3001      	adds	r0, #1
 8006742:	f141 0100 	adc.w	r1, r1, #0
 8006746:	1980      	adds	r0, r0, r6
 8006748:	eb41 0107 	adc.w	r1, r1, r7
 800674c:	2801      	cmp	r0, #1
 800674e:	f171 0100 	sbcs.w	r1, r1, #0
 8006752:	da0b      	bge.n	800676c <z_timer_expiration_handler+0xd0>
 8006754:	f06f 0201 	mvn.w	r2, #1
 8006758:	f04f 33ff 	mov.w	r3, #4294967295
		z_add_timeout(&timer->timeout, z_timer_expiration_handler,
 800675c:	4917      	ldr	r1, [pc, #92]	@ (80067bc <z_timer_expiration_handler+0x120>)
 800675e:	4620      	mov	r0, r4
 8006760:	f7ff fe80 	bl	8006464 <z_add_timeout>
 8006764:	e7bc      	b.n	80066e0 <z_timer_expiration_handler+0x44>
		next.ticks = max(next.ticks - 1, 0);
 8006766:	2600      	movs	r6, #0
 8006768:	4637      	mov	r7, r6
 800676a:	e7e7      	b.n	800673c <z_timer_expiration_handler+0xa0>
 800676c:	f003 fa29 	bl	8009bc2 <z_impl_k_uptime_ticks>
		next = K_TIMEOUT_ABS_TICKS(k_uptime_ticks() + 1 + next.ticks);
 8006770:	3001      	adds	r0, #1
 8006772:	f141 0100 	adc.w	r1, r1, #0
 8006776:	1980      	adds	r0, r0, r6
 8006778:	eb41 0107 	adc.w	r1, r1, r7
 800677c:	f06f 0302 	mvn.w	r3, #2
 8006780:	4283      	cmp	r3, r0
 8006782:	f06f 4300 	mvn.w	r3, #2147483648	@ 0x80000000
 8006786:	418b      	sbcs	r3, r1
 8006788:	da03      	bge.n	8006792 <z_timer_expiration_handler+0xf6>
 800678a:	2200      	movs	r2, #0
 800678c:	f04f 4300 	mov.w	r3, #2147483648	@ 0x80000000
 8006790:	e7e4      	b.n	800675c <z_timer_expiration_handler+0xc0>
 8006792:	f003 fa16 	bl	8009bc2 <z_impl_k_uptime_ticks>
 8006796:	3001      	adds	r0, #1
 8006798:	f141 0300 	adc.w	r3, r1, #0
 800679c:	1980      	adds	r0, r0, r6
 800679e:	eb43 0307 	adc.w	r3, r3, r7
 80067a2:	f06f 0201 	mvn.w	r2, #1
 80067a6:	1a12      	subs	r2, r2, r0
 80067a8:	f04f 31ff 	mov.w	r1, #4294967295
 80067ac:	eb61 0303 	sbc.w	r3, r1, r3
 80067b0:	e7d4      	b.n	800675c <z_timer_expiration_handler+0xc0>
 80067b2:	f385 8811 	msr	BASEPRI, r5
 80067b6:	f3bf 8f6f 	isb	sy
		return;
 80067ba:	e7b7      	b.n	800672c <z_timer_expiration_handler+0x90>
 80067bc:	0800669d 	.word	0x0800669d

080067c0 <z_impl_k_timer_start>:
}


void z_impl_k_timer_start(struct k_timer *timer, k_timeout_t duration,
			  k_timeout_t period)
{
 80067c0:	b5f8      	push	{r3, r4, r5, r6, r7, lr}
 80067c2:	461c      	mov	r4, r3
  __ASM volatile ("MRS %0, basepri" : "=r" (result) );
 80067c4:	f3ef 8711 	mrs	r7, BASEPRI
  __ASM volatile ("MSR basepri_max, %0" : : "r" (basePri) : "memory");
 80067c8:	2310      	movs	r3, #16
 80067ca:	f383 8812 	msr	BASEPRI_MAX, r3
 80067ce:	f3bf 8f6f 	isb	sy
	 * since k_timer_start can be preempted, especially for the same
	 * timer instance.
	 */
	k_spinlock_key_t key = k_spin_lock(&lock);

	if (K_TIMEOUT_EQ(duration, K_FOREVER)) {
 80067d2:	f1b4 3fff 	cmp.w	r4, #4294967295
 80067d6:	bf08      	it	eq
 80067d8:	f1b2 3fff 	cmpeq.w	r2, #4294967295
 80067dc:	d023      	beq.n	8006826 <z_impl_k_timer_start+0x66>
 80067de:	4606      	mov	r6, r0
 80067e0:	4615      	mov	r5, r2
	 * for backwards compatibility.  This is unfortunate
	 * (i.e. k_timer_start() doesn't treat its initial sleep
	 * argument the same way k_sleep() does), but historical.  The
	 * timer_api test relies on this behavior.
	 */
	if (Z_IS_TIMEOUT_RELATIVE(duration)) {
 80067e2:	2c00      	cmp	r4, #0
 80067e4:	db0b      	blt.n	80067fe <z_impl_k_timer_start+0x3e>
		/* For the duration == K_NO_WAIT case, ensure that behaviour
		 * is consistent for both 32-bit k_ticks_t which are unsigned
		 * and 64-bit k_ticks_t which are signed.
		 */
		duration.ticks = max(1, duration.ticks);
 80067e6:	4613      	mov	r3, r2
 80067e8:	4621      	mov	r1, r4
 80067ea:	2a01      	cmp	r2, #1
 80067ec:	f174 0400 	sbcs.w	r4, r4, #0
 80067f0:	da01      	bge.n	80067f6 <z_impl_k_timer_start+0x36>
 80067f2:	2301      	movs	r3, #1
 80067f4:	2100      	movs	r1, #0
		duration.ticks = duration.ticks - 1;
 80067f6:	1e5a      	subs	r2, r3, #1
 80067f8:	4615      	mov	r5, r2
 80067fa:	f141 34ff 	adc.w	r4, r1, #4294967295
	}

	(void)z_abort_timeout(&timer->timeout);
 80067fe:	4630      	mov	r0, r6
 8006800:	f003 f99c 	bl	8009b3c <z_abort_timeout>
	timer->period = period;
 8006804:	e9dd 2306 	ldrd	r2, r3, [sp, #24]
 8006808:	e9c6 230a 	strd	r2, r3, [r6, #40]	@ 0x28
	timer->status = 0U;
 800680c:	2300      	movs	r3, #0
 800680e:	6333      	str	r3, [r6, #48]	@ 0x30

	z_add_timeout(&timer->timeout, z_timer_expiration_handler,
 8006810:	462a      	mov	r2, r5
 8006812:	4623      	mov	r3, r4
 8006814:	4906      	ldr	r1, [pc, #24]	@ (8006830 <z_impl_k_timer_start+0x70>)
 8006816:	4630      	mov	r0, r6
 8006818:	f7ff fe24 	bl	8006464 <z_add_timeout>
  __ASM volatile ("MSR basepri, %0" : : "r" (basePri) : "memory");
 800681c:	f387 8811 	msr	BASEPRI, r7
 8006820:	f3bf 8f6f 	isb	sy
		     duration);

	z_timer_observer_on_start(timer, duration, period);

	k_spin_unlock(&lock, key);
}
 8006824:	bdf8      	pop	{r3, r4, r5, r6, r7, pc}
 8006826:	f387 8811 	msr	BASEPRI, r7
 800682a:	f3bf 8f6f 	isb	sy
		return;
 800682e:	e7f9      	b.n	8006824 <z_impl_k_timer_start+0x64>
 8006830:	0800669d 	.word	0x0800669d

08006834 <z_impl_k_timer_stop>:
}
#include <zephyr/syscalls/k_timer_start_mrsh.c>
#endif /* CONFIG_USERSPACE */

void z_impl_k_timer_stop(struct k_timer *timer)
{
 8006834:	b570      	push	{r4, r5, r6, lr}
 8006836:	4604      	mov	r4, r0
  __ASM volatile ("MRS %0, basepri" : "=r" (result) );
 8006838:	f3ef 8611 	mrs	r6, BASEPRI
  __ASM volatile ("MSR basepri_max, %0" : : "r" (basePri) : "memory");
 800683c:	2310      	movs	r3, #16
 800683e:	f383 8812 	msr	BASEPRI_MAX, r3
 8006842:	f3bf 8f6f 	isb	sy
	SYS_PORT_TRACING_OBJ_FUNC(k_timer, stop, timer);

	k_spinlock_key_t key = k_spin_lock(&lock);

	bool inactive = (z_abort_timeout(&timer->timeout) != 0);
 8006846:	f003 f979 	bl	8009b3c <z_abort_timeout>

	if (inactive) {
 800684a:	b9e0      	cbnz	r0, 8006886 <z_impl_k_timer_stop+0x52>
 800684c:	4635      	mov	r5, r6
		return;
	}

	z_timer_observer_on_stop(timer);

	if (timer->stop_fn != NULL) {
 800684e:	6a63      	ldr	r3, [r4, #36]	@ 0x24
 8006850:	b16b      	cbz	r3, 800686e <z_impl_k_timer_stop+0x3a>
  __ASM volatile ("MSR basepri, %0" : : "r" (basePri) : "memory");
 8006852:	f386 8811 	msr	BASEPRI, r6
 8006856:	f3bf 8f6f 	isb	sy
		SYS_PORT_TRACING_OBJ_FUNC_ENTER(k_timer, stop_fn_expiry, timer);
		k_spin_unlock(&lock, key);

		timer->stop_fn(timer);
 800685a:	6a63      	ldr	r3, [r4, #36]	@ 0x24
 800685c:	4620      	mov	r0, r4
 800685e:	4798      	blx	r3
  __ASM volatile ("MRS %0, basepri" : "=r" (result) );
 8006860:	f3ef 8511 	mrs	r5, BASEPRI
  __ASM volatile ("MSR basepri_max, %0" : : "r" (basePri) : "memory");
 8006864:	2310      	movs	r3, #16
 8006866:	f383 8812 	msr	BASEPRI_MAX, r3
 800686a:	f3bf 8f6f 	isb	sy
		k_spin_unlock(&lock, key);
		return;

	}

	struct k_thread *pending_thread = z_unpend1_no_timeout(&timer->wait_q);
 800686e:	f104 0018 	add.w	r0, r4, #24
 8006872:	f003 f8c5 	bl	8009a00 <z_unpend1_no_timeout>

	if (pending_thread != NULL) {
 8006876:	b158      	cbz	r0, 8006890 <z_impl_k_timer_stop+0x5c>
		z_ready_thread(pending_thread);
 8006878:	f003 f856 	bl	8009928 <z_ready_thread>
		z_reschedule(&lock, key);
 800687c:	4629      	mov	r1, r5
 800687e:	4807      	ldr	r0, [pc, #28]	@ (800689c <z_impl_k_timer_stop+0x68>)
 8006880:	f003 f8ec 	bl	8009a5c <z_reschedule>
	} else {
		k_spin_unlock(&lock, key);
	}
}
 8006884:	bd70      	pop	{r4, r5, r6, pc}
  __ASM volatile ("MSR basepri, %0" : : "r" (basePri) : "memory");
 8006886:	f386 8811 	msr	BASEPRI, r6
 800688a:	f3bf 8f6f 	isb	sy
		return;
 800688e:	e7f9      	b.n	8006884 <z_impl_k_timer_stop+0x50>
 8006890:	f385 8811 	msr	BASEPRI, r5
 8006894:	f3bf 8f6f 	isb	sy
 8006898:	e7f4      	b.n	8006884 <z_impl_k_timer_stop+0x50>
 800689a:	bf00      	nop
 800689c:	20001104 	.word	0x20001104

080068a0 <z_impl_k_poll_signal_raise>:
}
#include <zephyr/syscalls/k_poll_signal_check_mrsh.c>
#endif /* CONFIG_USERSPACE */

int z_impl_k_poll_signal_raise(struct k_poll_signal *sig, int result)
{
 80068a0:	b538      	push	{r3, r4, r5, lr}
 80068a2:	4603      	mov	r3, r0
  __ASM volatile ("MRS %0, basepri" : "=r" (result) );
 80068a4:	f3ef 8511 	mrs	r5, BASEPRI
  __ASM volatile ("MSR basepri_max, %0" : : "r" (basePri) : "memory");
 80068a8:	2210      	movs	r2, #16
 80068aa:	f382 8812 	msr	BASEPRI_MAX, r2
 80068ae:	f3bf 8f6f 	isb	sy
	k_spinlock_key_t key = k_spin_lock(&lock);
	struct k_poll_event *poll_event;

	sig->result = result;
 80068b2:	60c1      	str	r1, [r0, #12]
	sig->signaled = 1U;
 80068b4:	2201      	movs	r2, #1
 80068b6:	6082      	str	r2, [r0, #8]
	return list->head == list;
 80068b8:	6800      	ldr	r0, [r0, #0]

static inline sys_dnode_t *sys_dlist_get(sys_dlist_t *list)
{
	sys_dnode_t *node = NULL;

	if (!sys_dlist_is_empty(list)) {
 80068ba:	4283      	cmp	r3, r0
 80068bc:	d010      	beq.n	80068e0 <z_impl_k_poll_signal_raise+0x40>
	sys_dnode_t *const prev = node->prev;
 80068be:	6842      	ldr	r2, [r0, #4]
	sys_dnode_t *const next = node->next;
 80068c0:	6803      	ldr	r3, [r0, #0]
	prev->next = next;
 80068c2:	6013      	str	r3, [r2, #0]
	next->prev = prev;
 80068c4:	605a      	str	r2, [r3, #4]
	node->next = NULL;
 80068c6:	2300      	movs	r3, #0
 80068c8:	6003      	str	r3, [r0, #0]
	node->prev = NULL;
 80068ca:	6043      	str	r3, [r0, #4]
		SYS_PORT_TRACING_FUNC(k_poll_api, signal_raise, sig, 0);

		return 0;
	}

	int rc = signal_poll_event(poll_event, K_POLL_STATE_SIGNALED);
 80068cc:	2101      	movs	r1, #1
 80068ce:	f003 f9bf 	bl	8009c50 <signal_poll_event>
 80068d2:	4604      	mov	r4, r0

	SYS_PORT_TRACING_FUNC(k_poll_api, signal_raise, sig, rc);

	z_reschedule(&lock, key);
 80068d4:	4629      	mov	r1, r5
 80068d6:	4805      	ldr	r0, [pc, #20]	@ (80068ec <z_impl_k_poll_signal_raise+0x4c>)
 80068d8:	f003 f8c0 	bl	8009a5c <z_reschedule>
	return rc;
}
 80068dc:	4620      	mov	r0, r4
 80068de:	bd38      	pop	{r3, r4, r5, pc}
  __ASM volatile ("MSR basepri, %0" : : "r" (basePri) : "memory");
 80068e0:	f385 8811 	msr	BASEPRI, r5
 80068e4:	f3bf 8f6f 	isb	sy
		return 0;
 80068e8:	2400      	movs	r4, #0
 80068ea:	e7f7      	b.n	80068dc <z_impl_k_poll_signal_raise+0x3c>
 80068ec:	20001104 	.word	0x20001104

080068f0 <boot_banner>:
#define BANNER_VERSION KERNEL_VERSION_STRING
#endif /* BUILD_VERSION */
#endif /* !BANNER_VERSION */

void boot_banner(void)
{
 80068f0:	b508      	push	{r3, lr}
	  */
	printk("\x1b[3J\x1b[2J\x1b[H");
#endif /* CONFIG_BOOT_CLEAR_SCREEN */

#ifdef CONFIG_BOOT_BANNER
	printk("*** " CONFIG_BOOT_BANNER_STRING " " BANNER_VERSION BANNER_POSTFIX " ***\n");
 80068f2:	4802      	ldr	r0, [pc, #8]	@ (80068fc <boot_banner+0xc>)
 80068f4:	f001 f95a 	bl	8007bac <printk>
#endif /* CONFIG_BOOT_BANNER */
}
 80068f8:	bd08      	pop	{r3, pc}
 80068fa:	bf00      	nop
 80068fc:	0800b420 	.word	0x0800b420

08006900 <k_sys_work_q_init>:
			     CONFIG_SYSTEM_WORKQUEUE_STACK_SIZE);

struct k_work_q k_sys_work_q;

static int k_sys_work_q_init(void)
{
 8006900:	b500      	push	{lr}
 8006902:	b083      	sub	sp, #12
		.no_yield = IS_ENABLED(CONFIG_SYSTEM_WORKQUEUE_NO_YIELD),
		.essential = true,
		.work_timeout_ms = CONFIG_SYSTEM_WORKQUEUE_WORK_TIMEOUT_MS,
	};

	k_work_queue_start(&k_sys_work_q,
 8006904:	4b06      	ldr	r3, [pc, #24]	@ (8006920 <k_sys_work_q_init+0x20>)
 8006906:	9300      	str	r3, [sp, #0]
 8006908:	f04f 33ff 	mov.w	r3, #4294967295
 800690c:	f44f 6280 	mov.w	r2, #1024	@ 0x400
 8006910:	4904      	ldr	r1, [pc, #16]	@ (8006924 <k_sys_work_q_init+0x24>)
 8006912:	4805      	ldr	r0, [pc, #20]	@ (8006928 <k_sys_work_q_init+0x28>)
 8006914:	f000 f90a 	bl	8006b2c <k_work_queue_start>
			    sys_work_q_stack,
			    K_KERNEL_STACK_SIZEOF(sys_work_q_stack),
			    CONFIG_SYSTEM_WORKQUEUE_PRIORITY, &cfg);
	return 0;
}
 8006918:	2000      	movs	r0, #0
 800691a:	b003      	add	sp, #12
 800691c:	f85d fb04 	ldr.w	pc, [sp], #4
 8006920:	0800b884 	.word	0x0800b884
 8006924:	20003000 	.word	0x20003000
 8006928:	20000e78 	.word	0x20000e78

0800692c <queue_submit_locked>:
 * @retval -EBUSY if the submission was rejected (draining, plugged)
 */
static inline int queue_submit_locked(struct k_work_q *queue,
				      struct k_work *work)
{
	if (queue == NULL) {
 800692c:	b380      	cbz	r0, 8006990 <queue_submit_locked+0x64>
{
 800692e:	b538      	push	{r3, r4, r5, lr}
 8006930:	460d      	mov	r5, r1
 8006932:	4604      	mov	r4, r0
		return -EINVAL;
	}

	int ret;
	bool chained = (_current == queue->thread_id) && !k_is_in_isr();
 8006934:	4b1c      	ldr	r3, [pc, #112]	@ (80069a8 <queue_submit_locked+0x7c>)
 8006936:	689a      	ldr	r2, [r3, #8]
 8006938:	f8d0 30b8 	ldr.w	r3, [r0, #184]	@ 0xb8
 800693c:	429a      	cmp	r2, r3
 800693e:	d01b      	beq.n	8006978 <queue_submit_locked+0x4c>
 8006940:	2300      	movs	r3, #0
 8006942:	461a      	mov	r2, r3
	return (*flagp & BIT(bit)) != 0U;
 8006944:	f8d4 30d4 	ldr.w	r3, [r4, #212]	@ 0xd4
 8006948:	f3c3 0180 	ubfx	r1, r3, #2, #1
 800694c:	f3c3 00c0 	ubfx	r0, r3, #3, #1
	 * * -ENODEV if the queue isn't running.
	 * * -EBUSY if draining and not chained
	 * * -EBUSY if plugged and not draining
	 * * otherwise OK
	 */
	if (!flag_test(&queue->flags, K_WORK_QUEUE_STARTED_BIT)) {
 8006950:	f013 0f01 	tst.w	r3, #1
 8006954:	d01f      	beq.n	8006996 <queue_submit_locked+0x6a>
		ret = -ENODEV;
	} else if (draining && !chained) {
 8006956:	b101      	cbz	r1, 800695a <queue_submit_locked+0x2e>
 8006958:	b302      	cbz	r2, 800699c <queue_submit_locked+0x70>
		ret = -EBUSY;
	} else if (plugged && !draining) {
 800695a:	b100      	cbz	r0, 800695e <queue_submit_locked+0x32>
 800695c:	b309      	cbz	r1, 80069a2 <queue_submit_locked+0x76>
	return node->next;
}

static inline void z_snode_next_set(sys_snode_t *parent, sys_snode_t *child)
{
	parent->next = child;
 800695e:	2300      	movs	r3, #0
 8006960:	602b      	str	r3, [r5, #0]
 *
 * @return A pointer on the last node of the list (or NULL if none)
 */
static inline sys_snode_t *sys_slist_peek_tail(const sys_slist_t *list)
{
	return list->tail;
 8006962:	f8d4 30c0 	ldr.w	r3, [r4, #192]	@ 0xc0
 * @param node A pointer on the node to append
 */
static inline void sys_slist_append(sys_slist_t *list,
				    sys_snode_t *node);

Z_GENLIST_APPEND(slist, snode)
 8006966:	b173      	cbz	r3, 8006986 <queue_submit_locked+0x5a>
	parent->next = child;
 8006968:	601d      	str	r5, [r3, #0]
	list->tail = node;
 800696a:	f8c4 50c0 	str.w	r5, [r4, #192]	@ 0xc0
		ret = -EBUSY;
	} else {
		sys_slist_append(&queue->pending, &work->node);
		ret = 1;
		(void)notify_queue_locked(queue);
 800696e:	4620      	mov	r0, r4
 8006970:	f003 f9c5 	bl	8009cfe <notify_queue_locked>
		ret = 1;
 8006974:	2001      	movs	r0, #1
	}

	return ret;
}
 8006976:	bd38      	pop	{r3, r4, r5, pc}
	bool chained = (_current == queue->thread_id) && !k_is_in_isr();
 8006978:	f002 ff40 	bl	80097fc <k_is_in_isr>
 800697c:	b908      	cbnz	r0, 8006982 <queue_submit_locked+0x56>
 800697e:	2301      	movs	r3, #1
 8006980:	e7df      	b.n	8006942 <queue_submit_locked+0x16>
 8006982:	2300      	movs	r3, #0
 8006984:	e7dd      	b.n	8006942 <queue_submit_locked+0x16>
 8006986:	f8c4 50c0 	str.w	r5, [r4, #192]	@ 0xc0
	list->head = node;
 800698a:	f8c4 50bc 	str.w	r5, [r4, #188]	@ 0xbc
}
 800698e:	e7ee      	b.n	800696e <queue_submit_locked+0x42>
		return -EINVAL;
 8006990:	f06f 0015 	mvn.w	r0, #21
}
 8006994:	4770      	bx	lr
		ret = -ENODEV;
 8006996:	f06f 0012 	mvn.w	r0, #18
 800699a:	e7ec      	b.n	8006976 <queue_submit_locked+0x4a>
		ret = -EBUSY;
 800699c:	f06f 000f 	mvn.w	r0, #15
 80069a0:	e7e9      	b.n	8006976 <queue_submit_locked+0x4a>
		ret = -EBUSY;
 80069a2:	f06f 000f 	mvn.w	r0, #15
 80069a6:	e7e6      	b.n	8006976 <queue_submit_locked+0x4a>
 80069a8:	200010d0 	.word	0x200010d0

080069ac <finalize_cancel_locked>:
{
 80069ac:	b510      	push	{r4, lr}
	*flagp &= ~BIT(bit);
 80069ae:	68c3      	ldr	r3, [r0, #12]
 80069b0:	f023 0302 	bic.w	r3, r3, #2
 80069b4:	60c3      	str	r3, [r0, #12]
	return list->head;
 80069b6:	4b13      	ldr	r3, [pc, #76]	@ (8006a04 <finalize_cancel_locked+0x58>)
 80069b8:	681c      	ldr	r4, [r3, #0]
	SYS_SLIST_FOR_EACH_CONTAINER_SAFE(&pending_cancels, wc, tmp, node) {
 80069ba:	b17c      	cbz	r4, 80069dc <finalize_cancel_locked+0x30>
	return node->next;
 80069bc:	6823      	ldr	r3, [r4, #0]
 80069be:	b103      	cbz	r3, 80069c2 <finalize_cancel_locked+0x16>
Z_GENLIST_PEEK_NEXT(slist, snode)
 80069c0:	b10c      	cbz	r4, 80069c6 <finalize_cancel_locked+0x1a>
 80069c2:	2100      	movs	r1, #0
 80069c4:	e00f      	b.n	80069e6 <finalize_cancel_locked+0x3a>
 80069c6:	4623      	mov	r3, r4
 80069c8:	e7fb      	b.n	80069c2 <finalize_cancel_locked+0x16>
			sys_slist_remove(&pending_cancels, prev, &wc->node);
 80069ca:	4622      	mov	r2, r4
 80069cc:	480d      	ldr	r0, [pc, #52]	@ (8006a04 <finalize_cancel_locked+0x58>)
 80069ce:	f003 f983 	bl	8009cd8 <sys_slist_remove>
			k_sem_give(&wc->sem);
 80069d2:	f104 0008 	add.w	r0, r4, #8
	z_impl_k_sem_give(sem);
 80069d6:	f7fe ff13 	bl	8005800 <z_impl_k_sem_give>
}
 80069da:	bd10      	pop	{r4, pc}
	SYS_SLIST_FOR_EACH_CONTAINER_SAFE(&pending_cancels, wc, tmp, node) {
 80069dc:	4623      	mov	r3, r4
 80069de:	e7f0      	b.n	80069c2 <finalize_cancel_locked+0x16>
 80069e0:	461a      	mov	r2, r3
 80069e2:	461c      	mov	r4, r3
 80069e4:	4613      	mov	r3, r2
 80069e6:	2c00      	cmp	r4, #0
 80069e8:	d0f7      	beq.n	80069da <finalize_cancel_locked+0x2e>
		if (wc->work == work) {
 80069ea:	6862      	ldr	r2, [r4, #4]
 80069ec:	4282      	cmp	r2, r0
 80069ee:	d0ec      	beq.n	80069ca <finalize_cancel_locked+0x1e>
		prev = &wc->node;
 80069f0:	4621      	mov	r1, r4
	SYS_SLIST_FOR_EACH_CONTAINER_SAFE(&pending_cancels, wc, tmp, node) {
 80069f2:	2b00      	cmp	r3, #0
 80069f4:	d0f4      	beq.n	80069e0 <finalize_cancel_locked+0x34>
	return node->next;
 80069f6:	681a      	ldr	r2, [r3, #0]
 80069f8:	2a00      	cmp	r2, #0
 80069fa:	d0f2      	beq.n	80069e2 <finalize_cancel_locked+0x36>
Z_GENLIST_PEEK_NEXT(slist, snode)
 80069fc:	2b00      	cmp	r3, #0
 80069fe:	d1f0      	bne.n	80069e2 <finalize_cancel_locked+0x36>
 8006a00:	461a      	mov	r2, r3
 8006a02:	e7ee      	b.n	80069e2 <finalize_cancel_locked+0x36>
 8006a04:	20001104 	.word	0x20001104

08006a08 <work_queue_main>:
/* Loop executed by a work queue thread.
 *
 * @param workq_ptr pointer to the work queue structure
 */
static void work_queue_main(void *workq_ptr, void *p2, void *p3)
{
 8006a08:	b570      	push	{r4, r5, r6, lr}
 8006a0a:	b084      	sub	sp, #16
 8006a0c:	4605      	mov	r5, r0
	ARG_UNUSED(p2);
	ARG_UNUSED(p3);

	struct k_work_q *queue = (struct k_work_q *)workq_ptr;
 8006a0e:	e03e      	b.n	8006a8e <work_queue_main+0x86>
	return (*flagp & BIT(bit)) != 0U;
 8006a10:	f8d5 30d4 	ldr.w	r3, [r5, #212]	@ 0xd4
	*flagp &= ~BIT(bit);
 8006a14:	f023 0204 	bic.w	r2, r3, #4
 8006a18:	f8c5 20d4 	str.w	r2, [r5, #212]	@ 0xd4
			 * which should never happen, even line 'if (work != NULL)'
			 * ensures that.
			 * This means that if node is not NULL, then work will not be NULL.
			 */
			handler = work->handler;
		} else if (flag_test_and_clear(&queue->flags,
 8006a1c:	f013 0f04 	tst.w	r3, #4
 8006a20:	d10e      	bne.n	8006a40 <work_queue_main+0x38>
			 * We don't touch K_WORK_QUEUE_PLUGGABLE, so getting
			 * here doesn't mean that the queue will allow new
			 * submissions.
			 */
			(void)z_sched_wake_all(&queue->drainq, 1, NULL);
		} else if (flag_test(&queue->flags, K_WORK_QUEUE_STOP_BIT)) {
 8006a22:	f012 0f10 	tst.w	r2, #16
 8006a26:	d014      	beq.n	8006a52 <work_queue_main+0x4a>
	*flagp = flags;
 8006a28:	2300      	movs	r3, #0
 8006a2a:	f8c5 30d4 	str.w	r3, [r5, #212]	@ 0xd4
 8006a2e:	f386 8811 	msr	BASEPRI, r6
 8006a32:	f3bf 8f6f 	isb	sy
		 */
		if (yield) {
			k_yield();
		}
	}
}
 8006a36:	b004      	add	sp, #16
 8006a38:	bd70      	pop	{r4, r5, r6, pc}
	list->tail = node;
 8006a3a:	f8c5 30c0 	str.w	r3, [r5, #192]	@ 0xc0
		if (node != NULL) {
 8006a3e:	e038      	b.n	8006ab2 <work_queue_main+0xaa>
			(void)z_sched_wake_all(&queue->drainq, 1, NULL);
 8006a40:	f105 04cc 	add.w	r4, r5, #204	@ 0xcc
static inline bool z_sched_wake_all(_wait_q_t *wait_q, int swap_retval,
				    void *swap_data)
{
	bool woken = false;

	while (z_sched_wake(wait_q, swap_retval, swap_data)) {
 8006a44:	2200      	movs	r2, #0
 8006a46:	2101      	movs	r1, #1
 8006a48:	4620      	mov	r0, r4
 8006a4a:	f003 f80f 	bl	8009a6c <z_sched_wake>
 8006a4e:	2800      	cmp	r0, #0
 8006a50:	d1f8      	bne.n	8006a44 <work_queue_main+0x3c>
			(void)z_sched_wait(&lock, key, &queue->notifyq,
 8006a52:	2300      	movs	r3, #0
 8006a54:	9302      	str	r3, [sp, #8]
 8006a56:	f04f 32ff 	mov.w	r2, #4294967295
 8006a5a:	f04f 33ff 	mov.w	r3, #4294967295
 8006a5e:	e9cd 2300 	strd	r2, r3, [sp]
 8006a62:	f105 02c4 	add.w	r2, r5, #196	@ 0xc4
 8006a66:	4631      	mov	r1, r6
 8006a68:	482f      	ldr	r0, [pc, #188]	@ (8006b28 <work_queue_main+0x120>)
 8006a6a:	f7ff fc1b 	bl	80062a4 <z_sched_wait>
			continue;
 8006a6e:	e00e      	b.n	8006a8e <work_queue_main+0x86>
			finalize_flush_locked(work);
 8006a70:	4620      	mov	r0, r4
 8006a72:	f003 f97e 	bl	8009d72 <finalize_flush_locked>
 8006a76:	e040      	b.n	8006afa <work_queue_main+0xf2>
			finalize_cancel_locked(work);
 8006a78:	4620      	mov	r0, r4
 8006a7a:	f7ff ff97 	bl	80069ac <finalize_cancel_locked>
 8006a7e:	e040      	b.n	8006b02 <work_queue_main+0xfa>
		yield = (!flag_test(&queue->flags, K_WORK_QUEUE_NO_YIELD_BIT) &&
 8006a80:	2300      	movs	r3, #0
 8006a82:	f386 8811 	msr	BASEPRI, r6
 8006a86:	f3bf 8f6f 	isb	sy
		if (yield) {
 8006a8a:	2b00      	cmp	r3, #0
 8006a8c:	d149      	bne.n	8006b22 <work_queue_main+0x11a>
  __ASM volatile ("MRS %0, basepri" : "=r" (result) );
 8006a8e:	f3ef 8611 	mrs	r6, BASEPRI
  __ASM volatile ("MSR basepri_max, %0" : : "r" (basePri) : "memory");
 8006a92:	2310      	movs	r3, #16
 8006a94:	f383 8812 	msr	BASEPRI_MAX, r3
 8006a98:	f3bf 8f6f 	isb	sy
	return list->head;
 8006a9c:	f8d5 40bc 	ldr.w	r4, [r5, #188]	@ 0xbc
 *
 * @return A pointer to the first node of the list (or NULL if empty)
 */
static inline sys_snode_t *sys_slist_get(sys_slist_t *list);

Z_GENLIST_GET(slist, snode)
 8006aa0:	2c00      	cmp	r4, #0
 8006aa2:	d0b5      	beq.n	8006a10 <work_queue_main+0x8>
	return node->next;
 8006aa4:	6823      	ldr	r3, [r4, #0]
	list->head = node;
 8006aa6:	f8c5 30bc 	str.w	r3, [r5, #188]	@ 0xbc
	return list->tail;
 8006aaa:	f8d5 20c0 	ldr.w	r2, [r5, #192]	@ 0xc0
Z_GENLIST_GET_NOT_EMPTY(slist, snode)
 8006aae:	4294      	cmp	r4, r2
 8006ab0:	d0c3      	beq.n	8006a3a <work_queue_main+0x32>
	*flagp |= BIT(bit);
 8006ab2:	f8d5 30d4 	ldr.w	r3, [r5, #212]	@ 0xd4
 8006ab6:	f043 0302 	orr.w	r3, r3, #2
 8006aba:	f8c5 30d4 	str.w	r3, [r5, #212]	@ 0xd4
 8006abe:	68e3      	ldr	r3, [r4, #12]
 8006ac0:	f043 0201 	orr.w	r2, r3, #1
 8006ac4:	60e2      	str	r2, [r4, #12]
	*flagp &= ~BIT(bit);
 8006ac6:	f023 0304 	bic.w	r3, r3, #4
 8006aca:	f043 0301 	orr.w	r3, r3, #1
 8006ace:	60e3      	str	r3, [r4, #12]
			handler = work->handler;
 8006ad0:	6863      	ldr	r3, [r4, #4]
  __ASM volatile ("MSR basepri, %0" : : "r" (basePri) : "memory");
 8006ad2:	f386 8811 	msr	BASEPRI, r6
 8006ad6:	f3bf 8f6f 	isb	sy
		handler(work);
 8006ada:	4620      	mov	r0, r4
 8006adc:	4798      	blx	r3
  __ASM volatile ("MRS %0, basepri" : "=r" (result) );
 8006ade:	f3ef 8611 	mrs	r6, BASEPRI
  __ASM volatile ("MSR basepri_max, %0" : : "r" (basePri) : "memory");
 8006ae2:	2310      	movs	r3, #16
 8006ae4:	f383 8812 	msr	BASEPRI_MAX, r3
 8006ae8:	f3bf 8f6f 	isb	sy
	*flagp &= ~BIT(bit);
 8006aec:	68e3      	ldr	r3, [r4, #12]
 8006aee:	f023 0301 	bic.w	r3, r3, #1
 8006af2:	60e3      	str	r3, [r4, #12]
		if (flag_test(&work->flags, K_WORK_FLUSHING_BIT)) {
 8006af4:	f013 0f10 	tst.w	r3, #16
 8006af8:	d1ba      	bne.n	8006a70 <work_queue_main+0x68>
	return (*flagp & BIT(bit)) != 0U;
 8006afa:	68e3      	ldr	r3, [r4, #12]
		if (flag_test(&work->flags, K_WORK_CANCELING_BIT)) {
 8006afc:	f013 0f02 	tst.w	r3, #2
 8006b00:	d1ba      	bne.n	8006a78 <work_queue_main+0x70>
	*flagp &= ~BIT(bit);
 8006b02:	f8d5 30d4 	ldr.w	r3, [r5, #212]	@ 0xd4
 8006b06:	f023 0302 	bic.w	r3, r3, #2
 8006b0a:	f8c5 30d4 	str.w	r3, [r5, #212]	@ 0xd4
		yield = (!flag_test(&queue->flags, K_WORK_QUEUE_NO_YIELD_BIT) &&
 8006b0e:	f413 7f80 	tst.w	r3, #256	@ 0x100
 8006b12:	d1b5      	bne.n	8006a80 <work_queue_main+0x78>
	return list->head;
 8006b14:	f8d5 30bc 	ldr.w	r3, [r5, #188]	@ 0xbc
 8006b18:	b10b      	cbz	r3, 8006b1e <work_queue_main+0x116>
 8006b1a:	2301      	movs	r3, #1
 8006b1c:	e7b1      	b.n	8006a82 <work_queue_main+0x7a>
 8006b1e:	2300      	movs	r3, #0
 8006b20:	e7af      	b.n	8006a82 <work_queue_main+0x7a>
	z_impl_k_yield();
 8006b22:	f7ff fa17 	bl	8005f54 <z_impl_k_yield>
}
 8006b26:	e7b2      	b.n	8006a8e <work_queue_main+0x86>
 8006b28:	2000110c 	.word	0x2000110c

08006b2c <k_work_queue_start>:
void k_work_queue_start(struct k_work_q *queue,
			k_thread_stack_t *stack,
			size_t stack_size,
			int prio,
			const struct k_work_queue_config *cfg)
{
 8006b2c:	b5f0      	push	{r4, r5, r6, r7, lr}
 8006b2e:	b089      	sub	sp, #36	@ 0x24
 8006b30:	4604      	mov	r4, r0
 8006b32:	9d0e      	ldr	r5, [sp, #56]	@ 0x38
	list->head = NULL;
 8006b34:	2000      	movs	r0, #0
 8006b36:	f8c4 00bc 	str.w	r0, [r4, #188]	@ 0xbc
	list->tail = NULL;
 8006b3a:	f8c4 00c0 	str.w	r0, [r4, #192]	@ 0xc0
	sys_dlist_init(&w->waitq);
 8006b3e:	f104 00c4 	add.w	r0, r4, #196	@ 0xc4
	list->head = (sys_dnode_t *)list;
 8006b42:	f8c4 00c4 	str.w	r0, [r4, #196]	@ 0xc4
	list->tail = (sys_dnode_t *)list;
 8006b46:	f8c4 00c8 	str.w	r0, [r4, #200]	@ 0xc8
 8006b4a:	f104 00cc 	add.w	r0, r4, #204	@ 0xcc
	list->head = (sys_dnode_t *)list;
 8006b4e:	f8c4 00cc 	str.w	r0, [r4, #204]	@ 0xcc
	list->tail = (sys_dnode_t *)list;
 8006b52:	f8c4 00d0 	str.w	r0, [r4, #208]	@ 0xd0

	sys_slist_init(&queue->pending);
	z_waitq_init(&queue->notifyq);
	z_waitq_init(&queue->drainq);

	if ((cfg != NULL) && cfg->no_yield) {
 8006b56:	b33d      	cbz	r5, 8006ba8 <k_work_queue_start+0x7c>
 8006b58:	7928      	ldrb	r0, [r5, #4]
 8006b5a:	bb38      	cbnz	r0, 8006bac <k_work_queue_start+0x80>
	uint32_t flags = K_WORK_QUEUE_STARTED;
 8006b5c:	2001      	movs	r0, #1
	*flagp = flags;
 8006b5e:	f8c4 00d4 	str.w	r0, [r4, #212]	@ 0xd4
	return z_impl_k_thread_create(new_thread, stack, stack_size, entry, p1, p2, p3, prio, options, delay);
 8006b62:	f04f 36ff 	mov.w	r6, #4294967295
 8006b66:	f04f 37ff 	mov.w	r7, #4294967295
 8006b6a:	e9cd 6706 	strd	r6, r7, [sp, #24]
 8006b6e:	2000      	movs	r0, #0
 8006b70:	9004      	str	r0, [sp, #16]
 8006b72:	9303      	str	r3, [sp, #12]
 8006b74:	9002      	str	r0, [sp, #8]
 8006b76:	9001      	str	r0, [sp, #4]
 8006b78:	9400      	str	r4, [sp, #0]
 8006b7a:	4b0e      	ldr	r3, [pc, #56]	@ (8006bb4 <k_work_queue_start+0x88>)
 8006b7c:	4620      	mov	r0, r4
 8006b7e:	f002 fe50 	bl	8009822 <z_impl_k_thread_create>

	(void)k_thread_create(&queue->thread, stack, stack_size,
			      work_queue_main, queue, NULL, NULL,
			      prio, 0, K_FOREVER);

	if ((cfg != NULL) && (cfg->name != NULL)) {
 8006b82:	b155      	cbz	r5, 8006b9a <k_work_queue_start+0x6e>
 8006b84:	6829      	ldr	r1, [r5, #0]
 8006b86:	b111      	cbz	r1, 8006b8e <k_work_queue_start+0x62>
	return z_impl_k_thread_name_set(thread, str);
 8006b88:	4620      	mov	r0, r4
 8006b8a:	f7fe feab 	bl	80058e4 <z_impl_k_thread_name_set>
		k_thread_name_set(&queue->thread, cfg->name);
	}

	if ((cfg != NULL) && (cfg->essential)) {
 8006b8e:	796b      	ldrb	r3, [r5, #5]
 8006b90:	b11b      	cbz	r3, 8006b9a <k_work_queue_start+0x6e>
		queue->thread.base.user_options |= K_ESSENTIAL;
 8006b92:	89a3      	ldrh	r3, [r4, #12]
 8006b94:	f043 0301 	orr.w	r3, r3, #1
 8006b98:	81a3      	strh	r3, [r4, #12]
	z_impl_k_wakeup(thread);
 8006b9a:	4620      	mov	r0, r4
 8006b9c:	f7ff faa2 	bl	80060e4 <z_impl_k_wakeup>
		queue->work_timeout = K_FOREVER;
	}
#endif /* defined(CONFIG_WORKQUEUE_WORK_TIMEOUT) */

	k_thread_start(&queue->thread);
	queue->thread_id = &queue->thread;
 8006ba0:	f8c4 40b8 	str.w	r4, [r4, #184]	@ 0xb8

	SYS_PORT_TRACING_OBJ_FUNC_EXIT(k_work_queue, start, queue);
}
 8006ba4:	b009      	add	sp, #36	@ 0x24
 8006ba6:	bdf0      	pop	{r4, r5, r6, r7, pc}
	uint32_t flags = K_WORK_QUEUE_STARTED;
 8006ba8:	2001      	movs	r0, #1
 8006baa:	e7d8      	b.n	8006b5e <k_work_queue_start+0x32>
		flags |= K_WORK_QUEUE_NO_YIELD;
 8006bac:	f240 1001 	movw	r0, #257	@ 0x101
 8006bb0:	e7d5      	b.n	8006b5e <k_work_queue_start+0x32>
 8006bb2:	bf00      	nop
 8006bb4:	08006a09 	.word	0x08006a09

08006bb8 <memset>:
 8006bb8:	b570      	push	{r4, r5, r6, lr}
 8006bba:	0786      	lsls	r6, r0, #30
 8006bbc:	d04f      	beq.n	8006c5e <memset+0xa6>
 8006bbe:	1884      	adds	r4, r0, r2
 8006bc0:	4684      	mov	ip, r0
 8006bc2:	e004      	b.n	8006bce <memset+0x16>
 8006bc4:	f803 1b01 	strb.w	r1, [r3], #1
 8006bc8:	079d      	lsls	r5, r3, #30
 8006bca:	d004      	beq.n	8006bd6 <memset+0x1e>
 8006bcc:	469c      	mov	ip, r3
 8006bce:	4564      	cmp	r4, ip
 8006bd0:	4663      	mov	r3, ip
 8006bd2:	d1f7      	bne.n	8006bc4 <memset+0xc>
 8006bd4:	bd70      	pop	{r4, r5, r6, pc}
 8006bd6:	3a01      	subs	r2, #1
 8006bd8:	4402      	add	r2, r0
 8006bda:	eba2 020c 	sub.w	r2, r2, ip
 8006bde:	2a03      	cmp	r2, #3
 8006be0:	d92f      	bls.n	8006c42 <memset+0x8a>
 8006be2:	b2cc      	uxtb	r4, r1
 8006be4:	eb04 2404 	add.w	r4, r4, r4, lsl #8
 8006be8:	2a0f      	cmp	r2, #15
 8006bea:	eb04 4404 	add.w	r4, r4, r4, lsl #16
 8006bee:	d938      	bls.n	8006c62 <memset+0xaa>
 8006bf0:	f1a2 0610 	sub.w	r6, r2, #16
 8006bf4:	0935      	lsrs	r5, r6, #4
 8006bf6:	3501      	adds	r5, #1
 8006bf8:	469c      	mov	ip, r3
 8006bfa:	f04f 0e00 	mov.w	lr, #0
 8006bfe:	f10e 0e01 	add.w	lr, lr, #1
 8006c02:	45ae      	cmp	lr, r5
 8006c04:	e9cc 4400 	strd	r4, r4, [ip]
 8006c08:	e9cc 4402 	strd	r4, r4, [ip, #8]
 8006c0c:	f10c 0c10 	add.w	ip, ip, #16
 8006c10:	d3f5      	bcc.n	8006bfe <memset+0x46>
 8006c12:	f026 060f 	bic.w	r6, r6, #15
 8006c16:	3310      	adds	r3, #16
 8006c18:	f012 0f0c 	tst.w	r2, #12
 8006c1c:	4433      	add	r3, r6
 8006c1e:	f002 050f 	and.w	r5, r2, #15
 8006c22:	d01a      	beq.n	8006c5a <memset+0xa2>
 8006c24:	1f2a      	subs	r2, r5, #4
 8006c26:	2a03      	cmp	r2, #3
 8006c28:	601c      	str	r4, [r3, #0]
 8006c2a:	d905      	bls.n	8006c38 <memset+0x80>
 8006c2c:	f1a5 0208 	sub.w	r2, r5, #8
 8006c30:	2a03      	cmp	r2, #3
 8006c32:	605c      	str	r4, [r3, #4]
 8006c34:	bf88      	it	hi
 8006c36:	609c      	strhi	r4, [r3, #8]
 8006c38:	f005 0203 	and.w	r2, r5, #3
 8006c3c:	f025 0503 	bic.w	r5, r5, #3
 8006c40:	442b      	add	r3, r5
 8006c42:	1e54      	subs	r4, r2, #1
 8006c44:	2a00      	cmp	r2, #0
 8006c46:	d0c5      	beq.n	8006bd4 <memset+0x1c>
 8006c48:	b2c9      	uxtb	r1, r1
 8006c4a:	7019      	strb	r1, [r3, #0]
 8006c4c:	2c00      	cmp	r4, #0
 8006c4e:	d0c1      	beq.n	8006bd4 <memset+0x1c>
 8006c50:	2c01      	cmp	r4, #1
 8006c52:	7059      	strb	r1, [r3, #1]
 8006c54:	bf18      	it	ne
 8006c56:	7099      	strbne	r1, [r3, #2]
 8006c58:	bd70      	pop	{r4, r5, r6, pc}
 8006c5a:	462a      	mov	r2, r5
 8006c5c:	e7f1      	b.n	8006c42 <memset+0x8a>
 8006c5e:	4603      	mov	r3, r0
 8006c60:	e7bd      	b.n	8006bde <memset+0x26>
 8006c62:	4615      	mov	r5, r2
 8006c64:	e7de      	b.n	8006c24 <memset+0x6c>
 8006c66:	bf00      	nop

08006c68 <rand>:
 8006c68:	b508      	push	{r3, lr}
 8006c6a:	f000 f803 	bl	8006c74 <random>
 8006c6e:	f020 4000 	bic.w	r0, r0, #2147483648	@ 0x80000000
 8006c72:	bd08      	pop	{r3, pc}

08006c74 <random>:
 8006c74:	b510      	push	{r4, lr}
 8006c76:	f7fc fedd 	bl	8003a34 <__aeabi_read_tp>
 8006c7a:	4c0b      	ldr	r4, [pc, #44]	@ (8006ca8 <random+0x34>)
 8006c7c:	4a0b      	ldr	r2, [pc, #44]	@ (8006cac <random+0x38>)
 8006c7e:	5823      	ldr	r3, [r4, r0]
 8006c80:	490b      	ldr	r1, [pc, #44]	@ (8006cb0 <random+0x3c>)
 8006c82:	eb00 0c04 	add.w	ip, r0, r4
 8006c86:	fb03 f202 	mul.w	r2, r3, r2
 8006c8a:	f8dc e004 	ldr.w	lr, [ip, #4]
 8006c8e:	fb01 220e 	mla	r2, r1, lr, r2
 8006c92:	fba3 3101 	umull	r3, r1, r3, r1
 8006c96:	3301      	adds	r3, #1
 8006c98:	5023      	str	r3, [r4, r0]
 8006c9a:	eb42 0001 	adc.w	r0, r2, r1
 8006c9e:	f8cc 0004 	str.w	r0, [ip, #4]
 8006ca2:	f020 4000 	bic.w	r0, r0, #2147483648	@ 0x80000000
 8006ca6:	bd10      	pop	{r4, pc}
 8006ca8:	00000008 	.word	0x00000008
 8006cac:	5851f42d 	.word	0x5851f42d
 8006cb0:	4c957f2d 	.word	0x4c957f2d

08006cb4 <strncpy>:
 8006cb4:	b538      	push	{r3, r4, r5, lr}
 8006cb6:	ea40 0301 	orr.w	r3, r0, r1
 8006cba:	079b      	lsls	r3, r3, #30
 8006cbc:	4604      	mov	r4, r0
 8006cbe:	d122      	bne.n	8006d06 <strncpy+0x52>
 8006cc0:	2a03      	cmp	r2, #3
 8006cc2:	d920      	bls.n	8006d06 <strncpy+0x52>
 8006cc4:	468c      	mov	ip, r1
 8006cc6:	f8dc 5000 	ldr.w	r5, [ip]
 8006cca:	f1a5 3301 	sub.w	r3, r5, #16843009	@ 0x1010101
 8006cce:	ea23 0305 	bic.w	r3, r3, r5
 8006cd2:	f013 3f80 	tst.w	r3, #2155905152	@ 0x80808080
 8006cd6:	4661      	mov	r1, ip
 8006cd8:	f10c 0c04 	add.w	ip, ip, #4
 8006cdc:	d114      	bne.n	8006d08 <strncpy+0x54>
 8006cde:	3a04      	subs	r2, #4
 8006ce0:	2a03      	cmp	r2, #3
 8006ce2:	f840 5b04 	str.w	r5, [r0], #4
 8006ce6:	d8ee      	bhi.n	8006cc6 <strncpy+0x12>
 8006ce8:	4661      	mov	r1, ip
 8006cea:	1e4b      	subs	r3, r1, #1
 8006cec:	b14a      	cbz	r2, 8006d02 <strncpy+0x4e>
 8006cee:	f813 1f01 	ldrb.w	r1, [r3, #1]!
 8006cf2:	f800 1b01 	strb.w	r1, [r0], #1
 8006cf6:	3a01      	subs	r2, #1
 8006cf8:	2900      	cmp	r1, #0
 8006cfa:	d1f7      	bne.n	8006cec <strncpy+0x38>
 8006cfc:	b10a      	cbz	r2, 8006d02 <strncpy+0x4e>
 8006cfe:	f7ff ff5b 	bl	8006bb8 <memset>
 8006d02:	4620      	mov	r0, r4
 8006d04:	bd38      	pop	{r3, r4, r5, pc}
 8006d06:	4620      	mov	r0, r4
 8006d08:	1e4b      	subs	r3, r1, #1
 8006d0a:	e7ef      	b.n	8006cec <strncpy+0x38>

08006d0c <strnlen>:
 8006d0c:	b171      	cbz	r1, 8006d2c <strnlen+0x20>
 8006d0e:	4603      	mov	r3, r0
 8006d10:	eb01 0c00 	add.w	ip, r1, r0
 8006d14:	e001      	b.n	8006d1a <strnlen+0xe>
 8006d16:	4563      	cmp	r3, ip
 8006d18:	d006      	beq.n	8006d28 <strnlen+0x1c>
 8006d1a:	461a      	mov	r2, r3
 8006d1c:	3301      	adds	r3, #1
 8006d1e:	7811      	ldrb	r1, [r2, #0]
 8006d20:	2900      	cmp	r1, #0
 8006d22:	d1f8      	bne.n	8006d16 <strnlen+0xa>
 8006d24:	1a10      	subs	r0, r2, r0
 8006d26:	4770      	bx	lr
 8006d28:	1a18      	subs	r0, r3, r0
 8006d2a:	4770      	bx	lr
 8006d2c:	4608      	mov	r0, r1
 8006d2e:	4770      	bx	lr

08006d30 <snprintf>:
 8006d30:	b40c      	push	{r2, r3}
 8006d32:	b530      	push	{r4, r5, lr}
 8006d34:	b08b      	sub	sp, #44	@ 0x2c
 8006d36:	460d      	mov	r5, r1
 8006d38:	2220      	movs	r2, #32
 8006d3a:	4604      	mov	r4, r0
 8006d3c:	2100      	movs	r1, #0
 8006d3e:	a802      	add	r0, sp, #8
 8006d40:	f7ff ff3a 	bl	8006bb8 <memset>
 8006d44:	4b13      	ldr	r3, [pc, #76]	@ (8006d94 <snprintf+0x64>)
 8006d46:	9303      	str	r3, [sp, #12]
 8006d48:	2202      	movs	r2, #2
 8006d4a:	2d00      	cmp	r5, #0
 8006d4c:	f88d 200a 	strb.w	r2, [sp, #10]
 8006d50:	9406      	str	r4, [sp, #24]
 8006d52:	db1d      	blt.n	8006d90 <snprintf+0x60>
 8006d54:	d010      	beq.n	8006d78 <snprintf+0x48>
 8006d56:	3d01      	subs	r5, #1
 8006d58:	442c      	add	r4, r5
 8006d5a:	aa0f      	add	r2, sp, #60	@ 0x3c
 8006d5c:	990e      	ldr	r1, [sp, #56]	@ 0x38
 8006d5e:	9201      	str	r2, [sp, #4]
 8006d60:	a802      	add	r0, sp, #8
 8006d62:	9407      	str	r4, [sp, #28]
 8006d64:	f000 f896 	bl	8006e94 <__l_vfprintf>
 8006d68:	9b06      	ldr	r3, [sp, #24]
 8006d6a:	2200      	movs	r2, #0
 8006d6c:	701a      	strb	r2, [r3, #0]
 8006d6e:	b00b      	add	sp, #44	@ 0x2c
 8006d70:	e8bd 4030 	ldmia.w	sp!, {r4, r5, lr}
 8006d74:	b002      	add	sp, #8
 8006d76:	4770      	bx	lr
 8006d78:	aa0f      	add	r2, sp, #60	@ 0x3c
 8006d7a:	990e      	ldr	r1, [sp, #56]	@ 0x38
 8006d7c:	9407      	str	r4, [sp, #28]
 8006d7e:	a802      	add	r0, sp, #8
 8006d80:	9201      	str	r2, [sp, #4]
 8006d82:	f000 f887 	bl	8006e94 <__l_vfprintf>
 8006d86:	b00b      	add	sp, #44	@ 0x2c
 8006d88:	e8bd 4030 	ldmia.w	sp!, {r4, r5, lr}
 8006d8c:	b002      	add	sp, #8
 8006d8e:	4770      	bx	lr
 8006d90:	2400      	movs	r4, #0
 8006d92:	e7e2      	b.n	8006d5a <snprintf+0x2a>
 8006d94:	08007849 	.word	0x08007849

08006d98 <__ultoa_invert>:
 8006d98:	b570      	push	{r4, r5, r6, lr}
 8006d9a:	f003 051f 	and.w	r5, r3, #31
 8006d9e:	2d08      	cmp	r5, #8
 8006da0:	4684      	mov	ip, r0
 8006da2:	468e      	mov	lr, r1
 8006da4:	d065      	beq.n	8006e72 <__ultoa_invert+0xda>
 8006da6:	f1c3 0337 	rsb	r3, r3, #55	@ 0x37
 8006daa:	2d10      	cmp	r5, #16
 8006dac:	b2dc      	uxtb	r4, r3
 8006dae:	4610      	mov	r0, r2
 8006db0:	d044      	beq.n	8006e3c <__ultoa_invert+0xa4>
 8006db2:	ea4f 039c 	mov.w	r3, ip, lsr #2
 8006db6:	ea4f 025c 	mov.w	r2, ip, lsr #1
 8006dba:	ea43 738e 	orr.w	r3, r3, lr, lsl #30
 8006dbe:	ea42 72ce 	orr.w	r2, r2, lr, lsl #31
 8006dc2:	189a      	adds	r2, r3, r2
 8006dc4:	ea4f 015e 	mov.w	r1, lr, lsr #1
 8006dc8:	eb41 019e 	adc.w	r1, r1, lr, lsr #2
 8006dcc:	0913      	lsrs	r3, r2, #4
 8006dce:	ea43 7301 	orr.w	r3, r3, r1, lsl #28
 8006dd2:	189a      	adds	r2, r3, r2
 8006dd4:	eb41 1111 	adc.w	r1, r1, r1, lsr #4
 8006dd8:	0a13      	lsrs	r3, r2, #8
 8006dda:	ea43 6301 	orr.w	r3, r3, r1, lsl #24
 8006dde:	189a      	adds	r2, r3, r2
 8006de0:	eb41 2111 	adc.w	r1, r1, r1, lsr #8
 8006de4:	0c13      	lsrs	r3, r2, #16
 8006de6:	ea43 4301 	orr.w	r3, r3, r1, lsl #16
 8006dea:	189b      	adds	r3, r3, r2
 8006dec:	eb41 4111 	adc.w	r1, r1, r1, lsr #16
 8006df0:	18cb      	adds	r3, r1, r3
 8006df2:	fa5f f28c 	uxtb.w	r2, ip
 8006df6:	f141 0100 	adc.w	r1, r1, #0
 8006dfa:	ea4f 0cd3 	mov.w	ip, r3, lsr #3
 8006dfe:	ea4c 7c41 	orr.w	ip, ip, r1, lsl #29
 8006e02:	eb0c 038c 	add.w	r3, ip, ip, lsl #2
 8006e06:	eba2 0343 	sub.w	r3, r2, r3, lsl #1
 8006e0a:	b2db      	uxtb	r3, r3
 8006e0c:	f1a3 020a 	sub.w	r2, r3, #10
 8006e10:	b2d2      	uxtb	r2, r2
 8006e12:	18a5      	adds	r5, r4, r2
 8006e14:	2b09      	cmp	r3, #9
 8006e16:	f103 0630 	add.w	r6, r3, #48	@ 0x30
 8006e1a:	ea4f 0ed1 	mov.w	lr, r1, lsr #3
 8006e1e:	f105 0530 	add.w	r5, r5, #48	@ 0x30
 8006e22:	d920      	bls.n	8006e66 <__ultoa_invert+0xce>
 8006e24:	f11c 0c01 	adds.w	ip, ip, #1
 8006e28:	f14e 0e00 	adc.w	lr, lr, #0
 8006e2c:	2a09      	cmp	r2, #9
 8006e2e:	bf9a      	itte	ls
 8006e30:	3326      	addls	r3, #38	@ 0x26
 8006e32:	f800 3b01 	strbls.w	r3, [r0], #1
 8006e36:	f800 5b01 	strbhi.w	r5, [r0], #1
 8006e3a:	e7ba      	b.n	8006db2 <__ultoa_invert+0x1a>
 8006e3c:	f00c 030f 	and.w	r3, ip, #15
 8006e40:	2b09      	cmp	r3, #9
 8006e42:	bf88      	it	hi
 8006e44:	191b      	addhi	r3, r3, r4
 8006e46:	ea4f 121c 	mov.w	r2, ip, lsr #4
 8006e4a:	ea42 720e 	orr.w	r2, r2, lr, lsl #28
 8006e4e:	ea4f 111e 	mov.w	r1, lr, lsr #4
 8006e52:	bf88      	it	hi
 8006e54:	b2db      	uxtbhi	r3, r3
 8006e56:	4694      	mov	ip, r2
 8006e58:	3330      	adds	r3, #48	@ 0x30
 8006e5a:	430a      	orrs	r2, r1
 8006e5c:	f800 3b01 	strb.w	r3, [r0], #1
 8006e60:	468e      	mov	lr, r1
 8006e62:	d1eb      	bne.n	8006e3c <__ultoa_invert+0xa4>
 8006e64:	bd70      	pop	{r4, r5, r6, pc}
 8006e66:	ea5c 030e 	orrs.w	r3, ip, lr
 8006e6a:	f800 6b01 	strb.w	r6, [r0], #1
 8006e6e:	d1a0      	bne.n	8006db2 <__ultoa_invert+0x1a>
 8006e70:	bd70      	pop	{r4, r5, r6, pc}
 8006e72:	4610      	mov	r0, r2
 8006e74:	f00c 0307 	and.w	r3, ip, #7
 8006e78:	ea4f 0cdc 	mov.w	ip, ip, lsr #3
 8006e7c:	ea4c 7c4e 	orr.w	ip, ip, lr, lsl #29
 8006e80:	3330      	adds	r3, #48	@ 0x30
 8006e82:	ea4f 0ede 	mov.w	lr, lr, lsr #3
 8006e86:	f800 3b01 	strb.w	r3, [r0], #1
 8006e8a:	ea5c 030e 	orrs.w	r3, ip, lr
 8006e8e:	d1f1      	bne.n	8006e74 <__ultoa_invert+0xdc>
 8006e90:	bd70      	pop	{r4, r5, r6, pc}
 8006e92:	bf00      	nop

08006e94 <__l_vfprintf>:
 8006e94:	e92d 4ff0 	stmdb	sp!, {r4, r5, r6, r7, r8, r9, sl, fp, lr}
 8006e98:	7883      	ldrb	r3, [r0, #2]
 8006e9a:	f8d0 9004 	ldr.w	r9, [r0, #4]
 8006e9e:	079f      	lsls	r7, r3, #30
 8006ea0:	b08b      	sub	sp, #44	@ 0x2c
 8006ea2:	f140 8132 	bpl.w	800710a <__l_vfprintf+0x276>
 8006ea6:	460b      	mov	r3, r1
 8006ea8:	4680      	mov	r8, r0
 8006eaa:	f813 0b01 	ldrb.w	r0, [r3], #1
 8006eae:	460c      	mov	r4, r1
 8006eb0:	2800      	cmp	r0, #0
 8006eb2:	f000 83d8 	beq.w	8007666 <__l_vfprintf+0x7d2>
 8006eb6:	2500      	movs	r5, #0
 8006eb8:	9200      	str	r2, [sp, #0]
 8006eba:	e00d      	b.n	8006ed8 <__l_vfprintf+0x44>
 8006ebc:	461c      	mov	r4, r3
 8006ebe:	4641      	mov	r1, r8
 8006ec0:	47c8      	blx	r9
 8006ec2:	2800      	cmp	r0, #0
 8006ec4:	f105 0501 	add.w	r5, r5, #1
 8006ec8:	f2c0 8119 	blt.w	80070fe <__l_vfprintf+0x26a>
 8006ecc:	4623      	mov	r3, r4
 8006ece:	f813 0b01 	ldrb.w	r0, [r3], #1
 8006ed2:	2800      	cmp	r0, #0
 8006ed4:	f000 811b 	beq.w	800710e <__l_vfprintf+0x27a>
 8006ed8:	2825      	cmp	r0, #37	@ 0x25
 8006eda:	d1ef      	bne.n	8006ebc <__l_vfprintf+0x28>
 8006edc:	7866      	ldrb	r6, [r4, #1]
 8006ede:	2e25      	cmp	r6, #37	@ 0x25
 8006ee0:	f104 0402 	add.w	r4, r4, #2
 8006ee4:	d0eb      	beq.n	8006ebe <__l_vfprintf+0x2a>
 8006ee6:	f04f 0b00 	mov.w	fp, #0
 8006eea:	46da      	mov	sl, fp
 8006eec:	465f      	mov	r7, fp
 8006eee:	2f1f      	cmp	r7, #31
 8006ef0:	d95d      	bls.n	8006fae <__l_vfprintf+0x11a>
 8006ef2:	2f7f      	cmp	r7, #127	@ 0x7f
 8006ef4:	f200 808a 	bhi.w	800700c <__l_vfprintf+0x178>
 8006ef8:	f1a6 0330 	sub.w	r3, r6, #48	@ 0x30
 8006efc:	2b09      	cmp	r3, #9
 8006efe:	d811      	bhi.n	8006f24 <__l_vfprintf+0x90>
 8006f00:	067e      	lsls	r6, r7, #25
 8006f02:	f100 8132 	bmi.w	800716a <__l_vfprintf+0x2d6>
 8006f06:	f814 6b01 	ldrb.w	r6, [r4], #1
 8006f0a:	eb0a 0a8a 	add.w	sl, sl, sl, lsl #2
 8006f0e:	eb03 0a4a 	add.w	sl, r3, sl, lsl #1
 8006f12:	f047 0720 	orr.w	r7, r7, #32
 8006f16:	f1a6 0330 	sub.w	r3, r6, #48	@ 0x30
 8006f1a:	2e00      	cmp	r6, #0
 8006f1c:	f000 80e1 	beq.w	80070e2 <__l_vfprintf+0x24e>
 8006f20:	2b09      	cmp	r3, #9
 8006f22:	d9f0      	bls.n	8006f06 <__l_vfprintf+0x72>
 8006f24:	2e2a      	cmp	r6, #42	@ 0x2a
 8006f26:	f000 810e 	beq.w	8007146 <__l_vfprintf+0x2b2>
 8006f2a:	2e2e      	cmp	r6, #46	@ 0x2e
 8006f2c:	f000 81c3 	beq.w	80072b6 <__l_vfprintf+0x422>
 8006f30:	f1a6 034c 	sub.w	r3, r6, #76	@ 0x4c
 8006f34:	2b2e      	cmp	r3, #46	@ 0x2e
 8006f36:	f200 8125 	bhi.w	8007184 <__l_vfprintf+0x2f0>
 8006f3a:	e8df f013 	tbh	[pc, r3, lsl #1]
 8006f3e:	0061      	.short	0x0061
 8006f40:	01230123 	.word	0x01230123
 8006f44:	01230123 	.word	0x01230123
 8006f48:	01230123 	.word	0x01230123
 8006f4c:	01230123 	.word	0x01230123
 8006f50:	01230123 	.word	0x01230123
 8006f54:	01230123 	.word	0x01230123
 8006f58:	01230123 	.word	0x01230123
 8006f5c:	01230123 	.word	0x01230123
 8006f60:	01230123 	.word	0x01230123
 8006f64:	01230123 	.word	0x01230123
 8006f68:	01230123 	.word	0x01230123
 8006f6c:	01230123 	.word	0x01230123
 8006f70:	01230123 	.word	0x01230123
 8006f74:	01510123 	.word	0x01510123
 8006f78:	00610123 	.word	0x00610123
 8006f7c:	015d0123 	.word	0x015d0123
 8006f80:	01230123 	.word	0x01230123
 8006f84:	01230123 	.word	0x01230123
 8006f88:	01230123 	.word	0x01230123
 8006f8c:	00cd0123 	.word	0x00cd0123
 8006f90:	01230123 	.word	0x01230123
 8006f94:	01230123 	.word	0x01230123
 8006f98:	00cd0123 	.word	0x00cd0123
 8006f9c:	f047 0702 	orr.w	r7, r7, #2
 8006fa0:	f814 6b01 	ldrb.w	r6, [r4], #1
 8006fa4:	f047 0704 	orr.w	r7, r7, #4
 8006fa8:	2e00      	cmp	r6, #0
 8006faa:	f000 809a 	beq.w	80070e2 <__l_vfprintf+0x24e>
 8006fae:	f1a6 0320 	sub.w	r3, r6, #32
 8006fb2:	2b10      	cmp	r3, #16
 8006fb4:	d8a0      	bhi.n	8006ef8 <__l_vfprintf+0x64>
 8006fb6:	a201      	add	r2, pc, #4	@ (adr r2, 8006fbc <__l_vfprintf+0x128>)
 8006fb8:	f852 f023 	ldr.w	pc, [r2, r3, lsl #2]
 8006fbc:	08006fa1 	.word	0x08006fa1
 8006fc0:	08006ef9 	.word	0x08006ef9
 8006fc4:	08006ef9 	.word	0x08006ef9
 8006fc8:	08007117 	.word	0x08007117
 8006fcc:	08006ef9 	.word	0x08006ef9
 8006fd0:	08006ef9 	.word	0x08006ef9
 8006fd4:	08006ef9 	.word	0x08006ef9
 8006fd8:	080070d9 	.word	0x080070d9
 8006fdc:	08006ef9 	.word	0x08006ef9
 8006fe0:	08006ef9 	.word	0x08006ef9
 8006fe4:	08006ef9 	.word	0x08006ef9
 8006fe8:	08006f9d 	.word	0x08006f9d
 8006fec:	08006ef9 	.word	0x08006ef9
 8006ff0:	08007137 	.word	0x08007137
 8006ff4:	08006ef9 	.word	0x08006ef9
 8006ff8:	08006ef9 	.word	0x08006ef9
 8006ffc:	08007127 	.word	0x08007127
 8007000:	f814 6b01 	ldrb.w	r6, [r4], #1
 8007004:	f447 7720 	orr.w	r7, r7, #640	@ 0x280
 8007008:	2e00      	cmp	r6, #0
 800700a:	d06a      	beq.n	80070e2 <__l_vfprintf+0x24e>
 800700c:	f1a6 034c 	sub.w	r3, r6, #76	@ 0x4c
 8007010:	2b2e      	cmp	r3, #46	@ 0x2e
 8007012:	f200 80b7 	bhi.w	8007184 <__l_vfprintf+0x2f0>
 8007016:	a201      	add	r2, pc, #4	@ (adr r2, 800701c <__l_vfprintf+0x188>)
 8007018:	f852 f023 	ldr.w	pc, [r2, r3, lsl #2]
 800701c:	08007001 	.word	0x08007001
 8007020:	08007185 	.word	0x08007185
 8007024:	08007185 	.word	0x08007185
 8007028:	08007185 	.word	0x08007185
 800702c:	08007185 	.word	0x08007185
 8007030:	08007185 	.word	0x08007185
 8007034:	08007185 	.word	0x08007185
 8007038:	08007185 	.word	0x08007185
 800703c:	08007185 	.word	0x08007185
 8007040:	08007185 	.word	0x08007185
 8007044:	08007185 	.word	0x08007185
 8007048:	08007185 	.word	0x08007185
 800704c:	08007185 	.word	0x08007185
 8007050:	08007185 	.word	0x08007185
 8007054:	08007185 	.word	0x08007185
 8007058:	08007185 	.word	0x08007185
 800705c:	08007185 	.word	0x08007185
 8007060:	08007185 	.word	0x08007185
 8007064:	08007185 	.word	0x08007185
 8007068:	08007185 	.word	0x08007185
 800706c:	08007185 	.word	0x08007185
 8007070:	08007185 	.word	0x08007185
 8007074:	08007185 	.word	0x08007185
 8007078:	08007185 	.word	0x08007185
 800707c:	08007185 	.word	0x08007185
 8007080:	08007185 	.word	0x08007185
 8007084:	08007185 	.word	0x08007185
 8007088:	08007185 	.word	0x08007185
 800708c:	080071d9 	.word	0x080071d9
 8007090:	08007185 	.word	0x08007185
 8007094:	08007001 	.word	0x08007001
 8007098:	08007185 	.word	0x08007185
 800709c:	080071f1 	.word	0x080071f1
 80070a0:	08007185 	.word	0x08007185
 80070a4:	08007185 	.word	0x08007185
 80070a8:	08007185 	.word	0x08007185
 80070ac:	08007185 	.word	0x08007185
 80070b0:	08007185 	.word	0x08007185
 80070b4:	08007185 	.word	0x08007185
 80070b8:	08007185 	.word	0x08007185
 80070bc:	080072cd 	.word	0x080072cd
 80070c0:	08007185 	.word	0x08007185
 80070c4:	08007185 	.word	0x08007185
 80070c8:	08007185 	.word	0x08007185
 80070cc:	08007185 	.word	0x08007185
 80070d0:	08007185 	.word	0x08007185
 80070d4:	080072cd 	.word	0x080072cd
 80070d8:	f814 6b01 	ldrb.w	r6, [r4], #1
 80070dc:	2e00      	cmp	r6, #0
 80070de:	f47f af06 	bne.w	8006eee <__l_vfprintf+0x5a>
 80070e2:	2600      	movs	r6, #0
 80070e4:	4641      	mov	r1, r8
 80070e6:	2025      	movs	r0, #37	@ 0x25
 80070e8:	47c8      	blx	r9
 80070ea:	2800      	cmp	r0, #0
 80070ec:	db07      	blt.n	80070fe <__l_vfprintf+0x26a>
 80070ee:	4630      	mov	r0, r6
 80070f0:	4641      	mov	r1, r8
 80070f2:	47c8      	blx	r9
 80070f4:	2800      	cmp	r0, #0
 80070f6:	f105 0502 	add.w	r5, r5, #2
 80070fa:	f6bf aee7 	bge.w	8006ecc <__l_vfprintf+0x38>
 80070fe:	f898 3002 	ldrb.w	r3, [r8, #2]
 8007102:	f043 0304 	orr.w	r3, r3, #4
 8007106:	f888 3002 	strb.w	r3, [r8, #2]
 800710a:	f04f 35ff 	mov.w	r5, #4294967295
 800710e:	4628      	mov	r0, r5
 8007110:	b00b      	add	sp, #44	@ 0x2c
 8007112:	e8bd 8ff0 	ldmia.w	sp!, {r4, r5, r6, r7, r8, r9, sl, fp, pc}
 8007116:	f814 6b01 	ldrb.w	r6, [r4], #1
 800711a:	f047 0710 	orr.w	r7, r7, #16
 800711e:	2e00      	cmp	r6, #0
 8007120:	f47f af45 	bne.w	8006fae <__l_vfprintf+0x11a>
 8007124:	e7dd      	b.n	80070e2 <__l_vfprintf+0x24e>
 8007126:	f814 6b01 	ldrb.w	r6, [r4], #1
 800712a:	f047 0701 	orr.w	r7, r7, #1
 800712e:	2e00      	cmp	r6, #0
 8007130:	f47f af3d 	bne.w	8006fae <__l_vfprintf+0x11a>
 8007134:	e7d5      	b.n	80070e2 <__l_vfprintf+0x24e>
 8007136:	f814 6b01 	ldrb.w	r6, [r4], #1
 800713a:	f047 0708 	orr.w	r7, r7, #8
 800713e:	2e00      	cmp	r6, #0
 8007140:	f47f af35 	bne.w	8006fae <__l_vfprintf+0x11a>
 8007144:	e7cd      	b.n	80070e2 <__l_vfprintf+0x24e>
 8007146:	9900      	ldr	r1, [sp, #0]
 8007148:	0678      	lsls	r0, r7, #25
 800714a:	f851 2b04 	ldr.w	r2, [r1], #4
 800714e:	f140 80c3 	bpl.w	80072d8 <__l_vfprintf+0x444>
 8007152:	f814 6b01 	ldrb.w	r6, [r4], #1
 8007156:	2e00      	cmp	r6, #0
 8007158:	f000 825d 	beq.w	8007616 <__l_vfprintf+0x782>
 800715c:	f1a6 0330 	sub.w	r3, r6, #48	@ 0x30
 8007160:	2b09      	cmp	r3, #9
 8007162:	9100      	str	r1, [sp, #0]
 8007164:	4693      	mov	fp, r2
 8007166:	f63f aedd 	bhi.w	8006f24 <__l_vfprintf+0x90>
 800716a:	f814 6b01 	ldrb.w	r6, [r4], #1
 800716e:	eb0b 0b8b 	add.w	fp, fp, fp, lsl #2
 8007172:	eb03 0b4b 	add.w	fp, r3, fp, lsl #1
 8007176:	2e00      	cmp	r6, #0
 8007178:	d0b3      	beq.n	80070e2 <__l_vfprintf+0x24e>
 800717a:	f1a6 0330 	sub.w	r3, r6, #48	@ 0x30
 800717e:	2b09      	cmp	r3, #9
 8007180:	d9f3      	bls.n	800716a <__l_vfprintf+0x2d6>
 8007182:	e6cf      	b.n	8006f24 <__l_vfprintf+0x90>
 8007184:	f046 0320 	orr.w	r3, r6, #32
 8007188:	f1bb 0f00 	cmp.w	fp, #0
 800718c:	f1a3 0265 	sub.w	r2, r3, #101	@ 0x65
 8007190:	da04      	bge.n	800719c <__l_vfprintf+0x308>
 8007192:	f027 0740 	bic.w	r7, r7, #64	@ 0x40
 8007196:	b2bf      	uxth	r7, r7
 8007198:	f04f 0b00 	mov.w	fp, #0
 800719c:	2a02      	cmp	r2, #2
 800719e:	d933      	bls.n	8007208 <__l_vfprintf+0x374>
 80071a0:	2b61      	cmp	r3, #97	@ 0x61
 80071a2:	d031      	beq.n	8007208 <__l_vfprintf+0x374>
 80071a4:	f1a6 0263 	sub.w	r2, r6, #99	@ 0x63
 80071a8:	2a12      	cmp	r2, #18
 80071aa:	f200 81fc 	bhi.w	80075a6 <__l_vfprintf+0x712>
 80071ae:	e8df f012 	tbh	[pc, r2, lsl #1]
 80071b2:	012e      	.short	0x012e
 80071b4:	01fa00a5 	.word	0x01fa00a5
 80071b8:	01fa01fa 	.word	0x01fa01fa
 80071bc:	00a501fa 	.word	0x00a501fa
 80071c0:	01fa01fa 	.word	0x01fa01fa
 80071c4:	01fa01fa 	.word	0x01fa01fa
 80071c8:	01f001fa 	.word	0x01f001fa
 80071cc:	01fa014e 	.word	0x01fa014e
 80071d0:	013801fa 	.word	0x013801fa
 80071d4:	00ef01fa 	.word	0x00ef01fa
 80071d8:	05fe      	lsls	r6, r7, #23
 80071da:	bf48      	it	mi
 80071dc:	f447 7700 	orrmi.w	r7, r7, #512	@ 0x200
 80071e0:	f814 6b01 	ldrb.w	r6, [r4], #1
 80071e4:	f447 7780 	orr.w	r7, r7, #256	@ 0x100
 80071e8:	2e00      	cmp	r6, #0
 80071ea:	f47f af0f 	bne.w	800700c <__l_vfprintf+0x178>
 80071ee:	e778      	b.n	80070e2 <__l_vfprintf+0x24e>
 80071f0:	063b      	lsls	r3, r7, #24
 80071f2:	bf48      	it	mi
 80071f4:	f447 7700 	orrmi.w	r7, r7, #512	@ 0x200
 80071f8:	f814 6b01 	ldrb.w	r6, [r4], #1
 80071fc:	f047 0780 	orr.w	r7, r7, #128	@ 0x80
 8007200:	2e00      	cmp	r6, #0
 8007202:	f47f af03 	bne.w	800700c <__l_vfprintf+0x178>
 8007206:	e76c      	b.n	80070e2 <__l_vfprintf+0x24e>
 8007208:	9b00      	ldr	r3, [sp, #0]
 800720a:	f103 0b07 	add.w	fp, r3, #7
 800720e:	f02b 0b07 	bic.w	fp, fp, #7
 8007212:	f10b 0308 	add.w	r3, fp, #8
 8007216:	9300      	str	r3, [sp, #0]
 8007218:	4bba      	ldr	r3, [pc, #744]	@ (8007504 <__l_vfprintf+0x670>)
 800721a:	f04f 0b07 	mov.w	fp, #7
 800721e:	0738      	lsls	r0, r7, #28
 8007220:	4651      	mov	r1, sl
 8007222:	d418      	bmi.n	8007256 <__l_vfprintf+0x3c2>
 8007224:	45d3      	cmp	fp, sl
 8007226:	d216      	bcs.n	8007256 <__l_vfprintf+0x3c2>
 8007228:	464e      	mov	r6, r9
 800722a:	461f      	mov	r7, r3
 800722c:	46d1      	mov	r9, sl
 800722e:	e002      	b.n	8007236 <__l_vfprintf+0x3a2>
 8007230:	4583      	cmp	fp, r0
 8007232:	d208      	bcs.n	8007246 <__l_vfprintf+0x3b2>
 8007234:	4682      	mov	sl, r0
 8007236:	4641      	mov	r1, r8
 8007238:	2020      	movs	r0, #32
 800723a:	47b0      	blx	r6
 800723c:	2800      	cmp	r0, #0
 800723e:	f10a 30ff 	add.w	r0, sl, #4294967295
 8007242:	daf5      	bge.n	8007230 <__l_vfprintf+0x39c>
 8007244:	e75b      	b.n	80070fe <__l_vfprintf+0x26a>
 8007246:	4649      	mov	r1, r9
 8007248:	3501      	adds	r5, #1
 800724a:	440d      	add	r5, r1
 800724c:	463b      	mov	r3, r7
 800724e:	46b1      	mov	r9, r6
 8007250:	eba5 050a 	sub.w	r5, r5, sl
 8007254:	4601      	mov	r1, r0
 8007256:	461e      	mov	r6, r3
 8007258:	eb03 070b 	add.w	r7, r3, fp
 800725c:	9401      	str	r4, [sp, #4]
 800725e:	464c      	mov	r4, r9
 8007260:	4699      	mov	r9, r3
 8007262:	462b      	mov	r3, r5
 8007264:	468a      	mov	sl, r1
 8007266:	4635      	mov	r5, r6
 8007268:	461e      	mov	r6, r3
 800726a:	e005      	b.n	8007278 <__l_vfprintf+0x3e4>
 800726c:	f815 0b01 	ldrb.w	r0, [r5], #1
 8007270:	47a0      	blx	r4
 8007272:	2800      	cmp	r0, #0
 8007274:	f6ff af43 	blt.w	80070fe <__l_vfprintf+0x26a>
 8007278:	42bd      	cmp	r5, r7
 800727a:	4641      	mov	r1, r8
 800727c:	d1f6      	bne.n	800726c <__l_vfprintf+0x3d8>
 800727e:	464b      	mov	r3, r9
 8007280:	4632      	mov	r2, r6
 8007282:	46a1      	mov	r9, r4
 8007284:	462e      	mov	r6, r5
 8007286:	1ad3      	subs	r3, r2, r3
 8007288:	9c01      	ldr	r4, [sp, #4]
 800728a:	441e      	add	r6, r3
 800728c:	ebaa 0a0b 	sub.w	sl, sl, fp
 8007290:	4635      	mov	r5, r6
 8007292:	44b2      	add	sl, r6
 8007294:	464e      	mov	r6, r9
 8007296:	e005      	b.n	80072a4 <__l_vfprintf+0x410>
 8007298:	47b0      	blx	r6
 800729a:	2800      	cmp	r0, #0
 800729c:	f105 0501 	add.w	r5, r5, #1
 80072a0:	f6ff af2d 	blt.w	80070fe <__l_vfprintf+0x26a>
 80072a4:	ebaa 0305 	sub.w	r3, sl, r5
 80072a8:	2b00      	cmp	r3, #0
 80072aa:	4641      	mov	r1, r8
 80072ac:	f04f 0020 	mov.w	r0, #32
 80072b0:	dcf2      	bgt.n	8007298 <__l_vfprintf+0x404>
 80072b2:	46b1      	mov	r9, r6
 80072b4:	e60a      	b.n	8006ecc <__l_vfprintf+0x38>
 80072b6:	067a      	lsls	r2, r7, #25
 80072b8:	f53f af29 	bmi.w	800710e <__l_vfprintf+0x27a>
 80072bc:	f814 6b01 	ldrb.w	r6, [r4], #1
 80072c0:	f047 0740 	orr.w	r7, r7, #64	@ 0x40
 80072c4:	2e00      	cmp	r6, #0
 80072c6:	f47f af58 	bne.w	800717a <__l_vfprintf+0x2e6>
 80072ca:	e70a      	b.n	80070e2 <__l_vfprintf+0x24e>
 80072cc:	f814 6b01 	ldrb.w	r6, [r4], #1
 80072d0:	2e00      	cmp	r6, #0
 80072d2:	f47f ae0e 	bne.w	8006ef2 <__l_vfprintf+0x5e>
 80072d6:	e704      	b.n	80070e2 <__l_vfprintf+0x24e>
 80072d8:	2a00      	cmp	r2, #0
 80072da:	f2c0 8122 	blt.w	8007522 <__l_vfprintf+0x68e>
 80072de:	f814 6b01 	ldrb.w	r6, [r4], #1
 80072e2:	f047 0720 	orr.w	r7, r7, #32
 80072e6:	2e00      	cmp	r6, #0
 80072e8:	f000 8195 	beq.w	8007616 <__l_vfprintf+0x782>
 80072ec:	f1a6 0330 	sub.w	r3, r6, #48	@ 0x30
 80072f0:	2b09      	cmp	r3, #9
 80072f2:	9100      	str	r1, [sp, #0]
 80072f4:	4692      	mov	sl, r2
 80072f6:	f67f ae06 	bls.w	8006f06 <__l_vfprintf+0x72>
 80072fa:	e613      	b.n	8006f24 <__l_vfprintf+0x90>
 80072fc:	063a      	lsls	r2, r7, #24
 80072fe:	9b00      	ldr	r3, [sp, #0]
 8007300:	f100 813b 	bmi.w	800757a <__l_vfprintf+0x6e6>
 8007304:	461a      	mov	r2, r3
 8007306:	05f9      	lsls	r1, r7, #23
 8007308:	f852 3b04 	ldr.w	r3, [r2], #4
 800730c:	9201      	str	r2, [sp, #4]
 800730e:	f100 81fd 	bmi.w	800770c <__l_vfprintf+0x878>
 8007312:	4618      	mov	r0, r3
 8007314:	17db      	asrs	r3, r3, #31
 8007316:	f027 0110 	bic.w	r1, r7, #16
 800731a:	b28a      	uxth	r2, r1
 800731c:	2b00      	cmp	r3, #0
 800731e:	9200      	str	r2, [sp, #0]
 8007320:	f2c0 8186 	blt.w	8007630 <__l_vfprintf+0x79c>
 8007324:	ea50 0103 	orrs.w	r1, r0, r3
 8007328:	f040 825e 	bne.w	80077e8 <__l_vfprintf+0x954>
 800732c:	067b      	lsls	r3, r7, #25
 800732e:	f140 81d5 	bpl.w	80076dc <__l_vfprintf+0x848>
 8007332:	f1bb 0f00 	cmp.w	fp, #0
 8007336:	f040 8216 	bne.w	8007766 <__l_vfprintf+0x8d2>
 800733a:	f027 0711 	bic.w	r7, r7, #17
 800733e:	b2bb      	uxth	r3, r7
 8007340:	9300      	str	r3, [sp, #0]
 8007342:	4659      	mov	r1, fp
 8007344:	465b      	mov	r3, fp
 8007346:	f8dd c000 	ldr.w	ip, [sp]
 800734a:	f240 4706 	movw	r7, #1030	@ 0x406
 800734e:	f00c 0008 	and.w	r0, ip, #8
 8007352:	ea1c 0f07 	tst.w	ip, r7
 8007356:	4602      	mov	r2, r0
 8007358:	f000 826d 	beq.w	8007836 <__l_vfprintf+0x9a2>
 800735c:	3101      	adds	r1, #1
 800735e:	2800      	cmp	r0, #0
 8007360:	f000 81c7 	beq.w	80076f2 <__l_vfprintf+0x85e>
 8007364:	ebaa 0a01 	sub.w	sl, sl, r1
 8007368:	9302      	str	r3, [sp, #8]
 800736a:	9b00      	ldr	r3, [sp, #0]
 800736c:	f013 0f02 	tst.w	r3, #2
 8007370:	bf14      	ite	ne
 8007372:	202b      	movne	r0, #43	@ 0x2b
 8007374:	2020      	moveq	r0, #32
 8007376:	f413 6f80 	tst.w	r3, #1024	@ 0x400
 800737a:	bf18      	it	ne
 800737c:	202d      	movne	r0, #45	@ 0x2d
 800737e:	4641      	mov	r1, r8
 8007380:	47c8      	blx	r9
 8007382:	2800      	cmp	r0, #0
 8007384:	9b02      	ldr	r3, [sp, #8]
 8007386:	f105 0601 	add.w	r6, r5, #1
 800738a:	f280 80b1 	bge.w	80074f0 <__l_vfprintf+0x65c>
 800738e:	e6b6      	b.n	80070fe <__l_vfprintf+0x26a>
 8007390:	f027 0710 	bic.w	r7, r7, #16
 8007394:	b2bf      	uxth	r7, r7
 8007396:	230a      	movs	r3, #10
 8007398:	f017 0280 	ands.w	r2, r7, #128	@ 0x80
 800739c:	d05c      	beq.n	8007458 <__l_vfprintf+0x5c4>
 800739e:	f417 7100 	ands.w	r1, r7, #512	@ 0x200
 80073a2:	9a00      	ldr	r2, [sp, #0]
 80073a4:	f000 80cc 	beq.w	8007540 <__l_vfprintf+0x6ac>
 80073a8:	3207      	adds	r2, #7
 80073aa:	f022 0207 	bic.w	r2, r2, #7
 80073ae:	6851      	ldr	r1, [r2, #4]
 80073b0:	f852 0b08 	ldr.w	r0, [r2], #8
 80073b4:	9201      	str	r2, [sp, #4]
 80073b6:	f007 0c40 	and.w	ip, r7, #64	@ 0x40
 80073ba:	ea50 0201 	orrs.w	r2, r0, r1
 80073be:	f8cd c000 	str.w	ip, [sp]
 80073c2:	d16c      	bne.n	800749e <__l_vfprintf+0x60a>
 80073c4:	4662      	mov	r2, ip
 80073c6:	2a00      	cmp	r2, #0
 80073c8:	d054      	beq.n	8007474 <__l_vfprintf+0x5e0>
 80073ca:	f1bb 0f00 	cmp.w	fp, #0
 80073ce:	f040 80bb 	bne.w	8007548 <__l_vfprintf+0x6b4>
 80073d2:	073b      	lsls	r3, r7, #28
 80073d4:	f140 81d1 	bpl.w	800777a <__l_vfprintf+0x8e6>
 80073d8:	465b      	mov	r3, fp
 80073da:	aa04      	add	r2, sp, #16
 80073dc:	18d6      	adds	r6, r2, r3
 80073de:	4623      	mov	r3, r4
 80073e0:	4637      	mov	r7, r6
 80073e2:	464c      	mov	r4, r9
 80073e4:	4693      	mov	fp, r2
 80073e6:	4699      	mov	r9, r3
 80073e8:	e005      	b.n	80073f6 <__l_vfprintf+0x562>
 80073ea:	f817 0d01 	ldrb.w	r0, [r7, #-1]!
 80073ee:	47a0      	blx	r4
 80073f0:	2800      	cmp	r0, #0
 80073f2:	f6ff ae84 	blt.w	80070fe <__l_vfprintf+0x26a>
 80073f6:	45bb      	cmp	fp, r7
 80073f8:	4641      	mov	r1, r8
 80073fa:	d1f6      	bne.n	80073ea <__l_vfprintf+0x556>
 80073fc:	464b      	mov	r3, r9
 80073fe:	465a      	mov	r2, fp
 8007400:	46a1      	mov	r9, r4
 8007402:	442e      	add	r6, r5
 8007404:	461c      	mov	r4, r3
 8007406:	9b01      	ldr	r3, [sp, #4]
 8007408:	9300      	str	r3, [sp, #0]
 800740a:	1ab6      	subs	r6, r6, r2
 800740c:	e740      	b.n	8007290 <__l_vfprintf+0x3fc>
 800740e:	9a00      	ldr	r2, [sp, #0]
 8007410:	f852 3b04 	ldr.w	r3, [r2], #4
 8007414:	f88d 3010 	strb.w	r3, [sp, #16]
 8007418:	f04f 0b01 	mov.w	fp, #1
 800741c:	9200      	str	r2, [sp, #0]
 800741e:	ab04      	add	r3, sp, #16
 8007420:	e6fd      	b.n	800721e <__l_vfprintf+0x38a>
 8007422:	9e00      	ldr	r6, [sp, #0]
 8007424:	4a38      	ldr	r2, [pc, #224]	@ (8007508 <__l_vfprintf+0x674>)
 8007426:	f856 3b04 	ldr.w	r3, [r6], #4
 800742a:	2b00      	cmp	r3, #0
 800742c:	bf08      	it	eq
 800742e:	4613      	moveq	r3, r2
 8007430:	f017 0f40 	tst.w	r7, #64	@ 0x40
 8007434:	bf18      	it	ne
 8007436:	4659      	movne	r1, fp
 8007438:	4618      	mov	r0, r3
 800743a:	bf08      	it	eq
 800743c:	f04f 31ff 	moveq.w	r1, #4294967295
 8007440:	9301      	str	r3, [sp, #4]
 8007442:	f7ff fc63 	bl	8006d0c <strnlen>
 8007446:	9b01      	ldr	r3, [sp, #4]
 8007448:	9600      	str	r6, [sp, #0]
 800744a:	4683      	mov	fp, r0
 800744c:	e6e7      	b.n	800721e <__l_vfprintf+0x38a>
 800744e:	f047 0710 	orr.w	r7, r7, #16
 8007452:	2310      	movs	r3, #16
 8007454:	2678      	movs	r6, #120	@ 0x78
 8007456:	e79f      	b.n	8007398 <__l_vfprintf+0x504>
 8007458:	9900      	ldr	r1, [sp, #0]
 800745a:	f851 0b04 	ldr.w	r0, [r1], #4
 800745e:	9101      	str	r1, [sp, #4]
 8007460:	f417 7180 	ands.w	r1, r7, #256	@ 0x100
 8007464:	d0a7      	beq.n	80073b6 <__l_vfprintf+0x522>
 8007466:	f417 7100 	ands.w	r1, r7, #512	@ 0x200
 800746a:	bf1a      	itte	ne
 800746c:	b2c0      	uxtbne	r0, r0
 800746e:	4611      	movne	r1, r2
 8007470:	b280      	uxtheq	r0, r0
 8007472:	e7a0      	b.n	80073b6 <__l_vfprintf+0x522>
 8007474:	f027 0716 	bic.w	r7, r7, #22
 8007478:	b2ba      	uxth	r2, r7
 800747a:	9200      	str	r2, [sp, #0]
 800747c:	2000      	movs	r0, #0
 800747e:	aa04      	add	r2, sp, #16
 8007480:	2100      	movs	r1, #0
 8007482:	9202      	str	r2, [sp, #8]
 8007484:	f7ff fc88 	bl	8006d98 <__ultoa_invert>
 8007488:	9a02      	ldr	r2, [sp, #8]
 800748a:	1a83      	subs	r3, r0, r2
 800748c:	9900      	ldr	r1, [sp, #0]
 800748e:	f011 0108 	ands.w	r1, r1, #8
 8007492:	f000 8090 	beq.w	80075b6 <__l_vfprintf+0x722>
 8007496:	ebaa 0a03 	sub.w	sl, sl, r3
 800749a:	462e      	mov	r6, r5
 800749c:	e028      	b.n	80074f0 <__l_vfprintf+0x65c>
 800749e:	aa04      	add	r2, sp, #16
 80074a0:	9202      	str	r2, [sp, #8]
 80074a2:	f7ff fc79 	bl	8006d98 <__ultoa_invert>
 80074a6:	9a02      	ldr	r2, [sp, #8]
 80074a8:	9900      	ldr	r1, [sp, #0]
 80074aa:	1a83      	subs	r3, r0, r2
 80074ac:	2900      	cmp	r1, #0
 80074ae:	d073      	beq.n	8007598 <__l_vfprintf+0x704>
 80074b0:	f027 0107 	bic.w	r1, r7, #7
 80074b4:	b289      	uxth	r1, r1
 80074b6:	455b      	cmp	r3, fp
 80074b8:	9100      	str	r1, [sp, #0]
 80074ba:	f2c0 80d6 	blt.w	800766a <__l_vfprintf+0x7d6>
 80074be:	06f9      	lsls	r1, r7, #27
 80074c0:	f140 813f 	bpl.w	8007742 <__l_vfprintf+0x8ae>
 80074c4:	9a00      	ldr	r2, [sp, #0]
 80074c6:	f002 0208 	and.w	r2, r2, #8
 80074ca:	2e00      	cmp	r6, #0
 80074cc:	f040 80a9 	bne.w	8007622 <__l_vfprintf+0x78e>
 80074d0:	1c59      	adds	r1, r3, #1
 80074d2:	2a00      	cmp	r2, #0
 80074d4:	f000 8123 	beq.w	800771e <__l_vfprintf+0x88a>
 80074d8:	ebaa 0a01 	sub.w	sl, sl, r1
 80074dc:	2030      	movs	r0, #48	@ 0x30
 80074de:	4641      	mov	r1, r8
 80074e0:	9300      	str	r3, [sp, #0]
 80074e2:	47c8      	blx	r9
 80074e4:	2800      	cmp	r0, #0
 80074e6:	9b00      	ldr	r3, [sp, #0]
 80074e8:	f105 0601 	add.w	r6, r5, #1
 80074ec:	f6ff ae07 	blt.w	80070fe <__l_vfprintf+0x26a>
 80074f0:	459b      	cmp	fp, r3
 80074f2:	f340 817e 	ble.w	80077f2 <__l_vfprintf+0x95e>
 80074f6:	eb0b 0506 	add.w	r5, fp, r6
 80074fa:	464f      	mov	r7, r9
 80074fc:	1aed      	subs	r5, r5, r3
 80074fe:	4699      	mov	r9, r3
 8007500:	e007      	b.n	8007512 <__l_vfprintf+0x67e>
 8007502:	bf00      	nop
 8007504:	0800b45c 	.word	0x0800b45c
 8007508:	0800b454 	.word	0x0800b454
 800750c:	42ae      	cmp	r6, r5
 800750e:	f000 8084 	beq.w	800761a <__l_vfprintf+0x786>
 8007512:	4641      	mov	r1, r8
 8007514:	2030      	movs	r0, #48	@ 0x30
 8007516:	47b8      	blx	r7
 8007518:	2800      	cmp	r0, #0
 800751a:	f106 0601 	add.w	r6, r6, #1
 800751e:	daf5      	bge.n	800750c <__l_vfprintf+0x678>
 8007520:	e5ed      	b.n	80070fe <__l_vfprintf+0x26a>
 8007522:	f814 6b01 	ldrb.w	r6, [r4], #1
 8007526:	f1c2 0a00 	rsb	sl, r2, #0
 800752a:	f047 0728 	orr.w	r7, r7, #40	@ 0x28
 800752e:	2e00      	cmp	r6, #0
 8007530:	d071      	beq.n	8007616 <__l_vfprintf+0x782>
 8007532:	f1a6 0330 	sub.w	r3, r6, #48	@ 0x30
 8007536:	2b09      	cmp	r3, #9
 8007538:	9100      	str	r1, [sp, #0]
 800753a:	f67f ace4 	bls.w	8006f06 <__l_vfprintf+0x72>
 800753e:	e4f1      	b.n	8006f24 <__l_vfprintf+0x90>
 8007540:	f852 0b04 	ldr.w	r0, [r2], #4
 8007544:	9201      	str	r2, [sp, #4]
 8007546:	e736      	b.n	80073b6 <__l_vfprintf+0x522>
 8007548:	aa04      	add	r2, sp, #16
 800754a:	2100      	movs	r1, #0
 800754c:	2000      	movs	r0, #0
 800754e:	9200      	str	r2, [sp, #0]
 8007550:	f7ff fc22 	bl	8006d98 <__ultoa_invert>
 8007554:	9a00      	ldr	r2, [sp, #0]
 8007556:	f027 0117 	bic.w	r1, r7, #23
 800755a:	1a83      	subs	r3, r0, r2
 800755c:	b289      	uxth	r1, r1
 800755e:	459b      	cmp	fp, r3
 8007560:	9100      	str	r1, [sp, #0]
 8007562:	f340 80ee 	ble.w	8007742 <__l_vfprintf+0x8ae>
 8007566:	2e00      	cmp	r6, #0
 8007568:	f040 8127 	bne.w	80077ba <__l_vfprintf+0x926>
 800756c:	0739      	lsls	r1, r7, #28
 800756e:	f140 8086 	bpl.w	800767e <__l_vfprintf+0x7ea>
 8007572:	ebaa 0a0b 	sub.w	sl, sl, fp
 8007576:	462e      	mov	r6, r5
 8007578:	e7bd      	b.n	80074f6 <__l_vfprintf+0x662>
 800757a:	05b8      	lsls	r0, r7, #22
 800757c:	f140 80da 	bpl.w	8007734 <__l_vfprintf+0x8a0>
 8007580:	3307      	adds	r3, #7
 8007582:	f023 0307 	bic.w	r3, r3, #7
 8007586:	461a      	mov	r2, r3
 8007588:	685b      	ldr	r3, [r3, #4]
 800758a:	f852 0b08 	ldr.w	r0, [r2], #8
 800758e:	9201      	str	r2, [sp, #4]
 8007590:	e6c1      	b.n	8007316 <__l_vfprintf+0x482>
 8007592:	2308      	movs	r3, #8
 8007594:	2600      	movs	r6, #0
 8007596:	e6ff      	b.n	8007398 <__l_vfprintf+0x504>
 8007598:	f027 0106 	bic.w	r1, r7, #6
 800759c:	b289      	uxth	r1, r1
 800759e:	9100      	str	r1, [sp, #0]
 80075a0:	06f9      	lsls	r1, r7, #27
 80075a2:	d48f      	bmi.n	80074c4 <__l_vfprintf+0x630>
 80075a4:	e772      	b.n	800748c <__l_vfprintf+0x5f8>
 80075a6:	2b78      	cmp	r3, #120	@ 0x78
 80075a8:	f47f ad9c 	bne.w	80070e4 <__l_vfprintf+0x250>
 80075ac:	f1c6 0378 	rsb	r3, r6, #120	@ 0x78
 80075b0:	f043 0310 	orr.w	r3, r3, #16
 80075b4:	e6f0      	b.n	8007398 <__l_vfprintf+0x504>
 80075b6:	9800      	ldr	r0, [sp, #0]
 80075b8:	07c0      	lsls	r0, r0, #31
 80075ba:	f140 8121 	bpl.w	8007800 <__l_vfprintf+0x96c>
 80075be:	459a      	cmp	sl, r3
 80075c0:	ebaa 0003 	sub.w	r0, sl, r3
 80075c4:	dd25      	ble.n	8007612 <__l_vfprintf+0x77e>
 80075c6:	eb03 0b00 	add.w	fp, r3, r0
 80075ca:	2900      	cmp	r1, #0
 80075cc:	f000 8120 	beq.w	8007810 <__l_vfprintf+0x97c>
 80075d0:	f04f 0a00 	mov.w	sl, #0
 80075d4:	4641      	mov	r1, r8
 80075d6:	2030      	movs	r0, #48	@ 0x30
 80075d8:	9300      	str	r3, [sp, #0]
 80075da:	47c8      	blx	r9
 80075dc:	2800      	cmp	r0, #0
 80075de:	f6ff ad8e 	blt.w	80070fe <__l_vfprintf+0x26a>
 80075e2:	9b00      	ldr	r3, [sp, #0]
 80075e4:	2e00      	cmp	r6, #0
 80075e6:	f000 80aa 	beq.w	800773e <__l_vfprintf+0x8aa>
 80075ea:	4630      	mov	r0, r6
 80075ec:	4641      	mov	r1, r8
 80075ee:	9300      	str	r3, [sp, #0]
 80075f0:	47c8      	blx	r9
 80075f2:	2800      	cmp	r0, #0
 80075f4:	9b00      	ldr	r3, [sp, #0]
 80075f6:	f105 0602 	add.w	r6, r5, #2
 80075fa:	f6bf af79 	bge.w	80074f0 <__l_vfprintf+0x65c>
 80075fe:	e57e      	b.n	80070fe <__l_vfprintf+0x26a>
 8007600:	9800      	ldr	r0, [sp, #0]
 8007602:	07c7      	lsls	r7, r0, #31
 8007604:	f140 810e 	bpl.w	8007824 <__l_vfprintf+0x990>
 8007608:	45d3      	cmp	fp, sl
 800760a:	ebaa 000b 	sub.w	r0, sl, fp
 800760e:	dbda      	blt.n	80075c6 <__l_vfprintf+0x732>
 8007610:	aa04      	add	r2, sp, #16
 8007612:	4682      	mov	sl, r0
 8007614:	e6e2      	b.n	80073dc <__l_vfprintf+0x548>
 8007616:	9100      	str	r1, [sp, #0]
 8007618:	e563      	b.n	80070e2 <__l_vfprintf+0x24e>
 800761a:	464b      	mov	r3, r9
 800761c:	aa04      	add	r2, sp, #16
 800761e:	46b9      	mov	r9, r7
 8007620:	e6dc      	b.n	80073dc <__l_vfprintf+0x548>
 8007622:	1c99      	adds	r1, r3, #2
 8007624:	2a00      	cmp	r2, #0
 8007626:	f000 8091 	beq.w	800774c <__l_vfprintf+0x8b8>
 800762a:	ebaa 0a01 	sub.w	sl, sl, r1
 800762e:	e7d1      	b.n	80075d4 <__l_vfprintf+0x740>
 8007630:	4240      	negs	r0, r0
 8007632:	eb63 0143 	sbc.w	r1, r3, r3, lsl #1
 8007636:	f442 6380 	orr.w	r3, r2, #1024	@ 0x400
 800763a:	9300      	str	r3, [sp, #0]
 800763c:	aa04      	add	r2, sp, #16
 800763e:	230a      	movs	r3, #10
 8007640:	9202      	str	r2, [sp, #8]
 8007642:	f7ff fba9 	bl	8006d98 <__ultoa_invert>
 8007646:	9a02      	ldr	r2, [sp, #8]
 8007648:	1a83      	subs	r3, r0, r2
 800764a:	9a00      	ldr	r2, [sp, #0]
 800764c:	0650      	lsls	r0, r2, #25
 800764e:	f140 80c4 	bpl.w	80077da <__l_vfprintf+0x946>
 8007652:	9a00      	ldr	r2, [sp, #0]
 8007654:	f022 0201 	bic.w	r2, r2, #1
 8007658:	b292      	uxth	r2, r2
 800765a:	459b      	cmp	fp, r3
 800765c:	4659      	mov	r1, fp
 800765e:	9200      	str	r2, [sp, #0]
 8007660:	bfb8      	it	lt
 8007662:	4619      	movlt	r1, r3
 8007664:	e66f      	b.n	8007346 <__l_vfprintf+0x4b2>
 8007666:	4605      	mov	r5, r0
 8007668:	e551      	b.n	800710e <__l_vfprintf+0x27a>
 800766a:	2e00      	cmp	r6, #0
 800766c:	f040 8090 	bne.w	8007790 <__l_vfprintf+0x8fc>
 8007670:	0738      	lsls	r0, r7, #28
 8007672:	f53f af7e 	bmi.w	8007572 <__l_vfprintf+0x6de>
 8007676:	f027 0717 	bic.w	r7, r7, #23
 800767a:	b2ba      	uxth	r2, r7
 800767c:	9200      	str	r2, [sp, #0]
 800767e:	4659      	mov	r1, fp
 8007680:	2600      	movs	r6, #0
 8007682:	458a      	cmp	sl, r1
 8007684:	f340 80d3 	ble.w	800782e <__l_vfprintf+0x99a>
 8007688:	e9cd 3402 	strd	r3, r4, [sp, #8]
 800768c:	462b      	mov	r3, r5
 800768e:	464c      	mov	r4, r9
 8007690:	460d      	mov	r5, r1
 8007692:	4689      	mov	r9, r1
 8007694:	461f      	mov	r7, r3
 8007696:	e002      	b.n	800769e <__l_vfprintf+0x80a>
 8007698:	4552      	cmp	r2, sl
 800769a:	da08      	bge.n	80076ae <__l_vfprintf+0x81a>
 800769c:	4615      	mov	r5, r2
 800769e:	4641      	mov	r1, r8
 80076a0:	2020      	movs	r0, #32
 80076a2:	47a0      	blx	r4
 80076a4:	2800      	cmp	r0, #0
 80076a6:	f105 0201 	add.w	r2, r5, #1
 80076aa:	daf5      	bge.n	8007698 <__l_vfprintf+0x804>
 80076ac:	e527      	b.n	80070fe <__l_vfprintf+0x26a>
 80076ae:	4638      	mov	r0, r7
 80076b0:	462f      	mov	r7, r5
 80076b2:	4605      	mov	r5, r0
 80076b4:	4649      	mov	r1, r9
 80076b6:	ebaa 0a02 	sub.w	sl, sl, r2
 80076ba:	3501      	adds	r5, #1
 80076bc:	9a00      	ldr	r2, [sp, #0]
 80076be:	1a6d      	subs	r5, r5, r1
 80076c0:	443d      	add	r5, r7
 80076c2:	06d7      	lsls	r7, r2, #27
 80076c4:	46a1      	mov	r9, r4
 80076c6:	e9dd 3402 	ldrd	r3, r4, [sp, #8]
 80076ca:	d483      	bmi.n	80075d4 <__l_vfprintf+0x740>
 80076cc:	4611      	mov	r1, r2
 80076ce:	f240 4206 	movw	r2, #1030	@ 0x406
 80076d2:	4211      	tst	r1, r2
 80076d4:	f47f ae48 	bne.w	8007368 <__l_vfprintf+0x4d4>
 80076d8:	462e      	mov	r6, r5
 80076da:	e709      	b.n	80074f0 <__l_vfprintf+0x65c>
 80076dc:	aa04      	add	r2, sp, #16
 80076de:	230a      	movs	r3, #10
 80076e0:	2100      	movs	r1, #0
 80076e2:	2000      	movs	r0, #0
 80076e4:	9202      	str	r2, [sp, #8]
 80076e6:	f7ff fb57 	bl	8006d98 <__ultoa_invert>
 80076ea:	9a02      	ldr	r2, [sp, #8]
 80076ec:	1a81      	subs	r1, r0, r2
 80076ee:	460b      	mov	r3, r1
 80076f0:	e629      	b.n	8007346 <__l_vfprintf+0x4b2>
 80076f2:	ea5f 77cc 	movs.w	r7, ip, lsl #31
 80076f6:	4660      	mov	r0, ip
 80076f8:	d532      	bpl.n	8007760 <__l_vfprintf+0x8cc>
 80076fa:	458a      	cmp	sl, r1
 80076fc:	ebaa 0001 	sub.w	r0, sl, r1
 8007700:	dd6d      	ble.n	80077de <__l_vfprintf+0x94a>
 8007702:	eb03 0b00 	add.w	fp, r3, r0
 8007706:	4610      	mov	r0, r2
 8007708:	4682      	mov	sl, r0
 800770a:	e62d      	b.n	8007368 <__l_vfprintf+0x4d4>
 800770c:	05ba      	lsls	r2, r7, #22
 800770e:	bf4b      	itete	mi
 8007710:	b258      	sxtbmi	r0, r3
 8007712:	b218      	sxthpl	r0, r3
 8007714:	f343 13c0 	sbfxmi	r3, r3, #7, #1
 8007718:	f343 33c0 	sbfxpl	r3, r3, #15, #1
 800771c:	e5fb      	b.n	8007316 <__l_vfprintf+0x482>
 800771e:	9a00      	ldr	r2, [sp, #0]
 8007720:	07d0      	lsls	r0, r2, #31
 8007722:	d556      	bpl.n	80077d2 <__l_vfprintf+0x93e>
 8007724:	4551      	cmp	r1, sl
 8007726:	ebaa 0201 	sub.w	r2, sl, r1
 800772a:	da5f      	bge.n	80077ec <__l_vfprintf+0x958>
 800772c:	eb03 0b02 	add.w	fp, r3, r2
 8007730:	46b2      	mov	sl, r6
 8007732:	e74f      	b.n	80075d4 <__l_vfprintf+0x740>
 8007734:	f853 0b04 	ldr.w	r0, [r3], #4
 8007738:	9301      	str	r3, [sp, #4]
 800773a:	17c3      	asrs	r3, r0, #31
 800773c:	e5eb      	b.n	8007316 <__l_vfprintf+0x482>
 800773e:	1c6e      	adds	r6, r5, #1
 8007740:	e6d6      	b.n	80074f0 <__l_vfprintf+0x65c>
 8007742:	0739      	lsls	r1, r7, #28
 8007744:	d56c      	bpl.n	8007820 <__l_vfprintf+0x98c>
 8007746:	ebaa 0a03 	sub.w	sl, sl, r3
 800774a:	e647      	b.n	80073dc <__l_vfprintf+0x548>
 800774c:	9a00      	ldr	r2, [sp, #0]
 800774e:	07d2      	lsls	r2, r2, #31
 8007750:	d552      	bpl.n	80077f8 <__l_vfprintf+0x964>
 8007752:	4551      	cmp	r1, sl
 8007754:	ebaa 0001 	sub.w	r0, sl, r1
 8007758:	db44      	blt.n	80077e4 <__l_vfprintf+0x950>
 800775a:	4682      	mov	sl, r0
 800775c:	469b      	mov	fp, r3
 800775e:	e739      	b.n	80075d4 <__l_vfprintf+0x740>
 8007760:	458a      	cmp	sl, r1
 8007762:	dc91      	bgt.n	8007688 <__l_vfprintf+0x7f4>
 8007764:	e5fe      	b.n	8007364 <__l_vfprintf+0x4d0>
 8007766:	aa04      	add	r2, sp, #16
 8007768:	230a      	movs	r3, #10
 800776a:	2000      	movs	r0, #0
 800776c:	2100      	movs	r1, #0
 800776e:	9202      	str	r2, [sp, #8]
 8007770:	f7ff fb12 	bl	8006d98 <__ultoa_invert>
 8007774:	9a02      	ldr	r2, [sp, #8]
 8007776:	1a83      	subs	r3, r0, r2
 8007778:	e76b      	b.n	8007652 <__l_vfprintf+0x7be>
 800777a:	f1ba 0f00 	cmp.w	sl, #0
 800777e:	f77f ae2b 	ble.w	80073d8 <__l_vfprintf+0x544>
 8007782:	f027 0717 	bic.w	r7, r7, #23
 8007786:	b2bb      	uxth	r3, r7
 8007788:	9300      	str	r3, [sp, #0]
 800778a:	4659      	mov	r1, fp
 800778c:	465b      	mov	r3, fp
 800778e:	e77b      	b.n	8007688 <__l_vfprintf+0x7f4>
 8007790:	06fa      	lsls	r2, r7, #27
 8007792:	d540      	bpl.n	8007816 <__l_vfprintf+0x982>
 8007794:	0738      	lsls	r0, r7, #28
 8007796:	f10b 0102 	add.w	r1, fp, #2
 800779a:	f53f af46 	bmi.w	800762a <__l_vfprintf+0x796>
 800779e:	458a      	cmp	sl, r1
 80077a0:	f73f af72 	bgt.w	8007688 <__l_vfprintf+0x7f4>
 80077a4:	ebaa 0a01 	sub.w	sl, sl, r1
 80077a8:	2030      	movs	r0, #48	@ 0x30
 80077aa:	4641      	mov	r1, r8
 80077ac:	9300      	str	r3, [sp, #0]
 80077ae:	47c8      	blx	r9
 80077b0:	2800      	cmp	r0, #0
 80077b2:	9b00      	ldr	r3, [sp, #0]
 80077b4:	f6bf af19 	bge.w	80075ea <__l_vfprintf+0x756>
 80077b8:	e4a1      	b.n	80070fe <__l_vfprintf+0x26a>
 80077ba:	465a      	mov	r2, fp
 80077bc:	f001 0008 	and.w	r0, r1, #8
 80077c0:	b281      	uxth	r1, r0
 80077c2:	2800      	cmp	r0, #0
 80077c4:	f43f af1c 	beq.w	8007600 <__l_vfprintf+0x76c>
 80077c8:	ebaa 0a0b 	sub.w	sl, sl, fp
 80077cc:	462e      	mov	r6, r5
 80077ce:	4693      	mov	fp, r2
 80077d0:	e68e      	b.n	80074f0 <__l_vfprintf+0x65c>
 80077d2:	4551      	cmp	r1, sl
 80077d4:	f6ff af58 	blt.w	8007688 <__l_vfprintf+0x7f4>
 80077d8:	e67e      	b.n	80074d8 <__l_vfprintf+0x644>
 80077da:	4619      	mov	r1, r3
 80077dc:	e5b3      	b.n	8007346 <__l_vfprintf+0x4b2>
 80077de:	469b      	mov	fp, r3
 80077e0:	4682      	mov	sl, r0
 80077e2:	e5c1      	b.n	8007368 <__l_vfprintf+0x4d4>
 80077e4:	2110      	movs	r1, #16
 80077e6:	e6ee      	b.n	80075c6 <__l_vfprintf+0x732>
 80077e8:	4619      	mov	r1, r3
 80077ea:	e727      	b.n	800763c <__l_vfprintf+0x7a8>
 80077ec:	4692      	mov	sl, r2
 80077ee:	469b      	mov	fp, r3
 80077f0:	e6f0      	b.n	80075d4 <__l_vfprintf+0x740>
 80077f2:	4635      	mov	r5, r6
 80077f4:	aa04      	add	r2, sp, #16
 80077f6:	e5f1      	b.n	80073dc <__l_vfprintf+0x548>
 80077f8:	4551      	cmp	r1, sl
 80077fa:	f6ff af45 	blt.w	8007688 <__l_vfprintf+0x7f4>
 80077fe:	e714      	b.n	800762a <__l_vfprintf+0x796>
 8007800:	459a      	cmp	sl, r3
 8007802:	bfd8      	it	le
 8007804:	ebaa 0a03 	suble.w	sl, sl, r3
 8007808:	f77f af66 	ble.w	80076d8 <__l_vfprintf+0x844>
 800780c:	4619      	mov	r1, r3
 800780e:	e73b      	b.n	8007688 <__l_vfprintf+0x7f4>
 8007810:	462e      	mov	r6, r5
 8007812:	468a      	mov	sl, r1
 8007814:	e66c      	b.n	80074f0 <__l_vfprintf+0x65c>
 8007816:	9900      	ldr	r1, [sp, #0]
 8007818:	465a      	mov	r2, fp
 800781a:	f001 0008 	and.w	r0, r1, #8
 800781e:	e7cf      	b.n	80077c0 <__l_vfprintf+0x92c>
 8007820:	4619      	mov	r1, r3
 8007822:	e72e      	b.n	8007682 <__l_vfprintf+0x7ee>
 8007824:	45d3      	cmp	fp, sl
 8007826:	da09      	bge.n	800783c <__l_vfprintf+0x9a8>
 8007828:	4659      	mov	r1, fp
 800782a:	4693      	mov	fp, r2
 800782c:	e72c      	b.n	8007688 <__l_vfprintf+0x7f4>
 800782e:	ebaa 0a01 	sub.w	sl, sl, r1
 8007832:	462e      	mov	r6, r5
 8007834:	e65c      	b.n	80074f0 <__l_vfprintf+0x65c>
 8007836:	465a      	mov	r2, fp
 8007838:	468b      	mov	fp, r1
 800783a:	e7c1      	b.n	80077c0 <__l_vfprintf+0x92c>
 800783c:	ebaa 0a0b 	sub.w	sl, sl, fp
 8007840:	462e      	mov	r6, r5
 8007842:	4693      	mov	fp, r2
 8007844:	e654      	b.n	80074f0 <__l_vfprintf+0x65c>
 8007846:	bf00      	nop

08007848 <__file_str_put>:
 8007848:	e9d1 3204 	ldrd	r3, r2, [r1, #16]
 800784c:	4293      	cmp	r3, r2
 800784e:	d002      	beq.n	8007856 <__file_str_put+0xe>
 8007850:	1c5a      	adds	r2, r3, #1
 8007852:	610a      	str	r2, [r1, #16]
 8007854:	7018      	strb	r0, [r3, #0]
 8007856:	4770      	bx	lr

08007858 <_OffsetAbsSyms>:

#include <gen_offset.h>

#include "offsets_aarch32.c"

GEN_ABS_SYM_END
 8007858:	4770      	bx	lr

0800785a <adc_raw_to_x_dt_chan>:
{
 800785a:	4694      	mov	ip, r2
	if (!spec->channel_cfg_dt_node_exists) {
 800785c:	794a      	ldrb	r2, [r1, #5]
 800785e:	b1b2      	cbz	r2, 800788e <adc_raw_to_x_dt_chan+0x34>
{
 8007860:	b510      	push	{r4, lr}
 8007862:	4604      	mov	r4, r0
	if (channel_cfg->reference == ADC_REF_INTERNAL) {
 8007864:	f89c 2001 	ldrb.w	r2, [ip, #1]
 8007868:	2a04      	cmp	r2, #4
 800786a:	d00c      	beq.n	8007886 <adc_raw_to_x_dt_chan+0x2c>
		vref_mv = spec->vref_mv;
 800786c:	8988      	ldrh	r0, [r1, #12]
	resolution = spec->resolution;
 800786e:	7b8a      	ldrb	r2, [r1, #14]
	if (channel_cfg->differential) {
 8007870:	f89c 1004 	ldrb.w	r1, [ip, #4]
 8007874:	f011 0f20 	tst.w	r1, #32
 8007878:	d001      	beq.n	800787e <adc_raw_to_x_dt_chan+0x24>
		resolution -= 1U;
 800787a:	3a01      	subs	r2, #1
 800787c:	b2d2      	uxtb	r2, r2
	return conv_func(vref_mv, channel_cfg->gain, resolution, valp);
 800787e:	f89c 1000 	ldrb.w	r1, [ip]
 8007882:	47a0      	blx	r4
}
 8007884:	bd10      	pop	{r4, pc}
		vref_mv = (int32_t)adc_ref_internal(spec->dev);
 8007886:	680a      	ldr	r2, [r1, #0]
	return DEVICE_API_GET(adc, dev)->ref_internal;
 8007888:	6892      	ldr	r2, [r2, #8]
 800788a:	8990      	ldrh	r0, [r2, #12]
 800788c:	e7ef      	b.n	800786e <adc_raw_to_x_dt_chan+0x14>
		return -ENOTSUP;
 800788e:	f06f 0085 	mvn.w	r0, #133	@ 0x85
}
 8007892:	4770      	bx	lr

08007894 <k_msleep>:
{
 8007894:	b508      	push	{r3, lr}
	return k_sleep(Z_TIMEOUT_MS(ms));
 8007896:	ea20 73e0 	bic.w	r3, r0, r0, asr #31
 800789a:	17d9      	asrs	r1, r3, #31
 800789c:	008a      	lsls	r2, r1, #2
 800789e:	ea42 7293 	orr.w	r2, r2, r3, lsr #30
 80078a2:	0098      	lsls	r0, r3, #2
 80078a4:	18c0      	adds	r0, r0, r3
 80078a6:	eb41 0102 	adc.w	r1, r1, r2
 80078aa:	1800      	adds	r0, r0, r0
 80078ac:	4149      	adcs	r1, r1
	return z_impl_k_sleep(timeout);
 80078ae:	f7fe fbdd 	bl	800606c <z_impl_k_sleep>
}
 80078b2:	bd08      	pop	{r3, pc}

080078b4 <z_impl_gpio_pin_configure>:
{
 80078b4:	b538      	push	{r3, r4, r5, lr}
 80078b6:	4613      	mov	r3, r2
	const struct gpio_driver_api *api =
 80078b8:	6885      	ldr	r5, [r0, #8]
	struct gpio_driver_data *data =
 80078ba:	6904      	ldr	r4, [r0, #16]
	if (((flags & GPIO_OUTPUT_INIT_LOGICAL) != 0)
 80078bc:	f412 1f80 	tst.w	r2, #1048576	@ 0x100000
 80078c0:	d007      	beq.n	80078d2 <z_impl_gpio_pin_configure+0x1e>
	    && ((flags & (GPIO_OUTPUT_INIT_LOW | GPIO_OUTPUT_INIT_HIGH)) != 0)
 80078c2:	f412 2f40 	tst.w	r2, #786432	@ 0xc0000
 80078c6:	d004      	beq.n	80078d2 <z_impl_gpio_pin_configure+0x1e>
	    && ((flags & GPIO_ACTIVE_LOW) != 0)) {
 80078c8:	f012 0f01 	tst.w	r2, #1
 80078cc:	d001      	beq.n	80078d2 <z_impl_gpio_pin_configure+0x1e>
		flags ^= GPIO_OUTPUT_INIT_LOW | GPIO_OUTPUT_INIT_HIGH;
 80078ce:	f482 2340 	eor.w	r3, r2, #786432	@ 0xc0000
	flags &= ~GPIO_OUTPUT_INIT_LOGICAL;
 80078d2:	f423 1280 	bic.w	r2, r3, #1048576	@ 0x100000
	if ((flags & GPIO_ACTIVE_LOW) != 0) {
 80078d6:	f013 0f01 	tst.w	r3, #1
 80078da:	d00a      	beq.n	80078f2 <z_impl_gpio_pin_configure+0x3e>
		data->invert |= (gpio_port_pins_t)BIT(pin);
 80078dc:	6823      	ldr	r3, [r4, #0]
 80078de:	f04f 0c01 	mov.w	ip, #1
 80078e2:	fa0c fc01 	lsl.w	ip, ip, r1
 80078e6:	ea43 030c 	orr.w	r3, r3, ip
 80078ea:	6023      	str	r3, [r4, #0]
	ret = api->pin_configure(port, pin, flags);
 80078ec:	682b      	ldr	r3, [r5, #0]
 80078ee:	4798      	blx	r3
}
 80078f0:	bd38      	pop	{r3, r4, r5, pc}
		data->invert &= ~(gpio_port_pins_t)BIT(pin);
 80078f2:	6823      	ldr	r3, [r4, #0]
 80078f4:	f04f 0c01 	mov.w	ip, #1
 80078f8:	fa0c fc01 	lsl.w	ip, ip, r1
 80078fc:	ea23 030c 	bic.w	r3, r3, ip
 8007900:	6023      	str	r3, [r4, #0]
 8007902:	e7f3      	b.n	80078ec <z_impl_gpio_pin_configure+0x38>

08007904 <gpio_pin_configure_dt>:
{
 8007904:	b508      	push	{r3, lr}
 8007906:	4603      	mov	r3, r0
 8007908:	468c      	mov	ip, r1
	return gpio_pin_configure(spec->port,
 800790a:	6800      	ldr	r0, [r0, #0]
				  spec->pin,
 800790c:	7919      	ldrb	r1, [r3, #4]
				  spec->dt_flags | extra_flags);
 800790e:	88da      	ldrh	r2, [r3, #6]
	return gpio_pin_configure(spec->port,
 8007910:	ea42 020c 	orr.w	r2, r2, ip
		union { uintptr_t x; gpio_flags_t val; } parm2 = { .val = flags };
		return (int) arch_syscall_invoke3(parm0.x, parm1.x, parm2.x, K_SYSCALL_GPIO_PIN_CONFIGURE);
	}
#endif
	compiler_barrier();
	return z_impl_gpio_pin_configure(port, pin, flags);
 8007914:	f7ff ffce 	bl	80078b4 <z_impl_gpio_pin_configure>
}
 8007918:	bd08      	pop	{r3, pc}

0800791a <gpio_port_get>:
{
 800791a:	b538      	push	{r3, r4, r5, lr}
 800791c:	460c      	mov	r4, r1
	const struct gpio_driver_data *const data =
 800791e:	6905      	ldr	r5, [r0, #16]
	const struct gpio_driver_api *api = (const struct gpio_driver_api *)port->api;
 8007920:	6883      	ldr	r3, [r0, #8]
	ret = api->port_get_raw(port, value);
 8007922:	685b      	ldr	r3, [r3, #4]
 8007924:	4798      	blx	r3
	if (ret == 0) {
 8007926:	b918      	cbnz	r0, 8007930 <gpio_port_get+0x16>
		*value ^= data->invert;
 8007928:	6823      	ldr	r3, [r4, #0]
 800792a:	682a      	ldr	r2, [r5, #0]
 800792c:	4053      	eors	r3, r2
 800792e:	6023      	str	r3, [r4, #0]
}
 8007930:	bd38      	pop	{r3, r4, r5, pc}

08007932 <gpio_pin_get>:
{
 8007932:	b510      	push	{r4, lr}
 8007934:	b082      	sub	sp, #8
 8007936:	460c      	mov	r4, r1
	ret = gpio_port_get(port, &value);
 8007938:	a901      	add	r1, sp, #4
 800793a:	f7ff ffee 	bl	800791a <gpio_port_get>
	if (ret == 0) {
 800793e:	4603      	mov	r3, r0
 8007940:	b930      	cbnz	r0, 8007950 <gpio_pin_get+0x1e>
		ret = (value & (gpio_port_pins_t)BIT(pin)) != 0 ? 1 : 0;
 8007942:	2301      	movs	r3, #1
 8007944:	40a3      	lsls	r3, r4
 8007946:	9a01      	ldr	r2, [sp, #4]
 8007948:	4013      	ands	r3, r2
 800794a:	3b00      	subs	r3, #0
 800794c:	bf18      	it	ne
 800794e:	2301      	movne	r3, #1
}
 8007950:	4618      	mov	r0, r3
 8007952:	b002      	add	sp, #8
 8007954:	bd10      	pop	{r4, pc}

08007956 <gpio_pin_set_raw>:
{
 8007956:	b508      	push	{r3, lr}
	if (value != 0)	{
 8007958:	b132      	cbz	r2, 8007968 <gpio_pin_set_raw+0x12>
		ret = gpio_port_set_bits_raw(port, (gpio_port_pins_t)BIT(pin));
 800795a:	2301      	movs	r3, #1
 800795c:	fa03 f101 	lsl.w	r1, r3, r1
	const struct gpio_driver_api *api =
 8007960:	6883      	ldr	r3, [r0, #8]
	ret = api->port_set_bits_raw(port, pins);
 8007962:	68db      	ldr	r3, [r3, #12]
 8007964:	4798      	blx	r3
}
 8007966:	bd08      	pop	{r3, pc}
		ret = gpio_port_clear_bits_raw(port, (gpio_port_pins_t)BIT(pin));
 8007968:	2301      	movs	r3, #1
 800796a:	fa03 f101 	lsl.w	r1, r3, r1
	const struct gpio_driver_api *api =
 800796e:	6883      	ldr	r3, [r0, #8]
	ret = api->port_clear_bits_raw(port, pins);
 8007970:	691b      	ldr	r3, [r3, #16]
 8007972:	4798      	blx	r3
	return ret;
 8007974:	e7f7      	b.n	8007966 <gpio_pin_set_raw+0x10>

08007976 <gpio_pin_set>:
{
 8007976:	b510      	push	{r4, lr}
	const struct gpio_driver_data *const data =
 8007978:	6903      	ldr	r3, [r0, #16]
	if (data->invert & (gpio_port_pins_t)BIT(pin)) {
 800797a:	681c      	ldr	r4, [r3, #0]
 800797c:	2301      	movs	r3, #1
 800797e:	408b      	lsls	r3, r1
 8007980:	421c      	tst	r4, r3
 8007982:	d002      	beq.n	800798a <gpio_pin_set+0x14>
		value = (value != 0) ? 0 : 1;
 8007984:	fab2 f282 	clz	r2, r2
 8007988:	0952      	lsrs	r2, r2, #5
	return gpio_pin_set_raw(port, pin, value);
 800798a:	f7ff ffe4 	bl	8007956 <gpio_pin_set_raw>
}
 800798e:	bd10      	pop	{r4, pc}

08007990 <free_list_add_bidx>:
		free_list_remove_bidx(h, c, bidx);
	}
}

static void free_list_add_bidx(struct z_heap *h, chunkid_t c, int bidx)
{
 8007990:	b510      	push	{r4, lr}
	struct z_heap_bucket *b = &h->buckets[bidx];

	if (b->next == 0U) {
 8007992:	1d13      	adds	r3, r2, #4
 8007994:	f850 4023 	ldr.w	r4, [r0, r3, lsl #2]
 8007998:	b974      	cbnz	r4, 80079b8 <free_list_add_bidx+0x28>
		CHECK((h->avail_buckets & BIT(bidx)) == 0);

		/* Empty list, first item */
		h->avail_buckets |= BIT(bidx);
 800799a:	68c3      	ldr	r3, [r0, #12]
 800799c:	2401      	movs	r4, #1
 800799e:	4094      	lsls	r4, r2
 80079a0:	4323      	orrs	r3, r4
 80079a2:	60c3      	str	r3, [r0, #12]
		b->next = c;
 80079a4:	3204      	adds	r2, #4
 80079a6:	f840 1022 	str.w	r1, [r0, r2, lsl #2]
			     enum chunk_fields f, chunkid_t val)
{
	CHECK(c <= h->end_chunk);

	chunk_unit_t *buf = chunk_buf(h);
	void *cmem = &buf[c];
 80079aa:	00cb      	lsls	r3, r1, #3
	if (big_heap(h)) {
		CHECK(val == (uint32_t)val);
		((uint32_t *)cmem)[f] = val;
	} else {
		CHECK(val == (uint16_t)val);
		((uint16_t *)cmem)[f] = val;
 80079ac:	1d1a      	adds	r2, r3, #4
 80079ae:	b289      	uxth	r1, r1
 80079b0:	5281      	strh	r1, [r0, r2]
 80079b2:	3306      	adds	r3, #6
 80079b4:	52c1      	strh	r1, [r0, r3]
	}

#ifdef CONFIG_SYS_HEAP_RUNTIME_STATS
	h->free_bytes += chunk_usable_bytes(h, c);
#endif
}
 80079b6:	bd10      	pop	{r4, pc}
	void *cmem = &buf[c];
 80079b8:	00e2      	lsls	r2, r4, #3
		return ((uint16_t *)cmem)[f];
 80079ba:	3204      	adds	r2, #4
 80079bc:	5a83      	ldrh	r3, [r0, r2]
	void *cmem = &buf[c];
 80079be:	ea4f 0cc1 	mov.w	ip, r1, lsl #3
		((uint16_t *)cmem)[f] = val;
 80079c2:	f10c 0e04 	add.w	lr, ip, #4
 80079c6:	f820 300e 	strh.w	r3, [r0, lr]
 80079ca:	f10c 0c06 	add.w	ip, ip, #6
 80079ce:	f820 400c 	strh.w	r4, [r0, ip]
	void *cmem = &buf[c];
 80079d2:	00db      	lsls	r3, r3, #3
		((uint16_t *)cmem)[f] = val;
 80079d4:	3306      	adds	r3, #6
 80079d6:	b289      	uxth	r1, r1
 80079d8:	52c1      	strh	r1, [r0, r3]
 80079da:	5281      	strh	r1, [r0, r2]
 80079dc:	e7eb      	b.n	80079b6 <free_list_add_bidx+0x26>

080079de <free_list_add>:

static void free_list_add(struct z_heap *h, chunkid_t c)
{
 80079de:	b508      	push	{r3, lr}
		return ((uint16_t *)cmem)[f];
 80079e0:	eb00 03c1 	add.w	r3, r0, r1, lsl #3
 80079e4:	885a      	ldrh	r2, [r3, #2]
	return chunk_field(h, c, SIZE_AND_USED) & 1U;
}

static inline chunksz_t chunk_size(struct z_heap *h, chunkid_t c)
{
	return chunk_field(h, c, SIZE_AND_USED) >> 1;
 80079e6:	0852      	lsrs	r2, r2, #1
}

static inline int bucket_idx(struct z_heap *h, chunksz_t sz)
{
	unsigned int usable_sz = sz - min_chunk_size(h) + 1;
	return 31 - __builtin_clz(usable_sz);
 80079e8:	fab2 f282 	clz	r2, r2
	if (!undersized_chunk(h, c)) {
		int bidx = bucket_idx(h, chunk_size(h, c));
		free_list_add_bidx(h, c, bidx);
 80079ec:	f1c2 021f 	rsb	r2, r2, #31
 80079f0:	f7ff ffce 	bl	8007990 <free_list_add_bidx>
	}
}
 80079f4:	bd08      	pop	{r3, pc}

080079f6 <sys_heap_init>:
	}
	return ptr2;
}

void sys_heap_init(struct sys_heap *heap, void *mem, size_t bytes)
{
 80079f6:	b570      	push	{r4, r5, r6, lr}
 80079f8:	4603      	mov	r3, r0
		__ASSERT(bytes / CHUNK_UNIT <= 0x7fffffffU, "heap size is too big");
	}

	/* Reserve the end marker chunk's header */
	__ASSERT(bytes > heap_footer_bytes(bytes), "heap size is too small");
	bytes -= heap_footer_bytes(bytes);
 80079fa:	3a04      	subs	r2, #4

	/* Round the start up, the end down */
	uintptr_t addr = ROUND_UP(mem, CHUNK_UNIT);
 80079fc:	1dc8      	adds	r0, r1, #7
 80079fe:	f020 0007 	bic.w	r0, r0, #7
	uintptr_t end = ROUND_DOWN((uint8_t *)mem + bytes, CHUNK_UNIT);
 8007a02:	440a      	add	r2, r1
 8007a04:	f022 0207 	bic.w	r2, r2, #7
	chunksz_t heap_sz = (end - addr) / CHUNK_UNIT;
 8007a08:	1a12      	subs	r2, r2, r0
 8007a0a:	08d5      	lsrs	r5, r2, #3

	CHECK(end > addr);
	__ASSERT(heap_sz > chunksz(sizeof(struct z_heap)), "heap size is too small");

	struct z_heap *h = (struct z_heap *)addr;
	heap->heap = h;
 8007a0c:	6018      	str	r0, [r3, #0]
	h->end_chunk = heap_sz;
 8007a0e:	6085      	str	r5, [r0, #8]
	h->avail_buckets = 0;
 8007a10:	2300      	movs	r3, #0
 8007a12:	60c3      	str	r3, [r0, #12]
 8007a14:	fab5 f185 	clz	r1, r5

#if CONFIG_SYS_HEAP_ARRAY_SIZE
	sys_heap_array_save(heap);
#endif

	int nb_buckets = bucket_idx(h, heap_sz) + 1;
 8007a18:	f1c1 0e20 	rsb	lr, r1, #32
	chunksz_t chunk0_size = chunksz(sizeof(struct z_heap) +
 8007a1c:	f1c1 0124 	rsb	r1, r1, #36	@ 0x24
				     nb_buckets * sizeof(struct z_heap_bucket)) +
 8007a20:	0089      	lsls	r1, r1, #2
	return (bytes + CHUNK_UNIT - 1U) / CHUNK_UNIT;
 8007a22:	1dce      	adds	r6, r1, #7
 8007a24:	08f1      	lsrs	r1, r6, #3
				CHUNK_TRAILER_SIZE;

	__ASSERT(chunk0_size + min_chunk_size(h) <= heap_sz, "heap size is too small");

	for (int i = 0; i < nb_buckets; i++) {
 8007a26:	e005      	b.n	8007a34 <sys_heap_init+0x3e>
		h->buckets[i].next = 0;
 8007a28:	f103 0c04 	add.w	ip, r3, #4
 8007a2c:	2400      	movs	r4, #0
 8007a2e:	f840 402c 	str.w	r4, [r0, ip, lsl #2]
	for (int i = 0; i < nb_buckets; i++) {
 8007a32:	3301      	adds	r3, #1
 8007a34:	4573      	cmp	r3, lr
 8007a36:	dbf7      	blt.n	8007a28 <sys_heap_init+0x32>
		((uint16_t *)cmem)[f] = val;
 8007a38:	fa1f fe81 	uxth.w	lr, r1
 8007a3c:	ea4f 044e 	mov.w	r4, lr, lsl #1
 8007a40:	b2a4      	uxth	r4, r4
 8007a42:	8044      	strh	r4, [r0, #2]
 8007a44:	f04f 0c00 	mov.w	ip, #0
 8007a48:	f8a0 c000 	strh.w	ip, [r0]
			((uint16_t *)cmem)[SIZE_AND_USED] |= 1U;
 8007a4c:	f044 0401 	orr.w	r4, r4, #1
 8007a50:	8044      	strh	r4, [r0, #2]
	if (SYS_HEAP_HARDENING_FULL) {
		set_chunk_canary(h, 0);
	}

	/* chunk containing the free heap */
	set_chunk_size(h, chunk0_size, heap_sz - chunk0_size);
 8007a52:	1a6b      	subs	r3, r5, r1
	void *cmem = &buf[c];
 8007a54:	f026 0407 	bic.w	r4, r6, #7
		((uint16_t *)cmem)[f] = val;
 8007a58:	1ca5      	adds	r5, r4, #2
 8007a5a:	b29b      	uxth	r3, r3
 8007a5c:	005e      	lsls	r6, r3, #1
 8007a5e:	5346      	strh	r6, [r0, r5]
 8007a60:	f820 e004 	strh.w	lr, [r0, r4]
	void *cmem = &buf[c];
 8007a64:	f022 0407 	bic.w	r4, r2, #7
		((uint16_t *)cmem)[f] = val;
 8007a68:	1c95      	adds	r5, r2, #2
 8007a6a:	f820 c005 	strh.w	ip, [r0, r5]
 8007a6e:	4402      	add	r2, r0
 8007a70:	5303      	strh	r3, [r0, r4]
			((uint16_t *)cmem)[SIZE_AND_USED] |= 1U;
 8007a72:	8853      	ldrh	r3, [r2, #2]
 8007a74:	f043 0301 	orr.w	r3, r3, #1
 8007a78:	8053      	strh	r3, [r2, #2]
	/* the end marker chunk */
	set_chunk_size(h, heap_sz, 0);
	set_left_chunk_size(h, heap_sz, heap_sz - chunk0_size);
	set_chunk_used(h, heap_sz, true);

	free_list_add(h, chunk0_size);
 8007a7a:	f7ff ffb0 	bl	80079de <free_list_add>
}
 8007a7e:	bd70      	pop	{r4, r5, r6, pc}

08007a80 <cbprintf_via_va_list>:
{
 8007a80:	b510      	push	{r4, lr}
 8007a82:	460c      	mov	r4, r1
 8007a84:	4611      	mov	r1, r2
 8007a86:	461a      	mov	r2, r3
	return formatter(out, ctx, fmt, u.ap);
 8007a88:	9b02      	ldr	r3, [sp, #8]
 8007a8a:	47a0      	blx	r4
}
 8007a8c:	bd10      	pop	{r4, pc}

08007a8e <is_fmt_spec>:
	return (c >= 64) && (c <= 122);
 8007a8e:	3840      	subs	r0, #64	@ 0x40
 8007a90:	b2c0      	uxtb	r0, r0
}
 8007a92:	283a      	cmp	r0, #58	@ 0x3a
 8007a94:	bf8c      	ite	hi
 8007a96:	2000      	movhi	r0, #0
 8007a98:	2001      	movls	r0, #1
 8007a9a:	4770      	bx	lr

08007a9c <get_package_len>:
{
 8007a9c:	b5f8      	push	{r3, r4, r5, r6, r7, lr}
 8007a9e:	4606      	mov	r6, r0
	args_size = buf[0] * sizeof(int);
 8007aa0:	7803      	ldrb	r3, [r0, #0]
	s_nbr     = buf[1];
 8007aa2:	7845      	ldrb	r5, [r0, #1]
	ros_nbr   = buf[2];
 8007aa4:	7884      	ldrb	r4, [r0, #2]
	buf += ros_nbr;
 8007aa6:	eb04 0483 	add.w	r4, r4, r3, lsl #2
 8007aaa:	4404      	add	r4, r0
	for (unsigned int i = 0; i < s_nbr; i++) {
 8007aac:	2700      	movs	r7, #0
 8007aae:	e006      	b.n	8007abe <get_package_len+0x22>
		buf++;
 8007ab0:	3401      	adds	r4, #1
		buf += strlen((const char *)buf) + 1;
 8007ab2:	4620      	mov	r0, r4
 8007ab4:	f7f8 fb64 	bl	8000180 <strlen>
 8007ab8:	3001      	adds	r0, #1
 8007aba:	4404      	add	r4, r0
	for (unsigned int i = 0; i < s_nbr; i++) {
 8007abc:	3701      	adds	r7, #1
 8007abe:	42af      	cmp	r7, r5
 8007ac0:	d3f6      	bcc.n	8007ab0 <get_package_len+0x14>
}
 8007ac2:	1ba0      	subs	r0, r4, r6
 8007ac4:	bdf8      	pop	{r3, r4, r5, r6, r7, pc}

08007ac6 <append_string>:
{
 8007ac6:	b570      	push	{r4, r5, r6, lr}
 8007ac8:	4614      	mov	r4, r2
	if (cb == NULL) {
 8007aca:	b168      	cbz	r0, 8007ae8 <append_string+0x22>
 8007acc:	460d      	mov	r5, r1
 8007ace:	4619      	mov	r1, r3
 8007ad0:	4606      	mov	r6, r0
	strl = strl > 0 ? strl : strlen(str) + 1;
 8007ad2:	b92b      	cbnz	r3, 8007ae0 <append_string+0x1a>
 8007ad4:	4610      	mov	r0, r2
 8007ad6:	f7f8 fb53 	bl	8000180 <strlen>
 8007ada:	b283      	uxth	r3, r0
 8007adc:	3301      	adds	r3, #1
 8007ade:	b299      	uxth	r1, r3
	return cb(str, strl, ctx);
 8007ae0:	462a      	mov	r2, r5
 8007ae2:	4620      	mov	r0, r4
 8007ae4:	47b0      	blx	r6
}
 8007ae6:	bd70      	pop	{r4, r5, r6, pc}
		return 1 + strlen(str);
 8007ae8:	4610      	mov	r0, r2
 8007aea:	f7f8 fb49 	bl	8000180 <strlen>
 8007aee:	3001      	adds	r0, #1
 8007af0:	e7f9      	b.n	8007ae6 <append_string+0x20>

08007af2 <cbpprintf_external>:
	if (buf == NULL) {
 8007af2:	b35b      	cbz	r3, 8007b4c <cbpprintf_external+0x5a>
{
 8007af4:	e92d 47f0 	stmdb	sp!, {r4, r5, r6, r7, r8, r9, sl, lr}
 8007af8:	b082      	sub	sp, #8
 8007afa:	4607      	mov	r7, r0
 8007afc:	4688      	mov	r8, r1
 8007afe:	4691      	mov	r9, r2
 8007b00:	461d      	mov	r5, r3
	args_size = hdr->hdr.desc.len * sizeof(int);
 8007b02:	781a      	ldrb	r2, [r3, #0]
	s_nbr     = hdr->hdr.desc.str_cnt;
 8007b04:	785e      	ldrb	r6, [r3, #1]
	ros_nbr   = hdr->hdr.desc.ro_str_cnt;
 8007b06:	789c      	ldrb	r4, [r3, #2]
	rws_nbr   = hdr->hdr.desc.rw_str_cnt;
 8007b08:	78db      	ldrb	r3, [r3, #3]
	s = (char *)(buf + args_size + ros_nbr + 2 * rws_nbr);
 8007b0a:	eb04 0482 	add.w	r4, r4, r2, lsl #2
 8007b0e:	eb04 0443 	add.w	r4, r4, r3, lsl #1
 8007b12:	442c      	add	r4, r5
	for (i = 0; i < s_nbr; i++) {
 8007b14:	f04f 0a00 	mov.w	sl, #0
 8007b18:	e00a      	b.n	8007b30 <cbpprintf_external+0x3e>
		s_idx = *(uint8_t *)s;
 8007b1a:	f814 3b01 	ldrb.w	r3, [r4], #1
		*ps = s;
 8007b1e:	f845 4023 	str.w	r4, [r5, r3, lsl #2]
		s += strlen(s) + 1;
 8007b22:	4620      	mov	r0, r4
 8007b24:	f7f8 fb2c 	bl	8000180 <strlen>
 8007b28:	3001      	adds	r0, #1
 8007b2a:	4404      	add	r4, r0
	for (i = 0; i < s_nbr; i++) {
 8007b2c:	f10a 0a01 	add.w	sl, sl, #1
 8007b30:	45b2      	cmp	sl, r6
 8007b32:	d3f2      	bcc.n	8007b1a <cbpprintf_external+0x28>
	buf += sizeof(*hdr);
 8007b34:	f105 0308 	add.w	r3, r5, #8
	return cbprintf_via_va_list(out, formatter, ctx, hdr->fmt, buf);
 8007b38:	9300      	str	r3, [sp, #0]
 8007b3a:	686b      	ldr	r3, [r5, #4]
 8007b3c:	464a      	mov	r2, r9
 8007b3e:	4641      	mov	r1, r8
 8007b40:	4638      	mov	r0, r7
 8007b42:	f7ff ff9d 	bl	8007a80 <cbprintf_via_va_list>
}
 8007b46:	b002      	add	sp, #8
 8007b48:	e8bd 87f0 	ldmia.w	sp!, {r4, r5, r6, r7, r8, r9, sl, pc}
		return -EINVAL;
 8007b4c:	f06f 0015 	mvn.w	r0, #21
}
 8007b50:	4770      	bx	lr

08007b52 <is_ptr>:
{
 8007b52:	e92d 41f0 	stmdb	sp!, {r4, r5, r6, r7, r8, lr}
 8007b56:	4604      	mov	r4, r0
 8007b58:	4688      	mov	r8, r1
	int cnt = 0;
 8007b5a:	2700      	movs	r7, #0
	bool mod = false;
 8007b5c:	463e      	mov	r6, r7
	while ((c = *fmt++) != '\0') {
 8007b5e:	e007      	b.n	8007b70 <is_ptr+0x1e>
				if (c == 'p') {
 8007b60:	2d70      	cmp	r5, #112	@ 0x70
 8007b62:	d018      	beq.n	8007b96 <is_ptr+0x44>
				} else if (is_fmt_spec(c)) {
 8007b64:	4628      	mov	r0, r5
 8007b66:	f7ff ff92 	bl	8007a8e <is_fmt_spec>
 8007b6a:	b9b8      	cbnz	r0, 8007b9c <is_ptr+0x4a>
		if (c == '%') {
 8007b6c:	2d25      	cmp	r5, #37	@ 0x25
 8007b6e:	d00e      	beq.n	8007b8e <is_ptr+0x3c>
	while ((c = *fmt++) != '\0') {
 8007b70:	f814 5b01 	ldrb.w	r5, [r4], #1
 8007b74:	b175      	cbz	r5, 8007b94 <is_ptr+0x42>
		if (mod) {
 8007b76:	2e00      	cmp	r6, #0
 8007b78:	d0f8      	beq.n	8007b6c <is_ptr+0x1a>
			if (cnt == n) {
 8007b7a:	4547      	cmp	r7, r8
 8007b7c:	d0f0      	beq.n	8007b60 <is_ptr+0xe>
			} else if (is_fmt_spec(c)) {
 8007b7e:	4628      	mov	r0, r5
 8007b80:	f7ff ff85 	bl	8007a8e <is_fmt_spec>
 8007b84:	2800      	cmp	r0, #0
 8007b86:	d0f1      	beq.n	8007b6c <is_ptr+0x1a>
				cnt++;
 8007b88:	3701      	adds	r7, #1
				mod = false;
 8007b8a:	2600      	movs	r6, #0
 8007b8c:	e7ee      	b.n	8007b6c <is_ptr+0x1a>
			mod = !mod;
 8007b8e:	f086 0601 	eor.w	r6, r6, #1
 8007b92:	e7ed      	b.n	8007b70 <is_ptr+0x1e>
	return false;
 8007b94:	2600      	movs	r6, #0
}
 8007b96:	4630      	mov	r0, r6
 8007b98:	e8bd 81f0 	ldmia.w	sp!, {r4, r5, r6, r7, r8, pc}
					return false;
 8007b9c:	2600      	movs	r6, #0
 8007b9e:	e7fa      	b.n	8007b96 <is_ptr+0x44>

08007ba0 <arch_printk_char_out>:
}
 8007ba0:	2000      	movs	r0, #0
 8007ba2:	4770      	bx	lr

08007ba4 <vprintk>:
	ARG_UNUSED(ctx_p);
	return _char_out(c);
}

void vprintk(const char *fmt, va_list ap)
{
 8007ba4:	b508      	push	{r3, lr}
	if (IS_ENABLED(CONFIG_LOG_PRINTK)) {
		z_log_vprintk(fmt, ap);
 8007ba6:	f000 fc41 	bl	800842c <z_log_vprintk>

#ifdef CONFIG_PRINTK_SYNC
		k_spin_unlock(&lock, key);
#endif
	}
}
 8007baa:	bd08      	pop	{r3, pc}

08007bac <printk>:
 *
 * @param fmt formatted string to output
 */

void printk(const char *fmt, ...)
{
 8007bac:	b40f      	push	{r0, r1, r2, r3}
 8007bae:	b500      	push	{lr}
 8007bb0:	b083      	sub	sp, #12
 8007bb2:	a904      	add	r1, sp, #16
 8007bb4:	f851 0b04 	ldr.w	r0, [r1], #4
	va_list ap;

	va_start(ap, fmt);
 8007bb8:	9101      	str	r1, [sp, #4]

	vprintk(fmt, ap);
 8007bba:	f7ff fff3 	bl	8007ba4 <vprintk>

	va_end(ap);
}
 8007bbe:	b003      	add	sp, #12
 8007bc0:	f85d eb04 	ldr.w	lr, [sp], #4
 8007bc4:	b004      	add	sp, #16
 8007bc6:	4770      	bx	lr

08007bc8 <assert_print>:
 * assertion, or otherwise change the behavior of the assertion print
 *
 * @param N/A
 */
__weak void assert_print(const char *fmt, ...)
{
 8007bc8:	b40f      	push	{r0, r1, r2, r3}
 8007bca:	b500      	push	{lr}
 8007bcc:	b083      	sub	sp, #12
 8007bce:	a904      	add	r1, sp, #16
 8007bd0:	f851 0b04 	ldr.w	r0, [r1], #4
	va_list ap;

	va_start(ap, fmt);
 8007bd4:	9101      	str	r1, [sp, #4]

	vprintk(fmt, ap);
 8007bd6:	f7ff ffe5 	bl	8007ba4 <vprintk>

	va_end(ap);
}
 8007bda:	b003      	add	sp, #12
 8007bdc:	f85d eb04 	ldr.w	lr, [sp], #4
 8007be0:	b004      	add	sp, #16
 8007be2:	4770      	bx	lr

08007be4 <free_space>:
 * be more space available after wrapping.
 * @retval false When result is total free space.
 */
static inline bool free_space(struct mpsc_pbuf_buffer *buffer, uint32_t *res)
{
	if (buffer->flags & MPSC_PBUF_FULL) {
 8007be4:	6903      	ldr	r3, [r0, #16]
 8007be6:	f013 0f08 	tst.w	r3, #8
 8007bea:	d108      	bne.n	8007bfe <free_space+0x1a>
		*res = 0;
		return false;
	}

	if (buffer->rd_idx > buffer->tmp_wr_idx) {
 8007bec:	68c3      	ldr	r3, [r0, #12]
 8007bee:	6802      	ldr	r2, [r0, #0]
 8007bf0:	4293      	cmp	r3, r2
 8007bf2:	d807      	bhi.n	8007c04 <free_space+0x20>
		*res =  buffer->rd_idx - buffer->tmp_wr_idx;
		return false;
	}
	*res = buffer->size - buffer->tmp_wr_idx;
 8007bf4:	6a03      	ldr	r3, [r0, #32]
 8007bf6:	1a9b      	subs	r3, r3, r2
 8007bf8:	600b      	str	r3, [r1, #0]

	return true;
 8007bfa:	2001      	movs	r0, #1
}
 8007bfc:	4770      	bx	lr
		*res = 0;
 8007bfe:	2000      	movs	r0, #0
 8007c00:	6008      	str	r0, [r1, #0]
		return false;
 8007c02:	4770      	bx	lr
		*res =  buffer->rd_idx - buffer->tmp_wr_idx;
 8007c04:	1a9b      	subs	r3, r3, r2
 8007c06:	600b      	str	r3, [r1, #0]
		return false;
 8007c08:	2000      	movs	r0, #0
 8007c0a:	4770      	bx	lr

08007c0c <available>:
 * be more space available after wrapping.
 * @retval false When result is total free space.
 */
static inline bool available(struct mpsc_pbuf_buffer *buffer, uint32_t *res)
{
	if (buffer->flags & MPSC_PBUF_FULL || buffer->tmp_rd_idx > buffer->wr_idx) {
 8007c0c:	6903      	ldr	r3, [r0, #16]
 8007c0e:	f013 0f08 	tst.w	r3, #8
 8007c12:	d107      	bne.n	8007c24 <available+0x18>
 8007c14:	6882      	ldr	r2, [r0, #8]
 8007c16:	6843      	ldr	r3, [r0, #4]
 8007c18:	429a      	cmp	r2, r3
 8007c1a:	d803      	bhi.n	8007c24 <available+0x18>
		*res = buffer->size - buffer->tmp_rd_idx;
		return true;
	}

	*res = (buffer->wr_idx - buffer->tmp_rd_idx);
 8007c1c:	1a9b      	subs	r3, r3, r2
 8007c1e:	600b      	str	r3, [r1, #0]

	return false;
 8007c20:	2000      	movs	r0, #0
}
 8007c22:	4770      	bx	lr
		*res = buffer->size - buffer->tmp_rd_idx;
 8007c24:	6a03      	ldr	r3, [r0, #32]
 8007c26:	6882      	ldr	r2, [r0, #8]
 8007c28:	1a9b      	subs	r3, r3, r2
 8007c2a:	600b      	str	r3, [r1, #0]
		return true;
 8007c2c:	2001      	movs	r0, #1
 8007c2e:	4770      	bx	lr

08007c30 <get_usage>:

static inline uint32_t get_usage(struct mpsc_pbuf_buffer *buffer)
{
 8007c30:	b510      	push	{r4, lr}
 8007c32:	b082      	sub	sp, #8
 8007c34:	4604      	mov	r4, r0
	uint32_t f;

	if (free_space(buffer, &f)) {
 8007c36:	a901      	add	r1, sp, #4
 8007c38:	f7ff ffd4 	bl	8007be4 <free_space>
 8007c3c:	b120      	cbz	r0, 8007c48 <get_usage+0x18>
		f += (buffer->rd_idx - 1);
 8007c3e:	68e3      	ldr	r3, [r4, #12]
 8007c40:	9a01      	ldr	r2, [sp, #4]
 8007c42:	4413      	add	r3, r2
 8007c44:	3b01      	subs	r3, #1
 8007c46:	9301      	str	r3, [sp, #4]
	}

	return buffer->size - 1 - f;
 8007c48:	6a20      	ldr	r0, [r4, #32]
 8007c4a:	9b01      	ldr	r3, [sp, #4]
 8007c4c:	1ac0      	subs	r0, r0, r3
}
 8007c4e:	3801      	subs	r0, #1
 8007c50:	b002      	add	sp, #8
 8007c52:	bd10      	pop	{r4, pc}

08007c54 <max_utilization_update>:

static inline void max_utilization_update(struct mpsc_pbuf_buffer *buffer)
{
 8007c54:	b538      	push	{r3, r4, r5, lr}
	if (!(buffer->flags & MPSC_PBUF_MAX_UTILIZATION)) {
 8007c56:	6903      	ldr	r3, [r0, #16]
 8007c58:	f013 0f04 	tst.w	r3, #4
 8007c5c:	d100      	bne.n	8007c60 <max_utilization_update+0xc>
		return;
	}

	buffer->max_usage = max(buffer->max_usage, get_usage(buffer));
}
 8007c5e:	bd38      	pop	{r3, r4, r5, pc}
 8007c60:	4604      	mov	r4, r0
	buffer->max_usage = max(buffer->max_usage, get_usage(buffer));
 8007c62:	6a45      	ldr	r5, [r0, #36]	@ 0x24
 8007c64:	f7ff ffe4 	bl	8007c30 <get_usage>
 8007c68:	42a8      	cmp	r0, r5
 8007c6a:	bf38      	it	cc
 8007c6c:	4628      	movcc	r0, r5
 8007c6e:	6260      	str	r0, [r4, #36]	@ 0x24
 8007c70:	e7f5      	b.n	8007c5e <max_utilization_update+0xa>

08007c72 <rd_idx_inc>:
	}
}

static void rd_idx_inc(struct mpsc_pbuf_buffer *buffer, int32_t wlen)
{
	buffer->rd_idx = idx_inc(buffer, buffer->rd_idx, wlen);
 8007c72:	68c3      	ldr	r3, [r0, #12]
	uint32_t i = idx + val;
 8007c74:	4419      	add	r1, r3
	if (buffer->flags & MPSC_PBUF_SIZE_POW2) {
 8007c76:	6903      	ldr	r3, [r0, #16]
 8007c78:	f013 0f01 	tst.w	r3, #1
 8007c7c:	d104      	bne.n	8007c88 <rd_idx_inc+0x16>
	return (i >= buffer->size) ? i - buffer->size : i;
 8007c7e:	6a02      	ldr	r2, [r0, #32]
 8007c80:	4291      	cmp	r1, r2
 8007c82:	d304      	bcc.n	8007c8e <rd_idx_inc+0x1c>
 8007c84:	1a89      	subs	r1, r1, r2
 8007c86:	e002      	b.n	8007c8e <rd_idx_inc+0x1c>
		return i & (buffer->size - 1);
 8007c88:	6a02      	ldr	r2, [r0, #32]
 8007c8a:	3a01      	subs	r2, #1
 8007c8c:	4011      	ands	r1, r2
	buffer->rd_idx = idx_inc(buffer, buffer->rd_idx, wlen);
 8007c8e:	60c1      	str	r1, [r0, #12]
	buffer->flags &= ~MPSC_PBUF_FULL;
 8007c90:	f023 0308 	bic.w	r3, r3, #8
 8007c94:	6103      	str	r3, [r0, #16]
}
 8007c96:	4770      	bx	lr

08007c98 <add_skip_item>:

static void add_skip_item(struct mpsc_pbuf_buffer *buffer, uint32_t wlen)
{
 8007c98:	b410      	push	{r4}
	union mpsc_pbuf_generic skip = {
 8007c9a:	2300      	movs	r3, #0
 8007c9c:	f023 0301 	bic.w	r3, r3, #1
 8007ca0:	f043 0302 	orr.w	r3, r3, #2
 8007ca4:	f361 039f 	bfi	r3, r1, #2, #30
		.skip = { .valid = 0, .busy = 1, .len = wlen }
	};

	buffer->buf[buffer->tmp_wr_idx] = skip.raw;
 8007ca8:	69c2      	ldr	r2, [r0, #28]
 8007caa:	6804      	ldr	r4, [r0, #0]
 8007cac:	f842 3024 	str.w	r3, [r2, r4, lsl #2]
	buffer->tmp_wr_idx = idx_inc(buffer, buffer->tmp_wr_idx, wlen);
 8007cb0:	6803      	ldr	r3, [r0, #0]
	uint32_t i = idx + val;
 8007cb2:	440b      	add	r3, r1
	if (buffer->flags & MPSC_PBUF_SIZE_POW2) {
 8007cb4:	6902      	ldr	r2, [r0, #16]
 8007cb6:	f012 0f01 	tst.w	r2, #1
 8007cba:	d104      	bne.n	8007cc6 <add_skip_item+0x2e>
	return (i >= buffer->size) ? i - buffer->size : i;
 8007cbc:	6a04      	ldr	r4, [r0, #32]
 8007cbe:	42a3      	cmp	r3, r4
 8007cc0:	d304      	bcc.n	8007ccc <add_skip_item+0x34>
 8007cc2:	1b1b      	subs	r3, r3, r4
 8007cc4:	e002      	b.n	8007ccc <add_skip_item+0x34>
		return i & (buffer->size - 1);
 8007cc6:	6a04      	ldr	r4, [r0, #32]
 8007cc8:	3c01      	subs	r4, #1
 8007cca:	4023      	ands	r3, r4
	buffer->tmp_wr_idx = idx_inc(buffer, buffer->tmp_wr_idx, wlen);
 8007ccc:	6003      	str	r3, [r0, #0]
	if (buffer->tmp_wr_idx == buffer->rd_idx) {
 8007cce:	68c4      	ldr	r4, [r0, #12]
 8007cd0:	42a3      	cmp	r3, r4
 8007cd2:	d00a      	beq.n	8007cea <add_skip_item+0x52>
	tmp_wr_idx_inc(buffer, wlen);
	buffer->wr_idx = idx_inc(buffer, buffer->wr_idx, wlen);
 8007cd4:	6843      	ldr	r3, [r0, #4]
	uint32_t i = idx + val;
 8007cd6:	4419      	add	r1, r3
	if (buffer->flags & MPSC_PBUF_SIZE_POW2) {
 8007cd8:	6903      	ldr	r3, [r0, #16]
 8007cda:	f013 0f01 	tst.w	r3, #1
 8007cde:	d108      	bne.n	8007cf2 <add_skip_item+0x5a>
	return (i >= buffer->size) ? i - buffer->size : i;
 8007ce0:	6a03      	ldr	r3, [r0, #32]
 8007ce2:	4299      	cmp	r1, r3
 8007ce4:	d308      	bcc.n	8007cf8 <add_skip_item+0x60>
 8007ce6:	1ac9      	subs	r1, r1, r3
 8007ce8:	e006      	b.n	8007cf8 <add_skip_item+0x60>
		buffer->flags |= MPSC_PBUF_FULL;
 8007cea:	f042 0208 	orr.w	r2, r2, #8
 8007cee:	6102      	str	r2, [r0, #16]
 8007cf0:	e7f0      	b.n	8007cd4 <add_skip_item+0x3c>
		return i & (buffer->size - 1);
 8007cf2:	6a03      	ldr	r3, [r0, #32]
 8007cf4:	3b01      	subs	r3, #1
 8007cf6:	4019      	ands	r1, r3
	buffer->wr_idx = idx_inc(buffer, buffer->wr_idx, wlen);
 8007cf8:	6041      	str	r1, [r0, #4]
}
 8007cfa:	bc10      	pop	{r4}
 8007cfc:	4770      	bx	lr

08007cfe <drop_item_locked>:

static bool drop_item_locked(struct mpsc_pbuf_buffer *buffer,
			     uint32_t free_wlen,
			     union mpsc_pbuf_generic **item_to_drop,
			     uint32_t *tmp_wr_idx_shift)
{
 8007cfe:	e92d 4ff0 	stmdb	sp!, {r4, r5, r6, r7, r8, r9, sl, fp, lr}
 8007d02:	b083      	sub	sp, #12
 8007d04:	4604      	mov	r4, r0
 8007d06:	9101      	str	r1, [sp, #4]
 8007d08:	4617      	mov	r7, r2
 8007d0a:	4698      	mov	r8, r3
	union mpsc_pbuf_generic *item;
	uint32_t skip_wlen;

	item = (union mpsc_pbuf_generic *)&buffer->buf[buffer->rd_idx];
 8007d0c:	69c5      	ldr	r5, [r0, #28]
 8007d0e:	68c6      	ldr	r6, [r0, #12]
 8007d10:	eb05 0b86 	add.w	fp, r5, r6, lsl #2
	if (item->hdr.busy && !item->hdr.valid) {
 8007d14:	f815 3026 	ldrb.w	r3, [r5, r6, lsl #2]
 8007d18:	f003 0303 	and.w	r3, r3, #3
 8007d1c:	2b02      	cmp	r3, #2
 8007d1e:	d024      	beq.n	8007d6a <drop_item_locked+0x6c>
	return 0;
 8007d20:	2100      	movs	r1, #0
	skip_wlen = get_skip(item);
	*item_to_drop = NULL;
 8007d22:	2300      	movs	r3, #0
 8007d24:	603b      	str	r3, [r7, #0]
	*tmp_wr_idx_shift = 0;
 8007d26:	f8c8 3000 	str.w	r3, [r8]

	if (skip_wlen) {
 8007d2a:	bb19      	cbnz	r1, 8007d74 <drop_item_locked+0x76>
		buffer->tmp_rd_idx = buffer->rd_idx;
		return true;
	}

	/* Other options for dropping available only in overwrite mode. */
	if (!(buffer->flags & MPSC_PBUF_MODE_OVERWRITE)) {
 8007d2c:	6923      	ldr	r3, [r4, #16]
 8007d2e:	f013 0f02 	tst.w	r3, #2
 8007d32:	d075      	beq.n	8007e20 <drop_item_locked+0x122>
		return false;
	}

	uint32_t rd_wlen = buffer->get_wlen(item);
 8007d34:	69a3      	ldr	r3, [r4, #24]
 8007d36:	4658      	mov	r0, fp
 8007d38:	4798      	blx	r3
 8007d3a:	4682      	mov	sl, r0
	return item->hdr.valid;
 8007d3c:	f815 9026 	ldrb.w	r9, [r5, r6, lsl #2]

	/* If packet is busy need to be omitted. */
	if (!is_valid(item)) {
 8007d40:	f019 0901 	ands.w	r9, r9, #1
 8007d44:	d06e      	beq.n	8007e24 <drop_item_locked+0x126>
		return false;
	} else if (item->hdr.busy) {
 8007d46:	f815 3026 	ldrb.w	r3, [r5, r6, lsl #2]
 8007d4a:	f013 0f02 	tst.w	r3, #2
 8007d4e:	d03b      	beq.n	8007dc8 <drop_item_locked+0xca>
		bool ret = true;

		MPSC_PBUF_DBG(buffer, "no space: Found busy packet %p (len:%d)", item, rd_wlen);
		/* Add skip packet before claimed packet. */
		if (free_wlen) {
 8007d50:	9b01      	ldr	r3, [sp, #4]
 8007d52:	b9bb      	cbnz	r3, 8007d84 <drop_item_locked+0x86>
			add_skip_item(buffer, free_wlen);
			MPSC_PBUF_DBG(buffer, "no space: Added skip packet (len:%d)", free_wlen);
		}
		/* Move all indexes forward, after claimed packet. */
		buffer->wr_idx = idx_inc(buffer, buffer->wr_idx, rd_wlen);
 8007d54:	6862      	ldr	r2, [r4, #4]
	uint32_t i = idx + val;
 8007d56:	4452      	add	r2, sl
	if (buffer->flags & MPSC_PBUF_SIZE_POW2) {
 8007d58:	6923      	ldr	r3, [r4, #16]
 8007d5a:	f013 0001 	ands.w	r0, r3, #1
 8007d5e:	d116      	bne.n	8007d8e <drop_item_locked+0x90>
	return (i >= buffer->size) ? i - buffer->size : i;
 8007d60:	6a21      	ldr	r1, [r4, #32]
 8007d62:	428a      	cmp	r2, r1
 8007d64:	d316      	bcc.n	8007d94 <drop_item_locked+0x96>
 8007d66:	1a52      	subs	r2, r2, r1
 8007d68:	e014      	b.n	8007d94 <drop_item_locked+0x96>
		return item->skip.len;
 8007d6a:	f855 1026 	ldr.w	r1, [r5, r6, lsl #2]
 8007d6e:	f3c1 019d 	ubfx	r1, r1, #2, #30
 8007d72:	e7d6      	b.n	8007d22 <drop_item_locked+0x24>
		rd_idx_inc(buffer, skip_wlen);
 8007d74:	4620      	mov	r0, r4
 8007d76:	f7ff ff7c 	bl	8007c72 <rd_idx_inc>
		buffer->tmp_rd_idx = buffer->rd_idx;
 8007d7a:	68e3      	ldr	r3, [r4, #12]
 8007d7c:	60a3      	str	r3, [r4, #8]
		return true;
 8007d7e:	f04f 0901 	mov.w	r9, #1
 8007d82:	e04f      	b.n	8007e24 <drop_item_locked+0x126>
			add_skip_item(buffer, free_wlen);
 8007d84:	4619      	mov	r1, r3
 8007d86:	4620      	mov	r0, r4
 8007d88:	f7ff ff86 	bl	8007c98 <add_skip_item>
			MPSC_PBUF_DBG(buffer, "no space: Added skip packet (len:%d)", free_wlen);
 8007d8c:	e7e2      	b.n	8007d54 <drop_item_locked+0x56>
		return i & (buffer->size - 1);
 8007d8e:	6a21      	ldr	r1, [r4, #32]
 8007d90:	3901      	subs	r1, #1
 8007d92:	400a      	ands	r2, r1
		buffer->wr_idx = idx_inc(buffer, buffer->wr_idx, rd_wlen);
 8007d94:	6062      	str	r2, [r4, #4]

		/* If allocation wrapped around the buffer and found busy packet
		 * that was already omitted, skip it again and indicate that no
		 * packet was dropped.
		 */
		if (buffer->rd_idx == buffer->tmp_rd_idx) {
 8007d96:	68e1      	ldr	r1, [r4, #12]
 8007d98:	68a2      	ldr	r2, [r4, #8]
 8007d9a:	4291      	cmp	r1, r2
 8007d9c:	d006      	beq.n	8007dac <drop_item_locked+0xae>
			buffer->tmp_rd_idx = idx_inc(buffer, buffer->tmp_rd_idx, rd_wlen);
			ret = false;
		}

		buffer->tmp_wr_idx = buffer->tmp_rd_idx;
 8007d9e:	68a2      	ldr	r2, [r4, #8]
 8007da0:	6022      	str	r2, [r4, #0]
		buffer->rd_idx = buffer->tmp_rd_idx;
 8007da2:	60e2      	str	r2, [r4, #12]
		buffer->flags |= MPSC_PBUF_FULL;
 8007da4:	f043 0308 	orr.w	r3, r3, #8
 8007da8:	6123      	str	r3, [r4, #16]
		return ret;
 8007daa:	e03b      	b.n	8007e24 <drop_item_locked+0x126>
	uint32_t i = idx + val;
 8007dac:	4452      	add	r2, sl
	if (buffer->flags & MPSC_PBUF_SIZE_POW2) {
 8007dae:	b920      	cbnz	r0, 8007dba <drop_item_locked+0xbc>
	return (i >= buffer->size) ? i - buffer->size : i;
 8007db0:	6a21      	ldr	r1, [r4, #32]
 8007db2:	428a      	cmp	r2, r1
 8007db4:	d304      	bcc.n	8007dc0 <drop_item_locked+0xc2>
 8007db6:	1a52      	subs	r2, r2, r1
 8007db8:	e002      	b.n	8007dc0 <drop_item_locked+0xc2>
		return i & (buffer->size - 1);
 8007dba:	6a21      	ldr	r1, [r4, #32]
 8007dbc:	3901      	subs	r1, #1
 8007dbe:	400a      	ands	r2, r1
			buffer->tmp_rd_idx = idx_inc(buffer, buffer->tmp_rd_idx, rd_wlen);
 8007dc0:	60a2      	str	r2, [r4, #8]
			ret = false;
 8007dc2:	f04f 0900 	mov.w	r9, #0
 8007dc6:	e7ea      	b.n	8007d9e <drop_item_locked+0xa0>
	} else {
		/* Prepare packet dropping. */
		rd_idx_inc(buffer, rd_wlen);
 8007dc8:	4601      	mov	r1, r0
 8007dca:	4620      	mov	r0, r4
 8007dcc:	f7ff ff51 	bl	8007c72 <rd_idx_inc>
		buffer->tmp_rd_idx = buffer->rd_idx;
 8007dd0:	68e3      	ldr	r3, [r4, #12]
 8007dd2:	60a3      	str	r3, [r4, #8]
		/* Temporary move tmp_wr idx forward to ensure that packet
		 * will not be dropped twice and content will not be
		 * overwritten.
		 */
		if (free_wlen) {
 8007dd4:	9b01      	ldr	r3, [sp, #4]
 8007dd6:	b123      	cbz	r3, 8007de2 <drop_item_locked+0xe4>
					.valid = 0,
					.busy = 0
				}
			};

			buffer->buf[buffer->tmp_wr_idx] = invalid.raw;
 8007dd8:	69e3      	ldr	r3, [r4, #28]
 8007dda:	6822      	ldr	r2, [r4, #0]
 8007ddc:	2100      	movs	r1, #0
 8007dde:	f843 1022 	str.w	r1, [r3, r2, lsl #2]
		}

		*tmp_wr_idx_shift = rd_wlen + free_wlen;
 8007de2:	9b01      	ldr	r3, [sp, #4]
 8007de4:	4453      	add	r3, sl
 8007de6:	f8c8 3000 	str.w	r3, [r8]
		buffer->tmp_wr_idx = idx_inc(buffer, buffer->tmp_wr_idx, *tmp_wr_idx_shift);
 8007dea:	6822      	ldr	r2, [r4, #0]
	uint32_t i = idx + val;
 8007dec:	4413      	add	r3, r2
	if (buffer->flags & MPSC_PBUF_SIZE_POW2) {
 8007dee:	6922      	ldr	r2, [r4, #16]
 8007df0:	f012 0f01 	tst.w	r2, #1
 8007df4:	d104      	bne.n	8007e00 <drop_item_locked+0x102>
	return (i >= buffer->size) ? i - buffer->size : i;
 8007df6:	6a21      	ldr	r1, [r4, #32]
 8007df8:	428b      	cmp	r3, r1
 8007dfa:	d304      	bcc.n	8007e06 <drop_item_locked+0x108>
 8007dfc:	1a5b      	subs	r3, r3, r1
 8007dfe:	e002      	b.n	8007e06 <drop_item_locked+0x108>
		return i & (buffer->size - 1);
 8007e00:	6a21      	ldr	r1, [r4, #32]
 8007e02:	3901      	subs	r1, #1
 8007e04:	400b      	ands	r3, r1
		buffer->tmp_wr_idx = idx_inc(buffer, buffer->tmp_wr_idx, *tmp_wr_idx_shift);
 8007e06:	6023      	str	r3, [r4, #0]
		buffer->flags |= MPSC_PBUF_FULL;
 8007e08:	f042 0208 	orr.w	r2, r2, #8
 8007e0c:	6122      	str	r2, [r4, #16]
		item->hdr.valid = 0;
 8007e0e:	f815 3026 	ldrb.w	r3, [r5, r6, lsl #2]
 8007e12:	f023 0301 	bic.w	r3, r3, #1
 8007e16:	f805 3026 	strb.w	r3, [r5, r6, lsl #2]
		*item_to_drop = item;
 8007e1a:	f8c7 b000 	str.w	fp, [r7]
		MPSC_PBUF_DBG(buffer, "no space: dropping packet %p (len: %d)",
			       item, rd_wlen);
	}

	return true;
 8007e1e:	e001      	b.n	8007e24 <drop_item_locked+0x126>
		return false;
 8007e20:	f04f 0900 	mov.w	r9, #0
}
 8007e24:	4648      	mov	r0, r9
 8007e26:	b003      	add	sp, #12
 8007e28:	e8bd 8ff0 	ldmia.w	sp!, {r4, r5, r6, r7, r8, r9, sl, fp, pc}

08007e2c <post_drop_action>:

static void post_drop_action(struct mpsc_pbuf_buffer *buffer,
			     uint32_t prev_tmp_wr_idx,
			     uint32_t tmp_wr_idx_shift)
{
 8007e2c:	b430      	push	{r4, r5}
	uint32_t i = idx + val;
 8007e2e:	1853      	adds	r3, r2, r1
	if (buffer->flags & MPSC_PBUF_SIZE_POW2) {
 8007e30:	6904      	ldr	r4, [r0, #16]
 8007e32:	f014 0f01 	tst.w	r4, #1
 8007e36:	d104      	bne.n	8007e42 <post_drop_action+0x16>
	return (i >= buffer->size) ? i - buffer->size : i;
 8007e38:	6a05      	ldr	r5, [r0, #32]
 8007e3a:	42ab      	cmp	r3, r5
 8007e3c:	d304      	bcc.n	8007e48 <post_drop_action+0x1c>
 8007e3e:	1b5b      	subs	r3, r3, r5
 8007e40:	e002      	b.n	8007e48 <post_drop_action+0x1c>
		return i & (buffer->size - 1);
 8007e42:	6a05      	ldr	r5, [r0, #32]
 8007e44:	3d01      	subs	r5, #1
 8007e46:	402b      	ands	r3, r5
	uint32_t cmp_tmp_wr_idx = idx_inc(buffer, prev_tmp_wr_idx, tmp_wr_idx_shift);

	if (cmp_tmp_wr_idx == buffer->tmp_wr_idx) {
 8007e48:	6805      	ldr	r5, [r0, #0]
 8007e4a:	429d      	cmp	r5, r3
 8007e4c:	d014      	beq.n	8007e78 <post_drop_action+0x4c>
		buffer->flags &= ~MPSC_PBUF_FULL;
		return;
	}

	/* Operation interrupted, mark area as to be skipped. */
	union mpsc_pbuf_generic skip = {
 8007e4e:	2300      	movs	r3, #0
 8007e50:	f023 0301 	bic.w	r3, r3, #1
 8007e54:	f043 0302 	orr.w	r3, r3, #2
 8007e58:	f362 039f 	bfi	r3, r2, #2, #30
			.busy = 1,
			.len = tmp_wr_idx_shift
		}
	};

	buffer->buf[prev_tmp_wr_idx] = skip.raw;
 8007e5c:	69c4      	ldr	r4, [r0, #28]
 8007e5e:	f844 3021 	str.w	r3, [r4, r1, lsl #2]
	buffer->wr_idx = idx_inc(buffer,
 8007e62:	6843      	ldr	r3, [r0, #4]
	uint32_t i = idx + val;
 8007e64:	4413      	add	r3, r2
	if (buffer->flags & MPSC_PBUF_SIZE_POW2) {
 8007e66:	6902      	ldr	r2, [r0, #16]
 8007e68:	f012 0f01 	tst.w	r2, #1
 8007e6c:	d109      	bne.n	8007e82 <post_drop_action+0x56>
	return (i >= buffer->size) ? i - buffer->size : i;
 8007e6e:	6a02      	ldr	r2, [r0, #32]
 8007e70:	4293      	cmp	r3, r2
 8007e72:	d309      	bcc.n	8007e88 <post_drop_action+0x5c>
 8007e74:	1a9b      	subs	r3, r3, r2
 8007e76:	e007      	b.n	8007e88 <post_drop_action+0x5c>
		buffer->tmp_wr_idx = prev_tmp_wr_idx;
 8007e78:	6001      	str	r1, [r0, #0]
		buffer->flags &= ~MPSC_PBUF_FULL;
 8007e7a:	f024 0408 	bic.w	r4, r4, #8
 8007e7e:	6104      	str	r4, [r0, #16]
		return;
 8007e80:	e003      	b.n	8007e8a <post_drop_action+0x5e>
		return i & (buffer->size - 1);
 8007e82:	6a02      	ldr	r2, [r0, #32]
 8007e84:	3a01      	subs	r2, #1
 8007e86:	4013      	ands	r3, r2
	buffer->wr_idx = idx_inc(buffer,
 8007e88:	6043      	str	r3, [r0, #4]
				 buffer->wr_idx,
				 tmp_wr_idx_shift);
	/* full flag? */
}
 8007e8a:	bc30      	pop	{r4, r5}
 8007e8c:	4770      	bx	lr

08007e8e <mpsc_pbuf_init>:
{
 8007e8e:	b508      	push	{r3, lr}
	memset(buffer, 0, offsetof(struct mpsc_pbuf_buffer, buf));
 8007e90:	2300      	movs	r3, #0
 8007e92:	6003      	str	r3, [r0, #0]
 8007e94:	6043      	str	r3, [r0, #4]
 8007e96:	6083      	str	r3, [r0, #8]
 8007e98:	60c3      	str	r3, [r0, #12]
 8007e9a:	6103      	str	r3, [r0, #16]
 8007e9c:	6143      	str	r3, [r0, #20]
 8007e9e:	6183      	str	r3, [r0, #24]
	buffer->get_wlen = cfg->get_wlen;
 8007ea0:	68ca      	ldr	r2, [r1, #12]
 8007ea2:	6182      	str	r2, [r0, #24]
	buffer->notify_drop = cfg->notify_drop;
 8007ea4:	688a      	ldr	r2, [r1, #8]
 8007ea6:	6142      	str	r2, [r0, #20]
	buffer->buf = cfg->buf;
 8007ea8:	680a      	ldr	r2, [r1, #0]
 8007eaa:	61c2      	str	r2, [r0, #28]
	buffer->size = cfg->size;
 8007eac:	684a      	ldr	r2, [r1, #4]
 8007eae:	6202      	str	r2, [r0, #32]
	buffer->max_usage = 0;
 8007eb0:	6243      	str	r3, [r0, #36]	@ 0x24
	buffer->flags = cfg->flags;
 8007eb2:	690b      	ldr	r3, [r1, #16]
 8007eb4:	6103      	str	r3, [r0, #16]
 * @param x value to check
 * @return true if @p x is a power of two, false otherwise
 */
static inline bool is_power_of_two(unsigned int x)
{
	return IS_POWER_OF_TWO(x);
 8007eb6:	b12a      	cbz	r2, 8007ec4 <mpsc_pbuf_init+0x36>
 8007eb8:	1e51      	subs	r1, r2, #1
 8007eba:	420a      	tst	r2, r1
 8007ebc:	d102      	bne.n	8007ec4 <mpsc_pbuf_init+0x36>
		buffer->flags |= MPSC_PBUF_SIZE_POW2;
 8007ebe:	f043 0301 	orr.w	r3, r3, #1
 8007ec2:	6103      	str	r3, [r0, #16]
		err = k_sem_init(&buffer->sem, 0, 1);
 8007ec4:	3028      	adds	r0, #40	@ 0x28
	return z_impl_k_sem_init(sem, initial_count, limit);
 8007ec6:	2201      	movs	r2, #1
 8007ec8:	2100      	movs	r1, #0
 8007eca:	f001 fc5e 	bl	800978a <z_impl_k_sem_init>
}
 8007ece:	bd08      	pop	{r3, pc}

08007ed0 <mpsc_pbuf_alloc>:
	} while (cont);
}

union mpsc_pbuf_generic *mpsc_pbuf_alloc(struct mpsc_pbuf_buffer *buffer,
					 size_t wlen, k_timeout_t timeout)
{
 8007ed0:	e92d 4ff0 	stmdb	sp!, {r4, r5, r6, r7, r8, r9, sl, fp, lr}
 8007ed4:	b087      	sub	sp, #28
 8007ed6:	469a      	mov	sl, r3
	union mpsc_pbuf_generic *item = NULL;
	union mpsc_pbuf_generic *dropped_item = NULL;
 8007ed8:	2300      	movs	r3, #0
 8007eda:	9305      	str	r3, [sp, #20]
	bool cont = true;
	uint32_t free_wlen;
	uint32_t tmp_wr_idx_shift = 0;
 8007edc:	9303      	str	r3, [sp, #12]
	uint32_t tmp_wr_idx_val = 0;

	MPSC_PBUF_DBG(buffer, "alloc %d words", (int)wlen);

	if (wlen > (buffer->size)) {
 8007ede:	6a03      	ldr	r3, [r0, #32]
 8007ee0:	428b      	cmp	r3, r1
 8007ee2:	f0c0 8089 	bcc.w	8007ff8 <mpsc_pbuf_alloc+0x128>
 8007ee6:	4604      	mov	r4, r0
 8007ee8:	4689      	mov	r9, r1
 8007eea:	4693      	mov	fp, r2
	uint32_t tmp_wr_idx_val = 0;
 8007eec:	2300      	movs	r3, #0
 8007eee:	9301      	str	r3, [sp, #4]
	bool cont = true;
 8007ef0:	2601      	movs	r6, #1
	union mpsc_pbuf_generic *item = NULL;
 8007ef2:	9300      	str	r3, [sp, #0]
 8007ef4:	e041      	b.n	8007f7a <mpsc_pbuf_alloc+0xaa>
		k_spinlock_key_t key;
		bool wrap;

		key = k_spin_lock(&buffer->lock);
		if (tmp_wr_idx_shift) {
			post_drop_action(buffer, tmp_wr_idx_val, tmp_wr_idx_shift);
 8007ef6:	9901      	ldr	r1, [sp, #4]
 8007ef8:	4620      	mov	r0, r4
 8007efa:	f7ff ff97 	bl	8007e2c <post_drop_action>
			tmp_wr_idx_shift = 0;
 8007efe:	2300      	movs	r3, #0
 8007f00:	9303      	str	r3, [sp, #12]
 8007f02:	e045      	b.n	8007f90 <mpsc_pbuf_alloc+0xc0>

		wrap = free_space(buffer, &free_wlen);

		if (free_wlen >= wlen) {
			item =
			    (union mpsc_pbuf_generic *)&buffer->buf[buffer->tmp_wr_idx];
 8007f04:	69e3      	ldr	r3, [r4, #28]
 8007f06:	6822      	ldr	r2, [r4, #0]
			item =
 8007f08:	eb03 0182 	add.w	r1, r3, r2, lsl #2
 8007f0c:	9100      	str	r1, [sp, #0]
			item->hdr.valid = 0;
 8007f0e:	f813 1022 	ldrb.w	r1, [r3, r2, lsl #2]
 8007f12:	f021 0101 	bic.w	r1, r1, #1
 8007f16:	f803 1022 	strb.w	r1, [r3, r2, lsl #2]
			item->hdr.busy = 0;
 8007f1a:	b2c9      	uxtb	r1, r1
 8007f1c:	f021 0102 	bic.w	r1, r1, #2
 8007f20:	f803 1022 	strb.w	r1, [r3, r2, lsl #2]
	buffer->tmp_wr_idx = idx_inc(buffer, buffer->tmp_wr_idx, wlen);
 8007f24:	6823      	ldr	r3, [r4, #0]
	uint32_t i = idx + val;
 8007f26:	444b      	add	r3, r9
	if (buffer->flags & MPSC_PBUF_SIZE_POW2) {
 8007f28:	6922      	ldr	r2, [r4, #16]
 8007f2a:	f012 0f01 	tst.w	r2, #1
 8007f2e:	d104      	bne.n	8007f3a <mpsc_pbuf_alloc+0x6a>
	return (i >= buffer->size) ? i - buffer->size : i;
 8007f30:	6a21      	ldr	r1, [r4, #32]
 8007f32:	428b      	cmp	r3, r1
 8007f34:	d304      	bcc.n	8007f40 <mpsc_pbuf_alloc+0x70>
 8007f36:	1a5b      	subs	r3, r3, r1
 8007f38:	e002      	b.n	8007f40 <mpsc_pbuf_alloc+0x70>
		return i & (buffer->size - 1);
 8007f3a:	6a21      	ldr	r1, [r4, #32]
 8007f3c:	3901      	subs	r1, #1
 8007f3e:	400b      	ands	r3, r1
	buffer->tmp_wr_idx = idx_inc(buffer, buffer->tmp_wr_idx, wlen);
 8007f40:	6023      	str	r3, [r4, #0]
	if (buffer->tmp_wr_idx == buffer->rd_idx) {
 8007f42:	68e1      	ldr	r1, [r4, #12]
 8007f44:	428b      	cmp	r3, r1
 8007f46:	d001      	beq.n	8007f4c <mpsc_pbuf_alloc+0x7c>
			tmp_wr_idx_inc(buffer, wlen);
			cont = false;
 8007f48:	2600      	movs	r6, #0
 8007f4a:	e008      	b.n	8007f5e <mpsc_pbuf_alloc+0x8e>
		buffer->flags |= MPSC_PBUF_FULL;
 8007f4c:	f042 0208 	orr.w	r2, r2, #8
 8007f50:	6122      	str	r2, [r4, #16]
			cont = false;
 8007f52:	2600      	movs	r6, #0
 8007f54:	e003      	b.n	8007f5e <mpsc_pbuf_alloc+0x8e>
		} else if (wrap) {
			add_skip_item(buffer, free_wlen);
 8007f56:	4620      	mov	r0, r4
 8007f58:	f7ff fe9e 	bl	8007c98 <add_skip_item>
			cont = true;
 8007f5c:	462e      	mov	r6, r5
  __ASM volatile ("MSR basepri, %0" : : "r" (basePri) : "memory");
 8007f5e:	f388 8811 	msr	BASEPRI, r8
 8007f62:	f3bf 8f6f 	isb	sy
			cont = drop_item_locked(buffer, free_wlen,
						&dropped_item, &tmp_wr_idx_shift);
		}
		k_spin_unlock(&buffer->lock, key);

		if (dropped_item) {
 8007f66:	9905      	ldr	r1, [sp, #20]
 8007f68:	b129      	cbz	r1, 8007f76 <mpsc_pbuf_alloc+0xa6>
			/* Notify about item being dropped. */
			if (buffer->notify_drop) {
 8007f6a:	6963      	ldr	r3, [r4, #20]
 8007f6c:	b10b      	cbz	r3, 8007f72 <mpsc_pbuf_alloc+0xa2>
				buffer->notify_drop(buffer, dropped_item);
 8007f6e:	4620      	mov	r0, r4
 8007f70:	4798      	blx	r3
			}
			dropped_item = NULL;
 8007f72:	2300      	movs	r3, #0
 8007f74:	9305      	str	r3, [sp, #20]
		}
	} while (cont);
 8007f76:	2e00      	cmp	r6, #0
 8007f78:	d040      	beq.n	8007ffc <mpsc_pbuf_alloc+0x12c>
  __ASM volatile ("MRS %0, basepri" : "=r" (result) );
 8007f7a:	f3ef 8711 	mrs	r7, BASEPRI
  __ASM volatile ("MSR basepri_max, %0" : : "r" (basePri) : "memory");
 8007f7e:	2310      	movs	r3, #16
 8007f80:	f383 8812 	msr	BASEPRI_MAX, r3
 8007f84:	f3bf 8f6f 	isb	sy
 8007f88:	46b8      	mov	r8, r7
		if (tmp_wr_idx_shift) {
 8007f8a:	9a03      	ldr	r2, [sp, #12]
 8007f8c:	2a00      	cmp	r2, #0
 8007f8e:	d1b2      	bne.n	8007ef6 <mpsc_pbuf_alloc+0x26>
		wrap = free_space(buffer, &free_wlen);
 8007f90:	a904      	add	r1, sp, #16
 8007f92:	4620      	mov	r0, r4
 8007f94:	f7ff fe26 	bl	8007be4 <free_space>
 8007f98:	4605      	mov	r5, r0
		if (free_wlen >= wlen) {
 8007f9a:	9904      	ldr	r1, [sp, #16]
 8007f9c:	4549      	cmp	r1, r9
 8007f9e:	d2b1      	bcs.n	8007f04 <mpsc_pbuf_alloc+0x34>
		} else if (wrap) {
 8007fa0:	2800      	cmp	r0, #0
 8007fa2:	d1d8      	bne.n	8007f56 <mpsc_pbuf_alloc+0x86>
		} else if (IS_ENABLED(CONFIG_MULTITHREADING) && !K_TIMEOUT_EQ(timeout, K_NO_WAIT) &&
 8007fa4:	ea5a 030b 	orrs.w	r3, sl, fp
 8007fa8:	d10b      	bne.n	8007fc2 <mpsc_pbuf_alloc+0xf2>
		} else if (cont) {
 8007faa:	2e00      	cmp	r6, #0
 8007fac:	d0d7      	beq.n	8007f5e <mpsc_pbuf_alloc+0x8e>
			tmp_wr_idx_val = buffer->tmp_wr_idx;
 8007fae:	6823      	ldr	r3, [r4, #0]
 8007fb0:	9301      	str	r3, [sp, #4]
			cont = drop_item_locked(buffer, free_wlen,
 8007fb2:	ab03      	add	r3, sp, #12
 8007fb4:	aa05      	add	r2, sp, #20
 8007fb6:	9904      	ldr	r1, [sp, #16]
 8007fb8:	4620      	mov	r0, r4
 8007fba:	f7ff fea0 	bl	8007cfe <drop_item_locked>
 8007fbe:	4606      	mov	r6, r0
 8007fc0:	e7cd      	b.n	8007f5e <mpsc_pbuf_alloc+0x8e>
			   !k_is_in_isr() && arch_irq_unlocked(key.key)) {
 8007fc2:	f001 fc1b 	bl	80097fc <k_is_in_isr>
		} else if (IS_ENABLED(CONFIG_MULTITHREADING) && !K_TIMEOUT_EQ(timeout, K_NO_WAIT) &&
 8007fc6:	2800      	cmp	r0, #0
 8007fc8:	d1ef      	bne.n	8007faa <mpsc_pbuf_alloc+0xda>
			   !k_is_in_isr() && arch_irq_unlocked(key.key)) {
 8007fca:	2f00      	cmp	r7, #0
 8007fcc:	d1ed      	bne.n	8007faa <mpsc_pbuf_alloc+0xda>
  __ASM volatile ("MSR basepri, %0" : : "r" (basePri) : "memory");
 8007fce:	f387 8811 	msr	BASEPRI, r7
 8007fd2:	f3bf 8f6f 	isb	sy
			err = k_sem_take(&buffer->sem, timeout);
 8007fd6:	f104 0028 	add.w	r0, r4, #40	@ 0x28
	return z_impl_k_sem_take(sem, timeout);
 8007fda:	465a      	mov	r2, fp
 8007fdc:	4653      	mov	r3, sl
 8007fde:	f7fd fc4b 	bl	8005878 <z_impl_k_sem_take>
  __ASM volatile ("MRS %0, basepri" : "=r" (result) );
 8007fe2:	f3ef 8811 	mrs	r8, BASEPRI
  __ASM volatile ("MSR basepri_max, %0" : : "r" (basePri) : "memory");
 8007fe6:	2310      	movs	r3, #16
 8007fe8:	f383 8812 	msr	BASEPRI_MAX, r3
 8007fec:	f3bf 8f6f 	isb	sy
			cont = (err == 0) ? true : false;
 8007ff0:	fab0 f680 	clz	r6, r0
 8007ff4:	0976      	lsrs	r6, r6, #5
			   !k_is_in_isr() && arch_irq_unlocked(key.key)) {
 8007ff6:	e7b2      	b.n	8007f5e <mpsc_pbuf_alloc+0x8e>
		return NULL;
 8007ff8:	2300      	movs	r3, #0
 8007ffa:	9300      	str	r3, [sp, #0]
		/* During test fill with 0's to simplify message comparison */
		memset(item, 0, sizeof(int) * wlen);
	}

	return item;
}
 8007ffc:	9800      	ldr	r0, [sp, #0]
 8007ffe:	b007      	add	sp, #28
 8008000:	e8bd 8ff0 	ldmia.w	sp!, {r4, r5, r6, r7, r8, r9, sl, fp, pc}

08008004 <mpsc_pbuf_commit>:

void mpsc_pbuf_commit(struct mpsc_pbuf_buffer *buffer,
		       union mpsc_pbuf_generic *item)
{
 8008004:	b570      	push	{r4, r5, r6, lr}
 8008006:	4604      	mov	r4, r0
 8008008:	460d      	mov	r5, r1
	uint32_t wlen = buffer->get_wlen(item);
 800800a:	6983      	ldr	r3, [r0, #24]
 800800c:	4608      	mov	r0, r1
 800800e:	4798      	blx	r3
  __ASM volatile ("MRS %0, basepri" : "=r" (result) );
 8008010:	f3ef 8611 	mrs	r6, BASEPRI
  __ASM volatile ("MSR basepri_max, %0" : : "r" (basePri) : "memory");
 8008014:	2310      	movs	r3, #16
 8008016:	f383 8812 	msr	BASEPRI_MAX, r3
 800801a:	f3bf 8f6f 	isb	sy

	k_spinlock_key_t key = k_spin_lock(&buffer->lock);

	item->hdr.valid = 1;
 800801e:	782b      	ldrb	r3, [r5, #0]
 8008020:	f043 0301 	orr.w	r3, r3, #1
 8008024:	702b      	strb	r3, [r5, #0]
	buffer->wr_idx = idx_inc(buffer, buffer->wr_idx, wlen);
 8008026:	6863      	ldr	r3, [r4, #4]
	uint32_t i = idx + val;
 8008028:	4418      	add	r0, r3
	if (buffer->flags & MPSC_PBUF_SIZE_POW2) {
 800802a:	6923      	ldr	r3, [r4, #16]
 800802c:	f013 0f01 	tst.w	r3, #1
 8008030:	d104      	bne.n	800803c <mpsc_pbuf_commit+0x38>
	return (i >= buffer->size) ? i - buffer->size : i;
 8008032:	6a23      	ldr	r3, [r4, #32]
 8008034:	4298      	cmp	r0, r3
 8008036:	d304      	bcc.n	8008042 <mpsc_pbuf_commit+0x3e>
 8008038:	1ac0      	subs	r0, r0, r3
 800803a:	e002      	b.n	8008042 <mpsc_pbuf_commit+0x3e>
		return i & (buffer->size - 1);
 800803c:	6a23      	ldr	r3, [r4, #32]
 800803e:	3b01      	subs	r3, #1
 8008040:	4018      	ands	r0, r3
	buffer->wr_idx = idx_inc(buffer, buffer->wr_idx, wlen);
 8008042:	6060      	str	r0, [r4, #4]
	max_utilization_update(buffer);
 8008044:	4620      	mov	r0, r4
 8008046:	f7ff fe05 	bl	8007c54 <max_utilization_update>
  __ASM volatile ("MSR basepri, %0" : : "r" (basePri) : "memory");
 800804a:	f386 8811 	msr	BASEPRI, r6
 800804e:	f3bf 8f6f 	isb	sy
	k_spin_unlock(&buffer->lock, key);
	MPSC_PBUF_DBG(buffer, "committed %p", item);
}
 8008052:	bd70      	pop	{r4, r5, r6, pc}

08008054 <mpsc_pbuf_claim>:
		}
	} while (cont);
}

const union mpsc_pbuf_generic *mpsc_pbuf_claim(struct mpsc_pbuf_buffer *buffer)
{
 8008054:	e92d 41f0 	stmdb	sp!, {r4, r5, r6, r7, r8, lr}
 8008058:	b082      	sub	sp, #8
 800805a:	4604      	mov	r4, r0
	union mpsc_pbuf_generic *item;
	bool cont;
	bool need_post = false;
 800805c:	2700      	movs	r7, #0
 800805e:	e030      	b.n	80080c2 <mpsc_pbuf_claim+0x6e>
		return item->skip.len;
 8008060:	f853 1022 	ldr.w	r1, [r3, r2, lsl #2]
			MPSC_PBUF_DBG(buffer, "invalid claim %d: %p", a, item);
			item = NULL;
		} else {
			uint32_t skip = get_skip(item);

			if (skip || !is_valid(item)) {
 8008064:	0889      	lsrs	r1, r1, #2
 8008066:	d150      	bne.n	800810a <mpsc_pbuf_claim+0xb6>
 8008068:	e045      	b.n	80080f6 <mpsc_pbuf_claim+0xa2>
		return i & (buffer->size - 1);
 800806a:	6a22      	ldr	r2, [r4, #32]
 800806c:	3a01      	subs	r2, #1
 800806e:	4013      	ands	r3, r2
				uint32_t inc =
					skip ? skip : buffer->get_wlen(item);

				buffer->tmp_rd_idx =
 8008070:	60a3      	str	r3, [r4, #8]
				      idx_inc(buffer, buffer->tmp_rd_idx, inc);
				rd_idx_inc(buffer, inc);
 8008072:	4620      	mov	r0, r4
 8008074:	f7ff fdfd 	bl	8007c72 <rd_idx_inc>
				cont = true;
				need_post = true;
 8008078:	2701      	movs	r7, #1
				cont = true;
 800807a:	463b      	mov	r3, r7
			if (skip || !is_valid(item)) {
 800807c:	e01c      	b.n	80080b8 <mpsc_pbuf_claim+0x64>
			} else {
				item->hdr.busy = 1;
 800807e:	f813 1022 	ldrb.w	r1, [r3, r2, lsl #2]
 8008082:	f041 0102 	orr.w	r1, r1, #2
 8008086:	f803 1022 	strb.w	r1, [r3, r2, lsl #2]
				buffer->tmp_rd_idx =
					idx_inc(buffer, buffer->tmp_rd_idx,
 800808a:	f8d4 8008 	ldr.w	r8, [r4, #8]
						buffer->get_wlen(item));
 800808e:	69a3      	ldr	r3, [r4, #24]
 8008090:	4628      	mov	r0, r5
 8008092:	4798      	blx	r3
	uint32_t i = idx + val;
 8008094:	4440      	add	r0, r8
	if (buffer->flags & MPSC_PBUF_SIZE_POW2) {
 8008096:	6923      	ldr	r3, [r4, #16]
 8008098:	f013 0f01 	tst.w	r3, #1
 800809c:	d104      	bne.n	80080a8 <mpsc_pbuf_claim+0x54>
	return (i >= buffer->size) ? i - buffer->size : i;
 800809e:	6a23      	ldr	r3, [r4, #32]
 80080a0:	4298      	cmp	r0, r3
 80080a2:	d304      	bcc.n	80080ae <mpsc_pbuf_claim+0x5a>
 80080a4:	1ac0      	subs	r0, r0, r3
 80080a6:	e002      	b.n	80080ae <mpsc_pbuf_claim+0x5a>
		return i & (buffer->size - 1);
 80080a8:	6a23      	ldr	r3, [r4, #32]
 80080aa:	3b01      	subs	r3, #1
 80080ac:	4018      	ands	r0, r3
				buffer->tmp_rd_idx =
 80080ae:	60a0      	str	r0, [r4, #8]
		cont = false;
 80080b0:	2300      	movs	r3, #0
 80080b2:	e001      	b.n	80080b8 <mpsc_pbuf_claim+0x64>
 80080b4:	2300      	movs	r3, #0
			item = NULL;
 80080b6:	461d      	mov	r5, r3
 80080b8:	f386 8811 	msr	BASEPRI, r6
 80080bc:	f3bf 8f6f 	isb	sy

		if (!cont) {
			MPSC_PBUF_DBG(buffer, ">>claimed %d: %p", a, item);
		}
		k_spin_unlock(&buffer->lock, key);
	} while (cont);
 80080c0:	b38b      	cbz	r3, 8008126 <mpsc_pbuf_claim+0xd2>
  __ASM volatile ("MRS %0, basepri" : "=r" (result) );
 80080c2:	f3ef 8611 	mrs	r6, BASEPRI
  __ASM volatile ("MSR basepri_max, %0" : : "r" (basePri) : "memory");
 80080c6:	2310      	movs	r3, #16
 80080c8:	f383 8812 	msr	BASEPRI_MAX, r3
 80080cc:	f3bf 8f6f 	isb	sy
		(void)available(buffer, &a);
 80080d0:	a901      	add	r1, sp, #4
 80080d2:	4620      	mov	r0, r4
 80080d4:	f7ff fd9a 	bl	8007c0c <available>
			&buffer->buf[buffer->tmp_rd_idx];
 80080d8:	69e3      	ldr	r3, [r4, #28]
 80080da:	68a2      	ldr	r2, [r4, #8]
		item = (union mpsc_pbuf_generic *)
 80080dc:	eb03 0582 	add.w	r5, r3, r2, lsl #2
		if (!a || is_invalid(item)) {
 80080e0:	9901      	ldr	r1, [sp, #4]
 80080e2:	2900      	cmp	r1, #0
 80080e4:	d0e6      	beq.n	80080b4 <mpsc_pbuf_claim+0x60>
	return !item->hdr.valid && !item->hdr.busy;
 80080e6:	f813 1022 	ldrb.w	r1, [r3, r2, lsl #2]
		if (!a || is_invalid(item)) {
 80080ea:	f011 0103 	ands.w	r1, r1, #3
 80080ee:	d017      	beq.n	8008120 <mpsc_pbuf_claim+0xcc>
	if (item->hdr.busy && !item->hdr.valid) {
 80080f0:	2902      	cmp	r1, #2
 80080f2:	d0b5      	beq.n	8008060 <mpsc_pbuf_claim+0xc>
	return 0;
 80080f4:	2100      	movs	r1, #0
	return item->hdr.valid;
 80080f6:	f813 0022 	ldrb.w	r0, [r3, r2, lsl #2]
			if (skip || !is_valid(item)) {
 80080fa:	f010 0f01 	tst.w	r0, #1
 80080fe:	d1be      	bne.n	800807e <mpsc_pbuf_claim+0x2a>
					skip ? skip : buffer->get_wlen(item);
 8008100:	b919      	cbnz	r1, 800810a <mpsc_pbuf_claim+0xb6>
 8008102:	69a3      	ldr	r3, [r4, #24]
 8008104:	4628      	mov	r0, r5
 8008106:	4798      	blx	r3
 8008108:	4601      	mov	r1, r0
				      idx_inc(buffer, buffer->tmp_rd_idx, inc);
 800810a:	68a3      	ldr	r3, [r4, #8]
	uint32_t i = idx + val;
 800810c:	440b      	add	r3, r1
	if (buffer->flags & MPSC_PBUF_SIZE_POW2) {
 800810e:	6922      	ldr	r2, [r4, #16]
 8008110:	f012 0f01 	tst.w	r2, #1
 8008114:	d1a9      	bne.n	800806a <mpsc_pbuf_claim+0x16>
	return (i >= buffer->size) ? i - buffer->size : i;
 8008116:	6a22      	ldr	r2, [r4, #32]
 8008118:	4293      	cmp	r3, r2
 800811a:	d3a9      	bcc.n	8008070 <mpsc_pbuf_claim+0x1c>
 800811c:	1a9b      	subs	r3, r3, r2
 800811e:	e7a7      	b.n	8008070 <mpsc_pbuf_claim+0x1c>
		cont = false;
 8008120:	2300      	movs	r3, #0
			item = NULL;
 8008122:	461d      	mov	r5, r3
 8008124:	e7c8      	b.n	80080b8 <mpsc_pbuf_claim+0x64>

	if (IS_ENABLED(CONFIG_MULTITHREADING) && need_post && item == NULL) {
 8008126:	b107      	cbz	r7, 800812a <mpsc_pbuf_claim+0xd6>
 8008128:	b11d      	cbz	r5, 8008132 <mpsc_pbuf_claim+0xde>
		k_sem_give(&buffer->sem);
	}

	return item;
}
 800812a:	4628      	mov	r0, r5
 800812c:	b002      	add	sp, #8
 800812e:	e8bd 81f0 	ldmia.w	sp!, {r4, r5, r6, r7, r8, pc}
		k_sem_give(&buffer->sem);
 8008132:	f104 0028 	add.w	r0, r4, #40	@ 0x28
	z_impl_k_sem_give(sem);
 8008136:	f7fd fb63 	bl	8005800 <z_impl_k_sem_give>
	return item;
 800813a:	e7f6      	b.n	800812a <mpsc_pbuf_claim+0xd6>

0800813c <mpsc_pbuf_free>:

void mpsc_pbuf_free(struct mpsc_pbuf_buffer *buffer,
		     const union mpsc_pbuf_generic *item)
{
 800813c:	b570      	push	{r4, r5, r6, lr}
 800813e:	4604      	mov	r4, r0
 8008140:	460d      	mov	r5, r1
	uint32_t wlen = buffer->get_wlen(item);
 8008142:	6983      	ldr	r3, [r0, #24]
 8008144:	4608      	mov	r0, r1
 8008146:	4798      	blx	r3
 8008148:	4601      	mov	r1, r0
  __ASM volatile ("MRS %0, basepri" : "=r" (result) );
 800814a:	f3ef 8611 	mrs	r6, BASEPRI
  __ASM volatile ("MSR basepri_max, %0" : : "r" (basePri) : "memory");
 800814e:	2310      	movs	r3, #16
 8008150:	f383 8812 	msr	BASEPRI_MAX, r3
 8008154:	f3bf 8f6f 	isb	sy
	k_spinlock_key_t key = k_spin_lock(&buffer->lock);
	union mpsc_pbuf_generic *witem = (union mpsc_pbuf_generic *)item;

	witem->hdr.valid = 0;
 8008158:	782b      	ldrb	r3, [r5, #0]
 800815a:	f023 0301 	bic.w	r3, r3, #1
 800815e:	702b      	strb	r3, [r5, #0]
	if (!(buffer->flags & MPSC_PBUF_MODE_OVERWRITE) ||
 8008160:	6923      	ldr	r3, [r4, #16]
 8008162:	f013 0f02 	tst.w	r3, #2
 8008166:	d00a      	beq.n	800817e <mpsc_pbuf_free+0x42>
		 ((uint32_t *)item == &buffer->buf[buffer->rd_idx])) {
 8008168:	69e3      	ldr	r3, [r4, #28]
 800816a:	68e2      	ldr	r2, [r4, #12]
 800816c:	eb03 0382 	add.w	r3, r3, r2, lsl #2
	if (!(buffer->flags & MPSC_PBUF_MODE_OVERWRITE) ||
 8008170:	42ab      	cmp	r3, r5
 8008172:	d004      	beq.n	800817e <mpsc_pbuf_free+0x42>
			buffer->tmp_rd_idx = idx_inc(buffer, buffer->tmp_rd_idx, wlen);
		}
		rd_idx_inc(buffer, wlen);
	} else {
		MPSC_PBUF_DBG(buffer, "Allocation occurred during claim");
		witem->skip.len = wlen;
 8008174:	682b      	ldr	r3, [r5, #0]
 8008176:	f360 039f 	bfi	r3, r0, #2, #30
 800817a:	602b      	str	r3, [r5, #0]
 800817c:	e00a      	b.n	8008194 <mpsc_pbuf_free+0x58>
		witem->hdr.busy = 0;
 800817e:	782b      	ldrb	r3, [r5, #0]
 8008180:	f023 0302 	bic.w	r3, r3, #2
 8008184:	702b      	strb	r3, [r5, #0]
		if (buffer->rd_idx == buffer->tmp_rd_idx) {
 8008186:	68e2      	ldr	r2, [r4, #12]
 8008188:	68a3      	ldr	r3, [r4, #8]
 800818a:	429a      	cmp	r2, r3
 800818c:	d00b      	beq.n	80081a6 <mpsc_pbuf_free+0x6a>
		rd_idx_inc(buffer, wlen);
 800818e:	4620      	mov	r0, r4
 8008190:	f7ff fd6f 	bl	8007c72 <rd_idx_inc>
  __ASM volatile ("MSR basepri, %0" : : "r" (basePri) : "memory");
 8008194:	f386 8811 	msr	BASEPRI, r6
 8008198:	f3bf 8f6f 	isb	sy
	}
	MPSC_PBUF_DBG(buffer, "<<freed: %p", item);

	k_spin_unlock(&buffer->lock, key);
	if (IS_ENABLED(CONFIG_MULTITHREADING)) {
		k_sem_give(&buffer->sem);
 800819c:	f104 0028 	add.w	r0, r4, #40	@ 0x28
 80081a0:	f7fd fb2e 	bl	8005800 <z_impl_k_sem_give>
	}
}
 80081a4:	bd70      	pop	{r4, r5, r6, pc}
	uint32_t i = idx + val;
 80081a6:	440b      	add	r3, r1
	if (buffer->flags & MPSC_PBUF_SIZE_POW2) {
 80081a8:	6922      	ldr	r2, [r4, #16]
 80081aa:	f012 0f01 	tst.w	r2, #1
 80081ae:	d104      	bne.n	80081ba <mpsc_pbuf_free+0x7e>
	return (i >= buffer->size) ? i - buffer->size : i;
 80081b0:	6a22      	ldr	r2, [r4, #32]
 80081b2:	4293      	cmp	r3, r2
 80081b4:	d304      	bcc.n	80081c0 <mpsc_pbuf_free+0x84>
 80081b6:	1a9b      	subs	r3, r3, r2
 80081b8:	e002      	b.n	80081c0 <mpsc_pbuf_free+0x84>
		return i & (buffer->size - 1);
 80081ba:	6a22      	ldr	r2, [r4, #32]
 80081bc:	3a01      	subs	r2, #1
 80081be:	4013      	ands	r3, r2
			buffer->tmp_rd_idx = idx_inc(buffer, buffer->tmp_rd_idx, wlen);
 80081c0:	60a3      	str	r3, [r4, #8]
 80081c2:	e7e4      	b.n	800818e <mpsc_pbuf_free+0x52>

080081c4 <mpsc_pbuf_is_pending>:

bool mpsc_pbuf_is_pending(struct mpsc_pbuf_buffer *buffer)
{
 80081c4:	b510      	push	{r4, lr}
 80081c6:	b082      	sub	sp, #8
  __ASM volatile ("MRS %0, basepri" : "=r" (result) );
 80081c8:	f3ef 8411 	mrs	r4, BASEPRI
  __ASM volatile ("MSR basepri_max, %0" : : "r" (basePri) : "memory");
 80081cc:	2310      	movs	r3, #16
 80081ce:	f383 8812 	msr	BASEPRI_MAX, r3
 80081d2:	f3bf 8f6f 	isb	sy
	uint32_t a;
	k_spinlock_key_t key = k_spin_lock(&buffer->lock);

	(void)available(buffer, &a);
 80081d6:	a901      	add	r1, sp, #4
 80081d8:	f7ff fd18 	bl	8007c0c <available>
  __ASM volatile ("MSR basepri, %0" : : "r" (basePri) : "memory");
 80081dc:	f384 8811 	msr	BASEPRI, r4
 80081e0:	f3bf 8f6f 	isb	sy
	k_spin_unlock(&buffer->lock, key);

	return a ? true : false;
 80081e4:	9801      	ldr	r0, [sp, #4]
}
 80081e6:	3800      	subs	r0, #0
 80081e8:	bf18      	it	ne
 80081ea:	2001      	movne	r0, #1
 80081ec:	b002      	add	sp, #8
 80081ee:	bd10      	pop	{r4, pc}

080081f0 <_ConfigAbsSyms>:
GEN_ABSOLUTE_SYM_KCONFIG(CONFIG_WARN_DEPRECATED, 1);
GEN_ABSOLUTE_SYM_KCONFIG(CONFIG_TAINT, 1);
GEN_ABSOLUTE_SYM_KCONFIG(CONFIG_ENFORCE_ZEPHYR_STDINT, 1);
GEN_ABSOLUTE_SYM_KCONFIG(CONFIG_LEGACY_GENERATED_INCLUDE_PATH, 1);

GEN_ABS_SYM_END
 80081f0:	4770      	bx	lr

080081f2 <pm_device_driver_init>:
	ARG_UNUSED(dev);
	return true;
}

static inline int pm_device_driver_init(const struct device *dev, pm_device_action_cb_t action_cb)
{
 80081f2:	b538      	push	{r3, r4, r5, lr}
 80081f4:	4605      	mov	r5, r0
 80081f6:	460c      	mov	r4, r1
	int rc;

	/* When power management is not enabled, all drivers should initialise to active state */
	rc = action_cb(dev, PM_DEVICE_ACTION_TURN_ON);
 80081f8:	2103      	movs	r1, #3
 80081fa:	47a0      	blx	r4
	if ((rc < 0) && (rc != -ENOTSUP)) {
 80081fc:	2800      	cmp	r0, #0
 80081fe:	db06      	blt.n	800820e <pm_device_driver_init+0x1c>
		return rc;
	}

	rc = action_cb(dev, PM_DEVICE_ACTION_RESUME);
 8008200:	2101      	movs	r1, #1
 8008202:	4628      	mov	r0, r5
 8008204:	47a0      	blx	r4
	if (rc < 0) {
 8008206:	2800      	cmp	r0, #0
 8008208:	db00      	blt.n	800820c <pm_device_driver_init+0x1a>
		return rc;
	}

	return 0;
 800820a:	2000      	movs	r0, #0
}
 800820c:	bd38      	pop	{r3, r4, r5, pc}
	if ((rc < 0) && (rc != -ENOTSUP)) {
 800820e:	f110 0f86 	cmn.w	r0, #134	@ 0x86
 8008212:	d1fb      	bne.n	800820c <pm_device_driver_init+0x1a>
 8008214:	e7f4      	b.n	8008200 <pm_device_driver_init+0xe>

08008216 <LL_GPIO_SetPinSpeed>:
  *         @arg @ref LL_GPIO_SPEED_FREQ_HIGH
  *         @arg @ref LL_GPIO_SPEED_FREQ_VERY_HIGH
  * @retval None
  */
__STATIC_INLINE void LL_GPIO_SetPinSpeed(GPIO_TypeDef *GPIOx, uint32_t Pin, uint32_t  Speed)
{
 8008216:	b410      	push	{r4}
  MODIFY_REG(GPIOx->OSPEEDR, (GPIO_OSPEEDER_OSPEEDR0 << (POSITION_VAL(Pin) * 2U)),
 8008218:	6884      	ldr	r4, [r0, #8]
   __ASM ("rbit %0, %1" : "=r" (result) : "r" (value) );
 800821a:	fa91 f3a1 	rbit	r3, r1
  if (value == 0U)
 800821e:	b19b      	cbz	r3, 8008248 <LL_GPIO_SetPinSpeed+0x32>
  return __builtin_clz(value);
 8008220:	fab3 f383 	clz	r3, r3
 8008224:	005b      	lsls	r3, r3, #1
 8008226:	f04f 0c03 	mov.w	ip, #3
 800822a:	fa0c f303 	lsl.w	r3, ip, r3
 800822e:	ea24 0303 	bic.w	r3, r4, r3
   __ASM ("rbit %0, %1" : "=r" (result) : "r" (value) );
 8008232:	fa91 f1a1 	rbit	r1, r1
  if (value == 0U)
 8008236:	b149      	cbz	r1, 800824c <LL_GPIO_SetPinSpeed+0x36>
  return __builtin_clz(value);
 8008238:	fab1 f181 	clz	r1, r1
 800823c:	0049      	lsls	r1, r1, #1
 800823e:	408a      	lsls	r2, r1
 8008240:	4313      	orrs	r3, r2
 8008242:	6083      	str	r3, [r0, #8]
             (Speed << (POSITION_VAL(Pin) * 2U)));
}
 8008244:	bc10      	pop	{r4}
 8008246:	4770      	bx	lr
    return 32U;
 8008248:	2320      	movs	r3, #32
 800824a:	e7eb      	b.n	8008224 <LL_GPIO_SetPinSpeed+0xe>
 800824c:	2120      	movs	r1, #32
 800824e:	e7f5      	b.n	800823c <LL_GPIO_SetPinSpeed+0x26>

08008250 <LL_GPIO_SetPinPull>:
  *         @arg @ref LL_GPIO_PULL_UP
  *         @arg @ref LL_GPIO_PULL_DOWN
  * @retval None
  */
__STATIC_INLINE void LL_GPIO_SetPinPull(GPIO_TypeDef *GPIOx, uint32_t Pin, uint32_t Pull)
{
 8008250:	b410      	push	{r4}
  MODIFY_REG(GPIOx->PUPDR, (GPIO_PUPDR_PUPDR0 << (POSITION_VAL(Pin) * 2U)), (Pull << (POSITION_VAL(Pin) * 2U)));
 8008252:	68c4      	ldr	r4, [r0, #12]
   __ASM ("rbit %0, %1" : "=r" (result) : "r" (value) );
 8008254:	fa91 f3a1 	rbit	r3, r1
  if (value == 0U)
 8008258:	b19b      	cbz	r3, 8008282 <LL_GPIO_SetPinPull+0x32>
  return __builtin_clz(value);
 800825a:	fab3 f383 	clz	r3, r3
 800825e:	005b      	lsls	r3, r3, #1
 8008260:	f04f 0c03 	mov.w	ip, #3
 8008264:	fa0c f303 	lsl.w	r3, ip, r3
 8008268:	ea24 0303 	bic.w	r3, r4, r3
   __ASM ("rbit %0, %1" : "=r" (result) : "r" (value) );
 800826c:	fa91 f1a1 	rbit	r1, r1
  if (value == 0U)
 8008270:	b149      	cbz	r1, 8008286 <LL_GPIO_SetPinPull+0x36>
  return __builtin_clz(value);
 8008272:	fab1 f181 	clz	r1, r1
 8008276:	0049      	lsls	r1, r1, #1
 8008278:	408a      	lsls	r2, r1
 800827a:	4313      	orrs	r3, r2
 800827c:	60c3      	str	r3, [r0, #12]
}
 800827e:	bc10      	pop	{r4}
 8008280:	4770      	bx	lr
    return 32U;
 8008282:	2320      	movs	r3, #32
 8008284:	e7eb      	b.n	800825e <LL_GPIO_SetPinPull+0xe>
 8008286:	2120      	movs	r1, #32
 8008288:	e7f5      	b.n	8008276 <LL_GPIO_SetPinPull+0x26>

0800828a <ll_gpio_set_pin_pull>:
{
 800828a:	b508      	push	{r3, lr}
	LL_GPIO_SetPinPull(GPIOx, Pin, Pull);
 800828c:	f7ff ffe0 	bl	8008250 <LL_GPIO_SetPinPull>
}
 8008290:	bd08      	pop	{r3, pc}

08008292 <LL_GPIO_SetAFPin_0_7>:
  *         @arg @ref LL_GPIO_AF_14
  *         @arg @ref LL_GPIO_AF_15
  * @retval None
  */
__STATIC_INLINE void LL_GPIO_SetAFPin_0_7(GPIO_TypeDef *GPIOx, uint32_t Pin, uint32_t Alternate)
{
 8008292:	b410      	push	{r4}
  MODIFY_REG(GPIOx->AFR[0], (GPIO_AFRL_AFSEL0 << (POSITION_VAL(Pin) * 4U)),
 8008294:	6a04      	ldr	r4, [r0, #32]
   __ASM ("rbit %0, %1" : "=r" (result) : "r" (value) );
 8008296:	fa91 f3a1 	rbit	r3, r1
  if (value == 0U)
 800829a:	b19b      	cbz	r3, 80082c4 <LL_GPIO_SetAFPin_0_7+0x32>
  return __builtin_clz(value);
 800829c:	fab3 f383 	clz	r3, r3
 80082a0:	009b      	lsls	r3, r3, #2
 80082a2:	f04f 0c0f 	mov.w	ip, #15
 80082a6:	fa0c f303 	lsl.w	r3, ip, r3
 80082aa:	ea24 0303 	bic.w	r3, r4, r3
   __ASM ("rbit %0, %1" : "=r" (result) : "r" (value) );
 80082ae:	fa91 f1a1 	rbit	r1, r1
  if (value == 0U)
 80082b2:	b149      	cbz	r1, 80082c8 <LL_GPIO_SetAFPin_0_7+0x36>
  return __builtin_clz(value);
 80082b4:	fab1 f181 	clz	r1, r1
 80082b8:	0089      	lsls	r1, r1, #2
 80082ba:	408a      	lsls	r2, r1
 80082bc:	4313      	orrs	r3, r2
 80082be:	6203      	str	r3, [r0, #32]
             (Alternate << (POSITION_VAL(Pin) * 4U)));
}
 80082c0:	bc10      	pop	{r4}
 80082c2:	4770      	bx	lr
    return 32U;
 80082c4:	2320      	movs	r3, #32
 80082c6:	e7eb      	b.n	80082a0 <LL_GPIO_SetAFPin_0_7+0xe>
 80082c8:	2120      	movs	r1, #32
 80082ca:	e7f5      	b.n	80082b8 <LL_GPIO_SetAFPin_0_7+0x26>

080082cc <LL_GPIO_SetAFPin_8_15>:
  *         @arg @ref LL_GPIO_AF_14
  *         @arg @ref LL_GPIO_AF_15
  * @retval None
  */
__STATIC_INLINE void LL_GPIO_SetAFPin_8_15(GPIO_TypeDef *GPIOx, uint32_t Pin, uint32_t Alternate)
{
 80082cc:	b410      	push	{r4}
  MODIFY_REG(GPIOx->AFR[1], (GPIO_AFRH_AFSEL8 << (POSITION_VAL(Pin >> 8U) * 4U)),
 80082ce:	6a44      	ldr	r4, [r0, #36]	@ 0x24
 80082d0:	0a09      	lsrs	r1, r1, #8
   __ASM ("rbit %0, %1" : "=r" (result) : "r" (value) );
 80082d2:	fa91 f3a1 	rbit	r3, r1
  if (value == 0U)
 80082d6:	b19b      	cbz	r3, 8008300 <LL_GPIO_SetAFPin_8_15+0x34>
  return __builtin_clz(value);
 80082d8:	fab3 f383 	clz	r3, r3
 80082dc:	009b      	lsls	r3, r3, #2
 80082de:	f04f 0c0f 	mov.w	ip, #15
 80082e2:	fa0c f303 	lsl.w	r3, ip, r3
 80082e6:	ea24 0403 	bic.w	r4, r4, r3
   __ASM ("rbit %0, %1" : "=r" (result) : "r" (value) );
 80082ea:	fa91 f1a1 	rbit	r1, r1
  if (value == 0U)
 80082ee:	b149      	cbz	r1, 8008304 <LL_GPIO_SetAFPin_8_15+0x38>
  return __builtin_clz(value);
 80082f0:	fab1 f181 	clz	r1, r1
 80082f4:	0089      	lsls	r1, r1, #2
 80082f6:	408a      	lsls	r2, r1
 80082f8:	4314      	orrs	r4, r2
 80082fa:	6244      	str	r4, [r0, #36]	@ 0x24
             (Alternate << (POSITION_VAL(Pin >> 8U) * 4U)));
}
 80082fc:	bc10      	pop	{r4}
 80082fe:	4770      	bx	lr
    return 32U;
 8008300:	2320      	movs	r3, #32
 8008302:	e7eb      	b.n	80082dc <LL_GPIO_SetAFPin_8_15+0x10>
 8008304:	2120      	movs	r1, #32
 8008306:	e7f5      	b.n	80082f4 <LL_GPIO_SetAFPin_8_15+0x28>

08008308 <LL_GPIO_SetPinMode>:
{
 8008308:	b410      	push	{r4}
  MODIFY_REG(GPIOx->MODER, (GPIO_MODER_MODER0 << (POSITION_VAL(Pin) * 2U)), (Mode << (POSITION_VAL(Pin) * 2U)));
 800830a:	6804      	ldr	r4, [r0, #0]
   __ASM ("rbit %0, %1" : "=r" (result) : "r" (value) );
 800830c:	fa91 f3a1 	rbit	r3, r1
  if (value == 0U)
 8008310:	b19b      	cbz	r3, 800833a <LL_GPIO_SetPinMode+0x32>
  return __builtin_clz(value);
 8008312:	fab3 f383 	clz	r3, r3
 8008316:	005b      	lsls	r3, r3, #1
 8008318:	f04f 0c03 	mov.w	ip, #3
 800831c:	fa0c f303 	lsl.w	r3, ip, r3
 8008320:	ea24 0303 	bic.w	r3, r4, r3
   __ASM ("rbit %0, %1" : "=r" (result) : "r" (value) );
 8008324:	fa91 f1a1 	rbit	r1, r1
  if (value == 0U)
 8008328:	b149      	cbz	r1, 800833e <LL_GPIO_SetPinMode+0x36>
  return __builtin_clz(value);
 800832a:	fab1 f181 	clz	r1, r1
 800832e:	0049      	lsls	r1, r1, #1
 8008330:	408a      	lsls	r2, r1
 8008332:	4313      	orrs	r3, r2
 8008334:	6003      	str	r3, [r0, #0]
}
 8008336:	bc10      	pop	{r4}
 8008338:	4770      	bx	lr
    return 32U;
 800833a:	2320      	movs	r3, #32
 800833c:	e7eb      	b.n	8008316 <LL_GPIO_SetPinMode+0xe>
 800833e:	2120      	movs	r1, #32
 8008340:	e7f5      	b.n	800832e <LL_GPIO_SetPinMode+0x26>

08008342 <stm32_gpioport_configure_pin>:
{
 8008342:	e92d 43f8 	stmdb	sp!, {r3, r4, r5, r6, r7, r8, r9, lr}
 8008346:	460f      	mov	r7, r1
 8008348:	4615      	mov	r5, r2
 800834a:	4698      	mov	r8, r3
	const struct gpio_stm32_config *dev_cfg = port->config;
 800834c:	6843      	ldr	r3, [r0, #4]
	GPIO_TypeDef *gpio = (GPIO_TypeDef *)dev_cfg->base;
 800834e:	685e      	ldr	r6, [r3, #4]
		pinval |= 1u << pinnum;
	} else {
		pinval |= (1u << (pinnum % 8)) | 0x04000000u;
	}
#else
	pinval = 1u << pinnum;
 8008350:	2401      	movs	r4, #1
 8008352:	408c      	lsls	r4, r1
	mode = config & (STM32_MODER_MASK << STM32_MODER_SHIFT);
 8008354:	f002 0930 	and.w	r9, r2, #48	@ 0x30
	LL_GPIO_SetPinOutputType(gpio, pin_ll, otype >> STM32_OTYPER_SHIFT);
 8008358:	f3c2 1380 	ubfx	r3, r2, #6, #1
  MODIFY_REG(GPIOx->OTYPER, PinMask, (PinMask * OutputType));
 800835c:	6870      	ldr	r0, [r6, #4]
 800835e:	ea20 0004 	bic.w	r0, r0, r4
 8008362:	408b      	lsls	r3, r1
 8008364:	4318      	orrs	r0, r3
 8008366:	6070      	str	r0, [r6, #4]
	LL_GPIO_SetPinSpeed(gpio, pin_ll, ospeed >> STM32_OSPEEDR_SHIFT);
 8008368:	f3c2 12c1 	ubfx	r2, r2, #7, #2
 800836c:	4621      	mov	r1, r4
 800836e:	4630      	mov	r0, r6
 8008370:	f7ff ff51 	bl	8008216 <LL_GPIO_SetPinSpeed>
	ll_gpio_set_pin_pull(gpio, pin_ll, pupd >> STM32_PUPDR_SHIFT);
 8008374:	f3c5 2241 	ubfx	r2, r5, #9, #2
 8008378:	4621      	mov	r1, r4
 800837a:	4630      	mov	r0, r6
 800837c:	f7ff ff85 	bl	800828a <ll_gpio_set_pin_pull>
	if (mode == STM32_MODER_ALT_MODE) {
 8008380:	f1b9 0f20 	cmp.w	r9, #32
 8008384:	d008      	beq.n	8008398 <stm32_gpioport_configure_pin+0x56>
	LL_GPIO_SetPinMode(gpio, pin_ll, mode >> STM32_MODER_SHIFT);
 8008386:	ea4f 1219 	mov.w	r2, r9, lsr #4
 800838a:	4621      	mov	r1, r4
 800838c:	4630      	mov	r0, r6
 800838e:	f7ff ffbb 	bl	8008308 <LL_GPIO_SetPinMode>
}
 8008392:	2000      	movs	r0, #0
 8008394:	e8bd 83f8 	ldmia.w	sp!, {r3, r4, r5, r6, r7, r8, r9, pc}
		if (pin < 8) {
 8008398:	2f07      	cmp	r7, #7
 800839a:	d805      	bhi.n	80083a8 <stm32_gpioport_configure_pin+0x66>
			LL_GPIO_SetAFPin_0_7(gpio, pin_ll, func);
 800839c:	4642      	mov	r2, r8
 800839e:	4621      	mov	r1, r4
 80083a0:	4630      	mov	r0, r6
 80083a2:	f7ff ff76 	bl	8008292 <LL_GPIO_SetAFPin_0_7>
 80083a6:	e7ee      	b.n	8008386 <stm32_gpioport_configure_pin+0x44>
			LL_GPIO_SetAFPin_8_15(gpio, pin_ll, func);
 80083a8:	4642      	mov	r2, r8
 80083aa:	4621      	mov	r1, r4
 80083ac:	4630      	mov	r0, r6
 80083ae:	f7ff ff8d 	bl	80082cc <LL_GPIO_SetAFPin_8_15>
 80083b2:	e7e8      	b.n	8008386 <stm32_gpioport_configure_pin+0x44>

080083b4 <log_msg_generic_get_wlen>:
	return msg->generic.type == Z_LOG_MSG_LOG;
 80083b4:	7803      	ldrb	r3, [r0, #0]
	if (z_log_item_is_msg(generic_msg)) {
 80083b6:	f013 0f04 	tst.w	r3, #4
 80083ba:	d001      	beq.n	80083c0 <log_msg_generic_get_wlen+0xc>
	return 0;
 80083bc:	2000      	movs	r0, #0
}
 80083be:	4770      	bx	lr
		return log_msg_get_total_wlen(msg->hdr.desc);
 80083c0:	6803      	ldr	r3, [r0, #0]
	return Z_LOG_MSG_ALIGNED_WLEN(desc.package_len, desc.data_len);
 80083c2:	f3c3 204a 	ubfx	r0, r3, #9, #11
 80083c6:	eb00 5013 	add.w	r0, r0, r3, lsr #20
 80083ca:	3017      	adds	r0, #23
 80083cc:	f020 0007 	bic.w	r0, r0, #7
 80083d0:	0880      	lsrs	r0, r0, #2
		return log_msg_get_total_wlen(msg->hdr.desc);
 80083d2:	4770      	bx	lr

080083d4 <log_backend_init>:
{
 80083d4:	b510      	push	{r4, lr}
 80083d6:	4604      	mov	r4, r0
	if (backend->api->init) {
 80083d8:	6803      	ldr	r3, [r0, #0]
 80083da:	68db      	ldr	r3, [r3, #12]
 80083dc:	b103      	cbz	r3, 80083e0 <log_backend_init+0xc>
		backend->api->init(backend);
 80083de:	4798      	blx	r3
	backend->cb->initialized = true;
 80083e0:	6863      	ldr	r3, [r4, #4]
 80083e2:	2201      	movs	r2, #1
 80083e4:	719a      	strb	r2, [r3, #6]
}
 80083e6:	bd10      	pop	{r4, pc}

080083e8 <dummy_timestamp>:
}
 80083e8:	2000      	movs	r0, #0
 80083ea:	4770      	bx	lr

080083ec <msg_filter_check>:
}
 80083ec:	2001      	movs	r0, #1
 80083ee:	4770      	bx	lr

080083f0 <k_msleep>:
{
 80083f0:	b508      	push	{r3, lr}
	return k_sleep(Z_TIMEOUT_MS(ms));
 80083f2:	ea20 73e0 	bic.w	r3, r0, r0, asr #31
 80083f6:	17d9      	asrs	r1, r3, #31
 80083f8:	008a      	lsls	r2, r1, #2
 80083fa:	ea42 7293 	orr.w	r2, r2, r3, lsr #30
 80083fe:	0098      	lsls	r0, r3, #2
 8008400:	18c0      	adds	r0, r0, r3
 8008402:	eb41 0102 	adc.w	r1, r1, r2
 8008406:	1800      	adds	r0, r0, r0
 8008408:	4149      	adcs	r1, r1
	return z_impl_k_sleep(timeout);
 800840a:	f7fd fe2f 	bl	800606c <z_impl_k_sleep>
}
 800840e:	bd08      	pop	{r3, pc}

08008410 <msg_alloc>:
{
 8008410:	b508      	push	{r3, lr}
	return (struct log_msg *)mpsc_pbuf_alloc(
 8008412:	2200      	movs	r2, #0
 8008414:	2300      	movs	r3, #0
 8008416:	f7ff fd5b 	bl	8007ed0 <mpsc_pbuf_alloc>
}
 800841a:	bd08      	pop	{r3, pc}

0800841c <msg_free>:
{
 800841c:	b508      	push	{r3, lr}
	mpsc_pbuf_free(buffer, &msg->buf);
 800841e:	f7ff fe8d 	bl	800813c <mpsc_pbuf_free>
}
 8008422:	bd08      	pop	{r3, pc}

08008424 <msg_pending>:
{
 8008424:	b508      	push	{r3, lr}
	return mpsc_pbuf_is_pending(buffer);
 8008426:	f7ff fecd 	bl	80081c4 <mpsc_pbuf_is_pending>
}
 800842a:	bd08      	pop	{r3, pc}

0800842c <z_log_vprintk>:
{
 800842c:	b500      	push	{lr}
 800842e:	b085      	sub	sp, #20
	z_log_msg_runtime_vcreate(Z_LOG_LOCAL_DOMAIN_ID, NULL,
 8008430:	9103      	str	r1, [sp, #12]
 8008432:	9002      	str	r0, [sp, #8]
 8008434:	2000      	movs	r0, #0
 8008436:	9001      	str	r0, [sp, #4]
 8008438:	9000      	str	r0, [sp, #0]
 800843a:	4603      	mov	r3, r0
 800843c:	4602      	mov	r2, r0
 800843e:	4601      	mov	r1, r0
 8008440:	f7fa fad6 	bl	80029f0 <z_log_msg_runtime_vcreate>
}
 8008444:	b005      	add	sp, #20
 8008446:	f85d fb04 	ldr.w	pc, [sp], #4

0800844a <z_log_notify_drop>:
 */
bool z_log_msg_pending(void);

static inline void z_log_notify_drop(const struct mpsc_pbuf_buffer *buffer,
				     const union mpsc_pbuf_generic *item)
{
 800844a:	b508      	push	{r3, lr}
	ARG_UNUSED(buffer);
	ARG_UNUSED(item);

	z_log_dropped(true);
 800844c:	2001      	movs	r0, #1
 800844e:	f7fa f815 	bl	800247c <z_log_dropped>
}
 8008452:	bd08      	pop	{r3, pc}

08008454 <z_log_msg_claim>:
{
 8008454:	b508      	push	{r3, lr}
	return z_log_msg_local_claim();
 8008456:	f7fa f8b1 	bl	80025bc <z_log_msg_local_claim>
}
 800845a:	bd08      	pop	{r3, pc}

0800845c <msg_commit>:
{
 800845c:	b508      	push	{r3, lr}
	mpsc_pbuf_commit(buffer, &m->buf);
 800845e:	f7ff fdd1 	bl	8008004 <mpsc_pbuf_commit>
	z_log_msg_post_finalize();
 8008462:	f7fa f95b 	bl	800271c <z_log_msg_post_finalize>
}
 8008466:	bd08      	pop	{r3, pc}

08008468 <z_log_get_tag>:
}
 8008468:	2000      	movs	r0, #0
 800846a:	4770      	bx	lr

0800846c <log_backend_enable>:
}

void log_backend_enable(struct log_backend const *const backend,
			void *ctx,
			uint32_t level)
{
 800846c:	b508      	push	{r3, lr}
	backend->cb->level = level;
 800846e:	6843      	ldr	r3, [r0, #4]
 8008470:	71da      	strb	r2, [r3, #7]
	backend->cb->ctx = ctx;
 8008472:	6843      	ldr	r3, [r0, #4]
 8008474:	6019      	str	r1, [r3, #0]
	backend->cb->active = true;
 8008476:	6843      	ldr	r3, [r0, #4]
 8008478:	2201      	movs	r2, #1
 800847a:	715a      	strb	r2, [r3, #5]
	backend_filter_set(backend, level);
	log_backend_activate(backend, ctx);

	z_log_notify_backend_enabled();
 800847c:	f7f9 ffee 	bl	800245c <z_log_notify_backend_enabled>
}
 8008480:	bd08      	pop	{r3, pc}

08008482 <z_cbprintf_cpy>:
	if (len == 0) {
 8008482:	b191      	cbz	r1, 80084aa <z_cbprintf_cpy+0x28>
{
 8008484:	b570      	push	{r4, r5, r6, lr}
 8008486:	4614      	mov	r4, r2
 8008488:	460d      	mov	r5, r1
	if ((desc->size - desc->off) < len) {
 800848a:	6853      	ldr	r3, [r2, #4]
 800848c:	6896      	ldr	r6, [r2, #8]
 800848e:	1b9b      	subs	r3, r3, r6
 8008490:	428b      	cmp	r3, r1
 8008492:	d30c      	bcc.n	80084ae <z_cbprintf_cpy+0x2c>
	memcpy(&((uint8_t *)desc->buf)[desc->off], buf, len);
 8008494:	6813      	ldr	r3, [r2, #0]
 8008496:	460a      	mov	r2, r1
 8008498:	4601      	mov	r1, r0
 800849a:	1998      	adds	r0, r3, r6
 800849c:	f7f7 fedc 	bl	8000258 <__aeabi_memcpy>
	desc->off += len;
 80084a0:	68a3      	ldr	r3, [r4, #8]
 80084a2:	442b      	add	r3, r5
 80084a4:	60a3      	str	r3, [r4, #8]
	return len;
 80084a6:	4628      	mov	r0, r5
}
 80084a8:	bd70      	pop	{r4, r5, r6, pc}
		return 0;
 80084aa:	2000      	movs	r0, #0
}
 80084ac:	4770      	bx	lr
		return -ENOSPC;
 80084ae:	f06f 001b 	mvn.w	r0, #27
 80084b2:	e7f9      	b.n	80084a8 <z_cbprintf_cpy+0x26>

080084b4 <z_log_msg_finalize>:
{
 80084b4:	b570      	push	{r4, r5, r6, lr}
	if (!msg) {
 80084b6:	b188      	cbz	r0, 80084dc <z_log_msg_finalize+0x28>
 80084b8:	460e      	mov	r6, r1
 80084ba:	4614      	mov	r4, r2
 80084bc:	4619      	mov	r1, r3
 80084be:	4605      	mov	r5, r0
	if (data) {
 80084c0:	b133      	cbz	r3, 80084d0 <z_log_msg_finalize+0x1c>
		uint8_t *d = msg->data + desc.package_len;
 80084c2:	3010      	adds	r0, #16
 80084c4:	f3c2 234a 	ubfx	r3, r2, #9, #11
		memcpy(d, data, desc.data_len);
 80084c8:	0d12      	lsrs	r2, r2, #20
 80084ca:	4418      	add	r0, r3
 80084cc:	f7f7 fec4 	bl	8000258 <__aeabi_memcpy>
	msg->hdr.desc = desc;
 80084d0:	602c      	str	r4, [r5, #0]
	msg->hdr.source = source;
 80084d2:	606e      	str	r6, [r5, #4]
	z_log_msg_commit(msg);
 80084d4:	4628      	mov	r0, r5
 80084d6:	f7fa f963 	bl	80027a0 <z_log_msg_commit>
}
 80084da:	bd70      	pop	{r4, r5, r6, pc}
		z_log_dropped(false);
 80084dc:	f7f9 ffce 	bl	800247c <z_log_dropped>
		return;
 80084e0:	e7fb      	b.n	80084da <z_log_msg_finalize+0x26>

080084e2 <z_log_msg_simple_create>:
{
 80084e2:	e92d 43f0 	stmdb	sp!, {r4, r5, r6, r7, r8, r9, lr}
 80084e6:	b083      	sub	sp, #12
 80084e8:	4606      	mov	r6, r0
 80084ea:	460f      	mov	r7, r1
 80084ec:	4615      	mov	r5, r2
 80084ee:	461c      	mov	r4, r3
	size_t plen32 = len + CBPRINTF_DESC_SIZE32;
 80084f0:	f103 0901 	add.w	r9, r3, #1
	size_t plen8 = sizeof(uint32_t) * plen32 +
 80084f4:	ea4f 0889 	mov.w	r8, r9, lsl #2
	struct log_msg *msg = z_log_msg_alloc(Z_LOG_MSG_ALIGNED_WLEN(plen8, 0));
 80084f8:	f108 0017 	add.w	r0, r8, #23
 80084fc:	f020 0007 	bic.w	r0, r0, #7
 8008500:	0880      	lsrs	r0, r0, #2
 8008502:	f7fa f853 	bl	80025ac <z_log_msg_alloc>
	union cbprintf_package_hdr package_hdr = {
 8008506:	2200      	movs	r2, #0
 8008508:	9201      	str	r2, [sp, #4]
 800850a:	f88d 9004 	strb.w	r9, [sp, #4]
	if (msg) {
 800850e:	b168      	cbz	r0, 800852c <z_log_msg_simple_create+0x4a>
		*package++ = (uint32_t)(uintptr_t)package_hdr.raw;
 8008510:	f100 0c14 	add.w	ip, r0, #20
 8008514:	9b01      	ldr	r3, [sp, #4]
 8008516:	6103      	str	r3, [r0, #16]
		for (size_t i = 0; i < len; i++) {
 8008518:	4696      	mov	lr, r2
 800851a:	e005      	b.n	8008528 <z_log_msg_simple_create+0x46>
			*package++ = data[i];
 800851c:	f855 302e 	ldr.w	r3, [r5, lr, lsl #2]
 8008520:	f84c 3b04 	str.w	r3, [ip], #4
		for (size_t i = 0; i < len; i++) {
 8008524:	f10e 0e01 	add.w	lr, lr, #1
 8008528:	45a6      	cmp	lr, r4
 800852a:	d3f7      	bcc.n	800851c <z_log_msg_simple_create+0x3a>
	struct log_msg_desc desc = {
 800852c:	2200      	movs	r2, #0
 800852e:	f367 1288 	bfi	r2, r7, #6, #3
 8008532:	f368 2253 	bfi	r2, r8, #9, #11
	z_log_msg_finalize(msg, source, desc, NULL);
 8008536:	2300      	movs	r3, #0
 8008538:	4631      	mov	r1, r6
 800853a:	f7ff ffbb 	bl	80084b4 <z_log_msg_finalize>
}
 800853e:	b003      	add	sp, #12
 8008540:	e8bd 83f0 	ldmia.w	sp!, {r4, r5, r6, r7, r8, r9, pc}

08008544 <z_impl_z_log_msg_simple_create_0>:
{
 8008544:	b500      	push	{lr}
 8008546:	b083      	sub	sp, #12
	uint32_t data[] = {(uint32_t)(uintptr_t)fmt};
 8008548:	9201      	str	r2, [sp, #4]
	z_log_msg_simple_create(source, level, data, ARRAY_SIZE(data));
 800854a:	2301      	movs	r3, #1
 800854c:	aa01      	add	r2, sp, #4
 800854e:	f7ff ffc8 	bl	80084e2 <z_log_msg_simple_create>
}
 8008552:	b003      	add	sp, #12
 8008554:	f85d fb04 	ldr.w	pc, [sp], #4

08008558 <z_impl_z_log_msg_simple_create_1>:
{
 8008558:	b500      	push	{lr}
 800855a:	b083      	sub	sp, #12
	uint32_t data[] = {(uint32_t)(uintptr_t)fmt, arg};
 800855c:	9200      	str	r2, [sp, #0]
 800855e:	9301      	str	r3, [sp, #4]
	z_log_msg_simple_create(source, level, data, ARRAY_SIZE(data));
 8008560:	2302      	movs	r3, #2
 8008562:	466a      	mov	r2, sp
 8008564:	f7ff ffbd 	bl	80084e2 <z_log_msg_simple_create>
}
 8008568:	b003      	add	sp, #12
 800856a:	f85d fb04 	ldr.w	pc, [sp], #4

0800856e <z_impl_z_log_msg_simple_create_2>:
{
 800856e:	b500      	push	{lr}
 8008570:	b085      	sub	sp, #20
	uint32_t data[] = {(uint32_t)(uintptr_t)fmt, arg0, arg1};
 8008572:	9201      	str	r2, [sp, #4]
 8008574:	9302      	str	r3, [sp, #8]
 8008576:	9b06      	ldr	r3, [sp, #24]
 8008578:	9303      	str	r3, [sp, #12]
	z_log_msg_simple_create(source, level, data, ARRAY_SIZE(data));
 800857a:	2303      	movs	r3, #3
 800857c:	aa01      	add	r2, sp, #4
 800857e:	f7ff ffb0 	bl	80084e2 <z_log_msg_simple_create>
}
 8008582:	b005      	add	sp, #20
 8008584:	f85d fb04 	ldr.w	pc, [sp], #4

08008588 <z_log_msg_static_create>:
{
 8008588:	b508      	push	{r3, lr}
	z_impl_z_log_msg_static_create(source, desc, package, data);
 800858a:	f7fa f985 	bl	8002898 <z_impl_z_log_msg_static_create>
}
 800858e:	bd08      	pop	{r3, pc}

08008590 <log_output_flush>:
/** @brief Flush output buffer.
 *
 * @param output Pointer to the log output instance.
 */
static inline void log_output_flush(const struct log_output *output)
{
 8008590:	e92d 41f0 	stmdb	sp!, {r4, r5, r6, r7, r8, lr}
 8008594:	4680      	mov	r8, r0
	log_output_write(output->func, output->buf, output->control_block->offset,
 8008596:	6807      	ldr	r7, [r0, #0]
 8008598:	6885      	ldr	r5, [r0, #8]
 800859a:	6843      	ldr	r3, [r0, #4]
 800859c:	681c      	ldr	r4, [r3, #0]
 800859e:	685e      	ldr	r6, [r3, #4]
	while (len != 0) {
 80085a0:	e005      	b.n	80085ae <log_output_flush+0x1e>
		processed = outf(buf, len, ctx);
 80085a2:	4632      	mov	r2, r6
 80085a4:	4621      	mov	r1, r4
 80085a6:	4628      	mov	r0, r5
 80085a8:	47b8      	blx	r7
		len -= processed;
 80085aa:	1a24      	subs	r4, r4, r0
		buf += processed;
 80085ac:	4405      	add	r5, r0
	while (len != 0) {
 80085ae:	2c00      	cmp	r4, #0
 80085b0:	d1f7      	bne.n	80085a2 <log_output_flush+0x12>
			 output->control_block->ctx);
	output->control_block->offset = 0;
 80085b2:	f8d8 3004 	ldr.w	r3, [r8, #4]
 80085b6:	2200      	movs	r2, #0
 80085b8:	601a      	str	r2, [r3, #0]
}
 80085ba:	e8bd 81f0 	ldmia.w	sp!, {r4, r5, r6, r7, r8, pc}

080085be <out_func>:
{
 80085be:	b538      	push	{r3, r4, r5, lr}
 80085c0:	4605      	mov	r5, r0
 80085c2:	460c      	mov	r4, r1
	if (out_ctx->control_block->offset == out_ctx->size) {
 80085c4:	684b      	ldr	r3, [r1, #4]
 80085c6:	681a      	ldr	r2, [r3, #0]
 80085c8:	68cb      	ldr	r3, [r1, #12]
 80085ca:	429a      	cmp	r2, r3
 80085cc:	d00f      	beq.n	80085ee <out_func+0x30>
	idx = atomic_inc(&out_ctx->control_block->offset);
 80085ce:	6863      	ldr	r3, [r4, #4]
 80085d0:	f3bf 8f5b 	dmb	ish
 80085d4:	e853 2f00 	ldrex	r2, [r3]
 80085d8:	1c51      	adds	r1, r2, #1
 80085da:	e843 1000 	strex	r0, r1, [r3]
 80085de:	2800      	cmp	r0, #0
 80085e0:	d1f8      	bne.n	80085d4 <out_func+0x16>
 80085e2:	f3bf 8f5b 	dmb	ish
	out_ctx->buf[idx] = (uint8_t)c;
 80085e6:	68a3      	ldr	r3, [r4, #8]
 80085e8:	549d      	strb	r5, [r3, r2]
}
 80085ea:	2000      	movs	r0, #0
 80085ec:	bd38      	pop	{r3, r4, r5, pc}
		log_output_flush(out_ctx);
 80085ee:	4608      	mov	r0, r1
 80085f0:	f7ff ffce 	bl	8008590 <log_output_flush>
 80085f4:	e7eb      	b.n	80085ce <out_func+0x10>

080085f6 <cr_out_func>:
{
 80085f6:	b538      	push	{r3, r4, r5, lr}
 80085f8:	4604      	mov	r4, r0
 80085fa:	460d      	mov	r5, r1
	if (c == '\n') {
 80085fc:	280a      	cmp	r0, #10
 80085fe:	d005      	beq.n	800860c <cr_out_func+0x16>
	out_func(c, ctx);
 8008600:	4629      	mov	r1, r5
 8008602:	4620      	mov	r0, r4
 8008604:	f7ff ffdb 	bl	80085be <out_func>
}
 8008608:	2000      	movs	r0, #0
 800860a:	bd38      	pop	{r3, r4, r5, pc}
		out_func((int)'\r', ctx);
 800860c:	200d      	movs	r0, #13
 800860e:	f7ff ffd6 	bl	80085be <out_func>
 8008612:	e7f5      	b.n	8008600 <cr_out_func+0xa>

08008614 <color_prefix>:
{
 8008614:	b508      	push	{r3, lr}
 8008616:	4613      	mov	r3, r2
	color_print(output, color, true, level);
 8008618:	2201      	movs	r2, #1
 800861a:	f7fa faa3 	bl	8002b64 <color_print>
}
 800861e:	bd08      	pop	{r3, pc}

08008620 <color_postfix>:
{
 8008620:	b508      	push	{r3, lr}
 8008622:	4613      	mov	r3, r2
	color_print(output, color, false, level);
 8008624:	2200      	movs	r2, #0
 8008626:	f7fa fa9d 	bl	8002b64 <color_print>
}
 800862a:	bd08      	pop	{r3, pc}

0800862c <postfix_print>:
{
 800862c:	b538      	push	{r3, r4, r5, lr}
 800862e:	4605      	mov	r5, r0
 8008630:	460c      	mov	r4, r1
	color_postfix(output, (flags & LOG_OUTPUT_FLAG_COLORS),
 8008632:	f001 0101 	and.w	r1, r1, #1
 8008636:	f7ff fff3 	bl	8008620 <color_postfix>
	newline_print(output, flags);
 800863a:	4621      	mov	r1, r4
 800863c:	4628      	mov	r0, r5
 800863e:	f7fa fb27 	bl	8002c90 <newline_print>
}
 8008642:	bd38      	pop	{r3, r4, r5, pc}

08008644 <log_msg_hexdump>:
{
 8008644:	e92d 43f0 	stmdb	sp!, {r4, r5, r6, r7, r8, r9, lr}
 8008648:	b083      	sub	sp, #12
 800864a:	4680      	mov	r8, r0
 800864c:	460e      	mov	r6, r1
 800864e:	4615      	mov	r5, r2
 8008650:	461f      	mov	r7, r3
 8008652:	f8dd 9028 	ldr.w	r9, [sp, #40]	@ 0x28
		length = MIN(len, HEXDUMP_BYTES_IN_LINE);
 8008656:	462c      	mov	r4, r5
 8008658:	2d10      	cmp	r5, #16
 800865a:	bf28      	it	cs
 800865c:	2410      	movcs	r4, #16
		hexdump_line_print(output, data, length,
 800865e:	f8cd 9000 	str.w	r9, [sp]
 8008662:	463b      	mov	r3, r7
 8008664:	4622      	mov	r2, r4
 8008666:	4631      	mov	r1, r6
 8008668:	4640      	mov	r0, r8
 800866a:	f7fa fb25 	bl	8002cb8 <hexdump_line_print>
		data += length;
 800866e:	4426      	add	r6, r4
	} while (len);
 8008670:	1b2d      	subs	r5, r5, r4
 8008672:	d1f0      	bne.n	8008656 <log_msg_hexdump+0x12>
}
 8008674:	b003      	add	sp, #12
 8008676:	e8bd 83f0 	ldmia.w	sp!, {r4, r5, r6, r7, r8, r9, pc}

0800867a <log_output_msg_process>:
{
 800867a:	e92d 43f0 	stmdb	sp!, {r4, r5, r6, r7, r8, r9, lr}
 800867e:	b089      	sub	sp, #36	@ 0x24
 8008680:	4606      	mov	r6, r0
 8008682:	460c      	mov	r4, r1
 8008684:	4690      	mov	r8, r2
 *
 * @return Timestamp.
 */
static inline log_timestamp_t log_msg_get_timestamp(struct log_msg *msg)
{
	return msg->hdr.timestamp;
 8008686:	f8d1 9008 	ldr.w	r9, [r1, #8]
	return msg->hdr.desc.level;
 800868a:	880f      	ldrh	r7, [r1, #0]
 800868c:	f3c7 1782 	ubfx	r7, r7, #6, #3
	return msg->hdr.desc.domain;
 8008690:	7808      	ldrb	r0, [r1, #0]
 8008692:	f3c0 05c2 	ubfx	r5, r0, #3, #3
	int16_t source_id = log_msg_get_source_id(msg);
 8008696:	4608      	mov	r0, r1
 8008698:	f7fa fa00 	bl	8002a9c <log_msg_get_source_id>
	const char *sname = source_id >= 0 ? log_source_name_get(domain_id, source_id) : NULL;
 800869c:	1e01      	subs	r1, r0, #0
 800869e:	da1b      	bge.n	80086d8 <log_output_msg_process+0x5e>
 80086a0:	2300      	movs	r3, #0
 *
 * @return pointer to the package.
 */
static inline uint8_t *log_msg_get_package(struct log_msg *msg, size_t *len)
{
	*len = msg->hdr.desc.package_len;
 80086a2:	4621      	mov	r1, r4
 80086a4:	f851 5b10 	ldr.w	r5, [r1], #16
 80086a8:	f3c5 254a 	ubfx	r5, r5, #9, #11
	*len = msg->hdr.desc.data_len;
 80086ac:	8862      	ldrh	r2, [r4, #2]
 80086ae:	f3c2 120b 	ubfx	r2, r2, #4, #12
	return msg->data + msg->hdr.desc.package_len;
 80086b2:	1948      	adds	r0, r1, r5
	log_output_process(output, timestamp, dname, sname, (k_tid_t)log_msg_get_tid(msg),
 80086b4:	b905      	cbnz	r5, 80086b8 <log_output_msg_process+0x3e>
 80086b6:	2100      	movs	r1, #0
 80086b8:	f8cd 8018 	str.w	r8, [sp, #24]
 80086bc:	9205      	str	r2, [sp, #20]
 80086be:	9004      	str	r0, [sp, #16]
 80086c0:	9103      	str	r1, [sp, #12]
 80086c2:	9702      	str	r7, [sp, #8]
 80086c4:	2200      	movs	r2, #0
 80086c6:	9201      	str	r2, [sp, #4]
 80086c8:	9200      	str	r2, [sp, #0]
 80086ca:	4649      	mov	r1, r9
 80086cc:	4630      	mov	r0, r6
 80086ce:	f7fa fb55 	bl	8002d7c <log_output_process>
}
 80086d2:	b009      	add	sp, #36	@ 0x24
 80086d4:	e8bd 83f0 	ldmia.w	sp!, {r4, r5, r6, r7, r8, r9, pc}
	const char *sname = source_id >= 0 ? log_source_name_get(domain_id, source_id) : NULL;
 80086d8:	4628      	mov	r0, r5
 80086da:	f7fa f8b7 	bl	800284c <log_source_name_get>
 80086de:	4603      	mov	r3, r0
 80086e0:	e7df      	b.n	80086a2 <log_output_msg_process+0x28>

080086e2 <log_output_flush>:
{
 80086e2:	e92d 41f0 	stmdb	sp!, {r4, r5, r6, r7, r8, lr}
 80086e6:	4680      	mov	r8, r0
	log_output_write(output->func, output->buf, output->control_block->offset,
 80086e8:	6807      	ldr	r7, [r0, #0]
 80086ea:	6885      	ldr	r5, [r0, #8]
 80086ec:	6843      	ldr	r3, [r0, #4]
 80086ee:	681c      	ldr	r4, [r3, #0]
 80086f0:	685e      	ldr	r6, [r3, #4]
	while (len != 0) {
 80086f2:	e005      	b.n	8008700 <log_output_flush+0x1e>
		processed = outf(buf, len, ctx);
 80086f4:	4632      	mov	r2, r6
 80086f6:	4621      	mov	r1, r4
 80086f8:	4628      	mov	r0, r5
 80086fa:	47b8      	blx	r7
		len -= processed;
 80086fc:	1a24      	subs	r4, r4, r0
		buf += processed;
 80086fe:	4405      	add	r5, r0
	while (len != 0) {
 8008700:	2c00      	cmp	r4, #0
 8008702:	d1f7      	bne.n	80086f4 <log_output_flush+0x12>
	output->control_block->offset = 0;
 8008704:	f8d8 3004 	ldr.w	r3, [r8, #4]
 8008708:	2200      	movs	r2, #0
 800870a:	601a      	str	r2, [r3, #0]
}
 800870c:	e8bd 81f0 	ldmia.w	sp!, {r4, r5, r6, r7, r8, pc}

08008710 <format_set>:
	log_output_func(ctx->output, &msg->log, flags);
}

static int format_set(const struct log_backend *const backend, uint32_t log_type)
{
	const struct lbu_cb_ctx *ctx = backend->cb->ctx;
 8008710:	6843      	ldr	r3, [r0, #4]
 8008712:	681b      	ldr	r3, [r3, #0]
	struct lbu_data *data = ctx->data;
 8008714:	685b      	ldr	r3, [r3, #4]

	data->log_format_current = log_type;
 8008716:	6199      	str	r1, [r3, #24]

	return 0;
}
 8008718:	2000      	movs	r0, #0
 800871a:	4770      	bx	lr

0800871c <log_backend_uart_init>:

static void log_backend_uart_init(struct log_backend const *const backend)
{
	const struct lbu_cb_ctx *ctx = backend->cb->ctx;
 800871c:	6843      	ldr	r3, [r0, #4]
 800871e:	681b      	ldr	r3, [r3, #0]
	const struct device *uart_dev = LBU_UART_DEV(ctx);
	struct lbu_data *data = ctx->data;

	__ASSERT_NO_MSG(device_is_ready(uart_dev));

	log_output_ctx_set(ctx->output, (void *)ctx);
 8008720:	681a      	ldr	r2, [r3, #0]
 * @param ctx		User context.
 */
static inline void log_output_ctx_set(const struct log_output *output,
				      void *ctx)
{
	output->control_block->ctx = ctx;
 8008722:	6852      	ldr	r2, [r2, #4]
 8008724:	6053      	str	r3, [r2, #4]
			LOG_WRN("Failed to initialize asynchronous mode (err:%d). "
				"Fallback to polling.",
				err);
		}
	}
}
 8008726:	4770      	bx	lr

08008728 <panic>:

static void panic(struct log_backend const *const backend)
{
 8008728:	b508      	push	{r3, lr}
	const struct lbu_cb_ctx *ctx = backend->cb->ctx;
 800872a:	6843      	ldr	r3, [r0, #4]
 800872c:	681b      	ldr	r3, [r3, #0]
	struct lbu_data *data = ctx->data;
 800872e:	685a      	ldr	r2, [r3, #4]
	}
#else
	ARG_UNUSED(uart_dev);
#endif /* CONFIG_PM_DEVICE */

	data->in_panic = true;
 8008730:	2101      	movs	r1, #1
 8008732:	7711      	strb	r1, [r2, #28]
 * @param output	Log output instance.
 */
static inline void
log_backend_std_panic(const struct log_output *const output)
{
	log_output_flush(output);
 8008734:	6818      	ldr	r0, [r3, #0]
 8008736:	f7ff ffd4 	bl	80086e2 <log_output_flush>
	log_backend_std_panic(ctx->output);
}
 800873a:	bd08      	pop	{r3, pc}

0800873c <dropped>:

static void dropped(const struct log_backend *const backend, uint32_t cnt)
{
 800873c:	b508      	push	{r3, lr}
	const struct lbu_cb_ctx *ctx = backend->cb->ctx;
 800873e:	6843      	ldr	r3, [r0, #4]
 8008740:	681b      	ldr	r3, [r3, #0]
 * @param cnt		Number of dropped messages.
 */
static inline void
log_backend_std_dropped(const struct log_output *const output, uint32_t cnt)
{
	log_output_dropped_process(output, cnt);
 8008742:	6818      	ldr	r0, [r3, #0]
 8008744:	f7fa fb60 	bl	8002e08 <log_output_dropped_process>
	if (IS_ENABLED(CONFIG_LOG_BACKEND_UART_OUTPUT_DICTIONARY)) {
		log_dict_output_dropped_process(ctx->output, cnt);
	} else {
		log_backend_std_dropped(ctx->output, cnt);
	}
}
 8008748:	bd08      	pop	{r3, pc}

0800874a <process>:
{
 800874a:	b538      	push	{r3, r4, r5, lr}
 800874c:	460c      	mov	r4, r1
	const struct lbu_cb_ctx *ctx = backend->cb->ctx;
 800874e:	6843      	ldr	r3, [r0, #4]
 8008750:	681d      	ldr	r5, [r3, #0]
	struct lbu_data *data = ctx->data;
 8008752:	686b      	ldr	r3, [r5, #4]
	log_format_func_t log_output_func = log_format_func_t_get(data->log_format_current);
 8008754:	6998      	ldr	r0, [r3, #24]
 8008756:	f7f9 fe69 	bl	800242c <log_format_func_t_get>
 800875a:	4603      	mov	r3, r0
	log_output_func(ctx->output, &msg->log, flags);
 800875c:	220f      	movs	r2, #15
 800875e:	4621      	mov	r1, r4
 8008760:	6828      	ldr	r0, [r5, #0]
 8008762:	4798      	blx	r3
}
 8008764:	bd38      	pop	{r3, r4, r5, pc}

08008766 <arch_early_memset>:
{
 8008766:	b508      	push	{r3, lr}
	(void) memset(dst, c, n);
 8008768:	f7fe fa26 	bl	8006bb8 <memset>
}
 800876c:	bd08      	pop	{r3, pc}

0800876e <arch_early_memcpy>:
{
 800876e:	b508      	push	{r3, lr}
	(void) memcpy(dst, src, n);
 8008770:	f7f7 fd72 	bl	8000258 <__aeabi_memcpy>
}
 8008774:	bd08      	pop	{r3, pc}

08008776 <z_do_kernel_oops>:
 * @param esf exception frame
 * @param callee_regs Callee-saved registers (R4-R11)
 * @param exc_return EXC_RETURN value present in LR after exception entry.
 */
void z_do_kernel_oops(const struct arch_esf *esf, _callee_saved_t *callee_regs, uint32_t exc_return)
{
 8008776:	b508      	push	{r3, lr}
 8008778:	4601      	mov	r1, r0
	}

#endif /* CONFIG_USERSPACE */

#if !defined(CONFIG_EXTRA_EXCEPTION_INFO)
	z_arm_fatal_error(reason, esf);
 800877a:	6800      	ldr	r0, [r0, #0]
 800877c:	f7fa fc8a 	bl	8003094 <z_arm_fatal_error>
		.exc_return = exc_return,
	};

	z_arm_fatal_error(reason, &esf_copy);
#endif /* CONFIG_EXTRA_EXCEPTION_INFO */
}
 8008780:	bd08      	pop	{r3, pc}

08008782 <z_arm_nmi>:
 * Simply call what is installed in 'static void(*handler)(void)'.
 *
 */

void z_arm_nmi(void)
{
 8008782:	b508      	push	{r3, lr}
	handler();
 8008784:	f7fa fca2 	bl	80030cc <z_SysNmiOnReset>
	z_arm_int_exit();
 8008788:	f7fb f8ce 	bl	8003928 <z_arm_exc_exit>
}
 800878c:	bd08      	pop	{r3, pc}

0800878e <memory_fault_recoverable>:
}
 800878e:	2000      	movs	r0, #0
 8008790:	4770      	bx	lr

08008792 <fault_handle>:
{
 8008792:	b508      	push	{r3, lr}
	*recoverable = false;
 8008794:	2300      	movs	r3, #0
 8008796:	7013      	strb	r3, [r2, #0]
	switch (fault) {
 8008798:	1ecb      	subs	r3, r1, #3
 800879a:	2b09      	cmp	r3, #9
 800879c:	d81a      	bhi.n	80087d4 <fault_handle+0x42>
 800879e:	e8df f003 	tbb	[pc, r3]
 80087a2:	0905      	.short	0x0905
 80087a4:	1919110d 	.word	0x1919110d
 80087a8:	14191919 	.word	0x14191919
		reason = hard_fault(esf, recoverable);
 80087ac:	4611      	mov	r1, r2
 80087ae:	f7fa ff11 	bl	80035d4 <hard_fault>
		break;
 80087b2:	e012      	b.n	80087da <fault_handle+0x48>
		reason = mem_manage_fault(esf, 0, recoverable);
 80087b4:	2100      	movs	r1, #0
 80087b6:	f7fa fe69 	bl	800348c <mem_manage_fault>
		break;
 80087ba:	e00e      	b.n	80087da <fault_handle+0x48>
		reason = bus_fault(esf, 0, recoverable);
 80087bc:	2100      	movs	r1, #0
 80087be:	f7fa fddd 	bl	800337c <bus_fault>
		break;
 80087c2:	e00a      	b.n	80087da <fault_handle+0x48>
		reason = usage_fault(esf);
 80087c4:	f7fa fcf6 	bl	80031b4 <usage_fault>
		break;
 80087c8:	e007      	b.n	80087da <fault_handle+0x48>
		debug_monitor(esf, recoverable);
 80087ca:	4611      	mov	r1, r2
 80087cc:	f7fa fd5c 	bl	8003288 <debug_monitor>
	uint32_t reason = K_ERR_CPU_EXCEPTION;
 80087d0:	2000      	movs	r0, #0
		break;
 80087d2:	e002      	b.n	80087da <fault_handle+0x48>
		reserved_exception(esf, fault);
 80087d4:	f7fa fd66 	bl	80032a4 <reserved_exception>
	uint32_t reason = K_ERR_CPU_EXCEPTION;
 80087d8:	2000      	movs	r0, #0
}
 80087da:	bd08      	pop	{r3, pc}

080087dc <arm_irq_enable>:
 */

#if !defined(CONFIG_ARM_CUSTOM_INTERRUPT_CONTROLLER)

void arm_irq_enable(unsigned int irq)
{
 80087dc:	b508      	push	{r3, lr}
	NVIC_EnableIRQ((IRQn_Type)irq);
 80087de:	b240      	sxtb	r0, r0
 80087e0:	f7fa ffea 	bl	80037b8 <__NVIC_EnableIRQ>
}
 80087e4:	bd08      	pop	{r3, pc}

080087e6 <arm_irq_priority_set>:
 * The priority is verified if ASSERT_ON is enabled. The maximum number
 * of priority levels is a little complex, as there are some hardware
 * priority levels which are reserved.
 */
void arm_irq_priority_set(unsigned int irq, unsigned int prio, uint32_t flags)
{
 80087e6:	b508      	push	{r3, lr}
	 * reduced set of priorities, like Cortex-M0/M0+).
	 */
	__ASSERT(prio <= (BIT(NUM_IRQ_PRIO_BITS) - 1),
		 "invalid priority %d for %d irq! values must be less than %lu\n",
		 prio - _IRQ_PRIO_OFFSET, irq, BIT(NUM_IRQ_PRIO_BITS) - (_IRQ_PRIO_OFFSET));
	NVIC_SetPriority((IRQn_Type)irq, prio);
 80087e8:	3101      	adds	r1, #1
 80087ea:	b240      	sxtb	r0, r0
 80087ec:	f7fa fff2 	bl	80037d4 <__NVIC_SetPriority>
}
 80087f0:	bd08      	pop	{r3, pc}

080087f2 <z_irq_spurious>:
 * Installed in all _sw_isr_table slots at boot time. Throws an error if
 * called.
 *
 */
void z_irq_spurious(const void *unused)
{
 80087f2:	b508      	push	{r3, lr}
	ARG_UNUSED(unused);

	z_arm_fatal_error(K_ERR_SPURIOUS_IRQ, NULL);
 80087f4:	2100      	movs	r1, #0
 80087f6:	2001      	movs	r0, #1
 80087f8:	f7fa fc4c 	bl	8003094 <z_arm_fatal_error>
}
 80087fc:	bd08      	pop	{r3, pc}

080087fe <z_check_thread_stack_fail>:
{
 80087fe:	b508      	push	{r3, lr}
	uint32_t sp = min_stack(fault_addr, psp);
 8008800:	f7fb f826 	bl	8003850 <min_stack>
}
 8008804:	bd08      	pop	{r3, pc}

08008806 <arch_coprocessors_disable>:
}
 8008806:	f06f 0085 	mvn.w	r0, #133	@ 0x85
 800880a:	4770      	bx	lr

0800880c <arch_irq_unlock_outlined>:
  \details Enables FIQ interrupts by clearing special-purpose register FAULTMASK.
             Can only be executed in Privileged modes.
   */
  __STATIC_FORCEINLINE void __enable_fault_irq(void)
  {
    __ASM volatile ("cpsie f" : : : "memory");
 800880c:	b661      	cpsie	f
  __ASM volatile ("cpsie i" : : : "memory");
 800880e:	b662      	cpsie	i
 8008810:	f380 8811 	msr	BASEPRI, r0
  __ASM volatile ("isb 0xF":::"memory");
 8008814:	f3bf 8f6f 	isb	sy
#if defined(CONFIG_ARMV7_M_ARMV8_M_MAINLINE)
	__enable_fault_irq(); /* alters FAULTMASK */
	__enable_irq();       /* alters PRIMASK */
#endif
	arch_irq_unlock(key);
}
 8008818:	4770      	bx	lr

0800881a <arch_cpu_idle>:
  __ASM volatile ("cpsid i" : : : "memory");
 800881a:	b672      	cpsid	i
 800881c:	2300      	movs	r3, #0
 800881e:	f383 8811 	msr	BASEPRI, r3
  __ASM volatile ("isb 0xF":::"memory");
 8008822:	f3bf 8f6f 	isb	sy
  __ASM volatile ("dsb 0xF":::"memory");
 8008826:	f3bf 8f4f 	dsb	sy
	 * set by the caller as part of interrupt locking if necessary
	 * (i.e. if the caller sets _kernel.idle).
	 */
#endif

	SLEEP_IF_ALLOWED(__WFI);
 800882a:	bf30      	wfi
  __ASM volatile ("cpsie i" : : : "memory");
 800882c:	b662      	cpsie	i
  __ASM volatile ("isb 0xF":::"memory");
 800882e:	f3bf 8f6f 	isb	sy
#if defined(CONFIG_TRACING)
	sys_trace_idle_exit();
#endif
	__enable_irq();
	__ISB();
}
 8008832:	4770      	bx	lr

08008834 <mpu_partition_is_valid>:
		((part->size & (part->size - 1U)) == 0U)
 8008834:	6843      	ldr	r3, [r0, #4]
 8008836:	1e5a      	subs	r2, r3, #1
		&&
 8008838:	4213      	tst	r3, r2
 800883a:	d106      	bne.n	800884a <mpu_partition_is_valid+0x16>
		&&
 800883c:	2b1f      	cmp	r3, #31
 800883e:	d906      	bls.n	800884e <mpu_partition_is_valid+0x1a>
		((part->start & (part->size - 1U)) == 0U);
 8008840:	6803      	ldr	r3, [r0, #0]
		&&
 8008842:	421a      	tst	r2, r3
 8008844:	d005      	beq.n	8008852 <mpu_partition_is_valid+0x1e>
 8008846:	2000      	movs	r0, #0
 8008848:	4770      	bx	lr
 800884a:	2000      	movs	r0, #0
 800884c:	4770      	bx	lr
 800884e:	2000      	movs	r0, #0
 8008850:	4770      	bx	lr
 8008852:	2001      	movs	r0, #1
}
 8008854:	4770      	bx	lr

08008856 <mpu_configure_region>:
{
 8008856:	b500      	push	{lr}
 8008858:	b085      	sub	sp, #20
	region_conf.base = new_region->start;
 800885a:	680b      	ldr	r3, [r1, #0]
 800885c:	9301      	str	r3, [sp, #4]
		&new_region->attr, new_region->start, new_region->size);
 800885e:	684b      	ldr	r3, [r1, #4]
	p_attr->rasr = attr->rasr_attr | size_to_mpu_rasr_size(size);
 8008860:	688a      	ldr	r2, [r1, #8]
	if (size <= 32U) {
 8008862:	2b20      	cmp	r3, #32
 8008864:	d912      	bls.n	800888c <mpu_configure_region+0x36>
	if (size > (1UL << 31)) {
 8008866:	f1b3 4f00 	cmp.w	r3, #2147483648	@ 0x80000000
 800886a:	d811      	bhi.n	8008890 <mpu_configure_region+0x3a>
	return ((32 - __builtin_clz(size - 1U) - 2 + 1) << MPU_RASR_SIZE_Pos) &
 800886c:	3b01      	subs	r3, #1
 800886e:	fab3 f383 	clz	r3, r3
 8008872:	f1c3 031f 	rsb	r3, r3, #31
 8008876:	005b      	lsls	r3, r3, #1
 8008878:	f003 033e 	and.w	r3, r3, #62	@ 0x3e
	p_attr->rasr = attr->rasr_attr | size_to_mpu_rasr_size(size);
 800887c:	4313      	orrs	r3, r2
 800887e:	9303      	str	r3, [sp, #12]
	return region_allocate_and_init(index,
 8008880:	a901      	add	r1, sp, #4
 8008882:	f7fb f911 	bl	8003aa8 <region_allocate_and_init>
}
 8008886:	b005      	add	sp, #20
 8008888:	f85d fb04 	ldr.w	pc, [sp], #4
		return REGION_32B;
 800888c:	2308      	movs	r3, #8
 800888e:	e7f5      	b.n	800887c <mpu_configure_region+0x26>
		return REGION_4G;
 8008890:	233e      	movs	r3, #62	@ 0x3e
 8008892:	e7f3      	b.n	800887c <mpu_configure_region+0x26>

08008894 <mpu_configure_regions_from_dt>:
{
 8008894:	b5f0      	push	{r4, r5, r6, r7, lr}
 8008896:	b085      	sub	sp, #20
 8008898:	4605      	mov	r5, r0
	num_regions = mem_attr_get_regions(&region);
 800889a:	a803      	add	r0, sp, #12
 800889c:	f7fa fb1e 	bl	8002edc <mem_attr_get_regions>
 80088a0:	4606      	mov	r6, r0
	for (size_t idx = 0; idx < num_regions; idx++) {
 80088a2:	2400      	movs	r4, #0
 80088a4:	e035      	b.n	8008912 <mpu_configure_regions_from_dt+0x7e>
		switch (DT_MEM_ARM_GET(region[idx].dt_attr)) {
 80088a6:	f1b3 7f00 	cmp.w	r3, #33554432	@ 0x2000000
 80088aa:	f000 80b2 	beq.w	8008a12 <mpu_configure_regions_from_dt+0x17e>
 80088ae:	f1b3 5f80 	cmp.w	r3, #268435456	@ 0x10000000
 80088b2:	f000 80c8 	beq.w	8008a46 <mpu_configure_regions_from_dt+0x1b2>
 80088b6:	f1b3 7f80 	cmp.w	r3, #16777216	@ 0x1000000
 80088ba:	d129      	bne.n	8008910 <mpu_configure_regions_from_dt+0x7c>
			region_conf = _BUILD_REGION_CONF(region[idx], REGION_IO_ATTR);
 80088bc:	6857      	ldr	r7, [r2, #4]
 80088be:	5809      	ldr	r1, [r1, r0]
 80088c0:	6893      	ldr	r3, [r2, #8]
	if (size <= 32U) {
 80088c2:	2b20      	cmp	r3, #32
 80088c4:	f240 80a1 	bls.w	8008a0a <mpu_configure_regions_from_dt+0x176>
	if (size > (1UL << 31)) {
 80088c8:	f1b3 4f00 	cmp.w	r3, #2147483648	@ 0x80000000
 80088cc:	f200 809f 	bhi.w	8008a0e <mpu_configure_regions_from_dt+0x17a>
	return ((32 - __builtin_clz(size - 1U) - 2 + 1) << MPU_RASR_SIZE_Pos) &
 80088d0:	3b01      	subs	r3, #1
 80088d2:	fab3 f383 	clz	r3, r3
 80088d6:	f1c3 031f 	rsb	r3, r3, #31
 80088da:	005b      	lsls	r3, r3, #1
 80088dc:	f003 033e 	and.w	r3, r3, #62	@ 0x3e
 80088e0:	f043 7388 	orr.w	r3, r3, #17825792	@ 0x1100000
 80088e4:	9700      	str	r7, [sp, #0]
 80088e6:	9101      	str	r1, [sp, #4]
 80088e8:	9302      	str	r3, [sp, #8]
			break;
 80088ea:	e007      	b.n	80088fc <mpu_configure_regions_from_dt+0x68>
		return REGION_32B;
 80088ec:	2308      	movs	r3, #8
			region_conf = _BUILD_REGION_CONF(region[idx], REGION_RAM_ATTR);
 80088ee:	f043 5388 	orr.w	r3, r3, #285212672	@ 0x11000000
 80088f2:	f443 2330 	orr.w	r3, r3, #720896	@ 0xb0000
 80088f6:	9700      	str	r7, [sp, #0]
 80088f8:	9101      	str	r1, [sp, #4]
 80088fa:	9302      	str	r3, [sp, #8]
		if (region_allocate_and_init((*reg_index),
 80088fc:	4669      	mov	r1, sp
 80088fe:	7828      	ldrb	r0, [r5, #0]
 8008900:	f7fb f8d2 	bl	8003aa8 <region_allocate_and_init>
 8008904:	2800      	cmp	r0, #0
 8008906:	f2c0 80ba 	blt.w	8008a7e <mpu_configure_regions_from_dt+0x1ea>
		(*reg_index)++;
 800890a:	782b      	ldrb	r3, [r5, #0]
 800890c:	3301      	adds	r3, #1
 800890e:	702b      	strb	r3, [r5, #0]
	for (size_t idx = 0; idx < num_regions; idx++) {
 8008910:	3401      	adds	r4, #1
 8008912:	42b4      	cmp	r4, r6
 8008914:	f080 80b6 	bcs.w	8008a84 <mpu_configure_regions_from_dt+0x1f0>
		switch (DT_MEM_ARM_GET(region[idx].dt_attr)) {
 8008918:	0120      	lsls	r0, r4, #4
 800891a:	9903      	ldr	r1, [sp, #12]
 800891c:	eb01 1204 	add.w	r2, r1, r4, lsl #4
 8008920:	68d3      	ldr	r3, [r2, #12]
 8008922:	f36f 0313 	bfc	r3, #0, #20
 8008926:	f5b3 0f00 	cmp.w	r3, #8388608	@ 0x800000
 800892a:	d054      	beq.n	80089d6 <mpu_configure_regions_from_dt+0x142>
 800892c:	d8bb      	bhi.n	80088a6 <mpu_configure_regions_from_dt+0x12>
 800892e:	f5b3 1f00 	cmp.w	r3, #2097152	@ 0x200000
 8008932:	d018      	beq.n	8008966 <mpu_configure_regions_from_dt+0xd2>
 8008934:	f5b3 0f80 	cmp.w	r3, #4194304	@ 0x400000
 8008938:	d031      	beq.n	800899e <mpu_configure_regions_from_dt+0x10a>
 800893a:	f5b3 1f80 	cmp.w	r3, #1048576	@ 0x100000
 800893e:	d1e7      	bne.n	8008910 <mpu_configure_regions_from_dt+0x7c>
			region_conf = _BUILD_REGION_CONF(region[idx], REGION_RAM_ATTR);
 8008940:	6857      	ldr	r7, [r2, #4]
 8008942:	5809      	ldr	r1, [r1, r0]
 8008944:	6893      	ldr	r3, [r2, #8]
	if (size <= 32U) {
 8008946:	2b20      	cmp	r3, #32
 8008948:	d9d0      	bls.n	80088ec <mpu_configure_regions_from_dt+0x58>
	if (size > (1UL << 31)) {
 800894a:	f1b3 4f00 	cmp.w	r3, #2147483648	@ 0x80000000
 800894e:	d808      	bhi.n	8008962 <mpu_configure_regions_from_dt+0xce>
	return ((32 - __builtin_clz(size - 1U) - 2 + 1) << MPU_RASR_SIZE_Pos) &
 8008950:	3b01      	subs	r3, #1
 8008952:	fab3 f383 	clz	r3, r3
 8008956:	f1c3 031f 	rsb	r3, r3, #31
 800895a:	005b      	lsls	r3, r3, #1
 800895c:	f003 033e 	and.w	r3, r3, #62	@ 0x3e
 8008960:	e7c5      	b.n	80088ee <mpu_configure_regions_from_dt+0x5a>
		return REGION_4G;
 8008962:	233e      	movs	r3, #62	@ 0x3e
 8008964:	e7c3      	b.n	80088ee <mpu_configure_regions_from_dt+0x5a>
			region_conf = _BUILD_REGION_CONF(region[idx], REGION_RAM_NOCACHE_ATTR);
 8008966:	6857      	ldr	r7, [r2, #4]
 8008968:	5809      	ldr	r1, [r1, r0]
 800896a:	6893      	ldr	r3, [r2, #8]
	if (size <= 32U) {
 800896c:	2b20      	cmp	r3, #32
 800896e:	d912      	bls.n	8008996 <mpu_configure_regions_from_dt+0x102>
	if (size > (1UL << 31)) {
 8008970:	f1b3 4f00 	cmp.w	r3, #2147483648	@ 0x80000000
 8008974:	d811      	bhi.n	800899a <mpu_configure_regions_from_dt+0x106>
	return ((32 - __builtin_clz(size - 1U) - 2 + 1) << MPU_RASR_SIZE_Pos) &
 8008976:	3b01      	subs	r3, #1
 8008978:	fab3 f383 	clz	r3, r3
 800897c:	f1c3 031f 	rsb	r3, r3, #31
 8008980:	005b      	lsls	r3, r3, #1
 8008982:	f003 033e 	and.w	r3, r3, #62	@ 0x3e
 8008986:	f043 5388 	orr.w	r3, r3, #285212672	@ 0x11000000
 800898a:	f443 2300 	orr.w	r3, r3, #524288	@ 0x80000
 800898e:	9700      	str	r7, [sp, #0]
 8008990:	9101      	str	r1, [sp, #4]
 8008992:	9302      	str	r3, [sp, #8]
			break;
 8008994:	e7b2      	b.n	80088fc <mpu_configure_regions_from_dt+0x68>
		return REGION_32B;
 8008996:	2308      	movs	r3, #8
 8008998:	e7f5      	b.n	8008986 <mpu_configure_regions_from_dt+0xf2>
		return REGION_4G;
 800899a:	233e      	movs	r3, #62	@ 0x3e
 800899c:	e7f3      	b.n	8008986 <mpu_configure_regions_from_dt+0xf2>
			region_conf = _BUILD_REGION_CONF(region[idx], REGION_FLASH_ATTR);
 800899e:	6857      	ldr	r7, [r2, #4]
 80089a0:	5809      	ldr	r1, [r1, r0]
 80089a2:	6893      	ldr	r3, [r2, #8]
	if (size <= 32U) {
 80089a4:	2b20      	cmp	r3, #32
 80089a6:	d912      	bls.n	80089ce <mpu_configure_regions_from_dt+0x13a>
	if (size > (1UL << 31)) {
 80089a8:	f1b3 4f00 	cmp.w	r3, #2147483648	@ 0x80000000
 80089ac:	d811      	bhi.n	80089d2 <mpu_configure_regions_from_dt+0x13e>
	return ((32 - __builtin_clz(size - 1U) - 2 + 1) << MPU_RASR_SIZE_Pos) &
 80089ae:	3b01      	subs	r3, #1
 80089b0:	fab3 f383 	clz	r3, r3
 80089b4:	f1c3 031f 	rsb	r3, r3, #31
 80089b8:	005b      	lsls	r3, r3, #1
 80089ba:	f003 033e 	and.w	r3, r3, #62	@ 0x3e
 80089be:	f043 63c0 	orr.w	r3, r3, #100663296	@ 0x6000000
 80089c2:	f443 3300 	orr.w	r3, r3, #131072	@ 0x20000
 80089c6:	9700      	str	r7, [sp, #0]
 80089c8:	9101      	str	r1, [sp, #4]
 80089ca:	9302      	str	r3, [sp, #8]
			break;
 80089cc:	e796      	b.n	80088fc <mpu_configure_regions_from_dt+0x68>
		return REGION_32B;
 80089ce:	2308      	movs	r3, #8
 80089d0:	e7f5      	b.n	80089be <mpu_configure_regions_from_dt+0x12a>
		return REGION_4G;
 80089d2:	233e      	movs	r3, #62	@ 0x3e
 80089d4:	e7f3      	b.n	80089be <mpu_configure_regions_from_dt+0x12a>
			region_conf = _BUILD_REGION_CONF(region[idx], REGION_PPB_ATTR);
 80089d6:	6857      	ldr	r7, [r2, #4]
 80089d8:	5809      	ldr	r1, [r1, r0]
 80089da:	6893      	ldr	r3, [r2, #8]
	if (size <= 32U) {
 80089dc:	2b20      	cmp	r3, #32
 80089de:	d910      	bls.n	8008a02 <mpu_configure_regions_from_dt+0x16e>
	if (size > (1UL << 31)) {
 80089e0:	f1b3 4f00 	cmp.w	r3, #2147483648	@ 0x80000000
 80089e4:	d80f      	bhi.n	8008a06 <mpu_configure_regions_from_dt+0x172>
	return ((32 - __builtin_clz(size - 1U) - 2 + 1) << MPU_RASR_SIZE_Pos) &
 80089e6:	3b01      	subs	r3, #1
 80089e8:	fab3 f383 	clz	r3, r3
 80089ec:	f1c3 031f 	rsb	r3, r3, #31
 80089f0:	005b      	lsls	r3, r3, #1
 80089f2:	f003 033e 	and.w	r3, r3, #62	@ 0x3e
 80089f6:	f043 7382 	orr.w	r3, r3, #17039360	@ 0x1040000
 80089fa:	9700      	str	r7, [sp, #0]
 80089fc:	9101      	str	r1, [sp, #4]
 80089fe:	9302      	str	r3, [sp, #8]
			break;
 8008a00:	e77c      	b.n	80088fc <mpu_configure_regions_from_dt+0x68>
		return REGION_32B;
 8008a02:	2308      	movs	r3, #8
 8008a04:	e7f7      	b.n	80089f6 <mpu_configure_regions_from_dt+0x162>
		return REGION_4G;
 8008a06:	233e      	movs	r3, #62	@ 0x3e
 8008a08:	e7f5      	b.n	80089f6 <mpu_configure_regions_from_dt+0x162>
		return REGION_32B;
 8008a0a:	2308      	movs	r3, #8
 8008a0c:	e768      	b.n	80088e0 <mpu_configure_regions_from_dt+0x4c>
		return REGION_4G;
 8008a0e:	233e      	movs	r3, #62	@ 0x3e
 8008a10:	e766      	b.n	80088e0 <mpu_configure_regions_from_dt+0x4c>
			region_conf = _BUILD_REGION_CONF(region[idx], REGION_EXTMEM_ATTR);
 8008a12:	6857      	ldr	r7, [r2, #4]
 8008a14:	5809      	ldr	r1, [r1, r0]
 8008a16:	6893      	ldr	r3, [r2, #8]
	if (size <= 32U) {
 8008a18:	2b20      	cmp	r3, #32
 8008a1a:	d910      	bls.n	8008a3e <mpu_configure_regions_from_dt+0x1aa>
	if (size > (1UL << 31)) {
 8008a1c:	f1b3 4f00 	cmp.w	r3, #2147483648	@ 0x80000000
 8008a20:	d80f      	bhi.n	8008a42 <mpu_configure_regions_from_dt+0x1ae>
	return ((32 - __builtin_clz(size - 1U) - 2 + 1) << MPU_RASR_SIZE_Pos) &
 8008a22:	3b01      	subs	r3, #1
 8008a24:	fab3 f383 	clz	r3, r3
 8008a28:	f1c3 031f 	rsb	r3, r3, #31
 8008a2c:	005b      	lsls	r3, r3, #1
 8008a2e:	f003 033e 	and.w	r3, r3, #62	@ 0x3e
 8008a32:	f443 2380 	orr.w	r3, r3, #262144	@ 0x40000
 8008a36:	9700      	str	r7, [sp, #0]
 8008a38:	9101      	str	r1, [sp, #4]
 8008a3a:	9302      	str	r3, [sp, #8]
			break;
 8008a3c:	e75e      	b.n	80088fc <mpu_configure_regions_from_dt+0x68>
		return REGION_32B;
 8008a3e:	2308      	movs	r3, #8
 8008a40:	e7f7      	b.n	8008a32 <mpu_configure_regions_from_dt+0x19e>
		return REGION_4G;
 8008a42:	233e      	movs	r3, #62	@ 0x3e
 8008a44:	e7f5      	b.n	8008a32 <mpu_configure_regions_from_dt+0x19e>
			region_conf = _BUILD_REGION_CONF(region[idx], REGION_RAM_WT_ATTR);
 8008a46:	6857      	ldr	r7, [r2, #4]
 8008a48:	5809      	ldr	r1, [r1, r0]
 8008a4a:	6893      	ldr	r3, [r2, #8]
	if (size <= 32U) {
 8008a4c:	2b20      	cmp	r3, #32
 8008a4e:	d912      	bls.n	8008a76 <mpu_configure_regions_from_dt+0x1e2>
	if (size > (1UL << 31)) {
 8008a50:	f1b3 4f00 	cmp.w	r3, #2147483648	@ 0x80000000
 8008a54:	d811      	bhi.n	8008a7a <mpu_configure_regions_from_dt+0x1e6>
	return ((32 - __builtin_clz(size - 1U) - 2 + 1) << MPU_RASR_SIZE_Pos) &
 8008a56:	3b01      	subs	r3, #1
 8008a58:	fab3 f383 	clz	r3, r3
 8008a5c:	f1c3 031f 	rsb	r3, r3, #31
 8008a60:	005b      	lsls	r3, r3, #1
 8008a62:	f003 033e 	and.w	r3, r3, #62	@ 0x3e
 8008a66:	f043 5388 	orr.w	r3, r3, #285212672	@ 0x11000000
 8008a6a:	f443 3300 	orr.w	r3, r3, #131072	@ 0x20000
 8008a6e:	9700      	str	r7, [sp, #0]
 8008a70:	9101      	str	r1, [sp, #4]
 8008a72:	9302      	str	r3, [sp, #8]
			break;
 8008a74:	e742      	b.n	80088fc <mpu_configure_regions_from_dt+0x68>
		return REGION_32B;
 8008a76:	2308      	movs	r3, #8
 8008a78:	e7f5      	b.n	8008a66 <mpu_configure_regions_from_dt+0x1d2>
		return REGION_4G;
 8008a7a:	233e      	movs	r3, #62	@ 0x3e
 8008a7c:	e7f3      	b.n	8008a66 <mpu_configure_regions_from_dt+0x1d2>
			return -EINVAL;
 8008a7e:	f06f 0015 	mvn.w	r0, #21
 8008a82:	e000      	b.n	8008a86 <mpu_configure_regions_from_dt+0x1f2>
	return 0;
 8008a84:	2000      	movs	r0, #0
}
 8008a86:	b005      	add	sp, #20
 8008a88:	bdf0      	pop	{r4, r5, r6, r7, pc}

08008a8a <arm_core_mpu_configure_static_mpu_regions>:
{
 8008a8a:	b508      	push	{r3, lr}
	if (mpu_configure_static_mpu_regions(static_regions, regions_num,
 8008a8c:	f7fb f85c 	bl	8003b48 <mpu_configure_static_mpu_regions>
}
 8008a90:	bd08      	pop	{r3, pc}

08008a92 <arm_core_mpu_configure_dynamic_mpu_regions>:
{
 8008a92:	b508      	push	{r3, lr}
	if (mpu_configure_dynamic_mpu_regions(dynamic_regions, regions_num)
 8008a94:	f7fb f862 	bl	8003b5c <mpu_configure_dynamic_mpu_regions>
}
 8008a98:	bd08      	pop	{r3, pc}

08008a9a <cbputc>:
{
 8008a9a:	b508      	push	{r3, lr}
	(*s->out) (c, s->ctx);
 8008a9c:	690b      	ldr	r3, [r1, #16]
 8008a9e:	6949      	ldr	r1, [r1, #20]
 8008aa0:	4798      	blx	r3
}
 8008aa2:	2000      	movs	r0, #0
 8008aa4:	bd08      	pop	{r3, pc}

08008aa6 <picolibc_put>:
{
 8008aa6:	b508      	push	{r3, lr}
		union { uintptr_t x; FILE * val; } parm1 = { .val = stream };
		return (int) arch_syscall_invoke2(parm0.x, parm1.x, K_SYSCALL_ZEPHYR_FPUTC);
	}
#endif
	compiler_barrier();
	return z_impl_zephyr_fputc(c, stream);
 8008aa8:	f7fb f8e8 	bl	8003c7c <z_impl_zephyr_fputc>
}
 8008aac:	2000      	movs	r0, #0
 8008aae:	bd08      	pop	{r3, pc}

08008ab0 <stm32_exti_init>:

/**
 * @brief Initializes the EXTI interrupt controller driver
 */
static int stm32_exti_init(const struct device *dev)
{
 8008ab0:	b508      	push	{r3, lr}
	ARG_UNUSED(dev);

	return stm32_exti_enable_clocks();
 8008ab2:	f7fb f909 	bl	8003cc8 <stm32_exti_enable_clocks>
}
 8008ab6:	bd08      	pop	{r3, pc}

08008ab8 <stm32_exti_gpio_intc_init>:
{
 8008ab8:	b508      	push	{r3, lr}
	DT_FOREACH_PROP_ELEM(EXTI_NODE,
 8008aba:	2206      	movs	r2, #6
 8008abc:	2101      	movs	r1, #1
 8008abe:	2000      	movs	r0, #0
 8008ac0:	f7fb f952 	bl	8003d68 <stm32_fill_irq_table>
 8008ac4:	2200      	movs	r2, #0
 8008ac6:	4611      	mov	r1, r2
 8008ac8:	2006      	movs	r0, #6
 8008aca:	f7ff fe8c 	bl	80087e6 <arm_irq_priority_set>
 8008ace:	2207      	movs	r2, #7
 8008ad0:	2101      	movs	r1, #1
 8008ad2:	4608      	mov	r0, r1
 8008ad4:	f7fb f948 	bl	8003d68 <stm32_fill_irq_table>
 8008ad8:	2200      	movs	r2, #0
 8008ada:	4611      	mov	r1, r2
 8008adc:	2007      	movs	r0, #7
 8008ade:	f7ff fe82 	bl	80087e6 <arm_irq_priority_set>
 8008ae2:	2208      	movs	r2, #8
 8008ae4:	2101      	movs	r1, #1
 8008ae6:	2002      	movs	r0, #2
 8008ae8:	f7fb f93e 	bl	8003d68 <stm32_fill_irq_table>
 8008aec:	2200      	movs	r2, #0
 8008aee:	4611      	mov	r1, r2
 8008af0:	2008      	movs	r0, #8
 8008af2:	f7ff fe78 	bl	80087e6 <arm_irq_priority_set>
 8008af6:	2209      	movs	r2, #9
 8008af8:	2101      	movs	r1, #1
 8008afa:	2003      	movs	r0, #3
 8008afc:	f7fb f934 	bl	8003d68 <stm32_fill_irq_table>
 8008b00:	2200      	movs	r2, #0
 8008b02:	4611      	mov	r1, r2
 8008b04:	2009      	movs	r0, #9
 8008b06:	f7ff fe6e 	bl	80087e6 <arm_irq_priority_set>
 8008b0a:	220a      	movs	r2, #10
 8008b0c:	2101      	movs	r1, #1
 8008b0e:	2004      	movs	r0, #4
 8008b10:	f7fb f92a 	bl	8003d68 <stm32_fill_irq_table>
 8008b14:	2200      	movs	r2, #0
 8008b16:	4611      	mov	r1, r2
 8008b18:	200a      	movs	r0, #10
 8008b1a:	f7ff fe64 	bl	80087e6 <arm_irq_priority_set>
 8008b1e:	2217      	movs	r2, #23
 8008b20:	2105      	movs	r1, #5
 8008b22:	4608      	mov	r0, r1
 8008b24:	f7fb f920 	bl	8003d68 <stm32_fill_irq_table>
 8008b28:	2200      	movs	r2, #0
 8008b2a:	4611      	mov	r1, r2
 8008b2c:	2017      	movs	r0, #23
 8008b2e:	f7ff fe5a 	bl	80087e6 <arm_irq_priority_set>
 8008b32:	2228      	movs	r2, #40	@ 0x28
 8008b34:	2106      	movs	r1, #6
 8008b36:	200a      	movs	r0, #10
 8008b38:	f7fb f916 	bl	8003d68 <stm32_fill_irq_table>
 8008b3c:	2200      	movs	r2, #0
 8008b3e:	4611      	mov	r1, r2
 8008b40:	2028      	movs	r0, #40	@ 0x28
 8008b42:	f7ff fe50 	bl	80087e6 <arm_irq_priority_set>
}
 8008b46:	2000      	movs	r0, #0
 8008b48:	bd08      	pop	{r3, pc}

08008b4a <stm32_gpio_intc_get_pin_irq_line>:
 8008b4a:	f001 011f 	and.w	r1, r1, #31
}
 8008b4e:	2001      	movs	r0, #1
 8008b50:	4088      	lsls	r0, r1
 8008b52:	4770      	bx	lr

08008b54 <stm32_exti_set_line_src_port>:

void stm32_exti_set_line_src_port(gpio_pin_t line, uint32_t port)
{
 8008b54:	b508      	push	{r3, lr}
 8008b56:	4602      	mov	r2, r0
 8008b58:	4608      	mov	r0, r1
	return (0xF << ((linenum % 4 * 4) + 16)) | (linenum / 4);
 8008b5a:	f002 0303 	and.w	r3, r2, #3
 8008b5e:	3304      	adds	r3, #4
 8008b60:	009b      	lsls	r3, r3, #2
 8008b62:	210f      	movs	r1, #15
 8008b64:	4099      	lsls	r1, r3
#elif DT_HAS_COMPAT_STATUS_OKAY(st_stm32h7rs_exti)
	LL_SBS_SetEXTISource(port, ll_line);
#elif defined(CONFIG_SOC_SERIES_STM32MP2X)
	LL_EXTI_SetEXTISource(EXTI2, port, ll_line);
#else
	LL_SYSCFG_SetEXTISource(port, ll_line);
 8008b66:	ea41 0192 	orr.w	r1, r1, r2, lsr #2
 8008b6a:	f7fb f933 	bl	8003dd4 <LL_SYSCFG_SetEXTISource>
#endif
	z_stm32_hsem_unlock(CFG_HW_EXTI_SEMID);
}
 8008b6e:	bd08      	pop	{r3, pc}

08008b70 <stm32_exti_get_line_src_port>:

uint32_t stm32_exti_get_line_src_port(gpio_pin_t line)
{
 8008b70:	b508      	push	{r3, lr}
	return (0xF << ((linenum % 4 * 4) + 16)) | (linenum / 4);
 8008b72:	f000 0303 	and.w	r3, r0, #3
 8008b76:	3304      	adds	r3, #4
 8008b78:	009b      	lsls	r3, r3, #2
 8008b7a:	220f      	movs	r2, #15
 8008b7c:	fa02 f303 	lsl.w	r3, r2, r3
#elif DT_HAS_COMPAT_STATUS_OKAY(st_stm32h7rs_exti)
	port = LL_SBS_GetEXTISource(ll_line);
#elif defined(CONFIG_SOC_SERIES_STM32MP2X)
	port = LL_EXTI_GetEXTISource(EXTI2, ll_line);
#else
	port = LL_SYSCFG_GetEXTISource(ll_line);
 8008b80:	ea43 0090 	orr.w	r0, r3, r0, lsr #2
 8008b84:	f7fb f942 	bl	8003e0c <LL_SYSCFG_GetEXTISource>
		port = port + STM32_PORT_GAP;
	}
#endif

	return port;
}
 8008b88:	bd08      	pop	{r3, pc}

08008b8a <adc_stm32_enable>:
  return (READ_BIT(ADCx->CR2, ADC_CR2_ADON) == (ADC_CR2_ADON));
 8008b8a:	6883      	ldr	r3, [r0, #8]
	if (LL_ADC_IsEnabled(adc) == 1UL) {
 8008b8c:	f013 0f01 	tst.w	r3, #1
 8008b90:	d103      	bne.n	8008b9a <adc_stm32_enable+0x10>
  SET_BIT(ADCx->CR2, ADC_CR2_ADON);
 8008b92:	6883      	ldr	r3, [r0, #8]
 8008b94:	f043 0301 	orr.w	r3, r3, #1
 8008b98:	6083      	str	r3, [r0, #8]
}
 8008b9a:	2000      	movs	r0, #0
 8008b9c:	4770      	bx	lr

08008b9e <adc_stm32_start_conversion>:
	const struct adc_stm32_cfg *config = dev->config;
 8008b9e:	6843      	ldr	r3, [r0, #4]
	ADC_TypeDef *adc = config->base;
 8008ba0:	681a      	ldr	r2, [r3, #0]
  SET_BIT(ADCx->CR2, ADC_CR2_SWSTART);
 8008ba2:	6893      	ldr	r3, [r2, #8]
 8008ba4:	f043 4380 	orr.w	r3, r3, #1073741824	@ 0x40000000
 8008ba8:	6093      	str	r3, [r2, #8]
}
 8008baa:	4770      	bx	lr

08008bac <adc_stm32_disable>:
  return (READ_BIT(ADCx->CR2, ADC_CR2_ADON) == (ADC_CR2_ADON));
 8008bac:	6883      	ldr	r3, [r0, #8]
	if (LL_ADC_IsEnabled(adc) != 1UL) {
 8008bae:	f013 0f01 	tst.w	r3, #1
 8008bb2:	d00e      	beq.n	8008bd2 <adc_stm32_disable+0x26>
	return *(volatile uint32_t *)addr;
 8008bb4:	6803      	ldr	r3, [r0, #0]
	if ((stm32_reg_read(&adc->SR) & LL_ADC_FLAG_STRT) == LL_ADC_FLAG_STRT && !force) {
 8008bb6:	f013 0f10 	tst.w	r3, #16
 8008bba:	d000      	beq.n	8008bbe <adc_stm32_disable+0x12>
 8008bbc:	b159      	cbz	r1, 8008bd6 <adc_stm32_disable+0x2a>
  CLEAR_BIT(ADCx->CR2, ADC_CR2_ADON);
 8008bbe:	6883      	ldr	r3, [r0, #8]
 8008bc0:	f023 0301 	bic.w	r3, r3, #1
 8008bc4:	6083      	str	r3, [r0, #8]
  return (READ_BIT(ADCx->CR2, ADC_CR2_ADON) == (ADC_CR2_ADON));
 8008bc6:	6883      	ldr	r3, [r0, #8]
		while (LL_ADC_IsEnabled(adc) == 1UL) {
 8008bc8:	f013 0f01 	tst.w	r3, #1
 8008bcc:	d1fb      	bne.n	8008bc6 <adc_stm32_disable+0x1a>
 8008bce:	2000      	movs	r0, #0
 8008bd0:	4770      	bx	lr
		return 0;
 8008bd2:	2000      	movs	r0, #0
 8008bd4:	4770      	bx	lr
		err = -EBUSY;
 8008bd6:	f06f 000f 	mvn.w	r0, #15
}
 8008bda:	4770      	bx	lr

08008bdc <adc_context_start_sampling>:
{
 8008bdc:	b508      	push	{r3, lr}
	data->repeat_buffer = data->buffer;
 8008bde:	f8d0 30ac 	ldr.w	r3, [r0, #172]	@ 0xac
 8008be2:	f8c0 30b0 	str.w	r3, [r0, #176]	@ 0xb0
	adc_stm32_start_conversion(dev);
 8008be6:	f8d0 00a8 	ldr.w	r0, [r0, #168]	@ 0xa8
 8008bea:	f7ff ffd8 	bl	8008b9e <adc_stm32_start_conversion>
}
 8008bee:	bd08      	pop	{r3, pc}

08008bf0 <adc_context_update_buffer_pointer>:
	if (repeat_sampling) {
 8008bf0:	b119      	cbz	r1, 8008bfa <adc_context_update_buffer_pointer+0xa>
		data->buffer = data->repeat_buffer;
 8008bf2:	f8d0 30b0 	ldr.w	r3, [r0, #176]	@ 0xb0
 8008bf6:	f8c0 30ac 	str.w	r3, [r0, #172]	@ 0xac
}
 8008bfa:	4770      	bx	lr

08008bfc <adc_context_on_complete>:
	data->acq_time_index[0] = -1;
 8008bfc:	23ff      	movs	r3, #255	@ 0xff
 8008bfe:	f880 30be 	strb.w	r3, [r0, #190]	@ 0xbe
	data->acq_time_index[1] = -1;
 8008c02:	f880 30bf 	strb.w	r3, [r0, #191]	@ 0xbf
}
 8008c06:	4770      	bx	lr

08008c08 <LL_ADC_REG_SetSequencerRanks>:
{
 8008c08:	b500      	push	{lr}
  __IO uint32_t *preg = __ADC_PTR_REG_OFFSET(ADCx->SQR1, __ADC_MASK_SHIFT(Rank, ADC_REG_SQRX_REGOFFSET_MASK));
 8008c0a:	302c      	adds	r0, #44	@ 0x2c
 8008c0c:	f401 7c40 	and.w	ip, r1, #768	@ 0x300
   __ASM ("rbit %0, %1" : "=r" (result) : "r" (value) );
 8008c10:	f44f 7340 	mov.w	r3, #768	@ 0x300
 8008c14:	fa93 f3a3 	rbit	r3, r3
  if (value == 0U)
 8008c18:	b1ab      	cbz	r3, 8008c46 <LL_ADC_REG_SetSequencerRanks+0x3e>
  return __builtin_clz(value);
 8008c1a:	fab3 f383 	clz	r3, r3
 8008c1e:	fa2c fc03 	lsr.w	ip, ip, r3
  MODIFY_REG(*preg,
 8008c22:	f850 302c 	ldr.w	r3, [r0, ip, lsl #2]
 8008c26:	f001 011f 	and.w	r1, r1, #31
 8008c2a:	f04f 0e1f 	mov.w	lr, #31
 8008c2e:	fa0e fe01 	lsl.w	lr, lr, r1
 8008c32:	ea23 030e 	bic.w	r3, r3, lr
 8008c36:	f002 021f 	and.w	r2, r2, #31
 8008c3a:	408a      	lsls	r2, r1
 8008c3c:	4313      	orrs	r3, r2
 8008c3e:	f840 302c 	str.w	r3, [r0, ip, lsl #2]
}
 8008c42:	f85d fb04 	ldr.w	pc, [sp], #4
    return 32U;
 8008c46:	2320      	movs	r3, #32
 8008c48:	e7e9      	b.n	8008c1e <LL_ADC_REG_SetSequencerRanks+0x16>

08008c4a <LL_ADC_SetChannelSamplingTime>:
{
 8008c4a:	b510      	push	{r4, lr}
  __IO uint32_t *preg = __ADC_PTR_REG_OFFSET(ADCx->SMPR1, __ADC_MASK_SHIFT(Channel, ADC_CHANNEL_SMPRX_REGOFFSET_MASK));
 8008c4c:	300c      	adds	r0, #12
 8008c4e:	f001 7e00 	and.w	lr, r1, #33554432	@ 0x2000000
   __ASM ("rbit %0, %1" : "=r" (result) : "r" (value) );
 8008c52:	f04f 7300 	mov.w	r3, #33554432	@ 0x2000000
 8008c56:	fa93 f3a3 	rbit	r3, r3
  if (value == 0U)
 8008c5a:	b323      	cbz	r3, 8008ca6 <LL_ADC_SetChannelSamplingTime+0x5c>
  return __builtin_clz(value);
 8008c5c:	fab3 f383 	clz	r3, r3
 8008c60:	fa2e fe03 	lsr.w	lr, lr, r3
  MODIFY_REG(*preg,
 8008c64:	f850 402e 	ldr.w	r4, [r0, lr, lsl #2]
 8008c68:	f001 71f8 	and.w	r1, r1, #32505856	@ 0x1f00000
   __ASM ("rbit %0, %1" : "=r" (result) : "r" (value) );
 8008c6c:	f04f 73f8 	mov.w	r3, #32505856	@ 0x1f00000
 8008c70:	fa93 f3a3 	rbit	r3, r3
  if (value == 0U)
 8008c74:	b1cb      	cbz	r3, 8008caa <LL_ADC_SetChannelSamplingTime+0x60>
  return __builtin_clz(value);
 8008c76:	fab3 f383 	clz	r3, r3
 8008c7a:	fa21 f303 	lsr.w	r3, r1, r3
 8008c7e:	f04f 0c07 	mov.w	ip, #7
 8008c82:	fa0c f303 	lsl.w	r3, ip, r3
 8008c86:	ea24 0c03 	bic.w	ip, r4, r3
   __ASM ("rbit %0, %1" : "=r" (result) : "r" (value) );
 8008c8a:	f04f 73f8 	mov.w	r3, #32505856	@ 0x1f00000
 8008c8e:	fa93 f3a3 	rbit	r3, r3
  if (value == 0U)
 8008c92:	b163      	cbz	r3, 8008cae <LL_ADC_SetChannelSamplingTime+0x64>
  return __builtin_clz(value);
 8008c94:	fab3 f383 	clz	r3, r3
 8008c98:	40d9      	lsrs	r1, r3
 8008c9a:	408a      	lsls	r2, r1
 8008c9c:	ea4c 0202 	orr.w	r2, ip, r2
 8008ca0:	f840 202e 	str.w	r2, [r0, lr, lsl #2]
}
 8008ca4:	bd10      	pop	{r4, pc}
    return 32U;
 8008ca6:	2320      	movs	r3, #32
 8008ca8:	e7da      	b.n	8008c60 <LL_ADC_SetChannelSamplingTime+0x16>
 8008caa:	2320      	movs	r3, #32
 8008cac:	e7e5      	b.n	8008c7a <LL_ADC_SetChannelSamplingTime+0x30>
 8008cae:	2320      	movs	r3, #32
 8008cb0:	e7f2      	b.n	8008c98 <LL_ADC_SetChannelSamplingTime+0x4e>

08008cb2 <adc_context_start_read>:
	k_sem_give(&ctx->sync);
}

static inline void adc_context_start_read(struct adc_context *ctx,
					  const struct adc_sequence *sequence)
{
 8008cb2:	b538      	push	{r3, r4, r5, lr}
 8008cb4:	4684      	mov	ip, r0
 8008cb6:	460d      	mov	r5, r1
	ctx->sequence = *sequence;
 8008cb8:	f100 0e7c 	add.w	lr, r0, #124	@ 0x7c
 8008cbc:	460c      	mov	r4, r1
 8008cbe:	cc0f      	ldmia	r4!, {r0, r1, r2, r3}
 8008cc0:	e8ae 000f 	stmia.w	lr!, {r0, r1, r2, r3}
 8008cc4:	6823      	ldr	r3, [r4, #0]
 8008cc6:	f8ce 3000 	str.w	r3, [lr]
	ctx->status = 0;
 8008cca:	2300      	movs	r3, #0
 8008ccc:	f8cc 3070 	str.w	r3, [ip, #112]	@ 0x70

	if (sequence->options) {
 8008cd0:	682b      	ldr	r3, [r5, #0]
 8008cd2:	b153      	cbz	r3, 8008cea <adc_context_start_read+0x38>
		ctx->options = *sequence->options;
 8008cd4:	f10c 0490 	add.w	r4, ip, #144	@ 0x90
 8008cd8:	cb0f      	ldmia	r3, {r0, r1, r2, r3}
 8008cda:	e884 000f 	stmia.w	r4, {r0, r1, r2, r3}
		ctx->sequence.options = &ctx->options;
 8008cde:	f8cc 407c 	str.w	r4, [ip, #124]	@ 0x7c
		ctx->sampling_index = 0U;
 8008ce2:	2300      	movs	r3, #0
 8008ce4:	f8ac 30a0 	strh.w	r3, [ip, #160]	@ 0xa0

		if (ctx->options.interval_us != 0U) {
 8008ce8:	b918      	cbnz	r0, 8008cf2 <adc_context_start_read+0x40>
			adc_context_enable_timer(ctx);
			return;
		}
	}

	adc_context_start_sampling(ctx);
 8008cea:	4660      	mov	r0, ip
 8008cec:	f7ff ff76 	bl	8008bdc <adc_context_start_sampling>
}
 8008cf0:	bd38      	pop	{r3, r4, r5, pc}
	return __atomic_exchange_n(target, value, __ATOMIC_SEQ_CST);
 8008cf2:	2300      	movs	r3, #0
 8008cf4:	f3bf 8f5b 	dmb	ish
 8008cf8:	e85c 2f00 	ldrex	r2, [ip]
 8008cfc:	e84c 3100 	strex	r1, r3, [ip]
 8008d00:	2900      	cmp	r1, #0
 8008d02:	d1f9      	bne.n	8008cf8 <adc_context_start_read+0x46>
 8008d04:	f3bf 8f5b 	dmb	ish
			adc_context_enable_timer(ctx);
 8008d08:	4660      	mov	r0, ip
 8008d0a:	f7fb fabd 	bl	8004288 <adc_context_enable_timer>
			return;
 8008d0e:	e7ef      	b.n	8008cf0 <adc_context_start_read+0x3e>

08008d10 <adc_context_wait_for_completion>:
	if (ctx->asynchronous) {
 8008d10:	f890 3078 	ldrb.w	r3, [r0, #120]	@ 0x78
 8008d14:	b10b      	cbz	r3, 8008d1a <adc_context_wait_for_completion+0xa>
		return 0;
 8008d16:	2000      	movs	r0, #0
}
 8008d18:	4770      	bx	lr
{
 8008d1a:	b510      	push	{r4, lr}
 8008d1c:	4604      	mov	r4, r0
	int status = k_sem_take(&ctx->sync, ADC_CONTEXT_WAIT_FOR_COMPLETION_TIMEOUT);
 8008d1e:	3058      	adds	r0, #88	@ 0x58
	return z_impl_k_sem_take(sem, timeout);
 8008d20:	f04f 32ff 	mov.w	r2, #4294967295
 8008d24:	f04f 33ff 	mov.w	r3, #4294967295
 8008d28:	f7fc fda6 	bl	8005878 <z_impl_k_sem_take>
	if (status != 0) {
 8008d2c:	b100      	cbz	r0, 8008d30 <adc_context_wait_for_completion+0x20>
		ctx->status = status;
 8008d2e:	6720      	str	r0, [r4, #112]	@ 0x70
	return ctx->status;
 8008d30:	6f20      	ldr	r0, [r4, #112]	@ 0x70
}
 8008d32:	bd10      	pop	{r4, pc}

08008d34 <adc_context_lock>:
{
 8008d34:	b570      	push	{r4, r5, r6, lr}
 8008d36:	4604      	mov	r4, r0
 8008d38:	460e      	mov	r6, r1
 8008d3a:	4615      	mov	r5, r2
	k_sem_take(&ctx->lock, K_FOREVER);
 8008d3c:	3040      	adds	r0, #64	@ 0x40
 8008d3e:	f04f 32ff 	mov.w	r2, #4294967295
 8008d42:	f04f 33ff 	mov.w	r3, #4294967295
 8008d46:	f7fc fd97 	bl	8005878 <z_impl_k_sem_take>
	ctx->asynchronous = asynchronous;
 8008d4a:	f884 6078 	strb.w	r6, [r4, #120]	@ 0x78
	ctx->signal = signal;
 8008d4e:	6765      	str	r5, [r4, #116]	@ 0x74
}
 8008d50:	bd70      	pop	{r4, r5, r6, pc}

08008d52 <adc_context_release>:
{
 8008d52:	b508      	push	{r3, lr}
	if (ctx->asynchronous && (status == 0)) {
 8008d54:	f890 3078 	ldrb.w	r3, [r0, #120]	@ 0x78
 8008d58:	b103      	cbz	r3, 8008d5c <adc_context_release+0xa>
 8008d5a:	b111      	cbz	r1, 8008d62 <adc_context_release+0x10>
	k_sem_give(&ctx->lock);
 8008d5c:	3040      	adds	r0, #64	@ 0x40
	z_impl_k_sem_give(sem);
 8008d5e:	f7fc fd4f 	bl	8005800 <z_impl_k_sem_give>
}
 8008d62:	bd08      	pop	{r3, pc}

08008d64 <adc_stm32_read>:
{
 8008d64:	b570      	push	{r4, r5, r6, lr}
 8008d66:	4604      	mov	r4, r0
 8008d68:	460d      	mov	r5, r1
	struct adc_stm32_data *data = dev->data;
 8008d6a:	6906      	ldr	r6, [r0, #16]
	adc_context_lock(ctx, asynchronous, async_sig);
 8008d6c:	4619      	mov	r1, r3
 8008d6e:	4630      	mov	r0, r6
 8008d70:	f7ff ffe0 	bl	8008d34 <adc_context_lock>
	error = read_fn(dev, sequence);
 8008d74:	4629      	mov	r1, r5
 8008d76:	4620      	mov	r0, r4
 8008d78:	f7fb fac0 	bl	80042fc <start_read>
 8008d7c:	4604      	mov	r4, r0
	adc_context_release(ctx, error);
 8008d7e:	4601      	mov	r1, r0
 8008d80:	4630      	mov	r0, r6
 8008d82:	f7ff ffe6 	bl	8008d52 <adc_context_release>
}
 8008d86:	4620      	mov	r0, r4
 8008d88:	bd70      	pop	{r4, r5, r6, pc}

08008d8a <adc_stm32_read_async>:
{
 8008d8a:	b508      	push	{r3, lr}
	return adc_stm32_read(dev, sequence, async, true);
 8008d8c:	2301      	movs	r3, #1
 8008d8e:	f7ff ffe9 	bl	8008d64 <adc_stm32_read>
}
 8008d92:	bd08      	pop	{r3, pc}

08008d94 <adc_stm32_read_sync>:
{
 8008d94:	b508      	push	{r3, lr}
	return adc_stm32_read(dev, sequence, NULL, false);
 8008d96:	2300      	movs	r3, #0
 8008d98:	461a      	mov	r2, r3
 8008d9a:	f7ff ffe3 	bl	8008d64 <adc_stm32_read>
}
 8008d9e:	bd08      	pop	{r3, pc}

08008da0 <adc_context_unlock_unconditionally>:
{
 8008da0:	b508      	push	{r3, lr}
/**
 * @internal
 */
static inline unsigned int z_impl_k_sem_count_get(struct k_sem *sem)
{
	return sem->count;
 8008da2:	6c83      	ldr	r3, [r0, #72]	@ 0x48
	if (!k_sem_count_get(&ctx->lock)) {
 8008da4:	b103      	cbz	r3, 8008da8 <adc_context_unlock_unconditionally+0x8>
}
 8008da6:	bd08      	pop	{r3, pc}
		k_sem_give(&ctx->lock);
 8008da8:	3040      	adds	r0, #64	@ 0x40
 8008daa:	f7fc fd29 	bl	8005800 <z_impl_k_sem_give>
}
 8008dae:	e7fa      	b.n	8008da6 <adc_context_unlock_unconditionally+0x6>

08008db0 <pinctrl_apply_state>:
 * @retval -ENOENT If given state id does not exist.
 * @retval -errno Negative errno for other failures.
 */
static inline int pinctrl_apply_state(const struct pinctrl_dev_config *config,
				      uint8_t id)
{
 8008db0:	b500      	push	{lr}
 8008db2:	b083      	sub	sp, #12
	int ret;
	const struct pinctrl_state *state;

	ret = pinctrl_lookup_state(config, id, &state);
 8008db4:	aa01      	add	r2, sp, #4
 8008db6:	f000 fa49 	bl	800924c <pinctrl_lookup_state>
	if (ret < 0) {
 8008dba:	2800      	cmp	r0, #0
 8008dbc:	db05      	blt.n	8008dca <pinctrl_apply_state+0x1a>
		return ret;
	}

	return pinctrl_apply_state_direct(config, state);
 8008dbe:	9b01      	ldr	r3, [sp, #4]
	return pinctrl_configure_pins(state->pins, state->pin_cnt, reg);
 8008dc0:	2200      	movs	r2, #0
 8008dc2:	7919      	ldrb	r1, [r3, #4]
 8008dc4:	6818      	ldr	r0, [r3, #0]
 8008dc6:	f000 fa5a 	bl	800927e <pinctrl_configure_pins>
}
 8008dca:	b003      	add	sp, #12
 8008dcc:	f85d fb04 	ldr.w	pc, [sp], #4

08008dd0 <adc_context_request_next_sampling>:
{
 8008dd0:	b508      	push	{r3, lr}
	return __atomic_fetch_add(target, value, __ATOMIC_SEQ_CST);
 8008dd2:	f3bf 8f5b 	dmb	ish
 8008dd6:	e850 3f00 	ldrex	r3, [r0]
 8008dda:	1c5a      	adds	r2, r3, #1
 8008ddc:	e840 2100 	strex	r1, r2, [r0]
 8008de0:	2900      	cmp	r1, #0
 8008de2:	d1f8      	bne.n	8008dd6 <adc_context_request_next_sampling+0x6>
 8008de4:	f3bf 8f5b 	dmb	ish
	if (atomic_inc(&ctx->sampling_requested) == 0) {
 8008de8:	b11b      	cbz	r3, 8008df2 <adc_context_request_next_sampling+0x22>
		ctx->status = -EBUSY;
 8008dea:	f06f 030f 	mvn.w	r3, #15
 8008dee:	6703      	str	r3, [r0, #112]	@ 0x70
}
 8008df0:	bd08      	pop	{r3, pc}
		adc_context_start_sampling(ctx);
 8008df2:	f7ff fef3 	bl	8008bdc <adc_context_start_sampling>
 8008df6:	e7fb      	b.n	8008df0 <adc_context_request_next_sampling+0x20>

08008df8 <adc_context_on_timer_expired>:
{
 8008df8:	b508      	push	{r3, lr}
	adc_context_request_next_sampling(ctx);
 8008dfa:	3808      	subs	r0, #8
 8008dfc:	f7ff ffe8 	bl	8008dd0 <adc_context_request_next_sampling>
}
 8008e00:	bd08      	pop	{r3, pc}

08008e02 <adc_stm32_isr_18_init>:
DT_INST_FOREACH_STATUS_OKAY(GENERATE_ISR)
 8008e02:	b508      	push	{r3, lr}
 8008e04:	2200      	movs	r2, #0
 8008e06:	4611      	mov	r1, r2
 8008e08:	2012      	movs	r0, #18
 8008e0a:	f7ff fcec 	bl	80087e6 <arm_irq_priority_set>
 8008e0e:	2012      	movs	r0, #18
 8008e10:	f7ff fce4 	bl	80087dc <arm_irq_enable>
 8008e14:	bd08      	pop	{r3, pc}

08008e16 <adc_context_complete>:
{
 8008e16:	b538      	push	{r3, r4, r5, lr}
 8008e18:	4604      	mov	r4, r0
 8008e1a:	460d      	mov	r5, r1
	adc_context_on_complete(ctx, status);
 8008e1c:	f7ff feee 	bl	8008bfc <adc_context_on_complete>
	if (ctx->asynchronous) {
 8008e20:	f894 3078 	ldrb.w	r3, [r4, #120]	@ 0x78
 8008e24:	b933      	cbnz	r3, 8008e34 <adc_context_complete+0x1e>
	if (status != 0) {
 8008e26:	b105      	cbz	r5, 8008e2a <adc_context_complete+0x14>
		ctx->status = status;
 8008e28:	6725      	str	r5, [r4, #112]	@ 0x70
	k_sem_give(&ctx->sync);
 8008e2a:	f104 0058 	add.w	r0, r4, #88	@ 0x58
 8008e2e:	f7fc fce7 	bl	8005800 <z_impl_k_sem_give>
}
 8008e32:	bd38      	pop	{r3, r4, r5, pc}
		if (ctx->signal) {
 8008e34:	6f60      	ldr	r0, [r4, #116]	@ 0x74
 8008e36:	b110      	cbz	r0, 8008e3e <adc_context_complete+0x28>
		union { uintptr_t x; int val; } parm1 = { .val = result };
		return (int) arch_syscall_invoke2(parm0.x, parm1.x, K_SYSCALL_K_POLL_SIGNAL_RAISE);
	}
#endif
	compiler_barrier();
	return z_impl_k_poll_signal_raise(sig, result);
 8008e38:	4629      	mov	r1, r5
 8008e3a:	f7fd fd31 	bl	80068a0 <z_impl_k_poll_signal_raise>
		k_sem_give(&ctx->lock);
 8008e3e:	f104 0040 	add.w	r0, r4, #64	@ 0x40
	z_impl_k_sem_give(sem);
 8008e42:	f7fc fcdd 	bl	8005800 <z_impl_k_sem_give>
		return;
 8008e46:	e7f4      	b.n	8008e32 <adc_context_complete+0x1c>

08008e48 <adc_context_on_sampling_done>:
 * depending on the realized sequence) is done. It calls the defined callback
 * function if required and takes further actions accordingly.
 */
static inline void adc_context_on_sampling_done(struct adc_context *ctx,
						const struct device *dev)
{
 8008e48:	b510      	push	{r4, lr}
 8008e4a:	4604      	mov	r4, r0
	if (ctx->sequence.options) {
 8008e4c:	6fc3      	ldr	r3, [r0, #124]	@ 0x7c
 8008e4e:	b1ab      	cbz	r3, 8008e7c <adc_context_on_sampling_done+0x34>
 8008e50:	4608      	mov	r0, r1
		adc_sequence_callback callback = ctx->options.callback;
 8008e52:	f8d4 3094 	ldr.w	r3, [r4, #148]	@ 0x94
		enum adc_action action;
		bool finish = false;
		bool repeat = false;

		if (callback) {
 8008e56:	b143      	cbz	r3, 8008e6a <adc_context_on_sampling_done+0x22>
			action = callback(dev,
 8008e58:	f8b4 20a0 	ldrh.w	r2, [r4, #160]	@ 0xa0
 8008e5c:	f104 017c 	add.w	r1, r4, #124	@ 0x7c
 8008e60:	4798      	blx	r3
					  ctx->sampling_index);
		} else {
			action = ADC_ACTION_CONTINUE;
		}

		switch (action) {
 8008e62:	2801      	cmp	r0, #1
 8008e64:	d014      	beq.n	8008e90 <adc_context_on_sampling_done+0x48>
 8008e66:	2802      	cmp	r0, #2
 8008e68:	d005      	beq.n	8008e76 <adc_context_on_sampling_done+0x2e>
			break;
		case ADC_ACTION_FINISH:
			finish = true;
			break;
		default: /* ADC_ACTION_CONTINUE */
			if (ctx->sampling_index <
 8008e6a:	f8b4 30a0 	ldrh.w	r3, [r4, #160]	@ 0xa0
			    ctx->options.extra_samplings) {
 8008e6e:	f8b4 209c 	ldrh.w	r2, [r4, #156]	@ 0x9c
			if (ctx->sampling_index <
 8008e72:	4293      	cmp	r3, r2
 8008e74:	d307      	bcc.n	8008e86 <adc_context_on_sampling_done+0x3e>
			}

			return;
		}

		if (ctx->options.interval_us != 0U) {
 8008e76:	f8d4 3090 	ldr.w	r3, [r4, #144]	@ 0x90
 8008e7a:	bb2b      	cbnz	r3, 8008ec8 <adc_context_on_sampling_done+0x80>
			adc_context_disable_timer(ctx);
		}
	}

	adc_context_complete(ctx, 0);
 8008e7c:	2100      	movs	r1, #0
 8008e7e:	4620      	mov	r0, r4
 8008e80:	f7ff ffc9 	bl	8008e16 <adc_context_complete>
}
 8008e84:	bd10      	pop	{r4, pc}
				++ctx->sampling_index;
 8008e86:	3301      	adds	r3, #1
 8008e88:	f8a4 30a0 	strh.w	r3, [r4, #160]	@ 0xa0
		bool repeat = false;
 8008e8c:	2100      	movs	r1, #0
 8008e8e:	e000      	b.n	8008e92 <adc_context_on_sampling_done+0x4a>
		switch (action) {
 8008e90:	2101      	movs	r1, #1
			adc_context_update_buffer_pointer(ctx, repeat);
 8008e92:	4620      	mov	r0, r4
 8008e94:	f7ff feac 	bl	8008bf0 <adc_context_update_buffer_pointer>
			if (ctx->options.interval_us == 0U) {
 8008e98:	f8d4 3090 	ldr.w	r3, [r4, #144]	@ 0x90
 8008e9c:	b91b      	cbnz	r3, 8008ea6 <adc_context_on_sampling_done+0x5e>
				adc_context_start_sampling(ctx);
 8008e9e:	4620      	mov	r0, r4
 8008ea0:	f7ff fe9c 	bl	8008bdc <adc_context_start_sampling>
 8008ea4:	e7ee      	b.n	8008e84 <adc_context_on_sampling_done+0x3c>
	return __atomic_fetch_sub(target, value, __ATOMIC_SEQ_CST);
 8008ea6:	f3bf 8f5b 	dmb	ish
 8008eaa:	e854 3f00 	ldrex	r3, [r4]
 8008eae:	1e5a      	subs	r2, r3, #1
 8008eb0:	e844 2100 	strex	r1, r2, [r4]
 8008eb4:	2900      	cmp	r1, #0
 8008eb6:	d1f8      	bne.n	8008eaa <adc_context_on_sampling_done+0x62>
 8008eb8:	f3bf 8f5b 	dmb	ish
			} else if (atomic_dec(&ctx->sampling_requested) > 1) {
 8008ebc:	2b01      	cmp	r3, #1
 8008ebe:	dde1      	ble.n	8008e84 <adc_context_on_sampling_done+0x3c>
				adc_context_start_sampling(ctx);
 8008ec0:	4620      	mov	r0, r4
 8008ec2:	f7ff fe8b 	bl	8008bdc <adc_context_start_sampling>
			return;
 8008ec6:	e7dd      	b.n	8008e84 <adc_context_on_sampling_done+0x3c>
	k_timer_stop(&ctx->timer);
 8008ec8:	f104 0008 	add.w	r0, r4, #8
	z_impl_k_timer_stop(timer);
 8008ecc:	f7fd fcb2 	bl	8006834 <z_impl_k_timer_stop>
}
 8008ed0:	e7d4      	b.n	8008e7c <adc_context_on_sampling_done+0x34>

08008ed2 <get_pll_div_frequency>:
	return pllsrc_freq / pllm_div * plln_mul / pllout_div;
 8008ed2:	fbb0 f0f1 	udiv	r0, r0, r1
 8008ed6:	fb02 f000 	mul.w	r0, r2, r0
}
 8008eda:	fbb0 f0f3 	udiv	r0, r0, r3
 8008ede:	4770      	bx	lr

08008ee0 <get_bus_clock>:
}
 8008ee0:	fbb0 f0f1 	udiv	r0, r0, r1
 8008ee4:	4770      	bx	lr

08008ee6 <stm32_clock_control_on>:
	if (!IN_RANGE(pclken->bus, STM32_PERIPH_BUS_MIN, STM32_PERIPH_BUS_MAX)) {
 8008ee6:	880b      	ldrh	r3, [r1, #0]
 8008ee8:	f3c3 030b 	ubfx	r3, r3, #0, #12
 8008eec:	f503 627d 	add.w	r2, r3, #4048	@ 0xfd0
 8008ef0:	f3c2 020b 	ubfx	r2, r2, #0, #12
 8008ef4:	2a78      	cmp	r2, #120	@ 0x78
 8008ef6:	d815      	bhi.n	8008f24 <stm32_clock_control_on+0x3e>
{
 8008ef8:	b082      	sub	sp, #8
	sys_set_bits(DT_REG_ADDR(DT_NODELABEL(rcc)) + pclken->bus,
 8008efa:	f103 4380 	add.w	r3, r3, #1073741824	@ 0x40000000
 8008efe:	f503 330e 	add.w	r3, r3, #145408	@ 0x23800
 8008f02:	684a      	ldr	r2, [r1, #4]
	return temp & (1U << bit);
}

static ALWAYS_INLINE void sys_set_bits(mem_addr_t addr, unsigned int mask)
{
	uint32_t temp = *(volatile uint32_t *)addr;
 8008f04:	6818      	ldr	r0, [r3, #0]

	*(volatile uint32_t *)addr = temp | mask;
 8008f06:	4302      	orrs	r2, r0
 8008f08:	601a      	str	r2, [r3, #0]
	temp = sys_read32(DT_REG_ADDR(DT_NODELABEL(rcc)) + pclken->bus);
 8008f0a:	880b      	ldrh	r3, [r1, #0]
 8008f0c:	f3c3 030b 	ubfx	r3, r3, #0, #12
 8008f10:	f103 4380 	add.w	r3, r3, #1073741824	@ 0x40000000
 8008f14:	f503 330e 	add.w	r3, r3, #145408	@ 0x23800
 8008f18:	681b      	ldr	r3, [r3, #0]
 8008f1a:	9301      	str	r3, [sp, #4]
	UNUSED(temp);
 8008f1c:	9b01      	ldr	r3, [sp, #4]
	return 0;
 8008f1e:	2000      	movs	r0, #0
}
 8008f20:	b002      	add	sp, #8
 8008f22:	4770      	bx	lr
		return -ENOTSUP;
 8008f24:	f06f 0085 	mvn.w	r0, #133	@ 0x85
}
 8008f28:	4770      	bx	lr

08008f2a <stm32_clock_control_off>:
	if (!IN_RANGE(pclken->bus, STM32_PERIPH_BUS_MIN, STM32_PERIPH_BUS_MAX)) {
 8008f2a:	880b      	ldrh	r3, [r1, #0]
 8008f2c:	f3c3 030b 	ubfx	r3, r3, #0, #12
 8008f30:	f503 627d 	add.w	r2, r3, #4048	@ 0xfd0
 8008f34:	f3c2 020b 	ubfx	r2, r2, #0, #12
 8008f38:	2a78      	cmp	r2, #120	@ 0x78
 8008f3a:	d80a      	bhi.n	8008f52 <stm32_clock_control_off+0x28>
	sys_clear_bits(DT_REG_ADDR(DT_NODELABEL(rcc)) + pclken->bus,
 8008f3c:	f103 4380 	add.w	r3, r3, #1073741824	@ 0x40000000
 8008f40:	f503 330e 	add.w	r3, r3, #145408	@ 0x23800
 8008f44:	6849      	ldr	r1, [r1, #4]
}

static ALWAYS_INLINE void sys_clear_bits(mem_addr_t addr, unsigned int mask)
{
	uint32_t temp = *(volatile uint32_t *)addr;
 8008f46:	681a      	ldr	r2, [r3, #0]

	*(volatile uint32_t *)addr = temp & ~mask;
 8008f48:	ea22 0201 	bic.w	r2, r2, r1
 8008f4c:	601a      	str	r2, [r3, #0]
	return 0;
 8008f4e:	2000      	movs	r0, #0
 8008f50:	4770      	bx	lr
		return -ENOTSUP;
 8008f52:	f06f 0085 	mvn.w	r0, #133	@ 0x85
}
 8008f56:	4770      	bx	lr

08008f58 <stm32_clock_control_configure>:
{
 8008f58:	b570      	push	{r4, r5, r6, lr}
	uint32_t enr = pclken->enr;
 8008f5a:	684c      	ldr	r4, [r1, #4]
	uint32_t shift = STM32_DT_CLKSEL_SHIFT_GET(enr);
 8008f5c:	f3c4 4504 	ubfx	r5, r4, #16, #5
	err = enabled_clock(pclken->bus);
 8008f60:	8808      	ldrh	r0, [r1, #0]
 8008f62:	f3c0 000b 	ubfx	r0, r0, #0, #12
 8008f66:	f7fb fbcb 	bl	8004700 <enabled_clock>
	if (err < 0) {
 8008f6a:	2800      	cmp	r0, #0
 8008f6c:	db15      	blt.n	8008f9a <stm32_clock_control_configure+0x42>
 8008f6e:	b2a6      	uxth	r6, r4
	if (pclken->enr == NO_SEL) {
 8008f70:	2cff      	cmp	r4, #255	@ 0xff
 8008f72:	d013      	beq.n	8008f9c <stm32_clock_control_configure+0x44>
	stm32_reg_modify_bits((uint32_t *)(DT_REG_ADDR(DT_NODELABEL(rcc)) + reg),
 8008f74:	f106 4280 	add.w	r2, r6, #1073741824	@ 0x40000000
 8008f78:	f502 320e 	add.w	r2, r2, #145408	@ 0x23800
			      STM32_DT_CLKSEL_MASK_GET(enr) << shift,
 8008f7c:	f3c4 5141 	ubfx	r1, r4, #21, #2
 8008f80:	3101      	adds	r1, #1
 8008f82:	2301      	movs	r3, #1
 8008f84:	408b      	lsls	r3, r1
 8008f86:	3b01      	subs	r3, #1
 8008f88:	40ab      	lsls	r3, r5
			      STM32_DT_CLKSEL_VAL_GET(enr) << shift);
 8008f8a:	0e24      	lsrs	r4, r4, #24
	stm32_reg_modify_bits((uint32_t *)(DT_REG_ADDR(DT_NODELABEL(rcc)) + reg),
 8008f8c:	40ac      	lsls	r4, r5
 8008f8e:	6811      	ldr	r1, [r2, #0]
 8008f90:	ea21 0303 	bic.w	r3, r1, r3
 8008f94:	431c      	orrs	r4, r3
	*(volatile uint32_t *)addr = data;
 8008f96:	6014      	str	r4, [r2, #0]
	return 0;
 8008f98:	2000      	movs	r0, #0
}
 8008f9a:	bd70      	pop	{r4, r5, r6, pc}
		return 0;
 8008f9c:	2000      	movs	r0, #0
 8008f9e:	e7fc      	b.n	8008f9a <stm32_clock_control_configure+0x42>

08008fa0 <stm32_clock_control_get_status>:
{
 8008fa0:	b508      	push	{r3, lr}
	if (IN_RANGE(pclken->bus, STM32_PERIPH_BUS_MIN, STM32_PERIPH_BUS_MAX)) {
 8008fa2:	8808      	ldrh	r0, [r1, #0]
 8008fa4:	f3c0 000b 	ubfx	r0, r0, #0, #12
 8008fa8:	f500 637d 	add.w	r3, r0, #4048	@ 0xfd0
 8008fac:	f3c3 030b 	ubfx	r3, r3, #0, #12
 8008fb0:	2b78      	cmp	r3, #120	@ 0x78
 8008fb2:	d80b      	bhi.n	8008fcc <stm32_clock_control_get_status+0x2c>
		if ((sys_read32(DT_REG_ADDR(DT_NODELABEL(rcc)) + pclken->bus) & pclken->enr)
 8008fb4:	f100 4080 	add.w	r0, r0, #1073741824	@ 0x40000000
 8008fb8:	f500 300e 	add.w	r0, r0, #145408	@ 0x23800
	return *(volatile uint32_t *)addr;
 8008fbc:	6802      	ldr	r2, [r0, #0]
 8008fbe:	684b      	ldr	r3, [r1, #4]
 8008fc0:	4393      	bics	r3, r2
 8008fc2:	d001      	beq.n	8008fc8 <stm32_clock_control_get_status+0x28>
			return CLOCK_CONTROL_STATUS_OFF;
 8008fc4:	2001      	movs	r0, #1
}
 8008fc6:	bd08      	pop	{r3, pc}
			return CLOCK_CONTROL_STATUS_ON;
 8008fc8:	2002      	movs	r0, #2
 8008fca:	e7fc      	b.n	8008fc6 <stm32_clock_control_get_status+0x26>
		if (enabled_clock(pclken->bus) == 0) {
 8008fcc:	f7fb fb98 	bl	8004700 <enabled_clock>
 8008fd0:	b108      	cbz	r0, 8008fd6 <stm32_clock_control_get_status+0x36>
			return CLOCK_CONTROL_STATUS_OFF;
 8008fd2:	2001      	movs	r0, #1
 8008fd4:	e7f7      	b.n	8008fc6 <stm32_clock_control_get_status+0x26>
			return CLOCK_CONTROL_STATUS_ON;
 8008fd6:	2002      	movs	r0, #2
 8008fd8:	e7f5      	b.n	8008fc6 <stm32_clock_control_get_status+0x26>

08008fda <config_regulator_voltage>:
{
	stm32_hse_css_callback();
}
#endif /* STM32_HSE_CSS */

void __weak config_regulator_voltage(uint32_t hclk_freq) {}
 8008fda:	4770      	bx	lr

08008fdc <get_pll_source>:
}
 8008fdc:	f44f 0080 	mov.w	r0, #4194304	@ 0x400000
 8008fe0:	4770      	bx	lr

08008fe2 <sys_slist_remove>:
 */
static inline void sys_slist_remove(sys_slist_t *list,
				    sys_snode_t *prev_node,
				    sys_snode_t *node);

Z_GENLIST_REMOVE(slist, snode)
 8008fe2:	460b      	mov	r3, r1
 8008fe4:	b139      	cbz	r1, 8008ff6 <sys_slist_remove+0x14>
	return node->next;
 8008fe6:	6811      	ldr	r1, [r2, #0]
	parent->next = child;
 8008fe8:	6019      	str	r1, [r3, #0]
	return list->tail;
 8008fea:	6841      	ldr	r1, [r0, #4]
Z_GENLIST_REMOVE(slist, snode)
 8008fec:	428a      	cmp	r2, r1
 8008fee:	d009      	beq.n	8009004 <sys_slist_remove+0x22>
	parent->next = child;
 8008ff0:	2300      	movs	r3, #0
 8008ff2:	6013      	str	r3, [r2, #0]
Z_GENLIST_REMOVE(slist, snode)
 8008ff4:	4770      	bx	lr
	return node->next;
 8008ff6:	6813      	ldr	r3, [r2, #0]
	list->head = node;
 8008ff8:	6003      	str	r3, [r0, #0]
	return list->tail;
 8008ffa:	6841      	ldr	r1, [r0, #4]
Z_GENLIST_REMOVE(slist, snode)
 8008ffc:	428a      	cmp	r2, r1
 8008ffe:	d1f7      	bne.n	8008ff0 <sys_slist_remove+0xe>
	list->tail = node;
 8009000:	6043      	str	r3, [r0, #4]
}
 8009002:	e7f5      	b.n	8008ff0 <sys_slist_remove+0xe>
	list->tail = node;
 8009004:	6043      	str	r3, [r0, #4]
}
 8009006:	e7f3      	b.n	8008ff0 <sys_slist_remove+0xe>

08009008 <sys_slist_find_and_remove>:
static inline size_t sys_slist_len(const sys_slist_t *list);

Z_GENLIST_LEN(slist, snode)

/** @} */
Z_GENLIST_FIND_AND_REMOVE(slist, snode)
 8009008:	b508      	push	{r3, lr}
 800900a:	460a      	mov	r2, r1
	return list->head;
 800900c:	6803      	ldr	r3, [r0, #0]
Z_GENLIST_FIND_AND_REMOVE(slist, snode)
 800900e:	2100      	movs	r1, #0
 8009010:	e001      	b.n	8009016 <sys_slist_find_and_remove+0xe>
 8009012:	4619      	mov	r1, r3
 8009014:	681b      	ldr	r3, [r3, #0]
 8009016:	b12b      	cbz	r3, 8009024 <sys_slist_find_and_remove+0x1c>
 8009018:	4293      	cmp	r3, r2
 800901a:	d1fa      	bne.n	8009012 <sys_slist_find_and_remove+0xa>
 800901c:	f7ff ffe1 	bl	8008fe2 <sys_slist_remove>
 8009020:	2001      	movs	r0, #1
 8009022:	e000      	b.n	8009026 <sys_slist_find_and_remove+0x1e>
 8009024:	2000      	movs	r0, #0
 8009026:	bd08      	pop	{r3, pc}

08009028 <gpio_manage_callback>:
 * @return 0 on success, negative errno otherwise.
 */
static inline int gpio_manage_callback(sys_slist_t *callbacks,
					struct gpio_callback *callback,
					bool set)
{
 8009028:	b570      	push	{r4, r5, r6, lr}
 800902a:	4604      	mov	r4, r0
 800902c:	460d      	mov	r5, r1
 800902e:	4616      	mov	r6, r2
	return list->head;
 8009030:	6803      	ldr	r3, [r0, #0]
	__ASSERT(callback, "No callback!");
	__ASSERT(callback->handler, "No callback handler!");

	if (!sys_slist_is_empty(callbacks)) {
 8009032:	b133      	cbz	r3, 8009042 <gpio_manage_callback+0x1a>
		if (!sys_slist_find_and_remove(callbacks, &callback->node)) {
 8009034:	f7ff ffe8 	bl	8009008 <sys_slist_find_and_remove>
 8009038:	b970      	cbnz	r0, 8009058 <gpio_manage_callback+0x30>
			if (!set) {
 800903a:	b91e      	cbnz	r6, 8009044 <gpio_manage_callback+0x1c>
				return -EINVAL;
 800903c:	f06f 0015 	mvn.w	r0, #21
 8009040:	e006      	b.n	8009050 <gpio_manage_callback+0x28>
			}
		}
	} else if (!set) {
 8009042:	b132      	cbz	r2, 8009052 <gpio_manage_callback+0x2a>
 8009044:	6823      	ldr	r3, [r4, #0]
	parent->next = child;
 8009046:	602b      	str	r3, [r5, #0]
	list->head = node;
 8009048:	6025      	str	r5, [r4, #0]
	return list->tail;
 800904a:	6863      	ldr	r3, [r4, #4]
Z_GENLIST_PREPEND(slist, snode)
 800904c:	b143      	cbz	r3, 8009060 <gpio_manage_callback+0x38>

	if (set) {
		sys_slist_prepend(callbacks, &callback->node);
	}

	return 0;
 800904e:	2000      	movs	r0, #0
}
 8009050:	bd70      	pop	{r4, r5, r6, pc}
		return -EINVAL;
 8009052:	f06f 0015 	mvn.w	r0, #21
 8009056:	e7fb      	b.n	8009050 <gpio_manage_callback+0x28>
	if (set) {
 8009058:	2e00      	cmp	r6, #0
 800905a:	d1f3      	bne.n	8009044 <gpio_manage_callback+0x1c>
	return 0;
 800905c:	2000      	movs	r0, #0
 800905e:	e7f7      	b.n	8009050 <gpio_manage_callback+0x28>
	list->tail = node;
 8009060:	6065      	str	r5, [r4, #4]
 8009062:	2000      	movs	r0, #0
}
 8009064:	e7f4      	b.n	8009050 <gpio_manage_callback+0x28>

08009066 <gpio_fire_callbacks>:
 * @param pins The actual pin mask that triggered the interrupt
 */
static inline void gpio_fire_callbacks(sys_slist_t *list,
					const struct device *port,
					uint32_t pins)
{
 8009066:	b570      	push	{r4, r5, r6, lr}
 8009068:	460e      	mov	r6, r1
 800906a:	4615      	mov	r5, r2
	return list->head;
 800906c:	6801      	ldr	r1, [r0, #0]
	struct gpio_callback *cb, *tmp;

	sys_port_trace_gpio_fire_callbacks_enter(list, port, pins);

	SYS_SLIST_FOR_EACH_CONTAINER_SAFE(list, cb, tmp, node) {
 800906e:	b121      	cbz	r1, 800907a <gpio_fire_callbacks+0x14>
	return node->next;
 8009070:	680c      	ldr	r4, [r1, #0]
 8009072:	b13c      	cbz	r4, 8009084 <gpio_fire_callbacks+0x1e>
Z_GENLIST_PEEK_NEXT(slist, snode)
 8009074:	b931      	cbnz	r1, 8009084 <gpio_fire_callbacks+0x1e>
 8009076:	460c      	mov	r4, r1
 8009078:	e004      	b.n	8009084 <gpio_fire_callbacks+0x1e>
 800907a:	460c      	mov	r4, r1
 800907c:	e002      	b.n	8009084 <gpio_fire_callbacks+0x1e>
 800907e:	4623      	mov	r3, r4
 8009080:	4621      	mov	r1, r4
 8009082:	461c      	mov	r4, r3
 8009084:	b171      	cbz	r1, 80090a4 <gpio_fire_callbacks+0x3e>
		if (cb->pin_mask & pins) {
 8009086:	688a      	ldr	r2, [r1, #8]
 8009088:	402a      	ands	r2, r5
 800908a:	d002      	beq.n	8009092 <gpio_fire_callbacks+0x2c>
			__ASSERT(cb->handler, "No callback handler!");

			cb->handler(port, cb, cb->pin_mask & pins);
 800908c:	684b      	ldr	r3, [r1, #4]
 800908e:	4630      	mov	r0, r6
 8009090:	4798      	blx	r3
	SYS_SLIST_FOR_EACH_CONTAINER_SAFE(list, cb, tmp, node) {
 8009092:	2c00      	cmp	r4, #0
 8009094:	d0f3      	beq.n	800907e <gpio_fire_callbacks+0x18>
	return node->next;
 8009096:	6823      	ldr	r3, [r4, #0]
 8009098:	2b00      	cmp	r3, #0
 800909a:	d0f1      	beq.n	8009080 <gpio_fire_callbacks+0x1a>
Z_GENLIST_PEEK_NEXT(slist, snode)
 800909c:	2c00      	cmp	r4, #0
 800909e:	d1ef      	bne.n	8009080 <gpio_fire_callbacks+0x1a>
 80090a0:	4623      	mov	r3, r4
 80090a2:	e7ed      	b.n	8009080 <gpio_fire_callbacks+0x1a>
			sys_port_trace_gpio_fire_callback(port, cb);
		}
	}
}
 80090a4:	bd70      	pop	{r4, r5, r6, pc}

080090a6 <gpio_stm32_isr>:
{
 80090a6:	b508      	push	{r3, lr}
 80090a8:	4602      	mov	r2, r0
	struct gpio_stm32_data *data = dev->data;
 80090aa:	6908      	ldr	r0, [r1, #16]
	gpio_fire_callbacks(&data->cb, dev, pin);
 80090ac:	3008      	adds	r0, #8
 80090ae:	f7ff ffda 	bl	8009066 <gpio_fire_callbacks>
}
 80090b2:	bd08      	pop	{r3, pc}

080090b4 <gpio_stm32_flags_to_conf>:
	if ((flags & GPIO_OUTPUT) != 0) {
 80090b4:	f410 3f00 	tst.w	r0, #131072	@ 0x20000
 80090b8:	d014      	beq.n	80090e4 <gpio_stm32_flags_to_conf+0x30>
		if ((flags & GPIO_SINGLE_ENDED) != 0) {
 80090ba:	f010 0f02 	tst.w	r0, #2
 80090be:	d004      	beq.n	80090ca <gpio_stm32_flags_to_conf+0x16>
			if (flags & GPIO_LINE_OPEN_DRAIN) {
 80090c0:	f010 0f04 	tst.w	r0, #4
 80090c4:	d034      	beq.n	8009130 <gpio_stm32_flags_to_conf+0x7c>
				cfg |= STM32_PINCFG_OPEN_DRAIN;
 80090c6:	2350      	movs	r3, #80	@ 0x50
 80090c8:	e000      	b.n	80090cc <gpio_stm32_flags_to_conf+0x18>
			cfg |= STM32_PINCFG_PUSH_PULL;
 80090ca:	2310      	movs	r3, #16
		if ((flags & GPIO_PULL_UP) != 0) {
 80090cc:	f010 0f10 	tst.w	r0, #16
 80090d0:	d002      	beq.n	80090d8 <gpio_stm32_flags_to_conf+0x24>
			cfg |= STM32_PINCFG_PULL_UP;
 80090d2:	f443 7300 	orr.w	r3, r3, #512	@ 0x200
 80090d6:	e012      	b.n	80090fe <gpio_stm32_flags_to_conf+0x4a>
		} else if ((flags & GPIO_PULL_DOWN) != 0) {
 80090d8:	f010 0f20 	tst.w	r0, #32
 80090dc:	d00f      	beq.n	80090fe <gpio_stm32_flags_to_conf+0x4a>
			cfg |= STM32_PINCFG_PULL_DOWN;
 80090de:	f443 6380 	orr.w	r3, r3, #1024	@ 0x400
 80090e2:	e00c      	b.n	80090fe <gpio_stm32_flags_to_conf+0x4a>
	} else if  ((flags & GPIO_INPUT) != 0) {
 80090e4:	f410 3f80 	tst.w	r0, #65536	@ 0x10000
 80090e8:	d008      	beq.n	80090fc <gpio_stm32_flags_to_conf+0x48>
		if ((flags & GPIO_PULL_UP) != 0) {
 80090ea:	f010 0f10 	tst.w	r0, #16
 80090ee:	d114      	bne.n	800911a <gpio_stm32_flags_to_conf+0x66>
		} else if ((flags & GPIO_PULL_DOWN) != 0) {
 80090f0:	f010 0320 	ands.w	r3, r0, #32
 80090f4:	d003      	beq.n	80090fe <gpio_stm32_flags_to_conf+0x4a>
			cfg |= STM32_PINCFG_PULL_DOWN;
 80090f6:	f44f 6380 	mov.w	r3, #1024	@ 0x400
 80090fa:	e000      	b.n	80090fe <gpio_stm32_flags_to_conf+0x4a>
		cfg = STM32_PINCFG_MODE_ANALOG;
 80090fc:	2330      	movs	r3, #48	@ 0x30
	switch (flags & (STM32_GPIO_SPEED_MASK << STM32_GPIO_SPEED_SHIFT)) {
 80090fe:	f400 60c0 	and.w	r0, r0, #1536	@ 0x600
 8009102:	f5b0 6f80 	cmp.w	r0, #1024	@ 0x400
 8009106:	d010      	beq.n	800912a <gpio_stm32_flags_to_conf+0x76>
 8009108:	f5b0 6fc0 	cmp.w	r0, #1536	@ 0x600
 800910c:	d008      	beq.n	8009120 <gpio_stm32_flags_to_conf+0x6c>
 800910e:	f5b0 7f00 	cmp.w	r0, #512	@ 0x200
 8009112:	d107      	bne.n	8009124 <gpio_stm32_flags_to_conf+0x70>
		cfg |= STM32_OSPEEDR_MEDIUM_SPEED;
 8009114:	f043 0380 	orr.w	r3, r3, #128	@ 0x80
		break;
 8009118:	e004      	b.n	8009124 <gpio_stm32_flags_to_conf+0x70>
			cfg |= STM32_PINCFG_PULL_UP;
 800911a:	f44f 7300 	mov.w	r3, #512	@ 0x200
 800911e:	e7ee      	b.n	80090fe <gpio_stm32_flags_to_conf+0x4a>
		cfg |= STM32_OSPEEDR_VERY_HIGH_SPEED;
 8009120:	f443 73c0 	orr.w	r3, r3, #384	@ 0x180
	*pincfg = cfg;
 8009124:	600b      	str	r3, [r1, #0]
	return 0;
 8009126:	2000      	movs	r0, #0
 8009128:	4770      	bx	lr
		cfg |= STM32_OSPEEDR_HIGH_SPEED;
 800912a:	f443 7380 	orr.w	r3, r3, #256	@ 0x100
		break;
 800912e:	e7f9      	b.n	8009124 <gpio_stm32_flags_to_conf+0x70>
				return -ENOTSUP;
 8009130:	f06f 0085 	mvn.w	r0, #133	@ 0x85
}
 8009134:	4770      	bx	lr

08009136 <gpio_stm32_port_get_raw>:
	const struct gpio_stm32_config *cfg = dev->config;
 8009136:	6843      	ldr	r3, [r0, #4]
	GPIO_TypeDef *gpio = (GPIO_TypeDef *)cfg->base;
 8009138:	685b      	ldr	r3, [r3, #4]
  * @param  GPIOx GPIO Port
  * @retval Input data register value of port
  */
__STATIC_INLINE uint32_t LL_GPIO_ReadInputPort(GPIO_TypeDef *GPIOx)
{
  return (uint32_t)(READ_REG(GPIOx->IDR));
 800913a:	691b      	ldr	r3, [r3, #16]
	*value = LL_GPIO_ReadInputPort(gpio);
 800913c:	600b      	str	r3, [r1, #0]
}
 800913e:	2000      	movs	r0, #0
 8009140:	4770      	bx	lr

08009142 <gpio_stm32_port_set_masked_raw>:
	const struct gpio_stm32_config *cfg = dev->config;
 8009142:	6843      	ldr	r3, [r0, #4]
	GPIO_TypeDef *gpio = (GPIO_TypeDef *)cfg->base;
 8009144:	685b      	ldr	r3, [r3, #4]
  * @param  GPIOx GPIO Port
  * @retval Output data register value of port
  */
__STATIC_INLINE uint32_t LL_GPIO_ReadOutputPort(GPIO_TypeDef *GPIOx)
{
  return (uint32_t)(READ_REG(GPIOx->ODR));
 8009146:	6958      	ldr	r0, [r3, #20]
	LL_GPIO_WriteOutputPort(gpio, (port_value & ~mask) | (mask & value));
 8009148:	4042      	eors	r2, r0
 800914a:	400a      	ands	r2, r1
 800914c:	4042      	eors	r2, r0
  WRITE_REG(GPIOx->ODR, PortValue);
 800914e:	615a      	str	r2, [r3, #20]
}
 8009150:	2000      	movs	r0, #0
 8009152:	4770      	bx	lr

08009154 <gpio_stm32_port_set_bits_raw>:
	const struct gpio_stm32_config *cfg = dev->config;
 8009154:	6843      	ldr	r3, [r0, #4]
	GPIO_TypeDef *gpio = (GPIO_TypeDef *)cfg->base;
 8009156:	685b      	ldr	r3, [r3, #4]
	*(volatile uint32_t *)addr = data;
 8009158:	6199      	str	r1, [r3, #24]
}
 800915a:	2000      	movs	r0, #0
 800915c:	4770      	bx	lr

0800915e <gpio_stm32_port_clear_bits_raw>:
	const struct gpio_stm32_config *cfg = dev->config;
 800915e:	6843      	ldr	r3, [r0, #4]
	GPIO_TypeDef *gpio = (GPIO_TypeDef *)cfg->base;
 8009160:	685b      	ldr	r3, [r3, #4]
  *         @arg @ref LL_GPIO_PIN_ALL
  * @retval None
  */
__STATIC_INLINE void LL_GPIO_ResetOutputPin(GPIO_TypeDef *GPIOx, uint32_t PinMask)
{
  WRITE_REG(GPIOx->BSRR, (PinMask << 16));
 8009162:	0409      	lsls	r1, r1, #16
 8009164:	6199      	str	r1, [r3, #24]
}
 8009166:	2000      	movs	r0, #0
 8009168:	4770      	bx	lr

0800916a <gpio_stm32_port_toggle_bits>:
	const struct gpio_stm32_config *cfg = dev->config;
 800916a:	6843      	ldr	r3, [r0, #4]
	GPIO_TypeDef *gpio = (GPIO_TypeDef *)cfg->base;
 800916c:	685b      	ldr	r3, [r3, #4]
	return *(volatile uint32_t *)addr;
 800916e:	695a      	ldr	r2, [r3, #20]
	stm32_reg_write(&gpio->ODR, stm32_reg_read(&gpio->ODR) ^ pins);
 8009170:	4051      	eors	r1, r2
	*(volatile uint32_t *)addr = data;
 8009172:	6159      	str	r1, [r3, #20]
}
 8009174:	2000      	movs	r0, #0
 8009176:	4770      	bx	lr

08009178 <gpio_stm32_manage_callback>:

static int gpio_stm32_manage_callback(const struct device *dev,
				      struct gpio_callback *callback,
				      bool set)
{
 8009178:	b508      	push	{r3, lr}
	struct gpio_stm32_data *data = dev->data;
 800917a:	6900      	ldr	r0, [r0, #16]

	return gpio_manage_callback(&data->cb, callback, set);
 800917c:	3008      	adds	r0, #8
 800917e:	f7ff ff53 	bl	8009028 <gpio_manage_callback>
}
 8009182:	bd08      	pop	{r3, pc}

08009184 <gpio_stm32_disable_pin_irqs>:
{
 8009184:	b538      	push	{r3, r4, r5, lr}
 8009186:	4604      	mov	r4, r0
 8009188:	460d      	mov	r5, r1
	if (port != stm32_exti_get_line_src_port(pin)) {
 800918a:	4608      	mov	r0, r1
 800918c:	f7ff fcf0 	bl	8008b70 <stm32_exti_get_line_src_port>
 8009190:	42a0      	cmp	r0, r4
 8009192:	d000      	beq.n	8009196 <gpio_stm32_disable_pin_irqs+0x12>
}
 8009194:	bd38      	pop	{r3, r4, r5, pc}
	stm32_gpio_irq_line_t irq_line = stm32_gpio_intc_get_pin_irq_line(port, pin);
 8009196:	4629      	mov	r1, r5
 8009198:	4620      	mov	r0, r4
 800919a:	f7ff fcd6 	bl	8008b4a <stm32_gpio_intc_get_pin_irq_line>
 800919e:	4604      	mov	r4, r0
	stm32_gpio_intc_disable_line(irq_line);
 80091a0:	f7fa fe60 	bl	8003e64 <stm32_gpio_intc_disable_line>
	stm32_gpio_intc_remove_irq_callback(irq_line);
 80091a4:	4620      	mov	r0, r4
 80091a6:	f7fa feb7 	bl	8003f18 <stm32_gpio_intc_remove_irq_callback>
	stm32_gpio_intc_select_line_trigger(irq_line, STM32_GPIO_IRQ_TRIG_NONE);
 80091aa:	2100      	movs	r1, #0
 80091ac:	4620      	mov	r0, r4
 80091ae:	f7fa fe61 	bl	8003e74 <stm32_gpio_intc_select_line_trigger>
 80091b2:	e7ef      	b.n	8009194 <gpio_stm32_disable_pin_irqs+0x10>

080091b4 <gpio_stm32_config>:
{
 80091b4:	e92d 43f0 	stmdb	sp!, {r4, r5, r6, r7, r8, r9, lr}
 80091b8:	b083      	sub	sp, #12
 80091ba:	4605      	mov	r5, r0
 80091bc:	460e      	mov	r6, r1
 80091be:	4614      	mov	r4, r2
	struct gpio_stm32_data *data = dev->data;
 80091c0:	f8d0 8010 	ldr.w	r8, [r0, #16]
	err = gpio_stm32_flags_to_conf(flags, &pincfg);
 80091c4:	a901      	add	r1, sp, #4
 80091c6:	4610      	mov	r0, r2
 80091c8:	f7ff ff74 	bl	80090b4 <gpio_stm32_flags_to_conf>
	if (err != 0) {
 80091cc:	4607      	mov	r7, r0
 80091ce:	bb68      	cbnz	r0, 800922c <gpio_stm32_config+0x78>
	if ((((flags & GPIO_OUTPUT) != 0) || ((flags & GPIO_INPUT) != 0)) &&
 80091d0:	f414 3940 	ands.w	r9, r4, #196608	@ 0x30000
 80091d4:	d014      	beq.n	8009200 <gpio_stm32_config+0x4c>
	    !(data->pin_has_clock_enabled & BIT(pin))) {
 80091d6:	f8d8 3004 	ldr.w	r3, [r8, #4]
 80091da:	fa23 f206 	lsr.w	r2, r3, r6
	if ((((flags & GPIO_OUTPUT) != 0) || ((flags & GPIO_INPUT) != 0)) &&
 80091de:	f012 0f01 	tst.w	r2, #1
 80091e2:	d104      	bne.n	80091ee <gpio_stm32_config+0x3a>
		data->pin_has_clock_enabled |= BIT(pin);
 80091e4:	2201      	movs	r2, #1
 80091e6:	40b2      	lsls	r2, r6
 80091e8:	4313      	orrs	r3, r2
 80091ea:	f8c8 3004 	str.w	r3, [r8, #4]
	if ((flags & GPIO_OUTPUT) != 0) {
 80091ee:	f414 3f00 	tst.w	r4, #131072	@ 0x20000
 80091f2:	d005      	beq.n	8009200 <gpio_stm32_config+0x4c>
		if ((flags & GPIO_OUTPUT_INIT_HIGH) != 0) {
 80091f4:	f414 2f00 	tst.w	r4, #524288	@ 0x80000
 80091f8:	d11c      	bne.n	8009234 <gpio_stm32_config+0x80>
		} else if ((flags & GPIO_OUTPUT_INIT_LOW) != 0) {
 80091fa:	f414 2f80 	tst.w	r4, #262144	@ 0x40000
 80091fe:	d11f      	bne.n	8009240 <gpio_stm32_config+0x8c>
	stm32_gpioport_configure_pin(dev, pin, pincfg, 0);
 8009200:	2300      	movs	r3, #0
 8009202:	9a01      	ldr	r2, [sp, #4]
 8009204:	4631      	mov	r1, r6
 8009206:	4628      	mov	r0, r5
 8009208:	f7ff f89b 	bl	8008342 <stm32_gpioport_configure_pin>
	if (((flags & GPIO_OUTPUT) == 0) && ((flags & GPIO_INPUT) == 0) &&
 800920c:	f1b9 0f00 	cmp.w	r9, #0
 8009210:	d10c      	bne.n	800922c <gpio_stm32_config+0x78>
	    (data->pin_has_clock_enabled & BIT(pin))) {
 8009212:	f8d8 3004 	ldr.w	r3, [r8, #4]
	if (((flags & GPIO_OUTPUT) == 0) && ((flags & GPIO_INPUT) == 0) &&
 8009216:	fa23 f206 	lsr.w	r2, r3, r6
 800921a:	f012 0f01 	tst.w	r2, #1
 800921e:	d005      	beq.n	800922c <gpio_stm32_config+0x78>
		data->pin_has_clock_enabled &= ~BIT(pin);
 8009220:	2201      	movs	r2, #1
 8009222:	40b2      	lsls	r2, r6
 8009224:	ea23 0302 	bic.w	r3, r3, r2
 8009228:	f8c8 3004 	str.w	r3, [r8, #4]
}
 800922c:	4638      	mov	r0, r7
 800922e:	b003      	add	sp, #12
 8009230:	e8bd 83f0 	ldmia.w	sp!, {r4, r5, r6, r7, r8, r9, pc}
			gpio_stm32_port_set_bits_raw(dev, BIT(pin));
 8009234:	2101      	movs	r1, #1
 8009236:	40b1      	lsls	r1, r6
 8009238:	4628      	mov	r0, r5
 800923a:	f7ff ff8b 	bl	8009154 <gpio_stm32_port_set_bits_raw>
 800923e:	e7df      	b.n	8009200 <gpio_stm32_config+0x4c>
			gpio_stm32_port_clear_bits_raw(dev, BIT(pin));
 8009240:	2101      	movs	r1, #1
 8009242:	40b1      	lsls	r1, r6
 8009244:	4628      	mov	r0, r5
 8009246:	f7ff ff8a 	bl	800915e <gpio_stm32_port_clear_bits_raw>
 800924a:	e7d9      	b.n	8009200 <gpio_stm32_config+0x4c>

0800924c <pinctrl_lookup_state>:

#include <zephyr/drivers/pinctrl.h>

int pinctrl_lookup_state(const struct pinctrl_dev_config *config, uint8_t id,
			 const struct pinctrl_state **state)
{
 800924c:	b500      	push	{lr}
	*state = &config->states[0];
 800924e:	6803      	ldr	r3, [r0, #0]
 8009250:	6013      	str	r3, [r2, #0]
	while (*state < &config->states[config->state_cnt]) {
 8009252:	e001      	b.n	8009258 <pinctrl_lookup_state+0xc>
		if (id == (*state)->id) {
			return 0;
		}

		(*state)++;
 8009254:	3308      	adds	r3, #8
 8009256:	6013      	str	r3, [r2, #0]
	while (*state < &config->states[config->state_cnt]) {
 8009258:	6813      	ldr	r3, [r2, #0]
 800925a:	f890 c004 	ldrb.w	ip, [r0, #4]
 800925e:	f8d0 e000 	ldr.w	lr, [r0]
 8009262:	eb0e 0ccc 	add.w	ip, lr, ip, lsl #3
 8009266:	4563      	cmp	r3, ip
 8009268:	d205      	bcs.n	8009276 <pinctrl_lookup_state+0x2a>
		if (id == (*state)->id) {
 800926a:	f893 c005 	ldrb.w	ip, [r3, #5]
 800926e:	458c      	cmp	ip, r1
 8009270:	d1f0      	bne.n	8009254 <pinctrl_lookup_state+0x8>
			return 0;
 8009272:	2000      	movs	r0, #0
 8009274:	e001      	b.n	800927a <pinctrl_lookup_state+0x2e>
	}

	return -ENOENT;
 8009276:	f06f 0001 	mvn.w	r0, #1
}
 800927a:	f85d fb04 	ldr.w	pc, [sp], #4

0800927e <pinctrl_configure_pins>:
#define IS_GPIO_OUT STM32_GPIO
#endif

int pinctrl_configure_pins(const pinctrl_soc_pin_t *pins, uint8_t pin_cnt,
			   uintptr_t reg)
{
 800927e:	e92d 4ff8 	stmdb	sp!, {r3, r4, r5, r6, r7, r8, r9, sl, fp, lr}
 8009282:	4680      	mov	r8, r0
 8009284:	468a      	mov	sl, r1
	if (ret < 0) {
		return ret;
	}
#endif /* DT_HAS_COMPAT_STATUS_OKAY(st_stm32f1_pinctrl) */

	for (uint8_t i = 0U; i < pin_cnt; i++) {
 8009286:	2400      	movs	r4, #0
	uint32_t pin_cfg = 0;
 8009288:	4626      	mov	r6, r4
	for (uint8_t i = 0U; i < pin_cnt; i++) {
 800928a:	e01a      	b.n	80092c2 <pinctrl_configure_pins+0x44>
			__ASSERT_NO_MSG(STM32_DT_PINMUX_FUNC(mux));
		}
#else
		if (STM32_DT_PINMUX_FUNC(mux) < STM32_ANALOG) {
			pin_cfg = pins[i].pincfg | STM32_MODER_ALT_MODE;
		} else if (STM32_DT_PINMUX_FUNC(mux) == STM32_ANALOG) {
 800928c:	f005 021f 	and.w	r2, r5, #31
 8009290:	2a10      	cmp	r2, #16
 8009292:	d025      	beq.n	80092e0 <pinctrl_configure_pins+0x62>
			pin_cfg = STM32_MODER_ANALOG_MODE;
		} else if (STM32_DT_PINMUX_FUNC(mux) == STM32_GPIO) {
 8009294:	2a11      	cmp	r2, #17
 8009296:	d021      	beq.n	80092dc <pinctrl_configure_pins+0x5e>
		} else {
			/* Not supported */
			__ASSERT_NO_MSG(STM32_DT_PINMUX_FUNC(mux));
		}
#endif /* DT_HAS_COMPAT_STATUS_OKAY(st_stm32f1_pinctrl) */
		port = stm32_gpioport_get(STM32_DT_PINMUX_PORT(mux));
 8009298:	f3c5 2044 	ubfx	r0, r5, #9, #5
 800929c:	f7f8 ff7c 	bl	8002198 <stm32_gpioport_get>
		if (port == NULL) {
 80092a0:	4681      	mov	r9, r0
 80092a2:	b398      	cbz	r0, 800930c <pinctrl_configure_pins+0x8e>
		ret = pm_device_runtime_get(port);
		if (ret < 0) {
			return ret;
		}

		line = STM32_DT_PINMUX_LINE(mux);
 80092a4:	f3c5 1b43 	ubfx	fp, r5, #5, #4
		func = STM32_DT_PINMUX_FUNC(mux);
 80092a8:	f005 071f 	and.w	r7, r5, #31

		cfg_ret = stm32_gpioport_configure_pin(port, line, pin_cfg, func);
 80092ac:	463b      	mov	r3, r7
 80092ae:	4632      	mov	r2, r6
 80092b0:	4659      	mov	r1, fp
 80092b2:	f7ff f846 	bl	8008342 <stm32_gpioport_configure_pin>

		if (cfg_ret >= 0 && func == IS_GPIO_OUT) {
 80092b6:	2800      	cmp	r0, #0
 80092b8:	db26      	blt.n	8009308 <pinctrl_configure_pins+0x8a>
 80092ba:	2f11      	cmp	r7, #17
 80092bc:	d012      	beq.n	80092e4 <pinctrl_configure_pins+0x66>
	for (uint8_t i = 0U; i < pin_cnt; i++) {
 80092be:	3401      	adds	r4, #1
 80092c0:	b2e4      	uxtb	r4, r4
 80092c2:	4554      	cmp	r4, sl
 80092c4:	d21f      	bcs.n	8009306 <pinctrl_configure_pins+0x88>
		mux = pins[i].pinmux;
 80092c6:	eb08 03c4 	add.w	r3, r8, r4, lsl #3
 80092ca:	f858 5034 	ldr.w	r5, [r8, r4, lsl #3]
		if (STM32_DT_PINMUX_FUNC(mux) < STM32_ANALOG) {
 80092ce:	f015 0f10 	tst.w	r5, #16
 80092d2:	d1db      	bne.n	800928c <pinctrl_configure_pins+0xe>
			pin_cfg = pins[i].pincfg | STM32_MODER_ALT_MODE;
 80092d4:	685e      	ldr	r6, [r3, #4]
 80092d6:	f046 0620 	orr.w	r6, r6, #32
 80092da:	e7dd      	b.n	8009298 <pinctrl_configure_pins+0x1a>
			pin_cfg = pins[i].pincfg;
 80092dc:	685e      	ldr	r6, [r3, #4]
 80092de:	e7db      	b.n	8009298 <pinctrl_configure_pins+0x1a>
			pin_cfg = STM32_MODER_ANALOG_MODE;
 80092e0:	2630      	movs	r6, #48	@ 0x30
 80092e2:	e7d9      	b.n	8009298 <pinctrl_configure_pins+0x1a>
			/* Apply output level configuration */
			const struct gpio_stm32_config *cfg = port->config;
 80092e4:	f8d9 3004 	ldr.w	r3, [r9, #4]
			GPIO_TypeDef *gpio = cfg->base;
 80092e8:	685a      	ldr	r2, [r3, #4]
			uint32_t gpio_out = pin_cfg & (STM32_ODR_MASK << STM32_ODR_SHIFT);

			if (gpio_out == STM32_ODR_1) {
 80092ea:	f416 6f00 	tst.w	r6, #2048	@ 0x800
 80092ee:	d004      	beq.n	80092fa <pinctrl_configure_pins+0x7c>
				stm32_reg_write(&gpio->BSRR, BIT(line));
 80092f0:	2301      	movs	r3, #1
 80092f2:	fa03 f30b 	lsl.w	r3, r3, fp
 80092f6:	6193      	str	r3, [r2, #24]
}
 80092f8:	e7e1      	b.n	80092be <pinctrl_configure_pins+0x40>
			} else {
				/* c.f. gpio_stm32_port_clear_bits_raw() for rationale */
#ifdef CONFIG_SOC_SERIES_STM32F1X
				stm32_reg_write(&gpio->BRR, BIT(line));
#else /* CONFIG_SOC_SERIES_STM32F1X */
				LL_GPIO_ResetOutputPin(gpio, BIT(line));
 80092fa:	2301      	movs	r3, #1
 80092fc:	fa03 f30b 	lsl.w	r3, r3, fp
 8009300:	041b      	lsls	r3, r3, #16
 8009302:	6193      	str	r3, [r2, #24]
}
 8009304:	e7db      	b.n	80092be <pinctrl_configure_pins+0x40>
		if (cfg_ret < 0) {
			return cfg_ret;
		}
	}

	return 0;
 8009306:	2000      	movs	r0, #0
}
 8009308:	e8bd 8ff8 	ldmia.w	sp!, {r3, r4, r5, r6, r7, r8, r9, sl, fp, pc}
			return -ENODEV;
 800930c:	f06f 0012 	mvn.w	r0, #18
 8009310:	e7fa      	b.n	8009308 <pinctrl_configure_pins+0x8a>

08009312 <reset_stm32_status>:
};

static int reset_stm32_status(const struct device *dev, uint32_t id,
			      uint8_t *status)
{
	const struct reset_stm32_config *config = dev->config;
 8009312:	6843      	ldr	r3, [r0, #4]

	*status = !!sys_test_bit(config->base + STM32_RESET_SET_OFFSET(id),
 8009314:	6818      	ldr	r0, [r3, #0]
 8009316:	f3c1 134b 	ubfx	r3, r1, #5, #12
 800931a:	f001 011f 	and.w	r1, r1, #31
	uint32_t temp = *(volatile uint32_t *)addr;
 800931e:	58c3      	ldr	r3, [r0, r3]
	return temp & (1U << bit);
 8009320:	2001      	movs	r0, #1
 8009322:	fa00 f101 	lsl.w	r1, r0, r1
 8009326:	400b      	ands	r3, r1
 8009328:	3b00      	subs	r3, #0
 800932a:	bf18      	it	ne
 800932c:	2301      	movne	r3, #1
 800932e:	7013      	strb	r3, [r2, #0]
				 STM32_RESET_REG_BIT(id));

	return 0;
}
 8009330:	2000      	movs	r0, #0
 8009332:	4770      	bx	lr

08009334 <reset_stm32_line_assert>:

static int reset_stm32_line_assert(const struct device *dev, uint32_t id)
{
 8009334:	b410      	push	{r4}
	const struct reset_stm32_config *config = dev->config;
 8009336:	6843      	ldr	r3, [r0, #4]

	sys_set_bit(config->base + STM32_RESET_SET_OFFSET(id),
 8009338:	681c      	ldr	r4, [r3, #0]
 800933a:	f3c1 104b 	ubfx	r0, r1, #5, #12
 800933e:	f001 011f 	and.w	r1, r1, #31
	uint32_t temp = *(volatile uint32_t *)addr;
 8009342:	5823      	ldr	r3, [r4, r0]
	*(volatile uint32_t *)addr = temp | (1U << bit);
 8009344:	2201      	movs	r2, #1
 8009346:	408a      	lsls	r2, r1
 8009348:	4313      	orrs	r3, r2
 800934a:	5023      	str	r3, [r4, r0]
		    STM32_RESET_REG_BIT(id));

	return 0;
}
 800934c:	2000      	movs	r0, #0
 800934e:	bc10      	pop	{r4}
 8009350:	4770      	bx	lr

08009352 <reset_stm32_line_deassert>:

static int reset_stm32_line_deassert(const struct device *dev, uint32_t id)
{
 8009352:	b410      	push	{r4}
	const struct reset_stm32_config *config = dev->config;
 8009354:	6843      	ldr	r3, [r0, #4]

#if DT_INST_PROP(0, set_bit_to_deassert)
	sys_set_bit(config->base + STM32_RESET_CLR_OFFSET(id),
		    STM32_RESET_REG_BIT(id));
#else
	sys_clear_bit(config->base + STM32_RESET_SET_OFFSET(id),
 8009356:	681c      	ldr	r4, [r3, #0]
 8009358:	f3c1 104b 	ubfx	r0, r1, #5, #12
 800935c:	f001 011f 	and.w	r1, r1, #31
	uint32_t temp = *(volatile uint32_t *)addr;
 8009360:	5823      	ldr	r3, [r4, r0]
	*(volatile uint32_t *)addr = temp & ~(1U << bit);
 8009362:	2201      	movs	r2, #1
 8009364:	408a      	lsls	r2, r1
 8009366:	ea23 0302 	bic.w	r3, r3, r2
 800936a:	5023      	str	r3, [r4, r0]
		      STM32_RESET_REG_BIT(id));
#endif

	return 0;
}
 800936c:	2000      	movs	r0, #0
 800936e:	bc10      	pop	{r4}
 8009370:	4770      	bx	lr

08009372 <reset_stm32_line_toggle>:

static int reset_stm32_line_toggle(const struct device *dev, uint32_t id)
{
 8009372:	b538      	push	{r3, r4, r5, lr}
 8009374:	4604      	mov	r4, r0
 8009376:	460d      	mov	r5, r1
	reset_stm32_line_assert(dev, id);
 8009378:	f7ff ffdc 	bl	8009334 <reset_stm32_line_assert>
	reset_stm32_line_deassert(dev, id);
 800937c:	4629      	mov	r1, r5
 800937e:	4620      	mov	r0, r4
 8009380:	f7ff ffe7 	bl	8009352 <reset_stm32_line_deassert>

	return 0;
}
 8009384:	2000      	movs	r0, #0
 8009386:	bd38      	pop	{r3, r4, r5, pc}

08009388 <reset_line_toggle>:

extern int z_impl_reset_line_toggle(const struct device * dev, uint32_t id);

__pinned_func
static inline int reset_line_toggle(const struct device * dev, uint32_t id)
{
 8009388:	b508      	push	{r3, lr}
	const struct reset_driver_api *api = (const struct reset_driver_api *)dev->api;
 800938a:	6883      	ldr	r3, [r0, #8]
	if (api->line_toggle == NULL) {
 800938c:	68db      	ldr	r3, [r3, #12]
 800938e:	b10b      	cbz	r3, 8009394 <reset_line_toggle+0xc>
	return api->line_toggle(dev, id);
 8009390:	4798      	blx	r3
		return (int) arch_syscall_invoke2(parm0.x, parm1.x, K_SYSCALL_RESET_LINE_TOGGLE);
	}
#endif
	compiler_barrier();
	return z_impl_reset_line_toggle(dev, id);
}
 8009392:	bd08      	pop	{r3, pc}
		return -ENOSYS;
 8009394:	f06f 0057 	mvn.w	r0, #87	@ 0x57
	return z_impl_reset_line_toggle(dev, id);
 8009398:	e7fb      	b.n	8009392 <reset_line_toggle+0xa>

0800939a <uart_stm32_config_get>:
	struct uart_stm32_data *data = dev->data;
 800939a:	6903      	ldr	r3, [r0, #16]
	struct uart_config *uart_cfg = data->uart_cfg;
 800939c:	681b      	ldr	r3, [r3, #0]
	cfg->baudrate = uart_cfg->baudrate;
 800939e:	681b      	ldr	r3, [r3, #0]
 80093a0:	600b      	str	r3, [r1, #0]
	const struct uart_stm32_config *config = dev->config;
 80093a2:	6843      	ldr	r3, [r0, #4]
	return LL_USART_GetParity(config->usart);
 80093a4:	681b      	ldr	r3, [r3, #0]
  return (uint32_t)(READ_BIT(USARTx->CR1, USART_CR1_PS | USART_CR1_PCE));
 80093a6:	68db      	ldr	r3, [r3, #12]
 80093a8:	f403 63c0 	and.w	r3, r3, #1536	@ 0x600
	switch (parity) {
 80093ac:	f5b3 6f80 	cmp.w	r3, #1024	@ 0x400
 80093b0:	d004      	beq.n	80093bc <uart_stm32_config_get+0x22>
 80093b2:	f5b3 6fc0 	cmp.w	r3, #1536	@ 0x600
 80093b6:	d111      	bne.n	80093dc <uart_stm32_config_get+0x42>
 80093b8:	2301      	movs	r3, #1
 80093ba:	e000      	b.n	80093be <uart_stm32_config_get+0x24>
		return UART_CFG_PARITY_EVEN;
 80093bc:	2302      	movs	r3, #2
	cfg->parity = uart_stm32_ll2cfg_parity(uart_stm32_get_parity(dev));
 80093be:	710b      	strb	r3, [r1, #4]
	const struct uart_stm32_config *config = dev->config;
 80093c0:	6843      	ldr	r3, [r0, #4]
	return LL_USART_GetStopBitsLength(config->usart);
 80093c2:	681b      	ldr	r3, [r3, #0]
  return (uint32_t)(READ_BIT(USARTx->CR2, USART_CR2_STOP));
 80093c4:	691b      	ldr	r3, [r3, #16]
 80093c6:	f403 5340 	and.w	r3, r3, #12288	@ 0x3000
	switch (sb) {
 80093ca:	f5b3 5f80 	cmp.w	r3, #4096	@ 0x1000
 80093ce:	d007      	beq.n	80093e0 <uart_stm32_config_get+0x46>
 80093d0:	f5b3 5f40 	cmp.w	r3, #12288	@ 0x3000
 80093d4:	d006      	beq.n	80093e4 <uart_stm32_config_get+0x4a>
 80093d6:	b9fb      	cbnz	r3, 8009418 <uart_stm32_config_get+0x7e>
		return UART_CFG_STOP_BITS_1;
 80093d8:	2301      	movs	r3, #1
 80093da:	e004      	b.n	80093e6 <uart_stm32_config_get+0x4c>
		return UART_CFG_PARITY_NONE;
 80093dc:	2300      	movs	r3, #0
 80093de:	e7ee      	b.n	80093be <uart_stm32_config_get+0x24>
	switch (sb) {
 80093e0:	2300      	movs	r3, #0
 80093e2:	e000      	b.n	80093e6 <uart_stm32_config_get+0x4c>
		return UART_CFG_STOP_BITS_1_5;
 80093e4:	2302      	movs	r3, #2
	cfg->stop_bits = uart_stm32_ll2cfg_stopbits(
 80093e6:	714b      	strb	r3, [r1, #5]
	const struct uart_stm32_config *config = dev->config;
 80093e8:	6843      	ldr	r3, [r0, #4]
	return LL_USART_GetDataWidth(config->usart);
 80093ea:	681b      	ldr	r3, [r3, #0]
  return (uint32_t)(READ_BIT(USARTx->CR1, USART_CR1_M));
 80093ec:	68da      	ldr	r2, [r3, #12]
  return (uint32_t)(READ_BIT(USARTx->CR1, USART_CR1_PS | USART_CR1_PCE));
 80093ee:	68db      	ldr	r3, [r3, #12]
 80093f0:	f403 63c0 	and.w	r3, r3, #1536	@ 0x600
	switch (db) {
 80093f4:	f412 5f80 	tst.w	r2, #4096	@ 0x1000
 80093f8:	d110      	bne.n	800941c <uart_stm32_config_get+0x82>
		if (p == LL_USART_PARITY_NONE) {
 80093fa:	b9a3      	cbnz	r3, 8009426 <uart_stm32_config_get+0x8c>
			return UART_CFG_DATA_BITS_8;
 80093fc:	2303      	movs	r3, #3
	cfg->data_bits = uart_stm32_ll2cfg_databits(
 80093fe:	718b      	strb	r3, [r1, #6]
	const struct uart_stm32_config *config = dev->config;
 8009400:	6843      	ldr	r3, [r0, #4]
	return LL_USART_GetHWFlowCtrl(config->usart);
 8009402:	681b      	ldr	r3, [r3, #0]
  return (uint32_t)(READ_BIT(USARTx->CR3, USART_CR3_RTSE | USART_CR3_CTSE));
 8009404:	695b      	ldr	r3, [r3, #20]
 8009406:	f403 7340 	and.w	r3, r3, #768	@ 0x300
	if (fc == LL_USART_HWCONTROL_RTS_CTS) {
 800940a:	f5b3 7f40 	cmp.w	r3, #768	@ 0x300
 800940e:	d00c      	beq.n	800942a <uart_stm32_config_get+0x90>
	return UART_CFG_FLOW_CTRL_NONE;
 8009410:	2300      	movs	r3, #0
	cfg->flow_ctrl = uart_stm32_ll2cfg_hwctrl(
 8009412:	71cb      	strb	r3, [r1, #7]
}
 8009414:	2000      	movs	r0, #0
 8009416:	4770      	bx	lr
		return UART_CFG_STOP_BITS_2;
 8009418:	2303      	movs	r3, #3
 800941a:	e7e4      	b.n	80093e6 <uart_stm32_config_get+0x4c>
		if (p == LL_USART_PARITY_NONE) {
 800941c:	b90b      	cbnz	r3, 8009422 <uart_stm32_config_get+0x88>
			return UART_CFG_DATA_BITS_9;
 800941e:	2304      	movs	r3, #4
 8009420:	e7ed      	b.n	80093fe <uart_stm32_config_get+0x64>
			return UART_CFG_DATA_BITS_8;
 8009422:	2303      	movs	r3, #3
 8009424:	e7eb      	b.n	80093fe <uart_stm32_config_get+0x64>
			return UART_CFG_DATA_BITS_7;
 8009426:	2302      	movs	r3, #2
 8009428:	e7e9      	b.n	80093fe <uart_stm32_config_get+0x64>
		return UART_CFG_FLOW_CTRL_RTS_CTS;
 800942a:	2301      	movs	r3, #1
 800942c:	e7f1      	b.n	8009412 <uart_stm32_config_get+0x78>

0800942e <uart_stm32_poll_in_visitor>:
{
 800942e:	b500      	push	{lr}
 8009430:	b083      	sub	sp, #12
	const struct uart_stm32_config *config = dev->config;
 8009432:	6843      	ldr	r3, [r0, #4]
	USART_TypeDef *usart = config->usart;
 8009434:	6818      	ldr	r0, [r3, #0]
  * @param  USARTx USART Instance
  * @retval State of bit (1 or 0).
  */
__STATIC_INLINE uint32_t LL_USART_IsActiveFlag_ORE(const USART_TypeDef *USARTx)
{
  return (READ_BIT(USARTx->SR, USART_SR_ORE) == (USART_SR_ORE));
 8009436:	6803      	ldr	r3, [r0, #0]
	if (LL_USART_IsActiveFlag_ORE(usart)) {
 8009438:	f013 0f08 	tst.w	r3, #8
 800943c:	d005      	beq.n	800944a <uart_stm32_poll_in_visitor+0x1c>
  * @retval None
  */
__STATIC_INLINE void LL_USART_ClearFlag_ORE(USART_TypeDef *USARTx)
{
  __IO uint32_t tmpreg;
  tmpreg = USARTx->SR;
 800943e:	6803      	ldr	r3, [r0, #0]
 8009440:	9301      	str	r3, [sp, #4]
  (void) tmpreg;
 8009442:	9b01      	ldr	r3, [sp, #4]
  tmpreg = USARTx->DR;
 8009444:	6843      	ldr	r3, [r0, #4]
 8009446:	9301      	str	r3, [sp, #4]
  (void) tmpreg;
 8009448:	9b01      	ldr	r3, [sp, #4]
  return (READ_BIT(USARTx->SR, USART_SR_RXNE) == (USART_SR_RXNE));
 800944a:	6803      	ldr	r3, [r0, #0]
	if (!ll_usart_is_active_rxne(usart)) {
 800944c:	f013 0f20 	tst.w	r3, #32
 8009450:	d004      	beq.n	800945c <uart_stm32_poll_in_visitor+0x2e>
	get_fn(usart, in);
 8009452:	4790      	blx	r2
	return 0;
 8009454:	2000      	movs	r0, #0
}
 8009456:	b003      	add	sp, #12
 8009458:	f85d fb04 	ldr.w	pc, [sp], #4
		return -1;
 800945c:	f04f 30ff 	mov.w	r0, #4294967295
 8009460:	e7f9      	b.n	8009456 <uart_stm32_poll_in_visitor+0x28>

08009462 <uart_stm32_poll_out_visitor>:
{
 8009462:	b510      	push	{r4, lr}
	const struct uart_stm32_config *config = dev->config;
 8009464:	6843      	ldr	r3, [r0, #4]
	USART_TypeDef *usart = config->usart;
 8009466:	6818      	ldr	r0, [r3, #0]
  return (READ_BIT(USARTx->SR, USART_SR_TXE) == (USART_SR_TXE));
 8009468:	6803      	ldr	r3, [r0, #0]
		if (ll_usart_is_active_txe(usart)) {
 800946a:	f013 0f80 	tst.w	r3, #128	@ 0x80
 800946e:	d0fb      	beq.n	8009468 <uart_stm32_poll_out_visitor+0x6>
  __ASM volatile ("MRS %0, basepri" : "=r" (result) );
 8009470:	f3ef 8411 	mrs	r4, BASEPRI
  __ASM volatile ("MSR basepri_max, %0" : : "r" (basePri) : "memory");
 8009474:	2310      	movs	r3, #16
 8009476:	f383 8812 	msr	BASEPRI_MAX, r3
  __ASM volatile ("isb 0xF":::"memory");
 800947a:	f3bf 8f6f 	isb	sy
 800947e:	6803      	ldr	r3, [r0, #0]
			if (ll_usart_is_active_txe(usart)) {
 8009480:	f013 0f80 	tst.w	r3, #128	@ 0x80
 8009484:	d104      	bne.n	8009490 <uart_stm32_poll_out_visitor+0x2e>
  __ASM volatile ("MSR basepri, %0" : : "r" (basePri) : "memory");
 8009486:	f384 8811 	msr	BASEPRI, r4
 800948a:	f3bf 8f6f 	isb	sy
	}
	__enable_irq();
#else
#error Unknown ARM architecture
#endif /* CONFIG_ARMV6_M_ARMV8_M_BASELINE */
}
 800948e:	e7eb      	b.n	8009468 <uart_stm32_poll_out_visitor+0x6>
	set_fn(usart, out);
 8009490:	4790      	blx	r2
 8009492:	f384 8811 	msr	BASEPRI, r4
 8009496:	f3bf 8f6f 	isb	sy
}
 800949a:	bd10      	pop	{r4, pc}

0800949c <poll_in_u8>:
  * @param  USARTx USART Instance
  * @retval Value between Min_Data=0x00 and Max_Data=0xFF
  */
__STATIC_INLINE uint8_t LL_USART_ReceiveData8(const USART_TypeDef *USARTx)
{
  return (uint8_t)(READ_BIT(USARTx->DR, USART_DR_DR));
 800949c:	6843      	ldr	r3, [r0, #4]
	*((unsigned char *)in) = (unsigned char)LL_USART_ReceiveData8(usart);
 800949e:	700b      	strb	r3, [r1, #0]
}
 80094a0:	4770      	bx	lr

080094a2 <poll_out_u8>:
	LL_USART_TransmitData8(usart, (uint8_t)out);
 80094a2:	b2c9      	uxtb	r1, r1
  * @param  Value between Min_Data=0x00 and Max_Data=0xFF
  * @retval None
  */
__STATIC_INLINE void LL_USART_TransmitData8(USART_TypeDef *USARTx, uint8_t Value)
{
  USARTx->DR = Value;
 80094a4:	6041      	str	r1, [r0, #4]
}
 80094a6:	4770      	bx	lr

080094a8 <uart_stm32_err_check>:
{
 80094a8:	b084      	sub	sp, #16
	const struct uart_stm32_config *config = dev->config;
 80094aa:	6843      	ldr	r3, [r0, #4]
	USART_TypeDef *usart = config->usart;
 80094ac:	681b      	ldr	r3, [r3, #0]
  return (READ_BIT(USARTx->SR, USART_SR_ORE) == (USART_SR_ORE));
 80094ae:	6818      	ldr	r0, [r3, #0]
	if (LL_USART_IsActiveFlag_ORE(usart)) {
 80094b0:	f010 0008 	ands.w	r0, r0, #8
 80094b4:	d000      	beq.n	80094b8 <uart_stm32_err_check+0x10>
		err |= UART_ERROR_OVERRUN;
 80094b6:	2001      	movs	r0, #1
  return (READ_BIT(USARTx->SR, USART_SR_PE) == (USART_SR_PE));
 80094b8:	681a      	ldr	r2, [r3, #0]
	if (LL_USART_IsActiveFlag_PE(usart)) {
 80094ba:	f012 0f01 	tst.w	r2, #1
 80094be:	d001      	beq.n	80094c4 <uart_stm32_err_check+0x1c>
		err |= UART_ERROR_PARITY;
 80094c0:	f040 0002 	orr.w	r0, r0, #2
  return (READ_BIT(USARTx->SR, USART_SR_FE) == (USART_SR_FE));
 80094c4:	681a      	ldr	r2, [r3, #0]
	if (LL_USART_IsActiveFlag_FE(usart)) {
 80094c6:	f012 0f02 	tst.w	r2, #2
 80094ca:	d001      	beq.n	80094d0 <uart_stm32_err_check+0x28>
		err |= UART_ERROR_FRAMING;
 80094cc:	f040 0004 	orr.w	r0, r0, #4
  return (READ_BIT(USARTx->SR, USART_SR_NE) == (USART_SR_NE));
 80094d0:	681a      	ldr	r2, [r3, #0]
	if (LL_USART_IsActiveFlag_NE(usart)) {
 80094d2:	f012 0f04 	tst.w	r2, #4
 80094d6:	d001      	beq.n	80094dc <uart_stm32_err_check+0x34>
		err |= UART_ERROR_NOISE;
 80094d8:	f040 0020 	orr.w	r0, r0, #32
  return (READ_BIT(USARTx->SR, USART_SR_LBD) == (USART_SR_LBD));
 80094dc:	681a      	ldr	r2, [r3, #0]
	if (LL_USART_IsActiveFlag_LBD(usart)) {
 80094de:	f412 7f80 	tst.w	r2, #256	@ 0x100
 80094e2:	d02a      	beq.n	800953a <uart_stm32_err_check+0x92>
		err |= UART_BREAK;
 80094e4:	f040 0008 	orr.w	r0, r0, #8
  WRITE_REG(USARTx->SR, ~(USART_SR_LBD));
 80094e8:	f46f 7280 	mvn.w	r2, #256	@ 0x100
 80094ec:	601a      	str	r2, [r3, #0]
	if (err & UART_ERROR_OVERRUN) {
 80094ee:	f010 0f01 	tst.w	r0, #1
 80094f2:	d005      	beq.n	8009500 <uart_stm32_err_check+0x58>
  tmpreg = USARTx->SR;
 80094f4:	681a      	ldr	r2, [r3, #0]
 80094f6:	9200      	str	r2, [sp, #0]
  (void) tmpreg;
 80094f8:	9a00      	ldr	r2, [sp, #0]
  tmpreg = USARTx->DR;
 80094fa:	685a      	ldr	r2, [r3, #4]
 80094fc:	9200      	str	r2, [sp, #0]
  (void) tmpreg;
 80094fe:	9a00      	ldr	r2, [sp, #0]
	if (err & UART_ERROR_PARITY) {
 8009500:	f010 0f02 	tst.w	r0, #2
 8009504:	d005      	beq.n	8009512 <uart_stm32_err_check+0x6a>
  tmpreg = USARTx->SR;
 8009506:	681a      	ldr	r2, [r3, #0]
 8009508:	9201      	str	r2, [sp, #4]
  (void) tmpreg;
 800950a:	9a01      	ldr	r2, [sp, #4]
  tmpreg = USARTx->DR;
 800950c:	685a      	ldr	r2, [r3, #4]
 800950e:	9201      	str	r2, [sp, #4]
  (void) tmpreg;
 8009510:	9a01      	ldr	r2, [sp, #4]
	if (err & UART_ERROR_FRAMING) {
 8009512:	f010 0f04 	tst.w	r0, #4
 8009516:	d005      	beq.n	8009524 <uart_stm32_err_check+0x7c>
  tmpreg = USARTx->SR;
 8009518:	681a      	ldr	r2, [r3, #0]
 800951a:	9202      	str	r2, [sp, #8]
  (void) tmpreg;
 800951c:	9a02      	ldr	r2, [sp, #8]
  tmpreg = USARTx->DR;
 800951e:	685a      	ldr	r2, [r3, #4]
 8009520:	9202      	str	r2, [sp, #8]
  (void) tmpreg;
 8009522:	9a02      	ldr	r2, [sp, #8]
	if (err & UART_ERROR_NOISE) {
 8009524:	f010 0f20 	tst.w	r0, #32
 8009528:	d005      	beq.n	8009536 <uart_stm32_err_check+0x8e>
  tmpreg = USARTx->SR;
 800952a:	681a      	ldr	r2, [r3, #0]
 800952c:	9203      	str	r2, [sp, #12]
  (void) tmpreg;
 800952e:	9a03      	ldr	r2, [sp, #12]
  tmpreg = USARTx->DR;
 8009530:	685b      	ldr	r3, [r3, #4]
 8009532:	9303      	str	r3, [sp, #12]
  (void) tmpreg;
 8009534:	9b03      	ldr	r3, [sp, #12]
}
 8009536:	b004      	add	sp, #16
 8009538:	4770      	bx	lr
	if (err & UART_BREAK) {
 800953a:	f010 0f08 	tst.w	r0, #8
 800953e:	d0d6      	beq.n	80094ee <uart_stm32_err_check+0x46>
 8009540:	e7d2      	b.n	80094e8 <uart_stm32_err_check+0x40>

08009542 <uart_stm32_parameters_set>:
{
 8009542:	b5f8      	push	{r3, r4, r5, r6, r7, lr}
 8009544:	460c      	mov	r4, r1
	const struct uart_stm32_config *config = dev->config;
 8009546:	6847      	ldr	r7, [r0, #4]
	struct uart_stm32_data *data = dev->data;
 8009548:	6903      	ldr	r3, [r0, #16]
	struct uart_config *uart_cfg = data->uart_cfg;
 800954a:	681d      	ldr	r5, [r3, #0]
	const uint32_t parity = uart_stm32_cfg2ll_parity(cfg->parity);
 800954c:	7909      	ldrb	r1, [r1, #4]
	switch (parity) {
 800954e:	2901      	cmp	r1, #1
 8009550:	d004      	beq.n	800955c <uart_stm32_parameters_set+0x1a>
 8009552:	2902      	cmp	r1, #2
 8009554:	d10e      	bne.n	8009574 <uart_stm32_parameters_set+0x32>
		return LL_USART_PARITY_EVEN;
 8009556:	f44f 6380 	mov.w	r3, #1024	@ 0x400
 800955a:	e001      	b.n	8009560 <uart_stm32_parameters_set+0x1e>
	switch (parity) {
 800955c:	f44f 63c0 	mov.w	r3, #1536	@ 0x600
	const uint32_t stopbits = uart_stm32_cfg2ll_stopbits(config, cfg->stop_bits);
 8009560:	7962      	ldrb	r2, [r4, #5]
	switch (sb) {
 8009562:	2a01      	cmp	r2, #1
 8009564:	d008      	beq.n	8009578 <uart_stm32_parameters_set+0x36>
 8009566:	2a02      	cmp	r2, #2
 8009568:	d008      	beq.n	800957c <uart_stm32_parameters_set+0x3a>
 800956a:	2a00      	cmp	r2, #0
 800956c:	d14b      	bne.n	8009606 <uart_stm32_parameters_set+0xc4>
 800956e:	f44f 5280 	mov.w	r2, #4096	@ 0x1000
 8009572:	e005      	b.n	8009580 <uart_stm32_parameters_set+0x3e>
		return LL_USART_PARITY_NONE;
 8009574:	2300      	movs	r3, #0
 8009576:	e7f3      	b.n	8009560 <uart_stm32_parameters_set+0x1e>
		return STM32_USART_STOP_BIT_1;
 8009578:	2200      	movs	r2, #0
 800957a:	e001      	b.n	8009580 <uart_stm32_parameters_set+0x3e>
		return STM32_USART_STOP_BIT_1_5;
 800957c:	f44f 5240 	mov.w	r2, #12288	@ 0x3000
	const uint32_t databits = uart_stm32_cfg2ll_databits(cfg->data_bits,
 8009580:	79a6      	ldrb	r6, [r4, #6]
	switch (db) {
 8009582:	2e04      	cmp	r6, #4
 8009584:	d042      	beq.n	800960c <uart_stm32_parameters_set+0xca>
		if (p != UART_CFG_PARITY_NONE) {
 8009586:	2900      	cmp	r1, #0
 8009588:	d143      	bne.n	8009612 <uart_stm32_parameters_set+0xd0>
		return STM32_USART_DATAWIDTH_8_BIT;
 800958a:	f04f 0c00 	mov.w	ip, #0
	const uint32_t flowctrl = uart_stm32_cfg2ll_hwctrl(cfg->flow_ctrl);
 800958e:	79e1      	ldrb	r1, [r4, #7]
	if (fc == UART_CFG_FLOW_CTRL_RTS_CTS) {
 8009590:	2901      	cmp	r1, #1
 8009592:	d041      	beq.n	8009618 <uart_stm32_parameters_set+0xd6>
	return LL_USART_HWCONTROL_NONE;
 8009594:	2100      	movs	r1, #0
	if (cfg == uart_cfg) {
 8009596:	42a5      	cmp	r5, r4
 8009598:	d041      	beq.n	800961e <uart_stm32_parameters_set+0xdc>
	return LL_USART_GetParity(config->usart);
 800959a:	683f      	ldr	r7, [r7, #0]
  return (uint32_t)(READ_BIT(USARTx->CR1, USART_CR1_PS | USART_CR1_PCE));
 800959c:	68fe      	ldr	r6, [r7, #12]
 800959e:	f406 6ec0 	and.w	lr, r6, #1536	@ 0x600
		if (parity != uart_stm32_get_parity(dev)) {
 80095a2:	4573      	cmp	r3, lr
 80095a4:	d004      	beq.n	80095b0 <uart_stm32_parameters_set+0x6e>
  MODIFY_REG(USARTx->CR1, USART_CR1_PS | USART_CR1_PCE, Parity);
 80095a6:	68fe      	ldr	r6, [r7, #12]
 80095a8:	f426 66c0 	bic.w	r6, r6, #1536	@ 0x600
 80095ac:	4333      	orrs	r3, r6
 80095ae:	60fb      	str	r3, [r7, #12]
	const struct uart_stm32_config *config = dev->config;
 80095b0:	6843      	ldr	r3, [r0, #4]
	return LL_USART_GetStopBitsLength(config->usart);
 80095b2:	681e      	ldr	r6, [r3, #0]
  return (uint32_t)(READ_BIT(USARTx->CR2, USART_CR2_STOP));
 80095b4:	6933      	ldr	r3, [r6, #16]
 80095b6:	f403 5340 	and.w	r3, r3, #12288	@ 0x3000
		if (stopbits != uart_stm32_get_stopbits(dev)) {
 80095ba:	429a      	cmp	r2, r3
 80095bc:	d004      	beq.n	80095c8 <uart_stm32_parameters_set+0x86>
  MODIFY_REG(USARTx->CR2, USART_CR2_STOP, StopBits);
 80095be:	6933      	ldr	r3, [r6, #16]
 80095c0:	f423 5340 	bic.w	r3, r3, #12288	@ 0x3000
 80095c4:	431a      	orrs	r2, r3
 80095c6:	6132      	str	r2, [r6, #16]
	const struct uart_stm32_config *config = dev->config;
 80095c8:	6843      	ldr	r3, [r0, #4]
	return LL_USART_GetDataWidth(config->usart);
 80095ca:	681e      	ldr	r6, [r3, #0]
  return (uint32_t)(READ_BIT(USARTx->CR1, USART_CR1_M));
 80095cc:	68f3      	ldr	r3, [r6, #12]
 80095ce:	f403 5380 	and.w	r3, r3, #4096	@ 0x1000
		if (databits != uart_stm32_get_databits(dev)) {
 80095d2:	459c      	cmp	ip, r3
 80095d4:	d005      	beq.n	80095e2 <uart_stm32_parameters_set+0xa0>
  MODIFY_REG(USARTx->CR1, USART_CR1_M, DataWidth);
 80095d6:	68f3      	ldr	r3, [r6, #12]
 80095d8:	f423 5380 	bic.w	r3, r3, #4096	@ 0x1000
 80095dc:	ea4c 0303 	orr.w	r3, ip, r3
 80095e0:	60f3      	str	r3, [r6, #12]
	const struct uart_stm32_config *config = dev->config;
 80095e2:	6843      	ldr	r3, [r0, #4]
	return LL_USART_GetHWFlowCtrl(config->usart);
 80095e4:	681a      	ldr	r2, [r3, #0]
  return (uint32_t)(READ_BIT(USARTx->CR3, USART_CR3_RTSE | USART_CR3_CTSE));
 80095e6:	6953      	ldr	r3, [r2, #20]
 80095e8:	f403 7340 	and.w	r3, r3, #768	@ 0x300
		if (flowctrl != uart_stm32_get_hwctrl(dev)) {
 80095ec:	4299      	cmp	r1, r3
 80095ee:	d004      	beq.n	80095fa <uart_stm32_parameters_set+0xb8>
  MODIFY_REG(USARTx->CR3, USART_CR3_RTSE | USART_CR3_CTSE, HardwareFlowControl);
 80095f0:	6953      	ldr	r3, [r2, #20]
 80095f2:	f423 7340 	bic.w	r3, r3, #768	@ 0x300
 80095f6:	430b      	orrs	r3, r1
 80095f8:	6153      	str	r3, [r2, #20]
		if (cfg->baudrate != uart_cfg->baudrate) {
 80095fa:	6821      	ldr	r1, [r4, #0]
 80095fc:	682b      	ldr	r3, [r5, #0]
 80095fe:	4299      	cmp	r1, r3
 8009600:	d128      	bne.n	8009654 <uart_stm32_parameters_set+0x112>
	return 0;
 8009602:	2000      	movs	r0, #0
}
 8009604:	bdf8      	pop	{r3, r4, r5, r6, r7, pc}
		return STM32_USART_STOP_BIT_2;
 8009606:	f44f 5200 	mov.w	r2, #8192	@ 0x2000
 800960a:	e7b9      	b.n	8009580 <uart_stm32_parameters_set+0x3e>
		return STM32_USART_DATAWIDTH_9_BIT;
 800960c:	f44f 5c80 	mov.w	ip, #4096	@ 0x1000
 8009610:	e7bd      	b.n	800958e <uart_stm32_parameters_set+0x4c>
			return STM32_USART_DATAWIDTH_9_BIT;
 8009612:	f44f 5c80 	mov.w	ip, #4096	@ 0x1000
 8009616:	e7ba      	b.n	800958e <uart_stm32_parameters_set+0x4c>
		return LL_USART_HWCONTROL_RTS_CTS;
 8009618:	f44f 7140 	mov.w	r1, #768	@ 0x300
 800961c:	e7bb      	b.n	8009596 <uart_stm32_parameters_set+0x54>
		LL_USART_ConfigCharacter(config->usart,
 800961e:	683e      	ldr	r6, [r7, #0]
  MODIFY_REG(USARTx->CR1, USART_CR1_PS | USART_CR1_PCE | USART_CR1_M, Parity | DataWidth);
 8009620:	68f5      	ldr	r5, [r6, #12]
 8009622:	f425 55b0 	bic.w	r5, r5, #5632	@ 0x1600
 8009626:	ea43 030c 	orr.w	r3, r3, ip
 800962a:	432b      	orrs	r3, r5
 800962c:	60f3      	str	r3, [r6, #12]
  MODIFY_REG(USARTx->CR2, USART_CR2_STOP, StopBits);
 800962e:	6933      	ldr	r3, [r6, #16]
 8009630:	f423 5340 	bic.w	r3, r3, #12288	@ 0x3000
 8009634:	4313      	orrs	r3, r2
 8009636:	6133      	str	r3, [r6, #16]
	const struct uart_stm32_config *config = dev->config;
 8009638:	6843      	ldr	r3, [r0, #4]
	LL_USART_SetHWFlowCtrl(config->usart, hwctrl);
 800963a:	681a      	ldr	r2, [r3, #0]
  MODIFY_REG(USARTx->CR3, USART_CR3_RTSE | USART_CR3_CTSE, HardwareFlowControl);
 800963c:	6953      	ldr	r3, [r2, #20]
 800963e:	f423 7340 	bic.w	r3, r3, #768	@ 0x300
 8009642:	430b      	orrs	r3, r1
 8009644:	6153      	str	r3, [r2, #20]
		ret = uart_stm32_set_baudrate(dev, cfg->baudrate);
 8009646:	6821      	ldr	r1, [r4, #0]
 8009648:	f7fb f9fc 	bl	8004a44 <uart_stm32_set_baudrate>
		if (ret < 0) {
 800964c:	2800      	cmp	r0, #0
 800964e:	dbd9      	blt.n	8009604 <uart_stm32_parameters_set+0xc2>
	return 0;
 8009650:	2000      	movs	r0, #0
 8009652:	e7d7      	b.n	8009604 <uart_stm32_parameters_set+0xc2>
			ret = uart_stm32_set_baudrate(dev, cfg->baudrate);
 8009654:	f7fb f9f6 	bl	8004a44 <uart_stm32_set_baudrate>
			if (ret < 0) {
 8009658:	2800      	cmp	r0, #0
 800965a:	dbd3      	blt.n	8009604 <uart_stm32_parameters_set+0xc2>
			uart_cfg->baudrate = cfg->baudrate;
 800965c:	6823      	ldr	r3, [r4, #0]
 800965e:	602b      	str	r3, [r5, #0]
	return 0;
 8009660:	2000      	movs	r0, #0
 8009662:	e7cf      	b.n	8009604 <uart_stm32_parameters_set+0xc2>

08009664 <pinctrl_apply_state>:
{
 8009664:	b500      	push	{lr}
 8009666:	b083      	sub	sp, #12
	ret = pinctrl_lookup_state(config, id, &state);
 8009668:	aa01      	add	r2, sp, #4
 800966a:	f7ff fdef 	bl	800924c <pinctrl_lookup_state>
	if (ret < 0) {
 800966e:	2800      	cmp	r0, #0
 8009670:	db05      	blt.n	800967e <pinctrl_apply_state+0x1a>
	return pinctrl_apply_state_direct(config, state);
 8009672:	9b01      	ldr	r3, [sp, #4]
	return pinctrl_configure_pins(state->pins, state->pin_cnt, reg);
 8009674:	2200      	movs	r2, #0
 8009676:	7919      	ldrb	r1, [r3, #4]
 8009678:	6818      	ldr	r0, [r3, #0]
 800967a:	f7ff fe00 	bl	800927e <pinctrl_configure_pins>
}
 800967e:	b003      	add	sp, #12
 8009680:	f85d fb04 	ldr.w	pc, [sp], #4

08009684 <uart_stm32_init>:
 * @param dev UART device struct
 *
 * @return 0
 */
static int uart_stm32_init(const struct device *dev)
{
 8009684:	b538      	push	{r3, r4, r5, lr}
 8009686:	4604      	mov	r4, r0
	const struct uart_stm32_config *config = dev->config;
 8009688:	6845      	ldr	r5, [r0, #4]
	int err;

	err = uart_stm32_clocks_enable(dev);
 800968a:	f7fb f9c3 	bl	8004a14 <uart_stm32_clocks_enable>
	if (err < 0) {
 800968e:	2800      	cmp	r0, #0
 8009690:	db0b      	blt.n	80096aa <uart_stm32_init+0x26>
		return err;
	}

	/* Configure dt provided device signals when available */
	err = pinctrl_apply_state(config->pcfg, PINCTRL_STATE_DEFAULT);
 8009692:	2100      	movs	r1, #0
 8009694:	6a68      	ldr	r0, [r5, #36]	@ 0x24
 8009696:	f7ff ffe5 	bl	8009664 <pinctrl_apply_state>
	if (err < 0) {
 800969a:	2800      	cmp	r0, #0
 800969c:	db05      	blt.n	80096aa <uart_stm32_init+0x26>
		return err;
	}

	err = uart_stm32_registers_configure(dev);
 800969e:	4620      	mov	r0, r4
 80096a0:	f7fb fb26 	bl	8004cf0 <uart_stm32_registers_configure>
	if (err < 0) {
 80096a4:	2800      	cmp	r0, #0
 80096a6:	db00      	blt.n	80096aa <uart_stm32_init+0x26>
#endif /* CONFIG_PM || CONFIG_UART_INTERRUPT_DRIVEN || CONFIG_UART_ASYNC_API */

#ifdef CONFIG_UART_ASYNC_API
	return uart_stm32_async_init(dev);
#else
	return 0;
 80096a8:	2000      	movs	r0, #0
#endif
}
 80096aa:	bd38      	pop	{r3, r4, r5, pc}

080096ac <sys_clock_announce>:
 * driver state and tick accounting under a single lock.
 *
 * @param ticks Elapsed time, in ticks
 */
static inline void sys_clock_announce(int32_t ticks)
{
 80096ac:	b508      	push	{r3, lr}
  __ASM volatile ("MRS %0, basepri" : "=r" (result) );
 80096ae:	f3ef 8111 	mrs	r1, BASEPRI
  __ASM volatile ("MSR basepri_max, %0" : : "r" (basePri) : "memory");
 80096b2:	2310      	movs	r3, #16
 80096b4:	f383 8812 	msr	BASEPRI_MAX, r3
 80096b8:	f3bf 8f6f 	isb	sy
	sys_clock_announce_locked(ticks, sys_clock_lock());
 80096bc:	f7fc ff6c 	bl	8006598 <sys_clock_announce_locked>
}
 80096c0:	bd08      	pop	{r3, pc}

080096c2 <z_impl_k_busy_wait>:
#endif /* CONFIG_SYSTEM_CLOCK_HW_CYCLES_PER_SEC_RUNTIME_UPDATE */

void z_impl_k_busy_wait(uint32_t usec_to_wait)
{
	SYS_PORT_TRACING_FUNC_ENTER(k_thread, busy_wait, usec_to_wait);
	if (usec_to_wait == 0U) {
 80096c2:	b900      	cbnz	r0, 80096c6 <z_impl_k_busy_wait+0x4>
 80096c4:	4770      	bx	lr
{
 80096c6:	b538      	push	{r3, r4, r5, lr}
 80096c8:	4604      	mov	r4, r0
#ifndef _ASMLANGUAGE
extern uint32_t sys_clock_cycle_get_32(void);

static inline uint32_t arch_k_cycle_get_32(void)
{
	return sys_clock_cycle_get_32();
 80096ca:	f7fb fc75 	bl	8004fb8 <sys_clock_cycle_get_32>
 80096ce:	4605      	mov	r5, r0
			break;
		}
	}
#else
	uint32_t start_cycles = k_cycle_get_32();
	uint32_t cycles_to_wait = k_us_to_cyc_ceil32(usec_to_wait);
 80096d0:	2354      	movs	r3, #84	@ 0x54
 80096d2:	fb03 f404 	mul.w	r4, r3, r4
 80096d6:	f7fb fc6f 	bl	8004fb8 <sys_clock_cycle_get_32>

	for (;;) {
		uint32_t current_cycles = k_cycle_get_32();

		/* This handles the rollover on an unsigned 32-bit value */
		if ((current_cycles - start_cycles) >= cycles_to_wait) {
 80096da:	1b40      	subs	r0, r0, r5
 80096dc:	42a0      	cmp	r0, r4
 80096de:	d3fa      	bcc.n	80096d6 <z_impl_k_busy_wait+0x14>
		arch_nop();
	}
#endif

	SYS_PORT_TRACING_FUNC_EXIT(k_thread, busy_wait, usec_to_wait);
}
 80096e0:	bd38      	pop	{r3, r4, r5, pc}

080096e2 <do_device_init>:
#include <zephyr/internal/syscall_handler.h>
#include <zephyr/toolchain.h>
#include <zephyr/pm/device_runtime.h>

int do_device_init(const struct device *dev)
{
 80096e2:	b510      	push	{r4, lr}
 80096e4:	4604      	mov	r4, r0
	int rc = 0;

	if (dev->ops.init != NULL) {
 80096e6:	6943      	ldr	r3, [r0, #20]
 80096e8:	b193      	cbz	r3, 8009710 <do_device_init+0x2e>
		rc = dev->ops.init(dev);
 80096ea:	4798      	blx	r3
		/* If initialization failed, record in dev->state->init_res
		 * the POSITIVE value of the resulting errno
		 */
		if (rc != 0) {
 80096ec:	4602      	mov	r2, r0
 80096ee:	b130      	cbz	r0, 80096fe <do_device_init+0x1c>
			 * errno value maps to an uint8_t range as of now.
			 */
			__ASSERT(rc >= -UINT8_MAX && rc < 0, "device %s init: invalid error (%d)",
				 dev->name, rc);

			if (rc < 0) {
 80096f0:	2800      	cmp	r0, #0
 80096f2:	db0b      	blt.n	800970c <do_device_init+0x2a>
				rc = -rc;
			}
			/* handle error value overflow in production
			 * this is likely a bug in the device's init function. Signals it
			 */
			if (rc > UINT8_MAX) {
 80096f4:	2aff      	cmp	r2, #255	@ 0xff
 80096f6:	dd00      	ble.n	80096fa <do_device_init+0x18>
				rc = UINT8_MAX;
 80096f8:	22ff      	movs	r2, #255	@ 0xff
			}
			dev->state->init_res = rc;
 80096fa:	68e3      	ldr	r3, [r4, #12]
 80096fc:	701a      	strb	r2, [r3, #0]
		}
	}

	/* device initialization has been invoked */
	dev->state->initialized = true;
 80096fe:	68e1      	ldr	r1, [r4, #12]
 8009700:	784b      	ldrb	r3, [r1, #1]
 8009702:	f043 0301 	orr.w	r3, r3, #1
 8009706:	704b      	strb	r3, [r1, #1]

	/* here, the value of rc is either 0 or +errno
	 * flip the sign to return a negative value on failure as expected
	 */
	return -rc;
}
 8009708:	4250      	negs	r0, r2
 800970a:	bd10      	pop	{r4, pc}
				rc = -rc;
 800970c:	4242      	negs	r2, r0
 800970e:	e7f1      	b.n	80096f4 <do_device_init+0x12>
	int rc = 0;
 8009710:	2200      	movs	r2, #0
 8009712:	e7f4      	b.n	80096fe <do_device_init+0x1c>

08009714 <z_impl_device_is_ready>:
{
	/*
	 * if an invalid device pointer is passed as argument, this call
	 * reports the `device` as not ready for usage.
	 */
	if (dev == NULL) {
 8009714:	b160      	cbz	r0, 8009730 <z_impl_device_is_ready+0x1c>
		return false;
	}

	return dev->state->initialized && (dev->state->init_res == 0U);
 8009716:	68c3      	ldr	r3, [r0, #12]
 8009718:	785a      	ldrb	r2, [r3, #1]
 800971a:	f012 0f01 	tst.w	r2, #1
 800971e:	d003      	beq.n	8009728 <z_impl_device_is_ready+0x14>
 8009720:	781b      	ldrb	r3, [r3, #0]
 8009722:	b11b      	cbz	r3, 800972c <z_impl_device_is_ready+0x18>
 8009724:	2000      	movs	r0, #0
 8009726:	4770      	bx	lr
 8009728:	2000      	movs	r0, #0
 800972a:	4770      	bx	lr
 800972c:	2001      	movs	r0, #1
 800972e:	4770      	bx	lr
		return false;
 8009730:	2000      	movs	r0, #0
}
 8009732:	4770      	bx	lr

08009734 <arch_system_halt>:
  __ASM volatile ("MRS %0, basepri" : "=r" (result) );
 8009734:	f3ef 8311 	mrs	r3, BASEPRI
  __ASM volatile ("MSR basepri_max, %0" : : "r" (basePri) : "memory");
 8009738:	2310      	movs	r3, #16
 800973a:	f383 8812 	msr	BASEPRI_MAX, r3
 800973e:	f3bf 8f6f 	isb	sy
	for (;;) {
 8009742:	e7fe      	b.n	8009742 <arch_system_halt+0xe>

08009744 <idle>:
#include <wait_q.h>

LOG_MODULE_DECLARE(os, CONFIG_KERNEL_LOG_LEVEL);

void idle(void *unused1, void *unused2, void *unused3)
{
 8009744:	b508      	push	{r3, lr}
  __ASM volatile ("MRS %0, basepri" : "=r" (result) );
 8009746:	f3ef 8311 	mrs	r3, BASEPRI
  __ASM volatile ("MSR basepri_max, %0" : : "r" (basePri) : "memory");
 800974a:	2310      	movs	r3, #16
 800974c:	f383 8812 	msr	BASEPRI_MAX, r3
 8009750:	f3bf 8f6f 	isb	sy
 * @note In some architectures, before returning, the function unmasks interrupts
 * unconditionally.
 */
static inline void k_cpu_idle(void)
{
	arch_cpu_idle();
 8009754:	f7ff f861 	bl	800881a <arch_cpu_idle>
	ARG_UNUSED(unused2);
	ARG_UNUSED(unused3);

	__ASSERT_NO_MSG(_current->base.prio >= 0);

	while (true) {
 8009758:	e7f5      	b.n	8009746 <idle+0x2>

0800975a <arch_spin_relax>:
	return sys_clock_cycle_get_64();
}

static ALWAYS_INLINE void arch_nop(void)
{
	__asm__ volatile("nop");
 800975a:	bf00      	nop
{
	__ASSERT(!arch_irq_unlocked(arch_irq_lock()),
		 "this is meant to be called with IRQs disabled");

	arch_nop();
}
 800975c:	4770      	bx	lr

0800975e <new_prio_for_inheritance>:
	int new_prio = z_is_prio_higher(target, limit) ? target : limit;
 800975e:	4288      	cmp	r0, r1
 8009760:	da00      	bge.n	8009764 <new_prio_for_inheritance+0x6>
 8009762:	4601      	mov	r1, r0
	return z_is_under_prio_ceiling(prio) ? prio : CONFIG_PRIORITY_CEILING;
 8009764:	f111 0f80 	cmn.w	r1, #128	@ 0x80
 8009768:	db01      	blt.n	800976e <new_prio_for_inheritance+0x10>
 800976a:	4608      	mov	r0, r1
 800976c:	4770      	bx	lr
 800976e:	f06f 007f 	mvn.w	r0, #127	@ 0x7f
}
 8009772:	4770      	bx	lr

08009774 <adjust_owner_prio>:
{
 8009774:	b508      	push	{r3, lr}
	if (mutex->owner->base.prio != new_prio) {
 8009776:	6880      	ldr	r0, [r0, #8]
 8009778:	f990 300e 	ldrsb.w	r3, [r0, #14]
 800977c:	428b      	cmp	r3, r1
 800977e:	d101      	bne.n	8009784 <adjust_owner_prio+0x10>
	return false;
 8009780:	2000      	movs	r0, #0
}
 8009782:	bd08      	pop	{r3, pc}
		return z_thread_prio_set(mutex->owner, new_prio);
 8009784:	f7fc faf0 	bl	8005d68 <z_thread_prio_set>
 8009788:	e7fb      	b.n	8009782 <adjust_owner_prio+0xe>

0800978a <z_impl_k_sem_init>:
	CHECKIF(limit == 0U || initial_count > limit) {
 800978a:	b15a      	cbz	r2, 80097a4 <z_impl_k_sem_init+0x1a>
 800978c:	428a      	cmp	r2, r1
 800978e:	d30c      	bcc.n	80097aa <z_impl_k_sem_init+0x20>
	sem->count = initial_count;
 8009790:	6081      	str	r1, [r0, #8]
	sem->limit = limit;
 8009792:	60c2      	str	r2, [r0, #12]
	list->head = (sys_dnode_t *)list;
 8009794:	6000      	str	r0, [r0, #0]
	list->tail = (sys_dnode_t *)list;
 8009796:	6040      	str	r0, [r0, #4]
	sys_dlist_init(&sem->poll_events);
 8009798:	f100 0310 	add.w	r3, r0, #16
	list->head = (sys_dnode_t *)list;
 800979c:	6103      	str	r3, [r0, #16]
	list->tail = (sys_dnode_t *)list;
 800979e:	6143      	str	r3, [r0, #20]
	return 0;
 80097a0:	2000      	movs	r0, #0
 80097a2:	4770      	bx	lr
		return -EINVAL;
 80097a4:	f06f 0015 	mvn.w	r0, #21
 80097a8:	4770      	bx	lr
 80097aa:	f06f 0015 	mvn.w	r0, #21
}
 80097ae:	4770      	bx	lr

080097b0 <setup_thread_stack>:
{
 80097b0:	b5f8      	push	{r3, r4, r5, r6, r7, lr}
 80097b2:	4605      	mov	r5, r0
		stack_obj_size = K_KERNEL_STACK_LEN(stack_size);
 80097b4:	1dd3      	adds	r3, r2, #7
 80097b6:	f023 0307 	bic.w	r3, r3, #7
 80097ba:	337f      	adds	r3, #127	@ 0x7f
 80097bc:	f023 033f 	bic.w	r3, r3, #63	@ 0x3f

/** @} */

static inline char *K_KERNEL_STACK_BUFFER(k_thread_stack_t *sym)
{
	return (char *)sym + K_KERNEL_STACK_RESERVED;
 80097c0:	f101 0740 	add.w	r7, r1, #64	@ 0x40
		stack_buf_size = stack_obj_size - K_KERNEL_STACK_RESERVED;
 80097c4:	f1a3 0640 	sub.w	r6, r3, #64	@ 0x40
		if (K_KERNEL_STACK_RESERVED > stack_obj_size) {
 80097c8:	2b3f      	cmp	r3, #63	@ 0x3f
 80097ca:	d807      	bhi.n	80097dc <setup_thread_stack+0x2c>
  __ASM volatile ("MSR basepri, %0" : : "r" (basePri) : "memory");
 80097cc:	2200      	movs	r2, #0
 80097ce:	f382 8811 	msr	BASEPRI, r2
 80097d2:	f3bf 8f6f 	isb	sy
			k_panic();
 80097d6:	2204      	movs	r2, #4
 80097d8:	4610      	mov	r0, r2
 80097da:	df02      	svc	2
	stack_ptr = (char *)stack + stack_obj_size;
 80097dc:	18cc      	adds	r4, r1, r3
	delta += arch_tls_stack_setup(new_thread, stack_ptr);
 80097de:	4621      	mov	r1, r4
 80097e0:	4628      	mov	r0, r5
 80097e2:	f7f9 fc8b 	bl	80030fc <arch_tls_stack_setup>
	delta = ROUND_UP(delta, ARCH_STACK_PTR_ALIGN);
 80097e6:	3007      	adds	r0, #7
 80097e8:	f020 0007 	bic.w	r0, r0, #7
	new_thread->stack_info.start = (uintptr_t)stack_buf_start;
 80097ec:	f8c5 7098 	str.w	r7, [r5, #152]	@ 0x98
	new_thread->stack_info.size = stack_buf_size;
 80097f0:	f8c5 609c 	str.w	r6, [r5, #156]	@ 0x9c
	new_thread->stack_info.delta = delta;
 80097f4:	f8c5 00a0 	str.w	r0, [r5, #160]	@ 0xa0
}
 80097f8:	1a20      	subs	r0, r4, r0
 80097fa:	bdf8      	pop	{r3, r4, r5, r6, r7, pc}

080097fc <k_is_in_isr>:
  __ASM volatile ("MRS %0, ipsr" : "=r" (result) );
 80097fc:	f3ef 8005 	mrs	r0, IPSR
}
 8009800:	3800      	subs	r0, #0
 8009802:	bf18      	it	ne
 8009804:	2001      	movne	r0, #1
 8009806:	4770      	bx	lr

08009808 <k_thread_name_get>:
}
 8009808:	3078      	adds	r0, #120	@ 0x78
 800980a:	4770      	bx	lr

0800980c <z_init_thread_base>:
{
 800980c:	b410      	push	{r4}
	thread_base->pended_on = NULL;
 800980e:	2400      	movs	r4, #0
 8009810:	6084      	str	r4, [r0, #8]
	thread_base->user_options = (uint16_t)options;
 8009812:	8183      	strh	r3, [r0, #12]
	thread_base->thread_state = (uint8_t)initial_state;
 8009814:	7402      	strb	r2, [r0, #16]
	thread_base->prio = priority;
 8009816:	7381      	strb	r1, [r0, #14]
	thread_base->sched_locked = 0U;
 8009818:	73c4      	strb	r4, [r0, #15]
	node->next = NULL;
 800981a:	6184      	str	r4, [r0, #24]
	node->prev = NULL;
 800981c:	61c4      	str	r4, [r0, #28]
}
 800981e:	bc10      	pop	{r4}
 8009820:	4770      	bx	lr

08009822 <z_impl_k_thread_create>:
{
 8009822:	b5f0      	push	{r4, r5, r6, r7, lr}
 8009824:	b087      	sub	sp, #28
 8009826:	4604      	mov	r4, r0
 8009828:	9e12      	ldr	r6, [sp, #72]	@ 0x48
 800982a:	9d13      	ldr	r5, [sp, #76]	@ 0x4c
	z_setup_new_thread(new_thread, stack, stack_size, entry, p1, p2, p3,
 800982c:	2700      	movs	r7, #0
 800982e:	9705      	str	r7, [sp, #20]
 8009830:	9f10      	ldr	r7, [sp, #64]	@ 0x40
 8009832:	9704      	str	r7, [sp, #16]
 8009834:	9f0f      	ldr	r7, [sp, #60]	@ 0x3c
 8009836:	9703      	str	r7, [sp, #12]
 8009838:	9f0e      	ldr	r7, [sp, #56]	@ 0x38
 800983a:	9702      	str	r7, [sp, #8]
 800983c:	9f0d      	ldr	r7, [sp, #52]	@ 0x34
 800983e:	9701      	str	r7, [sp, #4]
 8009840:	9f0c      	ldr	r7, [sp, #48]	@ 0x30
 8009842:	9700      	str	r7, [sp, #0]
 8009844:	f7fc f860 	bl	8005908 <z_setup_new_thread>
	if (!K_TIMEOUT_EQ(delay, K_FOREVER)) {
 8009848:	f1b5 3fff 	cmp.w	r5, #4294967295
 800984c:	bf08      	it	eq
 800984e:	f1b6 3fff 	cmpeq.w	r6, #4294967295
 8009852:	d102      	bne.n	800985a <z_impl_k_thread_create+0x38>
}
 8009854:	4620      	mov	r0, r4
 8009856:	b007      	add	sp, #28
 8009858:	bdf0      	pop	{r4, r5, r6, r7, pc}
		thread_schedule_new(new_thread, delay);
 800985a:	4632      	mov	r2, r6
 800985c:	462b      	mov	r3, r5
 800985e:	4620      	mov	r0, r4
 8009860:	f7fc f832 	bl	80058c8 <thread_schedule_new>
 8009864:	e7f6      	b.n	8009854 <z_impl_k_thread_create+0x32>

08009866 <thread_active_elsewhere>:
}
 8009866:	2000      	movs	r0, #0
 8009868:	4770      	bx	lr

0800986a <add_to_waitq_locked>:
{
 800986a:	b538      	push	{r3, r4, r5, lr}
 800986c:	4604      	mov	r4, r0
 800986e:	460d      	mov	r5, r1
	unready_thread(thread);
 8009870:	f7fc f948 	bl	8005b04 <unready_thread>
	thread->base.thread_state |= _THREAD_PENDING;
 8009874:	7c23      	ldrb	r3, [r4, #16]
 8009876:	f043 0302 	orr.w	r3, r3, #2
 800987a:	7423      	strb	r3, [r4, #16]
	if (wait_q != NULL) {
 800987c:	b325      	cbz	r5, 80098c8 <add_to_waitq_locked+0x5e>
		thread->base.pended_on = wait_q;
 800987e:	60a5      	str	r5, [r4, #8]
	return list->head == list;
 8009880:	682b      	ldr	r3, [r5, #0]
	return sys_dlist_is_empty(list) ? NULL : list->head;
 8009882:	429d      	cmp	r5, r3
 8009884:	d107      	bne.n	8009896 <add_to_waitq_locked+0x2c>
	SYS_DLIST_FOR_EACH_CONTAINER(pq, t, base.qnode_dlist) {
 8009886:	2300      	movs	r3, #0
 8009888:	e005      	b.n	8009896 <add_to_waitq_locked+0x2c>
 800988a:	4619      	mov	r1, r3
	return (node == list->tail) ? NULL : node->next;
 800988c:	686a      	ldr	r2, [r5, #4]
 800988e:	4293      	cmp	r3, r2
 8009890:	d015      	beq.n	80098be <add_to_waitq_locked+0x54>
 8009892:	681b      	ldr	r3, [r3, #0]
 8009894:	b97b      	cbnz	r3, 80098b6 <add_to_waitq_locked+0x4c>
 8009896:	b193      	cbz	r3, 80098be <add_to_waitq_locked+0x54>
	int32_t b1 = thread_1->base.prio;
 8009898:	f994 100e 	ldrsb.w	r1, [r4, #14]
	int32_t b2 = thread_2->base.prio;
 800989c:	f993 200e 	ldrsb.w	r2, [r3, #14]
	if (b1 != b2) {
 80098a0:	4291      	cmp	r1, r2
 80098a2:	d0f2      	beq.n	800988a <add_to_waitq_locked+0x20>
		return b2 - b1;
 80098a4:	1a52      	subs	r2, r2, r1
		if (z_sched_prio_cmp(thread, t) > 0) {
 80098a6:	2a00      	cmp	r2, #0
 80098a8:	ddef      	ble.n	800988a <add_to_waitq_locked+0x20>
	sys_dnode_t *const prev = successor->prev;
 80098aa:	685a      	ldr	r2, [r3, #4]
	node->prev = prev;
 80098ac:	6062      	str	r2, [r4, #4]
	node->next = successor;
 80098ae:	6023      	str	r3, [r4, #0]
	prev->next = node;
 80098b0:	6014      	str	r4, [r2, #0]
	successor->prev = node;
 80098b2:	605c      	str	r4, [r3, #4]
			return;
 80098b4:	e008      	b.n	80098c8 <add_to_waitq_locked+0x5e>
	return (node != NULL) ? sys_dlist_peek_next_no_check(list, node) : NULL;
 80098b6:	2900      	cmp	r1, #0
 80098b8:	d1ed      	bne.n	8009896 <add_to_waitq_locked+0x2c>
 80098ba:	460b      	mov	r3, r1
 80098bc:	e7eb      	b.n	8009896 <add_to_waitq_locked+0x2c>
	sys_dnode_t *const tail = list->tail;
 80098be:	686b      	ldr	r3, [r5, #4]
	node->next = list;
 80098c0:	6025      	str	r5, [r4, #0]
	node->prev = tail;
 80098c2:	6063      	str	r3, [r4, #4]
	tail->next = node;
 80098c4:	601c      	str	r4, [r3, #0]
	list->tail = node;
 80098c6:	606c      	str	r4, [r5, #4]
}
 80098c8:	bd38      	pop	{r3, r4, r5, pc}

080098ca <unpend_all>:
{
 80098ca:	b570      	push	{r4, r5, r6, lr}
 80098cc:	4606      	mov	r6, r0
	return list->head == list;
 80098ce:	6804      	ldr	r4, [r0, #0]
	return sys_dlist_is_empty(list) ? NULL : list->head;
 80098d0:	4284      	cmp	r4, r0
 80098d2:	d01a      	beq.n	800990a <unpend_all+0x40>
	for (thread = z_waitq_head(wait_q); thread != NULL; thread = z_waitq_head(wait_q)) {
 80098d4:	b1dc      	cbz	r4, 800990e <unpend_all+0x44>
	sys_dnode_t *const prev = node->prev;
 80098d6:	6862      	ldr	r2, [r4, #4]
	sys_dnode_t *const next = node->next;
 80098d8:	6823      	ldr	r3, [r4, #0]
	prev->next = next;
 80098da:	6013      	str	r3, [r2, #0]
	next->prev = prev;
 80098dc:	605a      	str	r2, [r3, #4]
	node->next = NULL;
 80098de:	2500      	movs	r5, #0
 80098e0:	6025      	str	r5, [r4, #0]
	node->prev = NULL;
 80098e2:	6065      	str	r5, [r4, #4]
	thread->base.thread_state &= ~_THREAD_PENDING;
 80098e4:	7c23      	ldrb	r3, [r4, #16]
 80098e6:	f023 0302 	bic.w	r3, r3, #2
 80098ea:	7423      	strb	r3, [r4, #16]
	thread->base.pended_on = NULL;
 80098ec:	60a5      	str	r5, [r4, #8]
	z_abort_timeout(&thread->base.timeout);
 80098ee:	f104 0018 	add.w	r0, r4, #24
 80098f2:	f000 f923 	bl	8009b3c <z_abort_timeout>
 80098f6:	f8c4 50b0 	str.w	r5, [r4, #176]	@ 0xb0
		ready_thread(thread);
 80098fa:	4620      	mov	r0, r4
 80098fc:	f7fc f8aa 	bl	8005a54 <ready_thread>
	return list->head == list;
 8009900:	6834      	ldr	r4, [r6, #0]
	return sys_dlist_is_empty(list) ? NULL : list->head;
 8009902:	42a6      	cmp	r6, r4
 8009904:	d1e6      	bne.n	80098d4 <unpend_all+0xa>
 8009906:	2400      	movs	r4, #0
 8009908:	e7e4      	b.n	80098d4 <unpend_all+0xa>
 800990a:	2400      	movs	r4, #0
 800990c:	e7e2      	b.n	80098d4 <unpend_all+0xa>
}
 800990e:	bd70      	pop	{r4, r5, r6, pc}

08009910 <pend_locked>:
{
 8009910:	b570      	push	{r4, r5, r6, lr}
 8009912:	4604      	mov	r4, r0
 8009914:	4616      	mov	r6, r2
 8009916:	461d      	mov	r5, r3
	add_to_waitq_locked(thread, wait_q);
 8009918:	f7ff ffa7 	bl	800986a <add_to_waitq_locked>
	add_thread_timeout(thread, timeout);
 800991c:	4632      	mov	r2, r6
 800991e:	462b      	mov	r3, r5
 8009920:	4620      	mov	r0, r4
 8009922:	f7fc f9b1 	bl	8005c88 <add_thread_timeout>
}
 8009926:	bd70      	pop	{r4, r5, r6, pc}

08009928 <z_ready_thread>:
{
 8009928:	b538      	push	{r3, r4, r5, lr}
 800992a:	4604      	mov	r4, r0
	K_SPINLOCK(&_sched_spinlock) {
 800992c:	2300      	movs	r3, #0
  __ASM volatile ("MRS %0, basepri" : "=r" (result) );
 800992e:	f3ef 8511 	mrs	r5, BASEPRI
  __ASM volatile ("MSR basepri_max, %0" : : "r" (basePri) : "memory");
 8009932:	2210      	movs	r2, #16
 8009934:	f382 8812 	msr	BASEPRI_MAX, r2
 8009938:	f3bf 8f6f 	isb	sy
 800993c:	e004      	b.n	8009948 <z_ready_thread+0x20>
  __ASM volatile ("MSR basepri, %0" : : "r" (basePri) : "memory");
 800993e:	f385 8811 	msr	BASEPRI, r5
 8009942:	f3bf 8f6f 	isb	sy
 8009946:	2301      	movs	r3, #1
 8009948:	b943      	cbnz	r3, 800995c <z_ready_thread+0x34>
		if (thread_active_elsewhere(thread) == NULL) {
 800994a:	4620      	mov	r0, r4
 800994c:	f7ff ff8b 	bl	8009866 <thread_active_elsewhere>
 8009950:	2800      	cmp	r0, #0
 8009952:	d1f4      	bne.n	800993e <z_ready_thread+0x16>
			ready_thread(thread);
 8009954:	4620      	mov	r0, r4
 8009956:	f7fc f87d 	bl	8005a54 <ready_thread>
 800995a:	e7f0      	b.n	800993e <z_ready_thread+0x16>
}
 800995c:	bd38      	pop	{r3, r4, r5, pc}

0800995e <z_unpend_thread_no_timeout>:
	K_SPINLOCK(&_sched_spinlock) {
 800995e:	2300      	movs	r3, #0
  __ASM volatile ("MRS %0, basepri" : "=r" (result) );
 8009960:	f3ef 8111 	mrs	r1, BASEPRI
  __ASM volatile ("MSR basepri_max, %0" : : "r" (basePri) : "memory");
 8009964:	2210      	movs	r2, #16
 8009966:	f382 8812 	msr	BASEPRI_MAX, r2
 800996a:	f3bf 8f6f 	isb	sy
 800996e:	e004      	b.n	800997a <z_unpend_thread_no_timeout+0x1c>
  __ASM volatile ("MSR basepri, %0" : : "r" (basePri) : "memory");
 8009970:	f381 8811 	msr	BASEPRI, r1
 8009974:	f3bf 8f6f 	isb	sy
 8009978:	2301      	movs	r3, #1
 800997a:	b97b      	cbnz	r3, 800999c <z_unpend_thread_no_timeout+0x3e>
		if (thread->base.pended_on != NULL) {
 800997c:	6883      	ldr	r3, [r0, #8]
 800997e:	2b00      	cmp	r3, #0
 8009980:	d0f6      	beq.n	8009970 <z_unpend_thread_no_timeout+0x12>
	sys_dnode_t *const prev = node->prev;
 8009982:	6842      	ldr	r2, [r0, #4]
	sys_dnode_t *const next = node->next;
 8009984:	6803      	ldr	r3, [r0, #0]
	prev->next = next;
 8009986:	6013      	str	r3, [r2, #0]
	next->prev = prev;
 8009988:	605a      	str	r2, [r3, #4]
	node->next = NULL;
 800998a:	2300      	movs	r3, #0
 800998c:	6003      	str	r3, [r0, #0]
	node->prev = NULL;
 800998e:	6043      	str	r3, [r0, #4]
 8009990:	7c02      	ldrb	r2, [r0, #16]
 8009992:	f022 0202 	bic.w	r2, r2, #2
 8009996:	7402      	strb	r2, [r0, #16]
 8009998:	6083      	str	r3, [r0, #8]
}
 800999a:	e7e9      	b.n	8009970 <z_unpend_thread_no_timeout+0x12>
}
 800999c:	4770      	bx	lr

0800999e <z_sched_wake_thread_locked>:
{
 800999e:	b508      	push	{r3, lr}
	bool killed = (thread->base.thread_state &
 80099a0:	7c03      	ldrb	r3, [r0, #16]
	if (!killed) {
 80099a2:	f013 0f28 	tst.w	r3, #40	@ 0x28
 80099a6:	d113      	bne.n	80099d0 <z_sched_wake_thread_locked+0x32>
		if (thread->base.pended_on != NULL) {
 80099a8:	6883      	ldr	r3, [r0, #8]
 80099aa:	b15b      	cbz	r3, 80099c4 <z_sched_wake_thread_locked+0x26>
	sys_dnode_t *const prev = node->prev;
 80099ac:	6842      	ldr	r2, [r0, #4]
	sys_dnode_t *const next = node->next;
 80099ae:	6803      	ldr	r3, [r0, #0]
	prev->next = next;
 80099b0:	6013      	str	r3, [r2, #0]
	next->prev = prev;
 80099b2:	605a      	str	r2, [r3, #4]
	node->next = NULL;
 80099b4:	2300      	movs	r3, #0
 80099b6:	6003      	str	r3, [r0, #0]
	node->prev = NULL;
 80099b8:	6043      	str	r3, [r0, #4]
 80099ba:	7c02      	ldrb	r2, [r0, #16]
 80099bc:	f022 0202 	bic.w	r2, r2, #2
 80099c0:	7402      	strb	r2, [r0, #16]
	thread->base.pended_on = NULL;
 80099c2:	6083      	str	r3, [r0, #8]
	thread->base.thread_state &= ~_THREAD_SLEEPING;
 80099c4:	7c03      	ldrb	r3, [r0, #16]
 80099c6:	f023 0304 	bic.w	r3, r3, #4
 80099ca:	7403      	strb	r3, [r0, #16]
		ready_thread(thread);
 80099cc:	f7fc f842 	bl	8005a54 <ready_thread>
}
 80099d0:	bd08      	pop	{r3, pc}

080099d2 <z_thread_timeout>:
{
 80099d2:	b538      	push	{r3, r4, r5, lr}
	struct k_thread *thread = CONTAINER_OF(timeout,
 80099d4:	f1a0 0518 	sub.w	r5, r0, #24
	K_SPINLOCK(&_sched_spinlock) {
 80099d8:	2300      	movs	r3, #0
  __ASM volatile ("MRS %0, basepri" : "=r" (result) );
 80099da:	f3ef 8411 	mrs	r4, BASEPRI
  __ASM volatile ("MSR basepri_max, %0" : : "r" (basePri) : "memory");
 80099de:	2210      	movs	r2, #16
 80099e0:	f382 8812 	msr	BASEPRI_MAX, r2
 80099e4:	f3bf 8f6f 	isb	sy
 80099e8:	e007      	b.n	80099fa <z_thread_timeout+0x28>
		z_sched_wake_thread_locked(thread);
 80099ea:	4628      	mov	r0, r5
 80099ec:	f7ff ffd7 	bl	800999e <z_sched_wake_thread_locked>
  __ASM volatile ("MSR basepri, %0" : : "r" (basePri) : "memory");
 80099f0:	f384 8811 	msr	BASEPRI, r4
 80099f4:	f3bf 8f6f 	isb	sy
	K_SPINLOCK(&_sched_spinlock) {
 80099f8:	2301      	movs	r3, #1
 80099fa:	2b00      	cmp	r3, #0
 80099fc:	d0f5      	beq.n	80099ea <z_thread_timeout+0x18>
}
 80099fe:	bd38      	pop	{r3, r4, r5, pc}

08009a00 <z_unpend1_no_timeout>:
{
 8009a00:	4601      	mov	r1, r0
	K_SPINLOCK(&_sched_spinlock) {
 8009a02:	2300      	movs	r3, #0
  __ASM volatile ("MRS %0, basepri" : "=r" (result) );
 8009a04:	f3ef 8c11 	mrs	ip, BASEPRI
  __ASM volatile ("MSR basepri_max, %0" : : "r" (basePri) : "memory");
 8009a08:	2210      	movs	r2, #16
 8009a0a:	f382 8812 	msr	BASEPRI_MAX, r2
 8009a0e:	f3bf 8f6f 	isb	sy
	struct k_thread *thread = NULL;
 8009a12:	4618      	mov	r0, r3
 8009a14:	e005      	b.n	8009a22 <z_unpend1_no_timeout+0x22>
	struct k_thread *thread = NULL;
 8009a16:	2000      	movs	r0, #0
  __ASM volatile ("MSR basepri, %0" : : "r" (basePri) : "memory");
 8009a18:	f38c 8811 	msr	BASEPRI, ip
 8009a1c:	f3bf 8f6f 	isb	sy
	K_SPINLOCK(&_sched_spinlock) {
 8009a20:	2301      	movs	r3, #1
 8009a22:	b98b      	cbnz	r3, 8009a48 <z_unpend1_no_timeout+0x48>
	return list->head == list;
 8009a24:	6808      	ldr	r0, [r1, #0]
	return sys_dlist_is_empty(list) ? NULL : list->head;
 8009a26:	4281      	cmp	r1, r0
 8009a28:	d0f5      	beq.n	8009a16 <z_unpend1_no_timeout+0x16>
	if (n != NULL) {
 8009a2a:	2800      	cmp	r0, #0
 8009a2c:	d0f4      	beq.n	8009a18 <z_unpend1_no_timeout+0x18>
	sys_dnode_t *const prev = node->prev;
 8009a2e:	6842      	ldr	r2, [r0, #4]
	sys_dnode_t *const next = node->next;
 8009a30:	6803      	ldr	r3, [r0, #0]
	prev->next = next;
 8009a32:	6013      	str	r3, [r2, #0]
	next->prev = prev;
 8009a34:	605a      	str	r2, [r3, #4]
	node->next = NULL;
 8009a36:	2300      	movs	r3, #0
 8009a38:	6003      	str	r3, [r0, #0]
	node->prev = NULL;
 8009a3a:	6043      	str	r3, [r0, #4]
	thread->base.thread_state &= ~_THREAD_PENDING;
 8009a3c:	7c02      	ldrb	r2, [r0, #16]
 8009a3e:	f022 0202 	bic.w	r2, r2, #2
 8009a42:	7402      	strb	r2, [r0, #16]
 8009a44:	6083      	str	r3, [r0, #8]
}
 8009a46:	e7e7      	b.n	8009a18 <z_unpend1_no_timeout+0x18>
}
 8009a48:	4770      	bx	lr

08009a4a <z_unpend_thread>:
{
 8009a4a:	b510      	push	{r4, lr}
 8009a4c:	4604      	mov	r4, r0
	z_unpend_thread_no_timeout(thread);
 8009a4e:	f7ff ff86 	bl	800995e <z_unpend_thread_no_timeout>
 8009a52:	f104 0018 	add.w	r0, r4, #24
 8009a56:	f000 f871 	bl	8009b3c <z_abort_timeout>
}
 8009a5a:	bd10      	pop	{r4, pc}

08009a5c <z_reschedule>:
{
 8009a5c:	b508      	push	{r3, lr}
	reschedule(lock, key);
 8009a5e:	f7fb ffdf 	bl	8005a20 <reschedule>
}
 8009a62:	bd08      	pop	{r3, pc}

08009a64 <init_ready_q>:
	_priq_run_init(&ready_q->runq);
 8009a64:	1d03      	adds	r3, r0, #4
	list->head = (sys_dnode_t *)list;
 8009a66:	6043      	str	r3, [r0, #4]
	list->tail = (sys_dnode_t *)list;
 8009a68:	6083      	str	r3, [r0, #8]
}
 8009a6a:	4770      	bx	lr

08009a6c <z_sched_wake>:
{
 8009a6c:	e92d 41f0 	stmdb	sp!, {r4, r5, r6, r7, r8, lr}
 8009a70:	4605      	mov	r5, r0
 8009a72:	4688      	mov	r8, r1
 8009a74:	4617      	mov	r7, r2
	K_SPINLOCK(&_sched_spinlock) {
 8009a76:	2300      	movs	r3, #0
  __ASM volatile ("MRS %0, basepri" : "=r" (result) );
 8009a78:	f3ef 8611 	mrs	r6, BASEPRI
  __ASM volatile ("MSR basepri_max, %0" : : "r" (basePri) : "memory");
 8009a7c:	2210      	movs	r2, #16
 8009a7e:	f382 8812 	msr	BASEPRI_MAX, r2
 8009a82:	f3bf 8f6f 	isb	sy
	bool ret = false;
 8009a86:	4618      	mov	r0, r3
 8009a88:	e004      	b.n	8009a94 <z_sched_wake+0x28>
  __ASM volatile ("MSR basepri, %0" : : "r" (basePri) : "memory");
 8009a8a:	f386 8811 	msr	BASEPRI, r6
 8009a8e:	f3bf 8f6f 	isb	sy
	K_SPINLOCK(&_sched_spinlock) {
 8009a92:	2301      	movs	r3, #1
 8009a94:	b9f3      	cbnz	r3, 8009ad4 <z_sched_wake+0x68>
	return list->head == list;
 8009a96:	682c      	ldr	r4, [r5, #0]
	return sys_dlist_is_empty(list) ? NULL : list->head;
 8009a98:	42a5      	cmp	r5, r4
 8009a9a:	d0f6      	beq.n	8009a8a <z_sched_wake+0x1e>
 8009a9c:	2c00      	cmp	r4, #0
 8009a9e:	d0f4      	beq.n	8009a8a <z_sched_wake+0x1e>
 8009aa0:	f8c4 80b0 	str.w	r8, [r4, #176]	@ 0xb0
z_thread_return_value_set_with_data(struct k_thread *thread,
				   unsigned int value,
				   void *data)
{
	arch_thread_return_value_set(thread, value);
	thread->base.swap_data = data;
 8009aa4:	6167      	str	r7, [r4, #20]
	sys_dnode_t *const prev = node->prev;
 8009aa6:	6862      	ldr	r2, [r4, #4]
	sys_dnode_t *const next = node->next;
 8009aa8:	6823      	ldr	r3, [r4, #0]
	prev->next = next;
 8009aaa:	6013      	str	r3, [r2, #0]
	next->prev = prev;
 8009aac:	605a      	str	r2, [r3, #4]
	node->next = NULL;
 8009aae:	2300      	movs	r3, #0
 8009ab0:	6023      	str	r3, [r4, #0]
	node->prev = NULL;
 8009ab2:	6063      	str	r3, [r4, #4]
 8009ab4:	f894 c010 	ldrb.w	ip, [r4, #16]
 8009ab8:	f02c 0c02 	bic.w	ip, ip, #2
 8009abc:	f884 c010 	strb.w	ip, [r4, #16]
	thread->base.pended_on = NULL;
 8009ac0:	60a3      	str	r3, [r4, #8]
 8009ac2:	f104 0018 	add.w	r0, r4, #24
 8009ac6:	f000 f839 	bl	8009b3c <z_abort_timeout>
			ready_thread(thread);
 8009aca:	4620      	mov	r0, r4
 8009acc:	f7fb ffc2 	bl	8005a54 <ready_thread>
			ret = true;
 8009ad0:	2001      	movs	r0, #1
 8009ad2:	e7da      	b.n	8009a8a <z_sched_wake+0x1e>
}
 8009ad4:	e8bd 81f0 	ldmia.w	sp!, {r4, r5, r6, r7, r8, pc}

08009ad8 <remove_timeout>:
{
 8009ad8:	b510      	push	{r4, lr}
 8009ada:	4604      	mov	r4, r0
	if (next(t) != NULL) {
 8009adc:	f7fc fcaa 	bl	8006434 <next>
 8009ae0:	b148      	cbz	r0, 8009af6 <remove_timeout+0x1e>
 8009ae2:	4602      	mov	r2, r0
		next(t)->dticks += t->dticks;
 8009ae4:	6903      	ldr	r3, [r0, #16]
 8009ae6:	6941      	ldr	r1, [r0, #20]
 8009ae8:	6920      	ldr	r0, [r4, #16]
 8009aea:	181b      	adds	r3, r3, r0
 8009aec:	6960      	ldr	r0, [r4, #20]
 8009aee:	eb41 0100 	adc.w	r1, r1, r0
 8009af2:	6113      	str	r3, [r2, #16]
 8009af4:	6151      	str	r1, [r2, #20]
	sys_dnode_t *const prev = node->prev;
 8009af6:	6862      	ldr	r2, [r4, #4]
	sys_dnode_t *const next = node->next;
 8009af8:	6823      	ldr	r3, [r4, #0]
	prev->next = next;
 8009afa:	6013      	str	r3, [r2, #0]
	next->prev = prev;
 8009afc:	605a      	str	r2, [r3, #4]
	node->next = NULL;
 8009afe:	2300      	movs	r3, #0
 8009b00:	6023      	str	r3, [r4, #0]
	node->prev = NULL;
 8009b02:	6063      	str	r3, [r4, #4]
}
 8009b04:	bd10      	pop	{r4, pc}

08009b06 <next_timeout>:
{
 8009b06:	b510      	push	{r4, lr}
 8009b08:	4604      	mov	r4, r0
	struct _timeout *to = first();
 8009b0a:	f7fc fc89 	bl	8006420 <first>
	if ((to == NULL) ||
 8009b0e:	b178      	cbz	r0, 8009b30 <next_timeout+0x2a>
	    ((int64_t)(to->dticks - ticks_elapsed) > (int64_t)INT_MAX)) {
 8009b10:	6903      	ldr	r3, [r0, #16]
 8009b12:	6942      	ldr	r2, [r0, #20]
 8009b14:	1b1b      	subs	r3, r3, r4
 8009b16:	eb62 72e4 	sbc.w	r2, r2, r4, asr #31
	if ((to == NULL) ||
 8009b1a:	f1b3 4f00 	cmp.w	r3, #2147483648	@ 0x80000000
 8009b1e:	f172 0100 	sbcs.w	r1, r2, #0
 8009b22:	da08      	bge.n	8009b36 <next_timeout+0x30>
		ret = max(0, to->dticks - ticks_elapsed);
 8009b24:	2a00      	cmp	r2, #0
 8009b26:	db01      	blt.n	8009b2c <next_timeout+0x26>
 8009b28:	4618      	mov	r0, r3
}
 8009b2a:	bd10      	pop	{r4, pc}
		ret = max(0, to->dticks - ticks_elapsed);
 8009b2c:	2300      	movs	r3, #0
 8009b2e:	e7fb      	b.n	8009b28 <next_timeout+0x22>
		ret = SYS_CLOCK_MAX_WAIT;
 8009b30:	f06f 4000 	mvn.w	r0, #2147483648	@ 0x80000000
 8009b34:	e7f9      	b.n	8009b2a <next_timeout+0x24>
 8009b36:	f06f 4000 	mvn.w	r0, #2147483648	@ 0x80000000
	return ret;
 8009b3a:	e7f6      	b.n	8009b2a <next_timeout+0x24>

08009b3c <z_abort_timeout>:
{
 8009b3c:	e92d 41f0 	stmdb	sp!, {r4, r5, r6, r7, r8, lr}
 8009b40:	4604      	mov	r4, r0
	K_SPINLOCK(&timeout_lock) {
 8009b42:	2500      	movs	r5, #0
  __ASM volatile ("MRS %0, basepri" : "=r" (result) );
 8009b44:	f3ef 8711 	mrs	r7, BASEPRI
  __ASM volatile ("MSR basepri_max, %0" : : "r" (basePri) : "memory");
 8009b48:	2310      	movs	r3, #16
 8009b4a:	f383 8812 	msr	BASEPRI_MAX, r3
 8009b4e:	f3bf 8f6f 	isb	sy
	int ret = -EINVAL;
 8009b52:	f06f 0015 	mvn.w	r0, #21
 8009b56:	e014      	b.n	8009b82 <z_abort_timeout+0x46>
				sys_clock_set_timeout(next_timeout(elapsed()), false);
 8009b58:	f7fc fc78 	bl	800644c <elapsed>
 8009b5c:	f7ff ffd3 	bl	8009b06 <next_timeout>
 8009b60:	2100      	movs	r1, #0
 8009b62:	f7fb f977 	bl	8004e54 <sys_clock_set_timeout>
			ret = 0;
 8009b66:	4640      	mov	r0, r8
 8009b68:	e006      	b.n	8009b78 <z_abort_timeout+0x3c>
		} else if (to->dticks == TIMEOUT_DTICKS_ANNOUNCING) {
 8009b6a:	6922      	ldr	r2, [r4, #16]
 8009b6c:	6963      	ldr	r3, [r4, #20]
 8009b6e:	f1b3 4f00 	cmp.w	r3, #2147483648	@ 0x80000000
 8009b72:	bf08      	it	eq
 8009b74:	2a01      	cmpeq	r2, #1
 8009b76:	d018      	beq.n	8009baa <z_abort_timeout+0x6e>
  __ASM volatile ("MSR basepri, %0" : : "r" (basePri) : "memory");
 8009b78:	f387 8811 	msr	BASEPRI, r7
 8009b7c:	f3bf 8f6f 	isb	sy
	K_SPINLOCK(&timeout_lock) {
 8009b80:	2501      	movs	r5, #1
 8009b82:	46a8      	mov	r8, r5
 8009b84:	b9bd      	cbnz	r5, 8009bb6 <z_abort_timeout+0x7a>
	return node->next != NULL;
 8009b86:	6823      	ldr	r3, [r4, #0]
		if (sys_dnode_is_linked(&to->node)) {
 8009b88:	2b00      	cmp	r3, #0
 8009b8a:	d0ee      	beq.n	8009b6a <z_abort_timeout+0x2e>
			bool is_first = (to == first());
 8009b8c:	f7fc fc48 	bl	8006420 <first>
 8009b90:	4606      	mov	r6, r0
			remove_timeout(to);
 8009b92:	4620      	mov	r0, r4
 8009b94:	f7ff ffa0 	bl	8009ad8 <remove_timeout>
			to->dticks = TIMEOUT_DTICKS_ABORTED;
 8009b98:	2200      	movs	r2, #0
 8009b9a:	f04f 4300 	mov.w	r3, #2147483648	@ 0x80000000
 8009b9e:	e9c4 2304 	strd	r2, r3, [r4, #16]
			if (is_first) {
 8009ba2:	42a6      	cmp	r6, r4
 8009ba4:	d0d8      	beq.n	8009b58 <z_abort_timeout+0x1c>
			ret = 0;
 8009ba6:	4628      	mov	r0, r5
 8009ba8:	e7e6      	b.n	8009b78 <z_abort_timeout+0x3c>
			to->dticks = TIMEOUT_DTICKS_ABORTED;
 8009baa:	2200      	movs	r2, #0
 8009bac:	f04f 4300 	mov.w	r3, #2147483648	@ 0x80000000
 8009bb0:	e9c4 2304 	strd	r2, r3, [r4, #16]
 8009bb4:	e7e0      	b.n	8009b78 <z_abort_timeout+0x3c>
}
 8009bb6:	e8bd 81f0 	ldmia.w	sp!, {r4, r5, r6, r7, r8, pc}

08009bba <sys_clock_tick_get_32>:

uint32_t sys_clock_tick_get_32(void)
{
 8009bba:	b508      	push	{r3, lr}
#ifdef CONFIG_TICKLESS_KERNEL
	return (uint32_t)sys_clock_tick_get();
 8009bbc:	f7fc fd4e 	bl	800665c <sys_clock_tick_get>
#else
	return (uint32_t)curr_tick;
#endif /* CONFIG_TICKLESS_KERNEL */
}
 8009bc0:	bd08      	pop	{r3, pc}

08009bc2 <z_impl_k_uptime_ticks>:

int64_t z_impl_k_uptime_ticks(void)
{
 8009bc2:	b508      	push	{r3, lr}
	return sys_clock_tick_get();
 8009bc4:	f7fc fd4a 	bl	800665c <sys_clock_tick_get>
}
 8009bc8:	bd08      	pop	{r3, pc}

08009bca <k_timer_init>:
	timer->expiry_fn = expiry_fn;
 8009bca:	6201      	str	r1, [r0, #32]
	timer->stop_fn = stop_fn;
 8009bcc:	6242      	str	r2, [r0, #36]	@ 0x24
	timer->status = 0U;
 8009bce:	2300      	movs	r3, #0
 8009bd0:	6303      	str	r3, [r0, #48]	@ 0x30
 8009bd2:	f100 0218 	add.w	r2, r0, #24
	list->head = (sys_dnode_t *)list;
 8009bd6:	6182      	str	r2, [r0, #24]
	list->tail = (sys_dnode_t *)list;
 8009bd8:	61c2      	str	r2, [r0, #28]
	node->next = NULL;
 8009bda:	6003      	str	r3, [r0, #0]
	node->prev = NULL;
 8009bdc:	6043      	str	r3, [r0, #4]
	timer->user_data = NULL;
 8009bde:	6343      	str	r3, [r0, #52]	@ 0x34
}
 8009be0:	4770      	bx	lr

08009be2 <poller_thread>:
	return p ? CONTAINER_OF(p, struct k_thread, poller) : NULL;
 8009be2:	b108      	cbz	r0, 8009be8 <poller_thread+0x6>
 8009be4:	3860      	subs	r0, #96	@ 0x60
 8009be6:	4770      	bx	lr
}
 8009be8:	4770      	bx	lr

08009bea <signal_poller>:
{
 8009bea:	b538      	push	{r3, r4, r5, lr}
 8009bec:	460d      	mov	r5, r1
	struct k_thread *thread = poller_thread(event->poller);
 8009bee:	6880      	ldr	r0, [r0, #8]
 8009bf0:	f7ff fff7 	bl	8009be2 <poller_thread>
	return (thread->base.thread_state & _THREAD_PENDING) != 0U;
 8009bf4:	7c03      	ldrb	r3, [r0, #16]
	if (!z_is_thread_pending(thread)) {
 8009bf6:	f013 0f02 	tst.w	r3, #2
 8009bfa:	d101      	bne.n	8009c00 <signal_poller+0x16>
}
 8009bfc:	2000      	movs	r0, #0
 8009bfe:	bd38      	pop	{r3, r4, r5, pc}
 8009c00:	4604      	mov	r4, r0
	z_unpend_thread(thread);
 8009c02:	f7ff ff22 	bl	8009a4a <z_unpend_thread>
	arch_thread_return_value_set(thread,
 8009c06:	2d08      	cmp	r5, #8
 8009c08:	d00a      	beq.n	8009c20 <signal_poller+0x36>
 8009c0a:	2300      	movs	r3, #0
 8009c0c:	f8c4 30b0 	str.w	r3, [r4, #176]	@ 0xb0
	uint8_t state = thread->base.thread_state;
 8009c10:	7c23      	ldrb	r3, [r4, #16]
	if (!z_is_thread_ready(thread)) {
 8009c12:	f013 0f1f 	tst.w	r3, #31
 8009c16:	d1f1      	bne.n	8009bfc <signal_poller+0x12>
	z_ready_thread(thread);
 8009c18:	4620      	mov	r0, r4
 8009c1a:	f7ff fe85 	bl	8009928 <z_ready_thread>
	return 0;
 8009c1e:	e7ed      	b.n	8009bfc <signal_poller+0x12>
	arch_thread_return_value_set(thread,
 8009c20:	f06f 0303 	mvn.w	r3, #3
 8009c24:	e7f2      	b.n	8009c0c <signal_poller+0x22>

08009c26 <signal_triggered_work>:

extern int z_work_submit_to_queue(struct k_work_q *queue,
			 struct k_work *work);

static int signal_triggered_work(struct k_poll_event *event, uint32_t status)
{
 8009c26:	b570      	push	{r4, r5, r6, lr}
	struct z_poller *poller = event->poller;
 8009c28:	6884      	ldr	r4, [r0, #8]
	struct k_work_poll *twork =
		CONTAINER_OF(poller, struct k_work_poll, poller);

	if (poller->is_polling && twork->workq != NULL) {
 8009c2a:	7823      	ldrb	r3, [r4, #0]
 8009c2c:	b173      	cbz	r3, 8009c4c <signal_triggered_work+0x26>
 8009c2e:	f854 5c04 	ldr.w	r5, [r4, #-4]
 8009c32:	b15d      	cbz	r5, 8009c4c <signal_triggered_work+0x26>
		struct k_work_q *work_q = twork->workq;

		z_abort_timeout(&twork->timeout);
 8009c34:	f1a4 0614 	sub.w	r6, r4, #20
 8009c38:	f104 0014 	add.w	r0, r4, #20
 8009c3c:	f7ff ff7e 	bl	8009b3c <z_abort_timeout>
		twork->poll_result = 0;
 8009c40:	2300      	movs	r3, #0
 8009c42:	62e3      	str	r3, [r4, #44]	@ 0x2c
		z_work_submit_to_queue(work_q, &twork->work);
 8009c44:	4631      	mov	r1, r6
 8009c46:	4628      	mov	r0, r5
 8009c48:	f000 f89c 	bl	8009d84 <z_work_submit_to_queue>
	}

	return 0;
}
 8009c4c:	2000      	movs	r0, #0
 8009c4e:	bd70      	pop	{r4, r5, r6, pc}

08009c50 <signal_poll_event>:
{
 8009c50:	b570      	push	{r4, r5, r6, lr}
 8009c52:	4604      	mov	r4, r0
 8009c54:	460d      	mov	r5, r1
	struct z_poller *poller = event->poller;
 8009c56:	6886      	ldr	r6, [r0, #8]
	if (poller != NULL) {
 8009c58:	b1d6      	cbz	r6, 8009c90 <signal_poll_event+0x40>
		if (poller->mode == MODE_POLL) {
 8009c5a:	7873      	ldrb	r3, [r6, #1]
 8009c5c:	2b01      	cmp	r3, #1
 8009c5e:	d00d      	beq.n	8009c7c <signal_poll_event+0x2c>
		} else if (poller->mode == MODE_TRIGGERED) {
 8009c60:	2b02      	cmp	r3, #2
 8009c62:	d012      	beq.n	8009c8a <signal_poll_event+0x3a>
		poller->is_polling = false;
 8009c64:	2000      	movs	r0, #0
 8009c66:	7030      	strb	r0, [r6, #0]
	event->poller = NULL;
 8009c68:	2300      	movs	r3, #0
 8009c6a:	60a3      	str	r3, [r4, #8]
	event->state |= state;
 8009c6c:	68e3      	ldr	r3, [r4, #12]
 8009c6e:	f3c3 3286 	ubfx	r2, r3, #14, #7
 8009c72:	432a      	orrs	r2, r5
 8009c74:	f362 3394 	bfi	r3, r2, #14, #7
 8009c78:	60e3      	str	r3, [r4, #12]
}
 8009c7a:	bd70      	pop	{r4, r5, r6, pc}
			retcode = signal_poller(event, state);
 8009c7c:	f7ff ffb5 	bl	8009bea <signal_poller>
		poller->is_polling = false;
 8009c80:	2300      	movs	r3, #0
 8009c82:	7033      	strb	r3, [r6, #0]
		if (retcode < 0) {
 8009c84:	4298      	cmp	r0, r3
 8009c86:	daef      	bge.n	8009c68 <signal_poll_event+0x18>
 8009c88:	e7f7      	b.n	8009c7a <signal_poll_event+0x2a>
			retcode = signal_triggered_work(event, state);
 8009c8a:	f7ff ffcc 	bl	8009c26 <signal_triggered_work>
 8009c8e:	e7f7      	b.n	8009c80 <signal_poll_event+0x30>
	int retcode = 0;
 8009c90:	2000      	movs	r0, #0
 8009c92:	e7e9      	b.n	8009c68 <signal_poll_event+0x18>

08009c94 <z_handle_obj_poll_events>:
{
 8009c94:	b538      	push	{r3, r4, r5, lr}
  __ASM volatile ("MRS %0, basepri" : "=r" (result) );
 8009c96:	f3ef 8511 	mrs	r5, BASEPRI
  __ASM volatile ("MSR basepri_max, %0" : : "r" (basePri) : "memory");
 8009c9a:	2310      	movs	r3, #16
 8009c9c:	f383 8812 	msr	BASEPRI_MAX, r3
 8009ca0:	f3bf 8f6f 	isb	sy
	return list->head == list;
 8009ca4:	6804      	ldr	r4, [r0, #0]
	if (!sys_dlist_is_empty(list)) {
 8009ca6:	42a0      	cmp	r0, r4
 8009ca8:	d011      	beq.n	8009cce <z_handle_obj_poll_events+0x3a>
	sys_dnode_t *const prev = node->prev;
 8009caa:	6862      	ldr	r2, [r4, #4]
	sys_dnode_t *const next = node->next;
 8009cac:	6823      	ldr	r3, [r4, #0]
	prev->next = next;
 8009cae:	6013      	str	r3, [r2, #0]
	next->prev = prev;
 8009cb0:	605a      	str	r2, [r3, #4]
	node->next = NULL;
 8009cb2:	2300      	movs	r3, #0
 8009cb4:	6023      	str	r3, [r4, #0]
	node->prev = NULL;
 8009cb6:	6063      	str	r3, [r4, #4]
		(void) signal_poll_event(poll_event, state);
 8009cb8:	4620      	mov	r0, r4
 8009cba:	f7ff ffc9 	bl	8009c50 <signal_poll_event>
  __ASM volatile ("MSR basepri, %0" : : "r" (basePri) : "memory");
 8009cbe:	f385 8811 	msr	BASEPRI, r5
 8009cc2:	f3bf 8f6f 	isb	sy
}
 8009cc6:	1e20      	subs	r0, r4, #0
 8009cc8:	bf18      	it	ne
 8009cca:	2001      	movne	r0, #1
 8009ccc:	bd38      	pop	{r3, r4, r5, pc}
	sys_dnode_t *node = NULL;
 8009cce:	2400      	movs	r4, #0
 8009cd0:	e7f5      	b.n	8009cbe <z_handle_obj_poll_events+0x2a>

08009cd2 <main>:
 8009cd2:	bf00      	nop
{
	/* NOP default main() if the application does not provide one. */
	arch_nop();

	return 0;
}
 8009cd4:	2000      	movs	r0, #0
 8009cd6:	4770      	bx	lr

08009cd8 <sys_slist_remove>:
Z_GENLIST_REMOVE(slist, snode)
 8009cd8:	460b      	mov	r3, r1
 8009cda:	b139      	cbz	r1, 8009cec <sys_slist_remove+0x14>
	return node->next;
 8009cdc:	6811      	ldr	r1, [r2, #0]
	parent->next = child;
 8009cde:	6019      	str	r1, [r3, #0]
	return list->tail;
 8009ce0:	6841      	ldr	r1, [r0, #4]
Z_GENLIST_REMOVE(slist, snode)
 8009ce2:	428a      	cmp	r2, r1
 8009ce4:	d009      	beq.n	8009cfa <sys_slist_remove+0x22>
	parent->next = child;
 8009ce6:	2300      	movs	r3, #0
 8009ce8:	6013      	str	r3, [r2, #0]
Z_GENLIST_REMOVE(slist, snode)
 8009cea:	4770      	bx	lr
	return node->next;
 8009cec:	6813      	ldr	r3, [r2, #0]
	list->head = node;
 8009cee:	6003      	str	r3, [r0, #0]
	return list->tail;
 8009cf0:	6841      	ldr	r1, [r0, #4]
Z_GENLIST_REMOVE(slist, snode)
 8009cf2:	428a      	cmp	r2, r1
 8009cf4:	d1f7      	bne.n	8009ce6 <sys_slist_remove+0xe>
	list->tail = node;
 8009cf6:	6043      	str	r3, [r0, #4]
}
 8009cf8:	e7f5      	b.n	8009ce6 <sys_slist_remove+0xe>
	list->tail = node;
 8009cfa:	6043      	str	r3, [r0, #4]
}
 8009cfc:	e7f3      	b.n	8009ce6 <sys_slist_remove+0xe>

08009cfe <notify_queue_locked>:
	if (queue != NULL) {
 8009cfe:	b130      	cbz	r0, 8009d0e <notify_queue_locked+0x10>
{
 8009d00:	b508      	push	{r3, lr}
		rv = z_sched_wake(&queue->notifyq, 0, NULL);
 8009d02:	2200      	movs	r2, #0
 8009d04:	4611      	mov	r1, r2
 8009d06:	30c4      	adds	r0, #196	@ 0xc4
 8009d08:	f7ff feb0 	bl	8009a6c <z_sched_wake>
}
 8009d0c:	bd08      	pop	{r3, pc}
	bool rv = false;
 8009d0e:	2000      	movs	r0, #0
}
 8009d10:	4770      	bx	lr

08009d12 <submit_to_queue_locked>:
{
 8009d12:	b570      	push	{r4, r5, r6, lr}
 8009d14:	460d      	mov	r5, r1
	return (*flagp & BIT(bit)) != 0U;
 8009d16:	68c3      	ldr	r3, [r0, #12]
	if (flag_test(&work->flags, K_WORK_CANCELING_BIT)) {
 8009d18:	f013 0f02 	tst.w	r3, #2
 8009d1c:	d122      	bne.n	8009d64 <submit_to_queue_locked+0x52>
 8009d1e:	4604      	mov	r4, r0
	} else if (!flag_test(&work->flags, K_WORK_QUEUED_BIT)) {
 8009d20:	f013 0f04 	tst.w	r3, #4
 8009d24:	d123      	bne.n	8009d6e <submit_to_queue_locked+0x5c>
		if (*queuep == NULL) {
 8009d26:	680b      	ldr	r3, [r1, #0]
 8009d28:	b1ab      	cbz	r3, 8009d56 <submit_to_queue_locked+0x44>
	return (*flagp & BIT(bit)) != 0U;
 8009d2a:	68e3      	ldr	r3, [r4, #12]
		if (flag_test(&work->flags, K_WORK_RUNNING_BIT)) {
 8009d2c:	f013 0f01 	tst.w	r3, #1
 8009d30:	d014      	beq.n	8009d5c <submit_to_queue_locked+0x4a>
			*queuep = work->queue;
 8009d32:	68a3      	ldr	r3, [r4, #8]
 8009d34:	602b      	str	r3, [r5, #0]
			ret = 2;
 8009d36:	2602      	movs	r6, #2
		int rc = queue_submit_locked(*queuep, work);
 8009d38:	4621      	mov	r1, r4
 8009d3a:	6828      	ldr	r0, [r5, #0]
 8009d3c:	f7fc fdf6 	bl	800692c <queue_submit_locked>
		if (rc < 0) {
 8009d40:	2800      	cmp	r0, #0
 8009d42:	db11      	blt.n	8009d68 <submit_to_queue_locked+0x56>
	*flagp |= BIT(bit);
 8009d44:	68e3      	ldr	r3, [r4, #12]
 8009d46:	f043 0304 	orr.w	r3, r3, #4
 8009d4a:	60e3      	str	r3, [r4, #12]
			work->queue = *queuep;
 8009d4c:	682b      	ldr	r3, [r5, #0]
 8009d4e:	60a3      	str	r3, [r4, #8]
	if (ret <= 0) {
 8009d50:	b136      	cbz	r6, 8009d60 <submit_to_queue_locked+0x4e>
 8009d52:	4630      	mov	r0, r6
	return ret;
 8009d54:	e00a      	b.n	8009d6c <submit_to_queue_locked+0x5a>
			*queuep = work->queue;
 8009d56:	6883      	ldr	r3, [r0, #8]
 8009d58:	600b      	str	r3, [r1, #0]
 8009d5a:	e7e6      	b.n	8009d2a <submit_to_queue_locked+0x18>
		ret = 1;
 8009d5c:	2601      	movs	r6, #1
 8009d5e:	e7eb      	b.n	8009d38 <submit_to_queue_locked+0x26>
 8009d60:	4630      	mov	r0, r6
 8009d62:	e001      	b.n	8009d68 <submit_to_queue_locked+0x56>
		ret = -EBUSY;
 8009d64:	f06f 000f 	mvn.w	r0, #15
		*queuep = NULL;
 8009d68:	2300      	movs	r3, #0
 8009d6a:	602b      	str	r3, [r5, #0]
}
 8009d6c:	bd70      	pop	{r4, r5, r6, pc}
	int ret = 0;
 8009d6e:	2000      	movs	r0, #0
 8009d70:	e7fa      	b.n	8009d68 <submit_to_queue_locked+0x56>

08009d72 <finalize_flush_locked>:
{
 8009d72:	b508      	push	{r3, lr}
	*flagp &= ~BIT(bit);
 8009d74:	68c3      	ldr	r3, [r0, #12]
 8009d76:	f023 0310 	bic.w	r3, r3, #16
 8009d7a:	60c3      	str	r3, [r0, #12]
	k_sem_give(&flusher->sem);
 8009d7c:	3010      	adds	r0, #16
	z_impl_k_sem_give(sem);
 8009d7e:	f7fb fd3f 	bl	8005800 <z_impl_k_sem_give>
};
 8009d82:	bd08      	pop	{r3, pc}

08009d84 <z_work_submit_to_queue>:
{
 8009d84:	b510      	push	{r4, lr}
 8009d86:	b082      	sub	sp, #8
 8009d88:	9001      	str	r0, [sp, #4]
 8009d8a:	4608      	mov	r0, r1
  __ASM volatile ("MRS %0, basepri" : "=r" (result) );
 8009d8c:	f3ef 8411 	mrs	r4, BASEPRI
  __ASM volatile ("MSR basepri_max, %0" : : "r" (basePri) : "memory");
 8009d90:	2310      	movs	r3, #16
 8009d92:	f383 8812 	msr	BASEPRI_MAX, r3
 8009d96:	f3bf 8f6f 	isb	sy
	int ret = submit_to_queue_locked(work, &queue);
 8009d9a:	a901      	add	r1, sp, #4
 8009d9c:	f7ff ffb9 	bl	8009d12 <submit_to_queue_locked>
  __ASM volatile ("MSR basepri, %0" : : "r" (basePri) : "memory");
 8009da0:	f384 8811 	msr	BASEPRI, r4
 8009da4:	f3bf 8f6f 	isb	sy
}
 8009da8:	b002      	add	sp, #8
 8009daa:	bd10      	pop	{r4, pc}
