:020000040800F2
:10000000C02F0020553700088387000841370008BB
:100010004137000841370008413700080000000060
:1000200000000000000000000000000095370008FC
:1000300041370008000000007D390008ED4D000840
:10004000153A0008153A0008153A0008153A000854
:10005000153A0008153A0008153A0008153A000844
:10006000153A0008153A0008153A0008153A000834
:10007000153A0008153A0008153A0008153A000824
:10008000153A0008153A0008153A0008153A000814
:10009000153A0008153A0008153A0008153A000804
:1000A000153A0008153A0008153A0008153A0008F4
:1000B000153A0008153A0008153A0008153A0008E4
:1000C000153A0008153A0008153A0008153A0008D4
:1000D000153A0008153A0008153A0008153A0008C4
:1000E000153A0008153A0008153A0008153A0008B4
:1000F000153A0008153A0008153A0008153A0008A4
:10010000153A0008153A0008153A0008153A000893
:10011000153A0008153A0008153A0008153A000883
:10012000153A0008153A0008153A0008153A000873
:10013000153A0008153A0008153A0008153A000863
:10014000153A0008153A0008153A0008153A000853
:10015000153A0008153A0008153A0008153A000843
:08016000153A0008153A0008E9
:1001800030B490F800F020F007016FF0000C10F090
:10019000070491F820F040F048804FF000046FF021
:1001A0000700D1E9002391F840F000F1080082FA3D
:1001B0004CF2A4FA8CF283FA4CF3A2FA8CF34BBB08
:1001C000D1E9022382FA4CF200F10800A4FA8CF281
:1001D00083FA4CF3A2FA8CF3E3B9D1E9042382FA4F
:1001E0004CF200F10800A4FA8CF283FA4CF3A2FA64
:1001F0008CF37BB9D1E9062301F1200182FA4CF29C
:1002000000F10800A4FA8CF283FA4CF3A2FA8CF302
:10021000002BC6D0002A04BF04301A4612BAB2FA24
:1002200082F200EBD20030BC7047D1E9002304F029
:100230000305C4F100004FEAC50514F0040F91F85E
:1002400040F00CFA05F562EA05021CBF63EA0503FB
:1002500062464FF00004AAE7844641EA000313F027
:1002600003036DD1403A41D351F8043B40F8043BBD
:1002700051F8043B40F8043B51F8043B40F8043B80
:1002800051F8043B40F8043B51F8043B40F8043B70
:1002900051F8043B40F8043B51F8043B40F8043B60
:1002A00051F8043B40F8043B51F8043B40F8043B50
:1002B00051F8043B40F8043B51F8043B40F8043B40
:1002C00051F8043B40F8043B51F8043B40F8043B30
:1002D00051F8043B40F8043B51F8043B40F8043B20
:1002E00051F8043B40F8043B403ABDD2303211D3C0
:1002F00051F8043B40F8043B51F8043B40F8043B00
:1003000051F8043B40F8043B51F8043B40F8043BEF
:10031000103AEDD20C3205D351F8043B40F8043BBF
:10032000043AF9D2043208D0D2071CBF11F8013BBD
:1003300000F8013B01D30B8803806046704700BF83
:10034000082A13D38B078DD010F003038AD0C3F192
:100350000403D21ADB071CBF11F8013B00F8013B74
:1003600080D331F8023B20F8023B7BE7043AD9D333
:10037000013A11F8013B00F8013BF9D20B78037008
:100380004B7843708B788370604670477BB972B945
:100390000029BEBF00204FF0004106E008BF002842
:1003A0001CBF6FF000414FF0FF3000F057B8ADF1C7
:1003B000080C6DE904CE002909DB002B1ADB00F0E4
:1003C00062F8DDF804E0DDE9022304B07047404242
:1003D00061EB4101002B1BDB00F055F8DDF804E078
:1003E000DDE9022304B0404261EB4101524263EB7C
:1003F00043037047524263EB430300F044F8DDF8D7
:1004000004E0DDE9022304B0404261EB41017047A2
:10041000524263EB430300F036F8DDF804E0DDE917
:10042000022304B0524263EB4303704753B94AB905
:10043000002908BF00281CBF4FF0FF314FF0FF30EC
:1004400000F00CB8ADF1080C6DE904CE00F01BF81B
:10045000DDF804E0DDE9022304B07047704700BF17
:10046000430803F05533C01A00F03333800800F01E
:100470003330184400EB10104FF0013300F00F3010
:100480005843000E70472DE9F0478C468E46089E73
:10049000154604461946002B40F0D080724547D9D6
:1004A000B2FA82F74FB1C7F120030EFA07FC20FA27
:1004B00003F3BD4043EA0C0CBC404FEA154EA8B212
:1004C000BCFBFEF8230C0EFB18CC08FB00F943EA3A
:1004D0000C43994528D9EB1808F1FF3204D299450D
:1004E00002D9A8F102022B44A3EB0903A4B2B3FB87
:1004F000FEFC0EFB1C330CFB00F044EA0344A0425C
:1005000014D92C190CF1FF3304D2A04202D9ACF15A
:1005100002032C44241A43EA02401EB1FC4000238B
:1005200034607360BDE8F0874246DDE76346F1E77B
:10053000002A79D0B2FA82F3002B3FD01946C1F1DC
:10054000200302FA01F52EFA03F20EFA01FE20FA58
:1005500003F343EA0E034FEA154E00FA01F4B2FB2F
:10056000FEFCAFB20EFB1C201A0C0CFB07F842EA93
:10057000004290455AD9AA180CF1FF3004D2904598
:1005800002D9ACF102002A44A2EB08029BB2B2FBF2
:10059000FEFC0EFB1C220CFB07F743EA02439F42C2
:1005A00046D9EB180CF1FF3204D29F4202D9ACF1CC
:1005B00002022B44DB1B42EA004202E0AEEB0203E4
:1005C00001224FEA154EAFB2B3FBFEFC200C0EFB2E
:1005D0001C330CFB07F840EA034398452AD9EB1873
:1005E0000CF1FF3004D2984502D9ACF102002B4443
:1005F000A3EB0803A4B2B3FBFEFC0EFB1C330CFB05
:1006000007F744EA0344A74216D92C190CF1FF332B
:1006100004D2A74202D9ACF102032C44E41B43EA02
:1006200000400F46114678E71F2188E76046ABE798
:100630006246BFE76046DBE76346EFE7734506D9EE
:1006400016B9002108466DE7C6E9000EF9E7B3FACE
:1006500083F787B9734501D3824207D8841A6EEBBA
:10066000030301209C461EB900215BE73846FAE7E8
:10067000C6E9004CF8E7C7F1200CBB4022FA0CF5A4
:100680001D4320FA0CF12EFA0CF30EFA07FE41EA94
:100690000E014FEA154900FA07F4B3FBF9F81FFA07
:1006A00085FE09FB18300B0C08FB0EFA43EA0043E9
:1006B0009A4502FA07F240D9EB1808F1FF3004D24C
:1006C0009A4502D9A8F102002B44A3EB0A0389B290
:1006D000B3FBF9F809FB183308FB0EFE41EA0341AE
:1006E0008E452CD9691808F1FF3304D28E4502D902
:1006F000A8F10203294443EA0040A0FB0298A1EBC1
:100700000E014145CE46434602D306D14C4504D2A4
:10071000B9EB020E68EB05030138002EA4D0B4EB50
:100720000E0261EB030101FA0CFC22FA07F34CEA1A
:100730000303F940C6E9003196E74046C5E7434662
:10074000D9E7000030B589B00023019302930393E9
:10075000049305930DF11E030393022304934FF0BA
:10076000FF324FF0FF33264805F086F81EE025489B
:1007700007F01CFA09B030BD069B1C44224D4FF017
:10078000FF324FF0FF33284604F064FF00F020FFF3
:10079000204600F035FF284604F0DCFF06991B4890
:1007A00007F004FA4FF4FA7007F074F800220023FF
:1007B000174805F061F80028DCD0012302930C23D0
:1007C0008DF8143000238DF81530124883685B686B
:1007D00001A998470028CAD1BDF91E3042F2107015
:1007E00000FB03F406930C4A06AB911F0B4807F07D
:1007F00034F80028C0D00A4807F0D8F9BAE700BF9B
:100800000802002098A400087C010020C8A4000869
:1008100080020020C89F00086AB40008150C000878
:10082000A8A4000838B54FF0FF324FF0FF33164848
:1008300005F022F804E0154B1C60162007F02AF89A
:1008400000220023124805F017F80028EBD0114DC4
:100850004FF0FF324FF0FF33284604F0FBFE00F06C
:1008600041FF0446284604F075FF002CE3DD074BEA
:100870001B68A342DFD0084804F0C2FF21460748A6
:1008800007F094F9D7E700BFD8010020540F0020EB
:10089000680200207C01002050020020E0A4000833
:1008A00038B54FF0FF324FF0FF33394804F0E4FF22
:1008B00000220023374804F0DFFF0028F1D0364C37
:1008C0004FF0FF324FF0FF33204604F0C3FE00F03C
:1008D0007FFE204604F03EFF09F073F90022431822
:1008E00052D213442D4CA4FB032525F0030202EB46
:1008F00095029B1AC01A61F100014FF0CC3200FB47
:1009000002F204FB0122A0FB043422445B0843EA08
:10091000C273520822490B604A602248016840684D
:100920005B1A62EB0002002099182FD201441B4889
:10093000A0FB014525F0030404EB9504091B5B1A99
:1009400062F100024FF0CC3103FB01F100FB021217
:10095000A3FB003002445B0843EAC2735208124C06
:10096000236062600C4D4FF0FF324FF0FF3328469A
:1009700004F070FE206800F043FE284604F0EAFE12
:100980000A2006F087FF93E70122AAE70120CDE7BE
:10099000A8010020380200207C010020CDCCCCCC66
:1009A000F0060020F8060020E8060020F8B54FF019
:1009B000FF324FF0FF33654804F05EFF1FE0012275
:1009C00082E0002000F026FD614804F0C3FE84F0C0
:1009D0000104642006F05EFF0135092D0CDC4FF0A8
:1009E000FF324FF0FF335A4804F034FE002CE8D0B9
:1009F000072000F00FFDE7E7564804F001FF4FF035
:100A0000FF364FF0FF37524C32463B46204604F04B
:100A100021FE00F035FD204604F09CFE4E4807F014
:100A2000C5F832463B46204604F014FE032000F091
:100A3000E7FD204604F08EFE4FF47A7006F02AFFA0
:100A400032463B46204604F005FE00F019FD022028
:100A500000F0D6FD204604F07DFE4FF47A7006F0DB
:100A600019FF32463B46204604F0F4FD00F008FD35
:100A7000012000F0C5FD204604F06CFE4FF47A70B2
:100A800006F008FF32463B46204604F0E3FD00F046
:100A9000F7FC204604F05EFE06F0E6F82F4A82FBE3
:100AA0000032C317C3EBA21340F6B83202FB1303A4
:100AB00003F57A702A4B186006F0ECFE09F081F815
:100AC00000224318BFF47BAF1344264AA2FB034520
:100AD00025F0030404EB95041B1B0024C01A61F1EC
:100AE00000014FF0CC3300FB03F302FB0133A0FB0A
:100AF00002021344400840EAC3705B081A4A1060BF
:100B000053601A4804F07CFE194804F079FE194835
:100B100004F076FE4FF0FF364FF0FF3732463B468B
:100B2000154804F0A9FE154804F06AFE144804F0C4
:100B300067FE074D32463B46284604F08BFD00F029
:100B40009BFD284604F006FE254646E7C00100202E
:100B50007C01002020020020F8A40008F11976058D
:100B6000500F0020CDCCCCCCF8060020A8010020EE
:100B7000D8010020900100205002002038020020FF
:100B80006802002038B54FF0FF324FF0FF331E48A7
:100B900004F072FE2FE01D4D4FF0FF324FF0FF3397
:100BA000284604F057FD00F067FD0121204600F0C3
:100BB0007BFD284604F0CEFD322006F06BFE0134AA
:100BC000072CE8DD072414E0104D4FF0FF324FF002
:100BD000FF33284604F03EFD00F04EFD0121204683
:100BE00000F062FD284604F0B5FD322006F052FE0A
:100BF000013C002CE8DA00220023054804F03CFE0A
:100C00000028C0D00024DBE7900100207C010020F8
:100C10002002002070B582B08446084614461D4666
:100C20001B68DA174FEAEC7103FB01F10CFB0211B0
:100C3000A3FB0C3C614400930191694603F07EF9EB
:100C40000646F8B9019AC4F12001B4F12000009BD6
:100C500023FA04F302FA01F143EA010302D442FA4F
:100C600000F0034322410093019213F1004342F14B
:100C700000024FF0FF3199424FF00003934104D33B
:100C8000009B2B60304602B070BD024806F09CFF0E
:100C9000F6E700BF38A5000808B5084806F086FF4B
:100CA000074806F083FF074806F080FF064806F075
:100CB0007DFF064806F07AFF08BD00BF5CA500086E
:100CC00070A500088CA50008B0A50008D8A50008EC
:100CD00070B501252F4B1D702F4C4FF0FF324FF098
:100CE000FF33204604F0B6FC00F072FC73210020B4
:100CF00000F0B0FB7721284600F0ACFB7921022000
:100D000000F0A8FB6D21032000F0A4FBED210420DE
:100D100000F0A0FB204604F01DFD04E01F4B1C600A
:100D2000142006F0B7FD1B4B1B7893B31A4D4FF000
:100D3000FF324FF0FF33284604F08CFC00F0D2FC69
:100D40000446284604F006FD002CE7DD134B1B6823
:100D5000A342E3D02E464FF0FF324FF0FF33284638
:100D600004F078FC601EC0B200F054FB00F030FCD0
:100D7000651E284600F044FC304604F0EBFC294692
:100D8000074806F013FF012CC8D0024B00221A704E
:100D9000C4E770BD0C1100207C010020540F00201E
:100DA00004A6000810B5114C4FF0FF324FF0FF338E
:100DB000204604F04FFC00F00BFC7621002000F0F0
:100DC00049FB7921012000F045FB1C21022000F0A5
:100DD00041FB3821032000F03DFBBF21042000F03F
:100DE00039FB204604F0B6FC10BD00BF7C0100209A
:100DF00038B50125374B1D70374C4FF0FF324FF09F
:100E0000FF33204604F026FC00F0E2FB73210020B3
:100E100000F020FB7721284600F01CFB79210220FE
:100E200000F018FB6D21032000F014FBED210420DD
:100E300000F010FB3F21052000F00CFBBE21062036
:100E400000F008FBFF21072000F004FB204604F01F
:100E500081FC04E0214B1C60142006F01BFD1D4B9F
:100E60001B78ABB31C4D4FF0FF324FF0FF332846D9
:100E700004F0F0FB00F036FC0446284604F06AFC5F
:100E8000002CE7DD154B1B68A342E3D04FF0FF3287
:100E90004FF0FF33284604F0DDFB00F099FB2046BD
:100EA00000F0AEFB284604F055FC21460C4806F045
:100EB0007DFE082CCED1074B00221A70074B1C6018
:100EC000084806F073FE4FF4FA6006F0E3FCC1E751
:100ED00038BD00BF0C1100207C010020540F002001
:100EE000E0A400081CA60008F0B583B00BE1C348DD
:100EF00006F05CFE03B0F0BDC14806F057FE13E1FA
:100F00002146C04806F052FEF4E7BF4E4FF0FF32D4
:100F10004FF0FF33304604F09DFB0121284600F0DE
:100F2000C3FB304604F016FC322006F0B3FC01355A
:100F3000072DEADDB54806F039FE4FF4FA7006F0E9
:100F4000A9FC12E0B04D4FF0FF324FF0FF332846BE
:100F500004F080FB0021204600F0A6FB284604F0A8
:100F6000F9FB322006F096FC0134072CEADDA84894
:100F700006F01CFE4FF0FF364FF0FF37A24C324612
:100F80003B46204604F066FB0121032000F08CFB69
:100F9000A04806F00BFE42F2B82000F031FB9E485C
:100FA00006F004FE204604F0D5FBC82006F072FCD3
:100FB00032463B46204604F04DFB00F009FB20463C
:100FC00004F0C8FBC82006F065FC32463B462046CC
:100FD00004F040FB00F050FB904806F0E7FD20468F
:100FE00004F0B8FB4FF4FA7006F054FC32463B466E
:100FF000204604F02FFB40F2D24000F001FB88486D
:1010000006F0D4FD0121052000F04EFB854806F0D6
:10101000CDFD204604F09EFB4FF4487006F03AFCEC
:1010200032463B46204604F015FB00F029FA7E4884
:1010300006F0BCFD204604F08DFB4FF4FA7006F07C
:1010400029FC7A4806F0B2FDFFF726FE08E0FFF71C
:101050003FFEFFF721FE764B1C60142006F01AFCC1
:10106000744B1B78002B48D0674D4FF0FF324FF088
:10107000FF33284604F0EEFA00F034FB044628461D
:1010800004F068FB002CE6DD694B1B68A342E2D04C
:10109000631E042B2BD801A252F823F04F10000836
:1010A000B1100008C3100008CD100008DB100008C4
:1010B000FFF778FE4FF4FA6006F0ECFBFFF7ECFD6B
:1010C000C9E7FFF795FEFFF7E7FDC4E75A4804F0CC
:1010D00097FB584B00221A70BDE7584806F066FD92
:1010E000574804F08DFB534B00221A70B3E7554864
:1010F00006F05CFDFFF7D0FDADE74FF0FF304FF09D
:10110000FF3104F0B3FF504806F050FD4F4808F09F
:1011100001FB00283FF4EBAE4C4883681B684C4948
:10112000984700287FF4E8AE374D4FF0FF324FF07C
:10113000FF33284604F08EFA464806F037FD464B4A
:10114000464C474A92E803008DE803000CCB94E834
:10115000030000F0ABF904460146424806F026FDC4
:10116000284604F0F7FA404806F020FD002C7FF4F2
:10117000C7AE3E4806F01AFD4FF0FF364FF0FF377E
:10118000214D32463B46284604F064FA072000F021
:1011900041F9374806F00AFD364800F031FA364882
:1011A00006F004FD284604F0D5FA40F2DC5006F0C3
:1011B00071FB32463B46284604F04CFA7721022068
:1011C00000F048F92D4806F0F1FC284604F0C2FA78
:1011D0004FF47A7006F05EFB32463B46284604F038
:1011E00039FAFF21002000F035F9284604F0B2FA60
:1011F0004FF47A7006F04EFB254699E664A6000887
:1012000078A60008C4A600087C01002028A70008D2
:1012100030A7000838A7000840A700084CA700081E
:1012200058A7000860A7000868A7000874A700086E
:10123000540F002018010020C0010020B0A70008B2
:1012400008020020C0A7000844A60008C89F0008A4
:101250006AB400088CA600087CB4000884B40008B6
:1012600074B400089CA60008B4A60008F0A6000804
:10127000FCA600084E61BC0010A700081CA70008CF
:1012800070B506464FF40031104806F03BFB0025D0
:1012900019E00F4C0022217BA06806F06CFB46FA97
:1012A00005F202F00102217D206906F064FB0120B5
:1012B00008F007FA0122217BA06806F05CFB012000
:1012C00008F0FFF90135072DE3DD70BD10070020A0
:1012D0000007002070B505460E46144C0022217907
:1012E000206806F048FB4420FFF7CAFF012221795D
:1012F000206806F040FB012008F0E3F90022217984
:10130000206806F038FB05F00F0040F0C000FFF742
:10131000B7FF3046FFF7B4FF01222179206806F0BD
:101320002AFB322008F0CDF970BD00BF0007002075
:1013300070B54FF48031144806F0E4FA00252E46CB
:1013400009E0124B0122197B986806F014FB01207A
:1013500008F0B7F90135072D13DC0C4C0022217B76
:10136000A06806F008FB012008F0ABF9217D206998
:1013700006F0DFFA0028E4D00123AB401E43F6B2AA
:10138000DFE7304670BD00BF1007002000070020D7
:1013900010B582B01E4B00221979186806F0EBFADE
:1013A0004220FFF76DFF002407E0FFF7C1FF04F1C3
:1013B00008036B4403F8040C0134032CF5DD144CD2
:1013C00001222179206806F0D6FA4FF4003104F1A9
:1013D000100006F097FA0023184600E00133032BB3
:1013E00014DC03F108026A4412F8042C12F0010F15
:1013F00003D0012199400843C0B212F0100FEDD084
:10140000191D01228A401043C0B2E7E702B010BDA7
:101410000007002038B50E4B1B7E9BB10446072801
:1014200013D80B4D00222979286806F0A4FA44F05D
:101430008800FFF725FF01222979286806F09BFA2A
:10144000002038BD6FF00400FBE76FF01500F8E7EF
:101450000007002008B5094B1B7E43B1072809D8B7
:10146000400000F0FE00FFF735FF002008BD6FF0E0
:101470000400FBE76FF01500F8E700BF000700204D
:10148000094B1B7E13B110B5002408E06FF0040077
:10149000704700212046FFF71DFF0134E4B20F2CF6
:1014A000F7D9002010BD00BF0007002030B585B07F
:1014B0000DF1080C8CE80300CDE900233D4A9CE8BF
:1014C000030082E8030002F10805DDE9000185E878
:1014D000090002F1100308A903C983E803000024EE
:1014E00014765476947608F06CFB431859D2234452
:1014F000314AA2FB034525F0030404EB95041B1BB2
:10150000C01A61F100014FF0CC3300FB03F302FB82
:101510000133A0FB02021344400840EAC3705B0899
:10152000244A10625362106808F0F4F800283AD098
:10153000204B986808F0EEF8A8B31E4B186908F025
:10154000E9F880B31D4806F031FB1A4D4FF4D01175
:10155000284606F0D7F90446194806F027FB4FF451
:10156000D01105F1080006F0CDF90443154806F046
:101570001DFB4FF4D01105F1100006F0C3F9044330
:10158000114806F013FB8CB901222A76FFF778FF89
:101590000E4806F00BFB0420FFF73CFF204605B089
:1015A00030BD0124A3E76FF01204F7E76FF00404E5
:1015B000F4E700BF00070020CDCCCCCC18A8000871
:1015C0001CA8000820A8000824A8000828A80008D3
:1015D0000A4B1B7E13B110B500240AE06FF0040023
:1015E00070476000002100F0FE00FFF773FE013439
:1015F000E4B2072CF5D9002010BD00BF0007002081
:10160000194B1B7E53B370B50446184B984223D830
:10161000FFF7DEFF0725164BA3FB0423DB081E465E
:1016200003EB8303A4EB4303124AD15C2846FFF784
:1016300011FF23463446013D092B12D9002DEADA69
:10164000002070BD40212046FFF704FF0134072C25
:10165000F8DD6FF01500F4E70024F8E76FF0040000
:1016600070470020EDE700BF00070020FFE0F50510
:10167000CDCCCCCC8CB400080A4B1B7E13B110B57A
:1016800000240AE06FF00400704760000130002180
:10169000C0B2FFF71FFE0134E4B2072CF5D90020D9
:1016A00010BD00BF0007002008B50D4B1B7E6BB1BD
:1016B00007280ED801290FD840000130003918BF83
:1016C0000121C0B2FFF706FE002008BD6FF0040044
:1016D000FBE76FF01500F8E76FF01500F5E700BFC6
:1016E000000700202A4B1B7E002B4CD010B5FFF7C3
:1016F0004FFE044608F065FA034600205A182FD220
:1017000002442448A0FB02CE2EF0030C0CEB9E0CEE
:10171000A2EB0C029B1A61F100014FF0CC3203FBEB
:1017200002F200FB0122A3FB003002445B0843EA03
:10173000C273520819461648407EA04212D014497E
:101740004C760B624A62124B9A7EFAB1002007284F
:1017500017DC22FA00F313F0010F10D10130F6E785
:101760000120CDE70A48036A406AC91A62EB000209
:101770001E2972F10002E6DB054B9C76E3E701309F
:1017800000E0002010BD6FF0040070470020F9E772
:1017900000070020CDCCCCCC2DE9F04F91B00592C4
:1017A0000393134602F004020092C3F3C20210F046
:1017B0000303019340F01B82074689460132041D52
:1017C000002848D0072940F21582039B5D1EDDF8F2
:1017D00004B0CDF810B0CDF818B000264FF0FF3AA5
:1017E0004FF00408CDF808B0C3460FB1039B236047
:1017F000531E0793002A40F35D81059B13F00202FC
:1018000026D00120E11B8B081AB1B1F5007F80F0D2
:10181000F78102990F2900F2F681002F00F05B8119
:10182000DBB201F140026A4402F8103C02F820AC3D
:10183000002800F04C8163F07F0301F140026A440C
:1018400002F8103C049B01330493029B0133029382
:10185000043400223EE001F007031C44C3F10809F0
:10186000B3E7002635E0002633E0002631E04FF0F4
:101870000808C3462DE025292BD10AF1010A0126CB
:101880004FF00408C34624E04729ECD82A2912D394
:101890002A39C9B2012000FA01F14FF6DA7001428B
:1018A00017D111F0625F40F0C38011F0010F40F0DA
:1018B0008D8000260DE0252903D10AF1FF3A00268C
:1018C00007E0D2D8202904D0232902D0002600E046
:1018D00000261D466B1C6978002900F01581002E3A
:1018E000C9D07A29BDD84C29CED34C392E29EFD86E
:1018F00001A050F821F000BFD3180008D11800084B
:10190000D1180008D1180008D1180008D118000813
:10191000D1180008D1180008D1180008D118000803
:10192000D1180008D1180008C5190008D1180008FE
:10193000D1180008D1180008D1180008D1180008E3
:10194000D1180008D1180008D1180008311A000871
:10195000D1180008C5190008C5190008311A000877
:10196000311A0008311A0008D3180008C5190008F8
:101970006F180008D1180008D3180008D118000803
:101980008F1A0008C51900088F1A0008D11800081E
:10199000D1180008991A0008BD190008C5190008D7
:1019A000D1180008D1180008C5190008D11800087E
:1019B000B51900084FF00408C3468AE74FF0040841
:1019C000C34686E729786C2924D000264444013C8C
:1019D000B4FBF8F408FB04F427B1E11B5944494572
:1019E00000F20B81002A5DD1BBF1040F00F084806E
:1019F000BBF1080F40F00A811A99073121F0070165
:101A000001F108001A90D1E900010FB1C4E9000109
:101A100008345EE713F8021C6C2904D000264FF04E
:101A20000408C346D2E700264FF00808C346CDE7B6
:101A300029784C291BD01A99073121F0070101F1AF
:101A400008001A90D1E90001073424F0070447B1D7
:101A5000E61B08364E4514D82D784C2D14D0C4E919
:101A60000001083400264FF00808C34631E71A99F0
:101A7000073121F0070101F108001A90D1E90001B6
:101A8000E2E76FF01B00AFE0C4E90001E9E70026E0
:101A90004FF00408C34699E7324600264FF0040889
:101AA000C34693E71A9A111D1A9112680392079A76
:101AB0001D469AE65B4B039A9A4203D35A4B9A42CD
:101AC000FFF49BAE059B03F0020200209AE6069B02
:101AD00001330693B9E610B109F10109B5E6009B9F
:101AE00013B109F10209B0E60398FEF749FB09EBCF
:101AF000000303F10209A8E61A99081D1A90096863
:101B000007B121600434E4E6DDF808B0E31BB3F567
:101B1000806F7ED287B100223A609B083B70009BA9
:101B200073B1069BFB70049BBB700BBB019DDDF882
:101B300010A0DDF80C803AE04B44A3F1080053E01C
:101B4000069B7B70EFE701339B45EFD903F1400221
:101B50006A4412F8101C12F9102C002AF3DA01F072
:101B60007F01E21B01324A4556D804F8011BEAE71F
:101B7000019BE9E7009B3BB305F140036B4413F87D
:101B8000203C04F8013B019EE31B334401334B45E9
:101B900045D805F140036B4413F8103C04F8013BB1
:101BA000324641462046FEF757FB34440135AB45EB
:101BB00019D9BAF1000FDDD005F140036B4413F9D8
:101BC000103C002BD6DAF1E705F140036B4413F823
:101BD000103C57F82380002247F823204046FEF7A8
:101BE000CFFA461CD0E7E01B11B0BDE8F08F6FF0D4
:101BF0000D00F9E76FF01B00F6E76FF01B00F3E74D
:101C00006FF01500F0E76FF01500EDE76FF01500CD
:101C1000EAE76FF01500E7E76FF01B00E4E76FF00D
:101C20001B00E1E7B49D000810BA00082DE9F04F51
:101C300097B000AF8346BA617B61D7F88030C3F3B9
:101C4000C0033B62F96011B905F028FFF8609BF80A
:101C50000260B14636B1D7F8803013F0010F29D1B8
:101C6000002300E000239BF803207A6222B1D7F81A
:101C7000802012F0020F00D1F3B19BF80050AA00AF
:101C8000BA60DBF804203A610BEB8505BA69FAB15A
:101C9000002B40F00581B9F1000F00F00F81D7F85B
:101CA000803013F0040F00F00C81FE61002607F174
:101CB0003400F9E00123D6E7BB691BB17A69F96802
:101CC00058469847FC6820465C37BD46BDE8F08F13
:101CD000FC68E3B94D4400237B6123E004440135F3
:101CE00001364E451AD22A7800235BF82220194685
:101CF000B86905F0E8FEBAF1000FEFD0D7F88830E8
:101D00009845EBD22AF8180008F10108E6E700260A
:101D1000C7F81C80B046D7F884A0E2E7C7F8148063
:101D2000D7F81C80D7F8803003F00503FB604FF034
:101D3000000AA146C7F81CB09CE000253B6A7BB9AD
:101D4000002D79D0D7F8803013F0010F79D1FB68DE
:101D5000002B6FD10223A9EB030988E00125EDE7F1
:101D60005946386905F0F5FE0028E9D06C46002395
:101D700087F82C30022387F82D308AB0694611F19C
:101D8000100237D012251AB1042D01DDB14B4B6181
:101D9000002387F82830022387F829306ABB112DE9
:101DA00045DD122362B1042087F82C00002087F85B
:101DB0002D0087F82E00012087F82F00F86A0861AF
:101DC00028F0010828F0020828F0040828F0380854
:101DD000022161F38818C3F30A0363F35328C8F39D
:101DE0001308002341469C4800F056FDA546A9F182
:101DF00002093CE06FF00045C5E72B46082D01DDE8
:101E0000386988610C2B01DDC1F81CB001F1200399
:101E1000002009E000F1300C07F1280EF4441CF812
:101E200030CC03F801CB01300128F3D9B7E76FF0CC
:101E30001B03B7E701238EE7D7F8803013F0020FBA
:101E400015D0002322461946B86905F03CFED7F8A4
:101E5000843053B17B69D7F88820934205D2D7F8F4
:101E6000842022F8130001337B61013881440AF198
:101E7000010A35467B6A9A4510D22E4616F802BBF7
:101E80006B78FA6952F82340744B9C42FFF455AFCB
:101E9000734B9C42FFF462AF00254FE74C4612E7BC
:101EA00007F144000023FB614A462946FEF7D4F9B6
:101EB0004D444FF00008C7F804901BE00026FE6177
:101EC000F6E70026FE61F3E700253B6A33BB002DF1
:101ED0003BD0D7F8803013F0010F26D0731C06F1E9
:101EE000300207F12801561806F8149CDEB208F1FA
:101EF000010825467B6A98454AD22C4614F802AB65
:101F000095F801905BF82930544A9342DCD3544A47
:101F1000934201D30025D8E70125D6E75146386919
:101F200005F017FE0028D2D0E1E7D7F8803013F093
:101F3000040FDCD0FA69531C303207F128010A443F
:101F400002F8249CDBB2FB61D1E7D7F8803013F0B4
:101F5000020F09D0731C06F1300207F12801561850
:101F600006F8149CDEB2C2E7F869431C00F13001A8
:101F700007F128028A1802F824AC02460232D2B2D3
:101F8000FA6107F1580252FA83F303F8249CAEE792
:101F9000D7F804909BF8003087F854309BF8013054
:101FA000334487F85530D7F8803013F0020F0ED144
:101FB000FB69C3F3470387F85730D7F8803013F035
:101FC000010F06D113F0040F3ED1002302E00023DD
:101FD000F1E7002387F85630DBF800003863786DAE
:101FE000CBF80000D7F814804246B9685846D7F8B5
:101FF00018A0D047041EFFF666AE386BCBF8000081
:10200000C7F814804246F96907F13400D047002828
:102010005FDB04EB0008B96849447B6A01EB4301CC
:10202000D7F814904A46FB68591A2846D047041E30
:10203000FFF649AE08EB04054FF00008C7F824B0DE
:10204000B3465446CA4622E0FB69C3E74FF0000995
:102050000AE000BF34A80008D4A30008B49D00081B
:1020600010BA00084FF000095246012107F12C0078
:10207000A04700282FDB05444B46324651462046F8
:1020800005F021FD002828DB054408F10108D845AA
:1020900018D208F1300307F12802134413F8143C56
:1020A00087F82C307A6A52F82360D7F88430002BF6
:1020B000CCD0D7F888309845D4D2D7F8843033F8CC
:1020C0001890D1E77A6900210846BB6998472C46E9
:1020D000F9E50446F7E50446F5E50446F3E500BFF7
:1020E000014B1860704700BFC000002080B5054656
:1020F0000E461746984604F019F8034601F09AFC7C
:102100000446DFF8189049F8003042463946304618
:10211000A84754F8090001F017FC00BF10000000A8
:10212000034A536823F0020353600020704700BF46
:10213000002004E008B50B4641680C31012B14D097
:102140000AD833B90F4B9B685B68C3B10D489847F9
:1021500007E06FF0850004E0023BDBB2012B01D801
:10216000002008BD6FF08500FBE7064B9B681B68ED
:1021700013B104489847F4E76FF05700F1E76FF0A8
:102180005700EEE75C9E000808B5024906F031F8FA
:1021900008BD00BF3521000810B5192808D8064B26
:1021A00053F82040204607F0B5FA18B1204610BD7C
:1021B0000024FBE70024F9E738B50008084B1A684B
:1021C00042F480721A601A6842F400721A601A6847
:1021D00042F480621A60034B034A1A60704700BFE2
:1021E000003C0240080100200024F40038B50546F8
:1021F0000B4C00E010340B4B9C420FD263685B79B0
:10220000002BF7D02946204606F0F0F80028F1D040
:1022100023681B68294620469847EBE738BD00BF76
:1022200034A4000844A4000870B506460D46084CC6
:1022300000E01034074B9C4208D223689B69002BB6
:10224000F7D02A46314620469847F2E770BD00BFD6
:1022500034A4000844A4000808B507F0B2FC00222A
:10226000431819D213440D4AA2FB03CE2EF0030CDF
:102270000CEB9E0CA3EB0C03C01A61F100014FF0B4
:10228000CC3300FB03F302FB0133A0FB0202134437
:10229000400840EAC37008BD0122E3E7CDCCCCCCB6
:1022A0002DE9F041074605460AE007EA0807144B06
:1022B00003EB06135B6804221968204606F0D6F883
:1022C000D5B195FAA5F6B6FA86F60D4C04EB0614D0
:1022D0000123B3406FEA030825EA0305237B002BA3
:1022E000EED03301064AD3581B69002BDDD02046BF
:1022F00098470028E4D1D8E73846BDE8F08100BF10
:1023000034A400082DE9F04180460F461F4BBFF36F
:102310005B8F53E8005F6A1C43E800210029F8D175
:10232000BFF35B8F6DBB1A4C002607E06368042285
:102330001968204606F09AF801361034154B9C4275
:1023400011D2237B002BF7D0204606F043F82368F8
:102350001B69002BEAD0204698470028E6D00123CD
:10236000B3401D43E8E7B8F1000F0BD055B1284644
:10237000FFF796FF0546002FF8D00A2006F038F840
:10238000F4E700252846BDE8F08100BFEC0F0020EF
:1023900034A4000844A4000808B5064B186018B11E
:1023A000054B1B68092B00DC08BD044803F028FA24
:1023B000FAE700BFE00F0020E80F0020F001002046
:1023C00008B5024803F01CFA08BD00BFF001002068
:1023D00030B589B000220F490F4807F0F6FB0F4DCA
:1023E00000220023CDE90623002404940E23039346
:1023F0000294019400940A4B4FF440720949284614
:1024000007F00FFA0849284603F06CFA204609B095
:1024100030BD00BFC1230008E80B002028070020C2
:10242000C1270008C01E00208CA90008014B53F8EA
:1024300020007047B4B5000848B108B5054A1060DF
:10244000054B1960084600F021FD002008BD6FF023
:1024500015007047C4000020DC0F002008B5054BB4
:102460001B781BB1034B01221A7008BD024803F010
:10247000C7F9F7E70D110020F001002008B5104B57
:10248000BFF35B8F53E8001F013143E80012002ABD
:10249000F8D1BFF35B8F30B90A4804F0CBF90A4892
:1024A00003F0AEF908BD094BBFF35B8F53E8001F83
:1024B000013943E80012002AF8D1BFF35B8FEBE744
:1024C000E40F0020E80B0020F0010020E80F0020BE
:1024D000064B0022BFF35B8F53E8000F43E8002157
:1024E0000029F9D1BFF35B8F704700BFE40F0020D4
:1024F00038B5FFF7EDFF0546094C00E01034094BF5
:102500009C420BD263685B79002BF7D023685B6831
:10251000002BF3D0294620469847EFE738BD00BF8F
:1025200034A4000844A40008034B18680028D4BF52
:1025300000200120704700BFE40F002010B5044CBC
:102540000449204605F0A3FC034B1C6010BD00BFEE
:1025500038010020A0B50008D80F002008B50023DE
:102560000C4A13700C4A13600C4A13604FF47A71D2
:102570000B48FFF761FFFFF7E1FF0A4A06E0094B4E
:10258000D31A1B11013351680B711032064B9A425A
:10259000F5D308BD0E110020E40F0020E80F002045
:1025A0005922000834A4000844A4000808B50146D4
:1025B000014805F02DFF08BD3801002008B502488C
:1025C00005F048FD08BD00BF3801002008B50146F0
:1025D000024B186805F022FF08BD00BFD80F00208D
:1025E00008B5024805F01EFF08BD00BF38010020F5
:1025F00010B582B000220023CDE90023304B1878BB
:1026000008B902B010BD684605F024FF044680B149
:10261000FFF7ECFD2046FFF7D9FF2A4BBFF35B8F96
:1026200053E8001F013943E80012002AF8D1BFF334
:102630005B8FFFF779FF70B9234A1368516813F570
:102640007A7341F1000113605160A4B3FFF7C8FF32
:1026500098B30120D5E707F0B4FA0022431828D236
:1026600013441A4AA2FB03CE2EF0030C0CEB9E0C73
:10267000A3EB0C03C01A61F100014FF0CC3300FB57
:1026800003F302FB0133A0FB02021344400840EABB
:10269000C3705B080C490A684968801A63EB010340
:1026A00040F2E932904273F10003C5D3FFF720FFF7
:1026B000C2E70122D4E70020A3E70020A1E700BF82
:1026C0000D110020E80F0020E00B0020CDCCCCCC79
:1026D0000F4B1B7803B1704710B500210120FFF7A5
:1026E00011FE0C4C00E010340B4B9C4208D2636886
:1026F0005B79002BF7D023689B6820469847F2E768
:10270000FFF776FF0028FBD1014B01221A7010BDA4
:102710000E11002034A4000844A4000810B582B0B3
:102720001A4BBFF35B8F53E8002F511C43E8001096
:102730000028F8D1BFF35B8F154B1B7863B9154B9D
:102740001B68B3B1BAB1092A13D1134804F072F867
:10275000124803F055F80CE0EFF31184102383F3D3
:102760001288BFF36F8FFFF743FF84F31188BFF325
:102770006F8F02B010BD00220023CDE9002342F28A
:1027800010720023044804F01BF8F2E7E80F002061
:102790000E110020E00F0020E80B0020F0010020C7
:1027A00010B50446044B1B689847A06021460348B7
:1027B00005F054FE10BD00BFC40000203801002009
:1027C0002DE9F04100210846FFF79CFD804650B1FD
:1027D0004FF4FA76002701F02DF9154B1858FFF742
:1027E000DBFD002515E04FF0FF364FF0FF37F2E735
:1027F0004046FFF755FD804670B94FF0FF364FF069
:10280000FF3709E02C4632463B460A4803F034F8CD
:102810002546B8F1000FEBD1FFF7EAFE0446002889
:10282000F6D1002DEED000210846FFF7FDFCEAE7C7
:1028300010000000F00100200248034BC01AC0083D
:10284000704700BF34A40008CCA3000810B50C46A4
:10285000FFF7F2FFA04203D9024B53F8340010BD3A
:102860000020FCE7CCA3000800B589B005920693D0
:102870000023079362B1074A0C9B02930B9B0193C1
:102880000A9B009305ABFFF7D1F909B05DF804FB93
:102890000022F1E7838400082DE9F04F8BB004AFEC
:1028A00005461E468846C1F34A24002C00F0898064
:1028B00091460022FA603A617A6104230293FB1880
:1028C00001930A23009307F10C0321464846FFF7C2
:1028D000ADF9B0F5006F58D3D9F804106D46002358
:1028E0003B7302237B738AB004AC14F1100217D03F
:1028F00012201AB1042801DD3B4B636100233B70B9
:1029000002237B70CAB10346082800DDA1610C2BAD
:1029100002DD40F2FF73E36104F1200300210AE0CD
:102920006FF00040E5E701F118063E4416F8186C18
:1029300003F8016B01310129F5D9112822DD122399
:1029400042B10421397300217973B9730121F973FC
:10295000F8682061002121F0010121F0020121F03D
:10296000040121F03801022060F38811C3F30A0347
:1029700063F353210023C1F313011C4805F004FE47
:10298000AD462DE06FF01B03DAE760F35328C0F388
:102990000A0A0AEB1850173020F007008008FFF7EA
:1029A00005FE8346B0B104230293FB1801930A236A
:1029B0000093534600F1100221464846FFF754FFAA
:1029C00008E004EB1154173424F00704A008FFF7C3
:1029D000EDFD8346334642462946584605F06AFDDA
:1029E0001C37BD46BDE8F08FA4A90008E4A3000889
:1029F0002DE9F04F85B081460E4690461F46DDF822
:102A000038B0DDF840A0BAF1000F41D0119B03931C
:102A1000009353460F9A10210020FEF7BDFE054695
:102A2000B0F5006F2CD20BEB0500173020F007003B
:102A30008008002424F0010424F0020424F004049B
:102A400069F3C50468F3881465F353246BF31F54CA
:102A5000FFF7ACFD804650B11030BAF1000F06D040
:102A6000119B009353460F9A2946FEF795FE3B466D
:102A700022463146404605F01DFD05B0BDE8F08F09
:102A800040F2FF73034A0221034805F065FDF4E7B5
:102A90000025C8E7E4A90008E4A30008406820B1C5
:102AA000034BC01A40F3CF0070474FF0FF30704720
:102AB000CCA300080EB400B582B0014603AB53F8B6
:102AC000042B0193034801F0BDF802B05DF804EB5C
:102AD00003B07047BF85000810B584B011F0440FF3
:102AE00005D01A4B1B6833B9002004B010BD18493B
:102AF000FFF7E0FFF9E717490968B2FBF1F2B2FB13
:102B0000F3FC03FB1C224FF47A7E0EFB02F2B2FBB5
:102B1000F3F403FB14210EFB01F1B1FBF3F10E4AB8
:102B2000A2FB0C32D20A4FF4616303FB12CC0B4BB5
:102B3000A3FB0CE35B0902910194C3EB0311ACEB23
:102B4000810100910649FFF7B5FFCEE7F40F0020A1
:102B50001CAA0008F00F0020C5B3A29189888888BC
:102B600028AA000861B108B52AB1064A52F8232004
:102B700012B9054A00E0044A0449FFF79BFF08BD6B
:102B8000704700BFECB5000844AA00084CAA000832
:102B90002DE9F04105461746079EDDF8208081B9F2
:102BA00000242EB1324611492846FFF783FF044422
:102BB000B8F1000F14D06FB10B9B042B13D00C494C
:102BC00009E00C4B0B9A53F822200B49FFF772FFD8
:102BD0000446E6E7064942462846FFF76BFF0444F1
:102BE0002046BDE8F0810549F5E700BF64AA00086A
:102BF00054AA000800B600085CAA000850AA000801
:102C00002DE9F04F89B005460C46069207939DF8D2
:102C1000587001F0020B01F0010AC1F3C00801F481
:102C2000807905F021FC38B3024618492846FFF7A1
:102C300041FF0646BBF1000F20D13A4651462846D7
:102C400005F0E8FCB9F1000F01D0002313930597BC
:102C50009DF854300493149B0393139B0293129B8F
:102C6000019300230093069A41462846FFF790FF00
:102C7000304409B0BDE8F08F0026DBE7079A214613
:102C80002846FFF729FF0644D7E700BF68AA0008D7
:102C900011F0100F0BD108B511F0200F03D004492B
:102CA000FFF708FF08BD0349FFF704FFFAE7704785
:102CB0006CAA000870AA00082DE9F04105460F46ED
:102CC000164698460699FFF7E3FF002404E02549DD
:102CD0002846FFF7EFFE01344445F8DB002409E005
:102CE00020492846FFF7E6FE0BE01F492846FFF77C
:102CF000E1FE01340F2C0CDC002C02DD14F0070F78
:102D0000EED0B442F1D23A5D18492846FFF7D2FE20
:102D1000EFE717492846FFF7CDFE002409E01149E7
:102D20002846FFF7C7FE0BE012492846FFF7C2FE10
:102D300001340F2C13DC002C02DD14F0070FEED051
:102D4000B44207D23A5D0C4B9B5C13F0970FEBD16A
:102D50002E22E9E703492846FFF7ACFEE8E7BDE885
:102D6000F08100BF74AA000880AA000878AA0008B1
:102D700084AA000888AA000810B900082DE9F041CB
:102D800086B004469DF838500F9F119E95B9012BCF
:102D900021D01A484FF0000827B13B462246184977
:102DA00004F0A7FEDEB91DBB204605F0F1FB06B01E
:102DB000BDE8F08104959DF8340003900C980290D2
:102DC000019300920B46002212992046FFF718FF4C
:102DD00080460C48E0E70B484FF00008DCE7129B08
:102DE0000093434632461099204605F02BFCDAE763
:102DF0002A461299204605F019FCD5E7F785000808
:102E0000453C0008BF8500082DE9F04383B0064625
:102E1000056842F20F738B4228BF0B46184A052102
:102E2000684603F085FF04467368D3F804900B27C7
:102E3000DFF8508005E04A4639464046A8473F1A29
:102E40008044002FF7D17368D3F804806F4605E003
:102E5000424621463846A847241A0744002CF7D199
:102E600073685F681B24084E05E03A4621463046E9
:102E7000A847241A0644002CF7D103B0BDE8F0831C
:102E80007CAB0008E0B50008C4B50008074B012280
:102E90001A6004E04008054A13685B001360044BA5
:102EA0009842F7D8034B1860704700BFF00F00201E
:102EB00040420F00F40F002070B506460D46002476
:102EC00005E0315D044883685B6898470134AC4293
:102ED000F7D3284670BD00BF909F0008014B0360E8
:102EE0000020704748B6000808B50348034A121A84
:102EF000002105F038FC08BD9802002014110020C4
:102F000008B50648064A121A064905F030FC06487C
:102F1000064A121A064905F02AFC08BD00000020E6
:102F20009802002010BA00080000002000000020D5
:102F300010BA00082DE9F04182B000AF0446D0F885
:102F400000E0D0F804C085686E468AB06B4613F185
:102F5000100200F0888014218AB10846042903DD9C
:102F6000DFF81C81C3F81480082801DDC3F818E0DD
:102F70000C2801DDC3F81CC0102800DD1D621329D8
:102F800074DD14253AB10521397100217971B971C7
:102F9000F97178681861002121F0010121F0020126
:102FA00021F0040121F03801012363F38811C5F3F6
:102FB0000A0565F35321C1F3130100233148FFF7DC
:102FC0006BFCB546D4F80CC026696569E8468AB042
:102FD0006B4613F110024CD0142182B1084604292B
:102FE00003DDDFF8A4E0C3F814E0082801DDC3F82E
:102FF00018C00C2800DDDE61102800DD1D621329D9
:103000003ADD14253AB10521397100217971B97180
:10301000F97178681861002121F0010121F00201A5
:1030200021F0040121F03801012666F38811C5F36F
:103030000A0565F35321C1F31301124D00232846FD
:10304000FFF72AFCC546E369104A3146284605F0D9
:1030500083FAA3690E4A3146284605F07DFA0837FF
:10306000BD46BDE8F0816FF0004175E76FF01B05CC
:1030700088E76FF00041B0E76FF01B05C2E700BFC3
:10308000CCAA000804A40008FCAA00082CAB000885
:103090003CAB000838B504460D4611B10846FFF7B1
:1030A00049FF012C04D02946204602F093F838BD90
:1030B000EFF30583103B034A0121034805F04CFA66
:1030C000F1E700BF6CAB000804A4000830BFFFF7B5
:1030D000FDBF00BF38B50446054D2A460549FDF73A
:1030E000BBF8054A0021601903F066FD38BD00BF3A
:1030F0000800000088A400080400000070B506461F
:10310000064D074B1D444C1B2046FFF7E3FF083CD0
:10311000C6F8A84005F1080070BD00BF0800000017
:10312000040000008169104B5A6942F480725A61B0
:10313000BFF34F8FBFF36F8F31F8021C5A6922F42F
:1031400080725A61BFF34F8FBFF36F8F01F47F43DB
:10315000B3F55F4F01D000207047C9B2022901D0FA
:10316000002070470120704700ED00E04FF0000C98
:1031700083F800C002F07F4CBCF17F4F14D102F005
:103180000C0CBCF1080F04D012F0080F09D008464F
:10319000704708B5054A0121054805F0D3F900201C
:1031A00008BD01221A7070470020704780AB0008EC
:1031B00004A4000808B52B4A01212B4805F0C2F9E8
:1031C0002A4B9B6A13F0007F21D11D20274B9B6A5D
:1031D00013F0807F22D1254B9B6A13F4002F24D15A
:1031E000224B9B6A13F4802F26D1204B9B6A13F449
:1031F000003F28D11D4B9B6A13F4803F2AD11B4A04
:10320000936A6FEA03436FEA1343936208BD184A57
:103210000121154805F096F91E20D7E7154A01212E
:10322000114805F08FF91F20D5E7134A01210E48F8
:1032300005F088F92120D3E7104A01210A4805F05A
:1032400081F92220D1E70E4A0121074805F07AF9D9
:103250002320CFE70B4A0121034805F073F924200E
:10326000CDE700BFACAB000804A4000800ED00E00F
:10327000C4AB0008D8AB0008F4AB000814AC0008DD
:103280003CAC000858AC000808B500230B70034A9A
:103290000121034805F056F908BD00BF84AC0008C1
:1032A00004A4000890B583B000AF0F2923DC2F4C95
:1032B000103900233B7102237B718AB0EC461CF16C
:1032C00010021AD0122022B1042802DD284BCCF8BB
:1032D000143000233B7002237B70E2B103460828C0
:1032E00001DDCCF818400C2B01DDCCF81C100CF1E2
:1032F000200300210DE01F4CDAE76FF00040E2E709
:1033000001F1080404EB070E1EF808EC03F801EBCA
:1033100001310129F4D9112824DD12234AB10421F5
:10332000397100217971B9710121F9717868CCF88E
:103330001000002121F0010121F0020121F004011F
:1033400021F03801012060F38811C3F30A0363F30D
:103350005321C1F3130100230748FFF79DFA0C37EF
:10336000BD4690BD6FF01B03D8E700BFA8AC0008B6
:10337000DCAC0008C0AC000804A40008F8B50546A1
:103380000F461446374A0121374805F0DBF8374B22
:103390009B6A13F4805F25D11626344B9B6A13F485
:1033A000006F26D1314B9B6A13F4007F28D12F4B3D
:1033B0009B6A13F4806F3FD12C4B9B6A13F4807F80
:1033C00041D12A4B9B6A13F4005F43D1274A936A89
:1033D00043F47F4393620121284605F0D8F9207019
:1033E0003046F8BD224A01211F4805F0ABF81726E8
:1033F000D3E7204A01211C4805F0A4F81826D1E79C
:103400001D4A0121184805F09DF8184A936B926AED
:1034100012F4004F01D11926C9E7184A01211248B8
:1034200005F09AF837B1114A936A23F40043936286
:103430001926BCE71926BAE7114A01210A4805F006
:1034400081F81A26B8E70F4A0121074805F07AF8F3
:103450001B26BBE70C4A0121034805F073F81C2624
:10346000B4E700BFF0AC000804A4000800ED00E0E1
:1034700008AD00081CAD000830AD00084CAD0008D8
:1034800064AD000880AD000898AD00082DE9F0415A
:1034900004460F461546464A0121464805F052F8B3
:1034A000454B9B6A13F0100F3CD11026424B9B6A90
:1034B00013F0080F3DD1404B9B6A13F0020F3FD130
:1034C0006FF015083C4B9B6A13F0010F58D13A4B33
:1034D0009B6A13F0200F5AD1374B9B6A13F0100FE1
:1034E00004D1354B9B6A13F0020F04D0324B5B685A
:1034F00013F4006F52D1304B9B6A13F0200F04D0AD
:103500002D4A536A23F4005353622B4A936A43F0C3
:10351000FF0393620121204605F039F928703046F7
:10352000BDE8F081254A0121224805F00BF811265B
:10353000BCE7234A01211F4805F004F81226BAE728
:10354000204A01211B4804F0FDFF1B4BD3F83480B7
:103550009B6A13F0800F03D16FF015081326B1E7B3
:103560004346194A0121134804F0F6FF37B1124AC5
:10357000936A23F0800393621326A3E71326A1E73F
:10358000124A01210B4804F0DDFF14269FE7104A80
:103590000121084804F0D6FF15269DE72146404644
:1035A00005F02DF90028A6D080F309880226A2E7AD
:1035B000C8AD000804A4000800ED00E0E0AD00087C
:1035C0001CAD000814AE00082CAE000844AE000884
:1035D00098AD000870B506460D462B4A01212B48D0
:1035E00004F0B0FF00232B70294BDC6A14F00204B6
:1035F0000AD1274BDB6A002B0DDB254BDC6A14F06C
:1036000080440ED1204670BD224A01211F4804F09B
:1036100099FF0024F6E7204A01211C4804F092FF9C
:10362000F0E71E4A0121194804F08CFF3046FFF7ED
:1036300079FD98B9164B9B6A13F0FF0F16D1144B06
:103640009C6A14F47F4418D1114B9B6AB3F5803FF8
:10365000D8D33046FFF7AEFD0446D3E73368104AAF
:1036600001210A4804F078FF3468CBE72A4601219B
:103670003046FFF70BFF0446C4E72A4601213046D7
:10368000FFF77CFE0446BDE764AE000804A4000812
:1036900000ED00E07CAE0008A0AE0008B0AE00086F
:1036A000D0AE000830B58BB01E4B5D68C5F3080581
:1036B000002383F31188BFF36F8F0DF12603FFF70B
:1036C00055FD04460DF12702294605F062F89DF8E4
:1036D00027300BB10BB030BD05460DF1040C20684E
:1036E0006168A268E368ACE80F0020696169A269BB
:1036F000E369ACE80F009DF826304BB1089BC3F39B
:1037000008024AB96FEA53236FEA4323089303E0A0
:10371000089B6FF30803089301A92846FFF7BAFC3A
:10372000D8E700BF00ED00E0044B5A6942F01002F8
:103730005A615A6922F008025A61704700ED00E0B0
:10374000EFF30880EFF3098101B57246FFF7AAFF96
:1037500001BD00BF0C4880F3088800200B490870A9
:10376000102080F311880A484FF40461401880F358
:103770000988EFF314800221084380F31488BFF313
:103780006F8F00F049F80000C02F002010110020BA
:10379000002200201EF0040F0CBFEFF30880EFF3AF
:1037A0000980816911F8021C0229FFD001B5724617
:1037B00004F0E1FF01BD00BF002807DB00F01F029D
:1037C000400901239340024A42F82030704700BF6D
:1037D00000E100E0002808DB0901C9B200F1604007
:1037E00000F5614080F80013704700F00F000901F8
:1037F000C9B2014B1954704714ED00E0044B23F09B
:103800007F03044A9360BFF34F8FBFF36F8F7047FE
:103810000000000800ED00E008B5FFF7EFFF0B4ADD
:10382000D2F8883023F47003C2F88830EFF31483A1
:1038300023F0040383F31488BFF36F8FFFF754FB67
:10384000FFF75EFB00F0CCF801F0C6FE00ED00E0F3
:10385000104B9B68BBB110F1160F0BD0D3F898201A
:10386000A2F1400C844510D8824210D98A4207D870
:1038700000207047D3F898208A4201D80020704772
:10388000D3F8980070470020704700207047002050
:10389000704700BFD010002010B4A2F120040E49E0
:1038A00042F8081C21F0010142F8081C42F8203CB3
:1038B000019B42F81C3C029B42F8183C039B42F8D7
:1038C000143C4FF0807342F8043C04650023C0F8B8
:1038D000AC3010BC704700BFED20000808B50E46A4
:1038E00015460C4A9060D0F8A8200B4B1A6000F0E7
:1038F000B5F82C4686F309880020044B98472046EB
:10390000002100220023024C204700000D880008FF
:10391000ED200008D010002028100020014B1022BC
:103920001A61704700ED00E0054B5A699B689A42A6
:1039300004D0044A536843F080535360704700BF7B
:10394000D010002000ED00E008B50A4B9B688342D0
:1039500002D002F0F1FB08BDEFF30583002BF8D095
:10396000054B5A6842F080525A605A6A22F400426B
:103970005A62EEE7D010002000ED00E015498A6899
:103980004FF030001044EFF3098C80E8F01F102056
:1039900080F31288BFF36F8F0F4F4FF000664A69B4
:1039A0008A603E60D2F8A8000C4C2060D2F8AC00CF
:1039B0000023C2F8AC3080F3118804B5104600F043
:1039C0004DF8BDE8044002F1300090E8F01F8CF3A0
:1039D00009887047D010002004ED00E02810002076
:1039E000002206E003F00F030949194410230B7667
:1039F0000132492A0ADC53B2002BF3DB03F16043A6
:103A000003F56143102183F80013F1E7704700BF0D
:103A1000FCEC00E008B5EFF30583103B044A02EB31
:103A2000C301496852F833008847FFF77DFF08BD9E
:103A3000E49F00080148006870470000281000203B
:103A400008B5034B034A0121034805F01EF808BDE1
:103A5000008001200000002048B6000808B5D0F81A
:103A60009830403B0448036040234360034B83602D
:103A7000012105F00EF808BD2C10002000000B15E8
:103A8000084AC2F898000B6823F01F03034343F071
:103A90001003C2F89C308B6843F00103C2F8A030D9
:103AA000704700BF00ED00E010B504460A4BD3F8A4
:103AB0009030C3F30723013B984203D8FFF7E0FFA0
:103AC000204610BD0346054A0121054804F044FD87
:103AD0006FF01500F5E700BF00ED00E0F0AE000864
:103AE000FCA300082DE9F84380460F469946164688
:103AF000002509E02146F0B204F0ADFE064610F1C3
:103B0000160F1AD001360135BD4216DA05EB450411
:103B100008EB84046268002AF5D0B9F1000FE9D0FF
:103B2000204604F087FE0028E4D12B46044A0121F8
:103B3000044804F011FD6FF015063046BDE8F88327
:103B400018AF0008FCA3000810B5034C012322782D
:103B5000FFF7C8FF207010BD0F11002008B500232B
:103B60000B4A1278FFF7BEFF10F1160F0FD0024676
:103B700006E0084BC3F898200021C3F8A0100132DA
:103B8000044BD3F89030C3F307239342F1DC08BD14
:103B90000F11002000ED00E0044B0522C3F8942033
:103BA000BFF34F8FBFF36F8F704700BF00ED00E092
:103BB000BFF35F8F024B0022C3F89420704700BF11
:103BC00000ED00E038B51C4B1D681C4BD3F890305D
:103BD000C3F307239D422BD8FFF7EAFF002409E037
:103BE000154B5B6804EB440103EB81012046FFF7B2
:103BF00047FF0134A542F3D81148057004F04AFE8E
:103C000010F1160F13D00E4B1A780C4BD3F89030DE
:103C1000C3F307239A4207DA084BC3F89820002120
:103C2000C3F8A0100132F0E7FFF7B6FF002038BD5F
:103C30004FF0FF30FBE700BF54B6000800ED00E096
:103C40000F11002070B586B006460D461146684635
:103C50000024009401940294039404940594022295
:103C60008DF80220044A0192049605951A4603F045
:103C700011F906B070BD00BF9B8A000808B5024B61
:103C80001B689847002008BD38100020034B1860BF
:103C9000034A937843F00203937070473810002072
:103CA000D000002008B5064921F00701C1F10052FB
:103CB00002F5C032034803F09EFE002008BD00BF9D
:103CC000473400203C10002000B583B0094B93E836
:103CD000030002AB03E90300074B9B681B682BB191
:103CE00069460548984703B05DF804FB6FF057003C
:103CF000F9E700BF90A400085C9E000808B500F03A
:103D00001F02012393401F2806D8074A5269934394
:103D10000CBF0120002008BD0346044A01210448CD
:103D200004F01AFC0020F6E7003C014050AF000808
:103D3000DCA3000808B500F01F02012393401F28F0
:103D400003D8064A5361002008BD0346044A0121F6
:103D5000044804F001FC6FF01500F5E7003C014059
:103D600050AF0008DCA30008002399420ADD10B41C
:103D700000EB030C044C04F80C2001339942F7DCEF
:103D800010BC7047704700BFE0000020F8B5074640
:103D9000002401E00134E4B27B78A34217D93D78D6
:103DA00066193046FFF7AAFF0028F3D03046FFF728
:103DB000C1FF074B53F83620002AEBD006F01F0551
:103DC00003EBC60359680120A8409047E2E7F8BD1D
:103DD000481000205FFA81FC0CF102020A4B53F8F4
:103DE00022200B0C22EA114193FAA3F34BB1B3FA50
:103DF00083F3984001430CF1020C034A42F82C1063
:103E000070472023F5E700BF00380140C3B20233FA
:103E1000074A52F82320030C02EA104093FAA3F356
:103E20001BB1B3FA83F3D84070472023FBE700BFF0
:103E30000038014008B5034668B1B0FA80F2C2F11B
:103E40001F02D2B205498856054A11680B43136018
:103E500004F0C4FC08BDFF22F4E700BFE00000202E
:103E6000003C0140024A136823EA000313607047D4
:103E7000003C0140032926D8DFE801F0020C151EA2
:103E8000114B9A6822EA00029A60DA6822EA00027C
:103E9000DA6070470C4B9A6802439A60DA6822EA4B
:103EA0000002DA607047084BDA680243DA609A6809
:103EB00022EA00029A607047034B9A6802439A60B4
:103EC000DA681043D8607047003C014010B498B1E4
:103ED000B0FA80F3C3F11F03DBB29C460D4850F8E3
:103EE000330088420AD088B90A4B43F83C1003EBF0
:103EF000CC035A6010BC7047FF23EEE7054C04EB7F
:103F0000C3035B689342EED10020F3E76FF00F002C
:103F1000F0E700BF4810002060B1B0FA80F3C3F1B1
:103F20001F03DBB2044A002142F8331002EBC30244
:103F300051607047FF23F5E748100020142817D878
:103F400038B502460C460C4B13F8101000252068BB
:103F5000A1FB000C03EB42035A782B46D4F804E093
:103F600001FB0EC1FCF712FAC4E90001284638BD76
:103F70006FF01500704700BF90B6000870B5446838
:103F80001A4B9D682B6843B304F108011748984702
:103F9000064610BB94F8453013F0010F07D004F12A
:103FA0001001AB69E3B1002210489847C0B994F8FA
:103FB000453013F0020F07D004F11801AB6993B13B
:103FC00000220A48984770B9236A09494A6822F4CE
:103FD000403213434B60304670BD6FF00406FAE781
:103FE0006FF00406F7E76FF00406F4E75C9E000844
:103FF000002301402DE9F04147680369D7F80080AC
:10400000D3F8B85000260EE004EB44021E3A44EA0E
:10401000025297F94230012B1AD00123A34025EA1E
:1040200003050136F6B225B395FAA5F4B4FA84F483
:104030000DB94FF0FF340134E4B2013CE4B2092C75
:10404000E2D804EB440244EA025242F00072E0E794
:104050000C4B53F82610404604F0D6FD0A4B53F89B
:104060002630D8F82C2022F470021343C8F82C30E4
:10407000D3E7D8F8043043F48073C8F80430002044
:10408000BDE8F08178B7000838B700084900036838
:1040900013B19B8903FB0111C3688B4201D300203C
:1040A000704700B583B00091044A0121044804F030
:1040B0005EFA6FF00B0003B05DF804FB94AF0008EC
:1040C000CCA3000870B544682568002300E00133E4
:1040D00094F940209A4205DD91F810C0A06AC05CB6
:1040E0008445F4D19A420AD06A6802F04072E16ACB
:1040F0009E0051F82330934209D1002070BD0B4A35
:1041000001210B4804F01EFA6FF01500F6E70021BC
:10411000284604F04BFD0028F0D1E36A9B596A68F9
:1041200022F0407213436B60E8E700BFBCAF0008A9
:10413000CCA3000810B5446821B30A4643F6FF73C8
:10414000994221D08B0B032B0CD10020072811DCC6
:1041500000F1180334F8133043F44043934210D075
:104160000130F3E7094A0121094804F0EBF96FF047
:10417000150006E0074A0121054804F0E3F96FF055
:10418000150010BD0020FCE70720FAE7D0AF0008BB
:10419000CCA30008F8AF000870B50D464468266847
:1041A0001146FFF7C7FF002817DB94F941303BB1F8
:1041B000002B19DB013BDBB2012B15D800200CE0F2
:1041C000092D0BD805EB450345EA035343F0007175
:1041D0000246304604F039FD002070BD05EB450372
:1041E0001E3B45EA0351F3E7034A0121034804F06B
:1041F000A9F96FF01500F0E71CB00008CCA3000887
:1042000008B5436893F8453013F0100F03D10B79CC
:1042100013F0200F0DD10B78092B12D14B78042B02
:1042200017D10B794A8803F01F01FFF7B5FFC0B91A
:1042300008BD104A0121104804F084F96FF0150000
:10424000F6E70E4A01210C4804F07CF96FF01500E6
:10425000EEE70B4A0121084804F074F96FF01500ED
:10426000E6E7084A0121044804F06CF96FF01500F4
:10427000DEE700BF54B00008CCA3000884B00008FB
:104280009CB00008B8B0000800B583B00346083001
:10429000D3F8903063332CBF4FF0010C4FF0000C7B
:1042A000C3F31302190D41EA0C311144104AA2FB69
:1042B00001E2D20802EB820202EB82028A1A9B1A06
:1042C0006CF1000C0B490C4A03FB02F201FB0C22BF
:1042D000A3FB01310A449B0843EA827392080093CE
:1042E00001920022002302F06BFA03B05DF804FB98
:1042F0001F85EB51295C8FC2F5285C8F2DE9F041B9
:1043000007460D4643680669D3F800808B68C6F8F7
:10431000AC304868C6F8B800FCF7A2F8C0B286F81E
:10432000BC00002386F8BD302B7C86F8B430002812
:1043300038D010283ED829463846FFF7C3FE041E61
:1043400041DB3846FFF756FE041E42DB96F8BC10F0
:104350002846FFF79BFE0446002840D16B7C002BCB
:1043600043D1AB7C002B48D1404604F00EFC6FF0EB
:104370002003C8F80030D8F8083043F48063C8F848
:104380000830D8F8043043F02003C8F80430294638
:10439000304604F08EFC304604F0BAFC0446204659
:1043A000BDE8F081194A0121194804F0CBF86FF0FB
:1043B0001504F4E71023174A0121154804F0CCF83E
:1043C0006FF01504EBE7144A0121114804F0BAF824
:1043D000E5E7124A01210E4804F0B4F8DFE7104A7D
:1043E00001210B4804F0AEF8D9E70E4A0121084834
:1043F00004F0A8F86FF08504D1E70B4A01210448C6
:1044000004F0A0F86FF08504C9E700BFD0B0000841
:10441000CCA30008E8B0000814B1000838B10008C7
:1044200058B100086CB1000888B10008F8B50569FA
:1044300046683768C5F8A800FF2385F8BE3085F8C0
:10444000BF30FFF79BFD0021706A04F0B1FC041E31
:104450000CDB736803B198470121384604F0A6FBD2
:10446000284604F09DFC00242046F8BD14F1020FFC
:10447000EFD02346024A0121024804F06DF8F3E729
:10448000A4B10008CCA3000870B5044606694368CF
:104490001D682B6813F0200F15D12B6813F0020F45
:1044A00010D0EA6CD6F8AC30991CC6F8AC101A8063
:1044B00096F8BD300133DBB286F8BD3096F8BC20EB
:1044C000934209D070BD6FF020032B60064A012192
:1044D000064804F037F8E0E7002386F8BD302146AF
:1044E000304604F0B1FCEDE7C4B10008CCA30008ED
:1044F00008B50248FFF7C8FF08BD00BFC89F000805
:104500000C4B1B6813F0020F09D10A4A136843F0E1
:1045100001031360074B1B6813F0020FFAD0054A22
:10452000936823F003039360024B9B6813F00C0F16
:10453000FAD17047003802400C4B1A6842F48022CE
:104540001A601A6842F480321A60084B1B6813F430
:10455000003FFAD0054A536F43F001035367034B02
:104560005B6F13F0020FFAD0704700BF00380240B3
:10457000F8B50C461546424B1E680221304604F041
:10458000AFFC07460121304604F0AAFC2388C3F3A0
:104590000B010B46442929D809B2002968D0013BF8
:1045A000432B68D8DFE803F03D53565A5D3F496717
:1045B0006767676767676767676767676062676797
:1045C000676767676767676767676767676767677B
:1045D00067676767676767356767673567676737FF
:1045E00067676767676767396767673BA8290DD1A2
:1045F0002E602368B3F5805F40D32A68C3F313337A
:104600000133B2FBF3F22A60002036E06FF0850040
:1046100033E02E60EDE72E60EBE72F60E9E72860DE
:10462000E7E72E60E5E700F0CFF804234FF4A87227
:10463000082104F04EFC2860DBE700F0C5F80723F2
:104640004FF4A872082104F044FC2860D1E700234D
:104650002B60CEE74FF4FA432B60CAE700232B60B0
:10466000C7E7084B2B60C4E72E60C2E72E60C0E7A7
:104670006FF0850001E06FF08500F8BD0020FCE7D9
:104680000801002000127A0008B51B4B9B6803F05C
:104690000C03082B27D0184A136823F0807313608B
:1046A000154B1B6813F0007FFAD1144AD2F8043876
:1046B00023F4403343F48033C2F80438D2F804388A
:1046C00023F0706343F0E063C2F8043800F080F830
:1046D000094A136843F080731360074B1B6813F09B
:1046E000007FFAD008BDFFF70BFF034A936823F061
:1046F000F0039360CFE700BF003802400030024073
:10470000162806D8064BC34013F0010F04D0002032
:1047100070476FF0850070476FF08500704700BFED
:10472000EA00600038B500F077F8234C204604F02A
:1047300054FC00F055FC214B9B68C3F30313204A43
:10474000D35C20FA03F513781C41A5422CD3FFF764
:10475000F3FEFFF799FF194A936823F0F003936083
:10476000936823F0030343F002039360134B9B68A9
:1047700003F00C03082BF9D1A54219D2114B0E4AB4
:104780001A600E4B9A6822F4E05242F480529A600A
:104790009A6822F460429A60D3F88C2022F08072EA
:1047A000C3F88C20002038BD204600F087FCCEE7FF
:1047B000204600F083FCE1E700BD0105003802401F
:1047C0005CB80008080100200048704700127A0019
:1047D00008B504F003FC0C4B59680C4A0A4040F43D
:1047E000A84141F008010A435A605A6822F4403255
:1047F00042F480325A605968054A0A40054901432B
:104800000A435A6008BD00BF003802400080BFFF65
:104810000080BFF00854000782B0064B1A6C42F0CB
:1048200080521A641B6C03F080530193019B02B009
:10483000704700BF0038024010B504460A2806D071
:10484000E1B2064883685B689847204610BD03487C
:1048500083685B680D219847F2E700BF909F0008CE
:1048600010B5044C2046FFF711FA2046FDF738FC3E
:1048700010BD00BF3948000808B5054804F04AFFDC
:1048800018B1FFF7EDFF002008BD6FF01200FBE745
:10489000909F00082DE9F84380460F4616461C46B7
:1048A000D0F80490D9F8080004F04FF9B6F5001FCD
:1048B0000ED00546B6F5800F2AD0B4F1806F0ED029
:1048C000B4F1C06F0DD0B4F1007F24D1022609E00D
:1048D0003946D9F8080004F055FC002415E00126FB
:1048E00000E0032642460F492846FFF7EFFA044648
:1048F000A0B9D9F80810384604F02CF931462846FA
:10490000FFF7B8FA2846FFF795FA2046BDE8F88386
:104910006FF08504F9E76FF01504F6E76FF00F0408
:10492000F3E700BFA790000810B50446B2F5004FAA
:104930002FD04FF0000C48184CEB0C0C40184CF1E9
:10494000000C4FEACC0C4CEA507CC00040184FEAF7
:1049500083024FEA93734CF10001FBF767FD244992
:10496000A1FB00235B091A0192B24FF0640C0CFB0F
:1049700013031B013233A1FB0313C3F34F1303F0E3
:10498000F0010A4492B203F00F0313449BB2A360F8
:1049900010BD4FF0000C48184CEB0C02401842F1CF
:1049A0000002D20042EA5072C000401842F10001F9
:1049B000DA184CEB0C03FBF739FD0D49A1FB002382
:1049C0005B091A0192B24FF0640C0CFB1303DB007D
:1049D0003233A1FB0313C3F34F13590001F4F871F1
:1049E0000A4492B203F0070313449BB2A360CFE7DB
:1049F0001F85EB5108B5024A04F019FD08BD00BF40
:104A00009D94000808B5024A04F02BFD08BD00BFC4
:104A1000A394000810B543685868196983681B6837
:104A200023B19847044618B9204610BD6FF05704CB
:104A3000024A0121024803F085FDF5E780B2000833
:104A40002CA400082DE9F04184B000AF4368D3F8EE
:104A50000080002900F0A88005460E4658681969B4
:104A60008368DB68002B3FD007F10C029847041ED7
:104A70003CDBD8F80C3023F40043C8F80C30FC6859
:104A8000002120194941001941F10001C90041EA02
:104A90005071C00000194FEA86024FEA967341F147
:104AA0000001FBF7C3FC424AA2FB00314909642321
:104AB00003FB11031B013233A2FB03235B0903F049
:104AC000F00202EB011203F00F0313440F2B13D972
:104AD0003346002221464046FFF726FF00242046A9
:104AE0001037BD46BDE8F0816FF05704314A01210F
:104AF000314803F027FDF2E729686D4600233B7239
:104B000002237B728AB06C4614F1100215D0122079
:104B10001AB1042801DD294B636100233B71022394
:104B20007B71BAB10346082800DDA1610C2B00DDC2
:104B3000E66104F1200300210AE06FF00040E7E79E
:104B400001F110063E4416F80C6C03F8016B0131BC
:104B50000129F5D9112824DD122342B1042139722B
:104B600000217972B9720121F972B86820610021BF
:104B700021F0010121F0020121F0040121F03801AE
:104B8000012060F38811C3F30A0363F35321C1F3D7
:104B9000130100230848FDF77FFEAD466FF01504B2
:104BA0009DE76FF01B03D8E76FF0150497E700BF90
:104BB0001F85EB51A0B200082CA40008D0B2000859
:104BC0002DE9F0410C4643681D6803691E680B79A6
:104BD000012B04D0022B0DD14FF4806801E04FF47B
:104BE000C0686279012A08D0022A08D01ABB4FF4A3
:104BF000805706E04FF00008F3E7002701E04FF48C
:104C0000405794F806C0BCF1040F17D0CBB94FF051
:104C1000000ED91EC9B2012952D913B1BCF1040F3B
:104C200051D0B7F5805F0FD0B7F5405F0ED0002FA1
:104C30003BD101230BE04FF40057E2E74FF4805ED5
:104C4000E7E74FF4805EE4E7002300E002239A42A6
:104C50003CD1BEF1000F2AD1B8F1000F2ED10323B1
:104C60009C4536D1E37963B1012B35D11F4B9D4271
:104C700007D0A3F54C439D4203D003F550439D421A
:104C80002DD1EB6823F40053EB60214604F059FC6E
:104C9000002827DBEB6843F40053EB6094E8030043
:104CA00086E803000020BDE8F0810323CFE7B8F1D8
:104CB000000F01D10423D3E70323D1E70223CFE779
:104CC0006FF08500EFE76FF08500ECE76FF085008F
:104CD000E9E76FF08500E6E76FF08500E3E76FF046
:104CE0008500E0E76FF08500DDE700BF00100140C0
:104CF000F8B505464668346803691F68E36823F41D
:104D00000053E360B06804F005FD08B3F168B068D3
:104D100004F03AFB04F10C0353E8003F43F00C03AA
:104D200004F10C0141E80032002AF3D1394628464B
:104D300004F007FC002813DB337E1BB1636943F0EA
:104D400008036361E36843F40053E3600020F8BDA7
:104D5000054A0121054803F0F5FB6FF01200F6E764
:104D60006FF01500F3E700BFE8B200082CA40008BC
:104D70004FF0E023996918699A6909B90C4B1968D1
:104D80000AB90B4B1A6810F4803F01D1914208D246
:104D900008490B680648006803440B604FF0E023A5
:104DA0001B69034B1B689B1A024A10681844704722
:104DB000CC100020C8100020094B102283F82320BB
:104DC000084B42F2D0021A600020074B18604FF0E7
:104DD000E02342F2CF025A61986107221A617047BC
:104DE00000ED00E0CC100020C8100020684620F044
:104DF00007018D4619B5FFF7BBFF12480368124A39
:104E0000516814681B1941F10001136051600022C0
:104E100002600E490A68981A0D4BA3FB0030400B44
:104E200042F2D00300FB03F3D2184B6843F10003B6
:104E30000A604B6004F03AFCFEF776FDBDE81940CD
:104E400085467047C8100020280C0020200C002048
:104E50002D34A9F9F8B500294DD0B0F1FF3F3FD06E
:104E60003F4B1C6801284EDD40F2CD739842A8BF2D
:104E70001846461EEFF31185102383F31288BFF303
:104E80006F8FFFF775FF4FF0E0239F69354A136876
:104E90005168C31841F10001136051600021324A8A
:104EA0001160324A11685A1A2FD442F2D00000FB26
:104EB000062202F503520F322D4EA6FB0262520B60
:104EC000C91A00FB02110A46B1F5806F38BF4FF4D2
:104ED0008062284B994236D9214B264A1A6018E045
:104EE0004FF0E022136923F0010313611C4B4FF0D4
:104EF0007F421A6026E01A4B1C68B0F1FF3FB1D127
:104F000040F2CC70B0E70026B4E7154B4FF4806256
:104F10001A604FF0E0239969114A1268013A5A6108
:104F200000229A618F4211D2641A3C440D4A1368E0
:104F300051681B1941F100011360516085F311881C
:104F4000BFF36F8FF8BD064B1A60E2E77F1A054A80
:104F500013685168DB1941F1000113605160EDE7FE
:104F6000CC100020280C0020C8100020200C0020AD
:104F70002D34A9F9C0D5FF0038B5EFF31185102302
:104F800083F31288BFF36F8F084B1C68084B1B68B4
:104F9000E41AFFF7EDFE204485F31188BFF36F8F0D
:104FA000044BA3FB0030400B38BD00BF280C002091
:104FB000200C00202D34A9F938B5EFF3118510230A
:104FC00083F31288BFF36F8F044B1C68FFF7D0FE8A
:104FD000204485F31188BFF36F8F38BD280C002063
:104FE00008B5334B9B6803F00C03042B5BD0082BF4
:104FF0005BD12F4B5A6802F03F025B6813F4800FBD
:105000002CD02B4B5868C0F388104FEA401CBCEBE7
:10501000000C6EEB0E0E4FEA8E1343EA9C634FEAD0
:105020008C11B1EB0C0163EB0E03DB0043EA51730F
:10503000C90011EB000C43F10003590200234FEAB1
:105040004C2041EADC51FBF7F1F9194B5B68C3F3E3
:10505000014301335B00B0FBF3F008BD144B58680B
:10506000C0F388104FEA401CBCEB000C6EEB0E0E38
:105070004FEA8E1343EA9C634FEA8C11B1EB0C01AB
:1050800063EB0E03DB0043EA5173C90011EB000C24
:1050900043F10003990200234FEA8C2041EA9C511E
:1050A000FBF7C4F9D1E70348D7E70348D5E700BFCA
:1050B0000038024000127A000024F4000246002862
:1050C0003CD0204B19681B6803F44043B3F5004FF4
:1050D0001BD000211B4B1B6803F44043B3F5804FEA
:1050E0001FD0194A136823F007030B4313600222F1
:1050F000154B1B6803F00703013A994201D0002ABF
:10510000F6D199421CD001207047104B984204D828
:105110000F4B984203D80021DCE70221DAE7012196
:10512000D8E70A4B9A4200D931B1094B9A42D8D9F3
:105130000029D6D10121D4E70221D2E7012070470E
:105140000020704700700040003C0240008793033D
:1051500080C3C90104280CD8DFE800F0030D05075F
:1051600009000648704706487047064870470648D9
:105170007047064870470648704700BF30B30008C4
:1051800054B3000864B3000870B3000880B300088B
:1051900040B3000830B108B504F036FB20B1037805
:1051A00023B108BD024870470148FAE70048F8E714
:1051B00090B3000810B50446FDF78AFA034A0121AE
:1051C000034803F0BFF9204604F0B4FA98B300088E
:1051D00004A400082DE9F04782B000AF05460C4654
:1051E000EFF31188102383F31288BFF36F8FDFF87A
:1051F000C491D9F80860FFF7ADFF99F81010E9469F
:1052000001233B7103237B718AB0EC461CF1100231
:1052100021D04FF0160E5AB17346BEF1040F03DDD4
:10522000DFF894A1CCF814A0082B01DDCCF81850BD
:1052300001233B7003237B70D2B17346BEF10C0F88
:1052400001DDCCF81C00102B01DDCCF820100CF196
:10525000240300210AE06FF0004EDCE701F10800B2
:10526000384410F8080C03F8010B01310129F5D975
:10527000BEF1150F50DD16234AB105213971002109
:105280007971B9710121F9717868CCF810000021A9
:1052900021F0010121F0020121F0040121F0380187
:1052A000012060F38811C3F30A0363F35321C1F3B0
:1052B000130100234148FDF7EFFACD461CB1E36925
:1052C000C3F308035BBB3046FFF764FFE9460123E5
:1052D0003B7103237B718AB0EC461CF1100224D091
:1052E0004FF0120E52B17346BEF1040F02DD344985
:1052F000CCF81410082B01DDCCF8186001233B70AA
:1053000003237B70F2B1BEF10C0F01DDCCF81C0061
:105310000CF12003002113E06FF01B03ACE7294AD6
:105320000121264803F00EF9CDE76FF0004ED9E7D2
:1053300001F10800384410F8080C03F8010B0131A2
:105340000129F5D9BEF1110F31DD12234AB1042133
:10535000397100217971B9710121F9717868CCF83E
:105360001000002121F0010121F0020121F00401CF
:1053700021F03801012060F38811C3F30A0363F3BD
:105380005321C1F3130100230C48FDF785FACD46E4
:1053900021462846FFF70EFF88F31188BFF36F8F71
:1053A0003046FEF7D1FA0837BD46BDE8F0876FF00A
:1053B0001B03CBE7D0100020A8B3000804A400080A
:1053C000F4B30008D0B3000810B586B0B823114C70
:1053D00003FB004400EB400C00EB80000E4B03EBA2
:1053E00080030E4A0592012204920F2203920022AA
:1053F0000292019200930A4B4FF4A072094901EB0B
:10540000CC11204600F080FA237C23F0040323749F
:1054100006B010BD300C0020D01000200CB40008E5
:1054200045970008402A002038B505460B4B53F835
:10543000204002E02368984708346B1C074A52F862
:105440002330A34209D960680028F3D0037E13F00B
:10545000010FF1D104F045F9EEE738BD6CB8000852
:1054600008B553EA020102D100F03CFE08BD024932
:10547000183000F0F7FFF9E7D399000810B586B0AF
:10548000184C14E0636A0593236A0493E369039359
:10549000A36902936369019323690093E368A26897
:1054A0006168206800F030FA23685C6530340E4B88
:1054B0009C42E7D300F0FCFC0A4C03E02068FFF7B5
:1054C000CFFF3034084B9C4208D2A26AE36AB3F1A2
:1054D000FF3F08BFB2F1FF3FF3D0EFE700F000FD60
:1054E00006B010BD38A2000858A3000808B50A4B42
:1054F00001221A700320FFF797FF01F0F9F9042049
:10550000FFF792FFFFF7BAFF04F0E3FB034A93892A
:1055100023F00103938108BD10110020E80C002046
:1055200008B50146014A0248FEF7D8F9ED540008D3
:10553000E80C002010B50446FFF746FFB8230B49DE
:1055400003FB04110A4A04EB840302EB8303D960D2
:105550001C7404EB4411074B03EB811303F5046344
:1055600004EB840402EB8402536010BD300C002075
:10557000D01000200022002070B586B000F0E2FCC0
:10558000104D114B5D61114B0593012304930024D1
:1055900003940294019400940D4B4FF480620D49E2
:1055A000284600F0B1F906462B7C23F004032B7447
:1055B000284604F0B9F92046FFF7BCFF304606B094
:1055C00070BD00BFE80C0020D010002014B400080B
:1055D000ED540008C02B002008B50020FFF724FF81
:1055E000194B83F30888194C636943F400736361B2
:1055F000F02384F822300023E37723766376A376C2
:1056000084F82030636A43F4E0236362FEF78CF889
:10561000FEF784F94FF0FF33A362E362FEF7D2FA9C
:10562000FEF70EFAFCF79AFF094800F0CFF9FCF7F5
:10563000C5FD0120FFF7F8FE0220FFF7F5FEFFF79A
:105640009BFFFFF76DFF00BF402A002000ED00E048
:10565000A00D00202DE9F04182B00446EFF3118740
:10566000102181F31288BFF36F8FC16899B90029A7
:1056700050D1364B9B6893F90E3023610131E160C4
:10568000324B9B68A36087F31188BFF36F8F0020B4
:1056900002B0BDE8F08116461D4682682B4B9B6820
:1056A0009A42E4D055EA060136D092F90E8041467E
:1056B00093F90E0004F053F8804534DC4FF00008F5
:1056C0000096019522463946214800F031FB00281A
:1056D000DED0EFF31185102383F31288BFF36F8FB1
:1056E000A36843B323689C4223D013B3216993F981
:1056F0000E0004F034F80146204604F03BF8E8B907
:10570000B8F1000F1AD185F31188BFF36F8F6FF0D6
:105710000A00BDE72369B0E787F31188BFF36F8FF5
:105720006FF00F00B4E70146204604F023F88046EE
:10573000C6E72169E0E7B8F1000FE4D02946044844
:1057400004F08CF96FF00A00A2E700BFD01000202F
:10575000F41000208368002B47D070B50446264A19
:105760009268934244D1C368012B03D9013BC360C3
:10577000002070BDEFF31186102383F31288BFF36E
:105780006F8F016903F0F6FF2568AC421CD07DB134
:105790006A682B6813605A6000232B606B602A7C58
:1057A00022F002022A74AB6005F1180004F0C6F979
:1057B000A560281E18BF012045B90023E36086F3C9
:1057C0001188BFF36F8FD4E70025F1E795F90E300C
:1057D00023610024C5F8B040284604F0A5F83146FE
:1057E000064804F03BF92046C3E76FF01500704708
:1057F0004FF0FF30BDE700BFD0100020F4100020B4
:1058000070B5EFF31186102383F31288BFF36F8F07
:105810000468A0421AD0CCB16268236813605A6051
:10582000002525606560237C23F002032374A560B6
:1058300004F1180004F082F9C4F8B050204604F0D6
:1058400073F831460B4804F009F970BD8368C268EB
:1058500093420DD00122134483600221103004F0E2
:1058600019FA0028EDD186F31188BFF36F8FECE7AA
:105870000022F0E7F410002010B582B0EFF31181A0
:10588000102484F31288BFF36F8F846844B1013C05
:10589000846081F31188BFF36F8F002002B010BDC8
:1058A00053EA020406D0009201930246054800F034
:1058B0003FFAF3E781F31188BFF36F8F6FF00F00AA
:1058C000ECE700BFF410002008B553EA020102D152
:1058D00000F008FC08BD0249183000F0C3FDF9E7EC
:1058E000D399000810B5044640B11F2204F1780096
:1058F00001F0E0F9002084F8970010BD014B9C688E
:10590000F3E700BFD01000202DE9F04F85B004462A
:105910000F4615461E46DDF838A0DDF83C90DDF850
:105920004080DDF84CB000F158038365C365129BDD
:105930000422119903F06AFF2A463946204603F0F3
:1059400037FF0546CDF80880CDF80490CDF800A0CB
:105950003346024639462046FDF79EFF0023636525
:105960006666C4F868A0C4F86C90C4F87080EFF361
:105970001182102383F31288BFF36F8F124B196AC1
:1059800061671C6282F31188BFF36F8FBBF1000F58
:1059900013D01F22594604F1780001F08BF900233F
:1059A00084F89730084B9B685BB1D3F8A430C4F8F7
:1059B000A430284605B0BDE8F08F002384F8783085
:1059C000F0E7C4F8A430F4E7D010002001230374FA
:1059D00083810023C0F89830C0F89C30C0F8A43010
:1059E000014B9860704700BFD01000200A4A9368AE
:1059F000C3F8AC006FF00A01C3F8B01007494B6858
:105A000043F080534B60002383F31188BFF36F8F03
:105A10009368D3F8B0007047D010002000ED00E08C
:105A2000084681B908B5EFF305833BB9084B5A69BD
:105A30009B689A4202D0FFF7D9FF03E080F31188F8
:105A4000BFF36F8F08BD81F31188BFF36F8F70476D
:105A5000D0100020037C90F91020002A4EDB13F0B8
:105A60001F0F4BD110B563F07F030374244A52F823
:105A7000183F93423AD07BB190F90E1093F90E2063
:105A8000914202D0521A002A27DC19461C4AD269D8
:105A9000934201D01B6833BB194BDA6903F118013B
:105AA000016042601060D861154B53F8184F9C425A
:105AB0001ED0ECB1124B9B681A7C12F01F0F04D160
:105AC000DA897F2A01D9A269AAB1A34202D020466D
:105AD00000F02EFC0A4B5C6110BD5A684260036006
:105AE00010605860E0E70029C5D1D5E70023C2E780
:105AF000034BDC68DEE7024A5361EDE7704700BF05
:105B0000D010002010B5037C90F91020002A19DB7A
:105B1000154B9A6853F8184F9C421ED0ECB1824244
:105B200008D0137C13F01F0F04D1D3897F2B01D928
:105B3000A369ABB1A24202D0204600F0F9FB0A4BA8
:105B40005C6110BD03F07F03037442680368136057
:105B50005A60002303604360DAE7034BDC68DEE74A
:105B6000014B5A61EDE700BFD01000202DE9F8434A
:105B700005460C46424B9E68337C13F0600F2BD0D9
:105B800013F0200F2DD008271F4225D13B4333743B
:105B900013F0800F27D1082F30D04FF00009384B79
:105BA00053F8188F98454FD0B8F1000F4CD0344BB4
:105BB0009B68434502D0404600F0BAFB304BC3F827
:105BC0001480102F08D0304602F01DFE304600F041
:105BD00009FCB9F1000F3BD184F31188BFF36F8F3B
:105BE00047E01027D0E703F07F033374726833680F
:105BF00013605A60002333607360CCE7B3685BB115
:105C00007268336813605A60002333607360327CBB
:105C100022F002023274B36006F1180003F08EFF26
:105C200006F1580003F051FE154B9B689E4202D0CE
:105C30004FF00009B3E7EFF3058313B94FF0000904
:105C4000ADE74FF00109AAE70D4BD3F80C80AEE7A2
:105C50000C48FFF7BBFEBFE7EFF31184102383F37B
:105C60001288BFF36F8F03F078FD84F31188BFF3C0
:105C70006F8F2B7C13F0600FEED1BDE8F88300BF6F
:105C8000D0100020A00D0020B3F1FF3F08BFB2F1FB
:105C9000FF3F00D1704708B50249183000F0E2FB21
:105CA00008BD00BFD399000810B5204B9A68DB6986
:105CB0009A4205D01368516812680A60516006E084
:105CC0000023F8E7194AD269934212D01B6883B1C6
:105CD000164A906890F90E1093F90E209142F1D077
:105CE000521A002AEEDD5A68426003601060586064
:105CF00008E00E4B9A68D96903F1180010605160F2
:105D00000A60DA61094B53F8184F9C420AD04CB133
:105D1000064B9B689C4202D0204600F009FB034BD7
:105D20005C6110BD014BDC68F2E700BFD0100020C1
:105D300010B50C4611460A4882680A4B1A60EFF308
:105D40001183102383F31288BFF36F8FDDE90223E1
:105D5000806803F0DDFD2046FFF748FE10BD00BF60
:105D6000D0100020F41000202DE9F04104460E462A
:105D70000023EFF31185102282F31288BFF36F8F97
:105D80001F4643E003F07F032374626823681360B7
:105D90005A6000232360636071B2A173237C63F0B7
:105DA0007F032374414A52F8183F934246D073B19F
:105DB00093F90E20914202D0521A002A35DC18467F
:105DC0003A4AD269934202D01B68002B33D1374B39
:105DD000DA6903F11801216062601460DC61334B01
:105DE00053F8188F98452BD0B8F1000F28D02F4BBF
:105DF0009B68984502D0404600F09AFA2B4BC3F8B6
:105E0000148085F31188BFF36F8F0123002B49D1D4
:105E1000237C03F01F02002A0CBF01270027B1D00A
:105E200013F0020F10D1A673EBE75A68626023608B
:105E300014605C60D3E70028B9D1C8E70023B6E757
:105E40001A4BD3F80C80D2E7A1686268236813600C
:105E50005A6000232360636070B2A0730B6899429C
:105E600008D1002306E01A46D1F804C0634513D0D8
:105E70001B686BB983B193F90E209042F3D0121ACC
:105E8000002AF0DD5A686260236014605C60B8E745
:105E9000002AEFD11346EDE74B68216063601C6078
:105EA0004C60AEE73846BDE8F08100BFD01000205E
:105EB0000023EFF31181102282F31288BFF36F8F5A
:105EC00009E0064B9A68D37B013BD37381F31188B9
:105ED000BFF36F8F0123002BF3D07047D010002049
:105EE00038B5EFF31185102383F31288BFF36F8F5A
:105EF000124B9A68D17B0131D17353F8184F9C42F1
:105F000015D0A4B1137C13F01F0F04D1D3897F2BBC
:105F100001D9A36973B1944202D0204600F008FA77
:105F2000064B5C6129460648FFF77AFD38BD034BF6
:105F3000DC68E7E7014B5A61F4E700BFD0100020AE
:105F4000F410002008B5024803F08CFD08BD00BF26
:105F5000E410002038B5EFF31184102383F3128886
:105F6000BFF36F8F214B9A68DB699A4205D01368A3
:105F7000516812680A60516006E00023F8E71B4A86
:105F8000D269934212D01B6883B1184A906890F985
:105F90000E1093F90E209142F1D0521A002AEEDD34
:105FA0005A68426003601060586008E00F4B9A68BE
:105FB000D96903F11800106051600A60DA610B4B77
:105FC00053F8185F9D420DD065B1084B9B689D4208
:105FD00002D0284600F0ACF9044B5D612046FFF783
:105FE00005FD38BD014BDD68EFE700BFD010002094
:105FF000F8B551EA000328D005460C46EFF31187A7
:10600000102383F31288BFF36F8F154EB068154BC2
:106010001860FFF777FDB0682A462346124918300A
:1060200000F020FA0446B268137C43F004031374B2
:106030003846FFF7DBFCB3689A6ADB6AB3F1004FBE
:1060400008BF002A05D00020F8BDFFF783FF00201D
:10605000FAE703F0B2FD201A0028F5DC0020F3E790
:10606000D0100020F4100020D399000838B5044661
:106070000D46FFF7BDFF03462046B5F1FF3F08BFC1
:10608000B4F1FF3F28D0DA1713F1090042F1000301
:106090000021C21821D20A441149A1FB024525F072
:1060A000030404EB9504121B801A63F100034FF004
:1060B000CC3200FB02F201FB0322A0FB01010A44E7
:1060C000430843EAC27352081846B3F1004F72F115
:1060D000000201D36FF0004038BD0121DBE700BFB3
:1060E000CDCCCCCC38B5EFF31185102383F31288D7
:1060F000BFF36F8F037C13F0040F04D185F3118875
:10610000BFF36F8F38BD0446183003F017FD237CB2
:1061100023F0040323742046FFF79CFC2946024821
:10612000FFF77EFCEEE700BFF4100020014B9868FB
:10613000704700BFD01000202DE9F843838903F099
:106140000107EFF31186102383F31288BFF36F8FDB
:10615000057C15F0080F1AD10446B14600F1580825
:1061600003F081FB10B345F020052574EFF30583A0
:106170009BB131462046FFF7F9FC67B1002383F35A
:106180001188BFF36F8F0423184602DF03E086F304
:106190001188BFF36F8FBDE8F88341463F4B986885
:1061A00003F063FB3046FFF721FCE6E745F0080308
:1061B000237413F0800F36D1A3685BB16268236843
:1061C00013605A60002323606360227C22F0020285
:1061D0002274A36004F1180003F0B0FC404603F001
:1061E00074FB2E4B9A6894422AD000262B4B53F80E
:1061F000185F9D422BD055B3AA4202D0284600F02A
:1062000097F8264B5D61204602F0FDFA204600F02B
:10621000E9F8FEB9214B9B689C421FD089F3118895
:10622000BFF36F8FA9E705F07F0545F008052574DA
:106230006268236813605A60002323606360BBE7D1
:10624000EFF305830BB90026D0E70126CEE7134B09
:10625000DD68D1E71248FFF7B9FBDBE7EFF3058311
:10626000002BDBD1A38913F0010F12D089F3118821
:10627000BFF36F8F002383F31188BFF36F8F042365
:10628000184602DFEFF31189102383F31288BFF35E
:106290006F8F4846FFF7AAFB6FE700BFD0100020C2
:1062A000A00D00202DE9104883B0089CDDE906BC54
:1062B000CDE900BCFFF73CFD1CB1034B9B685B695B
:1062C000236003B0BDE81088D01000200346027C94
:1062D00012F01F0F10D10B4A90420FD00A4A1068DB
:1062E00078B1DA897F2A0BD893F90E20074B1B6807
:1062F0009A4206DA0020704700207047002070475D
:1063000000207047300C00200C010020FC10002001
:10631000044BC01AC010044B03FB00F0034B0122D6
:106320001A547047580E0020ABAAAAAAF8100020F1
:1063300070B50C4B1E7CFFF7C9FF044606EB460305
:10634000094D05EBC305284603F0F8FB074B002277
:106350009A5504B970BD621ED3170549284600F04E
:1063600081F8F7E7D0100020580E0020F810002028
:106370001163000838B5EFF31185102383F31288F9
:10638000BFF36F8F144B9C68144B1B68A34217D04C
:10639000124B00221A60104B1B7C114AD35C53B184
:1063A0002046FFF793FF30B1237C13F01F0F0FD06F
:1063B0002046FFF7BDFF85F31188BFF36F8F38BD0F
:1063C0002046FFF7B5FF85F31188BFF36F8FF6E71F
:1063D000FFF76AFCECE700BFD0100020F4100020AB
:1063E000F8100020EFF31181102383F31288BFF31C
:1063F0006F8F0A4B1B6A834204D15A6F074B1A6294
:1064000007E0134613B15A6F8242FAD10BB1426FC3
:106410005A6781F31188BFF36F8F7047D010002047
:10642000034B1868984200D070470020FCE700BF7B
:106430001001002030B1044A5268904201D0006837
:1064400070470020704700BF1001002008B5044BC2
:106450001B680BB1002008BDFEF78EFDFBE700BFF7
:10646000001100202DE9F04F83B0B3F1FF3F08BFCA
:10647000B2F1FF3F0ED0044691461F4681600023D3
:10648000EFF3118A102282F31288BFF36F8F1D463B
:10649000019335E0002501952846019903B0BDE838
:1064A000F08FFFF7D3FF8046013547F1000645190D
:1064B00046EBE07625616661344A13685268ED1850
:1064C00046EB020301934FF0010B38E0C91A66EB6B
:1064D0000202016142614368636020601C604460A5
:1064E00005E02B4B5A682360626014605C60FFF724
:1064F00097FF844237D08AF31188BFF36F8F01234F
:10650000002BC9D14D460197002FCADA1F4B1968DD
:106510005B68691843EB07036FF00102521A4FF0F2
:10652000FF3161EB030310461946012A73F10003A2
:1065300001DA01200021206161614FF0000BFFF7BB
:106540006FFF0028CDD001694669236962698B42DB
:1065500072EB060EBADB5B1A62EB06022361626124
:10656000FFF768FFEDE70B4B1B68002BC3D1BBF1B6
:10657000000F06D0404603F0C6FA0021FEF76AFC81
:10658000B9E7FFF763FF8046F4E700BF700E002015
:10659000100100200011002070B50E462D4B186030
:1065A000FFF73EFF044628E02B4A136851685B1949
:1065B00041EBE5711360516000220023C4E904231C
:1065C000204603F089FA01224FF00043C4E9042376
:1065D00086F31188BFF36F8FA36820469847EFF3C7
:1065E0001186102383F31288BFF36F8F194A136843
:1065F0005B1B1360FFF714FF04463CB1256961691A
:10660000144B1A68D317AA428B41CDDA44B12369DF
:106610006269104909685B1A62EBE1722361626189
:106620000D4A0C4D2868136851681B1841EBE07146
:106630001360516000242C60204603F064FA214668
:10664000FEF708FC86F31188BFF36F8FFFF792FE09
:1066500070BD00BF00110020700E002010B5002298
:10666000EFF31184102383F31288BFF36F8F134667
:1066700011460CE0FFF7EAFE074A13685168C31899
:1066800041EBE07184F31188BFF36F8F0122002A80
:10669000F0D0184610BD00BF700E0020EFF311833C
:1066A000102282F31288BFF36F8F01694269B2F141
:1066B000004F08BF012904D083F31188BFF36F8F07
:1066C00070472DE9F04104461D46866AC26A56EAC3
:1066D000020105D0B2F1FF3F08BFB6F1FF3F27D15D
:1066E000236B01332363236A63B185F31188BFF3FE
:1066F0006F8F20469847EFF31185102383F312889C
:10670000BFF36F8F04F11803A469A34251D0002C8A
:106710004FD0204603F023F90023C4F8B03085F3AE
:106720001188BFF36F8F204603F0FEF8BDE8F081BB
:10673000013E42F1FF321746002A14DB03F041FA12
:10674000013041F10001801941EB0701012871F18D
:1067500000010BDA6FF001024FF0FF3317492046BA
:10676000FFF780FEBCE700263746E7E703F029FA8B
:10677000013041F10001801941EB07016FF0020384
:1067800083426FF000438B4103DA00224FF0004355
:10679000E4E703F016FA013041F10003801943EBFE
:1067A00007036FF00102121A4FF0FF3161EB030390
:1067B000D4E785F31188BFF36F8FB7E79D660008B4
:1067C000F8B51C46EFF31187102383F31288BFF34B
:1067D0006F8FB4F1FF3F08BFB2F1FF3F23D00646F1
:1067E0001546002C0BDB13462146012A74F10004E8
:1067F00001DA012300215A1E154641F1FF343046CB
:1068000003F09CF9DDE90623C6E90A23002333637C
:106810002A46234606493046FFF724FE87F31188AF
:10682000BFF36F8FF8BD87F31188BFF36F8FF9E760
:106830009D66000870B50446EFF31186102383F3BC
:106840001288BFF36F8F03F079F9E0B93546636AB8
:106850006BB186F31188BFF36F8F636A2046984748
:10686000EFF31185102383F31288BFF36F8F04F1C8
:10687000180003F0C5F858B103F056F82946074848
:1068800003F0ECF870BD86F31188BFF36F8FF9E762
:1068900085F31188BFF36F8FF4E700BF0411002068
:1068A00038B50346EFF31185102282F31288BFF347
:1068B0006F8FC160012282600068834210D04268FD
:1068C000036813605A60002303604360012103F0F2
:1068D000BFF904462946054803F0C0F8204638BDF4
:1068E00085F31188BFF36F8F0024F7E704110020B0
:1068F00008B5024801F05AF908BD00BF20B40008ED
:1069000000B583B0064B00934FF0FF334FF4806225
:106910000449054800F00AF9002003B05DF804FBC3
:1069200084B8000800300020780E002080B338B50D
:106930000D4604461C4B9A68D0F8B8309A421BD0DA
:1069400000231A46D4F8D430C3F38001C3F3C00047
:1069500013F0010F1FD001B102B300B109B300233E
:106960002B60D4F8C03073B11D60C4F8C05020460D
:1069700003F0C5F9012038BD02F040FF08B901233A
:10698000DFE70023DDE7C4F8C050C4F8BC50EEE7F1
:106990006FF0150070476FF01200ECE76FF00F001A
:1069A000E9E76FF00F00E6E7D010002010B5C368EC
:1069B00023F00203C360134B1C687CB1236803B14E
:1069C0000CB100210FE02346FBE722460D4803F0FF
:1069D00083F904F10800FEF713FF10BD2346F0E72A
:1069E0001A461C461346002CF7D062688242ECD04F
:1069F0002146002BF4D01A68002AF2D0002BF0D1E7
:106A00001A46EEE70411002070B584B005463EE05A
:106A1000D5F8D43023F00402C5F8D42013F0040FC5
:106A20000ED112F0100F14D00023C5F8D43086F325
:106A30001188BFF36F8F04B070BDC5F8C03038E067
:106A400005F1CC0400220121204603F00FF80028B4
:106A5000F8D1002302934FF0FF324FF0FF33CDE91E
:106A6000002305F1C40231462F48FFF71BFC0EE05E
:106A7000204603F07EF940E02046FFF797FF40E014
:106A8000002386F31188BFF36F8F002B49D1EFF3FA
:106A90001186102383F31288BFF36F8FD5F8BC40A3
:106AA000002CB5D02368C5F8BC30D5F8C02094427E
:106AB000C3D0D5F8D43043F00203C5F8D430E3682E
:106AC00043F00102E26023F0040343F00103E360BA
:106AD000636886F31188BFF36F8F20469847EFF302
:106AE0001186102383F31288BFF36F8FE36823F0BE
:106AF0000103E36013F0100FBAD1E36813F0020F43
:106B0000BAD1D5F8D43023F00203C5F8D43013F449
:106B1000807FB5D1D5F8BC300BB10123B1E700239C
:106B2000AFE7FFF717FAB2E70C110020F0B589B014
:106B300004460E9D0020C4F8BC00C4F8C00004F157
:106B4000C400C4F8C400C4F8C80004F1CC00C4F800
:106B5000CC00C4F8D0003DB3287938BB0120C4F87C
:106B6000D4004FF0FF364FF0FF37CDE90667002025
:106B7000049003930290019000940E4B204602F083
:106B800050FE55B1296811B12046FEF7ABFE6B7976
:106B90001BB1A38943F00103A3812046FFF7A2FAAA
:106BA000C4F8B84009B0F0BD0120D8E740F20110A8
:106BB000D5E700BF096A000870B586074FD0841872
:106BC000844604E003F8011B9D0704D09C466445FD
:106BD0006346F7D170BD013A0244A2EB0C02032ACE
:106BE0002FD9CCB204EB04240F2A04EB044438D987
:106BF000A2F11006350901359C464FF0000E0EF14A
:106C0000010EAE45CCE90044CCE902440CF1100C75
:106C1000F5D326F00F06103312F00C0F334402F0B8
:106C20000F051AD02A1F032A1C6005D9A5F10802F6
:106C3000032A5C6088BF9C6005F0030225F0030511
:106C40002B44541E002AC5D0C9B21970002CC1D0E3
:106C5000012C597018BF997070BD2A46F1E70346A0
:106C6000BDE71546DEE700BF08B500F003F820F0E9
:106C7000004008BD10B5FCF7DDFE0B4C0B4A235855
:106C80000B4900EB040C03FB02F2DCF804E001FB0F
:106C90000E22A3FB01310133235042EB0100CCF85B
:106CA000040020F0004010BD080000002DF45158F1
:106CB0002D7F954C38B540EA01039B07044622D14D
:106CC000032A20D98C46DCF80050A5F1013323EAD1
:106CD000050313F0803F61460CF1040C14D1043A13
:106CE000032A40F8045BEED861464B1E4AB113F804
:106CF000011F00F8011B013A0029F7D10AB1FFF783
:106D00005BFF204638BD20464B1EEFE771B10346BE
:106D100001EB000C01E0634506D01A4601331178FF
:106D20000029F8D1101A7047181A704708467047A2
:106D30000CB430B58BB00D4620220446002102A8C9
:106D4000FFF73AFF134B03930222002D8DF80A2020
:106D500006941DDB10D0013D2C440FAA0E99019220
:106D600002A8079400F096F8069B00221A700BB058
:106D7000BDE8304002B070470FAA0E99079402A8F0
:106D8000019200F087F80BB0BDE8304002B07047C8
:106D90000024E2E74978000870B503F01F05082DCC
:106DA00084468E4665D0C3F13703102DDCB2104601
:106DB00044D04FEA9C034FEA5C0243EA8E7342EAF6
:106DC000CE729A184FEA5E0141EB9E01130943EA25
:106DD00001739A1841EB1111130A43EA01639A18DF
:106DE00041EB1121130C43EA01439B1841EB114184
:106DF000CB185FFA8CF241F100014FEAD30C4CEA58
:106E0000417C0CEB8C03A2EB4303DBB2A3F10A023F
:106E1000D2B2A518092B03F130064FEAD10E05F1C5
:106E2000300520D91CF1010C4EF1000E092A9ABF41
:106E3000263300F8013B00F8015BBAE70CF00F03C2
:106E4000092B88BF1B194FEA1C1242EA0E724FEA47
:106E50001E1188BFDBB2944630330A4300F8013B71
:106E60008E46EBD170BD5CEA0E0300F8016BA0D139
:106E700070BD10460CF007034FEADC0C4CEA4E7C68
:106E800030334FEADE0E00F8013B5CEA0E03F1D12D
:106E900070BD00BF2DE9F04F8378D0F804909F07B4
:106EA0008BB040F132810B46804613F8010B0C4643
:106EB000002800F0D883002500920DE01C464146D2
:106EC000C847002805F10105C0F21981234613F8CF
:106ED000010B002800F01B812528EFD16678252EB4
:106EE00004F10204EBD04FF0000BDA465F461F2F8F
:106EF0005DD97F2F00F28A80A6F13003092B11D8CB
:106F00007E0600F1328114F8016B0AEB8A0A03EB6A
:106F10004A0A47F02007A6F13003002E00F0E18076
:106F2000092BF0D92A2E00F00E812E2E00F0C381FD
:106F3000A6F14C032E2B00F22581DFE813F061004F
:106F40002301230123012301230123012301230121
:106F50002301230123012301230123012301230111
:106F60002301230123012301230123012301230101
:106F700023012301230151012301610023015D014C
:106F80002301230123012301230123012301CD0038
:106F900023012301230123012301CD0047F0020730
:106FA00014F8016B47F00407002E00F09A80A6F158
:106FB0002003102BA0D801A252F823F0A16F0008E3
:106FC000F96E0008F96E000817710008F96E0008E4
:106FD000F96E0008F96E0008D9700008F96E000813
:106FE000F96E0008F96E00089D6F0008F96E000840
:106FF00037710008F96E0008F96E00082771000863
:1070000014F8016B47F42077002E6AD0A6F14C03E8
:107010002E2B00F2B78001A252F823F00170000875
:107020008571000885710008857100088571000868
:107030008571000885710008857100088571000858
:107040008571000885710008857100088571000848
:107050008571000885710008857100088571000838
:107060008571000885710008857100088571000828
:107070008571000885710008857100088571000818
:10708000857100088571000885710008D9710008B4
:10709000857100080170000885710008F171000811
:1070A00085710008857100088571000885710008E8
:1070B000857100088571000885710008CD7200088F
:1070C00085710008857100088571000885710008C8
:1070D00085710008CD72000814F8016B002E7FF452
:1070E00006AF002641462520C847002807DB30466A
:1070F0004146C847002805F10205BFF6E7AE98F8FB
:10710000023043F0040388F802304FF0FF35284680
:107110000BB0BDE8F08F14F8016B47F01007002E9C
:107120007FF445AFDDE714F8016B47F00107002E4F
:107130007FF43DAFD5E714F8016B47F00807002E48
:107140007FF435AFCDE70099780651F8042B40F174
:10715000C38014F8016B002E00F05D82A6F13003AD
:10716000092B009193463FF6DDAE14F8016B0BEB53
:107170008B0B03EB4B0B002EB3D0A6F13003092B86
:10718000F3D9CFE646F02003BBF1000FA3F165026F
:1071900004DA27F04007BFB24FF0000B022A33D9C0
:1071A000612B31D0A6F16302122A00F2FC81DFE8E4
:1071B00012F02E01A500FA01FA01FA01FA01A50068
:1071C000FA01FA01FA01FA01FA01F0014E01FA019D
:1071D000FA013801FA01EF00FE0548BF47F40077D5
:1071E00014F8016B47F48077002E7FF40FAF78E737
:1071F0003B0648BF47F4007714F8016B47F080075F
:10720000002E7FF403AF6CE7009B03F1070B2BF01C
:10721000070B0BF108030093BA4B4FF0070B38072D
:10722000514618D4D34516D24E461F46D14602E0E9
:10723000834508D2824641462020B04700280AF103
:10724000FF30F5DA5BE7494601350D443B46B14670
:10725000A5EB0A0501461E4603EB0B0701944C46BD
:1072600099462B468A4635461E4605E015F8010B21
:10727000A0470028FFF643AFBD424146F6D14B463A
:107280003246A1462E46D31A019C1E44AAEB0B0A95
:107290003546B2444E4605E0B047002805F10105E9
:1072A000FFF62DAFAAEB0503002B41464FF020005F
:1072B000F2DCB1460AE67A063FF529AF14F8016B15
:1072C00047F04007002E7FF458AF0AE714F8016B2F
:1072D000002E7FF40EAE04E7002AC0F2228114F8DB
:1072E000016B47F02007002E00F09581A6F13003D6
:1072F000092B009192467FF606AE13E63A06009BF4
:1073000000F13B811A46F90552F8043B019200F165
:10731000FD811846DB1727F010018AB2002B00927E
:10732000C0F2868150EA030140F05E827B0640F1A4
:10733000D581BBF1000F40F0168227F01107BBB2D8
:10734000009359465B46DDF800C040F206470CF05A
:1073500008001CEA070F024600F06D820131002888
:1073600000F0C781AAEB010A0293009B13F0020F01
:1073700014BF2B20202013F4806F18BF2D2041460E
:10738000C8470028029B05F1010680F2B180B6E6ED
:1073900027F01007BFB20A2317F080025CD017F461
:1073A0000071009A00F0CC80073222F00702516889
:1073B00052F8080B019207F0400C50EA0102CDF898
:1073C00000C06CD16246002A54D0BBF1000F40F0DF
:1073D000BB803B0740F1D1815B4604AAD618234607
:1073E00037464C469346994605E017F8010DA047ED
:1073F0000028FFF684AEBB454146F6D14B465A46BF
:10740000A1462E441C46019B0093B61A40E7009A01
:1074100052F8043B8DF810304FF0010B009204AB92
:10742000FDE6009E384A56F8043B002B08BF134681
:1074300017F0400F18BF5946184608BF4FF0FF31EC
:107440000193FFF763FC019B00968346E7E647F054
:107450001007102378269FE7009951F8040B01913B
:1074600017F48071A7D017F400711ABFC0B211468B
:1074700080B2A0E727F01607BAB20092002004AA53
:1074800000210292FFF788FC029A831A009911F0FA
:10749000080100F09080AAEB030A2E4628E004AA17
:1074A0000292FFF779FC029A0099831A002973D09F
:1074B00027F0070189B25B450091C0F2D680F9063A
:1074C00040F13F81009A02F00802002E40F0A980AE
:1074D000591C002A00F02381AAEB010A3020414602
:1074E0000093C8470028009B05F10106FFF607AE90
:1074F0009B4540F37E810BEB06054F46ED1A9946FE
:1075000007E000BF5CB4000854B40008AE4200F0CD
:10751000848041463020B847002806F10106F5DA9C
:10752000EDE514F8016BC2F1000A47F02807002EC0
:1075300071D0A6F13003092B00917FF6E4ACF1E4A1
:1075400052F8040B019236E704AA002100200092B1
:10755000FFF722FC009A27F01701831A89B29B4596
:10756000009140F3EE80002E40F02781390740F172
:107570008680AAEB0B0A2E46BDE7B80540F1DA80FB
:10758000073323F007031A465B6852F8080B019291
:10759000C1E608230026FFE627F0060189B2009124
:1075A000F9068FD472E7782B7FF49CADC6F178038F
:1075B00043F01003F0E60098C00740F121819A459E
:1075C000AAEB030025DD03EB000B002900F020816E
:1075D0004FF0000A414630200093C8470028FFF6CC
:1075E0008EAD009B002E00F0AA80304641460093ED
:1075F000C8470028009B05F10206BFF679AF7EE57B
:107600000098C70740F10E81D345AAEB0B00DADBE7
:1076100004AA8246E2E6009163E54B4604AAB94615
:10762000DCE6991C002A00F09180AAEB010AD1E760
:10763000404263EB430142F48063009304AA0A23AF
:107640000292FFF7A9FB029A831A009A500640F1B2
:10765000C480009A22F0010292B29B4559460092E2
:10766000B8BF19466FE6054651E5002E40F0908000
:1076700038073FF57EAF27F01707BAB20092594698
:1076800000268A4540F3D380CDE902342B464C4690
:107690000D4689461F4602E0524508DA1546414626
:1076A0002020A047002805F10102F5DA27E5384639
:1076B0002F4605464946AAEB020A0135009A6D1A83
:1076C0003D44D706A146DDE9023483D4114640F299
:1076D000064211427FF448AE2E4609E704AA0A2367
:1076E000002100200292FFF757FB029A811A0B46F5
:1076F00029E65FEACC77604632D58A45AAEB0100DD
:107700006DDD03EB000B104682462DE6BA054BBF3C
:1077100058B218B243F3C01343F3C033FBE5009AE9
:10772000D00756D55145AAEB01025FDA03EB020BF5
:10773000B2464FE753F8040B0193C317EBE56E1CF9
:10774000D6E639076CD5AAEB030A47E6009AD207BA
:1077500052D55145AAEB010044DB82469B4639E7EE
:107760008A4591DCFEE504AA0A230020002102924A
:10777000FFF712FB029A831A6BE7BAF1000F7FF74B
:107780002BAE27F01707BBB2009359465B467BE749
:10779000FA0640D538070BF102013FF546AF8A459E
:1077A0003FF772AFAAEB010A302041460093C84769
:1077B0000028009BBFF619AFA1E45A4601F008006B
:1077C00081B200283FF41CAFAAEB0B0A2E46934669
:1077D0008EE65145FFF658AF7EE61946B3E59B4667
:1077E0008246C1E51021EEE6194627E792469B4600
:1077F000F0E6354604AAF1E55145FFF645AF14E73A
:107800009A45D8BFAAEB030A7FF766AF19463BE754
:107810002E468A466CE600995A4601F00800CFE7EA
:1078200019462EE7D34509DA594693462CE7AAEBC9
:10783000010A2E465CE65A468B46C1E7AAEB0B0AC4
:107840002E46934654E600BFD1E90432934202D05B
:107850005A1C0A6118707047704794464A79B2B151
:1078600010B504469CF80120042A0CD088898A7B34
:107870009CF8041011F0200F01D0013AD2B29CF80C
:107880000010A04710BD0A6892689089EFE76FF07A
:107890008500704708B520EAE073D9178A0042EAEC
:1078A00093729800C01841EB020100184941FEF79D
:1078B000DDFB08BD38B513468568046912F4801FE6
:1078C00007D012F4402F04D012F0010F01D082F43F
:1078D000402323F4801213F0010F0AD023684FF0E5
:1078E000010C0CFA01FC43EA0C0323602B68984757
:1078F00038BD23684FF0010C0CFA01FC23EA0C039D
:107900002360F3E708B503468C4600681979DA88E6
:1079100042EA0C02FFF7CEFF08BD38B50C460569F8
:1079200083685B68984718B923682A6853402360C6
:1079300038BD10B582B00C4601A9FFF7EEFF034633
:1079400030B90123A340019A1340003B18BF012323
:10795000184602B010BD08B532B1012303FA01F197
:107960008368DB68984708BD012303FA01F1836847
:107970001B699847F7E710B503691C6801238B4022
:107980001C4202D0B2FA82F25209FFF7E4FF10BDA6
:1079900010B5131D50F8234074B9C36801249440F6
:1079A0002343C360043240F82210CB001A1D89B271
:1079B00081520633C15210BDE2000432835A4FEAAD
:1079C000C10C0CF1040E20F80E300CF1060C20F85E
:1079D0000C40DB00063389B2C1528152EBE708B597
:1079E00000EBC1035A885208B2FA82F2C2F11F02B8
:1079F000FFF7CEFF08BD70B50346043AC81D20F05E
:107A000007000A4422F00702121AD50818608560A0
:107A10000023C360B5FA85F1C1F1200EC1F1240144
:107A20008900CE1DF10805E003F1040C002440F8A4
:107A30002C4001337345F7DB1FFA81FE4FEA4E04F9
:107A4000A4B244804FF0000CA0F800C044F0010440
:107A500044806B1A26F00704A51C9BB25E004653B7
:107A600020F804E022F00704951C20F805C0024429
:107A70000353538843F001035380FFF7B0FF70BDF9
:107A800010B50C4611461A46029BA04710BD40385F
:107A9000C0B23A288CBF002001207047F8B50646D6
:107AA00003784578847804EB83040444002706E0D7
:107AB00001342046F8F764FB013004440137AF423B
:107AC000F6D3A01BF8BD70B5144668B10D46194633
:107AD00006462BB91046F8F753FB83B2013399B22F
:107AE0002A462046B04770BD1046F8F749FB0130E2
:107AF000F9E75BB32DE9F04782B007468846914627
:107B00001D461A785E789C78DB7804EB820404EBDF
:107B100043042C444FF0000A0AE014F8013B45F8F6
:107B200023402046F8F72CFB013004440AF1010AF7
:107B3000B245F2D305F1080300936B684A4641460B
:107B40003846FFF79DFF02B0BDE8F0876FF01500E3
:107B500070472DE9F0410446884600273E4607E07D
:107B6000702D18D02846FFF792FFB8B9252D0ED0FA
:107B700014F8015B75B1002EF8D04745F0D02846C7
:107B8000FFF785FF0028F1D001370026EEE786F0E9
:107B90000106EDE700263046BDE8F0810026FAE751
:107BA0000020704708B500F041FC08BD0FB400B5D7
:107BB00083B004A951F8040B0191FFF7F3FF03B060
:107BC0005DF804EB04B070470FB400B583B004A9AE
:107BD00051F8040B0191FFF7E5FF03B05DF804EBEA
:107BE00004B07047036913F0080F08D1C368026836
:107BF000934207D8036A9B1A0B600120704700204C
:107C0000086070479B1A0B6000207047036913F0EF
:107C1000080F07D1826843689A4203D89B1A0B6009
:107C200000207047036A82689B1A0B60012070472E
:107C300010B582B0044601A9FFF7D4FF20B1E36874
:107C4000019A1344013B0193206A019BC01A013839
:107C500002B010BD38B5036913F0040F00D138BD70
:107C60000446456AFFF7E4FFA84238BF2846606231
:107C7000F5E7C3681944036913F0010F04D1026AE0
:107C8000914204D3891A02E0026A013A1140C160AC
:107C900023F008030361704710B4002323F00103AD
:107CA00043F0020361F39F03C269046842F8243081
:107CB00003680B44026912F0010F04D1046AA34265
:107CC00004D31B1B02E0046A013C23400360C46828
:107CD000A3420AD043681944036913F0010F08D185
:107CE000036A994208D3C91A06E042F00802026109
:107CF000F0E7036A013B1940416010BC70472DE971
:107D0000F04F83B00446019117469846C569C6688E
:107D100005EB860B15F8263003F00303022B24D065
:107D2000002100233B60C8F8003019BB236913F021
:107D3000020F75D0A36958469847824615F82690D9
:107D400019F001096ED015F8263013F0020F3BD060
:107D5000019BBBB962685244236913F0010016D13C
:107D6000216A8A4216D3521A14E055F82610C1F33C
:107D70009D01D6E72046FFF77CFFE368A3604FF044
:107D800001094FE019462046FFF786FFE2E7216A26
:107D900001390A406260E168A268914206D0A26897
:107DA0002260E26043F0080323613BE0524420B9C3
:107DB000216A8A4204D3521A02E0216A01390A4038
:107DC000A2604FF00009EAE701462046FFF751FFA5
:107DD000E368A360019B23B1E3692268002143F8B3
:107DE0002210019B5344C8F80030226813442269D2
:107DF00012F0010F04D1216A8B4204D35B1A02E016
:107E0000216A01390B40236042F00802226115F813
:107E1000263023F0010305F82630C7F800B001E052
:107E20004FF00009484603B0BDE8F08F30B4531856
:107E3000046914F0010F04D1056AAB4204D35B1B43
:107E400002E0056A013D2B4005689D4214D00023E5
:107E500023F0010343F0020362F39F03C46944F873
:107E6000213043681344026912F0010F09D1026AFC
:107E7000934209D39B1A07E0016024F008040461CF
:107E800003E0026A013A1340436030BC704708B512
:107E90000023036043608360C360036143618361C7
:107EA000CA6882618A6842610A68C2614A6802627D
:107EB00043620B6903612AB1511E0A4202D143F0A9
:107EC0000103036128300122002101F05EFC08BD9E
:107ED0002DE9F04F87B09A46002305930393036A78
:107EE0008B42C0F089800446894693460023019363
:107EF0000126009341E001992046FFF797FF0023F8
:107F0000039345E0E369226803EB8201009113F8D3
:107F1000221021F0010103F82210C9B221F0020160
:107F200003F8221023684B44226912F0010F04D198
:107F3000216A8B4204D35B1A02E0216A01390B40AB
:107F40002360E1688B4201D0002608E042F008027D
:107F50002261002603E02046FFF79EFE2E4688F3AE
:107F60001188BFF36F8F059929B163690BB1204662
:107F7000984700230593002E40D0EFF3118710237C
:107F800083F31288BFF36F8FB846039A002AB2D1E9
:107F900004A92046FFF726FE054604994945B1D2BB
:107FA0000028D8D15AEA0B030BD1002ED7D0236872
:107FB000019303AB05AA04992046FFF7A0FE0646ED
:107FC000CDE701F01BFC0028EFD1002FEDD187F3A6
:107FD0001188BFF36F8F04F128005A465346FDF70E
:107FE0004BFCEFF31188102383F31288BFF36F8FDC
:107FF000B0FA80F67609B2E700230093009807B044
:10800000BDE8F08F70B504460D4683690846984771
:10801000EFF31186102383F31288BFF36F8F2B7851
:1080200043F001032B7063681844236913F0010FB8
:1080300004D1236A984204D3C01A02E0236A013BA8
:10804000184060602046FFF705FE86F31188BFF3F5
:108050006F8F70BD2DE9F04182B00446002730E0FB
:1080600053F82210890850D145E0226A013A1340A2
:10807000A3602046FFF7FDFD01273B461CE013F8F7
:10808000221041F0020103F82210D4F80880A369FD
:10809000284698474044236913F0010F04D1236A0E
:1080A000984204D3C01A02E0236A013B1840A06042
:1080B000002301E000231D4686F31188BFF36F8F74
:1080C0008BB3EFF31186102383F31288BFF36F8F06
:1080D00001A92046FFF79AFDE369A26803EB820538
:1080E00001990029E6D013F8221011F0030117D0EE
:1080F0000229B5D0002113F8220010F0010FBED1E3
:1081000019B9A369284698470146A3680B44226918
:1081100012F0010FA9D1226A9342A9D39B1AA7E7B3
:1081200000231D46C8E707B11DB1284602B0BDE8CF
:10813000F08104F12800FDF763FBF6E770B5044613
:108140000D468369084698470146EFF311861023D0
:1081500083F31288BFF36F8F2B7823F001032B700A
:10816000236913F0020F0AD0E369E26803EB82038C
:10817000AB4204D02B6860F39F032B600AE02B789E
:1081800023F002032B70E268A3689A420BD02046CA
:10819000FFF76FFD86F31188BFF36F8F04F128009E
:1081A000FDF72EFB70BD0B44226912F0010F04D1C4
:1081B000226A934204D39B1A02E0226A013A1340D6
:1081C000A360E4E710B582B0EFF31184102383F3CA
:1081D0001288BFF36F8F01A9FFF718FD84F3118890
:1081E000BFF36F8F0198003818BF012002B010BD97
:1081F000704738B505460C460321A047002806DB2A
:1082000001212846A047002800DB002038BD10F1DE
:10821000860FFBD1F4E710B4846891FAA1F39BB107
:10822000B3FA83F35B004FF0030C0CFA03F324EA78
:10823000030391FAA1F149B1B1FA81F149008A40F1
:108240001343836010BC70472023EBE72021F5E740
:1082500010B4C46891FAA1F39BB1B3FA83F35B0045
:108260004FF0030C0CFA03F324EA030391FAA1F193
:1082700049B1B1FA81F149008A401343C36010BC8F
:1082800070472023EBE72021F5E708B5FFF7E0FF73
:1082900008BD10B4046A91FAA1F39BB1B3FA83F359
:1082A0009B004FF00F0C0CFA03F324EA030391FA3E
:1082B000A1F149B1B1FA81F189008A401343036207
:1082C00010BC70472023EBE72021F5E710B4446A87
:1082D000090A91FAA1F39BB1B3FA83F39B004FF023
:1082E0000F0C0CFA03F324EA030491FAA1F149B14B
:1082F000B1FA81F189008A401443446210BC70478E
:108300002023EBE72021F5E710B4046891FAA1F3EC
:108310009BB1B3FA83F35B004FF0030C0CFA03F349
:1083200024EA030391FAA1F149B1B1FA81F14900BC
:108330008A401343036010BC70472023EBE72021E1
:10834000F5E72DE9F8430F461546984643685E6801
:1083500001248C4002F03009C2F38013706820EAD7
:1083600004008B4018437060C2F3C11221463046AE
:10837000FFF751FFC5F3412221463046FFF785FF45
:10838000B9F1200F08D04FEA191221463046FFF705
:10839000BBFF0020BDE8F883072F05D842462146E1
:1083A0003046FFF776FFEEE7424621463046FFF7BC
:1083B0008DFFE8E7037813F0040F01D00020704729
:1083C0000368C3F34A2000EB1350173020F0070076
:1083D0008008704710B504460368DB6803B198470E
:1083E000636801229A7110BD002070470120704718
:1083F00008B520EAE073D9178A0042EA9372980020
:10840000C01841EB020100184941FDF72FFE08BDDD
:1084100008B500220023FFF75BFD08BD08B5FFF794
:108420008DFE08BD08B5FFF7CDFE08BD00B585B0CF
:1084300003910290002001900090034602460146FD
:10844000FAF7D6FA05B05DF804FB08B50120FAF793
:1084500015F808BD08B5FAF7B1F808BD08B5FFF77B
:10846000D1FDFAF75BF908BD0020704708B54368F5
:10847000DA7143681960436801225A71F9F7EEFF17
:1084800008BD91B170B514460D46536896689B1BA4
:108490008B420CD313680A4601469819F7F7DCFEA5
:1084A000A3682B44A360284670BD002070476FF07E
:1084B0001B00F9E770B588B10E461446194605460B
:1084C00033B11030C2F34A23120D1844F7F7C4FE3B
:1084D0002C606E602846FAF763F970BDF9F7CEFF9D
:1084E000FBE72DE9F04383B006460F4615461C46D0
:1084F00003F101094FEA890808F1170020F007008D
:108500008008FAF753F8002201928DF8049068B1C0
:1085100000F1140C019B0361964605E055F82E30DE
:108520004CF8043B0EF1010EA645F7D3002267F389
:10853000881268F3532200233146FFF7BBFF03B0D4
:10854000BDE8F08300B583B00192012301AAFFF7D3
:10855000C8FF03B05DF804FB00B583B0009201933F
:1085600002236A46FFF7BDFF03B05DF804FB00B5C8
:1085700085B001920293069B0393032301AAFFF7A0
:10858000B0FF05B05DF804FB08B5FAF785F908BD42
:108590002DE9F04180460768856843681C685E687D
:1085A00005E0324621462846B847241A0544002CE7
:1085B000F7D1D8F8043000221A60BDE8F08138B550
:1085C00005460C464B681A68CB689A420FD0636820
:1085D000BFF35B8F53E8002F511C43E800100028C5
:1085E000F8D1BFF35B8FA3689D54002038BD0846C7
:1085F000FFF7CEFFEBE738B504460D460A2805D055
:1086000029462046FFF7DBFF002038BD0D20FFF78D
:10861000D6FFF5E708B513460122FAF7A3FA08BD1D
:1086200008B513460022FAF79DFA08BD38B505468D
:108630000C4601F00101FFF7F3FF21462846FAF747
:1086400027FB38BD2DE9F04383B080460E46154622
:108650001F46DDF828902C46102D28BF1024CDF899
:1086600000903B46224631464046FAF725FB264419
:108670002D1BF0D103B0BDE8F0832DE9F04389B0A4
:1086800006460C469046D1F808900F88C7F382172B
:108690000878C0F3C2050846FAF700FA011E1BDA93
:1086A0000023214651F8105BC5F34A256288C2F3C6
:1086B0000B12481905B90021CDF8188005920490D5
:1086C0000391029700220192009249463046FAF740
:1086D00055FB09B0BDE8F0832846FAF7B7F8034622
:1086E000DFE72DE9F04180460768856843681C682C
:1086F0005E6805E0324621462846B847241A0544FC
:10870000002CF7D1D8F8043000221A60BDE8F081BF
:1087100043681B685B6899610020704743681B6869
:108720001A6852685360704708B543681B685A68F6
:10873000012111771868FFF7D4FF08BD08B5436819
:108740001B681868FAF760FB08BD38B50C4643682B
:108750001D686B689869F9F769FE03460F22214688
:108760002868984738BD08B5FEF726FA08BD08B551
:10877000F7F772FD08BD08B501460068FAF78AFCF4
:1087800008BD08B5FAF7A2FCFBF7CEF808BD00203B
:10879000704708B500231370CB1E092B1AD8DFE8E9
:1087A00003F005090D111919191919141146FAF7D1
:1087B00011FF12E00021FAF769FE0EE00021FAF73E
:1087C000DDFD0AE0FAF7F6FC07E01146FAF75CFD7A
:1087D000002002E0FAF766FD002008BD08B540B2AF
:1087E000FAF7EAFF08BD08B5013140B2FAF7F2FF27
:1087F00008BD08B500210120FAF74CFC08BD08B5FA
:10880000FBF726F808BD6FF08500704761B662B6C9
:1088100080F31188BFF36F8F704772B6002383F324
:108820001188BFF36F8FBFF34F8F30BF62B6BFF3B6
:108830006F8F704743685A1E134206D11F2B06D90B
:1088400003681A4205D000207047002070470020BE
:1088500070470120704700B585B00B6801934B68E5
:108860008A68202B12D9B3F1004F11D8013BB3FA1B
:1088700083F3C3F11F035B0003F03E031343039331
:1088800001A9FBF711F905B05DF804FB0823F5E732
:108890003E23F3E7F0B585B0054603A8FAF71EFBC3
:1088A0000646002435E0B3F1007F00F0B280B3F15A
:1088B000805F00F0C880B3F1807F29D157680958E4
:1088C0009368202B40F2A180B3F1004F00F29F800B
:1088D000013BB3FA83F3C3F11F035B0003F03E03D4
:1088E00043F0887300970191029307E0082343F057
:1088F000885343F430230097019102936946287806
:10890000FBF7D2F80028C0F2BA802B7801332B7025
:108910000134B44280F0B6802001039901EB0412C7
:10892000D3686FF31303B3F5000F54D0BBD8B3F57E
:10893000001F18D0B3F5800F31D0B3F5801FE7D1F9
:10894000576809589368202BD0D9B3F1004F08D845
:10895000013BB3FA83F3C3F11F035B0003F03E0353
:10896000C5E73E23C3E7576809589368202B12D9FF
:10897000B3F1004F11D8013BB3FA83F3C3F11F03E6
:108980005B0003F03E0343F0885343F40023009759
:1089900001910293B2E70823F5E73E23F3E7576816
:1089A00009589368202B12D9B3F1004F11D8013B1D
:1089B000B3FA83F3C3F11F035B0003F03E0343F0FC
:1089C000C06343F4003300970191029396E70823B4
:1089D000F5E73E23F3E7576809589368202B10D931
:1089E000B3F1004F0FD8013BB3FA83F3C3F11F0378
:1089F0005B0003F03E0343F0827300970191029302
:108A00007CE70823F7E73E23F5E7082368E73E23E2
:108A100066E7576809589368202B10D9B3F1004FC7
:108A20000FD8013BB3FA83F3C3F11F035B0003F0DC
:108A30003E0343F480230097019102935EE70823ED
:108A4000F7E73E23F5E7576809589368202B12D9BA
:108A5000B3F1004F11D8013BB3FA83F3C3F11F0305
:108A60005B0003F03E0343F0885343F40033009768
:108A70000191029342E70823F5E73E23F3E76FF005
:108A8000150000E0002005B0F0BD08B5FBF75CF86C
:108A900008BD08B5FBF762F808BD08B50B69496960
:108AA0009847002008BD08B5FBF7E8F8002008BD8E
:108AB00008B5FBF709F908BD08B506220121002019
:108AC000FBF752F9002211460620FFF78CFE072221
:108AD00001210846FBF748F9002211460720FFF75D
:108AE00082FE082201210220FBF73EF900221146F6
:108AF0000820FFF778FE092201210320FBF734F953
:108B0000002211460920FFF76EFE0A2201210420EF
:108B1000FBF72AF9002211460A20FFF764FE17220C
:108B200005210846FBF720F9002211461720FFF720
:108B30005AFE282206210A20FBF716F900221146C8
:108B40002820FFF750FE002008BD01F01F01012082
:108B50008840704708B50246084602F00303043314
:108B60009B000F21994041EA9201FBF733F908BDC0
:108B700008B500F0030304339B000F2202FA03F34D
:108B800043EA9000FBF742F908BD836813F0010F38
:108B900003D1836843F0010383600020704743687A
:108BA0001A68936843F0804393607047836813F0BA
:108BB000010F0ED0036813F0100F00D059B1836875
:108BC00023F001038360836813F0010FFBD10020C1
:108BD0007047002070476FF00F00704708B5D0F85D
:108BE000AC30C0F8B030D0F8A800FFF7D8FF08BD0F
:108BF00019B1D0F8B030C0F8AC307047FF2380F81E
:108C0000BE3080F8BF30704700B52C3001F4407C96
:108C10004FF4407393FAA3F3ABB1B3FA83F32CFA96
:108C200003FC50F82C3001F01F014FF01F0E0EFA1C
:108C300001FE23EA0E0302F01F028A40134340F8AC
:108C40002C305DF804FB2023E9E710B50C3001F06F
:108C5000007E4FF0007393FAA3F323B3B3FA83F3C8
:108C60002EFA03FE50F82E4001F0F8714FF0F87321
:108C700093FAA3F3CBB1B3FA83F321FA03F34FF0E2
:108C8000070C0CFA03F324EA030C4FF0F87393FA81
:108C9000A3F363B1B3FA83F3D9408A404CEA0202EA
:108CA00040F82E2010BD2023DAE72023E5E720231B
:108CB000F2E738B584460D4600F17C0E0C460FCC29
:108CC000AEE80F002368CEF800300023CCF87030F7
:108CD0002B6853B10CF190040FCB84E80F00CCF853
:108CE0007C400023ACF8A03018B96046FFF776FF4F
:108CF00038BD0023BFF35B8F5CE8002F4CE80031E8
:108D00000029F9D1BFF35B8F6046FBF7BDFAEFE7AF
:108D100090F878300BB10020704710B504465830F9
:108D20004FF0FF324FF0FF33FCF7A6FD00B1206794
:108D3000206F10BD70B504460E46154640304FF00A
:108D4000FF324FF0FF33FCF797FD84F878606567DA
:108D500070BD08B590F8783003B111B14030FCF720
:108D60004FFD08BD70B504460D46066919463046EC
:108D7000FFF7E0FF29462046FBF7C0FA044601460C
:108D80003046FFF7E6FF204670BD08B50123FFF728
:108D9000E9FF08BD08B500231A46FFF7E3FF08BD49
:108DA00008B5836C03B108BD4030FCF729FDFAE734
:108DB00000B583B001AA00F049FA002805DB019B49
:108DC00000221979186800F05AFA03B05DF804FB24
:108DD00008B5BFF35B8F50E8003F5A1C40E8002104
:108DE0000029F8D1BFF35B8F1BB16FF00F0303674E
:108DF00008BDFFF7F3FEFBE708B50838FFF7E8FF0B
:108E000008BD08B5002211461220FFF7ECFC122025
:108E1000FFF7E4FC08BD38B504460D46FFF7EEFE4B
:108E200094F8783033B905B1256704F15800FCF7A0
:108E3000E7FC38BD606F10B12946FDF731FD04F144
:108E40004000FCF7DDFCF4E710B50446C36FABB19E
:108E50000846D4F8943043B1B4F8A02004F17C0162
:108E60009847012814D0022805D0B4F8A030B4F8EF
:108E70009C20934207D3D4F890302BBB002120468E
:108E8000FFF7C9FF10BD0133A4F8A030002100E0B6
:108E900001212046FFF7ACFED4F890301BB92046E4
:108EA000FFF79CFEEEE7BFF35B8F54E8003F5A1ECE
:108EB00044E800210029F8D1BFF35B8F012BE1DDED
:108EC0002046FFF78BFEDDE704F10800FDF7B2FC5A
:108ED000D4E7B0FBF1F002FB00F0B0FBF3F0704719
:108EE000B0FBF1F070470B88C3F30B0303F57D6211
:108EF000C2F30B02782A15D882B003F1804303F540
:108F00000E334A68186802431A600B88C3F30B03D8
:108F100003F1804303F50E331B680193019B00208E
:108F200002B070476FF0850070470B88C3F30B03E6
:108F300003F57D62C2F30B02782A0AD803F180435D
:108F400003F50E3349681A6822EA01021A6000200C
:108F500070476FF08500704770B54C68C4F30445E6
:108F60000888C0F30B00FBF7CBFB002815DBA6B28B
:108F7000FF2C13D006F1804202F50E32C4F34151AA
:108F8000013101238B40013BAB40240EAC40116802
:108F900021EA03031C431460002070BD0020FCE79D
:108FA00008B50888C0F30B0000F57D63C3F30B031D
:108FB000782B0BD800F1804000F50E3002684B682A
:108FC000934301D0012008BD0220FCE7FBF798FB8A
:108FD00008B10120F7E70220F5E770474FF4800061
:108FE00070470B4639B11168196041688A4209D04F
:108FF0000023136070471368036041688A42F7D109
:109000004360F5E74360F3E708B50A4603680021CB
:1090100001E019461B682BB19342FAD1FFF7E1FF3B
:10902000012000E0002008BD70B504460D4616463C
:10903000036833B1FFF7E8FF70B91EB96FF0150090
:1090400006E032B123682B602560636843B10020DD
:1090500070BD6FF01500FBE7002EF3D10020F7E79D
:1090600065600020F4E770B50E461546016821B131
:109070000C683CB131B90C4604E00C4602E02346D2
:1090800021461C4671B18A682A4002D04B6830469E
:109090009847002CF3D02368002BF1D0002CEFD19F
:1090A0002346EDE770BD08B5024608690830FFF7B2
:1090B000DAFF08BD10F4003F14D010F0020F04D006
:1090C00010F0040F34D0502300E0102310F0100FE4
:1090D00002D043F4007312E010F0200F0FD043F4DD
:1090E00080630CE010F4803F08D010F0100F14D112
:1090F00010F0200303D04FF4806300E0302300F42D
:10910000C060B0F5806F10D0B0F5C06F08D0B0F57A
:10911000007F07D143F0800304E04FF40073EEE7D3
:1091200043F4C0730B600020704743F48073F9E789
:109130006FF08500704743685B681B690B60002017
:10914000704743685B68586942400A4042405A6130
:109150000020704743685B6899610020704743684E
:109160005B68090499610020704743685B685A692D
:10917000514059610020704708B500690830FFF779
:1091800053FF08BD38B504460D460846FFF7F0FC0E
:10919000A04200D038BD29462046FFF7D6FC044641
:1091A000FAF760FE2046FAF7B7FE00212046FAF7EC
:1091B00061FEEFE72DE9F04383B005460E46144605
:1091C000D0F8108001A91046FFF774FF074668BB6E
:1091D00014F4403914D0D8F8043023FA06F212F00F
:1091E000010F04D10122B2401343C8F8043014F433
:1091F000003F05D014F4002F1CD114F4802F1FD190
:109200000023019A31462846FFF79BF8B9F1000F79
:109210000CD1D8F8043023FA06F212F0010F05D071
:109220000122B24023EA0203C8F80430384603B0F2
:10923000BDE8F0830121B1402846FFF78BFFDFE74F
:109240000121B1402846FFF78AFFD9E700B503683E
:10925000136001E008331360136890F804C0D0F87D
:1092600000E00EEBCC0C634505D293F805C08C45AD
:10927000F0D1002001E06FF001005DF804FB2DE962
:10928000F84F80468A46002426461AE005F01F0261
:10929000102A25D0112A21D0C5F34420F8F77CFFED
:1092A000814698B3C5F3431B05F01F073B46324682
:1092B0005946FFF746F8002826DB112F12D001345B
:1092C000E4B254451FD208EBC40358F8345015F0EB
:1092D000100FDBD15E6846F02006DDE75E68DBE755
:1092E0003026D9E7D9F804305A6816F4006F04D054
:1092F000012303FA0BF39361E1E7012303FA0BF374
:109300001B049361DBE70020BDE8F88F6FF01200CB
:10931000FAE743681868C1F34B1301F01F01C35803
:10932000012000FA01F10B40003B18BF012313702C
:109330000020704710B443681C68C1F34B1001F063
:109340001F01235801228A4013432350002010BCE0
:10935000704710B443681C68C1F34B1001F01F0143
:10936000235801228A4023EA02032350002010BC24
:10937000704738B504460D46FFF7DCFF2946204606
:10938000FFF7E7FF002038BD08B58368DB680BB145
:10939000984708BD6FF05700FBE703691B681B681F
:1093A0000B6043681B68DB6803F4C063B3F5806F30
:1093B00004D0B3F5C06F11D1012300E002230B717B
:1093C00043681B681B6903F44053B3F5805F07D003
:1093D000B3F5405F06D0FBB9012304E00023EEE7BC
:1093E000002300E002234B7143681B68DA68DB68E6
:1093F00003F4C06312F4805F10D1A3B903238B710F
:1094000043681B685B6903F44073B3F5407F0CD07D
:109410000023CB71002070470323E4E70BB904233A
:10942000EDE70323EBE70223E9E70123F1E700B5CA
:1094300083B043681868036813F0080F05D0036809
:109440000193019B43680193019B036813F0200F74
:1094500004D09047002003B05DF804FB4FF0FF30CC
:10946000F9E710B543681868036813F0800FFBD064
:10947000EFF31184102383F31288BFF36F8F036817
:1094800013F0800F04D184F31188BFF36F8FEBE7E3
:10949000904784F31188BFF36F8F10BD43680B7042
:1094A0007047C9B24160704784B043681B68186850
:1094B00010F0080000D001201A6812F0010F01D04E
:1094C00040F002001A6812F0020F01D040F00400D0
:1094D0001A6812F0040F01D040F020001A6812F44C
:1094E000807F2AD040F008006FF480721A6010F07C
:1094F000010F05D01A680092009A5A680092009AEB
:1095000010F0020F05D01A680192019A5A68019270
:10951000019A10F0040F05D01A680292029A5A6854
:109520000292029A10F0200F05D01A680392039A53
:109530005B680393039B04B0704710F0080FD6D00C
:10954000D2E7F8B50C46476803691D680979012917
:1095500004D002290ED14FF4806301E04FF4C063C0
:109560006279012A08D0022A08D0002A4BD14FF490
:10957000805205E00023F3E7002201E04FF440525F
:10958000A679042E42D0002943D14FF0000CE17996
:10959000012941D00021A54241D03F68FE6806F470
:1095A000C06E734504D0FE6826F4C0663343FB608A
:1095B00043681E68336903F440539A4204D0336908
:1095C00023F440531A43326143681E68F36803F47E
:1095D00080539C4505D0F36823F480534CEA030381
:1095E000F36043681A68536903F44073994204D0E6
:1095F000536923F440730B43536121682B689942EC
:1096000028D10020F8BD4FF40052B9E74FF4805C38
:10961000BDE74FF4805CBAE74FF44071BBE73E68AA
:10962000F56825F4B05543EA0C032B43F360336926
:1096300023F440531343336143681A68536923F496
:1096400040730B4353612168FBF7FCF90028D9DB19
:109650000020D7E7FBF7F6F90028D3DB23682B605F
:109660000020CFE700B583B001AAFFF7EFFD002887
:1096700005DB019B002219791868FFF700FE03B093
:109680005DF804FB38B504464568FBF7C3F90028CC
:109690000BDB0021686AFFF7E5FF002805DB2046A9
:1096A000FBF726FB002800DB002038BD08B5EFF3F0
:1096B0001181102383F31288BFF36F8FFCF76CFFC7
:1096C00008BD00B9704738B50446FBF775FC054680
:1096D000542303FB04F4FBF76FFC401BA042FAD3B6
:1096E00038BD10B50446436993B19847024630B17E
:1096F00000280BDBFF2A00DDFF22E3681A70E16817
:109700004B7843F001034B70504210BD4242F1E7E9
:109710000022F4E760B1C3685A7812F0010F03D059
:109720001B781BB100207047002070470120704754
:1097300000207047EFF31183102383F31288BFF3E7
:109740006F8FFEE708B5EFF31183102383F31288C0
:10975000BFF36F8FFFF761F8F5E700BF70478842EE
:1097600000DA014611F1800F01DB084670476FF007
:109770007F00704708B5806890F90E308B4201D1A8
:10978000002008BDFCF7F0FAFBE75AB18A420CD37F
:109790008160C2600060406000F1100303614361BA
:1097A000002070476FF0150070476FF0150070478C
:1097B000F8B50546D31D23F007037F3323F03F039D
:1097C00001F14007A3F140063F2B07D8002282F3A6
:1097D0001188BFF36F8F0422104602DFCC18214698
:1097E0002846F9F78BFC073020F00700C5F8987081
:1097F000C5F89C60C5F8A000201AF8BDEFF30580FD
:10980000003818BF012070477830704710B400242A
:109810008460838102748173C4738461C46110BCE9
:109820007047F0B587B00446129E139D0027059738
:10983000109F04970F9F03970E9F02970D9F01970C
:109840000C9F0097FCF760F8B5F1FF3F08BFB6F139
:10985000FF3F02D1204607B0F0BD32462B462046DE
:10986000FCF732F8F6E70020704738B504460D469D
:10987000FCF748F9237C43F00203237425B3A56069
:109880002B689D4207D1002305E019466A68934280
:1098900015D01B687BB993B194F90E1093F90E2083
:1098A0009142F2D0521A002AEFDD5A6862602360BA
:1098B00014605C6008E00029EDD10B46EBE76B68B3
:1098C000256063601C606C6038BD70B50646046836
:1098D00084421AD0DCB16268236813605A600025A4
:1098E00025606560237C23F002032374A56004F1E6
:1098F000180000F023F9C4F8B0502046FCF7AAF88D
:109900003468A642E6D10024E4E70024E2E770BD13
:1099100070B5044616461D46FFF7A7FF32462B4694
:109920002046FCF7B1F970BD38B504460023EFF3CB
:109930001185102282F31288BFF36F8F04E085F344
:109940001188BFF36F8F012343B92046FFF78BFFC8
:109950000028F4D12046FCF77DF8F0E738BD00235D
:10996000EFF31181102282F31288BFF36F8F04E0AE
:1099700081F31188BFF36F8F01237BB98368002BBC
:10998000F6D04268036813605A60002303604360A6
:10999000027C22F0020202748360E9E7704708B596
:1099A000037C13F0280F13D183685BB1426803680E
:1099B00013605A60002303604360027C22F00202BD
:1099C00002748360037C23F004030374FCF742F801
:1099D00008BD38B5A0F118050023EFF3118410225B
:1099E00082F31288BFF36F8F07E02846FFF7D7FF97
:1099F00084F31188BFF36F8F0123002BF5D038BD9E
:109A000001460023EFF3118C102282F31288BFF37A
:109A10006F8F184605E000208CF31188BFF36F8F1D
:109A200001238BB908688142F5D00028F4D0426840
:109A3000036813605A60002303604360027C22F0D5
:109A4000020202748360E7E7704710B50446FFF72F
:109A500086FF04F1180000F071F810BD08B5FBF79F
:109A6000DFFF08BD031D4360836070472DE9F041AF
:109A70000546884617460023EFF31186102282F32D
:109A80001288BFF36F8F184604E086F31188BFF386
:109A90006F8F0123F3B92C68A542F6D0002CF4D0C7
:109AA000C4F8B08067616268236813605A6000235D
:109AB0002360636094F810C02CF0020C84F810C08E
:109AC000A36004F1180000F039F82046FBF7C2FF4C
:109AD0000120DAE7BDE8F08110B50446FCF7AAFCE6
:109AE00048B102460369416920691B18606941EB6E
:109AF0000001136151616268236813605A6000239A
:109B00002360636010BD10B50446FCF789FC78B192
:109B1000036942691B1B62EBE472B3F1004F72F1FF
:109B2000000108DA002A01DB184610BD0023FBE71C
:109B30006FF00040F9E76FF00040F6E72DE9F041E3
:109B400004460025EFF31187102383F31288BFF337
:109B50006F8F6FF0150014E0FCF778FCFFF7D3FF70
:109B60000021FBF777F9404606E022696369B3F10B
:109B7000004F08BF012A18D087F31188BFF36F8FF9
:109B80000125A846BDB92368002BEED0FCF748FCA0
:109B900006462046FFF7A0FF00224FF00043C4E92D
:109BA0000423A642D8D02846E6E700224FF000431F
:109BB000C4E90423E0E7BDE8F08108B5FCF74EFDF9
:109BC00008BD08B5FCF74AFD08BD016242620023EA
:109BD000036300F118028261C26103604360436362
:109BE000704708B160387047704738B50D468068D7
:109BF000FFF7F7FF037C13F0020F01D1002038BDFF
:109C00000446FFF722FF082D0AD00023C4F8B03025
:109C1000237C13F01F0FF1D12046FFF785FEEDE7FF
:109C20006FF00303F2E770B58468237873B154F8DA
:109C3000045C5DB1A4F1140604F11400FFF77EFF8B
:109C40000023E3623146284600F09CF8002070BDF6
:109C500070B504460D468668D6B17378012B0DD0D9
:109C6000022B12D0002030700023A360E368C3F3FE
:109C700086322A4362F39433E36070BDFFF7B5FF89
:109C8000002333709842EFDAF7E7FFF7CCFFF7E7EE
:109C90000020E9E738B5EFF31185102383F312882C
:109CA000BFF36F8F0468A04211D06268236813600D
:109CB0005A600023236063602046FFF7C9FF85F3E5
:109CC0001188BFF36F8F201E18BF012038BD0024FC
:109CD000F5E700BF002070470B4639B111681960E5
:109CE00041688A4209D000231360704713680360FB
:109CF00041688A42F7D14360F5E74360F3E730B14A
:109D000008B500221146C430FFF7B0FE08BD0020A0
:109D1000704770B50D46C36813F0020F22D1044698
:109D200013F0040F23D10B68ABB1E36813F0010FFC
:109D300014D0A3682B60022621462868FCF7F6FDA4
:109D4000002811DBE36843F00403E3602B68A360A1
:109D500036B130460AE083680B60E6E70126EBE7A0
:109D6000304601E06FF00F0000232B6070BD002033
:109D7000FAE708B5C36823F01003C3601030FBF79F
:109D80003FFD08BD10B582B001900846EFF3118485
:109D9000102383F31288BFF36F8F01A9FFF7B9FF78
:0C9DA00084F31188BFF36F8F02B010BD78
:089DAC00DA66FF7F01000000F0
:109DB400000000005C9E0008212100080000000053
:109DC40000000000789E000800000000589F000872
:109DD400000000003C9F000800000000209F0008D5
:109DE40000000000749F000800000000049F0008A9
:109DF40000000000E89E000800000000CC9E00085F
:109E040000000000B09E000800000000949E0008BE
:109E1400B98A00080000000000000000909F0008BC
:109E240000000000AC9F0008794800080000000012
:109E3400B94D000800000000D12300080000000014
:109E4400A53C0008000000000169000800000000B3
:089E540000000000C89F000897
:109E5C005CB20008000000009CA300083001002048
:109E6C000000000025470008000000006CB200084C
:109E7C00B8B700088CA300083201002000000000D5
:109E8C000000000000000000F8A8000898B40008CA
:109E9C0068A300081C010020580F0020892100082D
:109EAC000000000008A90008ACB4000868A3000872
:109EBC001E010020680F002089210008000000000E
:109ECC0018A90008C0B4000868A3000820010020ED
:109EDC00780F0020892100080000000028A9000844
:109EEC00D4B4000868A3000822010020880F0020C9
:109EFC00892100080000000038A90008E8B4000817
:109F0C0068A3000824010020980F00208921000874
:109F1C000000000048A90008FCB4000868A3000871
:109F2C0026010020A80F0020892100080000000055
:109F3C0058A9000810B5000868A3000828010020E3
:109F4C00B80F0020892100080000000068A9000853
:109F5C0024B5000868A300082A010020C80F0020BF
:109F6C00892100080000000068AF00080000000014
:109F7C00000000002C01002000000000B18A000845
:109F8C000000000004B30008BCB70008B8A3000828
:109F9C0034010020F000002085960008000000002D
:109FAC0014B300080CB80008B8A300083601002050
:109FBC00FC000020859600080000000040B200085C
:109FCC00BCB6000858A300082E0100200000002099
:089FDC002D4400080000000004
:109FE40000000000F387000800000000F387000869
:109FF40000000000F387000800000000F387000859
:10A0040000000000F387000800000000F387000848
:10A014008CB600088D3D000888B600088D3D000808
:10A0240084B600088D3D000880B600088D3D000808
:10A034007CB600088D3D000800000000F38700088E
:10A0440000000000F387000800000000F387000808
:10A0540000000000F387000800000000F3870008F8
:10A0640000000000F387000800000000F3870008E8
:10A0740000000000F144000800000000F38700081D
:10A0840000000000F387000800000000F3870008C8
:10A0940000000000F387000878B600088D3D000832
:10A0A40000000000F387000800000000F3870008A8
:10A0B40000000000F387000800000000F387000898
:10A0C40000000000F387000800000000F387000888
:10A0D40000000000F387000800000000F387000878
:10A0E40000000000F387000800000000F387000868
:10A0F40000000000F387000800000000F387000858
:10A1040000000000F387000800000000F387000847
:10A1140000000000F387000800000000F387000837
:10A1240074B600088D3D000800000000F3870008A5
:10A1340000000000F387000800000000F387000817
:10A1440000000000F387000800000000F387000807
:10A1540000000000F387000800000000F3870008F7
:10A1640000000000F387000800000000F3870008E7
:10A1740000000000F387000800000000F3870008D7
:10A1840000000000F387000800000000F3870008C7
:10A1940000000000F387000800000000F3870008B7
:10A1A40000000000F387000800000000F3870008A7
:10A1B40000000000F387000800000000F387000897
:10A1C40000000000F387000800000000F387000887
:10A1D40000000000F387000800000000F387000877
:10A1E40000000000F387000800000000F387000867
:10A1F40000000000F387000800000000F387000857
:10A2040000000000F387000800000000F387000846
:10A2140000000000F387000800000000F387000836
:10A2240000000000F387000800000000F387000826
:10A2380008040020C015002000020000850B00085B
:10A248000000000000000000000000000100000005
:10A2580000000000ECA7000800000000000000005B
:10A2680078050020401A0020000200002508000898
:10A2780000000000000000000000000003000000D3
:10A288000000000004A80008000000000000000012
:10A29800500300208013002000020000AD090008D0
:10A2A80000000000000000000000000004000000A2
:10A2B80000000000E0A70008000000000000000007
:10A2C8009802002040110020000200004507000805
:10A2D8000000000000000000000000000600000070
:10A2E80000000000D4A700080000000000000000E3
:10A2F80030060020801C002000020000E90E000843
:10A308000000000000000000000000000500000040
:10A318000000000010A80008000000000000000075
:10A32800C00400200018002000020000A108000856
:10A338000000000000000000000000000200000013
:10A3480000000000F8A7000800000000000000005E
:10A3580001420008958D00088B8D0008E40C000070
:10A36800B5910008379100084391000855910008FD
:10A378005F9100086B9100089548000879910008E2
:04A3880000000000D1
:10A38C001393000835930008539300087393000847
:10A39C00E78E00082B8F00080000000071450008B4
:0CA3AC00A18F000800000000598F00087D
:10A3B800F5490008054A0008A9940008C14B00089F
:04A3C8009B9300085B
:10A3CC0050B2000803000000D8A8000803000000E9
:10A3DC0088AF00080300000094A9000803000000E7
:10A3EC0098A9000803000000C0AA000803000000A0
:10A3FC00ECAE0008030000001CB4000803000000D1
:10A40C002CA800080300000054B200080300000050
:10A41C0078A9000803000000ECA800080300000065
:08A42C0024B300080300000046
:10A434002CB60008C8000020ACAA000801000000E7
:10A44400040000000F0000000100000008000000EC
:10A4540020000000640000007400000010000000F0
:10A464000C0000000E000000500000007800000006
:10A47400AC000000FFFFFFFFFFFFFFFFFFFFFFFF38
:04A48400FFFFFFFFD8
:08A488000100000000000000CB
:10A4900044000000004000006572726F7220616C21
:10A4A000206C6565720000006572726F7220616CCD
:10A4B00020696E6963696172207472616E73666F80
:10A4C000726D617200000000566F6C74616A6520E5
:10A4D0006C6569646F3A202564206D560A0000009F
:10A4E000426F746F6E2025642070726573696F6EA1
:10A4F00061646F0A000000004A7565676F2064653B
:10A50000207265616363696F6E20696E696369615A
:10A51000646F2E20457370657261206120717565CE
:10A5200020736520656E6369656E646120656C20CB
:10A530004C45442E2E2E0A0009636F6E76657273A9
:10A54000696F6E20726573756C74206973206F7506
:10A5500074206F662072616E67650A004D656E75C6
:10A56000206465206F7063696F6E65733A0A00003E
:10A57000312920416A7573746172206272696C6C52
:10A580006F2028302D37290A000000003229207260
:10A59000656D6F7374726172206D656E73616A654B
:10A5A000206465206269656E76656E6964610A0083
:10A5B0003329206C65657220626F746F6E6573203D
:10A5C00079206D6F737472617220656E2064697397
:10A5D000706C61790A0000003429206A7565676F24
:10A5E000206465207265616363696F6E20636F6EBE
:10A5F00020626F746F6E65732079206C6564730AD6
:10A60000000000006272696C6C6F20616A7573747F
:10A6100061646F20612025640A00000053616C6949
:10A62000656E646F206465206C612066756E636979
:10A630006F6E206D6F73747261725F626F746F6E94
:10A640000A000000496E696369616E646F20646589
:10A650006D6F20646520544D313633382E2E2E0A0E
:10A6600000000000414443206E6F20657374612038
:10A670006C6973746F000000414443206E6F206367
:10A680006F6E666967757261646F0000416E746514
:10A690007320646520696E69740A000044657370F4
:10A6A00075657320646520696E6974207265743DF8
:10A6B00025640A0072657420646566696E69646F5A
:10A6C0000A0000004572726F7220616C20696E6929
:10A6D0006369616C697A617220656C20544D313612
:10A6E000333820287265743D2564290A0000000073
:10A6F00070726F63657361646F0A00006272696CE7
:10A700006C6F2065737461626C656369646F0A00C5
:10A7100031323334353637380A000000736574201F
:10A7200064696769740A00006C6564206F6E0A00D2
:10A730006C65646F660A00007365746C65640A007A
:10A74000736574646973706C61790A00636C656128
:10A75000726C65640A000000313233340A00000074
:10A760006C65646F6E0A0000636C65617220616CD9
:10A770006C0A000044656D6F20696E696369616CE5
:10A78000207465726D696E6164612E20507265730C
:10A79000696F6E61206C6F7320626F746F6E65738A
:10A7A0002064656C206D6F64756C6F2E2E2E0A0010
:10A7B0006C65657220766F6C74616A650A000000D2
:10A7C0004F7063696F6E20696E76616C6964610AAF
:10A7D000000000006C6565725F766F6C0000000021
:10A7E0006A7565676F5F6964000000006175746F6A
:10A7F00066616E5F696400007469656D706F5F69A2
:10A8000064000000626F746F6E65735F69640000BE
:10A810006D61696E5F696400410A0000420A0000D0
:10A82000430A0000440A0000450A00006F735F6895
:10A830006561700028756E7369676E6564292063B1
:10A84000686172202A207573656420666F72202506
:10A85000257020617267756D656E742E20497427AE
:10A8600073207265636F6D6D656E64656420746FCF
:10A87000206361737420697420746F20766F69643B
:10A88000202A2062656361757365206974206D619B
:10A8900079206361757365206D697362656861769F
:10A8A000696F7220696E206365727461696E2063DE
:10A8B0006F6E66696775726174696F6E732E20536F
:10A8C0007472696E673A2225732220617267756D12
:10A8D000656E743A2564000063627072696E746616
:10A8E0005F7061636B616765000000007379735F7F
:10A8F0006765746F707400006770696F4034303042
:10A9000032316330300000006770696F403430309E
:10A9100032313830300000006770696F40343030B9
:10A9200032313430300000006770696F40343030AD
:10A9300032313030300000006770696F40343030A1
:10A9400032306330300000006770696F403430305F
:10A9500032303830300000006770696F403430307A
:10A9600032303430300000006770696F403430306E
:10A97000323030303000000073746D33325F62610A
:10A98000636B75705F646F6D61696E006C6F676794
:10A99000696E67006C6F67006C6F675F6D676D74E1
:10A9A000000000004D6573736167652028222573E0
:10A9B00022292064726F707065642062656361751E
:10A9C00073652069742065786365656473207369B5
:10A9D0007A65206C696D69746174696F6E202825D1
:10A9E000752900004D6573736167652064726F702F
:10A9F00070656420626563617573652069742065A4
:10AA00007863656564732073697A65206C696D6924
:10AA1000746174696F6E2028257529005B253038B4
:10AA20006C755D20000000005B253032753A2530E2
:10AA300032753A253032752E253033752C2530335A
:10AA4000755D20001B5B306D000000002573000069
:10AA500025732E0025733A20000000003C25733E2C
:10AA60002000000025732F00257320000A0000003D
:10AA70000D0A000020000000253032782000000080
:10AA8000202020007C000000256300001B5B313B80
:10AA900033316D001B5B313B33336D0065727200E7
:10AAA00077726E00696E6600646267006C6F675F44
:10AAB0006261636B656E645F7561727400000000B3
:10AAC0006C6F675F756172740000000072302F61F7
:10AAD000313A2020307825303878202072312F61AB
:10AAE000323A2020307825303878202072322F6199
:10AAF000333A2020307825303878000072332F61C7
:10AB0000343A2020307825303878207231322F695D
:10AB1000703A2020307825303878207231342F6C0C
:10AB2000723A202030782530387800002078707311
:10AB3000723A202030782530387800004661756CF4
:10AB400074696E6720696E737472756374696F6E71
:10AB5000206164647265737320287231352F7063CD
:10AB6000293A20307825303878000000556E686129
:10AB70006E646C6564204952516E3A202564000071
:10AB8000535053454C20696E20746872656164208F
:10AB90006D6F646520646F6573206E6F7420696EDD
:10ABA0006469636174652050535000002A2A2A2A80
:10ABB0002A205553414745204641554C54202A2AC6
:10ABC0002A2A2A0020204469766973696F6E206200
:10ABD00079207A65726F00002020556E616C69677C
:10ABE0006E6564206D656D6F727920616363657356
:10ABF0007300000020204E6F20636F70726F6365DA
:10AC000073736F7220696E737472756374696F6E9B
:10AC1000730000002020496C6C6567616C206C6FCC
:10AC20006164206F66204558435F52455455524E2B
:10AC300020696E746F205043000000002020496C92
:10AC40006C6567616C20757365206F66207468653C
:10AC500020455053520000002020417474656D70EF
:10AC60007420746F206578656375746520756E64F3
:10AC70006566696E656420696E7374727563746964
:10AC80006F6E00002A2A2A2A2A20446562756720EE
:10AC90006D6F6E69746F7220657863657074696F2B
:10ACA0006E202A2A2A2A2A00526573657276656404
:10ACB00020457863657074696F6E2028000000007D
:10ACC00053707572696F757320696E7465727275F1
:10ACD0007074202849525120000000002A2A2A2A94
:10ACE0002A20257320256429202A2A2A2A2A0000BE
:10ACF0002A2A2A2A2A20425553204641554C5420BC
:10AD00002A2A2A2A2A0000002020537461636B69D2
:10AD10006E67206572726F72000000002020556E11
:10AD2000737461636B696E67206572726F72000085
:10AD300020205072656369736520646174612062CC
:10AD40007573206572726F72000000002020424609
:10AD5000415220416464726573733A2030782578DB
:10AD6000000000002020496D7072656369736520E2
:10AD70006461746120627573206572726F72000085
:10AD80002020496E737472756374696F6E206275EA
:10AD900073206572726F72002020466C6F61746957
:10ADA0006E672D706F696E74206C617A7920737490
:10ADB00061746520707265736572766174696F6E17
:10ADC000206572726F7200002A2A2A2A2A204D50AA
:10ADD00055204641554C54202A2A2A2A2A00000090
:10ADE0002020537461636B696E67206572726F72A5
:10ADF0002028636F6E746578742061726561206DC0
:10AE000069676874206265206E6F742076616C6972
:10AE100064290000202044617461204163636573EC
:10AE2000732056696F6C6174696F6E0020204D4D00
:10AE300046415220416464726573733A203078252C
:10AE4000780000002020496E737472756374696F16
:10AE50006E204163636573732056696F6C6174691A
:10AE60006F6E00002A2A2A2A2A204841524420468E
:10AE700041554C54202A2A2A2A2A000020204275B3
:10AE800073206661756C74206F6E20766563746FD5
:10AE900072207461626C652072656164000000005C
:10AEA00020204465627567206576656E7400000039
:10AEB00020204661756C7420657363616C617469F0
:10AEC0006F6E20287365652062656C6F77290000BE
:10AED000415243485F455843455054207769746850
:10AEE00020726561736F6E2025780A006D707500A1
:10AEF0004661696C656420746F20616C6C6F63617E
:10AF00007465206E6577204D505520726567696FB6
:10AF10006E2025750A000000506172746974696FB3
:10AF20006E2025753A20636F686572656E636520D3
:10AF3000636865636B206661696C65642E00000060
:10AF4000464C4153485F30005352414D5F30000042
:10AF5000496E76616C6964206C696E65206E756DF2
:10AF60006265722025750000696E74657272757075
:10AF7000742D636F6E74726F6C6C65724034303018
:10AF80003133633030000000657874695F73746D2D
:10AF90003332000050726F766964656420627566B2
:10AFA00066657220697320746F6F20736D616C6CBD
:10AFB000202825752F25752900000000496E76612F
:10AFC0006C6964207265736F6C7574696F6E0000D4
:10AFD0004163717569736974696F6E2074696D6519
:10AFE00020657870656374656420696E2074696398
:10AFF0006B73206F6E6C790053616D706C696E6756
:10B000002074696D652076616C7565206E6F7420A3
:10B01000737570706F727465642E00004E756D628A
:10B020006572206F6620636F6D6D6F6E2073616D4A
:10B03000706C696E672074696D65206368616E6EFF
:10B04000656C73206E6F7420737570706F727465A9
:10B0500064000000446966666572656E7469616CBF
:10B06000206368616E6E656C73206E6F74207375FB
:10B0700070706F72746564206F6E207468697320DD
:10B0800041444300496E76616C6964206368616E77
:10B090006E656C206761696E00000000496E766124
:10B0A0006C6964206368616E6E656C2072656665AC
:10B0B00072656E6365000000496E76616C6964209C
:10B0C00073616D706C696E672074696D6500000056
:10B0D0004E6F206368616E6E656C732073656C657E
:10B0E0006374656400000000546F6F206D616E79B9
:10B0F000206368616E6E656C7320666F7220736585
:10B100007175656E6365722E204D61783A202564F5
:10B11000000000004572726F722073657474696E6E
:10B12000672074686520414443207265736F6C75B5
:10B1300074696F6E000000004572726F7220736553
:10B140007474696E67207468652041444320736598
:10B150007175656E63657200414443206275666671
:10B160006572206572726F72000000004F76657222
:10B1700073616D706C696E67206E6F74207375708B
:10B18000706F72746564000043616C69627261740F
:10B19000696F6E206E6F7420737570706F72746556
:10B1A000640000004144432070696E6374726C2037
:10B1B0007365747570206661696C65642028256408
:10B1C00029000000414443206F76657272756E203D
:10B1D0006572726F72206F636375727265642E2080
:10B1E00055736520444D412C20726564756365205C
:10B1F000636C6F636B20736F757263652066726535
:10B200007175656E63792C20696E63726561736513
:10B21000207072657363616C65722076616C756510
:10B22000206F7220696E6372656173652073616D52
:10B23000706C696E672074696D65732E0000000084
:10B24000616463403430303132303030000000000F
:10B250006164635F73746D33320000007263634036
:10B26000343030323338303000000000726573659E
:10B27000742D636F6E74726F6C6C657200000000E9
:10B28000436F756C64206E6F7420656E61626C65CF
:10B2900020284C50295541525420636C6F636B0039
:10B2A0004661696C65642063616C6C20636C6F63DC
:10B2B0006B5F636F6E74726F6C5F6765745F7261F2
:10B2C00074652870636C6B656E5B305D29000000EF
:10B2D000556E61626C6520746F20736574202573F0
:10B2E00020746F2025640000726573657420636F9D
:10B2F0006E74726F6C6C6572206E6F742072656113
:10B300006479000073657269616C403430303034A8
:10B310003430300073657269616C403430303131E3
:10B3200030303000756172745F73746D33320000B9
:10B3300043505520657863657074696F6E00000036
:10B34000556E68616E646C656420696E74657272B6
:10B3500075707400537461636B206F766572666CF0
:10B360006F7700004B65726E656C206F6F707300B5
:10B370004B65726E656C2070616E69630000000041
:10B38000556E6B6E6F776E206572726F7200000083
:10B39000756E6B6E6F776E0048616C74696E6720B6
:10B3A00073797374656D00003E3E3E205A455048E7
:10B3B000595220464154414C204552524F5220256B
:10B3C000643A202573206F6E204350552025640079
:10B3D0004661756C7420647572696E6720696E745D
:10B3E0006572727570742068616E646C696E670A4C
:10B3F0000000000043757272656E74207468726597
:10B4000061643A20257020282573290069646C65E1
:10B41000000000006D61696E000000006F730000A5
:10B420002A2A2A20426F6F74696E67205A657068F5
:10B430007972204F53206275696C642076342E3403
:10B440002E32202A2A2A0A00737973776F726B7161
:10B4500000000000286E756C6C2900002A666C6F75
:10B4600061742A00C89F00080001090428400000F8
:10B47000E40C0C00589F0008080000003C9F0008E6
:10B4800005000000589F00080A0000003F065B4FBF
:10B49000666D7D077F6F0000FFFF0000001C02400B
:10B4A000070000003000000080000000FFFF0000E7
:10B4B00000180240060000003000000040000000BC
:10B4C000FFFF0000001402400500000030000000F3
:10B4D00020000000FFFF00000010024004000000F8
:10B4E0003000000010000000FFFF0000000C0240D0
:10B4F000030000003000000008000000FFFF000013
:10B5000000080240020000003000000004000000BB
:10B51000FFFF0000000402400100000030000000B6
:10B5200002000000FFFF00000000024000000000D9
:10B530003000000001000000589F00083C9F0008F8
:10B54000209F0008049F0008E89E0008CC9E000889
:10B55000B09E0008949E000800000000000000005B
:10B5600000000000000000000000000000000000DB
:10B5700000000000000000000000000000000000CB
:10B5800000000000000000000000000000000000BB
:10B5900000000000000000000000000000000000AB
:10B5A000E0070020000100004B840008B58300087C
:10B5B000020000007B860008000000000000000080
:10B5C00000000000206D657373616765732064720D
:10B5D0006F70706564202D2D2D0D0A1B5B306D0082
:10B5E0001B5B313B33316D2D2D2D20000000000001
:10B5F0008CAA000894AA00080000000000000000C7
:10B60000000000009CAA0008A0AA0008A4AA000844
:10B61000A8AA00081CB60008F80F0020B92E0008E0
:10B620001810002024100020010000004B870008A3
:10B630003D870008298700081D87000800000000DA
:10B64000118700080000000000000020000000003A
:10B6500000000B06020000005CB6000800000008B5
:10B6600040AF0008240002060000002048AF000898
:10B6700020000B110A06000005050000040100006F
:10B6800003010000020100000101000000010000B0
:10B69000060105010401070203010502020103027C
:10B6A0000504010101020103010401060108010C66
:10B6B000011001180120014001800000002001401C
:10B6C000038E00084400000000010000000000009C
:10B6D000000000000000000000000000000000006A
:10B6E00018B7000814B7000804B7000803000F00DB
:10B6F0001C003800540070009000E00104000100BC
:10B7000000400000000000000000000100000002F6
:10B71000000000030C0A080620B700080100000022
:10B7200028B7000802000000100000000000000020
:10B7300030000000000000000000000000001000C9
:10B740000000200000003000000040000000500019
:10B750000000600000007000000080000000900009
:10B760000000A0000000B0000000C0000000D000F9
:10B770000000E0000000F0000002000005020000F0
:10B780000A0200000F02000014020000190200006B
:10B7900000010000050100000A0100000F01000087
:10B7A0001401000019010000000000000500000065
:10B7B0000A0000000F000000003802400044004072
:10B7C0005C9E0008789E000811040000E4B70008A1
:10B7D0000100000000000000000000000000000068
:10B7E000ECB700084000000000000200F4B70008B9
:10B7F00001000000FCB70008020000004700000044
:10B80000000200006700000000000000001001407E
:10B810005C9E0008789E00088404000034B800088C
:10B820000100000000000000000000000000000017
:10B830003CB80008440000001000000044B80008B4
:10B84000010000004CB8000802000000C702000020
:10B8500000020000E70200000000000000000000FD
:10B86000000000000102030406070809B49D000857
:10B87000B49D0008349E00083C9E00085C9E0008B1
:10B880005C9E000848B400080001000000000000B1
:10B8900000000000000000000000000000000000A8
:10B8A0000000000000000000000000000000000098
:10B8B0000000000000000000000000000000000088
:10B8C0000000000000000000000000000000000078
:10B8D0000000000000000000000000000000000068
:10B8E0000000000000000000000000000000000058
:10B8F0000000000000000000000000000000000048
:10B900000000000000000000000000000000000037
:10B9100020202020202020202028282828282020FF
:10B920002020202020202020202020202020202017
:10B93000881010101010101010101010101010108F
:10B94000040404040404040404041010101010106F
:10B950001041414141414101010101010101010148
:10B96000010101010101010101010110101010107C
:10B970001042424242424202020202020202020219
:10B980000202020202020202020202101010102041
:10B9900000000000000000000000000000000000A7
:10B9A0000000000000000000000000000000000097
:10B9B0000000000000000000000000000000000087
:10B9C0000000000000000000000000000000000077
:10B9D0000000000000000000000000000000000067
:10B9E0000000000000000000000000000000000057
:10B9F0000000000000000000000000000000000047
:10BA00000000000000000000000000000000000036
:10BA10000000000000000000000000000000000026
:10BA20009D6600080000000000000000000000000B
:10BA30002000002020000020F98D000800000000F8
:10BA400000000000000000000000000000000000F6
:10BA50004000002040000020000000000100000025
:10BA60005000002050000020580000205800002006
:10BA700000000000010000006800002068000020B5
:10BA800000000000000000000000000000000000B6
:10BA900000000000000000000000000000000000A6
:10BAA0000000000000000000000000000000000096
:10BAB0000000000000000000000000000000000086
:10BAC0000000000000000000000000000000000076
:10BAD000A17B0008E983000814B6000800000000FC
:10BAE00000000000A78A000800000000000000001D
:10BAF000FFFFFFFFFFFFFFFFFFFFFFFFFFFFFFFF56
:10BB0000F400002000C20100000103000001002039
:10BB100000C20100000103000024F400C80000007E
:09BB2000100100201001002001B9
:10BB2900000000000000000000000000000000000C
:0FBB3900000000000000000000000000000000FD
:10BB480000000000000000000000000000000000ED
:10BB580000000000000000000000000000000000DD
:10BB680000000000000000000000000000000000CD
:10BB780000000000000000000000000000000000BD
:04BB880000000000B9
:10BB8C007C0100207C01002000000000000000006F
:04BB9C000E00000097
:10BBA0009001002090010020000000000100000032
:10BBB000A0010020A0010020A8010020A801002071
:10BBC0000000000001000000B8010020B8010020C2
:10BBD000C0010020C00100200000000001000000A2
:10BBE000D0010020D0010020D8010020D801002081
:10BBF0000000000001000000E8010020E801002032
:10BC0000F0010020F0010020000000000100000011
:10BC1000000200200002002008020020080200208C
:10BC2000000000000100000018020020180200209F
:10BC3000200200202002002000000000010000007F
:10BC4000300200203002002038020020380200209C
:10BC5000000000000100000048020020480200200F
:10BC600050020020500200200000000001000000EF
:10BC700060020020600200206802002068020020AC
:10BC8000000000000100000078020020780200207F
:10BC9000800200208002002000000000010000005F
:08BCA000900200209002002038
:04BCA80015E015E0AE
:040000050800375563
:00000001FF
